timestamp,cycle_sec,timestep,speed_mph,accel_meters_ps
2012-09-05 08:05:23,0,48691,0.0,0.0
2012-09-05 08:05:24,1,1,2.44295634921,2.44295634921
2012-09-05 08:05:25,2,1,3.92619047619,1.48323412698
2012-09-05 08:05:26,3,1,4.96227678571,1.03608630952
2012-09-05 08:05:27,4,1,5.26555059524,0.303273809524
2012-09-05 08:05:28,5,1,5.11421130952,-0.151339285714
2012-09-05 08:05:29,6,1,5.0730406746,-0.0411706349206
2012-09-05 08:05:30,7,1,5.67643849206,0.60339781746
2012-09-05 08:05:31,8,1,7.18452380952,1.50808531746
2012-09-05 08:05:32,9,1,9.53244047619,2.34791666667
2012-09-05 08:05:33,10,1,12.4353422619,2.90290178571
2012-09-05 08:05:34,11,1,15.5037202381,3.06837797619
2012-09-05 08:05:35,12,1,18.3656746032,2.86195436508
2012-09-05 08:05:36,13,1,20.7663938492,2.40071924603
2012-09-05 08:05:37,14,1,22.5724702381,1.80607638889
2012-09-05 08:05:38,15,1,23.7558035714,1.18333333333
2012-09-05 08:05:39,16,1,24.4040178571,0.648214285714
2012-09-05 08:05:40,17,1,24.6930059524,0.288988095238
2012-09-05 08:05:41,18,1,24.8093005952,0.116294642857
2012-09-05 08:05:42,19,1,24.8655505952,0.05625
2012-09-05 08:05:43,20,1,24.8660714286,0.000520833333297
2012-09-05 08:05:44,21,1,24.7552827381,-0.110788690476
2012-09-05 08:05:45,22,1,24.4939732143,-0.26130952381
2012-09-05 08:05:46,23,1,24.0901785714,-0.403794642857
2012-09-05 08:05:47,24,1,23.5676339286,-0.522544642857
2012-09-05 08:05:48,25,1,22.8898065476,-0.677827380952
2012-09-05 08:05:49,26,1,21.903125,-0.986681547619
2012-09-05 08:05:50,27,1,20.3713541667,-1.53177083333
2012-09-05 08:05:51,28,1,18.0896577381,-2.28169642857
2012-09-05 08:05:52,29,1,15.0334077381,-3.05625
2012-09-05 08:05:53,30,1,11.500014881,-3.53339285714
2012-09-05 08:05:54,31,1,8.09261904762,-3.40739583333
2012-09-05 08:05:55,32,1,5.43080357143,-2.66181547619
2012-09-05 08:05:56,33,1,3.80449404762,-1.62630952381
2012-09-05 08:05:57,34,1,3.07886904762,-0.725625
2012-09-05 08:05:58,35,1,2.86177083333,-0.217098214286
2012-09-05 08:05:59,36,1,2.7752827381,-0.0864880952381
2012-09-05 08:06:00,37,1,2.70138392857,-0.0738988095238
2012-09-05 08:06:01,38,1,2.86959821429,0.168214285714
2012-09-05 08:06:02,39,1,3.70529761905,0.835699404762
2012-09-05 08:06:03,40,1,5.53956845238,1.83427083333
2012-09-05 08:06:04,41,1,8.3828125,2.84324404762
2012-09-05 08:06:05,42,1,11.8747470238,3.49193452381
2012-09-05 08:06:06,43,1,15.4549107143,3.58016369048
2012-09-05 08:06:07,44,1,18.675014881,3.22010416667
2012-09-05 08:06:08,45,1,21.3533333333,2.67831845238
2012-09-05 08:06:09,46,1,23.4542410714,2.1009077381
2012-09-05 08:06:10,47,1,24.9558779762,1.50163690476
2012-09-05 08:06:11,48,1,25.8593005952,0.903422619048
2012-09-05 08:06:12,49,1,26.235639881,0.376339285714
2012-09-05 08:06:13,50,1,26.2351934524,-0.000446428571401
2012-09-05 08:06:14,51,1,26.0505952381,-0.184598214286
2012-09-05 08:06:15,52,1,25.8459077381,-0.2046875
2012-09-05 08:06:16,53,1,25.6976934524,-0.148214285714
2012-09-05 08:06:17,54,1,25.5944940476,-0.103199404762
2012-09-05 08:06:18,55,1,25.497172619,-0.0973214285715
2012-09-05 08:06:19,56,1,25.4077380952,-0.0894345238095
2012-09-05 08:06:20,57,1,25.3878720238,-0.0198660714286
2012-09-05 08:06:21,58,1,25.5175595238,0.1296875
2012-09-05 08:06:22,59,1,25.8299107143,0.312351190476
2012-09-05 08:06:23,60,1,26.2764880952,0.446577380952
2012-09-05 08:06:24,61,1,26.751860119,0.475372023809
2012-09-05 08:06:25,62,1,27.1479166667,0.396056547619
2012-09-05 08:06:26,63,1,27.3917410714,0.243824404762
2012-09-05 08:06:27,64,1,27.4537202381,0.0619791666666
2012-09-05 08:06:28,65,1,27.3319940476,-0.121726190476
2012-09-05 08:06:29,66,1,27.0146577381,-0.317336309524
2012-09-05 08:06:30,67,1,26.4269345238,-0.587723214286
2012-09-05 08:06:31,68,1,25.4053571429,-1.02157738095
2012-09-05 08:06:32,69,1,23.7552083333,-1.65014880952
2012-09-05 08:06:33,70,1,21.3616071429,-2.39360119048
2012-09-05 08:06:34,71,1,18.2513020833,-3.11030505952
2012-09-05 08:06:35,72,1,14.6093005952,-3.6420014881
2012-09-05 08:06:36,73,1,10.8141741071,-3.7951264881
2012-09-05 08:06:37,74,1,7.39828869048,-3.41588541667
2012-09-05 08:06:38,75,1,4.8459077381,-2.55238095238
2012-09-05 08:06:39,76,1,3.36123511905,-1.48467261905
2012-09-05 08:06:40,77,1,2.77633928571,-0.584895833333
2012-09-05 08:06:41,78,1,2.69918154762,-0.0771577380952
2012-09-05 08:06:42,79,1,2.86078869048,0.161607142857
2012-09-05 08:06:43,80,1,3.32626488095,0.465476190476
2012-09-05 08:06:44,81,1,4.33430059524,1.00803571429
2012-09-05 08:06:45,82,1,6.02157738095,1.68727678571
2012-09-05 08:06:46,83,1,8.32764136905,2.3060639881
2012-09-05 08:06:47,84,1,11.0578125,2.73017113095
2012-09-05 08:06:48,85,1,13.9869419643,2.92912946429
2012-09-05 08:06:49,86,1,16.90625,2.91930803571
2012-09-05 08:06:50,87,1,19.5984375,2.6921875
2012-09-05 08:06:51,88,1,21.8613839286,2.26294642857
2012-09-05 08:06:52,89,1,23.5985119048,1.73712797619
2012-09-05 08:06:53,90,1,24.8433035714,1.24479166667
2012-09-05 08:06:54,91,1,25.6866071429,0.843303571428
2012-09-05 08:06:55,92,1,26.194047619,0.50744047619
2012-09-05 08:06:56,93,1,26.3923363095,0.198288690476
2012-09-05 08:06:57,94,1,26.3322172619,-0.060119047619
2012-09-05 08:06:58,95,1,26.1220238095,-0.210193452381
2012-09-05 08:06:59,96,1,25.8601934524,-0.261830357143
2012-09-05 08:07:00,97,1,25.5785714286,-0.28162202381
2012-09-05 08:07:01,98,1,25.2889880952,-0.289583333333
2012-09-05 08:07:02,99,1,25.0441220238,-0.244866071429
2012-09-05 08:07:03,100,1,24.9162202381,-0.127901785714
2012-09-05 08:07:04,101,1,24.9124255952,-0.0037946428571
2012-09-05 08:07:05,102,1,24.9170386905,0.0046130952381
2012-09-05 08:07:06,103,1,24.7625,-0.154538690476
2012-09-05 08:07:07,104,1,24.3927083333,-0.369791666667
2012-09-05 08:07:08,105,1,23.9037946429,-0.488913690476
2012-09-05 08:07:09,106,1,23.3745535714,-0.529241071429
2012-09-05 08:07:10,107,1,22.7005208333,-0.674032738095
2012-09-05 08:07:11,108,1,21.6429315476,-1.05758928571
2012-09-05 08:07:12,109,1,20.0229910714,-1.61994047619
2012-09-05 08:07:13,110,1,17.8475446429,-2.17544642857
2012-09-05 08:07:14,111,1,15.2961309524,-2.55141369048
2012-09-05 08:07:15,112,1,12.6664434524,-2.6296875
2012-09-05 08:07:16,113,1,10.2973214286,-2.36912202381
2012-09-05 08:07:17,114,1,8.40591517857,-1.89140625
2012-09-05 08:07:18,115,1,6.94553571429,-1.46037946429
2012-09-05 08:07:19,116,1,5.68162202381,-1.26391369048
2012-09-05 08:07:20,117,1,4.50200892857,-1.17961309524
2012-09-05 08:07:21,118,1,3.72243303571,-0.779575892857
2012-09-05 08:07:22,119,1,3.9953125,0.272879464286
2012-09-05 08:07:23,120,1,5.76238839286,1.76707589286
2012-09-05 08:07:24,121,1,8.8150297619,3.05264136905
2012-09-05 08:07:25,122,1,12.4206845238,3.6056547619
2012-09-05 08:07:26,123,1,15.7879464286,3.36726190476
2012-09-05 08:07:27,124,1,18.4274925595,2.63954613095
2012-09-05 08:07:28,125,1,20.2118303571,1.78433779762
2012-09-05 08:07:29,126,1,21.1995535714,0.987723214286
2012-09-05 08:07:30,127,1,21.448139881,0.248586309524
2012-09-05 08:07:31,128,1,20.9620535714,-0.486086309524
2012-09-05 08:07:32,129,1,19.7538690476,-1.20818452381
2012-09-05 08:07:33,130,1,17.9258184524,-1.82805059524
2012-09-05 08:07:34,131,1,15.6695684524,-2.25625
2012-09-05 08:07:35,132,1,13.185639881,-2.48392857143
2012-09-05 08:07:36,133,1,10.6300595238,-2.55558035714
2012-09-05 08:07:37,134,1,8.11510416667,-2.51495535714
2012-09-05 08:07:38,135,1,5.72447916667,-2.390625
2012-09-05 08:07:39,136,1,3.56584821429,-2.15863095238
2012-09-05 08:07:40,137,1,1.87983630952,-1.68601190476
2012-09-05 08:07:41,138,1,0.0,-1.87983630952
2012-09-05 08:08:44,201,63,0.0,0.0
2012-09-05 08:08:45,202,1,4.04233630952,4.04233630952
2012-09-05 08:08:46,203,1,7.38980654762,3.3474702381
2012-09-05 08:08:47,204,1,11.0944196429,3.70461309524
2012-09-05 08:08:48,205,1,14.605952381,3.5115327381
2012-09-05 08:08:49,206,1,17.718452381,3.1125
2012-09-05 08:08:50,207,1,20.4260416667,2.70758928571
2012-09-05 08:08:51,208,1,22.7305803571,2.30453869048
2012-09-05 08:08:52,209,1,24.5808035714,1.85022321429
2012-09-05 08:08:53,210,1,25.9397321429,1.35892857143
2012-09-05 08:08:54,211,1,26.8614583333,0.921726190476
2012-09-05 08:08:55,212,1,27.4966517857,0.635193452381
2012-09-05 08:08:56,213,1,28.0139880952,0.517336309524
2012-09-05 08:08:57,214,1,28.508110119,0.494122023809
2012-09-05 08:08:58,215,1,28.9890625,0.480952380952
2012-09-05 08:08:59,216,1,29.4333333333,0.444270833333
2012-09-05 08:09:00,217,1,29.8104910714,0.377157738095
2012-09-05 08:09:01,218,1,30.0814732143,0.270982142857
2012-09-05 08:09:02,219,1,30.2110119048,0.129538690476
2012-09-05 08:09:03,220,1,30.191889881,-0.0191220238095
2012-09-05 08:09:04,221,1,30.0668154762,-0.125074404762
2012-09-05 08:09:05,222,1,29.9245535714,-0.142261904762
2012-09-05 08:09:06,223,1,29.8377232143,-0.0868303571429
2012-09-05 08:09:07,224,1,29.7978422619,-0.0398809523809
2012-09-05 08:09:08,225,1,29.7240327381,-0.0738095238096
2012-09-05 08:09:09,226,1,29.5129464286,-0.211086309524
2012-09-05 08:09:10,227,1,29.0912202381,-0.421726190476
2012-09-05 08:09:11,228,1,28.4571428571,-0.634077380952
2012-09-05 08:09:12,229,1,27.6579613095,-0.799181547619
2012-09-05 08:09:13,230,1,26.7232142857,-0.934747023809
2012-09-05 08:09:14,231,1,25.6462053571,-1.07700892857
2012-09-05 08:09:15,232,1,24.4029761905,-1.24322916667
2012-09-05 08:09:16,233,1,22.9447916667,-1.45818452381
2012-09-05 08:09:17,234,1,21.1959821429,-1.74880952381
2012-09-05 08:09:18,235,1,19.1236607143,-2.07232142857
2012-09-05 08:09:19,236,1,16.8436011905,-2.28005952381
2012-09-05 08:09:20,237,1,14.6438244048,-2.19977678571
2012-09-05 08:09:21,238,1,12.8487988946,-1.7950255102
2012-09-05 08:09:22,239,1,11.5709874575,-1.27781143707
2012-09-05 08:09:23,240,1,10.5743941327,-0.99659332483
2012-09-05 08:09:24,241,1,9.48147852891,-1.09291560374
2012-09-05 08:09:25,242,1,8.14697066327,-1.33450786565
2012-09-05 08:09:26,243,1,6.76567814626,-1.38129251701
2012-09-05 08:09:27,244,1,5.65403911565,-1.11163903061
2012-09-05 08:09:28,245,1,4.98222257653,-0.671816539116
2012-09-05 08:09:29,246,1,4.66777210884,-0.314450467687
2012-09-05 08:09:30,247,1,4.49769876701,-0.170073341837
2012-09-05 08:09:31,248,1,4.33034651361,-0.167352253401
2012-09-05 08:09:32,249,1,4.14285714286,-0.187489370748
2012-09-05 08:09:33,250,1,3.95,-0.192857142857
2012-09-05 08:09:34,251,1,3.75714285714,-0.192857142857
2012-09-05 08:09:35,252,1,3.56236181973,-0.194781037415
2012-09-05 08:09:36,253,1,3.35862563776,-0.203736181973
2012-09-05 08:09:37,254,1,3.14956420068,-0.209061437075
2012-09-05 08:09:38,255,1,2.99396789966,-0.15559630102
2012-09-05 08:09:39,256,1,3.01389243197,0.0199245323129
2012-09-05 08:09:40,257,1,3.30708971088,0.293197278912
2012-09-05 08:09:41,258,1,3.83718112245,0.530091411565
2012-09-05 08:09:42,259,1,4.40529602466,0.568114902211
2012-09-05 08:09:43,260,1,4.73197677509,0.326680750425
2012-09-05 08:09:44,261,1,4.63472310799,-0.0972536670918
2012-09-05 08:09:45,262,1,4.17262037628,-0.462102731718
2012-09-05 08:09:46,263,1,3.59523809524,-0.577382281037
2012-09-05 08:09:47,264,1,3.15900297619,-0.436235119048
2012-09-05 08:09:48,265,1,2.99055059524,-0.168452380952
2012-09-05 08:09:49,266,1,3.05772879464,0.0671781994048
2012-09-05 08:09:50,267,1,3.23857886905,0.180850074405
2012-09-05 08:09:51,268,1,3.43385416667,0.195275297619
2012-09-05 08:09:52,269,1,3.63426339286,0.20040922619
2012-09-05 08:09:53,270,1,3.89686941964,0.262606026786
2012-09-05 08:09:54,271,1,4.22196428571,0.325094866071
2012-09-05 08:09:55,272,1,4.45,0.228035714286
2012-09-05 08:09:56,273,1,4.36886904762,-0.081130952381
2012-09-05 08:09:57,274,1,3.93676525298,-0.432103794643
2012-09-05 08:09:58,275,1,3.35126860119,-0.585496651786
2012-09-05 08:09:59,276,1,2.91596540179,-0.435303199405
2012-09-05 08:10:00,277,1,2.83996651786,-0.0759988839286
2012-09-05 08:10:01,278,1,3.15822916667,0.31826264881
2012-09-05 08:10:02,279,1,3.8362202381,0.677991071429
2012-09-05 08:10:03,280,1,4.83907738095,1.00285714286
2012-09-05 08:10:04,281,1,6.02092633929,1.18184895833
2012-09-05 08:10:05,282,1,7.01622209821,0.995295758929
2012-09-05 08:10:06,283,1,7.36039806548,0.344175967262
2012-09-05 08:10:07,284,1,6.8324906994,-0.527907366071
2012-09-05 08:10:08,285,1,5.68476190476,-1.14772879464
2012-09-05 08:10:09,286,1,4.47001488095,-1.21474702381
2012-09-05 08:10:10,287,1,3.66443452381,-0.805580357143
2012-09-05 08:10:11,288,1,3.42647879464,-0.237955729167
2012-09-05 08:10:12,289,1,3.59386160714,0.1673828125
2012-09-05 08:10:13,290,1,3.88854166667,0.294680059524
2012-09-05 08:10:14,291,1,4.17585565476,0.287313988095
2012-09-05 08:10:15,292,1,4.56712239583,0.391266741071
2012-09-05 08:10:16,293,1,5.30766369048,0.740541294643
2012-09-05 08:10:17,294,1,6.5599702381,1.25230654762
2012-09-05 08:10:18,295,1,8.2453125,1.6853422619
2012-09-05 08:10:19,296,1,10.0344587054,1.78914620536
2012-09-05 08:10:20,297,1,11.5001674107,1.46570870536
2012-09-05 08:10:21,298,1,12.3481677827,0.848000372024
2012-09-05 08:10:22,299,1,12.5031063988,0.154938616071
2012-09-05 08:10:23,300,1,11.9976934524,-0.505412946428
2012-09-05 08:10:24,301,1,10.8885416667,-1.10915178571
2012-09-05 08:10:25,302,1,9.26004464286,-1.62849702381
2012-09-05 08:10:26,303,1,7.21584821429,-2.04419642857
2012-09-05 08:10:27,304,1,4.92492559524,-2.29092261905
2012-09-05 08:10:28,305,1,2.77931547619,-2.14561011905
2012-09-05 08:10:29,306,1,0.0,-2.77931547619
2012-09-05 08:11:03,340,34,0.0,0.0
2012-09-05 08:11:04,341,1,3.04836309524,3.04836309524
2012-09-05 08:11:05,342,1,5.51183035714,2.4634672619
2012-09-05 08:11:06,343,1,8.1900297619,2.67819940476
2012-09-05 08:11:07,344,1,10.559672619,2.36964285714
2012-09-05 08:11:08,345,1,12.329985119,1.7703125
2012-09-05 08:11:09,346,1,13.4003720238,1.07038690476
2012-09-05 08:11:10,347,1,13.8646577381,0.464285714286
2012-09-05 08:11:11,348,1,13.9706845238,0.106026785714
2012-09-05 08:11:12,349,1,13.9871279762,0.016443452381
2012-09-05 08:11:13,350,1,14.0654017857,0.0782738095238
2012-09-05 08:11:14,351,1,14.2057291667,0.140327380952
2012-09-05 08:11:15,352,1,14.3305803571,0.124851190476
2012-09-05 08:11:16,353,1,14.3774553571,0.046875
2012-09-05 08:11:17,354,1,14.3546875,-0.0227678571429
2012-09-05 08:11:18,355,1,14.3330357143,-0.0216517857143
2012-09-05 08:11:19,356,1,14.3628720238,0.0298363095238
2012-09-05 08:11:20,357,1,14.4079613095,0.0450892857143
2012-09-05 08:11:21,358,1,14.3855654762,-0.0223958333333
2012-09-05 08:11:22,359,1,14.2655505952,-0.120014880952
2012-09-05 08:11:23,360,1,14.132514881,-0.133035714286
2012-09-05 08:11:24,361,1,14.1463541667,0.0138392857143
2012-09-05 08:11:25,362,1,14.4105654762,0.264211309524
2012-09-05 08:11:26,363,1,14.8686011905,0.458035714286
2012-09-05 08:11:27,364,1,15.3307291667,0.46212797619
2012-09-05 08:11:28,365,1,15.6069940476,0.276264880952
2012-09-05 08:11:29,366,1,15.6478422619,0.0408482142858
2012-09-05 08:11:30,367,1,15.5790922619,-0.06875
2012-09-05 08:11:31,368,1,15.5920386905,0.0129464285714
2012-09-05 08:11:32,369,1,15.7947172619,0.202678571429
2012-09-05 08:11:33,370,1,16.1600446429,0.365327380952
2012-09-05 08:11:34,371,1,16.5919642857,0.431919642857
2012-09-05 08:11:35,372,1,17.0232142857,0.43125
2012-09-05 08:11:36,373,1,17.4366071429,0.413392857143
2012-09-05 08:11:37,374,1,17.8021577381,0.365550595238
2012-09-05 08:11:38,375,1,18.0583333333,0.256175595238
2012-09-05 08:11:39,376,1,18.19375,0.135416666667
2012-09-05 08:11:40,377,1,18.2956845238,0.101934523809
2012-09-05 08:11:41,378,1,18.4779017857,0.182217261905
2012-09-05 08:11:42,379,1,18.775,0.297098214286
2012-09-05 08:11:43,380,1,19.1040922619,0.329092261905
2012-09-05 08:11:44,381,1,19.3246279762,0.220535714286
2012-09-05 08:11:45,382,1,19.3420386905,0.0174107142857
2012-09-05 08:11:46,383,1,19.1363095238,-0.205729166667
2012-09-05 08:11:47,384,1,18.708110119,-0.428199404762
2012-09-05 08:11:48,385,1,18.0648809524,-0.643229166667
2012-09-05 08:11:49,386,1,17.2800595238,-0.784821428572
2012-09-05 08:11:50,387,1,16.5375744048,-0.742485119048
2012-09-05 08:11:51,388,1,16.096577381,-0.44099702381
2012-09-05 08:11:52,389,1,16.175,0.0784226190476
2012-09-05 08:11:53,390,1,16.8090029762,0.63400297619
2012-09-05 08:11:54,391,1,17.7904017857,0.981398809524
2012-09-05 08:11:55,392,1,18.7302083333,0.939806547619
2012-09-05 08:11:56,393,1,19.1872767857,0.457068452381
2012-09-05 08:11:57,394,1,18.7762896825,-0.410987103175
2012-09-05 08:11:58,395,1,17.242906746,-1.53338293651
2012-09-05 08:11:59,396,1,14.5733630952,-2.66954365079
2012-09-05 08:12:00,397,1,11.1290922619,-3.44427083333
2012-09-05 08:12:01,398,1,7.60572916667,-3.52336309524
2012-09-05 08:12:02,399,1,4.72574404762,-2.87998511905
2012-09-05 08:12:03,400,1,2.93194444444,-1.79379960317
2012-09-05 08:12:04,401,1,2.34253472222,-0.589409722222
2012-09-05 08:12:05,402,1,2.91755952381,0.575024801587
2012-09-05 08:12:06,403,1,4.63816964286,1.72061011905
2012-09-05 08:12:07,404,1,7.50930059524,2.87113095238
2012-09-05 08:12:08,405,1,11.3691964286,3.85989583333
2012-09-05 08:12:09,406,1,15.7522569444,4.38306051587
2012-09-05 08:12:10,407,1,19.9952876984,4.24303075397
2012-09-05 08:12:11,408,1,23.4908482143,3.49556051587
2012-09-05 08:12:12,409,1,25.9058779762,2.4150297619
2012-09-05 08:12:13,410,1,27.2694196429,1.36354166667
2012-09-05 08:12:14,411,1,27.8916666667,0.62224702381
2012-09-05 08:12:15,412,1,28.1361607143,0.244494047619
2012-09-05 08:12:16,413,1,28.1974702381,0.0613095238095
2012-09-05 08:12:17,414,1,28.0730654762,-0.124404761905
2012-09-05 08:12:18,415,1,27.7074404762,-0.365625
2012-09-05 08:12:19,416,1,27.1182291667,-0.589211309524
2012-09-05 08:12:20,417,1,26.421577381,-0.696651785714
2012-09-05 08:12:21,418,1,25.7968005952,-0.624776785714
2012-09-05 08:12:22,419,1,25.4155505952,-0.38125
2012-09-05 08:12:23,420,1,25.3598214286,-0.0557291666667
2012-09-05 08:12:24,421,1,25.574702381,0.214880952381
2012-09-05 08:12:25,422,1,25.8860863095,0.311383928571
2012-09-05 08:12:26,423,1,26.096577381,0.210491071429
2012-09-05 08:12:27,424,1,26.109375,0.0127976190476
2012-09-05 08:12:28,425,1,25.9649553571,-0.144419642857
2012-09-05 08:12:29,426,1,25.7668154762,-0.198139880952
2012-09-05 08:12:30,427,1,25.5921875,-0.174627976191
2012-09-05 08:12:31,428,1,25.4592261905,-0.132961309524
2012-09-05 08:12:32,429,1,25.3415922619,-0.117633928571
2012-09-05 08:12:33,430,1,25.1848958333,-0.156696428572
2012-09-05 08:12:34,431,1,24.9230654762,-0.261830357143
2012-09-05 08:12:35,432,1,24.5223214286,-0.400744047619
2012-09-05 08:12:36,433,1,24.0107886905,-0.511532738095
2012-09-05 08:12:37,434,1,23.4537202381,-0.557068452381
2012-09-05 08:12:38,435,1,22.9161458333,-0.537574404762
2012-09-05 08:12:39,436,1,22.4474702381,-0.468675595238
2012-09-05 08:12:40,437,1,22.0983630952,-0.349107142857
2012-09-05 08:12:41,438,1,21.9607142857,-0.137648809524
2012-09-05 08:12:42,439,1,22.1676339286,0.206919642857
2012-09-05 08:12:43,440,1,22.8333333333,0.665699404762
2012-09-05 08:12:44,441,1,23.9755952381,1.14226190476
2012-09-05 08:12:45,442,1,25.4384672619,1.46287202381
2012-09-05 08:12:46,443,1,26.8813988095,1.44293154762
2012-09-05 08:12:47,444,1,27.920014881,1.03861607143
2012-09-05 08:12:48,445,1,28.3302827381,0.410267857143
2012-09-05 08:12:49,446,1,28.1426339286,-0.187648809524
2012-09-05 08:12:50,447,1,27.5740327381,-0.568601190476
2012-09-05 08:12:51,448,1,26.8738095238,-0.700223214286
2012-09-05 08:12:52,449,1,26.2189732143,-0.654836309524
2012-09-05 08:12:53,450,1,25.732514881,-0.486458333333
2012-09-05 08:12:54,451,1,25.5322916667,-0.200223214286
2012-09-05 08:12:55,452,1,25.6837053571,0.151413690476
2012-09-05 08:12:56,453,1,26.1035714286,0.419866071428
2012-09-05 08:12:57,454,1,26.5648065476,0.461235119048
2012-09-05 08:12:58,455,1,26.8240327381,0.259226190476
2012-09-05 08:12:59,456,1,26.7790178571,-0.0450148809523
2012-09-05 08:13:00,457,1,26.5561011905,-0.222916666667
2012-09-05 08:13:01,458,1,26.4308035714,-0.125297619048
2012-09-05 08:13:02,459,1,26.6126488095,0.181845238095
2012-09-05 08:13:03,460,1,27.0847470238,0.472098214286
2012-09-05 08:13:04,461,1,27.6229910714,0.538244047619
2012-09-05 08:13:05,462,1,27.9623511905,0.339360119048
2012-09-05 08:13:06,463,1,27.9786458333,0.0162946428571
2012-09-05 08:13:07,464,1,27.7337797619,-0.244866071429
2012-09-05 08:13:08,465,1,27.3735863095,-0.360193452381
2012-09-05 08:13:09,466,1,27.0100446429,-0.363541666667
2012-09-05 08:13:10,467,1,26.6730654762,-0.336979166667
2012-09-05 08:13:11,468,1,26.3107142857,-0.362351190476
2012-09-05 08:13:12,469,1,25.7837797619,-0.52693452381
2012-09-05 08:13:13,470,1,24.8646577381,-0.91912202381
2012-09-05 08:13:14,471,1,23.3182291667,-1.54642857143
2012-09-05 08:13:15,472,1,21.0321428571,-2.28608630952
2012-09-05 08:13:16,473,1,18.0573660714,-2.97477678571
2012-09-05 08:13:17,474,1,14.553125,-3.50424107143
2012-09-05 08:13:18,475,1,10.7452380952,-3.80788690476
2012-09-05 08:13:19,476,1,6.96227678571,-3.78296130952
2012-09-05 08:13:20,477,1,3.74129464286,-3.22098214286
2012-09-05 08:13:21,478,1,0.0,-3.74129464286
2012-09-05 08:13:43,500,22,0.0,0.0
2012-09-05 08:13:44,501,1,3.74211309524,3.74211309524
2012-09-05 08:13:45,502,1,6.97566964286,3.23355654762
2012-09-05 08:13:46,503,1,10.6621279762,3.68645833333
2012-09-05 08:13:47,504,1,14.126860119,3.46473214286
2012-09-05 08:13:48,505,1,17.0628720238,2.93601190476
2012-09-05 08:13:49,506,1,19.4707589286,2.40788690476
2012-09-05 08:13:50,507,1,21.4604166667,1.9896577381
2012-09-05 08:13:51,508,1,23.1049107143,1.64449404762
2012-09-05 08:13:52,509,1,24.424702381,1.31979166667
2012-09-05 08:13:53,510,1,25.4219494048,0.997247023809
2012-09-05 08:13:54,511,1,26.1017857143,0.679836309524
2012-09-05 08:13:55,512,1,26.4811011905,0.37931547619
2012-09-05 08:13:56,513,1,26.5952380952,0.114136904762
2012-09-05 08:13:57,514,1,26.5116071429,-0.083630952381
2012-09-05 08:13:58,515,1,26.3520833333,-0.159523809524
2012-09-05 08:13:59,516,1,26.2837797619,-0.0683035714285
2012-09-05 08:14:00,517,1,26.4319940476,0.148214285714
2012-09-05 08:14:01,518,1,26.7891369048,0.357142857143
2012-09-05 08:14:02,519,1,27.2336309524,0.444494047619
2012-09-05 08:14:03,520,1,27.6168154762,0.38318452381
2012-09-05 08:14:04,521,1,27.8304315476,0.213616071429
2012-09-05 08:14:05,522,1,27.8441220238,0.0136904761905
2012-09-05 08:14:06,523,1,27.6929315476,-0.151190476191
2012-09-05 08:14:07,524,1,27.4394345238,-0.25349702381
2012-09-05 08:14:08,525,1,27.1749255952,-0.264508928571
2012-09-05 08:14:09,526,1,27.0055803571,-0.169345238095
2012-09-05 08:14:10,527,1,26.971577381,-0.0340029761905
2012-09-05 08:14:11,528,1,26.9970238095,0.0254464285714
2012-09-05 08:14:12,529,1,26.9431547619,-0.053869047619
2012-09-05 08:14:13,530,1,26.692485119,-0.250669642857
2012-09-05 08:14:14,531,1,26.1756696429,-0.516815476191
2012-09-05 08:14:15,532,1,25.3417410714,-0.833928571428
2012-09-05 08:14:16,533,1,24.1253720238,-1.21636904762
2012-09-05 08:14:17,534,1,22.453422619,-1.67194940476
2012-09-05 08:14:18,535,1,20.2892113095,-2.16421130952
2012-09-05 08:14:19,536,1,17.6608630952,-2.62834821429
2012-09-05 08:14:20,537,1,14.6232142857,-3.03764880952
2012-09-05 08:14:21,538,1,11.2179315476,-3.4052827381
2012-09-05 08:14:22,539,1,7.58973214286,-3.62819940476
2012-09-05 08:14:23,540,1,4.26149553571,-3.32823660714
2012-09-05 08:14:24,541,1,0.0,-4.26149553571
2012-09-05 08:15:32,609,68,0.0,0.0
2012-09-05 08:15:33,610,1,4.79166666667,4.79166666667
2012-09-05 08:15:34,611,1,8.68236607143,3.89069940476
2012-09-05 08:15:35,612,1,12.9442708333,4.2619047619
2012-09-05 08:15:36,613,1,16.8633928571,3.91912202381
2012-09-05 08:15:37,614,1,20.1962053571,3.3328125
2012-09-05 08:15:38,615,1,22.9625372024,2.76633184524
2012-09-05 08:15:39,616,1,25.2316220238,2.26908482143
2012-09-05 08:15:40,617,1,27.0322172619,1.8005952381
2012-09-05 08:15:41,618,1,28.3863095238,1.3540922619
2012-09-05 08:15:42,619,1,29.3720238095,0.985714285714
2012-09-05 08:15:43,620,1,30.1217261905,0.749702380952
2012-09-05 08:15:44,621,1,30.7494791667,0.627752976191
2012-09-05 08:15:45,622,1,31.2869047619,0.537425595238
2012-09-05 08:15:46,623,1,31.6943452381,0.40744047619
2012-09-05 08:15:47,624,1,31.9198660714,0.225520833333
2012-09-05 08:15:48,625,1,31.940922619,0.021056547619
2012-09-05 08:15:49,626,1,31.7745535714,-0.166369047619
2012-09-05 08:15:50,627,1,31.4771577381,-0.297395833333
2012-09-05 08:15:51,628,1,31.1428571429,-0.334300595238
2012-09-05 08:15:52,629,1,30.8923363095,-0.250520833333
2012-09-05 08:15:53,630,1,30.8404017857,-0.0519345238095
2012-09-05 08:15:54,631,1,31.0377232143,0.197321428571
2012-09-05 08:15:55,632,1,31.4180059524,0.380282738095
2012-09-05 08:15:56,633,1,31.8183779762,0.400372023809
2012-09-05 08:15:57,634,1,32.0789434524,0.26056547619
2012-09-05 08:15:58,635,1,32.1292410714,0.0502976190477
2012-09-05 08:15:59,636,1,31.9915178571,-0.137723214286
2012-09-05 08:16:00,637,1,31.7214285714,-0.270089285714
2012-09-05 08:16:01,638,1,31.3621279762,-0.359300595238
2012-09-05 08:16:02,639,1,30.9618303571,-0.400297619048
2012-09-05 08:16:03,640,1,30.5964285714,-0.365401785714
2012-09-05 08:16:04,641,1,30.3325892857,-0.263839285714
2012-09-05 08:16:05,642,1,30.1876488095,-0.14494047619
2012-09-05 08:16:06,643,1,30.148139881,-0.0395089285714
2012-09-05 08:16:07,644,1,30.2162202381,0.0680803571428
2012-09-05 08:16:08,645,1,30.4157738095,0.199553571429
2012-09-05 08:16:09,646,1,30.7330357143,0.317261904762
2012-09-05 08:16:10,647,1,31.0801339286,0.347098214286
2012-09-05 08:16:11,648,1,31.3641369048,0.284002976191
2012-09-05 08:16:12,649,1,31.5686755952,0.204538690476
2012-09-05 08:16:13,650,1,31.7336309524,0.164955357143
2012-09-05 08:16:14,651,1,31.8808035714,0.147172619048
2012-09-05 08:16:15,652,1,31.9870535714,0.10625
2012-09-05 08:16:16,653,1,32.0243303571,0.0372767857143
2012-09-05 08:16:17,654,1,32.0068452381,-0.0174851190477
2012-09-05 08:16:18,655,1,31.9808779762,-0.0259672619047
2012-09-05 08:16:19,656,1,31.9709077381,-0.0099702380953
2012-09-05 08:16:20,657,1,31.9486607143,-0.0222470238095
2012-09-05 08:16:21,658,1,31.8566964286,-0.0919642857143
2012-09-05 08:16:22,659,1,31.6657738095,-0.190922619048
2012-09-05 08:16:23,660,1,31.4041666667,-0.261607142857
2012-09-05 08:16:24,661,1,31.1220238095,-0.282142857143
2012-09-05 08:16:25,662,1,30.846577381,-0.275446428571
2012-09-05 08:16:26,663,1,30.5779761905,-0.268601190476
2012-09-05 08:16:27,664,1,30.3101934524,-0.267782738095
2012-09-05 08:16:28,665,1,30.0638392857,-0.246354166667
2012-09-05 08:16:29,666,1,29.8955357143,-0.168303571429
2012-09-05 08:16:30,667,1,29.8465029762,-0.0490327380952
2012-09-05 08:16:31,668,1,29.8866815476,0.0401785714285
2012-09-05 08:16:32,669,1,29.926860119,0.0401785714286
2012-09-05 08:16:33,670,1,29.8831845238,-0.0436755952381
2012-09-05 08:16:34,671,1,29.73125,-0.15193452381
2012-09-05 08:16:35,672,1,29.5021577381,-0.229092261905
2012-09-05 08:16:36,673,1,29.2367559524,-0.265401785714
2012-09-05 08:16:37,674,1,28.9655505952,-0.271205357143
2012-09-05 08:16:38,675,1,28.7177827381,-0.247767857143
2012-09-05 08:16:39,676,1,28.5075892857,-0.210193452381
2012-09-05 08:16:40,677,1,28.3197916667,-0.187797619048
2012-09-05 08:16:41,678,1,28.1334077381,-0.186383928571
2012-09-05 08:16:42,679,1,27.9416666667,-0.191741071429
2012-09-05 08:16:43,680,1,27.7497767857,-0.191889880952
2012-09-05 08:16:44,681,1,27.5773065476,-0.172470238095
2012-09-05 08:16:45,682,1,27.45625,-0.121056547619
2012-09-05 08:16:46,683,1,27.4255952381,-0.0306547619048
2012-09-05 08:16:47,684,1,27.5388392857,0.113244047619
2012-09-05 08:16:48,685,1,27.8399553571,0.301116071429
2012-09-05 08:16:49,686,1,28.2985119048,0.458556547619
2012-09-05 08:16:50,687,1,28.8046875,0.506175595238
2012-09-05 08:16:51,688,1,29.2514136905,0.446726190476
2012-09-05 08:16:52,689,1,29.5966517857,0.345238095238
2012-09-05 08:16:53,690,1,29.8539434524,0.257291666667
2012-09-05 08:16:54,691,1,30.0589285714,0.204985119048
2012-09-05 08:16:55,692,1,30.2520833333,0.193154761905
2012-09-05 08:16:56,693,1,30.4741071429,0.222023809524
2012-09-05 08:16:57,694,1,30.7573660714,0.283258928571
2012-09-05 08:16:58,695,1,31.1209821429,0.363616071428
2012-09-05 08:16:59,696,1,31.5730654762,0.452083333333
2012-09-05 08:17:00,697,1,32.1002232143,0.527157738095
2012-09-05 08:17:01,698,1,32.6540922619,0.553869047619
2012-09-05 08:17:02,699,1,33.148735119,0.494642857143
2012-09-05 08:17:03,700,1,33.4712053571,0.322470238095
2012-09-05 08:17:04,701,1,33.5412202381,0.0700148809523
2012-09-05 08:17:05,702,1,33.3852678571,-0.155952380952
2012-09-05 08:17:06,703,1,33.1154017857,-0.269866071429
2012-09-05 08:17:07,704,1,32.840327381,-0.275074404762
2012-09-05 08:17:08,705,1,32.6174107143,-0.222916666667
2012-09-05 08:17:09,706,1,32.4423363095,-0.175074404762
2012-09-05 08:17:10,707,1,32.2525297619,-0.189806547619
2012-09-05 08:17:11,708,1,31.9666666667,-0.285863095238
2012-09-05 08:17:12,709,1,31.5436011905,-0.423065476191
2012-09-05 08:17:13,710,1,31.0319196429,-0.511681547619
2012-09-05 08:17:14,711,1,30.5837797619,-0.448139880952
2012-09-05 08:17:15,712,1,30.376264881,-0.207514880952
2012-09-05 08:17:16,713,1,30.4659970238,0.0897321428571
2012-09-05 08:17:17,714,1,30.7216517857,0.255654761905
2012-09-05 08:17:18,715,1,30.9084821429,0.186830357143
2012-09-05 08:17:19,716,1,30.8489583333,-0.0595238095238
2012-09-05 08:17:20,717,1,30.541889881,-0.307068452381
2012-09-05 08:17:21,718,1,30.1554315476,-0.386458333333
2012-09-05 08:17:22,719,1,29.8924107143,-0.263020833333
2012-09-05 08:17:23,720,1,29.8337053571,-0.0587053571428
2012-09-05 08:17:24,721,1,29.8833333333,0.0496279761904
2012-09-05 08:17:25,722,1,29.8499255952,-0.0334077380952
2012-09-05 08:17:26,723,1,29.5883928571,-0.261532738095
2012-09-05 08:17:27,724,1,29.0755952381,-0.512797619048
2012-09-05 08:17:28,725,1,28.359375,-0.716220238095
2012-09-05 08:17:29,726,1,27.4447172619,-0.914657738095
2012-09-05 08:17:30,727,1,26.2318452381,-1.21287202381
2012-09-05 08:17:31,728,1,24.5630952381,-1.66875
2012-09-05 08:17:32,729,1,22.3380952381,-2.225
2012-09-05 08:17:33,730,1,19.5905505952,-2.74754464286
2012-09-05 08:17:34,731,1,16.4497767857,-3.14077380952
2012-09-05 08:17:35,732,1,13.0484375,-3.40133928571
2012-09-05 08:17:36,733,1,9.51644345238,-3.53199404762
2012-09-05 08:17:37,734,1,6.09077380952,-3.42566964286
2012-09-05 08:17:38,735,1,3.2365327381,-2.85424107143
2012-09-05 08:17:39,736,1,0.0,-3.2365327381
2012-09-05 08:19:01,818,82,0.0,0.0
2012-09-05 08:19:02,819,1,3.57805059524,3.57805059524
2012-09-05 08:19:03,820,1,6.46056547619,2.88251488095
2012-09-05 08:19:04,821,1,9.57991071429,3.1193452381
2012-09-05 08:19:05,822,1,12.4036458333,2.82373511905
2012-09-05 08:19:06,823,1,14.804985119,2.40133928571
2012-09-05 08:19:07,824,1,16.9604910714,2.15550595238
2012-09-05 08:19:08,825,1,19.1284970238,2.16800595238
2012-09-05 08:19:09,826,1,21.445014881,2.31651785714
2012-09-05 08:19:10,827,1,23.8743303571,2.42931547619
2012-09-05 08:19:11,828,1,26.2814732143,2.40714285714
2012-09-05 08:19:12,829,1,28.5194196429,2.23794642857
2012-09-05 08:19:13,830,1,30.4813988095,1.96197916667
2012-09-05 08:19:14,831,1,32.1077380952,1.62633928571
2012-09-05 08:19:15,832,1,33.3795386905,1.27180059524
2012-09-05 08:19:16,833,1,34.3259672619,0.946428571429
2012-09-05 08:19:17,834,1,35.0097470238,0.683779761905
2012-09-05 08:19:18,835,1,35.4804315476,0.470684523809
2012-09-05 08:19:19,836,1,35.7468005952,0.266369047619
2012-09-05 08:19:20,837,1,35.7949404762,0.0481398809524
2012-09-05 08:19:21,838,1,35.6290922619,-0.165848214286
2012-09-05 08:19:22,839,1,35.2991071429,-0.329985119048
2012-09-05 08:19:23,840,1,34.8888392857,-0.410267857143
2012-09-05 08:19:24,841,1,34.4745535714,-0.414285714286
2012-09-05 08:19:25,842,1,34.0953125,-0.379241071429
2012-09-05 08:19:26,843,1,33.7628720238,-0.33244047619
2012-09-05 08:19:27,844,1,33.4890625,-0.273809523809
2012-09-05 08:19:28,845,1,33.2927083333,-0.196354166667
2012-09-05 08:19:29,846,1,33.1880208333,-0.1046875
2012-09-05 08:19:30,847,1,33.1801339286,-0.0078869047619
2012-09-05 08:19:31,848,1,33.2649553571,0.0848214285715
2012-09-05 08:19:32,849,1,33.419047619,0.154092261905
2012-09-05 08:19:33,850,1,33.5952380952,0.17619047619
2012-09-05 08:19:34,851,1,33.740625,0.145386904762
2012-09-05 08:19:35,852,1,33.8236607143,0.0830357142857
2012-09-05 08:19:36,853,1,33.8514136905,0.0277529761905
2012-09-05 08:19:37,854,1,33.8630952381,0.011681547619
2012-09-05 08:19:38,855,1,33.8929315476,0.0298363095238
2012-09-05 08:19:39,856,1,33.929389881,0.0364583333334
2012-09-05 08:19:40,857,1,33.9219494048,-0.0074404761905
2012-09-05 08:19:41,858,1,33.8418154762,-0.0801339285714
2012-09-05 08:19:42,859,1,33.7272321429,-0.114583333333
2012-09-05 08:19:43,860,1,33.6551339286,-0.0720982142857
2012-09-05 08:19:44,861,1,33.6710565476,0.0159226190476
2012-09-05 08:19:45,862,1,33.7433779762,0.0723214285715
2012-09-05 08:19:46,863,1,33.779389881,0.0360119047619
2012-09-05 08:19:47,864,1,33.6973958333,-0.0819940476191
2012-09-05 08:19:48,865,1,33.4829613095,-0.21443452381
2012-09-05 08:19:49,866,1,33.1696428571,-0.313318452381
2012-09-05 08:19:50,867,1,32.7906994048,-0.378943452381
2012-09-05 08:19:51,868,1,32.3656994048,-0.425
2012-09-05 08:19:52,869,1,31.9211309524,-0.444568452381
2012-09-05 08:19:53,870,1,31.5170386905,-0.404092261905
2012-09-05 08:19:54,871,1,31.2400297619,-0.277008928571
2012-09-05 08:19:55,872,1,31.1473214286,-0.0927083333334
2012-09-05 08:19:56,873,1,31.2105654762,0.0632440476191
2012-09-05 08:19:57,874,1,31.318452381,0.107886904762
2012-09-05 08:19:58,875,1,31.3523065476,0.0338541666666
2012-09-05 08:19:59,876,1,31.2771577381,-0.0751488095238
2012-09-05 08:20:00,877,1,31.150297619,-0.126860119048
2012-09-05 08:20:01,878,1,31.0427827381,-0.107514880952
2012-09-05 08:20:02,879,1,30.980952381,-0.0618303571428
2012-09-05 08:20:03,880,1,30.9671130952,-0.0138392857143
2012-09-05 08:20:04,881,1,31.0279017857,0.0607886904762
2012-09-05 08:20:05,882,1,31.220014881,0.192113095238
2012-09-05 08:20:06,883,1,31.5839285714,0.363913690476
2012-09-05 08:20:07,884,1,32.1005952381,0.516666666667
2012-09-05 08:20:08,885,1,32.6997767857,0.599181547619
2012-09-05 08:20:09,886,1,33.2959077381,0.596130952381
2012-09-05 08:20:10,887,1,33.8075892857,0.511681547619
2012-09-05 08:20:11,888,1,34.171875,0.364285714286
2012-09-05 08:20:12,889,1,34.3697172619,0.197842261905
2012-09-05 08:20:13,890,1,34.4319940476,0.0622767857142
2012-09-05 08:20:14,891,1,34.4068452381,-0.0251488095238
2012-09-05 08:20:15,892,1,34.31875,-0.0880952380952
2012-09-05 08:20:16,893,1,34.1588541667,-0.159895833333
2012-09-05 08:20:17,894,1,33.9177827381,-0.241071428572
2012-09-05 08:20:18,895,1,33.6289434524,-0.288839285714
2012-09-05 08:20:19,896,1,33.3732886905,-0.255654761905
2012-09-05 08:20:20,897,1,33.2388392857,-0.134449404762
2012-09-05 08:20:21,898,1,33.2691964286,0.0303571428571
2012-09-05 08:20:22,899,1,33.4354166667,0.166220238095
2012-09-05 08:20:23,900,1,33.6523809524,0.216964285714
2012-09-05 08:20:24,901,1,33.8308035714,0.178422619048
2012-09-05 08:20:25,902,1,33.9263392857,0.0955357142857
2012-09-05 08:20:26,903,1,33.9498511905,0.0235119047619
2012-09-05 08:20:27,904,1,33.9317708333,-0.0180803571429
2012-09-05 08:20:28,905,1,33.8802827381,-0.0514880952381
2012-09-05 08:20:29,906,1,33.7808779762,-0.0994047619047
2012-09-05 08:20:30,907,1,33.626264881,-0.154613095238
2012-09-05 08:20:31,908,1,33.439360119,-0.186904761905
2012-09-05 08:20:32,909,1,33.2811011905,-0.158258928571
2012-09-05 08:20:33,910,1,33.2384672619,-0.0426339285714
2012-09-05 08:20:34,911,1,33.3818452381,0.14337797619
2012-09-05 08:20:35,912,1,33.7087797619,0.32693452381
2012-09-05 08:20:36,913,1,34.1171130952,0.408333333333
2012-09-05 08:20:37,914,1,34.4410714286,0.323958333333
2012-09-05 08:20:38,915,1,34.5397321429,0.0986607142857
2012-09-05 08:20:39,916,1,34.3743303571,-0.165401785714
2012-09-05 08:20:40,917,1,34.0104166667,-0.363913690476
2012-09-05 08:20:41,918,1,33.5517113095,-0.458705357143
2012-09-05 08:20:42,919,1,33.0735119048,-0.478199404762
2012-09-05 08:20:43,920,1,32.6034970238,-0.470014880952
2012-09-05 08:20:44,921,1,32.1380952381,-0.465401785714
2012-09-05 08:20:45,922,1,31.6626488095,-0.475446428571
2012-09-05 08:20:46,923,1,31.1663690476,-0.496279761905
2012-09-05 08:20:47,924,1,30.6451636905,-0.521205357143
2012-09-05 08:20:48,925,1,30.0671875,-0.577976190476
2012-09-05 08:20:49,926,1,29.3170386905,-0.750148809524
2012-09-05 08:20:50,927,1,28.1936755952,-1.12336309524
2012-09-05 08:20:51,928,1,26.4954613095,-1.69821428571
2012-09-05 08:20:52,929,1,24.1342261905,-2.36123511905
2012-09-05 08:20:53,930,1,21.1795918367,-2.95463435374
2012-09-05 08:20:54,931,1,17.7865433673,-3.39304846939
2012-09-05 08:20:55,932,1,14.1222257653,-3.66431760204
2012-09-05 08:20:56,933,1,10.4309630102,-3.6912627551
2012-09-05 08:20:57,934,1,7.10673894558,-3.32422406463
2012-09-05 08:20:58,935,1,4.56736819728,-2.5393707483
2012-09-05 08:20:59,936,1,3.0193877551,-1.54798044218
2012-09-05 08:21:00,937,1,2.33343962585,-0.685948129252
2012-09-05 08:21:01,938,1,2.13166454082,-0.201775085034
2012-09-05 08:21:02,939,1,2.06089498299,-0.0707695578231
2012-09-05 08:21:03,940,1,2.04996811224,-0.0109268707483
2012-09-05 08:21:04,941,1,2.32175807823,0.271789965986
2012-09-05 08:21:05,942,1,3.18798894558,0.866230867347
2012-09-05 08:21:06,943,1,4.82324617347,1.63525722789
2012-09-05 08:21:07,944,1,7.1512542517,2.32800807823
2012-09-05 08:21:08,945,1,9.89094387755,2.73968962585
2012-09-05 08:21:09,946,1,12.7194090136,2.82846513605
2012-09-05 08:21:10,947,1,15.417357568,2.69794855442
2012-09-05 08:21:11,948,1,17.9010416667,2.48368409864
2012-09-05 08:21:12,949,1,20.169047619,2.26800595238
2012-09-05 08:21:13,950,1,22.2385416667,2.06949404762
2012-09-05 08:21:14,951,1,24.0977678571,1.85922619048
2012-09-05 08:21:15,952,1,25.6764136905,1.57864583333
2012-09-05 08:21:16,953,1,26.8625,1.18608630952
2012-09-05 08:21:17,954,1,27.5598214286,0.697321428571
2012-09-05 08:21:18,955,1,27.709077381,0.149255952381
2012-09-05 08:21:19,956,1,27.2371279762,-0.471949404762
2012-09-05 08:21:20,957,1,26.0002232143,-1.2369047619
2012-09-05 08:21:21,958,1,23.832514881,-2.16770833333
2012-09-05 08:21:22,959,1,20.7413690476,-3.09114583333
2012-09-05 08:21:23,960,1,17.0869791667,-3.65438988095
2012-09-05 08:21:24,961,1,13.5107886905,-3.57619047619
2012-09-05 08:21:25,962,1,10.628125,-2.88266369048
2012-09-05 08:21:26,963,1,8.73541666667,-1.89270833333
2012-09-05 08:21:27,964,1,7.73162202381,-1.00379464286
2012-09-05 08:21:28,965,1,7.26361607143,-0.468005952381
2012-09-05 08:21:29,966,1,6.93370535714,-0.329910714286
2012-09-05 08:21:30,967,1,6.40223214286,-0.531473214286
2012-09-05 08:21:31,968,1,5.42224702381,-0.979985119048
2012-09-05 08:21:32,969,1,3.95334821429,-1.46889880952
2012-09-05 08:21:33,970,1,2.32938988095,-1.62395833333
2012-09-05 08:21:34,971,1,0.0,-2.32938988095
2012-09-05 08:25:02,1179,208,0.0,0.0
2012-09-05 08:25:03,1180,1,1.84873511905,1.84873511905
2012-09-05 08:25:04,1181,1,2.7728422619,0.924107142857
2012-09-05 08:25:05,1182,1,3.340625,0.567782738095
2012-09-05 08:25:06,1183,1,3.55662202381,0.21599702381
2012-09-05 08:25:07,1184,1,3.76867559524,0.212053571429
2012-09-05 08:25:08,1185,1,4.32180059524,0.553125
2012-09-05 08:25:09,1186,1,5.30540674603,0.983606150794
2012-09-05 08:25:10,1187,1,6.40381944444,1.09841269841
2012-09-05 08:25:11,1188,1,7.03697916667,0.633159722222
2012-09-05 08:25:12,1189,1,6.81324404762,-0.223735119048
2012-09-05 08:25:13,1190,1,5.8828125,-0.930431547619
2012-09-05 08:25:14,1191,1,4.90773809524,-0.975074404762
2012-09-05 08:25:15,1192,1,4.73033234127,-0.177405753968
2012-09-05 08:25:16,1193,1,5.91728670635,1.18695436508
2012-09-05 08:25:17,1194,1,8.49397321429,2.57668650794
2012-09-05 08:25:18,1195,1,12.0591517857,3.56517857143
2012-09-05 08:25:19,1196,1,15.9429315476,3.8837797619
2012-09-05 08:25:20,1197,1,19.2114583333,3.26852678571
2012-09-05 08:25:21,1198,1,20.8734126984,1.66195436508
2012-09-05 08:25:22,1199,1,20.3541170635,-0.519295634921
2012-09-05 08:25:23,1200,1,17.8689732143,-2.48514384921
2012-09-05 08:25:24,1201,1,14.4818452381,-3.38712797619
2012-09-05 08:25:25,1202,1,11.7029017857,-2.77894345238
2012-09-05 08:25:26,1203,1,10.6845982143,-1.01830357143
2012-09-05 08:25:27,1204,1,11.6363839286,0.951785714286
2012-09-05 08:25:28,1205,1,13.9525297619,2.31614583333
2012-09-05 08:25:29,1206,1,16.7923363095,2.83980654762
2012-09-05 08:25:30,1207,1,19.5952380952,2.80290178571
2012-09-05 08:25:31,1208,1,22.2279017857,2.63266369048
2012-09-05 08:25:32,1209,1,24.7347470238,2.5068452381
2012-09-05 08:25:33,1210,1,27.0291666667,2.29441964286
2012-09-05 08:25:34,1211,1,28.8894345238,1.86026785714
2012-09-05 08:25:35,1212,1,30.1658482143,1.27641369048
2012-09-05 08:25:36,1213,1,30.8973958333,0.731547619048
2012-09-05 08:25:37,1214,1,31.2557291667,0.358333333333
2012-09-05 08:25:38,1215,1,31.4104910714,0.154761904762
2012-09-05 08:25:39,1216,1,31.4350446429,0.0245535714285
2012-09-05 08:25:40,1217,1,31.3286458333,-0.106398809524
2012-09-05 08:25:41,1218,1,31.1279017857,-0.200744047619
2012-09-05 08:25:42,1219,1,30.9843005952,-0.143601190476
2012-09-05 08:25:43,1220,1,31.1009672619,0.116666666667
2012-09-05 08:25:44,1221,1,31.5802827381,0.47931547619
2012-09-05 08:25:45,1222,1,32.3392857143,0.759002976191
2012-09-05 08:25:46,1223,1,33.1558035714,0.816517857143
2012-09-05 08:25:47,1224,1,33.7977678571,0.641964285714
2012-09-05 08:25:48,1225,1,34.1521577381,0.354389880952
2012-09-05 08:25:49,1226,1,34.249702381,0.0975446428572
2012-09-05 08:25:50,1227,1,34.1770089286,-0.072693452381
2012-09-05 08:25:51,1228,1,33.9991815476,-0.177827380952
2012-09-05 08:25:52,1229,1,33.7572172619,-0.241964285714
2012-09-05 08:25:53,1230,1,33.4790178571,-0.278199404762
2012-09-05 08:25:54,1231,1,33.1177827381,-0.361235119048
2012-09-05 08:25:55,1232,1,32.4195684524,-0.698214285714
2012-09-05 08:25:56,1233,1,30.9183035714,-1.50126488095
2012-09-05 08:25:57,1234,1,28.229985119,-2.68831845238
2012-09-05 08:25:58,1235,1,24.4277529762,-3.80223214286
2012-09-05 08:25:59,1236,1,20.1131696429,-4.31458333333
2012-09-05 08:26:00,1237,1,16.0949404762,-4.01822916667
2012-09-05 08:26:01,1238,1,12.9244791667,-3.17046130952
2012-09-05 08:26:02,1239,1,10.6638392857,-2.26063988095
2012-09-05 08:26:03,1240,1,9.04516369048,-1.61867559524
2012-09-05 08:26:04,1241,1,7.76488095238,-1.2802827381
2012-09-05 08:26:05,1242,1,6.61212797619,-1.15275297619
2012-09-05 08:26:06,1243,1,5.46889880952,-1.14322916667
2012-09-05 08:26:07,1244,1,4.3359375,-1.13296130952
2012-09-05 08:26:08,1245,1,3.36569940476,-0.970238095238
2012-09-05 08:26:09,1246,1,2.80416666667,-0.561532738095
2012-09-05 08:26:10,1247,1,2.81793154762,0.0137648809524
2012-09-05 08:26:11,1248,1,3.36837797619,0.550446428571
2012-09-05 08:26:12,1249,1,4.38556547619,1.0171875
2012-09-05 08:26:13,1250,1,6.07693452381,1.69136904762
2012-09-05 08:26:14,1251,1,8.88117559524,2.80424107143
2012-09-05 08:26:15,1252,1,13.0567708333,4.1755952381
2012-09-05 08:26:16,1253,1,18.313764881,5.25699404762
2012-09-05 08:26:17,1254,1,23.7820684524,5.46830357143
2012-09-05 08:26:18,1255,1,28.4253720238,4.64330357143
2012-09-05 08:26:19,1256,1,31.6056547619,3.1802827381
2012-09-05 08:26:20,1257,1,33.2722470238,1.6665922619
2012-09-05 08:26:21,1258,1,33.7526041667,0.480357142857
2012-09-05 08:26:22,1259,1,33.4920386905,-0.260565476191
2012-09-05 08:26:23,1260,1,32.8839285714,-0.608110119048
2012-09-05 08:26:24,1261,1,32.1833333333,-0.700595238095
2012-09-05 08:26:25,1262,1,31.5082589286,-0.675074404762
2012-09-05 08:26:26,1263,1,30.8901785714,-0.618080357143
2012-09-05 08:26:27,1264,1,30.312797619,-0.577380952381
2012-09-05 08:26:28,1265,1,29.7341517857,-0.578645833333
2012-09-05 08:26:29,1266,1,29.1253720238,-0.608779761905
2012-09-05 08:26:30,1267,1,28.5154017857,-0.609970238095
2012-09-05 08:26:31,1268,1,28.0026041667,-0.512797619048
2012-09-05 08:26:32,1269,1,27.7107886905,-0.291815476191
2012-09-05 08:26:33,1270,1,27.6904761905,-0.0203125
2012-09-05 08:26:34,1271,1,27.8293154762,0.138839285714
2012-09-05 08:26:35,1272,1,27.8476190476,0.0183035714285
2012-09-05 08:26:36,1273,1,27.3796875,-0.467931547619
2012-09-05 08:26:37,1274,1,26.1023809524,-1.27730654762
2012-09-05 08:26:38,1275,1,23.8520833333,-2.25029761905
2012-09-05 08:26:39,1276,1,20.6648065476,-3.18727678571
2012-09-05 08:26:40,1277,1,16.740625,-3.92418154762
2012-09-05 08:26:41,1278,1,12.3927827381,-4.3478422619
2012-09-05 08:26:42,1279,1,8.05074404762,-4.34203869048
2012-09-05 08:26:43,1280,1,4.32630208333,-3.72444196429
2012-09-05 08:26:44,1281,1,0.0,-4.32630208333
2012-09-05 08:27:30,1327,46,0.0,0.0
2012-09-05 08:27:31,1328,1,2.71488095238,2.71488095238
2012-09-05 08:27:32,1329,1,5.20959821429,2.4947172619
2012-09-05 08:27:33,1330,1,8.25081845238,3.0412202381
2012-09-05 08:27:34,1331,1,11.2857886905,3.0349702381
2012-09-05 08:27:35,1332,1,13.922172619,2.63638392857
2012-09-05 08:27:36,1333,1,15.9234747024,2.00130208333
2012-09-05 08:27:37,1334,1,17.2220238095,1.29854910714
2012-09-05 08:27:38,1335,1,17.8985119048,0.676488095238
2012-09-05 08:27:39,1336,1,18.1350446429,0.236532738095
2012-09-05 08:27:40,1337,1,18.1848958333,0.0498511904762
2012-09-05 08:27:41,1338,1,18.3266369048,0.141741071429
2012-09-05 08:27:42,1339,1,18.7796130952,0.452976190476
2012-09-05 08:27:43,1340,1,19.6305059524,0.850892857143
2012-09-05 08:27:44,1341,1,20.8102678571,1.17976190476
2012-09-05 08:27:45,1342,1,22.1350446429,1.32477678571
2012-09-05 08:27:46,1343,1,23.4098958333,1.27485119048
2012-09-05 08:27:47,1344,1,24.5296875,1.11979166667
2012-09-05 08:27:48,1345,1,25.5022321429,0.972544642857
2012-09-05 08:27:49,1346,1,26.3936011905,0.891369047619
2012-09-05 08:27:50,1347,1,27.2341517857,0.840550595238
2012-09-05 08:27:51,1348,1,27.953125,0.718973214286
2012-09-05 08:27:52,1349,1,28.4134672619,0.460342261905
2012-09-05 08:27:53,1350,1,28.5152529762,0.101785714286
2012-09-05 08:27:54,1351,1,28.2601934524,-0.255059523809
2012-09-05 08:27:55,1352,1,27.7119791667,-0.548214285714
2012-09-05 08:27:56,1353,1,26.8838541667,-0.828125
2012-09-05 08:27:57,1354,1,25.6703869048,-1.2134672619
2012-09-05 08:27:58,1355,1,23.8993303571,-1.77105654762
2012-09-05 08:27:59,1356,1,21.4600446429,-2.43928571429
2012-09-05 08:28:00,1357,1,18.4250744048,-3.0349702381
2012-09-05 08:28:01,1358,1,15.0816220238,-3.34345238095
2012-09-05 08:28:02,1359,1,11.8241071429,-3.25751488095
2012-09-05 08:28:03,1360,1,8.95280257937,-2.87130456349
2012-09-05 08:28:04,1361,1,6.50907738095,-2.44372519841
2012-09-05 08:28:05,1362,1,4.34352678571,-2.16555059524
2012-09-05 08:28:06,1363,1,2.48861607143,-1.85491071429
2012-09-05 08:28:07,1364,1,0.0,-2.48861607143
2012-09-05 08:28:52,1409,45,0.0,0.0
2012-09-05 08:28:53,1410,1,4.2917906746,4.2917906746
2012-09-05 08:28:54,1411,1,7.65208333333,3.36029265873
2012-09-05 08:28:55,1412,1,11.1045386905,3.45245535714
2012-09-05 08:28:56,1413,1,13.9017857143,2.79724702381
2012-09-05 08:28:57,1414,1,15.7317708333,1.82998511905
2012-09-05 08:28:58,1415,1,16.6872767857,0.955505952381
2012-09-05 08:28:59,1416,1,17.180406746,0.493129960317
2012-09-05 08:29:00,1417,1,17.8068700397,0.626463293651
2012-09-05 08:29:01,1418,1,19.1445684524,1.3376984127
2012-09-05 08:29:02,1419,1,21.5119047619,2.36733630952
2012-09-05 08:29:03,1420,1,24.8117559524,3.29985119048
2012-09-05 08:29:04,1421,1,28.5774553571,3.76569940476
2012-09-05 08:29:05,1422,1,32.184672619,3.6072172619
2012-09-05 08:29:06,1423,1,35.1136904762,2.92901785714
2012-09-05 08:29:07,1424,1,37.1408482143,2.0271577381
2012-09-05 08:29:08,1425,1,38.3601934524,1.2193452381
2012-09-05 08:29:09,1426,1,39.0598214286,0.69962797619
2012-09-05 08:29:10,1427,1,39.5689732143,0.509151785714
2012-09-05 08:29:11,1428,1,40.1358630952,0.566889880952
2012-09-05 08:29:12,1429,1,40.841889881,0.706026785714
2012-09-05 08:29:13,1430,1,41.577827381,0.7359375
2012-09-05 08:29:14,1431,1,42.1155505952,0.537723214286
2012-09-05 08:29:15,1432,1,42.262797619,0.14724702381
2012-09-05 08:29:16,1433,1,42.0040922619,-0.258705357143
2012-09-05 08:29:17,1434,1,41.4994791667,-0.504613095238
2012-09-05 08:29:18,1435,1,40.9432291667,-0.55625
2012-09-05 08:29:19,1436,1,40.4392857143,-0.503943452381
2012-09-05 08:29:20,1437,1,39.9919642857,-0.447321428571
2012-09-05 08:29:21,1438,1,39.5683779762,-0.423586309524
2012-09-05 08:29:22,1439,1,39.176264881,-0.392113095238
2012-09-05 08:29:23,1440,1,38.9049107143,-0.271354166667
2012-09-05 08:29:24,1441,1,38.8745535714,-0.0303571428571
2012-09-05 08:29:25,1442,1,39.1311011905,0.256547619048
2012-09-05 08:29:26,1443,1,39.573139881,0.442038690476
2012-09-05 08:29:27,1444,1,39.9632440476,0.390104166667
2012-09-05 08:29:28,1445,1,40.047172619,0.0839285714285
2012-09-05 08:29:29,1446,1,39.7145833333,-0.332589285714
2012-09-05 08:29:30,1447,1,39.0508184524,-0.663764880952
2012-09-05 08:29:31,1448,1,38.2357142857,-0.815104166667
2012-09-05 08:29:32,1449,1,37.4165178571,-0.819196428571
2012-09-05 08:29:33,1450,1,36.6767857143,-0.739732142857
2012-09-05 08:29:34,1451,1,36.0777529762,-0.599032738095
2012-09-05 08:29:35,1452,1,35.6759672619,-0.401785714286
2012-09-05 08:29:36,1453,1,35.4870535714,-0.188913690476
2012-09-05 08:29:37,1454,1,35.4470982143,-0.0399553571429
2012-09-05 08:29:38,1455,1,35.4283482143,-0.01875
2012-09-05 08:29:39,1456,1,35.3090029762,-0.119345238095
2012-09-05 08:29:40,1457,1,35.035639881,-0.273363095238
2012-09-05 08:29:41,1458,1,34.6086309524,-0.427008928572
2012-09-05 08:29:42,1459,1,33.9794642857,-0.629166666667
2012-09-05 08:29:43,1460,1,32.954985119,-1.02447916667
2012-09-05 08:29:44,1461,1,31.2665178571,-1.6884672619
2012-09-05 08:29:45,1462,1,28.8191220238,-2.44739583333
2012-09-05 08:29:46,1463,1,25.8828125,-2.93630952381
2012-09-05 08:29:47,1464,1,22.9993303571,-2.88348214286
2012-09-05 08:29:48,1465,1,20.6660714286,-2.33325892857
2012-09-05 08:29:49,1466,1,19.0555803571,-1.61049107143
2012-09-05 08:29:50,1467,1,18.0043154762,-1.05126488095
2012-09-05 08:29:51,1468,1,17.2785714286,-0.725744047619
2012-09-05 08:29:52,1469,1,16.8303571429,-0.448214285714
2012-09-05 08:29:53,1470,1,16.7939732143,-0.0363839285714
2012-09-05 08:29:54,1471,1,17.312797619,0.518824404762
2012-09-05 08:29:55,1472,1,18.4064732143,1.09367559524
2012-09-05 08:29:56,1473,1,19.9520089286,1.54553571429
2012-09-05 08:29:57,1474,1,21.7467261905,1.7947172619
2012-09-05 08:29:58,1475,1,23.5695684524,1.8228422619
2012-09-05 08:29:59,1476,1,25.184375,1.61480654762
2012-09-05 08:30:00,1477,1,26.3647321429,1.18035714286
2012-09-05 08:30:01,1478,1,27.0192708333,0.654538690476
2012-09-05 08:30:02,1479,1,27.2980654762,0.278794642857
2012-09-05 08:30:03,1480,1,27.5234375,0.225372023809
2012-09-05 08:30:04,1481,1,27.9623511905,0.438913690476
2012-09-05 08:30:05,1482,1,28.5805803571,0.618229166667
2012-09-05 08:30:06,1483,1,28.9964285714,0.415848214286
2012-09-05 08:30:07,1484,1,28.7584077381,-0.238020833333
2012-09-05 08:30:08,1485,1,27.7075892857,-1.05081845238
2012-09-05 08:30:09,1486,1,26.0723958333,-1.63519345238
2012-09-05 08:30:10,1487,1,24.2523065476,-1.82008928571
2012-09-05 08:30:11,1488,1,22.5078125,-1.74449404762
2012-09-05 08:30:12,1489,1,20.8269345238,-1.68087797619
2012-09-05 08:30:13,1490,1,19.0677827381,-1.75915178571
2012-09-05 08:30:14,1491,1,17.173139881,-1.89464285714
2012-09-05 08:30:15,1492,1,15.2290178571,-1.94412202381
2012-09-05 08:30:16,1493,1,13.3707589286,-1.85825892857
2012-09-05 08:30:17,1494,1,11.6544642857,-1.71629464286
2012-09-05 08:30:18,1495,1,10.0009672619,-1.65349702381
2012-09-05 08:30:19,1496,1,8.27433035714,-1.72663690476
2012-09-05 08:30:20,1497,1,6.44717261905,-1.8271577381
2012-09-05 08:30:21,1498,1,4.72931547619,-1.71785714286
2012-09-05 08:30:22,1499,1,3.56644345238,-1.16287202381
2012-09-05 08:30:23,1500,1,3.45327380952,-0.113169642857
2012-09-05 08:30:24,1501,1,4.61927083333,1.16599702381
2012-09-05 08:30:25,1502,1,6.83482142857,2.21555059524
2012-09-05 08:30:26,1503,1,9.51175595238,2.67693452381
2012-09-05 08:30:27,1504,1,12.0068452381,2.49508928571
2012-09-05 08:30:28,1505,1,13.9166666667,1.90982142857
2012-09-05 08:30:29,1506,1,15.1552083333,1.23854166667
2012-09-05 08:30:30,1507,1,15.7977678571,0.64255952381
2012-09-05 08:30:31,1508,1,15.9191964286,0.121428571429
2012-09-05 08:30:32,1509,1,15.5651785714,-0.354017857143
2012-09-05 08:30:33,1510,1,14.8045386905,-0.760639880952
2012-09-05 08:30:34,1511,1,13.7759672619,-1.02857142857
2012-09-05 08:30:35,1512,1,12.6468005952,-1.12916666667
2012-09-05 08:30:36,1513,1,11.5101934524,-1.13660714286
2012-09-05 08:30:37,1514,1,10.3476190476,-1.16257440476
2012-09-05 08:30:38,1515,1,9.08638392857,-1.26123511905
2012-09-05 08:30:39,1516,1,7.7084077381,-1.37797619048
2012-09-05 08:30:40,1517,1,6.37552083333,-1.33288690476
2012-09-05 08:30:41,1518,1,5.45974702381,-0.915773809524
2012-09-05 08:30:42,1519,1,5.37083333333,-0.0889136904762
2012-09-05 08:30:43,1520,1,6.29099702381,0.920163690476
2012-09-05 08:30:44,1521,1,8.06428571429,1.77328869048
2012-09-05 08:30:45,1522,1,10.3365327381,2.27224702381
2012-09-05 08:30:46,1523,1,12.7970982143,2.46056547619
2012-09-05 08:30:47,1524,1,15.2962797619,2.49918154762
2012-09-05 08:30:48,1525,1,17.7595238095,2.46324404762
2012-09-05 08:30:49,1526,1,20.0398809524,2.28035714286
2012-09-05 08:30:50,1527,1,21.9052083333,1.86532738095
2012-09-05 08:30:51,1528,1,23.179389881,1.27418154762
2012-09-05 08:30:52,1529,1,23.8751488095,0.695758928571
2012-09-05 08:30:53,1530,1,24.1910714286,0.315922619048
2012-09-05 08:30:54,1531,1,24.399702381,0.208630952381
2012-09-05 08:30:55,1532,1,24.7244047619,0.324702380952
2012-09-05 08:30:56,1533,1,25.2761160714,0.551711309524
2012-09-05 08:30:57,1534,1,26.0602678571,0.784151785714
2012-09-05 08:30:58,1535,1,27.0022321429,0.941964285714
2012-09-05 08:30:59,1536,1,27.9493303571,0.947098214286
2012-09-05 08:31:00,1537,1,28.6904761905,0.741145833333
2012-09-05 08:31:01,1538,1,29.0400297619,0.349553571429
2012-09-05 08:31:02,1539,1,28.9384672619,-0.1015625
2012-09-05 08:31:03,1540,1,28.4956845238,-0.442782738095
2012-09-05 08:31:04,1541,1,27.9555803571,-0.540104166667
2012-09-05 08:31:05,1542,1,27.5966517857,-0.358928571429
2012-09-05 08:31:06,1543,1,27.6210565476,0.0244047619047
2012-09-05 08:31:07,1544,1,28.100297619,0.479241071429
2012-09-05 08:31:08,1545,1,28.9889136905,0.888616071429
2012-09-05 08:31:09,1546,1,30.1729910714,1.18407738095
2012-09-05 08:31:10,1547,1,31.5164434524,1.34345238095
2012-09-05 08:31:11,1548,1,32.8648809524,1.3484375
2012-09-05 08:31:12,1549,1,34.0276041667,1.16272321429
2012-09-05 08:31:13,1550,1,34.8203869048,0.792782738095
2012-09-05 08:31:14,1551,1,35.1658482143,0.345461309524
2012-09-05 08:31:15,1552,1,35.144047619,-0.0218005952381
2012-09-05 08:31:16,1553,1,34.9247767857,-0.219270833333
2012-09-05 08:31:17,1554,1,34.6321428571,-0.292633928571
2012-09-05 08:31:18,1555,1,34.2787946429,-0.353348214286
2012-09-05 08:31:19,1556,1,33.8364583333,-0.442336309524
2012-09-05 08:31:20,1557,1,33.3325892857,-0.503869047619
2012-09-05 08:31:21,1558,1,32.846577381,-0.486011904762
2012-09-05 08:31:22,1559,1,32.4321428571,-0.414434523809
2012-09-05 08:31:23,1560,1,32.0802083333,-0.35193452381
2012-09-05 08:31:24,1561,1,31.7701636905,-0.310044642857
2012-09-05 08:31:25,1562,1,31.5258928571,-0.244270833333
2012-09-05 08:31:26,1563,1,31.3823660714,-0.143526785714
2012-09-05 08:31:27,1564,1,31.320610119,-0.061755952381
2012-09-05 08:31:28,1565,1,31.2865327381,-0.0340773809524
2012-09-05 08:31:29,1566,1,31.265625,-0.0209077380952
2012-09-05 08:31:30,1567,1,31.2993303571,0.0337053571429
2012-09-05 08:31:31,1568,1,31.4254464286,0.126116071429
2012-09-05 08:31:32,1569,1,31.6232142857,0.197767857143
2012-09-05 08:31:33,1570,1,31.8363095238,0.213095238095
2012-09-05 08:31:34,1571,1,32.058110119,0.221800595238
2012-09-05 08:31:35,1572,1,32.3524553571,0.294345238095
2012-09-05 08:31:36,1573,1,32.7446428571,0.3921875
2012-09-05 08:31:37,1574,1,33.1284970238,0.383854166667
2012-09-05 08:31:38,1575,1,33.3245535714,0.196056547619
2012-09-05 08:31:39,1576,1,33.220014881,-0.104538690476
2012-09-05 08:31:40,1577,1,32.8574404762,-0.362574404762
2012-09-05 08:31:41,1578,1,32.3892857143,-0.468154761905
2012-09-05 08:31:42,1579,1,31.9270089286,-0.462276785714
2012-09-05 08:31:43,1580,1,31.4571428571,-0.469866071428
2012-09-05 08:31:44,1581,1,30.9170386905,-0.540104166667
2012-09-05 08:31:45,1582,1,30.3057291667,-0.611309523809
2012-09-05 08:31:46,1583,1,29.7002232143,-0.605505952381
2012-09-05 08:31:47,1584,1,29.1938244048,-0.506398809524
2012-09-05 08:31:48,1585,1,28.8355654762,-0.358258928571
2012-09-05 08:31:49,1586,1,28.6141369048,-0.221428571429
2012-09-05 08:31:50,1587,1,28.4757440476,-0.138392857143
2012-09-05 08:31:51,1588,1,28.3386904762,-0.137053571428
2012-09-05 08:31:52,1589,1,28.1017857143,-0.236904761905
2012-09-05 08:31:53,1590,1,27.7010416667,-0.400744047619
2012-09-05 08:31:54,1591,1,27.1861607143,-0.514880952381
2012-09-05 08:31:55,1592,1,26.6745535714,-0.511607142857
2012-09-05 08:31:56,1593,1,26.2151785714,-0.459375
2012-09-05 08:31:57,1594,1,25.7598214286,-0.455357142857
2012-09-05 08:31:58,1595,1,25.2490327381,-0.510788690476
2012-09-05 08:31:59,1596,1,24.684375,-0.564657738095
2012-09-05 08:32:00,1597,1,24.1348958333,-0.549479166667
2012-09-05 08:32:01,1598,1,23.6720982143,-0.462797619048
2012-09-05 08:32:02,1599,1,23.3033482143,-0.36875
2012-09-05 08:32:03,1600,1,22.9867559524,-0.316592261905
2012-09-05 08:32:04,1601,1,22.6883928571,-0.298363095238
2012-09-05 08:32:05,1602,1,22.432514881,-0.255877976191
2012-09-05 08:32:06,1603,1,22.328125,-0.104389880952
2012-09-05 08:32:07,1604,1,22.5127232143,0.184598214286
2012-09-05 08:32:08,1605,1,23.0110119048,0.498288690476
2012-09-05 08:32:09,1606,1,23.6394345238,0.628422619048
2012-09-05 08:32:10,1607,1,24.0900297619,0.450595238095
2012-09-05 08:32:11,1608,1,24.1439732143,0.0539434523809
2012-09-05 08:32:12,1609,1,23.8040922619,-0.339880952381
2012-09-05 08:32:13,1610,1,23.2234375,-0.580654761905
2012-09-05 08:32:14,1611,1,22.5319940476,-0.691443452381
2012-09-05 08:32:15,1612,1,21.759672619,-0.772321428571
2012-09-05 08:32:16,1613,1,20.9095982143,-0.850074404762
2012-09-05 08:32:17,1614,1,20.030952381,-0.878645833333
2012-09-05 08:32:18,1615,1,19.1840029762,-0.846949404762
2012-09-05 08:32:19,1616,1,18.3668154762,-0.8171875
2012-09-05 08:32:20,1617,1,17.4821428571,-0.884672619048
2012-09-05 08:32:21,1618,1,16.3735863095,-1.10855654762
2012-09-05 08:32:22,1619,1,14.9408482143,-1.43273809524
2012-09-05 08:32:23,1620,1,13.2674107143,-1.6734375
2012-09-05 08:32:24,1621,1,11.6701636905,-1.59724702381
2012-09-05 08:32:25,1622,1,10.6058035714,-1.06436011905
2012-09-05 08:32:26,1623,1,10.4031994048,-0.202604166667
2012-09-05 08:32:27,1624,1,10.9941964286,0.590997023809
2012-09-05 08:32:28,1625,1,11.9263392857,0.932142857143
2012-09-05 08:32:29,1626,1,12.655952381,0.729613095238
2012-09-05 08:32:30,1627,1,12.8593005952,0.203348214286
2012-09-05 08:32:31,1628,1,12.5542410714,-0.30505952381
2012-09-05 08:32:32,1629,1,11.9928571429,-0.561383928571
2012-09-05 08:32:33,1630,1,11.459672619,-0.533184523809
2012-09-05 08:32:34,1631,1,11.1564732143,-0.303199404762
2012-09-05 08:32:35,1632,1,11.2008928571,0.0444196428572
2012-09-05 08:32:36,1633,1,11.6360119048,0.435119047619
2012-09-05 08:32:37,1634,1,12.4023065476,0.766294642857
2012-09-05 08:32:38,1635,1,13.3404761905,0.938169642857
2012-09-05 08:32:39,1636,1,14.2560267857,0.915550595238
2012-09-05 08:32:40,1637,1,14.9761904762,0.720163690476
2012-09-05 08:32:41,1638,1,15.3790922619,0.402901785714
2012-09-05 08:32:42,1639,1,15.4145833333,0.0354910714285
2012-09-05 08:32:43,1640,1,15.1086309524,-0.305952380952
2012-09-05 08:32:44,1641,1,14.5864583333,-0.522172619048
2012-09-05 08:32:45,1642,1,14.1126488095,-0.47380952381
2012-09-05 08:32:46,1643,1,14.0324404762,-0.0802083333333
2012-09-05 08:32:47,1644,1,14.5741815476,0.541741071429
2012-09-05 08:32:48,1645,1,15.6654761905,1.09129464286
2012-09-05 08:32:49,1646,1,16.9375,1.27202380952
2012-09-05 08:32:50,1647,1,17.9110863095,0.973586309524
2012-09-05 08:32:51,1648,1,18.2061755952,0.295089285714
2012-09-05 08:32:52,1649,1,17.6416666667,-0.564508928571
2012-09-05 08:32:53,1650,1,16.2061458333,-1.43552083333
2012-09-05 08:32:54,1651,1,13.9870089286,-2.21913690476
2012-09-05 08:32:55,1652,1,11.1852678571,-2.80174107143
2012-09-05 08:32:56,1653,1,8.20254464286,-2.98272321429
2012-09-05 08:32:57,1654,1,5.60178571429,-2.60075892857
2012-09-05 08:32:58,1655,1,3.8634375,-1.73834821429
2012-09-05 08:32:59,1656,1,3.14839285714,-0.715044642857
2012-09-05 08:33:00,1657,1,3.2971577381,0.148764880952
2012-09-05 08:33:01,1658,1,4.05120535714,0.754047619048
2012-09-05 08:33:02,1659,1,5.23717261905,1.1859672619
2012-09-05 08:33:03,1660,1,6.69303571429,1.45586309524
2012-09-05 08:33:04,1661,1,8.09300595238,1.3999702381
2012-09-05 08:33:05,1662,1,8.98473214286,0.891726190476
2012-09-05 08:33:06,1663,1,9.04955357143,0.0648214285714
2012-09-05 08:33:07,1664,1,8.34394345238,-0.705610119048
2012-09-05 08:33:08,1665,1,7.32145833333,-1.02248511905
2012-09-05 08:33:09,1666,1,6.62008928571,-0.701369047619
2012-09-05 08:33:10,1667,1,6.7665922619,0.14650297619
2012-09-05 08:33:11,1668,1,7.96830357143,1.20171130952
2012-09-05 08:33:12,1669,1,10.0720238095,2.1037202381
2012-09-05 08:33:13,1670,1,12.6674107143,2.59538690476
2012-09-05 08:33:14,1671,1,15.2618303571,2.59441964286
2012-09-05 08:33:15,1672,1,17.4490327381,2.18720238095
2012-09-05 08:33:16,1673,1,18.9897321429,1.54069940476
2012-09-05 08:33:17,1674,1,19.8022321429,0.8125
2012-09-05 08:33:18,1675,1,19.956547619,0.154315476191
2012-09-05 08:33:19,1676,1,19.6676339286,-0.288913690476
2012-09-05 08:33:20,1677,1,19.2045386905,-0.463095238095
2012-09-05 08:33:21,1678,1,18.7896577381,-0.414880952381
2012-09-05 08:33:22,1679,1,18.6044642857,-0.185193452381
2012-09-05 08:33:23,1680,1,18.8116071429,0.207142857143
2012-09-05 08:33:24,1681,1,19.4816220238,0.670014880952
2012-09-05 08:33:25,1682,1,20.5155505952,1.03392857143
2012-09-05 08:33:26,1683,1,21.6908482143,1.17529761905
2012-09-05 08:33:27,1684,1,22.8072172619,1.11636904762
2012-09-05 08:33:28,1685,1,23.7928571429,0.985639880952
2012-09-05 08:33:29,1686,1,24.661235119,0.868377976191
2012-09-05 08:33:30,1687,1,25.38125,0.720014880952
2012-09-05 08:33:31,1688,1,25.8334821429,0.452232142857
2012-09-05 08:33:32,1689,1,25.921875,0.0883928571429
2012-09-05 08:33:33,1690,1,25.73125,-0.190625
2012-09-05 08:33:34,1691,1,25.5477678571,-0.183482142857
2012-09-05 08:33:35,1692,1,25.6859375,0.138169642857
2012-09-05 08:33:36,1693,1,26.2747767857,0.588839285714
2012-09-05 08:33:37,1694,1,27.1823660714,0.907589285714
2012-09-05 08:33:38,1695,1,28.1130952381,0.930729166667
2012-09-05 08:33:39,1696,1,28.7841517857,0.671056547619
2012-09-05 08:33:40,1697,1,29.0492559524,0.265104166667
2012-09-05 08:33:41,1698,1,28.9087053571,-0.140550595238
2012-09-05 08:33:42,1699,1,28.4510416667,-0.457663690476
2012-09-05 08:33:43,1700,1,27.7942708333,-0.656770833333
2012-09-05 08:33:44,1701,1,27.0485863095,-0.74568452381
2012-09-05 08:33:45,1702,1,26.2869791667,-0.761607142857
2012-09-05 08:33:46,1703,1,25.5258184524,-0.761160714286
2012-09-05 08:33:47,1704,1,24.7380952381,-0.787723214286
2012-09-05 08:33:48,1705,1,23.8910714286,-0.847023809524
2012-09-05 08:33:49,1706,1,22.985639881,-0.905431547619
2012-09-05 08:33:50,1707,1,22.1022321429,-0.883407738095
2012-09-05 08:33:51,1708,1,21.4337797619,-0.668452380952
2012-09-05 08:33:52,1709,1,21.2395833333,-0.194196428571
2012-09-05 08:33:53,1710,1,21.6979166667,0.458333333333
2012-09-05 08:33:54,1711,1,22.7367559524,1.03883928571
2012-09-05 08:33:55,1712,1,23.9849702381,1.24821428571
2012-09-05 08:33:56,1713,1,24.9453869048,0.960416666667
2012-09-05 08:33:57,1714,1,25.3083333333,0.362946428571
2012-09-05 08:33:58,1715,1,25.1459077381,-0.162425595238
2012-09-05 08:33:59,1716,1,24.8017113095,-0.344196428571
2012-09-05 08:34:00,1717,1,24.5972470238,-0.204464285714
2012-09-05 08:34:01,1718,1,24.6560267857,0.0587797619048
2012-09-05 08:34:02,1719,1,24.9463541667,0.290327380952
2012-09-05 08:34:03,1720,1,25.3751488095,0.428794642857
2012-09-05 08:34:04,1721,1,25.8148809524,0.439732142857
2012-09-05 08:34:05,1722,1,26.1125744048,0.297693452381
2012-09-05 08:34:06,1723,1,26.1499255952,0.0373511904762
2012-09-05 08:34:07,1724,1,25.9415178571,-0.208407738095
2012-09-05 08:34:08,1725,1,25.6414434524,-0.300074404762
2012-09-05 08:34:09,1726,1,25.3828125,-0.258630952381
2012-09-05 08:34:10,1727,1,25.1293154762,-0.25349702381
2012-09-05 08:34:11,1728,1,24.7321428571,-0.397172619048
2012-09-05 08:34:12,1729,1,24.100297619,-0.631845238095
2012-09-05 08:34:13,1730,1,23.2738839286,-0.826413690476
2012-09-05 08:34:14,1731,1,22.3531994048,-0.92068452381
2012-09-05 08:34:15,1732,1,21.4144345238,-0.938764880952
2012-09-05 08:34:16,1733,1,20.5358630952,-0.878571428571
2012-09-05 08:34:17,1734,1,19.8831845238,-0.652678571429
2012-09-05 08:34:18,1735,1,19.7041666667,-0.179017857143
2012-09-05 08:34:19,1736,1,20.2025297619,0.498363095238
2012-09-05 08:34:20,1737,1,21.409077381,1.20654761905
2012-09-05 08:34:21,1738,1,23.1669642857,1.75788690476
2012-09-05 08:34:22,1739,1,25.2291666667,2.06220238095
2012-09-05 08:34:23,1740,1,27.3552083333,2.12604166667
2012-09-05 08:34:24,1741,1,29.3375,1.98229166667
2012-09-05 08:34:25,1742,1,31.0138392857,1.67633928571
2012-09-05 08:34:26,1743,1,32.2990327381,1.28519345238
2012-09-05 08:34:27,1744,1,33.1837797619,0.88474702381
2012-09-05 08:34:28,1745,1,33.6923363095,0.508556547619
2012-09-05 08:34:29,1746,1,33.8425595238,0.150223214286
2012-09-05 08:34:30,1747,1,33.6480654762,-0.194494047619
2012-09-05 08:34:31,1748,1,33.1827380952,-0.465327380952
2012-09-05 08:34:32,1749,1,32.6332589286,-0.549479166667
2012-09-05 08:34:33,1750,1,32.2382440476,-0.395014880952
2012-09-05 08:34:34,1751,1,32.1694196429,-0.0688244047619
2012-09-05 08:34:35,1752,1,32.4729166667,0.30349702381
2012-09-05 08:34:36,1753,1,33.0761160714,0.603199404762
2012-09-05 08:34:37,1754,1,33.8322916667,0.756175595238
2012-09-05 08:34:38,1755,1,34.5935267857,0.761235119048
2012-09-05 08:34:39,1756,1,35.2625744048,0.669047619048
2012-09-05 08:34:40,1757,1,35.8063244048,0.54375
2012-09-05 08:34:41,1758,1,36.2634672619,0.457142857143
2012-09-05 08:34:42,1759,1,36.726860119,0.463392857143
2012-09-05 08:34:43,1760,1,37.2869791667,0.560119047619
2012-09-05 08:34:44,1761,1,37.988764881,0.701785714286
2012-09-05 08:34:45,1762,1,38.8183779762,0.829613095238
2012-09-05 08:34:46,1763,1,39.6988095238,0.880431547619
2012-09-05 08:34:47,1764,1,40.5016369048,0.802827380952
2012-09-05 08:34:48,1765,1,41.0850446429,0.583407738095
2012-09-05 08:34:49,1766,1,41.3587797619,0.273735119048
2012-09-05 08:34:50,1767,1,41.3448660714,-0.0139136904762
2012-09-05 08:34:51,1768,1,41.1678571429,-0.177008928571
2012-09-05 08:34:52,1769,1,40.9781994048,-0.189657738095
2012-09-05 08:34:53,1770,1,40.8789434524,-0.0992559523809
2012-09-05 08:34:54,1771,1,40.8808035714,0.0018601190476
2012-09-05 08:34:55,1772,1,40.8688244048,-0.0119791666667
2012-09-05 08:34:56,1773,1,40.5834821429,-0.285342261905
2012-09-05 08:34:57,1774,1,39.6892857143,-0.894196428571
2012-09-05 08:34:58,1775,1,37.9982142857,-1.69107142857
2012-09-05 08:34:59,1776,1,35.7100446429,-2.28816964286
2012-09-05 08:35:00,1777,1,33.4206845238,-2.28936011905
2012-09-05 08:35:01,1778,1,31.8420386905,-1.57864583333
2012-09-05 08:35:02,1779,1,31.4216517857,-0.420386904762
2012-09-05 08:35:03,1780,1,32.1404017857,0.71875
2012-09-05 08:35:04,1781,1,33.6182291667,1.47782738095
2012-09-05 08:35:05,1782,1,35.3867559524,1.76852678571
2012-09-05 08:35:06,1783,1,37.1095982143,1.7228422619
2012-09-05 08:35:07,1784,1,38.645014881,1.53541666667
2012-09-05 08:35:08,1785,1,39.9678571429,1.3228422619
2012-09-05 08:35:09,1786,1,41.0544642857,1.08660714286
2012-09-05 08:35:10,1787,1,41.8419642857,0.7875
2012-09-05 08:35:11,1788,1,42.2884672619,0.446502976191
2012-09-05 08:35:12,1789,1,42.445014881,0.156547619048
2012-09-05 08:35:13,1790,1,42.4445684524,-0.000446428571401
2012-09-05 08:35:14,1791,1,42.4371279762,-0.0074404761905
2012-09-05 08:35:15,1792,1,42.5286458333,0.0915178571428
2012-09-05 08:35:16,1793,1,42.7357142857,0.207068452381
2012-09-05 08:35:17,1794,1,42.9943452381,0.258630952381
2012-09-05 08:35:18,1795,1,43.2202380952,0.225892857143
2012-09-05 08:35:19,1796,1,43.3581845238,0.137946428571
2012-09-05 08:35:20,1797,1,43.4168154762,0.058630952381
2012-09-05 08:35:21,1798,1,43.487202381,0.0703869047619
2012-09-05 08:35:22,1799,1,43.6983630952,0.211160714286
2012-09-05 08:35:23,1800,1,44.1157738095,0.417410714286
2012-09-05 08:35:24,1801,1,44.6404017857,0.524627976191
2012-09-05 08:35:25,1802,1,44.9861607143,0.345758928571
2012-09-05 08:35:26,1803,1,44.8154761905,-0.17068452381
2012-09-05 08:35:27,1804,1,43.9798363095,-0.835639880952
2012-09-05 08:35:28,1805,1,42.6567708333,-1.32306547619
2012-09-05 08:35:29,1806,1,41.2459077381,-1.41086309524
2012-09-05 08:35:30,1807,1,40.1163690476,-1.12953869048
2012-09-05 08:35:31,1808,1,39.4189732143,-0.697395833333
2012-09-05 08:35:32,1809,1,39.083110119,-0.335863095238
2012-09-05 08:35:33,1810,1,38.9337797619,-0.149330357143
2012-09-05 08:35:34,1811,1,38.8031994048,-0.130580357143
2012-09-05 08:35:35,1812,1,38.5975446429,-0.205654761905
2012-09-05 08:35:36,1813,1,38.3177083333,-0.279836309524
2012-09-05 08:35:37,1814,1,38.0064732143,-0.311235119048
2012-09-05 08:35:38,1815,1,37.6380952381,-0.368377976191
2012-09-05 08:35:39,1816,1,37.0398065476,-0.598288690476
2012-09-05 08:35:40,1817,1,35.9556547619,-1.08415178571
2012-09-05 08:35:41,1818,1,34.2555059524,-1.70014880952
2012-09-05 08:35:42,1819,1,32.0911458333,-2.16436011905
2012-09-05 08:35:43,1820,1,29.8375,-2.25364583333
2012-09-05 08:35:44,1821,1,27.9159970238,-1.92150297619
2012-09-05 08:35:45,1822,1,26.6501488095,-1.26584821429
2012-09-05 08:35:46,1823,1,26.1986607143,-0.451488095238
2012-09-05 08:35:47,1824,1,26.5711309524,0.372470238095
2012-09-05 08:35:48,1825,1,27.6572916667,1.08616071429
2012-09-05 08:35:49,1826,1,29.2052827381,1.54799107143
2012-09-05 08:35:50,1827,1,30.8508184524,1.64553571429
2012-09-05 08:35:51,1828,1,32.2723958333,1.42157738095
2012-09-05 08:35:52,1829,1,33.3236607143,1.05126488095
2012-09-05 08:35:53,1830,1,34.0165922619,0.692931547619
2012-09-05 08:35:54,1831,1,34.4294642857,0.41287202381
2012-09-05 08:35:55,1832,1,34.628125,0.198660714286
2012-09-05 08:35:56,1833,1,34.6438988095,0.0157738095238
2012-09-05 08:35:57,1834,1,34.5558779762,-0.0880208333333
2012-09-05 08:35:58,1835,1,34.5890625,0.0331845238095
2012-09-05 08:35:59,1836,1,35.0587053571,0.469642857143
2012-09-05 08:36:00,1837,1,36.1855654762,1.12686011905
2012-09-05 08:36:01,1838,1,37.9414434524,1.75587797619
2012-09-05 08:36:02,1839,1,40.0240327381,2.08258928571
2012-09-05 08:36:03,1840,1,42.0111607143,1.98712797619
2012-09-05 08:36:04,1841,1,43.6242559524,1.6130952381
2012-09-05 08:36:05,1842,1,44.8650297619,1.24077380952
2012-09-05 08:36:06,1843,1,45.9027529762,1.03772321429
2012-09-05 08:36:07,1844,1,46.8747767857,0.972023809524
2012-09-05 08:36:08,1845,1,47.8108630952,0.936086309524
2012-09-05 08:36:09,1846,1,48.7066220238,0.895758928571
2012-09-05 08:36:10,1847,1,49.6159970238,0.909375
2012-09-05 08:36:11,1848,1,50.6281994048,1.01220238095
2012-09-05 08:36:12,1849,1,51.7450892857,1.11688988095
2012-09-05 08:36:13,1850,1,52.827827381,1.08273809524
2012-09-05 08:36:14,1851,1,53.708110119,0.880282738095
2012-09-05 08:36:15,1852,1,54.3493303571,0.641220238095
2012-09-05 08:36:16,1853,1,54.8915922619,0.542261904762
2012-09-05 08:36:17,1854,1,55.5453869048,0.653794642857
2012-09-05 08:36:18,1855,1,56.4337053571,0.888318452381
2012-09-05 08:36:19,1856,1,57.5148809524,1.08117559524
2012-09-05 08:36:20,1857,1,58.6341517857,1.11927083333
2012-09-05 08:36:21,1858,1,59.635639881,1.00148809524
2012-09-05 08:36:22,1859,1,60.440922619,0.805282738095
2012-09-05 08:36:23,1860,1,61.0656994048,0.624776785714
2012-09-05 08:36:24,1861,1,61.5899553571,0.524255952381
2012-09-05 08:36:25,1862,1,62.0974702381,0.507514880952
2012-09-05 08:36:26,1863,1,62.626264881,0.528794642857
2012-09-05 08:36:27,1864,1,63.1678571429,0.541592261905
2012-09-05 08:36:28,1865,1,63.6863095238,0.518452380952
2012-09-05 08:36:29,1866,1,64.1263392857,0.440029761905
2012-09-05 08:36:30,1867,1,64.4273065476,0.300967261905
2012-09-05 08:36:31,1868,1,64.546875,0.119568452381
2012-09-05 08:36:32,1869,1,64.4828869048,-0.0639880952381
2012-09-05 08:36:33,1870,1,64.2883184524,-0.194568452381
2012-09-05 08:36:34,1871,1,64.0570684524,-0.23125
2012-09-05 08:36:35,1872,1,63.8758928571,-0.181175595238
2012-09-05 08:36:36,1873,1,63.7863095238,-0.0895833333333
2012-09-05 08:36:37,1874,1,63.7833333333,-0.0029761904762
2012-09-05 08:36:38,1875,1,63.828125,0.0447916666667
2012-09-05 08:36:39,1876,1,63.8568452381,0.0287202380952
2012-09-05 08:36:40,1877,1,63.7951636905,-0.061681547619
2012-09-05 08:36:41,1878,1,63.5875,-0.207663690476
2012-09-05 08:36:42,1879,1,63.2338541667,-0.353645833333
2012-09-05 08:36:43,1880,1,62.8015625,-0.432291666667
2012-09-05 08:36:44,1881,1,62.3942708333,-0.407291666667
2012-09-05 08:36:45,1882,1,62.1179315476,-0.276339285714
2012-09-05 08:36:46,1883,1,62.0556547619,-0.0622767857143
2012-09-05 08:36:47,1884,1,62.2203869048,0.164732142857
2012-09-05 08:36:48,1885,1,62.5296130952,0.309226190476
2012-09-05 08:36:49,1886,1,62.8522321429,0.322619047619
2012-09-05 08:36:50,1887,1,63.0826636905,0.230431547619
2012-09-05 08:36:51,1888,1,63.1969494048,0.114285714286
2012-09-05 08:36:52,1889,1,63.2569196429,0.0599702380952
2012-09-05 08:36:53,1890,1,63.3314732143,0.0745535714286
2012-09-05 08:36:54,1891,1,63.4151785714,0.0837053571429
2012-09-05 08:36:55,1892,1,63.4430803571,0.0279017857143
2012-09-05 08:36:56,1893,1,63.3527529762,-0.0903273809524
2012-09-05 08:36:57,1894,1,63.116889881,-0.235863095238
2012-09-05 08:36:58,1895,1,62.7603422619,-0.356547619048
2012-09-05 08:36:59,1896,1,62.3651785714,-0.395163690476
2012-09-05 08:37:00,1897,1,62.0427083333,-0.322470238095
2012-09-05 08:37:01,1898,1,61.888764881,-0.153943452381
2012-09-05 08:37:02,1899,1,61.9252232143,0.0364583333333
2012-09-05 08:37:03,1900,1,62.0484375,0.123214285714
2012-09-05 08:37:04,1901,1,62.0654017857,0.0169642857143
2012-09-05 08:37:05,1902,1,61.813764881,-0.251636904762
2012-09-05 08:37:06,1903,1,61.2609375,-0.552827380952
2012-09-05 08:37:07,1904,1,60.5296875,-0.73125
2012-09-05 08:37:08,1905,1,59.8478422619,-0.681845238095
2012-09-05 08:37:09,1906,1,59.4272321429,-0.420610119048
2012-09-05 08:37:10,1907,1,59.3371279762,-0.0901041666666
2012-09-05 08:37:11,1908,1,59.4680803571,0.130952380952
2012-09-05 08:37:12,1909,1,59.6092261905,0.141145833333
2012-09-05 08:37:13,1910,1,59.5822916667,-0.0269345238095
2012-09-05 08:37:14,1911,1,59.3511904762,-0.231101190476
2012-09-05 08:37:15,1912,1,59.0255952381,-0.325595238095
2012-09-05 08:37:16,1913,1,58.7441220238,-0.281473214286
2012-09-05 08:37:17,1914,1,58.5505952381,-0.193526785714
2012-09-05 08:37:18,1915,1,58.3811755952,-0.169419642857
2012-09-05 08:37:19,1916,1,58.1522321429,-0.228943452381
2012-09-05 08:37:20,1917,1,57.8668154762,-0.285416666667
2012-09-05 08:37:21,1918,1,57.6572916667,-0.209523809524
2012-09-05 08:37:22,1919,1,57.7156994048,0.0584077380952
2012-09-05 08:37:23,1920,1,58.1564732143,0.440773809524
2012-09-05 08:37:24,1921,1,58.9168154762,0.760342261905
2012-09-05 08:37:25,1922,1,59.7688988095,0.852083333333
2012-09-05 08:37:26,1923,1,60.4465029762,0.677604166667
2012-09-05 08:37:27,1924,1,60.7943452381,0.347842261905
2012-09-05 08:37:28,1925,1,60.8223214286,0.0279761904762
2012-09-05 08:37:29,1926,1,60.6515625,-0.170758928571
2012-09-05 08:37:30,1927,1,60.4239583333,-0.227604166667
2012-09-05 08:37:31,1928,1,60.2383184524,-0.185639880952
2012-09-05 08:37:32,1929,1,60.1429315476,-0.095386904762
2012-09-05 08:37:33,1930,1,60.1605654762,0.0176339285715
2012-09-05 08:37:34,1931,1,60.2991071429,0.138541666667
2012-09-05 08:37:35,1932,1,60.5508928571,0.251785714286
2012-09-05 08:37:36,1933,1,60.9011904762,0.350297619048
2012-09-05 08:37:37,1934,1,61.3376488095,0.436458333333
2012-09-05 08:37:38,1935,1,61.853125,0.515476190476
2012-09-05 08:37:39,1936,1,62.4302083333,0.577083333333
2012-09-05 08:37:40,1937,1,62.9992559524,0.569047619048
2012-09-05 08:37:41,1938,1,63.4188988095,0.419642857143
2012-09-05 08:37:42,1939,1,63.5324404762,0.113541666667
2012-09-05 08:37:43,1940,1,63.2654761905,-0.266964285714
2012-09-05 08:37:44,1941,1,62.6872767857,-0.578199404762
2012-09-05 08:37:45,1942,1,62.0032738095,-0.684002976191
2012-09-05 08:37:46,1943,1,61.4910714286,-0.512202380952
2012-09-05 08:37:47,1944,1,61.4099702381,-0.0811011904762
2012-09-05 08:37:48,1945,1,61.9212053571,0.511235119048
2012-09-05 08:37:49,1946,1,63.0386904762,1.11748511905
2012-09-05 08:37:50,1947,1,64.6157738095,1.57708333333
2012-09-05 08:37:51,1948,1,66.3898809524,1.77410714286
2012-09-05 08:37:52,1949,1,68.0763392857,1.68645833333
2012-09-05 08:37:53,1950,1,69.4452380952,1.36889880952
2012-09-05 08:37:54,1951,1,70.3568452381,0.911607142857
2012-09-05 08:37:55,1952,1,70.7867559524,0.429910714286
2012-09-05 08:37:56,1953,1,70.8323660714,0.0456101190476
2012-09-05 08:37:57,1954,1,70.6743303571,-0.158035714286
2012-09-05 08:37:58,1955,1,70.509077381,-0.165252976191
2012-09-05 08:37:59,1956,1,70.4811011905,-0.0279761904762
2012-09-05 08:38:00,1957,1,70.6429315476,0.161830357143
2012-09-05 08:38:01,1958,1,70.9671875,0.324255952381
2012-09-05 08:38:02,1959,1,71.3895833333,0.422395833333
2012-09-05 08:38:03,1960,1,71.8397321429,0.450148809524
2012-09-05 08:38:04,1961,1,72.2554315476,0.415699404762
2012-09-05 08:38:05,1962,1,72.5924107143,0.336979166667
2012-09-05 08:38:06,1963,1,72.8281994048,0.235788690476
2012-09-05 08:38:07,1964,1,72.9655505952,0.137351190476
2012-09-05 08:38:08,1965,1,73.0384672619,0.0729166666666
2012-09-05 08:38:09,1966,1,73.1026785714,0.0642113095239
2012-09-05 08:38:10,1967,1,73.2048363095,0.102157738095
2012-09-05 08:38:11,1968,1,73.3620535714,0.157217261905
2012-09-05 08:38:12,1969,1,73.5723214286,0.210267857143
2012-09-05 08:38:13,1970,1,73.8255208333,0.253199404762
2012-09-05 08:38:14,1971,1,74.0881696429,0.262648809524
2012-09-05 08:38:15,1972,1,74.2924107143,0.204241071429
2012-09-05 08:38:16,1973,1,74.3677083333,0.0752976190476
2012-09-05 08:38:17,1974,1,74.2927083333,-0.075
2012-09-05 08:38:18,1975,1,74.1122767857,-0.180431547619
2012-09-05 08:38:19,1976,1,73.9046130952,-0.207663690476
2012-09-05 08:38:20,1977,1,73.7290922619,-0.175520833333
2012-09-05 08:38:21,1978,1,73.5963541667,-0.132738095238
2012-09-05 08:38:22,1979,1,73.4818452381,-0.114508928571
2012-09-05 08:38:23,1980,1,73.3587053571,-0.123139880952
2012-09-05 08:38:24,1981,1,73.215922619,-0.142782738095
2012-09-05 08:38:25,1982,1,73.0654017857,-0.150520833333
2012-09-05 08:38:26,1983,1,72.9412946429,-0.124107142857
2012-09-05 08:38:27,1984,1,72.8694940476,-0.0718005952381
2012-09-05 08:38:28,1985,1,72.8202380952,-0.0492559523809
2012-09-05 08:38:29,1986,1,72.7103422619,-0.109895833333
2012-09-05 08:38:30,1987,1,72.4818452381,-0.22849702381
2012-09-05 08:38:31,1988,1,72.1765625,-0.305282738095
2012-09-05 08:38:32,1989,1,71.9070684524,-0.269494047619
2012-09-05 08:38:33,1990,1,71.7360119048,-0.171056547619
2012-09-05 08:38:34,1991,1,71.5864583333,-0.149553571429
2012-09-05 08:38:35,1992,1,71.2886904762,-0.297767857143
2012-09-05 08:38:36,1993,1,70.7281994048,-0.560491071429
2012-09-05 08:38:37,1994,1,69.9537946429,-0.774404761905
2012-09-05 08:38:38,1995,1,69.1532738095,-0.800520833333
2012-09-05 08:38:39,1996,1,68.5283482143,-0.624925595238
2012-09-05 08:38:40,1997,1,68.175297619,-0.353050595238
2012-09-05 08:38:41,1998,1,68.0555059524,-0.119791666667
2012-09-05 08:38:42,1999,1,68.0582589286,0.00275297619051
2012-09-05 08:38:43,2000,1,68.096875,0.0386160714286
2012-09-05 08:38:44,2001,1,68.165625,0.06875
2012-09-05 08:38:45,2002,1,68.320014881,0.154389880952
2012-09-05 08:38:46,2003,1,68.6048363095,0.284821428571
2012-09-05 08:38:47,2004,1,68.9885416667,0.383705357143
2012-09-05 08:38:48,2005,1,69.3640625,0.375520833333
2012-09-05 08:38:49,2006,1,69.6280505952,0.263988095238
2012-09-05 08:38:50,2007,1,69.7592261905,0.131175595238
2012-09-05 08:38:51,2008,1,69.8171130952,0.0578869047619
2012-09-05 08:38:52,2009,1,69.882514881,0.0654017857143
2012-09-05 08:38:53,2010,1,70.0002232143,0.117708333333
2012-09-05 08:38:54,2011,1,70.1611607143,0.1609375
2012-09-05 08:38:55,2012,1,70.3348958333,0.173735119048
2012-09-05 08:38:56,2013,1,70.5088541667,0.173958333333
2012-09-05 08:38:57,2014,1,70.6845238095,0.175669642857
2012-09-05 08:38:58,2015,1,70.8540922619,0.169568452381
2012-09-05 08:38:59,2016,1,70.9965029762,0.142410714286
2012-09-05 08:39:00,2017,1,71.0899553571,0.0934523809524
2012-09-05 08:39:01,2018,1,71.1280505952,0.0380952380952
2012-09-05 08:39:02,2019,1,71.122172619,-0.00587797619049
2012-09-05 08:39:03,2020,1,71.0783482143,-0.0438244047619
2012-09-05 08:39:04,2021,1,70.9767113095,-0.101636904762
2012-09-05 08:39:05,2022,1,70.7857142857,-0.190997023809
2012-09-05 08:39:06,2023,1,70.4991071429,-0.286607142857
2012-09-05 08:39:07,2024,1,70.1614583333,-0.337648809524
2012-09-05 08:39:08,2025,1,69.857514881,-0.303943452381
2012-09-05 08:39:09,2026,1,69.6661458333,-0.191369047619
2012-09-05 08:39:10,2027,1,69.6178571429,-0.0482886904762
2012-09-05 08:39:11,2028,1,69.6932291667,0.0753720238096
2012-09-05 08:39:12,2029,1,69.847172619,0.153943452381
2012-09-05 08:39:13,2030,1,70.0279761905,0.180803571429
2012-09-05 08:39:14,2031,1,70.190922619,0.162946428571
2012-09-05 08:39:15,2032,1,70.3139136905,0.122991071429
2012-09-05 08:39:16,2033,1,70.409672619,0.0957589285714
2012-09-05 08:39:17,2034,1,70.5232142857,0.113541666667
2012-09-05 08:39:18,2035,1,70.7057291667,0.182514880952
2012-09-05 08:39:19,2036,1,70.9756696429,0.26994047619
2012-09-05 08:39:20,2037,1,71.2977678571,0.322098214286
2012-09-05 08:39:21,2038,1,71.5992559524,0.301488095238
2012-09-05 08:39:22,2039,1,71.8105654762,0.21130952381
2012-09-05 08:39:23,2040,1,71.9011160714,0.0905505952381
2012-09-05 08:39:24,2041,1,71.8894345238,-0.0116815476191
2012-09-05 08:39:25,2042,1,71.8235119048,-0.0659226190476
2012-09-05 08:39:26,2043,1,71.7455357143,-0.0779761904762
2012-09-05 08:39:27,2044,1,71.666889881,-0.0786458333333
2012-09-05 08:39:28,2045,1,71.5676339286,-0.099255952381
2012-09-05 08:39:29,2046,1,71.4186755952,-0.148958333333
2012-09-05 08:39:30,2047,1,71.2165922619,-0.202083333333
2012-09-05 08:39:31,2048,1,71.0051339286,-0.211458333333
2012-09-05 08:39:32,2049,1,70.8615327381,-0.143601190476
2012-09-05 08:39:33,2050,1,70.8551339286,-0.0063988095238
2012-09-05 08:39:34,2051,1,71.0011160714,0.145982142857
2012-09-05 08:39:35,2052,1,71.2414434524,0.240327380952
2012-09-05 08:39:36,2053,1,71.4760416667,0.234598214286
2012-09-05 08:39:37,2054,1,71.6177827381,0.141741071428
2012-09-05 08:39:38,2055,1,71.6255952381,0.0078125
2012-09-05 08:39:39,2056,1,71.5101934524,-0.115401785714
2012-09-05 08:39:40,2057,1,71.3294642857,-0.180729166667
2012-09-05 08:39:41,2058,1,71.1696428571,-0.159821428571
2012-09-05 08:39:42,2059,1,71.1073660714,-0.0622767857142
2012-09-05 08:39:43,2060,1,71.1769345238,0.0695684523809
2012-09-05 08:39:44,2061,1,71.3660714286,0.189136904762
2012-09-05 08:39:45,2062,1,71.6363839286,0.2703125
2012-09-05 08:39:46,2063,1,71.9433779762,0.306994047619
2012-09-05 08:39:47,2064,1,72.2260416667,0.282663690476
2012-09-05 08:39:48,2065,1,72.3850446429,0.15900297619
2012-09-05 08:39:49,2066,1,72.3099702381,-0.0750744047619
2012-09-05 08:39:50,2067,1,71.9622767857,-0.347693452381
2012-09-05 08:39:51,2068,1,71.4485863095,-0.51369047619
2012-09-05 08:39:52,2069,1,71.0052083333,-0.443377976191
2012-09-05 08:39:53,2070,1,70.8720982143,-0.133110119048
2012-09-05 08:39:54,2071,1,71.1414434524,0.269345238095
2012-09-05 08:39:55,2072,1,71.7061011905,0.564657738095
2012-09-05 08:39:56,2073,1,72.3533482143,0.647247023809
2012-09-05 08:39:57,2074,1,72.9223214286,0.568973214286
2012-09-05 08:39:58,2075,1,73.3788690476,0.456547619048
2012-09-05 08:39:59,2076,1,73.7582589286,0.379389880952
2012-09-05 08:40:00,2077,1,74.076860119,0.318601190476
2012-09-05 08:40:01,2078,1,74.3129464286,0.236086309524
2012-09-05 08:40:02,2079,1,74.4499255952,0.136979166667
2012-09-05 08:40:03,2080,1,74.5126488095,0.0627232142857
2012-09-05 08:40:04,2081,1,74.5438988095,0.03125
2012-09-05 08:40:05,2082,1,74.5522321429,0.0083333333333
2012-09-05 08:40:06,2083,1,74.5133928571,-0.0388392857143
2012-09-05 08:40:07,2084,1,74.4185267857,-0.0948660714285
2012-09-05 08:40:08,2085,1,74.276860119,-0.141666666667
2012-09-05 08:40:09,2086,1,74.0649553571,-0.211904761905
2012-09-05 08:40:10,2087,1,73.7127232143,-0.352232142857
2012-09-05 08:40:11,2088,1,73.162797619,-0.549925595238
2012-09-05 08:40:12,2089,1,72.4477678571,-0.715029761905
2012-09-05 08:40:13,2090,1,71.7116815476,-0.736086309524
2012-09-05 08:40:14,2091,1,71.1402529762,-0.571428571429
2012-09-05 08:40:15,2092,1,70.8386160714,-0.301636904762
2012-09-05 08:40:16,2093,1,70.7597470238,-0.0788690476191
2012-09-05 08:40:17,2094,1,70.7539434524,-0.0058035714286
2012-09-05 08:40:18,2095,1,70.6913690476,-0.0625744047619
2012-09-05 08:40:19,2096,1,70.552827381,-0.138541666667
2012-09-05 08:40:20,2097,1,70.4425595238,-0.110267857143
2012-09-05 08:40:21,2098,1,70.5191964286,0.0766369047619
2012-09-05 08:40:22,2099,1,70.8615327381,0.342336309524
2012-09-05 08:40:23,2100,1,71.3796875,0.518154761905
2012-09-05 08:40:24,2101,1,71.8790178571,0.499330357143
2012-09-05 08:40:25,2102,1,72.2023065476,0.323288690476
2012-09-05 08:40:26,2103,1,72.3125,0.110193452381
2012-09-05 08:40:27,2104,1,72.2813244048,-0.0311755952381
2012-09-05 08:40:28,2105,1,72.2063988095,-0.0749255952381
2012-09-05 08:40:29,2106,1,72.1276041667,-0.0787946428571
2012-09-05 08:40:30,2107,1,72.0304315476,-0.0971726190477
2012-09-05 08:40:31,2108,1,71.9077380952,-0.122693452381
2012-09-05 08:40:32,2109,1,71.7863095238,-0.121428571429
2012-09-05 08:40:33,2110,1,71.7009672619,-0.0853422619047
2012-09-05 08:40:34,2111,1,71.6591517857,-0.0418154761905
2012-09-05 08:40:35,2112,1,71.634672619,-0.0244791666667
2012-09-05 08:40:36,2113,1,71.594047619,-0.040625
2012-09-05 08:40:37,2114,1,71.5230654762,-0.0709821428571
2012-09-05 08:40:38,2115,1,71.4283482143,-0.0947172619048
2012-09-05 08:40:39,2116,1,71.3191220238,-0.109226190476
2012-09-05 08:40:40,2117,1,71.1895833333,-0.129538690476
2012-09-05 08:40:41,2118,1,71.0180803571,-0.17150297619
2012-09-05 08:40:42,2119,1,70.7801339286,-0.237946428572
2012-09-05 08:40:43,2120,1,70.4628720238,-0.317261904762
2012-09-05 08:40:44,2121,1,70.0799107143,-0.382961309524
2012-09-05 08:40:45,2122,1,69.6825892857,-0.397321428571
2012-09-05 08:40:46,2123,1,69.3444196429,-0.338169642857
2012-09-05 08:40:47,2124,1,69.1145833333,-0.229836309524
2012-09-05 08:40:48,2125,1,68.9839285714,-0.130654761905
2012-09-05 08:40:49,2126,1,68.9023065476,-0.0816220238096
2012-09-05 08:40:50,2127,1,68.8269345238,-0.0753720238095
2012-09-05 08:40:51,2128,1,68.7511904762,-0.075744047619
2012-09-05 08:40:52,2129,1,68.6931547619,-0.0580357142857
2012-09-05 08:40:53,2130,1,68.6709077381,-0.0222470238096
2012-09-05 08:40:54,2131,1,68.6965029762,0.0255952380953
2012-09-05 08:40:55,2132,1,68.7751488095,0.0786458333333
2012-09-05 08:40:56,2133,1,68.8902529762,0.115104166667
2012-09-05 08:40:57,2134,1,69.0024553571,0.112202380952
2012-09-05 08:40:58,2135,1,69.0798363095,0.0773809523809
2012-09-05 08:40:59,2136,1,69.127827381,0.0479910714286
2012-09-05 08:41:00,2137,1,69.1909970238,0.0631696428571
2012-09-05 08:41:01,2138,1,69.3197172619,0.128720238095
2012-09-05 08:41:02,2139,1,69.5229166667,0.203199404762
2012-09-05 08:41:03,2140,1,69.7613839286,0.238467261905
2012-09-05 08:41:04,2141,1,69.9930059524,0.23162202381
2012-09-05 08:41:05,2142,1,70.2119047619,0.218898809524
2012-09-05 08:41:06,2143,1,70.4441220238,0.232217261905
2012-09-05 08:41:07,2144,1,70.715922619,0.271800595238
2012-09-05 08:41:08,2145,1,71.023735119,0.3078125
2012-09-05 08:41:09,2146,1,71.3313988095,0.307663690476
2012-09-05 08:41:10,2147,1,71.5958333333,0.264434523809
2012-09-05 08:41:11,2148,1,71.7914434524,0.195610119048
2012-09-05 08:41:12,2149,1,71.9142113095,0.122767857143
2012-09-05 08:41:13,2150,1,71.9712053571,0.0569940476191
2012-09-05 08:41:14,2151,1,71.973139881,0.0019345238095
2012-09-05 08:41:15,2152,1,71.946875,-0.0262648809524
2012-09-05 08:41:16,2153,1,71.9509672619,0.00409226190479
2012-09-05 08:41:17,2154,1,72.0578125,0.106845238095
2012-09-05 08:41:18,2155,1,72.307514881,0.249702380952
2012-09-05 08:41:19,2156,1,72.6730654762,0.365550595238
2012-09-05 08:41:20,2157,1,73.0633184524,0.39025297619
2012-09-05 08:41:21,2158,1,73.3656994048,0.302380952381
2012-09-05 08:41:22,2159,1,73.501264881,0.135565476191
2012-09-05 08:41:23,2160,1,73.4473958333,-0.0538690476191
2012-09-05 08:41:24,2161,1,73.2189732143,-0.228422619048
2012-09-05 08:41:25,2162,1,72.8454613095,-0.373511904762
2012-09-05 08:41:26,2163,1,72.3664434524,-0.479017857143
2012-09-05 08:41:27,2164,1,71.8290922619,-0.537351190476
2012-09-05 08:41:28,2165,1,71.2765625,-0.552529761905
2012-09-05 08:41:29,2166,1,70.7388392857,-0.537723214286
2012-09-05 08:41:30,2167,1,70.235639881,-0.503199404762
2012-09-05 08:41:31,2168,1,69.7889880952,-0.446651785714
2012-09-05 08:41:32,2169,1,69.4285714286,-0.360416666667
2012-09-05 08:41:33,2170,1,69.1716517857,-0.256919642857
2012-09-05 08:41:34,2171,1,68.9955357143,-0.176116071429
2012-09-05 08:41:35,2172,1,68.8452380952,-0.150297619048
2012-09-05 08:41:36,2173,1,68.6817708333,-0.163467261905
2012-09-05 08:41:37,2174,1,68.5224702381,-0.159300595238
2012-09-05 08:41:38,2175,1,68.4264880952,-0.0959821428571
2012-09-05 08:41:39,2176,1,68.4396577381,0.0131696428571
2012-09-05 08:41:40,2177,1,68.5545386905,0.114880952381
2012-09-05 08:41:41,2178,1,68.7193452381,0.164806547619
2012-09-05 08:41:42,2179,1,68.883110119,0.163764880952
2012-09-05 08:41:43,2180,1,69.0295386905,0.146428571429
2012-09-05 08:41:44,2181,1,69.1656994048,0.136160714286
2012-09-05 08:41:45,2182,1,69.290625,0.124925595238
2012-09-05 08:41:46,2183,1,69.3844494048,0.0938244047619
2012-09-05 08:41:47,2184,1,69.4196428571,0.035193452381
2012-09-05 08:41:48,2185,1,69.3779017857,-0.0417410714286
2012-09-05 08:41:49,2186,1,69.262202381,-0.115699404762
2012-09-05 08:41:50,2187,1,69.094047619,-0.168154761905
2012-09-05 08:41:51,2188,1,68.8970982143,-0.196949404762
2012-09-05 08:41:52,2189,1,68.6858630952,-0.211235119048
2012-09-05 08:41:53,2190,1,68.4703869048,-0.215476190476
2012-09-05 08:41:54,2191,1,68.270610119,-0.199776785714
2012-09-05 08:41:55,2192,1,68.1261160714,-0.144494047619
2012-09-05 08:41:56,2193,1,68.0804315476,-0.0456845238096
2012-09-05 08:41:57,2194,1,68.1427827381,0.0623511904762
2012-09-05 08:41:58,2195,1,68.2703869048,0.127604166667
2012-09-05 08:41:59,2196,1,68.3972470238,0.126860119048
2012-09-05 08:42:00,2197,1,68.4808035714,0.0835565476191
2012-09-05 08:42:01,2198,1,68.5194940476,0.0386904761904
2012-09-05 08:42:02,2199,1,68.526860119,0.00736607142859
2012-09-05 08:42:03,2200,1,68.5001488095,-0.0267113095238
2012-09-05 08:42:04,2201,1,68.4301339286,-0.0700148809524
2012-09-05 08:42:05,2202,1,68.3430803571,-0.0870535714285
2012-09-05 08:42:06,2203,1,68.3226190476,-0.0204613095238
2012-09-05 08:42:07,2204,1,68.480952381,0.158333333333
2012-09-05 08:42:08,2205,1,68.8951636905,0.414211309524
2012-09-05 08:42:09,2206,1,69.5521577381,0.656994047619
2012-09-05 08:42:10,2207,1,70.3428571429,0.790699404762
2012-09-05 08:42:11,2208,1,71.1125,0.769642857143
2012-09-05 08:42:12,2209,1,71.7308779762,0.618377976191
2012-09-05 08:42:13,2210,1,72.1344494048,0.403571428571
2012-09-05 08:42:14,2211,1,72.3270833333,0.192633928571
2012-09-05 08:42:15,2212,1,72.3588541667,0.0317708333334
2012-09-05 08:42:16,2213,1,72.2965029762,-0.0623511904762
2012-09-05 08:42:17,2214,1,72.1947916667,-0.101711309524
2012-09-05 08:42:18,2215,1,72.0791666667,-0.115625
2012-09-05 08:42:19,2216,1,71.9360119048,-0.143154761905
2012-09-05 08:42:20,2217,1,71.7166666667,-0.219345238095
2012-09-05 08:42:21,2218,1,71.3755952381,-0.341071428571
2012-09-05 08:42:22,2219,1,70.9256696429,-0.449925595238
2012-09-05 08:42:23,2220,1,70.4566964286,-0.468973214286
2012-09-05 08:42:24,2221,1,70.0898809524,-0.36681547619
2012-09-05 08:42:25,2222,1,69.900297619,-0.189583333333
2012-09-05 08:42:26,2223,1,69.8676339286,-0.0326636904762
2012-09-05 08:42:27,2224,1,69.8948660714,0.0272321428572
2012-09-05 08:42:28,2225,1,69.8865327381,-0.0083333333334
2012-09-05 08:42:29,2226,1,69.8228422619,-0.0636904761905
2012-09-05 08:42:30,2227,1,69.7618303571,-0.0610119047618
2012-09-05 08:42:31,2228,1,69.7789434524,0.017113095238
2012-09-05 08:42:32,2229,1,69.9104166667,0.131473214286
2012-09-05 08:42:33,2230,1,70.1391369048,0.228720238095
2012-09-05 08:42:34,2231,1,70.4171130952,0.277976190476
2012-09-05 08:42:35,2232,1,70.6978422619,0.280729166667
2012-09-05 08:42:36,2233,1,70.9488839286,0.251041666667
2012-09-05 08:42:37,2234,1,71.1470238095,0.198139880952
2012-09-05 08:42:38,2235,1,71.284672619,0.137648809524
2012-09-05 08:42:39,2236,1,71.3805803571,0.0959077380953
2012-09-05 08:42:40,2237,1,71.4697172619,0.0891369047619
2012-09-05 08:42:41,2238,1,71.5866815476,0.116964285714
2012-09-05 08:42:42,2239,1,71.7540178571,0.167336309524
2012-09-05 08:42:43,2240,1,71.9662946429,0.212276785714
2012-09-05 08:42:44,2241,1,72.1905505952,0.224255952381
2012-09-05 08:42:45,2242,1,72.395610119,0.20505952381
2012-09-05 08:42:46,2243,1,72.5810267857,0.185416666667
2012-09-05 08:42:47,2244,1,72.7821428571,0.201116071429
2012-09-05 08:42:48,2245,1,73.0348214286,0.252678571429
2012-09-05 08:42:49,2246,1,73.3088541667,0.274032738095
2012-09-05 08:42:50,2247,1,73.4895089286,0.180654761905
2012-09-05 08:42:51,2248,1,73.4597470238,-0.0297619047619
2012-09-05 08:42:52,2249,1,73.2086309524,-0.251116071428
2012-09-05 08:42:53,2250,1,72.8530505952,-0.355580357143
2012-09-05 08:42:54,2251,1,72.5489583333,-0.304092261905
2012-09-05 08:42:55,2252,1,72.376860119,-0.172098214286
2012-09-05 08:42:56,2253,1,72.3076636905,-0.0691964285714
2012-09-05 08:42:57,2254,1,72.2608630952,-0.0468005952381
2012-09-05 08:42:58,2255,1,72.1773065476,-0.0835565476191
2012-09-05 08:42:59,2256,1,72.042485119,-0.134821428571
2012-09-05 08:43:00,2257,1,71.8619047619,-0.180580357143
2012-09-05 08:43:01,2258,1,71.6375,-0.224404761905
2012-09-05 08:43:02,2259,1,71.3773809524,-0.260119047619
2012-09-05 08:43:03,2260,1,71.1082589286,-0.26912202381
2012-09-05 08:43:04,2261,1,70.8615327381,-0.246726190476
2012-09-05 08:43:05,2262,1,70.6537202381,-0.2078125
2012-09-05 08:43:06,2263,1,70.4761904762,-0.177529761905
2012-09-05 08:43:07,2264,1,70.2974702381,-0.178720238095
2012-09-05 08:43:08,2265,1,70.0828869048,-0.214583333333
2012-09-05 08:43:09,2266,1,69.809672619,-0.273214285714
2012-09-05 08:43:10,2267,1,69.4714285714,-0.338244047619
2012-09-05 08:43:11,2268,1,69.0926339286,-0.378794642857
2012-09-05 08:43:12,2269,1,68.7334077381,-0.359226190476
2012-09-05 08:43:13,2270,1,68.4569196429,-0.276488095238
2012-09-05 08:43:14,2271,1,68.2866815476,-0.170238095238
2012-09-05 08:43:15,2272,1,68.2002232143,-0.0864583333333
2012-09-05 08:43:16,2273,1,68.1681547619,-0.0320684523809
2012-09-05 08:43:17,2274,1,68.1978422619,0.0296875
2012-09-05 08:43:18,2275,1,68.3337797619,0.1359375
2012-09-05 08:43:19,2276,1,68.610639881,0.276860119048
2012-09-05 08:43:20,2277,1,69.0025297619,0.391889880952
2012-09-05 08:43:21,2278,1,69.4220238095,0.419494047619
2012-09-05 08:43:22,2279,1,69.7723214286,0.350297619048
2012-09-05 08:43:23,2280,1,69.9953125,0.222991071429
2012-09-05 08:43:24,2281,1,70.0766369048,0.0813244047619
2012-09-05 08:43:25,2282,1,70.0314732143,-0.0451636904762
2012-09-05 08:43:26,2283,1,69.8972470238,-0.134226190476
2012-09-05 08:43:27,2284,1,69.7216517857,-0.175595238095
2012-09-05 08:43:28,2285,1,69.5371279762,-0.184523809524
2012-09-05 08:43:29,2286,1,69.3401041667,-0.197023809524
2012-09-05 08:43:30,2287,1,69.0959077381,-0.244196428571
2012-09-05 08:43:31,2288,1,68.761235119,-0.334672619048
2012-09-05 08:43:32,2289,1,68.2936755952,-0.467559523809
2012-09-05 08:43:33,2290,1,67.644047619,-0.649627976191
2012-09-05 08:43:34,2291,1,66.7526785714,-0.891369047619
2012-09-05 08:43:35,2292,1,65.5707589286,-1.18191964286
2012-09-05 08:43:36,2293,1,64.1247767857,-1.44598214286
2012-09-05 08:43:37,2294,1,62.5680059524,-1.55677083333
2012-09-05 08:43:38,2295,1,61.1102678571,-1.45773809524
2012-09-05 08:43:39,2296,1,59.869047619,-1.2412202381
2012-09-05 08:43:40,2297,1,58.8219494048,-1.04709821429
2012-09-05 08:43:41,2298,1,57.9002232143,-0.921726190476
2012-09-05 08:43:42,2299,1,57.0788690476,-0.821354166667
2012-09-05 08:43:43,2300,1,56.3640625,-0.714806547619
2012-09-05 08:43:44,2301,1,55.7360863095,-0.627976190476
2012-09-05 08:43:45,2302,1,55.1567708333,-0.579315476191
2012-09-05 08:43:46,2303,1,54.6501488095,-0.506622023809
2012-09-05 08:43:47,2304,1,54.3355654762,-0.314583333333
2012-09-05 08:43:48,2305,1,54.3208333333,-0.0147321428572
2012-09-05 08:43:49,2306,1,54.5576636905,0.236830357143
2012-09-05 08:43:50,2307,1,54.8482142857,0.290550595238
2012-09-05 08:43:51,2308,1,55.0042410714,0.156026785714
2012-09-05 08:43:52,2309,1,54.9707589286,-0.0334821428572
2012-09-05 08:43:53,2310,1,54.8134672619,-0.157291666667
2012-09-05 08:43:54,2311,1,54.6436011905,-0.169866071429
2012-09-05 08:43:55,2312,1,54.5611607143,-0.0824404761905
2012-09-05 08:43:56,2313,1,54.628422619,0.0672619047619
2012-09-05 08:43:57,2314,1,54.859077381,0.230654761905
2012-09-05 08:43:58,2315,1,55.2127232143,0.353645833333
2012-09-05 08:43:59,2316,1,55.6073660714,0.394642857143
2012-09-05 08:44:00,2317,1,55.9511160714,0.34375
2012-09-05 08:44:01,2318,1,56.1555059524,0.204389880952
2012-09-05 08:44:02,2319,1,56.1324404762,-0.0230654761905
2012-09-05 08:44:03,2320,1,55.8328869048,-0.299553571429
2012-09-05 08:44:04,2321,1,55.3148809524,-0.518005952381
2012-09-05 08:44:05,2322,1,54.7521577381,-0.562723214286
2012-09-05 08:44:06,2323,1,54.3574404762,-0.394717261905
2012-09-05 08:44:07,2324,1,54.2613839286,-0.0960565476191
2012-09-05 08:44:08,2325,1,54.4085565476,0.147172619048
2012-09-05 08:44:09,2326,1,54.5750744048,0.166517857143
2012-09-05 08:44:10,2327,1,54.5280505952,-0.0470238095238
2012-09-05 08:44:11,2328,1,54.1549107143,-0.373139880952
2012-09-05 08:44:12,2329,1,53.4288690476,-0.726041666667
2012-09-05 08:44:13,2330,1,52.3203869048,-1.10848214286
2012-09-05 08:44:14,2331,1,50.8210565476,-1.49933035714
2012-09-05 08:44:15,2332,1,49.0478422619,-1.77321428571
2012-09-05 08:44:16,2333,1,47.2697916667,-1.77805059524
2012-09-05 08:44:17,2334,1,45.7953869048,-1.4744047619
2012-09-05 08:44:18,2335,1,44.8020833333,-0.993303571429
2012-09-05 08:44:19,2336,1,44.2578869048,-0.544196428571
2012-09-05 08:44:20,2337,1,44.00625,-0.251636904762
2012-09-05 08:44:21,2338,1,43.8901041667,-0.116145833333
2012-09-05 08:44:22,2339,1,43.7884672619,-0.101636904762
2012-09-05 08:44:23,2340,1,43.63125,-0.157217261905
2012-09-05 08:44:24,2341,1,43.4486607143,-0.182589285714
2012-09-05 08:44:25,2342,1,43.3593005952,-0.0893601190476
2012-09-05 08:44:26,2343,1,43.4511904762,0.0918898809524
2012-09-05 08:44:27,2344,1,43.6734375,0.22224702381
2012-09-05 08:44:28,2345,1,43.860639881,0.187202380952
2012-09-05 08:44:29,2346,1,43.8545386905,-0.0061011904762
2012-09-05 08:44:30,2347,1,43.5689732143,-0.28556547619
2012-09-05 08:44:31,2348,1,42.9342261905,-0.634747023809
2012-09-05 08:44:32,2349,1,41.8514880952,-1.08273809524
2012-09-05 08:44:33,2350,1,40.2642857143,-1.58720238095
2012-09-05 08:44:34,2351,1,38.2241071429,-2.04017857143
2012-09-05 08:44:35,2352,1,35.8104166667,-2.41369047619
2012-09-05 08:44:36,2353,1,32.9975446429,-2.81287202381
2012-09-05 08:44:37,2354,1,29.642485119,-3.35505952381
2012-09-05 08:44:38,2355,1,25.6294642857,-4.01302083333
2012-09-05 08:44:39,2356,1,21.0477678571,-4.58169642857
2012-09-05 08:44:40,2357,1,16.2084821429,-4.83928571429
2012-09-05 08:44:41,2358,1,11.4794642857,-4.72901785714
2012-09-05 08:44:42,2359,1,7.19285714286,-4.28660714286
2012-09-05 08:44:43,2360,1,3.76555059524,-3.42730654762
2012-09-05 08:44:44,2361,1,0.0,-3.76555059524
2012-09-05 08:45:09,2386,25,0.0,0.0
2012-09-05 08:45:10,2387,1,2.47224702381,2.47224702381
2012-09-05 08:45:11,2388,1,3.96293154762,1.49068452381
2012-09-05 08:45:12,2389,1,5.0415327381,1.07860119048
2012-09-05 08:45:13,2390,1,5.32299107143,0.281458333333
2012-09-05 08:45:14,2391,1,4.90183035714,-0.421160714286
2012-09-05 08:45:15,2392,1,4.15,-0.751830357143
2012-09-05 08:45:16,2393,1,3.48354166667,-0.666458333333
2012-09-05 08:45:17,2394,1,3.17144345238,-0.312098214286
2012-09-05 08:45:18,2395,1,3.27629464286,0.104851190476
2012-09-05 08:45:19,2396,1,3.78248511905,0.50619047619
2012-09-05 08:45:20,2397,1,4.73837797619,0.955892857143
2012-09-05 08:45:21,2398,1,6.18550595238,1.44712797619
2012-09-05 08:45:22,2399,1,7.99211309524,1.80660714286
2012-09-05 08:45:23,2400,1,9.84229166667,1.85017857143
2012-09-05 08:45:24,2401,1,11.3974702381,1.55517857143
2012-09-05 08:45:25,2402,1,12.4932886905,1.09581845238
2012-09-05 08:45:26,2403,1,13.208422619,0.715133928571
2012-09-05 08:45:27,2404,1,13.7843005952,0.575877976191
2012-09-05 08:45:28,2405,1,14.5597470238,0.775446428571
2012-09-05 08:45:29,2406,1,15.9176339286,1.35788690476
2012-09-05 08:45:30,2407,1,18.0982886905,2.1806547619
2012-09-05 08:45:31,2408,1,20.993452381,2.89516369048
2012-09-05 08:45:32,2409,1,24.1639880952,3.17053571429
2012-09-05 08:45:33,2410,1,27.071875,2.90788690476
2012-09-05 08:45:34,2411,1,29.314360119,2.24248511905
2012-09-05 08:45:35,2412,1,30.725297619,1.4109375
2012-09-05 08:45:36,2413,1,31.3588541667,0.633556547619
2012-09-05 08:45:37,2414,1,31.4101934524,0.0513392857142
2012-09-05 08:45:38,2415,1,31.1154761905,-0.294717261905
2012-09-05 08:45:39,2416,1,30.6633184524,-0.452157738095
2012-09-05 08:45:40,2417,1,30.1354910714,-0.527827380952
2012-09-05 08:45:41,2418,1,29.5070684524,-0.628422619048
2012-09-05 08:45:42,2419,1,28.7148065476,-0.792261904762
2012-09-05 08:45:43,2420,1,27.7195684524,-0.995238095238
2012-09-05 08:45:44,2421,1,26.5050595238,-1.21450892857
2012-09-05 08:45:45,2422,1,25.0689732143,-1.43608630952
2012-09-05 08:45:46,2423,1,23.450297619,-1.61867559524
2012-09-05 08:45:47,2424,1,21.7364583333,-1.71383928571
2012-09-05 08:45:48,2425,1,20.0216517857,-1.71480654762
2012-09-05 08:45:49,2426,1,18.3686011905,-1.65305059524
2012-09-05 08:45:50,2427,1,16.7992559524,-1.5693452381
2012-09-05 08:45:51,2428,1,15.3037202381,-1.49553571429
2012-09-05 08:45:52,2429,1,13.9025297619,-1.40119047619
2012-09-05 08:45:53,2430,1,12.762202381,-1.14032738095
2012-09-05 08:45:54,2431,1,12.2203869048,-0.541815476191
2012-09-05 08:45:55,2432,1,12.6218005952,0.401413690476
2012-09-05 08:45:56,2433,1,14.0925595238,1.47075892857
2012-09-05 08:45:57,2434,1,16.4404017857,2.3478422619
2012-09-05 08:45:58,2435,1,19.24375,2.80334821429
2012-09-05 08:45:59,2436,1,22.0466517857,2.80290178571
2012-09-05 08:46:00,2437,1,24.4920386905,2.44538690476
2012-09-05 08:46:01,2438,1,26.3296130952,1.83757440476
2012-09-05 08:46:02,2439,1,27.3985119048,1.06889880952
2012-09-05 08:46:03,2440,1,27.640625,0.242113095238
2012-09-05 08:46:04,2441,1,27.0901041667,-0.550520833333
2012-09-05 08:46:05,2442,1,25.8430059524,-1.24709821429
2012-09-05 08:46:06,2443,1,24.0771577381,-1.76584821429
2012-09-05 08:46:07,2444,1,22.1017857143,-1.97537202381
2012-09-05 08:46:08,2445,1,20.3433035714,-1.75848214286
2012-09-05 08:46:09,2446,1,19.2175595238,-1.12574404762
2012-09-05 08:46:10,2447,1,18.9250744048,-0.292485119048
2012-09-05 08:46:11,2448,1,19.3180059524,0.392931547619
2012-09-05 08:46:12,2449,1,19.9627232143,0.644717261905
2012-09-05 08:46:13,2450,1,20.3233630952,0.360639880952
2012-09-05 08:46:14,2451,1,19.9536458333,-0.369717261905
2012-09-05 08:46:15,2452,1,18.6732142857,-1.28043154762
2012-09-05 08:46:16,2453,1,16.6553571429,-2.01785714286
2012-09-05 08:46:17,2454,1,14.3616815476,-2.29367559524
2012-09-05 08:46:18,2455,1,12.3916666667,-1.97001488095
2012-09-05 08:46:19,2456,1,11.2990327381,-1.09263392857
2012-09-05 08:46:20,2457,1,11.3635416667,0.0645089285715
2012-09-05 08:46:21,2458,1,12.4046130952,1.04107142857
2012-09-05 08:46:22,2459,1,13.8098214286,1.40520833333
2012-09-05 08:46:23,2460,1,14.8506696429,1.04084821429
2012-09-05 08:46:24,2461,1,15.1324404762,0.281770833333
2012-09-05 08:46:25,2462,1,14.8540922619,-0.278348214286
2012-09-05 08:46:26,2463,1,14.6345238095,-0.219568452381
2012-09-05 08:46:27,2464,1,15.0109375,0.376413690476
2012-09-05 08:46:28,2465,1,16.0361607143,1.02522321429
2012-09-05 08:46:29,2466,1,17.3113839286,1.27522321429
2012-09-05 08:46:30,2467,1,18.3485863095,1.03720238095
2012-09-05 08:46:31,2468,1,18.892485119,0.543898809524
2012-09-05 08:46:32,2469,1,18.9787946429,0.0863095238095
2012-09-05 08:46:33,2470,1,18.7657738095,-0.213020833333
2012-09-05 08:46:34,2471,1,18.3161458333,-0.44962797619
2012-09-05 08:46:35,2472,1,17.5097470238,-0.806398809524
2012-09-05 08:46:36,2473,1,16.1411458333,-1.36860119048
2012-09-05 08:46:37,2474,1,14.1224702381,-2.01867559524
2012-09-05 08:46:38,2475,1,11.6784970238,-2.44397321429
2012-09-05 08:46:39,2476,1,9.40907738095,-2.26941964286
2012-09-05 08:46:40,2477,1,8.09821428571,-1.31086309524
2012-09-05 08:46:41,2478,1,8.30505952381,0.206845238095
2012-09-05 08:46:42,2479,1,10.0181547619,1.7130952381
2012-09-05 08:46:43,2480,1,12.665327381,2.64717261905
2012-09-05 08:46:44,2481,1,15.4523809524,2.78705357143
2012-09-05 08:46:45,2482,1,17.7467261905,2.2943452381
2012-09-05 08:46:46,2483,1,19.265327381,1.51860119048
2012-09-05 08:46:47,2484,1,20.0004464286,0.735119047619
2012-09-05 08:46:48,2485,1,20.0222470238,0.0218005952381
2012-09-05 08:46:49,2486,1,19.3713541667,-0.650892857143
2012-09-05 08:46:50,2487,1,18.0648809524,-1.30647321429
2012-09-05 08:46:51,2488,1,16.1337797619,-1.93110119048
2012-09-05 08:46:52,2489,1,13.7130208333,-2.42075892857
2012-09-05 08:46:53,2490,1,11.1720238095,-2.54099702381
2012-09-05 08:46:54,2491,1,9.13794642857,-2.03407738095
2012-09-05 08:46:55,2492,1,8.2865327381,-0.851413690476
2012-09-05 08:46:56,2493,1,8.95967261905,0.673139880952
2012-09-05 08:46:57,2494,1,10.8964285714,1.93675595238
2012-09-05 08:46:58,2495,1,13.3483630952,2.45193452381
2012-09-05 08:46:59,2496,1,15.508110119,2.15974702381
2012-09-05 08:47:00,2497,1,16.9123511905,1.40424107143
2012-09-05 08:47:01,2498,1,17.5374255952,0.625074404762
2012-09-05 08:47:02,2499,1,17.5780505952,0.040625
2012-09-05 08:47:03,2500,1,17.1608630952,-0.4171875
2012-09-05 08:47:04,2501,1,16.2416666667,-0.919196428571
2012-09-05 08:47:05,2502,1,14.7206845238,-1.52098214286
2012-09-05 08:47:06,2503,1,12.6502232143,-2.07046130952
2012-09-05 08:47:07,2504,1,10.3686755952,-2.28154761905
2012-09-05 08:47:08,2505,1,8.44836309524,-1.9203125
2012-09-05 08:47:09,2506,1,7.44174107143,-1.00662202381
2012-09-05 08:47:10,2507,1,7.53831845238,0.0965773809524
2012-09-05 08:47:11,2508,1,8.41525297619,0.87693452381
2012-09-05 08:47:12,2509,1,9.46108630952,1.04583333333
2012-09-05 08:47:13,2510,1,10.156547619,0.695461309524
2012-09-05 08:47:14,2511,1,10.3043154762,0.147767857143
2012-09-05 08:47:15,2512,1,10.0151785714,-0.289136904762
2012-09-05 08:47:16,2513,1,9.51361607143,-0.5015625
2012-09-05 08:47:17,2514,1,8.946875,-0.566741071429
2012-09-05 08:47:18,2515,1,8.31614583333,-0.630729166667
2012-09-05 08:47:19,2516,1,7.47395833333,-0.8421875
2012-09-05 08:47:20,2517,1,6.20952380952,-1.26443452381
2012-09-05 08:47:21,2518,1,4.47678571429,-1.73273809524
2012-09-05 08:47:22,2519,1,2.62232142857,-1.85446428571
2012-09-05 08:47:23,2520,1,0.0,-2.62232142857
2012-09-05 11:28:30,12187,9667,0.0,0.0
2012-09-05 11:28:31,12188,1,1.74739583333,1.74739583333
2012-09-05 11:28:32,12189,1,2.55691964286,0.809523809524
2012-09-05 11:28:33,12190,1,3.00483630952,0.447916666667
2012-09-05 11:28:34,12191,1,3.11495535714,0.110119047619
2012-09-05 11:28:35,12192,1,3.2636656746,0.14871031746
2012-09-05 11:28:36,12193,1,3.82532242063,0.561656746032
2012-09-05 11:28:37,12194,1,4.96011904762,1.13479662698
2012-09-05 11:28:38,12195,1,6.63095238095,1.67083333333
2012-09-05 11:28:39,12196,1,8.7021577381,2.07120535714
2012-09-05 11:28:40,12197,1,10.9158482143,2.21369047619
2012-09-05 11:28:41,12198,1,12.8547371032,1.93888888889
2012-09-05 11:28:42,12199,1,14.1318700397,1.27713293651
2012-09-05 11:28:43,12200,1,14.7461309524,0.614260912698
2012-09-05 11:28:44,12201,1,15.2563988095,0.510267857143
2012-09-05 11:28:45,12202,1,16.471875,1.21547619048
2012-09-05 11:28:46,12203,1,18.783110119,2.31123511905
2012-09-05 11:28:47,12204,1,21.728422619,2.9453125
2012-09-05 11:28:48,12205,1,24.2514880952,2.52306547619
2012-09-05 11:28:49,12206,1,25.3966517857,1.14516369048
2012-09-05 11:28:50,12207,1,24.809077381,-0.587574404762
2012-09-05 11:28:51,12208,1,22.809672619,-1.9994047619
2012-09-05 11:28:52,12209,1,20.2607886905,-2.54888392857
2012-09-05 11:28:53,12210,1,18.3171130952,-1.94367559524
2012-09-05 11:28:54,12211,1,17.9891369048,-0.327976190476
2012-09-05 11:28:55,12212,1,19.635639881,1.64650297619
2012-09-05 11:28:56,12213,1,22.7134672619,3.07782738095
2012-09-05 11:28:57,12214,1,26.0317708333,3.31830357143
2012-09-05 11:28:58,12215,1,28.3313988095,2.29962797619
2012-09-05 11:28:59,12216,1,28.7374255952,0.406026785714
2012-09-05 11:29:00,12217,1,26.9848214286,-1.75260416667
2012-09-05 11:29:01,12218,1,23.5764136905,-3.4084077381
2012-09-05 11:29:02,12219,1,19.6764880952,-3.89992559524
2012-09-05 11:29:03,12220,1,16.5124255952,-3.1640625
2012-09-05 11:29:04,12221,1,14.7089285714,-1.80349702381
2012-09-05 11:29:05,12222,1,14.1802827381,-0.528645833333
2012-09-05 11:29:06,12223,1,14.5666666667,0.386383928572
2012-09-05 11:29:07,12224,1,15.6645089286,1.0978422619
2012-09-05 11:29:08,12225,1,17.398735119,1.73422619048
2012-09-05 11:29:09,12226,1,19.4324404762,2.03370535714
2012-09-05 11:29:10,12227,1,21.00625,1.57380952381
2012-09-05 11:29:11,12228,1,21.3132440476,0.306994047619
2012-09-05 11:29:12,12229,1,19.976860119,-1.33638392857
2012-09-05 11:29:13,12230,1,17.1709077381,-2.80595238095
2012-09-05 11:29:14,12231,1,13.4697172619,-3.70119047619
2012-09-05 11:29:15,12232,1,9.71800595238,-3.75171130952
2012-09-05 11:29:16,12233,1,6.91755952381,-2.80044642857
2012-09-05 11:29:17,12234,1,5.88816964286,-1.02938988095
2012-09-05 11:29:18,12235,1,6.78311011905,0.89494047619
2012-09-05 11:29:19,12236,1,8.89717261905,2.1140625
2012-09-05 11:29:20,12237,1,10.9370535714,2.03988095238
2012-09-05 11:29:21,12238,1,11.6178571429,0.680803571429
2012-09-05 11:29:22,12239,1,10.3408482143,-1.27700892857
2012-09-05 11:29:23,12240,1,7.51227678571,-2.82857142857
2012-09-05 11:29:24,12241,1,4.2908110119,-3.22146577381
2012-09-05 11:29:25,12242,1,0.0,-4.2908110119
2012-09-05 11:30:24,12301,59,0.0,0.0
2012-09-05 11:30:25,12302,1,3.10483630952,3.10483630952
2012-09-05 11:30:26,12303,1,6.14397321429,3.03913690476
2012-09-05 11:30:27,12304,1,9.92113095238,3.7771577381
2012-09-05 11:30:28,12305,1,13.668452381,3.74732142857
2012-09-05 11:30:29,12306,1,16.8810267857,3.21257440476
2012-09-05 11:30:30,12307,1,19.5361235119,2.65509672619
2012-09-05 11:30:31,12308,1,22.0511160714,2.51499255952
2012-09-05 11:30:32,12309,1,24.924702381,2.87358630952
2012-09-05 11:30:33,12310,1,28.3470982143,3.42239583333
2012-09-05 11:30:34,12311,1,32.079985119,3.73288690476
2012-09-05 11:30:35,12312,1,35.6026041667,3.52261904762
2012-09-05 11:30:36,12313,1,38.3652529762,2.76264880952
2012-09-05 11:30:37,12314,1,40.0245535714,1.65930059524
2012-09-05 11:30:38,12315,1,40.569047619,0.544494047619
2012-09-05 11:30:39,12316,1,40.2913690476,-0.277678571429
2012-09-05 11:30:40,12317,1,39.6381696429,-0.653199404762
2012-09-05 11:30:41,12318,1,39.0219494048,-0.616220238095
2012-09-05 11:30:42,12319,1,38.6805803571,-0.341369047619
2012-09-05 11:30:43,12320,1,38.6375744048,-0.043005952381
2012-09-05 11:30:44,12321,1,38.771577381,0.134002976191
2012-09-05 11:30:45,12322,1,38.9395089286,0.167931547619
2012-09-05 11:30:46,12323,1,39.0683035714,0.128794642857
2012-09-05 11:30:47,12324,1,39.1678571429,0.0995535714285
2012-09-05 11:30:48,12325,1,39.2516369048,0.0837797619048
2012-09-05 11:30:49,12326,1,39.2058035714,-0.0458333333333
2012-09-05 11:30:50,12327,1,38.7371279762,-0.468675595238
2012-09-05 11:30:51,12328,1,37.4889880952,-1.24813988095
2012-09-05 11:30:52,12329,1,35.236235119,-2.25275297619
2012-09-05 11:30:53,12330,1,31.989360119,-3.246875
2012-09-05 11:30:54,12331,1,27.9362776361,-4.05308248299
2012-09-05 11:30:55,12332,1,23.3094281463,-4.6268494898
2012-09-05 11:30:56,12333,1,18.3628401361,-4.9465880102
2012-09-05 11:30:57,12334,1,13.5040710034,-4.85876913265
2012-09-05 11:30:58,12335,1,9.33146258503,-4.17260841837
2012-09-05 11:30:59,12336,1,6.38832908163,-2.9431335034
2012-09-05 11:31:00,12337,1,4.84664115646,-1.54168792517
2012-09-05 11:31:01,12338,1,4.41801658163,-0.42862457483
2012-09-05 11:31:02,12339,1,4.55051020408,0.132493622449
2012-09-05 11:31:03,12340,1,4.82121598639,0.270705782313
2012-09-05 11:31:04,12341,1,5.27975127551,0.458535289116
2012-09-05 11:31:05,12342,1,6.40469812925,1.12494685374
2012-09-05 11:31:06,12343,1,8.67670068027,2.27200255102
2012-09-05 11:31:07,12344,1,12.1637011054,3.48700042517
2012-09-05 11:31:08,12345,1,16.4224170918,4.25871598639
2012-09-05 11:31:09,12346,1,20.7557610544,4.33334396259
2012-09-05 11:31:10,12347,1,24.6478635204,3.89210246599
2012-09-05 11:31:11,12348,1,27.9963860544,3.34852253401
2012-09-05 11:31:12,12349,1,30.9619791667,2.96559311224
2012-09-05 11:31:13,12350,1,33.7016369048,2.7396577381
2012-09-05 11:31:14,12351,1,36.2556547619,2.55401785714
2012-09-05 11:31:15,12352,1,38.5741815476,2.31852678571
2012-09-05 11:31:16,12353,1,40.5881696429,2.01398809524
2012-09-05 11:31:17,12354,1,42.2709077381,1.68273809524
2012-09-05 11:31:18,12355,1,43.656547619,1.38563988095
2012-09-05 11:31:19,12356,1,44.8162946429,1.15974702381
2012-09-05 11:31:20,12357,1,45.821577381,1.0052827381
2012-09-05 11:31:21,12358,1,46.7253720238,0.903794642857
2012-09-05 11:31:22,12359,1,47.5785714286,0.853199404762
2012-09-05 11:31:23,12360,1,48.4511904762,0.872619047619
2012-09-05 11:31:24,12361,1,49.4055059524,0.95431547619
2012-09-05 11:31:25,12362,1,50.4348958333,1.02938988095
2012-09-05 11:31:26,12363,1,51.4345238095,0.999627976191
2012-09-05 11:31:27,12364,1,52.2345982143,0.800074404762
2012-09-05 11:31:28,12365,1,52.6776785714,0.443080357143
2012-09-05 11:31:29,12366,1,52.6901785714,0.0125
2012-09-05 11:31:30,12367,1,52.2944196429,-0.395758928572
2012-09-05 11:31:31,12368,1,51.5561011905,-0.738318452381
2012-09-05 11:31:32,12369,1,50.5069940476,-1.04910714286
2012-09-05 11:31:33,12370,1,49.1043154762,-1.40267857143
2012-09-05 11:31:34,12371,1,47.2880952381,-1.8162202381
2012-09-05 11:31:35,12372,1,45.0946428571,-2.19345238095
2012-09-05 11:31:36,12373,1,42.6994047619,-2.39523809524
2012-09-05 11:31:37,12374,1,40.3568452381,-2.34255952381
2012-09-05 11:31:38,12375,1,38.294047619,-2.06279761905
2012-09-05 11:31:39,12376,1,36.6198660714,-1.67418154762
2012-09-05 11:31:40,12377,1,35.3196428571,-1.30022321429
2012-09-05 11:31:41,12378,1,34.3334077381,-0.986235119048
2012-09-05 11:31:42,12379,1,33.6306547619,-0.70275297619
2012-09-05 11:31:43,12380,1,33.2128720238,-0.417782738095
2012-09-05 11:31:44,12381,1,33.0349702381,-0.177901785714
2012-09-05 11:31:45,12382,1,32.95,-0.0849702380952
2012-09-05 11:31:46,12383,1,32.822172619,-0.127827380952
2012-09-05 11:31:47,12384,1,32.7475446429,-0.0746279761905
2012-09-05 11:31:48,12385,1,33.1286458333,0.381101190476
2012-09-05 11:31:49,12386,1,34.4701636905,1.34151785714
2012-09-05 11:31:50,12387,1,37.047172619,2.57700892857
2012-09-05 11:31:51,12388,1,40.7035714286,3.65639880952
2012-09-05 11:31:52,12389,1,44.8995535714,4.19598214286
2012-09-05 11:31:53,12390,1,48.9776041667,4.07805059524
2012-09-05 11:31:54,12391,1,52.5087797619,3.53117559524
2012-09-05 11:31:55,12392,1,55.473139881,2.96436011905
2012-09-05 11:31:56,12393,1,58.1473214286,2.67418154762
2012-09-05 11:31:57,12394,1,60.8202380952,2.67291666667
2012-09-05 11:31:58,12395,1,63.5263392857,2.70610119048
2012-09-05 11:31:59,12396,1,65.9970238095,2.47068452381
2012-09-05 11:32:00,12397,1,67.8983630952,1.90133928571
2012-09-05 11:32:01,12398,1,69.0891369048,1.19077380952
2012-09-05 11:32:02,12399,1,69.6436755952,0.554538690476
2012-09-05 11:32:03,12400,1,69.7279017857,0.0842261904762
2012-09-05 11:32:04,12401,1,69.5133928571,-0.214508928571
2012-09-05 11:32:05,12402,1,69.1554315476,-0.357961309524
2012-09-05 11:32:06,12403,1,68.7610119048,-0.394419642857
2012-09-05 11:32:07,12404,1,68.3369047619,-0.424107142857
2012-09-05 11:32:08,12405,1,67.799702381,-0.537202380952
2012-09-05 11:32:09,12406,1,67.0769345238,-0.722767857143
2012-09-05 11:32:10,12407,1,66.2081845238,-0.86875
2012-09-05 11:32:11,12408,1,65.3398809524,-0.868303571429
2012-09-05 11:32:12,12409,1,64.6135416667,-0.726339285714
2012-09-05 11:32:13,12410,1,64.0517857143,-0.561755952381
2012-09-05 11:32:14,12411,1,63.5473958333,-0.504389880952
2012-09-05 11:32:15,12412,1,62.9588541667,-0.588541666667
2012-09-05 11:32:16,12413,1,62.2209821429,-0.73787202381
2012-09-05 11:32:17,12414,1,61.4097470238,-0.811235119048
2012-09-05 11:32:18,12415,1,60.7396577381,-0.670089285714
2012-09-05 11:32:19,12416,1,60.4499255952,-0.289732142857
2012-09-05 11:32:20,12417,1,60.6318452381,0.181919642857
2012-09-05 11:32:21,12418,1,61.1636904762,0.531845238095
2012-09-05 11:32:22,12419,1,61.8148809524,0.65119047619
2012-09-05 11:32:23,12420,1,62.412202381,0.597321428571
2012-09-05 11:32:24,12421,1,62.9246279762,0.512425595238
2012-09-05 11:32:25,12422,1,63.4165178571,0.491889880952
2012-09-05 11:32:26,12423,1,63.9642857143,0.547767857143
2012-09-05 11:32:27,12424,1,64.6453869048,0.681101190476
2012-09-05 11:32:28,12425,1,65.5563988095,0.911011904762
2012-09-05 11:32:29,12426,1,66.7633184524,1.20691964286
2012-09-05 11:32:30,12427,1,68.2180059524,1.4546875
2012-09-05 11:32:31,12428,1,69.7459077381,1.52790178571
2012-09-05 11:32:32,12429,1,71.1233630952,1.37745535714
2012-09-05 11:32:33,12430,1,72.1758928571,1.0525297619
2012-09-05 11:32:34,12431,1,72.8385416667,0.662648809524
2012-09-05 11:32:35,12432,1,73.1692708333,0.330729166667
2012-09-05 11:32:36,12433,1,73.3199404762,0.150669642857
2012-09-05 11:32:37,12434,1,73.4662946429,0.146354166667
2012-09-05 11:32:38,12435,1,73.7276785714,0.261383928572
2012-09-05 11:32:39,12436,1,74.1245535714,0.396875
2012-09-05 11:32:40,12437,1,74.5959821429,0.471428571428
2012-09-05 11:32:41,12438,1,75.0616815476,0.465699404762
2012-09-05 11:32:42,12439,1,75.4774553571,0.415773809524
2012-09-05 11:32:43,12440,1,75.8406994048,0.363244047619
2012-09-05 11:32:44,12441,1,76.1567708333,0.316071428571
2012-09-05 11:32:45,12442,1,76.4006696429,0.243898809524
2012-09-05 11:32:46,12443,1,76.5055059524,0.104836309524
2012-09-05 11:32:47,12444,1,76.396875,-0.108630952381
2012-09-05 11:32:48,12445,1,76.0452380952,-0.351636904762
2012-09-05 11:32:49,12446,1,75.486235119,-0.55900297619
2012-09-05 11:32:50,12447,1,74.7967261905,-0.689508928571
2012-09-05 11:32:51,12448,1,74.0530505952,-0.743675595238
2012-09-05 11:32:52,12449,1,73.3091517857,-0.743898809524
2012-09-05 11:32:53,12450,1,72.6089285714,-0.700223214286
2012-09-05 11:32:54,12451,1,72.0061011905,-0.602827380952
2012-09-05 11:32:55,12452,1,71.5629464286,-0.443154761905
2012-09-05 11:32:56,12453,1,71.3307291667,-0.232217261905
2012-09-05 11:32:57,12454,1,71.3241071429,-0.0066220238095
2012-09-05 11:32:58,12455,1,71.4961309524,0.172023809524
2012-09-05 11:32:59,12456,1,71.7348214286,0.23869047619
2012-09-05 11:33:00,12457,1,71.9022321429,0.167410714286
2012-09-05 11:33:01,12458,1,71.8965029762,-0.0057291666666
2012-09-05 11:33:02,12459,1,71.6958333333,-0.200669642857
2012-09-05 11:33:03,12460,1,71.3593005952,-0.336532738095
2012-09-05 11:33:04,12461,1,70.9843005952,-0.375
2012-09-05 11:33:05,12462,1,70.6558779762,-0.328422619048
2012-09-05 11:33:06,12463,1,70.4261904762,-0.2296875
2012-09-05 11:33:07,12464,1,70.3167410714,-0.109449404762
2012-09-05 11:33:08,12465,1,70.3243303571,0.0075892857143
2012-09-05 11:33:09,12466,1,70.4304315476,0.106101190476
2012-09-05 11:33:10,12467,1,70.6089285714,0.17849702381
2012-09-05 11:33:11,12468,1,70.8316964286,0.222767857143
2012-09-05 11:33:12,12469,1,71.078125,0.246428571429
2012-09-05 11:33:13,12470,1,71.3374255952,0.259300595238
2012-09-05 11:33:14,12471,1,71.5988095238,0.261383928571
2012-09-05 11:33:15,12472,1,71.8467261905,0.247916666667
2012-09-05 11:33:16,12473,1,72.0691220238,0.222395833333
2012-09-05 11:33:17,12474,1,72.2665178571,0.197395833333
2012-09-05 11:33:18,12475,1,72.4501488095,0.183630952381
2012-09-05 11:33:19,12476,1,72.6317708333,0.18162202381
2012-09-05 11:33:20,12477,1,72.8108630952,0.179092261905
2012-09-05 11:33:21,12478,1,72.9650297619,0.154166666667
2012-09-05 11:33:22,12479,1,73.0581845238,0.0931547619047
2012-09-05 11:33:23,12480,1,73.0619047619,0.0037202380953
2012-09-05 11:33:24,12481,1,72.9646577381,-0.0972470238096
2012-09-05 11:33:25,12482,1,72.770014881,-0.194642857143
2012-09-05 11:33:26,12483,1,72.4978422619,-0.272172619048
2012-09-05 11:33:27,12484,1,72.1844494048,-0.313392857143
2012-09-05 11:33:28,12485,1,71.879389881,-0.30505952381
2012-09-05 11:33:29,12486,1,71.6367559524,-0.242633928571
2012-09-05 11:33:30,12487,1,71.4955357143,-0.141220238095
2012-09-05 11:33:31,12488,1,71.4652529762,-0.0302827380952
2012-09-05 11:33:32,12489,1,71.5328125,0.0675595238095
2012-09-05 11:33:33,12490,1,71.6707589286,0.137946428571
2012-09-05 11:33:34,12491,1,71.8302083333,0.159449404762
2012-09-05 11:33:35,12492,1,71.94375,0.113541666667
2012-09-05 11:33:36,12493,1,71.9592261905,0.0154761904762
2012-09-05 11:33:37,12494,1,71.878422619,-0.0808035714286
2012-09-05 11:33:38,12495,1,71.7614583333,-0.116964285714
2012-09-05 11:33:39,12496,1,71.6853422619,-0.0761160714285
2012-09-05 11:33:40,12497,1,71.6882440476,0.0029017857142
2012-09-05 11:33:41,12498,1,71.7553571429,0.0671130952382
2012-09-05 11:33:42,12499,1,71.8572916667,0.101934523809
2012-09-05 11:33:43,12500,1,71.9885416667,0.13125
2012-09-05 11:33:44,12501,1,72.163764881,0.175223214286
2012-09-05 11:33:45,12502,1,72.387202381,0.2234375
2012-09-05 11:33:46,12503,1,72.6375744048,0.25037202381
2012-09-05 11:33:47,12504,1,72.8794642857,0.241889880952
2012-09-05 11:33:48,12505,1,73.076860119,0.197395833333
2012-09-05 11:33:49,12506,1,73.1985863095,0.121726190476
2012-09-05 11:33:50,12507,1,73.2211309524,0.0225446428571
2012-09-05 11:33:51,12508,1,73.132514881,-0.0886160714285
2012-09-05 11:33:52,12509,1,72.9454613095,-0.187053571429
2012-09-05 11:33:53,12510,1,72.707514881,-0.237946428571
2012-09-05 11:33:54,12511,1,72.483110119,-0.224404761905
2012-09-05 11:33:55,12512,1,72.3215029762,-0.161607142857
2012-09-05 11:33:56,12513,1,72.2409970238,-0.080505952381
2012-09-05 11:33:57,12514,1,72.2344494048,-0.00654761904759
2012-09-05 11:33:58,12515,1,72.2872767857,0.0528273809524
2012-09-05 11:33:59,12516,1,72.3923363095,0.10505952381
2012-09-05 11:34:00,12517,1,72.5452380952,0.152901785714
2012-09-05 11:34:01,12518,1,72.7261160714,0.180877976191
2012-09-05 11:34:02,12519,1,72.8920386905,0.165922619048
2012-09-05 11:34:03,12520,1,72.9952380952,0.103199404762
2012-09-05 11:34:04,12521,1,73.0169642857,0.0217261904762
2012-09-05 11:34:05,12522,1,72.9834821429,-0.0334821428572
2012-09-05 11:34:06,12523,1,72.9432291667,-0.0402529761904
2012-09-05 11:34:07,12524,1,72.929985119,-0.0132440476191
2012-09-05 11:34:08,12525,1,72.9496279762,0.0196428571429
2012-09-05 11:34:09,12526,1,72.9944940476,0.0448660714286
2012-09-05 11:34:10,12527,1,73.0641369048,0.0696428571428
2012-09-05 11:34:11,12528,1,73.1705357143,0.106398809524
2012-09-05 11:34:12,12529,1,73.3212053571,0.150669642857
2012-09-05 11:34:13,12530,1,73.4989583333,0.177752976191
2012-09-05 11:34:14,12531,1,73.6640625,0.165104166667
2012-09-05 11:34:15,12532,1,73.7803571429,0.116294642857
2012-09-05 11:34:16,12533,1,73.8382440476,0.0578869047619
2012-09-05 11:34:17,12534,1,73.8511160714,0.0128720238096
2012-09-05 11:34:18,12535,1,73.8360119048,-0.0151041666667
2012-09-05 11:34:19,12536,1,73.8026041667,-0.0334077380952
2012-09-05 11:34:20,12537,1,73.7558779762,-0.0467261904762
2012-09-05 11:34:21,12538,1,73.7070684524,-0.0488095238095
2012-09-05 11:34:22,12539,1,73.6822172619,-0.0248511904762
2012-09-05 11:34:23,12540,1,73.7157738095,0.033556547619
2012-09-05 11:34:24,12541,1,73.836235119,0.120461309524
2012-09-05 11:34:25,12542,1,74.0537946429,0.21755952381
2012-09-05 11:34:26,12543,1,74.3425595238,0.288764880952
2012-09-05 11:34:27,12544,1,74.6310267857,0.288467261905
2012-09-05 11:34:28,12545,1,74.8351934524,0.204166666667
2012-09-05 11:34:29,12546,1,74.9223958333,0.0872023809524
2012-09-05 11:34:30,12547,1,74.9447172619,0.0223214285714
2012-09-05 11:34:31,12548,1,75.0036458333,0.0589285714286
2012-09-05 11:34:32,12549,1,75.1723958333,0.16875
2012-09-05 11:34:33,12550,1,75.4415178571,0.26912202381
2012-09-05 11:34:34,12551,1,75.7320684524,0.290550595238
2012-09-05 11:34:35,12552,1,75.9578125,0.225744047619
2012-09-05 11:34:36,12553,1,76.078422619,0.120610119048
2012-09-05 11:34:37,12554,1,76.1097470238,0.0313244047619
2012-09-05 11:34:38,12555,1,76.1008184524,-0.0089285714286
2012-09-05 11:34:39,12556,1,76.0982886905,-0.00252976190471
2012-09-05 11:34:40,12557,1,76.1168154762,0.0185267857143
2012-09-05 11:34:41,12558,1,76.1343005952,0.0174851190476
2012-09-05 11:34:42,12559,1,76.1149553571,-0.0193452380953
2012-09-05 11:34:43,12560,1,76.038764881,-0.0761904761904
2012-09-05 11:34:44,12561,1,75.9068452381,-0.131919642857
2012-09-05 11:34:45,12562,1,75.7189732143,-0.18787202381
2012-09-05 11:34:46,12563,1,75.4616815476,-0.257291666667
2012-09-05 11:34:47,12564,1,75.1310267857,-0.330654761905
2012-09-05 11:34:48,12565,1,74.7607142857,-0.3703125
2012-09-05 11:34:49,12566,1,74.4181547619,-0.342559523809
2012-09-05 11:34:50,12567,1,74.1618303571,-0.256324404762
2012-09-05 11:34:51,12568,1,73.9935267857,-0.168303571429
2012-09-05 11:34:52,12569,1,73.8609375,-0.132589285714
2012-09-05 11:34:53,12570,1,73.7140625,-0.146875
2012-09-05 11:34:54,12571,1,73.5508928571,-0.163169642857
2012-09-05 11:34:55,12572,1,73.4054315476,-0.145461309524
2012-09-05 11:34:56,12573,1,73.2997767857,-0.105654761905
2012-09-05 11:34:57,12574,1,73.2183035714,-0.0814732142857
2012-09-05 11:34:58,12575,1,73.1299107143,-0.0883928571429
2012-09-05 11:34:59,12576,1,73.026264881,-0.103645833333
2012-09-05 11:35:00,12577,1,72.9351190476,-0.0911458333333
2012-09-05 11:35:01,12578,1,72.8989583333,-0.0361607142858
2012-09-05 11:35:02,12579,1,72.941889881,0.0429315476191
2012-09-05 11:35:03,12580,1,73.0574404762,0.115550595238
2012-09-05 11:35:04,12581,1,73.2163690476,0.158928571429
2012-09-05 11:35:05,12582,1,73.3725446429,0.156175595238
2012-09-05 11:35:06,12583,1,73.4682291667,0.0956845238095
2012-09-05 11:35:07,12584,1,73.448735119,-0.0194940476191
2012-09-05 11:35:08,12585,1,73.2839285714,-0.164806547619
2012-09-05 11:35:09,12586,1,72.9860119048,-0.297916666667
2012-09-05 11:35:10,12587,1,72.6058779762,-0.380133928571
2012-09-05 11:35:11,12588,1,72.2051339286,-0.400744047619
2012-09-05 11:35:12,12589,1,71.8294642857,-0.375669642857
2012-09-05 11:35:13,12590,1,71.5029017857,-0.3265625
2012-09-05 11:35:14,12591,1,71.237202381,-0.265699404762
2012-09-05 11:35:15,12592,1,71.0421130952,-0.195089285714
2012-09-05 11:35:16,12593,1,70.9220238095,-0.120089285714
2012-09-05 11:35:17,12594,1,70.8635416667,-0.0584821428571
2012-09-05 11:35:18,12595,1,70.8433779762,-0.0201636904762
2012-09-05 11:35:19,12596,1,70.8553571429,0.0119791666666
2012-09-05 11:35:20,12597,1,70.9165922619,0.0612351190476
2012-09-05 11:35:21,12598,1,71.0411458333,0.124553571429
2012-09-05 11:35:22,12599,1,71.2104166667,0.169270833333
2012-09-05 11:35:23,12600,1,71.3741815476,0.163764880952
2012-09-05 11:35:24,12601,1,71.4859375,0.111755952381
2012-09-05 11:35:25,12602,1,71.5280505952,0.0421130952381
2012-09-05 11:35:26,12603,1,71.4961309524,-0.0319196428571
2012-09-05 11:35:27,12604,1,71.378125,-0.118005952381
2012-09-05 11:35:28,12605,1,71.1647321429,-0.213392857143
2012-09-05 11:35:29,12606,1,70.8772321429,-0.2875
2012-09-05 11:35:30,12607,1,70.5765625,-0.300669642857
2012-09-05 11:35:31,12608,1,70.3352678571,-0.241294642857
2012-09-05 11:35:32,12609,1,70.2015625,-0.133705357143
2012-09-05 11:35:33,12610,1,70.1923363095,-0.0092261904762
2012-09-05 11:35:34,12611,1,70.2993303571,0.106994047619
2012-09-05 11:35:35,12612,1,70.4917410714,0.192410714286
2012-09-05 11:35:36,12613,1,70.7303571429,0.238616071428
2012-09-05 11:35:37,12614,1,70.9831845238,0.252827380952
2012-09-05 11:35:38,12615,1,71.2267857143,0.243601190476
2012-09-05 11:35:39,12616,1,71.4485863095,0.221800595238
2012-09-05 11:35:40,12617,1,71.6523809524,0.203794642857
2012-09-05 11:35:41,12618,1,71.8532738095,0.200892857143
2012-09-05 11:35:42,12619,1,72.0647321429,0.211458333333
2012-09-05 11:35:43,12620,1,72.2869047619,0.222172619048
2012-09-05 11:35:44,12621,1,72.5058779762,0.218973214286
2012-09-05 11:35:45,12622,1,72.713764881,0.207886904762
2012-09-05 11:35:46,12623,1,72.9332589286,0.219494047619
2012-09-05 11:35:47,12624,1,73.2072916667,0.274032738095
2012-09-05 11:35:48,12625,1,73.5546130952,0.347321428571
2012-09-05 11:35:49,12626,1,73.9469494048,0.392336309524
2012-09-05 11:35:50,12627,1,74.3328869048,0.3859375
2012-09-05 11:35:51,12628,1,74.6691220238,0.336235119048
2012-09-05 11:35:52,12629,1,74.9299107143,0.260788690476
2012-09-05 11:35:53,12630,1,75.1080357143,0.178125
2012-09-05 11:35:54,12631,1,75.2168154762,0.108779761905
2012-09-05 11:35:55,12632,1,75.2825892857,0.0657738095238
2012-09-05 11:35:56,12633,1,75.3233630952,0.0407738095238
2012-09-05 11:35:57,12634,1,75.3273809524,0.00401785714291
2012-09-05 11:35:58,12635,1,75.2522321429,-0.0751488095239
2012-09-05 11:35:59,12636,1,75.049702381,-0.202529761905
2012-09-05 11:36:00,12637,1,74.6968005952,-0.352901785714
2012-09-05 11:36:01,12638,1,74.2141369048,-0.482663690476
2012-09-05 11:36:02,12639,1,73.668452381,-0.545684523809
2012-09-05 11:36:03,12640,1,73.1539434524,-0.514508928571
2012-09-05 11:36:04,12641,1,72.7529017857,-0.401041666667
2012-09-05 11:36:05,12642,1,72.5001488095,-0.252752976191
2012-09-05 11:36:06,12643,1,72.3754464286,-0.124702380952
2012-09-05 11:36:07,12644,1,72.3255952381,-0.0498511904762
2012-09-05 11:36:08,12645,1,72.3020833333,-0.0235119047619
2012-09-05 11:36:09,12646,1,72.2894345238,-0.0126488095238
2012-09-05 11:36:10,12647,1,72.3011904762,0.011755952381
2012-09-05 11:36:11,12648,1,72.3466517857,0.0454613095238
2012-09-05 11:36:12,12649,1,72.398735119,0.0520833333333
2012-09-05 11:36:13,12650,1,72.395014881,-0.0037202380952
2012-09-05 11:36:14,12651,1,72.2788690476,-0.116145833333
2012-09-05 11:36:15,12652,1,72.0467261905,-0.232142857143
2012-09-05 11:36:16,12653,1,71.7532738095,-0.293452380952
2012-09-05 11:36:17,12654,1,71.4723958333,-0.280877976191
2012-09-05 11:36:18,12655,1,71.2580357143,-0.214360119048
2012-09-05 11:36:19,12656,1,71.1358630952,-0.122172619048
2012-09-05 11:36:20,12657,1,71.1173363095,-0.0185267857143
2012-09-05 11:36:21,12658,1,71.2079613095,0.090625
2012-09-05 11:36:22,12659,1,71.3988095238,0.190848214286
2012-09-05 11:36:23,12660,1,71.6656994048,0.266889880952
2012-09-05 11:36:24,12661,1,71.9894345238,0.323735119048
2012-09-05 11:36:25,12662,1,72.3686011905,0.379166666667
2012-09-05 11:36:26,12663,1,72.8072172619,0.438616071429
2012-09-05 11:36:27,12664,1,73.292485119,0.485267857143
2012-09-05 11:36:28,12665,1,73.7748511905,0.482366071429
2012-09-05 11:36:29,12666,1,74.1662946429,0.391443452381
2012-09-05 11:36:30,12667,1,74.3769345238,0.210639880952
2012-09-05 11:36:31,12668,1,74.3697916667,-0.0071428571428
2012-09-05 11:36:32,12669,1,74.1876488095,-0.182142857143
2012-09-05 11:36:33,12670,1,73.926860119,-0.260788690476
2012-09-05 11:36:34,12671,1,73.6674107143,-0.259449404762
2012-09-05 11:36:35,12672,1,73.4204613095,-0.246949404762
2012-09-05 11:36:36,12673,1,73.1549107143,-0.265550595238
2012-09-05 11:36:37,12674,1,72.8625744048,-0.292336309524
2012-09-05 11:36:38,12675,1,72.5756696429,-0.286904761905
2012-09-05 11:36:39,12676,1,72.3324404762,-0.243229166667
2012-09-05 11:36:40,12677,1,72.1499255952,-0.182514880952
2012-09-05 11:36:41,12678,1,72.0413690476,-0.108556547619
2012-09-05 11:36:42,12679,1,72.053422619,0.0120535714286
2012-09-05 11:36:43,12680,1,72.2578125,0.204389880952
2012-09-05 11:36:44,12681,1,72.6822172619,0.424404761905
2012-09-05 11:36:45,12682,1,73.25,0.567782738095
2012-09-05 11:36:46,12683,1,73.7979166667,0.547916666667
2012-09-05 11:36:47,12684,1,74.1595982143,0.361681547619
2012-09-05 11:36:48,12685,1,74.2397321429,0.0801339285715
2012-09-05 11:36:49,12686,1,74.030952381,-0.208779761905
2012-09-05 11:36:50,12687,1,73.5992559524,-0.431696428571
2012-09-05 11:36:51,12688,1,73.0698660714,-0.529389880952
2012-09-05 11:36:52,12689,1,72.5895833333,-0.480282738095
2012-09-05 11:36:53,12690,1,72.253125,-0.336458333333
2012-09-05 11:36:54,12691,1,72.053422619,-0.199702380952
2012-09-05 11:36:55,12692,1,71.9086309524,-0.144791666667
2012-09-05 11:36:56,12693,1,71.7400297619,-0.168601190476
2012-09-05 11:36:57,12694,1,71.5310267857,-0.20900297619
2012-09-05 11:36:58,12695,1,71.3136160714,-0.217410714286
2012-09-05 11:36:59,12696,1,71.1077380952,-0.20587797619
2012-09-05 11:37:00,12697,1,70.9014136905,-0.206324404762
2012-09-05 11:37:01,12698,1,70.6890625,-0.212351190476
2012-09-05 11:37:02,12699,1,70.4933779762,-0.19568452381
2012-09-05 11:37:03,12700,1,70.3401785714,-0.153199404762
2012-09-05 11:37:04,12701,1,70.2357886905,-0.104389880952
2012-09-05 11:37:05,12702,1,70.1770089286,-0.0587797619048
2012-09-05 11:37:06,12703,1,70.1663690476,-0.0106398809524
2012-09-05 11:37:07,12704,1,70.2058035714,0.0394345238096
2012-09-05 11:37:08,12705,1,70.2782738095,0.0724702380952
2012-09-05 11:37:09,12706,1,70.3462053571,0.0679315476191
2012-09-05 11:37:10,12707,1,70.379389881,0.0331845238095
2012-09-05 11:37:11,12708,1,70.3814732143,0.0020833333333
2012-09-05 11:37:12,12709,1,70.3783482143,-0.00312500000001
2012-09-05 11:37:13,12710,1,70.3883184524,0.00997023809531
2012-09-05 11:37:14,12711,1,70.4140625,0.025744047619
2012-09-05 11:37:15,12712,1,70.4514136905,0.0373511904762
2012-09-05 11:37:16,12713,1,70.4953869048,0.0439732142857
2012-09-05 11:37:17,12714,1,70.5431547619,0.0477678571429
2012-09-05 11:37:18,12715,1,70.590625,0.0474702380952
2012-09-05 11:37:19,12716,1,70.6259672619,0.0353422619048
2012-09-05 11:37:20,12717,1,70.637202381,0.0112351190476
2012-09-05 11:37:21,12718,1,70.6249255952,-0.0122767857143
2012-09-05 11:37:22,12719,1,70.6037202381,-0.0212053571429
2012-09-05 11:37:23,12720,1,70.6009672619,-0.00275297619041
2012-09-05 11:37:24,12721,1,70.6438244048,0.0428571428571
2012-09-05 11:37:25,12722,1,70.7266369048,0.0828125
2012-09-05 11:37:26,12723,1,70.806547619,0.0799107142857
2012-09-05 11:37:27,12724,1,70.8520089286,0.0454613095238
2012-09-05 11:37:28,12725,1,70.8899553571,0.0379464285715
2012-09-05 11:37:29,12726,1,70.9959077381,0.105952380952
2012-09-05 11:37:30,12727,1,71.2228422619,0.22693452381
2012-09-05 11:37:31,12728,1,71.521875,0.299032738095
2012-09-05 11:37:32,12729,1,71.7447916667,0.222916666667
2012-09-05 11:37:33,12730,1,71.7542410714,0.0094494047619
2012-09-05 11:37:34,12731,1,71.5375,-0.216741071429
2012-09-05 11:37:35,12732,1,71.2046130952,-0.332886904762
2012-09-05 11:37:36,12733,1,70.890327381,-0.314285714286
2012-09-05 11:37:37,12734,1,70.6720982143,-0.218229166667
2012-09-05 11:37:38,12735,1,70.558110119,-0.113988095238
2012-09-05 11:37:39,12736,1,70.5212797619,-0.0368303571428
2012-09-05 11:37:40,12737,1,70.5327380952,0.0114583333333
2012-09-05 11:37:41,12738,1,70.5654017857,0.0326636904762
2012-09-05 11:37:42,12739,1,70.5918154762,0.0264136904762
2012-09-05 11:37:43,12740,1,70.603125,0.0113095238095
2012-09-05 11:37:44,12741,1,70.6128720238,0.0097470238095
2012-09-05 11:37:45,12742,1,70.6220982143,0.0092261904762
2012-09-05 11:37:46,12743,1,70.6010416667,-0.021056547619
2012-09-05 11:37:47,12744,1,70.5293154762,-0.0717261904762
2012-09-05 11:37:48,12745,1,70.4443452381,-0.0849702380953
2012-09-05 11:37:49,12746,1,70.4290922619,-0.0152529761904
2012-09-05 11:37:50,12747,1,70.5394345238,0.110342261905
2012-09-05 11:37:51,12748,1,70.7302827381,0.190848214286
2012-09-05 11:37:52,12749,1,70.8514136905,0.121130952381
2012-09-05 11:37:53,12750,1,70.7372767857,-0.114136904762
2012-09-05 11:37:54,12751,1,70.3238839286,-0.413392857143
2012-09-05 11:37:55,12752,1,69.6933779762,-0.630505952381
2012-09-05 11:37:56,12753,1,69.0162202381,-0.677157738095
2012-09-05 11:37:57,12754,1,68.4450892857,-0.571130952381
2012-09-05 11:37:58,12755,1,68.0401785714,-0.404910714286
2012-09-05 11:37:59,12756,1,67.7650297619,-0.275148809524
2012-09-05 11:38:00,12757,1,67.5296875,-0.235342261905
2012-09-05 11:38:01,12758,1,67.248735119,-0.280952380952
2012-09-05 11:38:02,12759,1,66.9034970238,-0.345238095238
2012-09-05 11:38:03,12760,1,66.5729910714,-0.330505952381
2012-09-05 11:38:04,12761,1,66.3820684524,-0.190922619048
2012-09-05 11:38:05,12762,1,66.3824404762,0.000372023809589
2012-09-05 11:38:06,12763,1,66.4760416667,0.0936011904761
2012-09-05 11:38:07,12764,1,66.4912202381,0.0151785714286
2012-09-05 11:38:08,12765,1,66.3587053571,-0.132514880952
2012-09-05 11:38:09,12766,1,66.1764880952,-0.182217261905
2012-09-05 11:38:10,12767,1,66.0692708333,-0.107217261905
2012-09-05 11:38:11,12768,1,66.0024553571,-0.0668154761904
2012-09-05 11:38:12,12769,1,65.7543154762,-0.248139880952
2012-09-05 11:38:13,12770,1,65.0776785714,-0.676636904762
2012-09-05 11:38:14,12771,1,63.898735119,-1.17894345238
2012-09-05 11:38:15,12772,1,62.3630208333,-1.53571428571
2012-09-05 11:38:16,12773,1,60.7180059524,-1.64501488095
2012-09-05 11:38:17,12774,1,59.204389881,-1.51361607143
2012-09-05 11:38:18,12775,1,58.0175595238,-1.18683035714
2012-09-05 11:38:19,12776,1,57.2159970238,-0.8015625
2012-09-05 11:38:20,12777,1,56.6212053571,-0.594791666667
2012-09-05 11:38:21,12778,1,55.9578869048,-0.663318452381
2012-09-05 11:38:22,12779,1,55.1848958333,-0.772991071429
2012-09-05 11:38:23,12780,1,54.6399553571,-0.54494047619
2012-09-05 11:38:24,12781,1,54.837202381,0.197247023809
2012-09-05 11:38:25,12782,1,56.0811755952,1.24397321429
2012-09-05 11:38:26,12783,1,58.1733630952,2.0921875
2012-09-05 11:38:27,12784,1,60.4832589286,2.30989583333
2012-09-05 11:38:28,12785,1,62.3401041667,1.8568452381
2012-09-05 11:38:29,12786,1,63.3552827381,1.01517857143
2012-09-05 11:38:30,12787,1,63.4877232143,0.132440476191
2012-09-05 11:38:31,12788,1,62.9865327381,-0.501190476191
2012-09-05 11:38:32,12789,1,62.2598958333,-0.726636904762
2012-09-05 11:38:33,12790,1,61.6446428571,-0.61525297619
2012-09-05 11:38:34,12791,1,61.2111607143,-0.433482142857
2012-09-05 11:38:35,12792,1,60.7601934524,-0.450967261905
2012-09-05 11:38:36,12793,1,59.999702381,-0.760491071429
2012-09-05 11:38:37,12794,1,58.7507440476,-1.24895833333
2012-09-05 11:38:38,12795,1,57.0115327381,-1.73921130952
2012-09-05 11:38:39,12796,1,54.8548363095,-2.15669642857
2012-09-05 11:38:40,12797,1,52.2938244048,-2.56101190476
2012-09-05 11:38:41,12798,1,49.2497767857,-3.04404761905
2012-09-05 11:38:42,12799,1,45.6693452381,-3.58043154762
2012-09-05 11:38:43,12800,1,41.6668154762,-4.0025297619
2012-09-05 11:38:44,12801,1,37.437202381,-4.22961309524
2012-09-05 11:38:45,12802,1,32.9538690476,-4.48333333333
2012-09-05 11:38:46,12803,1,27.8767113095,-5.0771577381
2012-09-05 11:38:47,12804,1,21.9851190476,-5.8915922619
2012-09-05 11:38:48,12805,1,15.7889880952,-6.19613095238
2012-09-05 11:38:49,12806,1,10.5717261905,-5.21726190476
2012-09-05 11:38:50,12807,1,7.64136904762,-2.93035714286
2012-09-05 11:38:51,12808,1,7.4334077381,-0.207961309524
2012-09-05 11:38:52,12809,1,9.29680059524,1.86339285714
2012-09-05 11:38:53,12810,1,12.1401785714,2.84337797619
2012-09-05 11:38:54,12811,1,15.227827381,3.08764880952
2012-09-05 11:38:55,12812,1,18.3264880952,3.09866071429
2012-09-05 11:38:56,12813,1,21.3258928571,2.9994047619
2012-09-05 11:38:57,12814,1,24.0047619048,2.67886904762
2012-09-05 11:38:58,12815,1,26.139360119,2.13459821429
2012-09-05 11:38:59,12816,1,27.6651785714,1.52581845238
2012-09-05 11:39:00,12817,1,28.6369047619,0.971726190476
2012-09-05 11:39:01,12818,1,28.9999255952,0.363020833333
2012-09-05 11:39:02,12819,1,28.4540922619,-0.545833333333
2012-09-05 11:39:03,12820,1,26.6511904762,-1.80290178571
2012-09-05 11:39:04,12821,1,23.5484375,-3.10275297619
2012-09-05 11:39:05,12822,1,19.5071056548,-4.04133184524
2012-09-05 11:39:06,12823,1,15.0904017857,-4.41670386905
2012-09-05 11:39:07,12824,1,10.8875744048,-4.20282738095
2012-09-05 11:39:08,12825,1,7.51212797619,-3.37544642857
2012-09-05 11:39:09,12826,1,5.63805803571,-1.87406994048
2012-09-05 11:39:10,12827,1,5.84694940476,0.208891369048
2012-09-05 11:39:11,12828,1,8.21677827381,2.36982886905
2012-09-05 11:39:12,12829,1,12.0948660714,3.87808779762
2012-09-05 11:39:13,12830,1,16.4781994048,4.38333333333
2012-09-05 11:39:14,12831,1,20.6092261905,4.13102678571
2012-09-05 11:39:15,12832,1,24.1890997024,3.5798735119
2012-09-05 11:39:16,12833,1,27.2249255952,3.03582589286
2012-09-05 11:39:17,12834,1,29.8224702381,2.59754464286
2012-09-05 11:39:18,12835,1,32.0780505952,2.25558035714
2012-09-05 11:39:19,12836,1,34.0640625,1.98601190476
2012-09-05 11:39:20,12837,1,35.8119047619,1.7478422619
2012-09-05 11:39:21,12838,1,37.2609375,1.4490327381
2012-09-05 11:39:22,12839,1,38.2994047619,1.0384672619
2012-09-05 11:39:23,12840,1,38.9025297619,0.603125
2012-09-05 11:39:24,12841,1,39.1666666667,0.264136904762
2012-09-05 11:39:25,12842,1,39.2188988095,0.0522321428571
2012-09-05 11:39:26,12843,1,39.1776785714,-0.0412202380952
2012-09-05 11:39:27,12844,1,39.1711309524,-0.0065476190476
2012-09-05 11:39:28,12845,1,39.3013392857,0.130208333333
2012-09-05 11:39:29,12846,1,39.587202381,0.285863095238
2012-09-05 11:39:30,12847,1,39.9859375,0.398735119048
2012-09-05 11:39:31,12848,1,40.4603422619,0.474404761905
2012-09-05 11:39:32,12849,1,40.997172619,0.536830357143
2012-09-05 11:39:33,12850,1,41.5745535714,0.577380952381
2012-09-05 11:39:34,12851,1,42.128422619,0.553869047619
2012-09-05 11:39:35,12852,1,42.5618303571,0.433407738095
2012-09-05 11:39:36,12853,1,42.8078869048,0.246056547619
2012-09-05 11:39:37,12854,1,42.8752232143,0.0673363095238
2012-09-05 11:39:38,12855,1,42.8197172619,-0.0555059523809
2012-09-05 11:39:39,12856,1,42.6898809524,-0.129836309524
2012-09-05 11:39:40,12857,1,42.4985119048,-0.191369047619
2012-09-05 11:39:41,12858,1,42.2275297619,-0.270982142857
2012-09-05 11:39:42,12859,1,41.8569196429,-0.370610119048
2012-09-05 11:39:43,12860,1,41.3898809524,-0.467038690476
2012-09-05 11:39:44,12861,1,40.8574404762,-0.53244047619
2012-09-05 11:39:45,12862,1,40.3142857143,-0.543154761905
2012-09-05 11:39:46,12863,1,39.8311011905,-0.48318452381
2012-09-05 11:39:47,12864,1,39.4781994048,-0.352901785714
2012-09-05 11:39:48,12865,1,39.3022321429,-0.175967261905
2012-09-05 11:39:49,12866,1,39.3084077381,0.0061755952381
2012-09-05 11:39:50,12867,1,39.4593005952,0.150892857143
2012-09-05 11:39:51,12868,1,39.6837797619,0.224479166667
2012-09-05 11:39:52,12869,1,39.8915922619,0.2078125
2012-09-05 11:39:53,12870,1,40.0052083333,0.113616071429
2012-09-05 11:39:54,12871,1,40.0006696429,-0.0045386904762
2012-09-05 11:39:55,12872,1,39.9206845238,-0.0799851190476
2012-09-05 11:39:56,12873,1,39.8405505952,-0.0801339285714
2012-09-05 11:39:57,12874,1,39.8123511905,-0.0281994047619
2012-09-05 11:39:58,12875,1,39.8360119048,0.0236607142857
2012-09-05 11:39:59,12876,1,39.8802083333,0.0441964285714
2012-09-05 11:40:00,12877,1,39.9194940476,0.0392857142857
2012-09-05 11:40:01,12878,1,39.9386160714,0.0191220238096
2012-09-05 11:40:02,12879,1,39.9140625,-0.0245535714286
2012-09-05 11:40:03,12880,1,39.8196428571,-0.0944196428571
2012-09-05 11:40:04,12881,1,39.6514136905,-0.168229166667
2012-09-05 11:40:05,12882,1,39.4292410714,-0.222172619048
2012-09-05 11:40:06,12883,1,39.1694940476,-0.25974702381
2012-09-05 11:40:07,12884,1,38.8636160714,-0.30587797619
2012-09-05 11:40:08,12885,1,38.4949404762,-0.368675595238
2012-09-05 11:40:09,12886,1,38.079985119,-0.414955357143
2012-09-05 11:40:10,12887,1,37.6773065476,-0.402678571429
2012-09-05 11:40:11,12888,1,37.3438244048,-0.333482142857
2012-09-05 11:40:12,12889,1,37.0853422619,-0.258482142857
2012-09-05 11:40:13,12890,1,36.8500744048,-0.235267857143
2012-09-05 11:40:14,12891,1,36.567485119,-0.282589285714
2012-09-05 11:40:15,12892,1,36.1888392857,-0.378645833333
2012-09-05 11:40:16,12893,1,35.691889881,-0.496949404762
2012-09-05 11:40:17,12894,1,35.0645833333,-0.627306547619
2012-09-05 11:40:18,12895,1,34.29375,-0.770833333333
2012-09-05 11:40:19,12896,1,33.3698660714,-0.923883928571
2012-09-05 11:40:20,12897,1,32.3154017857,-1.05446428571
2012-09-05 11:40:21,12898,1,31.2103422619,-1.10505952381
2012-09-05 11:40:22,12899,1,30.1863095238,-1.0240327381
2012-09-05 11:40:23,12900,1,29.3982142857,-0.788095238095
2012-09-05 11:40:24,12901,1,28.9646577381,-0.433556547619
2012-09-05 11:40:25,12902,1,28.8882440476,-0.0764136904761
2012-09-05 11:40:26,12903,1,29.035639881,0.147395833333
2012-09-05 11:40:27,12904,1,29.1930059524,0.157366071429
2012-09-05 11:40:28,12905,1,29.1203125,-0.072693452381
2012-09-05 11:40:29,12906,1,28.6080357143,-0.512276785714
2012-09-05 11:40:30,12907,1,27.5993303571,-1.00870535714
2012-09-05 11:40:31,12908,1,26.2966517857,-1.30267857143
2012-09-05 11:40:32,12909,1,25.0995535714,-1.19709821429
2012-09-05 11:40:33,12910,1,24.3852678571,-0.714285714286
2012-09-05 11:40:34,12911,1,24.2767857143,-0.108482142857
2012-09-05 11:40:35,12912,1,24.560639881,0.283854166667
2012-09-05 11:40:36,12913,1,24.8523809524,0.291741071429
2012-09-05 11:40:37,12914,1,24.862202381,0.0098214285714
2012-09-05 11:40:38,12915,1,24.4892113095,-0.372991071429
2012-09-05 11:40:39,12916,1,23.7304315476,-0.758779761905
2012-09-05 11:40:40,12917,1,22.5805803571,-1.14985119048
2012-09-05 11:40:41,12918,1,21.0001488095,-1.58043154762
2012-09-05 11:40:42,12919,1,18.9777529762,-2.02239583333
2012-09-05 11:40:43,12920,1,16.669047619,-2.30870535714
2012-09-05 11:40:44,12921,1,14.434077381,-2.2349702381
2012-09-05 11:40:45,12922,1,12.6599702381,-1.77410714286
2012-09-05 11:40:46,12923,1,11.5192708333,-1.14069940476
2012-09-05 11:40:47,12924,1,10.8621279762,-0.657142857143
2012-09-05 11:40:48,12925,1,10.3212053571,-0.540922619048
2012-09-05 11:40:49,12926,1,9.55669642857,-0.764508928571
2012-09-05 11:40:50,12927,1,8.43009672619,-1.12659970238
2012-09-05 11:40:51,12928,1,7.00431547619,-1.42578125
2012-09-05 11:40:52,12929,1,5.47373511905,-1.53058035714
2012-09-05 11:40:53,12930,1,4.10863095238,-1.36510416667
2012-09-05 11:40:54,12931,1,3.20048363095,-0.908147321429
2012-09-05 11:40:55,12932,1,2.94717261905,-0.253311011905
2012-09-05 11:40:56,12933,1,3.2783110119,0.331138392857
2012-09-05 11:40:57,12934,1,3.83370535714,0.555394345238
2012-09-05 11:40:58,12935,1,4.2318452381,0.398139880952
2012-09-05 11:40:59,12936,1,4.34754464286,0.115699404762
2012-09-05 11:41:00,12937,1,4.3185639881,-0.0289806547619
2012-09-05 11:41:01,12938,1,4.37165178571,0.0530877976191
2012-09-05 11:41:02,12939,1,4.60260416667,0.230952380952
2012-09-05 11:41:03,12940,1,4.82983630952,0.227232142857
2012-09-05 11:41:04,12941,1,4.74709821429,-0.0827380952381
2012-09-05 11:41:05,12942,1,4.30416666667,-0.442931547619
2012-09-05 11:41:06,12943,1,3.92849702381,-0.375669642857
2012-09-05 11:41:07,12944,1,4.38229166667,0.453794642857
2012-09-05 11:41:08,12945,1,6.30416666667,1.921875
2012-09-05 11:41:09,12946,1,9.71889880952,3.41473214286
2012-09-05 11:41:10,12947,1,13.9618303571,4.24293154762
2012-09-05 11:41:11,12948,1,18.1156994048,4.15386904762
2012-09-05 11:41:12,12949,1,21.539360119,3.42366071429
2012-09-05 11:41:13,12950,1,24.0496279762,2.51026785714
2012-09-05 11:41:14,12951,1,25.7485119048,1.69888392857
2012-09-05 11:41:15,12952,1,26.8145833333,1.06607142857
2012-09-05 11:41:16,12953,1,27.434375,0.619791666667
2012-09-05 11:41:17,12954,1,27.7901041667,0.355729166667
2012-09-05 11:41:18,12955,1,28.0341517857,0.244047619048
2012-09-05 11:41:19,12956,1,28.2672619048,0.233110119048
2012-09-05 11:41:20,12957,1,28.5336309524,0.266369047619
2012-09-05 11:41:21,12958,1,28.8311755952,0.297544642857
2012-09-05 11:41:22,12959,1,29.1271577381,0.295982142857
2012-09-05 11:41:23,12960,1,29.3691964286,0.242038690476
2012-09-05 11:41:24,12961,1,29.5006696429,0.131473214286
2012-09-05 11:41:25,12962,1,29.4944940476,-0.006175595238
2012-09-05 11:41:26,12963,1,29.3836309524,-0.110863095238
2012-09-05 11:41:27,12964,1,29.2473958333,-0.136235119048
2012-09-05 11:41:28,12965,1,29.165327381,-0.0820684523809
2012-09-05 11:41:29,12966,1,29.1828125,0.0174851190476
2012-09-05 11:41:30,12967,1,29.278422619,0.0956101190476
2012-09-05 11:41:31,12968,1,29.3274553571,0.0490327380953
2012-09-05 11:41:32,12969,1,29.136235119,-0.191220238095
2012-09-05 11:41:33,12970,1,28.5644345238,-0.571800595238
2012-09-05 11:41:34,12971,1,27.6227678571,-0.941666666667
2012-09-05 11:41:35,12972,1,26.4500744048,-1.17269345238
2012-09-05 11:41:36,12973,1,25.171875,-1.27819940476
2012-09-05 11:41:37,12974,1,23.7410714286,-1.43080357143
2012-09-05 11:41:38,12975,1,21.9252232143,-1.81584821429
2012-09-05 11:41:39,12976,1,19.485639881,-2.43958333333
2012-09-05 11:41:40,12977,1,16.3933779762,-3.09226190476
2012-09-05 11:41:41,12978,1,12.9273809524,-3.46599702381
2012-09-05 11:41:42,12979,1,9.60915178571,-3.31822916667
2012-09-05 11:41:43,12980,1,6.96436011905,-2.64479166667
2012-09-05 11:41:44,12981,1,5.22708333333,-1.73727678571
2012-09-05 11:41:45,12982,1,4.25625,-0.970833333333
2012-09-05 11:41:46,12983,1,3.75055803571,-0.505691964286
2012-09-05 11:41:47,12984,1,3.51103050595,-0.239527529762
2012-09-05 11:41:48,12985,1,3.49750744048,-0.0135230654762
2012-09-05 11:41:49,12986,1,3.70623139881,0.208723958333
2012-09-05 11:41:50,12987,1,4.0623139881,0.356082589286
2012-09-05 11:41:51,12988,1,4.44700520833,0.384691220238
2012-09-05 11:41:52,12989,1,4.85576636905,0.408761160714
2012-09-05 11:41:53,12990,1,5.54382440476,0.688058035714
2012-09-05 11:41:54,12991,1,6.93351934524,1.38969494048
2012-09-05 11:41:55,12992,1,9.31579241071,2.38227306548
2012-09-05 11:41:56,12993,1,12.6298735119,3.31408110119
2012-09-05 11:41:57,12994,1,16.4439174107,3.81404389881
2012-09-05 11:41:58,12995,1,20.1249627976,3.6810453869
2012-09-05 11:41:59,12996,1,23.153999256,3.02903645833
2012-09-05 11:42:00,12997,1,25.348921131,2.194921875
2012-09-05 11:42:01,12998,1,26.8130208333,1.46409970238
2012-09-05 11:42:02,12999,1,27.7628720238,0.949851190476
2012-09-05 11:42:03,13000,1,28.427827381,0.664955357143
2012-09-05 11:42:04,13001,1,29.0,0.572172619048
2012-09-05 11:42:05,13002,1,29.5793154762,0.579315476191
2012-09-05 11:42:06,13003,1,30.1616815476,0.582366071428
2012-09-05 11:42:07,13004,1,30.6914434524,0.529761904762
2012-09-05 11:42:08,13005,1,31.1140625,0.422619047619
2012-09-05 11:42:09,13006,1,31.4026041667,0.288541666667
2012-09-05 11:42:10,13007,1,31.5704613095,0.167857142857
2012-09-05 11:42:11,13008,1,31.6591517857,0.0886904761905
2012-09-05 11:42:12,13009,1,31.7105654762,0.0514136904762
2012-09-05 11:42:13,13010,1,31.7472470238,0.036681547619
2012-09-05 11:42:14,13011,1,31.7744791667,0.0272321428572
2012-09-05 11:42:15,13012,1,31.8168154762,0.0423363095238
2012-09-05 11:42:16,13013,1,31.9482886905,0.131473214286
2012-09-05 11:42:17,13014,1,32.2549107143,0.306622023809
2012-09-05 11:42:18,13015,1,32.7536458333,0.498735119048
2012-09-05 11:42:19,13016,1,33.3488095238,0.595163690476
2012-09-05 11:42:20,13017,1,33.8799107143,0.531101190476
2012-09-05 11:42:21,13018,1,34.233110119,0.353199404762
2012-09-05 11:42:22,13019,1,34.4047619048,0.171651785714
2012-09-05 11:42:23,13020,1,34.4581845238,0.0534226190476
2012-09-05 11:42:24,13021,1,34.4466517857,-0.0115327380952
2012-09-05 11:42:25,13022,1,34.3836309524,-0.0630208333334
2012-09-05 11:42:26,13023,1,34.2646577381,-0.118973214286
2012-09-05 11:42:27,13024,1,34.1004464286,-0.164211309524
2012-09-05 11:42:28,13025,1,33.9130208333,-0.187425595238
2012-09-05 11:42:29,13026,1,33.7013392857,-0.211681547619
2012-09-05 11:42:30,13027,1,33.4354166667,-0.265922619048
2012-09-05 11:42:31,13028,1,33.0880952381,-0.347321428571
2012-09-05 11:42:32,13029,1,32.6648065476,-0.423288690476
2012-09-05 11:42:33,13030,1,32.2102678571,-0.454538690476
2012-09-05 11:42:34,13031,1,31.7773809524,-0.432886904762
2012-09-05 11:42:35,13032,1,31.3630952381,-0.414285714286
2012-09-05 11:42:36,13033,1,30.8764880952,-0.486607142857
2012-09-05 11:42:37,13034,1,30.200297619,-0.67619047619
2012-09-05 11:42:38,13035,1,29.3061755952,-0.89412202381
2012-09-05 11:42:39,13036,1,28.3133184524,-0.992857142857
2012-09-05 11:42:40,13037,1,27.4261904762,-0.887127976191
2012-09-05 11:42:41,13038,1,26.8040922619,-0.622098214286
2012-09-05 11:42:42,13039,1,26.4954613095,-0.308630952381
2012-09-05 11:42:43,13040,1,26.4816964286,-0.0137648809524
2012-09-05 11:42:44,13041,1,26.7260416667,0.244345238095
2012-09-05 11:42:45,13042,1,27.1742559524,0.448214285714
2012-09-05 11:42:46,13043,1,27.7531994048,0.578943452381
2012-09-05 11:42:47,13044,1,28.3703869048,0.6171875
2012-09-05 11:42:48,13045,1,28.9196428571,0.549255952381
2012-09-05 11:42:49,13046,1,29.3133928571,0.39375
2012-09-05 11:42:50,13047,1,29.5085565476,0.195163690476
2012-09-05 11:42:51,13048,1,29.5301339286,0.0215773809524
2012-09-05 11:42:52,13049,1,29.4774553571,-0.0526785714285
2012-09-05 11:42:53,13050,1,29.4285714286,-0.0488839285715
2012-09-05 11:42:54,13051,1,29.340922619,-0.0876488095238
2012-09-05 11:42:55,13052,1,29.1142857143,-0.226636904762
2012-09-05 11:42:56,13053,1,28.7147321429,-0.399553571429
2012-09-05 11:42:57,13054,1,28.2087053571,-0.506026785714
2012-09-05 11:42:58,13055,1,27.7108630952,-0.497842261905
2012-09-05 11:42:59,13056,1,27.2890625,-0.421800595238
2012-09-05 11:43:00,13057,1,26.9234375,-0.365625
2012-09-05 11:43:01,13058,1,26.5671875,-0.35625
2012-09-05 11:43:02,13059,1,26.1857886905,-0.381398809524
2012-09-05 11:43:03,13060,1,25.699702381,-0.486086309524
2012-09-05 11:43:04,13061,1,24.9164434524,-0.783258928571
2012-09-05 11:43:05,13062,1,23.54609375,-1.37034970238
2012-09-05 11:43:06,13063,1,21.3172061012,-2.22888764881
2012-09-05 11:43:07,13064,1,18.1665550595,-3.15065104167
2012-09-05 11:43:08,13065,1,14.416499256,-3.75005580357
2012-09-05 11:43:09,13066,1,10.7277901786,-3.68870907738
2012-09-05 11:43:10,13067,1,7.74752604167,-2.9802641369
2012-09-05 11:43:11,13068,1,5.80122767857,-1.9462983631
2012-09-05 11:43:12,13069,1,4.96205357143,-0.839174107143
2012-09-05 11:43:13,13070,1,5.29654017857,0.334486607143
2012-09-05 11:43:14,13071,1,6.91475074405,1.61821056548
2012-09-05 11:43:15,13072,1,9.78069196429,2.86594122024
2012-09-05 11:43:16,13073,1,13.5077566964,3.72706473214
2012-09-05 11:43:17,13074,1,17.4021205357,3.89436383929
2012-09-05 11:43:18,13075,1,20.808686756,3.40656622024
2012-09-05 11:43:19,13076,1,23.4533110119,2.64462425595
2012-09-05 11:43:20,13077,1,25.456547619,2.00323660714
2012-09-05 11:43:21,13078,1,27.096577381,1.6400297619
2012-09-05 11:43:22,13079,1,28.5936011905,1.49702380952
2012-09-05 11:43:23,13080,1,30.0125,1.41889880952
2012-09-05 11:43:24,13081,1,31.2729166667,1.26041666667
2012-09-05 11:43:25,13082,1,32.2556547619,0.982738095238
2012-09-05 11:43:26,13083,1,32.9196428571,0.663988095238
2012-09-05 11:43:27,13084,1,33.326264881,0.40662202381
2012-09-05 11:43:28,13085,1,33.5758928571,0.24962797619
2012-09-05 11:43:29,13086,1,33.7454613095,0.169568452381
2012-09-05 11:43:30,13087,1,33.881547619,0.136086309524
2012-09-05 11:43:31,13088,1,34.0070684524,0.125520833333
2012-09-05 11:43:32,13089,1,34.1049107143,0.0978422619047
2012-09-05 11:43:33,13090,1,34.125297619,0.0203869047619
2012-09-05 11:43:34,13091,1,34.0334821429,-0.0918154761905
2012-09-05 11:43:35,13092,1,33.8535714286,-0.179910714286
2012-09-05 11:43:36,13093,1,33.6909970238,-0.162574404762
2012-09-05 11:43:37,13094,1,33.6802827381,-0.0107142857143
2012-09-05 11:43:38,13095,1,33.8222470238,0.141964285714
2012-09-05 11:43:39,13096,1,33.9285714286,0.106324404762
2012-09-05 11:43:40,13097,1,33.8485863095,-0.0799851190476
2012-09-05 11:43:41,13098,1,33.6759672619,-0.172619047619
2012-09-05 11:43:42,13099,1,33.653422619,-0.0225446428572
2012-09-05 11:43:43,13100,1,33.9530505952,0.299627976191
2012-09-05 11:43:44,13101,1,34.5347470238,0.581696428571
2012-09-05 11:43:45,13102,1,35.1675595238,0.6328125
2012-09-05 11:43:46,13103,1,35.6446428571,0.477083333333
2012-09-05 11:43:47,13104,1,35.9412946429,0.296651785714
2012-09-05 11:43:48,13105,1,36.1291666667,0.18787202381
2012-09-05 11:43:49,13106,1,36.2605654762,0.131398809524
2012-09-05 11:43:50,13107,1,36.3630208333,0.102455357143
2012-09-05 11:43:51,13108,1,36.4433035714,0.0802827380953
2012-09-05 11:43:52,13109,1,36.4800595238,0.0367559523809
2012-09-05 11:43:53,13110,1,36.4449404762,-0.035119047619
2012-09-05 11:43:54,13111,1,36.3311011905,-0.113839285714
2012-09-05 11:43:55,13112,1,36.1603422619,-0.170758928571
2012-09-05 11:43:56,13113,1,35.9688988095,-0.191443452381
2012-09-05 11:43:57,13114,1,35.7924107143,-0.176488095238
2012-09-05 11:43:58,13115,1,35.6522321429,-0.140178571429
2012-09-05 11:43:59,13116,1,35.5323660714,-0.119866071429
2012-09-05 11:44:00,13117,1,35.3760416667,-0.156324404762
2012-09-05 11:44:01,13118,1,35.1264136905,-0.249627976191
2012-09-05 11:44:02,13119,1,34.7779017857,-0.348511904762
2012-09-05 11:44:03,13120,1,34.3892857143,-0.388616071429
2012-09-05 11:44:04,13121,1,34.043452381,-0.345833333333
2012-09-05 11:44:05,13122,1,33.7883184524,-0.255133928572
2012-09-05 11:44:06,13123,1,33.6107142857,-0.177604166667
2012-09-05 11:44:07,13124,1,33.4581845238,-0.152529761905
2012-09-05 11:44:08,13125,1,33.2863095238,-0.171875
2012-09-05 11:44:09,13126,1,33.097172619,-0.189136904762
2012-09-05 11:44:10,13127,1,32.9390625,-0.158110119048
2012-09-05 11:44:11,13128,1,32.865922619,-0.0731398809524
2012-09-05 11:44:12,13129,1,32.8925595238,0.0266369047619
2012-09-05 11:44:13,13130,1,32.9864583333,0.0938988095238
2012-09-05 11:44:14,13131,1,33.0959077381,0.109449404762
2012-09-05 11:44:15,13132,1,33.1738839286,0.0779761904762
2012-09-05 11:44:16,13133,1,33.1799107143,0.0060267857143
2012-09-05 11:44:17,13134,1,33.0943452381,-0.0855654761905
2012-09-05 11:44:18,13135,1,32.9473958333,-0.146949404762
2012-09-05 11:44:19,13136,1,32.801264881,-0.146130952381
2012-09-05 11:44:20,13137,1,32.6900297619,-0.111235119048
2012-09-05 11:44:21,13138,1,32.5993303571,-0.0906994047619
2012-09-05 11:44:22,13139,1,32.5006696429,-0.0986607142858
2012-09-05 11:44:23,13140,1,32.3851190476,-0.115550595238
2012-09-05 11:44:24,13141,1,32.2550595238,-0.13005952381
2012-09-05 11:44:25,13142,1,32.1004464286,-0.154613095238
2012-09-05 11:44:26,13143,1,31.9239583333,-0.176488095238
2012-09-05 11:44:27,13144,1,31.7770089286,-0.146949404762
2012-09-05 11:44:28,13145,1,31.728422619,-0.0485863095238
2012-09-05 11:44:29,13146,1,31.7989583333,0.0705357142857
2012-09-05 11:44:30,13147,1,31.928422619,0.129464285714
2012-09-05 11:44:31,13148,1,32.0194940476,0.0910714285714
2012-09-05 11:44:32,13149,1,32.0359375,0.016443452381
2012-09-05 11:44:33,13150,1,32.025297619,-0.0106398809524
2012-09-05 11:44:34,13151,1,32.0349702381,0.0096726190476
2012-09-05 11:44:35,13152,1,32.0538690476,0.0188988095238
2012-09-05 11:44:36,13153,1,32.0354910714,-0.0183779761904
2012-09-05 11:44:37,13154,1,31.9366815476,-0.0988095238096
2012-09-05 11:44:38,13155,1,31.7350446429,-0.201636904762
2012-09-05 11:44:39,13156,1,31.4348958333,-0.300148809524
2012-09-05 11:44:40,13157,1,31.0646577381,-0.370238095238
2012-09-05 11:44:41,13158,1,30.6662946429,-0.398363095238
2012-09-05 11:44:42,13159,1,30.2685267857,-0.397767857143
2012-09-05 11:44:43,13160,1,29.8412202381,-0.427306547619
2012-09-05 11:44:44,13161,1,29.2764136905,-0.564806547619
2012-09-05 11:44:45,13162,1,28.4156994048,-0.860714285714
2012-09-05 11:44:46,13163,1,27.0806547619,-1.33504464286
2012-09-05 11:44:47,13164,1,25.0895833333,-1.99107142857
2012-09-05 11:44:48,13165,1,22.2711309524,-2.81845238095
2012-09-05 11:44:49,13166,1,18.5328869048,-3.73824404762
2012-09-05 11:44:50,13167,1,14.1029761905,-4.42991071429
2012-09-05 11:44:51,13168,1,9.80275297619,-4.30022321429
2012-09-05 11:44:52,13169,1,6.90245535714,-2.90029761905
2012-09-05 11:44:53,13170,1,6.48325892857,-0.419196428571
2012-09-05 11:44:54,13171,1,8.78816964286,2.30491071429
2012-09-05 11:44:55,13172,1,13.0301339286,4.24196428571
2012-09-05 11:44:56,13173,1,17.843452381,4.81331845238
2012-09-05 11:44:57,13174,1,22.0712797619,4.22782738095
2012-09-05 11:44:58,13175,1,25.2154761905,3.14419642857
2012-09-05 11:44:59,13176,1,27.377827381,2.16235119048
2012-09-05 11:45:00,13177,1,28.9775297619,1.59970238095
2012-09-05 11:45:01,13178,1,30.3901785714,1.41264880952
2012-09-05 11:45:02,13179,1,31.7229910714,1.3328125
2012-09-05 11:45:03,13180,1,32.8765625,1.15357142857
2012-09-05 11:45:04,13181,1,33.7288690476,0.852306547619
2012-09-05 11:45:05,13182,1,34.2810267857,0.552157738095
2012-09-05 11:45:06,13183,1,34.6454613095,0.364434523809
2012-09-05 11:45:07,13184,1,34.9120535714,0.266592261905
2012-09-05 11:45:08,13185,1,35.1101190476,0.19806547619
2012-09-05 11:45:09,13186,1,35.2496279762,0.139508928572
2012-09-05 11:45:10,13187,1,35.337797619,0.0881696428571
2012-09-05 11:45:11,13188,1,35.3904761905,0.0526785714286
2012-09-05 11:45:12,13189,1,35.4151041667,0.0246279761905
2012-09-05 11:45:13,13190,1,35.4075892857,-0.0075148809524
2012-09-05 11:45:14,13191,1,35.3880952381,-0.0194940476191
2012-09-05 11:45:15,13192,1,35.371875,-0.0162202380952
2012-09-05 11:45:16,13193,1,35.3238839286,-0.0479910714286
2012-09-05 11:45:17,13194,1,35.2051339286,-0.11875
2012-09-05 11:45:18,13195,1,35.022172619,-0.182961309524
2012-09-05 11:45:19,13196,1,34.7942708333,-0.227901785714
2012-09-05 11:45:20,13197,1,34.5087797619,-0.285491071429
2012-09-05 11:45:21,13198,1,34.1460565476,-0.362723214286
2012-09-05 11:45:22,13199,1,33.7402529762,-0.405803571428
2012-09-05 11:45:23,13200,1,33.383110119,-0.357142857143
2012-09-05 11:45:24,13201,1,33.159077381,-0.224032738095
2012-09-05 11:45:25,13202,1,33.0669642857,-0.0921130952381
2012-09-05 11:45:26,13203,1,32.9852678571,-0.0816964285714
2012-09-05 11:45:27,13204,1,32.7428571429,-0.242410714286
2012-09-05 11:45:28,13205,1,32.2432291667,-0.49962797619
2012-09-05 11:45:29,13206,1,31.4932291667,-0.75
2012-09-05 11:45:30,13207,1,30.529985119,-0.963244047619
2012-09-05 11:45:31,13208,1,29.3499255952,-1.18005952381
2012-09-05 11:45:32,13209,1,27.8954613095,-1.45446428571
2012-09-05 11:45:33,13210,1,26.1005208333,-1.79494047619
2012-09-05 11:45:34,13211,1,23.925,-2.17552083333
2012-09-05 11:45:35,13212,1,21.3421875,-2.5828125
2012-09-05 11:45:36,13213,1,18.3405505952,-3.00163690476
2012-09-05 11:45:37,13214,1,14.9436755952,-3.396875
2012-09-05 11:45:38,13215,1,11.2349702381,-3.70870535714
2012-09-05 11:45:39,13216,1,7.44605654762,-3.78891369048
2012-09-05 11:45:40,13217,1,4.09441964286,-3.35163690476
2012-09-05 11:45:41,13218,1,0.0,-4.09441964286
2012-09-05 11:46:17,13254,36,0.0,0.0
2012-09-05 11:46:18,13255,1,2.14255952381,2.14255952381
2012-09-05 11:46:19,13256,1,2.96041666667,0.817857142857
2012-09-05 11:46:20,13257,1,2.93854166667,-0.021875
2012-09-05 11:46:21,13258,1,2.08392857143,-0.854613095238
2012-09-05 11:46:22,13259,1,0.0,-2.08392857143
2012-09-05 11:46:41,13278,19,0.0,0.0
2012-09-05 11:46:42,13279,1,2.790625,2.790625
2012-09-05 11:46:43,13280,1,4.58616071429,1.79553571429
2012-09-05 11:46:44,13281,1,5.95386904762,1.36770833333
2012-09-05 11:46:45,13282,1,6.45870535714,0.504836309524
2012-09-05 11:46:46,13283,1,6.19047619048,-0.268229166667
2012-09-05 11:46:47,13284,1,5.52172619048,-0.66875
2012-09-05 11:46:48,13285,1,4.83936011905,-0.682366071429
2012-09-05 11:46:49,13286,1,4.35094246032,-0.48841765873
2012-09-05 11:46:50,13287,1,4.06036706349,-0.290575396825
2012-09-05 11:46:51,13288,1,3.875,-0.185367063492
2012-09-05 11:46:52,13289,1,3.70347222222,-0.171527777778
2012-09-05 11:46:53,13290,1,3.51408730159,-0.189384920635
2012-09-05 11:46:54,13291,1,3.34300595238,-0.171081349206
2012-09-05 11:46:55,13292,1,3.24801587302,-0.0949900793651
2012-09-05 11:46:56,13293,1,3.26552579365,0.0175099206349
2012-09-05 11:46:57,13294,1,3.38556547619,0.12003968254
2012-09-05 11:46:58,13295,1,3.55612599206,0.170560515873
2012-09-05 11:46:59,13296,1,3.73129960317,0.175173611111
2012-09-05 11:47:00,13297,1,3.9,0.168700396825
2012-09-05 11:47:01,13298,1,4.05813492063,0.158134920635
2012-09-05 11:47:02,13299,1,4.17981150794,0.121676587302
2012-09-05 11:47:03,13300,1,4.28236607143,0.102554563492
2012-09-05 11:47:04,13301,1,4.58603670635,0.303670634921
2012-09-05 11:47:05,13302,1,5.55756448413,0.971527777778
2012-09-05 11:47:06,13303,1,7.69761904762,2.14005456349
2012-09-05 11:47:07,13304,1,11.2377728175,3.54015376984
2012-09-05 11:47:08,13305,1,15.9599206349,4.72214781746
2012-09-05 11:47:09,13306,1,21.2609375,5.30101686508
2012-09-05 11:47:10,13307,1,26.4467013889,5.18576388889
2012-09-05 11:47:11,13308,1,30.993328373,4.54662698413
2012-09-05 11:47:12,13309,1,34.6057291667,3.61240079365
2012-09-05 11:47:13,13310,1,37.1949404762,2.58921130952
2012-09-05 11:47:14,13311,1,38.8486607143,1.6537202381
2012-09-05 11:47:15,13312,1,39.7738095238,0.925148809524
2012-09-05 11:47:16,13313,1,40.2430059524,0.469196428572
2012-09-05 11:47:17,13314,1,40.5417410714,0.298735119048
2012-09-05 11:47:18,13315,1,40.8932291667,0.351488095238
2012-09-05 11:47:19,13316,1,41.3932291667,0.5
2012-09-05 11:47:20,13317,1,41.9880208333,0.594791666667
2012-09-05 11:47:21,13318,1,42.5168154762,0.528794642857
2012-09-05 11:47:22,13319,1,42.815625,0.298809523809
2012-09-05 11:47:23,13320,1,42.8135416667,-0.0020833333333
2012-09-05 11:47:24,13321,1,42.5523065476,-0.261235119048
2012-09-05 11:47:25,13322,1,42.1364583333,-0.415848214286
2012-09-05 11:47:26,13323,1,41.6697916667,-0.466666666667
2012-09-05 11:47:27,13324,1,41.2227678571,-0.447023809524
2012-09-05 11:47:28,13325,1,40.8317708333,-0.39099702381
2012-09-05 11:47:29,13326,1,40.5098214286,-0.321949404762
2012-09-05 11:47:30,13327,1,40.2593005952,-0.250520833333
2012-09-05 11:47:31,13328,1,40.0734375,-0.185863095238
2012-09-05 11:47:32,13329,1,39.9259672619,-0.147470238095
2012-09-05 11:47:33,13330,1,39.7764880952,-0.149479166667
2012-09-05 11:47:34,13331,1,39.5888392857,-0.187648809524
2012-09-05 11:47:35,13332,1,39.3376488095,-0.251190476191
2012-09-05 11:47:36,13333,1,39.009672619,-0.327976190476
2012-09-05 11:47:37,13334,1,38.5989583333,-0.410714285714
2012-09-05 11:47:38,13335,1,38.0854166667,-0.513541666667
2012-09-05 11:47:39,13336,1,37.4208333333,-0.664583333333
2012-09-05 11:47:40,13337,1,36.5341517857,-0.886681547619
2012-09-05 11:47:41,13338,1,35.3614583333,-1.17269345238
2012-09-05 11:47:42,13339,1,33.9558779762,-1.40558035714
2012-09-05 11:47:43,13340,1,32.6431547619,-1.31272321429
2012-09-05 11:47:44,13341,1,31.9959821429,-0.647172619048
2012-09-05 11:47:45,13342,1,32.4944940476,0.498511904762
2012-09-05 11:47:46,13343,1,34.0985119048,1.60401785714
2012-09-05 11:47:47,13344,1,36.0885416667,1.9900297619
2012-09-05 11:47:48,13345,1,37.329389881,1.24084821429
2012-09-05 11:47:49,13346,1,36.8423363095,-0.487053571429
2012-09-05 11:47:50,13347,1,34.3549107143,-2.48742559524
2012-09-05 11:47:51,13348,1,30.4752232143,-3.8796875
2012-09-05 11:47:52,13349,1,26.4169642857,-4.05825892857
2012-09-05 11:47:53,13350,1,23.4710565476,-2.9459077381
2012-09-05 11:47:54,13351,1,22.4597470238,-1.01130952381
2012-09-05 11:47:55,13352,1,23.4049107143,0.945163690476
2012-09-05 11:47:56,13353,1,25.6010416667,2.19613095238
2012-09-05 11:47:57,13354,1,28.0419642857,2.44092261905
2012-09-05 11:47:58,13355,1,29.9101934524,1.86822916667
2012-09-05 11:47:59,13356,1,30.8742559524,0.9640625
2012-09-05 11:48:00,13357,1,31.1055059524,0.23125
2012-09-05 11:48:01,13358,1,31.0314732143,-0.0740327380953
2012-09-05 11:48:02,13359,1,30.9723214286,-0.0591517857143
2012-09-05 11:48:03,13360,1,30.9413690476,-0.0309523809524
2012-09-05 11:48:04,13361,1,30.7795386905,-0.161830357143
2012-09-05 11:48:05,13362,1,30.4101190476,-0.369419642857
2012-09-05 11:48:06,13363,1,29.8841517857,-0.525967261905
2012-09-05 11:48:07,13364,1,29.2629464286,-0.621205357143
2012-09-05 11:48:08,13365,1,28.5287202381,-0.734226190476
2012-09-05 11:48:09,13366,1,27.5566964286,-0.972023809524
2012-09-05 11:48:10,13367,1,26.2209821429,-1.33571428571
2012-09-05 11:48:11,13368,1,24.5302827381,-1.69069940476
2012-09-05 11:48:12,13369,1,22.545610119,-1.98467261905
2012-09-05 11:48:13,13370,1,20.2682291667,-2.27738095238
2012-09-05 11:48:14,13371,1,17.7218005952,-2.54642857143
2012-09-05 11:48:15,13372,1,15.0170386905,-2.70476190476
2012-09-05 11:48:16,13373,1,12.2942708333,-2.72276785714
2012-09-05 11:48:17,13374,1,9.68251488095,-2.61175595238
2012-09-05 11:48:18,13375,1,7.3146577381,-2.36785714286
2012-09-05 11:48:19,13376,1,5.35,-1.9646577381
2012-09-05 11:48:20,13377,1,3.95066964286,-1.39933035714
2012-09-05 11:48:21,13378,1,3.19717261905,-0.75349702381
2012-09-05 11:48:22,13379,1,3.0046875,-0.192485119048
2012-09-05 11:48:23,13380,1,3.14136904762,0.136681547619
2012-09-05 11:48:24,13381,1,3.37455357143,0.23318452381
2012-09-05 11:48:25,13382,1,3.59613095238,0.221577380952
2012-09-05 11:48:26,13383,1,3.8,0.203869047619
2012-09-05 11:48:27,13384,1,4.0,0.2
2012-09-05 11:48:28,13385,1,4.19836309524,0.198363095238
2012-09-05 11:48:29,13386,1,4.38400297619,0.185639880952
2012-09-05 11:48:30,13387,1,4.54404761905,0.160044642857
2012-09-05 11:48:31,13388,1,4.7443452381,0.200297619048
2012-09-05 11:48:32,13389,1,5.22953869048,0.485193452381
2012-09-05 11:48:33,13390,1,6.33504464286,1.10550595238
2012-09-05 11:48:34,13391,1,8.19561011905,1.86056547619
2012-09-05 11:48:35,13392,1,10.5605654762,2.36495535714
2012-09-05 11:48:36,13393,1,12.9380952381,2.3775297619
2012-09-05 11:48:37,13394,1,14.9470982143,2.00900297619
2012-09-05 11:48:38,13395,1,16.5508184524,1.6037202381
2012-09-05 11:48:39,13396,1,17.9456845238,1.39486607143
2012-09-05 11:48:40,13397,1,19.2679315476,1.32224702381
2012-09-05 11:48:41,13398,1,20.4706845238,1.20275297619
2012-09-05 11:48:42,13399,1,21.4414434524,0.970758928571
2012-09-05 11:48:43,13400,1,22.1529017857,0.711458333333
2012-09-05 11:48:44,13401,1,22.6833333333,0.530431547619
2012-09-05 11:48:45,13402,1,23.1302083333,0.446875
2012-09-05 11:48:46,13403,1,23.5373511905,0.407142857143
2012-09-05 11:48:47,13404,1,23.8829613095,0.345610119048
2012-09-05 11:48:48,13405,1,24.1008184524,0.217857142857
2012-09-05 11:48:49,13406,1,24.1235863095,0.0227678571428
2012-09-05 11:48:50,13407,1,23.9136904762,-0.209895833333
2012-09-05 11:48:51,13408,1,23.4214285714,-0.492261904762
2012-09-05 11:48:52,13409,1,22.5052827381,-0.916145833333
2012-09-05 11:48:53,13410,1,20.9271683673,-1.57811437075
2012-09-05 11:48:54,13411,1,18.4683354592,-2.45883290816
2012-09-05 11:48:55,13412,1,15.1283588435,-3.33997661565
2012-09-05 11:48:56,13413,1,11.3016687925,-3.82669005102
2012-09-05 11:48:57,13414,1,7.72624362245,-3.57542517007
2012-09-05 11:48:58,13415,1,5.1297087585,-2.59653486395
2012-09-05 11:48:59,13416,1,3.84566326531,-1.2840454932
2012-09-05 11:49:00,13417,1,3.69607780612,-0.149585459184
2012-09-05 11:49:01,13418,1,4.17475552721,0.478677721088
2012-09-05 11:49:02,13419,1,4.83722363946,0.662468112245
2012-09-05 11:49:03,13420,1,5.64432397959,0.807100340136
2012-09-05 11:49:04,13421,1,6.91802721088,1.27370323129
2012-09-05 11:49:05,13422,1,8.95972576531,2.04169855442
2012-09-05 11:49:06,13423,1,11.7409438776,2.78121811224
2012-09-05 11:49:07,13424,1,14.8708014456,3.12985756803
2012-09-05 11:49:08,13425,1,17.7888286565,2.91802721088
2012-09-05 11:49:09,13426,1,20.0772746599,2.2884460034
2012-09-05 11:49:10,13427,1,21.6575786565,1.5803039966
2012-09-05 11:49:11,13428,1,22.70625,1.04867134354
2012-09-05 11:49:12,13429,1,23.4577380952,0.751488095238
2012-09-05 11:49:13,13430,1,24.0853422619,0.627604166667
2012-09-05 11:49:14,13431,1,24.6474702381,0.56212797619
2012-09-05 11:49:15,13432,1,25.0866815476,0.439211309524
2012-09-05 11:49:16,13433,1,25.3002232143,0.213541666667
2012-09-05 11:49:17,13434,1,25.2257440476,-0.0744791666667
2012-09-05 11:49:18,13435,1,24.8819940476,-0.34375
2012-09-05 11:49:19,13436,1,24.3625744048,-0.519419642857
2012-09-05 11:49:20,13437,1,23.7892113095,-0.573363095238
2012-09-05 11:49:21,13438,1,23.2255952381,-0.563616071429
2012-09-05 11:49:22,13439,1,22.5985119048,-0.627083333333
2012-09-05 11:49:23,13440,1,21.6888392857,-0.909672619048
2012-09-05 11:49:24,13441,1,20.1923363095,-1.49650297619
2012-09-05 11:49:25,13442,1,17.8410714286,-2.35126488095
2012-09-05 11:49:26,13443,1,14.5766369048,-3.26443452381
2012-09-05 11:49:27,13444,1,10.6712053571,-3.90543154762
2012-09-05 11:49:28,13445,1,6.7056547619,-3.96555059524
2012-09-05 11:49:29,13446,1,3.4431547619,-3.2625
2012-09-05 11:49:30,13447,1,0.0,-3.4431547619
2012-09-05 11:49:54,13471,24,0.0,0.0
2012-09-05 11:49:55,13472,1,3.5103422619,3.5103422619
2012-09-05 11:49:56,13473,1,6.44203869048,2.93169642857
2012-09-05 11:49:57,13474,1,9.73430059524,3.29226190476
2012-09-05 11:49:58,13475,1,12.859375,3.12507440476
2012-09-05 11:49:59,13476,1,15.5805059524,2.72113095238
2012-09-05 11:50:00,13477,1,17.8124255952,2.23191964286
2012-09-05 11:50:01,13478,1,19.4662946429,1.65386904762
2012-09-05 11:50:02,13479,1,20.3935267857,0.927232142857
2012-09-05 11:50:03,13480,1,20.4076636905,0.0141369047619
2012-09-05 11:50:04,13481,1,19.3297619048,-1.07790178571
2012-09-05 11:50:05,13482,1,17.1005803571,-2.22918154762
2012-09-05 11:50:06,13483,1,13.9419047619,-3.15867559524
2012-09-05 11:50:07,13484,1,10.403125,-3.5387797619
2012-09-05 11:50:08,13485,1,7.19319940476,-3.20992559524
2012-09-05 11:50:09,13486,1,4.8599702381,-2.33322916667
2012-09-05 11:50:10,13487,1,3.5225297619,-1.33744047619
2012-09-05 11:50:11,13488,1,2.90425595238,-0.618273809524
2012-09-05 11:50:12,13489,1,2.65300595238,-0.25125
2012-09-05 11:50:13,13490,1,2.61369791667,-0.0393080357143
2012-09-05 11:50:14,13491,1,2.7865922619,0.172894345238
2012-09-05 11:50:15,13492,1,3.10767857143,0.321086309524
2012-09-05 11:50:16,13493,1,3.44114583333,0.333467261905
2012-09-05 11:50:17,13494,1,3.86078125,0.419635416667
2012-09-05 11:50:18,13495,1,4.78697916667,0.926197916667
2012-09-05 11:50:19,13496,1,6.69139136905,1.90441220238
2012-09-05 11:50:20,13497,1,9.65678571429,2.96539434524
2012-09-05 11:50:21,13498,1,13.2099702381,3.55318452381
2012-09-05 11:50:22,13499,1,16.5866815476,3.37671130952
2012-09-05 11:50:23,13500,1,19.2315848214,2.64490327381
2012-09-05 11:50:24,13501,1,21.046577381,1.81499255952
2012-09-05 11:50:25,13502,1,22.209077381,1.1625
2012-09-05 11:50:26,13503,1,22.9302083333,0.721130952381
2012-09-05 11:50:27,13504,1,23.3888392857,0.458630952381
2012-09-05 11:50:28,13505,1,23.6943452381,0.305505952381
2012-09-05 11:50:29,13506,1,23.824702381,0.130357142857
2012-09-05 11:50:30,13507,1,23.6802083333,-0.144494047619
2012-09-05 11:50:31,13508,1,23.2468005952,-0.433407738095
2012-09-05 11:50:32,13509,1,22.6701636905,-0.576636904762
2012-09-05 11:50:33,13510,1,22.1661458333,-0.504017857143
2012-09-05 11:50:34,13511,1,21.883110119,-0.283035714286
2012-09-05 11:50:35,13512,1,21.8075892857,-0.0755208333333
2012-09-05 11:50:36,13513,1,21.7656994048,-0.0418898809524
2012-09-05 11:50:37,13514,1,21.5566220238,-0.209077380952
2012-09-05 11:50:38,13515,1,21.1160714286,-0.440550595238
2012-09-05 11:50:39,13516,1,20.5386160714,-0.577455357143
2012-09-05 11:50:40,13517,1,19.9627232143,-0.575892857143
2012-09-05 11:50:41,13518,1,19.4804315476,-0.482291666667
2012-09-05 11:50:42,13519,1,19.133110119,-0.347321428571
2012-09-05 11:50:43,13520,1,18.9170386905,-0.216071428571
2012-09-05 11:50:44,13521,1,18.7557291667,-0.161309523809
2012-09-05 11:50:45,13522,1,18.4597470238,-0.295982142857
2012-09-05 11:50:46,13523,1,17.7208333333,-0.738913690476
2012-09-05 11:50:47,13524,1,16.2078869048,-1.51294642857
2012-09-05 11:50:48,13525,1,13.7546875,-2.45319940476
2012-09-05 11:50:49,13526,1,10.5026041667,-3.25208333333
2012-09-05 11:50:50,13527,1,6.91495535714,-3.58764880952
2012-09-05 11:50:51,13528,1,3.73236607143,-3.18258928571
2012-09-05 11:50:52,13529,1,0.0,-3.73236607143
2012-09-05 11:51:12,13549,20,0.0,0.0
2012-09-05 11:51:13,13550,1,3.55803571429,3.55803571429
2012-09-05 11:51:14,13551,1,6.1228422619,2.56480654762
2012-09-05 11:51:15,13552,1,8.46994047619,2.34709821429
2012-09-05 11:51:16,13553,1,9.99025297619,1.5203125
2012-09-05 11:51:17,13554,1,10.7116815476,0.721428571429
2012-09-05 11:51:18,13555,1,10.9839285714,0.27224702381
2012-09-05 11:51:19,13556,1,10.947172619,-0.036755952381
2012-09-05 11:51:20,13557,1,10.4117559524,-0.535416666667
2012-09-05 11:51:21,13558,1,9.24345238095,-1.16830357143
2012-09-05 11:51:22,13559,1,7.67589285714,-1.56755952381
2012-09-05 11:51:23,13560,1,6.22819940476,-1.44769345238
2012-09-05 11:51:24,13561,1,5.38266369048,-0.845535714286
2012-09-05 11:51:25,13562,1,5.35453869048,-0.028125
2012-09-05 11:51:26,13563,1,6.19017857143,0.835639880952
2012-09-05 11:51:27,13564,1,7.9400297619,1.74985119048
2012-09-05 11:51:28,13565,1,10.5379464286,2.59791666667
2012-09-05 11:51:29,13566,1,13.5755952381,3.03764880952
2012-09-05 11:51:30,13567,1,16.3646577381,2.7890625
2012-09-05 11:51:31,13568,1,18.2659970238,1.90133928571
2012-09-05 11:51:32,13569,1,18.9453125,0.67931547619
2012-09-05 11:51:33,13570,1,18.3784970238,-0.56681547619
2012-09-05 11:51:34,13571,1,16.7427455357,-1.6357514881
2012-09-05 11:51:35,13572,1,14.322172619,-2.42057291667
2012-09-05 11:51:36,13573,1,11.4228422619,-2.89933035714
2012-09-05 11:51:37,13574,1,8.32194940476,-3.10089285714
2012-09-05 11:51:38,13575,1,5.31168154762,-3.01026785714
2012-09-05 11:51:39,13576,1,2.81927083333,-2.49241071429
2012-09-05 11:51:40,13577,1,0.0,-2.81927083333
2012-09-05 11:51:57,13594,17,0.0,0.0
2012-09-05 11:51:58,13595,1,3.6423735119,3.6423735119
2012-09-05 11:51:59,13596,1,6.63191964286,2.98954613095
2012-09-05 11:52:00,13597,1,9.70848214286,3.0765625
2012-09-05 11:52:01,13598,1,12.1021577381,2.39367559524
2012-09-05 11:52:02,13599,1,13.5392857143,1.43712797619
2012-09-05 11:52:03,13600,1,14.1342261905,0.59494047619
2012-09-05 11:52:04,13601,1,14.0680803571,-0.0661458333333
2012-09-05 11:52:05,13602,1,13.351860119,-0.716220238095
2012-09-05 11:52:06,13603,1,11.8670386905,-1.48482142857
2012-09-05 11:52:07,13604,1,9.68608630952,-2.18095238095
2012-09-05 11:52:08,13605,1,7.32574404762,-2.3603422619
2012-09-05 11:52:09,13606,1,5.51421130952,-1.8115327381
2012-09-05 11:52:10,13607,1,4.6296875,-0.884523809524
2012-09-05 11:52:11,13608,1,4.43072916667,-0.198958333333
2012-09-05 11:52:12,13609,1,4.33861607143,-0.0921130952381
2012-09-05 11:52:13,13610,1,3.93705357143,-0.4015625
2012-09-05 11:52:14,13611,1,3.25595238095,-0.681101190476
2012-09-05 11:52:15,13612,1,2.64114583333,-0.614806547619
2012-09-05 11:52:16,13613,1,2.3556547619,-0.285491071429
2012-09-05 11:52:17,13614,1,2.35691964286,0.00126488095238
2012-09-05 11:52:18,13615,1,2.46302083333,0.106101190476
2012-09-05 11:52:19,13616,1,2.61376488095,0.150744047619
2012-09-05 11:52:20,13617,1,2.91056547619,0.296800595238
2012-09-05 11:52:21,13618,1,3.41741071429,0.506845238095
2012-09-05 11:52:22,13619,1,3.9640625,0.546651785714
2012-09-05 11:52:23,13620,1,4.24337797619,0.27931547619
2012-09-05 11:52:24,13621,1,4.09248511905,-0.150892857143
2012-09-05 11:52:25,13622,1,3.60576636905,-0.48671875
2012-09-05 11:52:26,13623,1,3.0431547619,-0.562611607143
2012-09-05 11:52:27,13624,1,2.65602678571,-0.38712797619
2012-09-05 11:52:28,13625,1,2.52849702381,-0.127529761905
2012-09-05 11:52:29,13626,1,2.59036458333,0.0618675595238
2012-09-05 11:52:30,13627,1,2.74040178571,0.150037202381
2012-09-05 11:52:31,13628,1,2.84787946429,0.107477678571
2012-09-05 11:52:32,13629,1,2.70089285714,-0.146986607143
2012-09-05 11:52:33,13630,1,2.14449404762,-0.556398809524
2012-09-05 11:52:34,13631,1,1.34144345238,-0.803050595238
2012-09-05 11:52:35,13632,1,0.0,-1.34144345238
2012-09-05 12:48:57,17014,3382,0.0,0.0
2012-09-05 12:48:58,17015,1,1.63988095238,1.63988095238
2012-09-05 12:48:59,17016,1,2.39255952381,0.752678571429
2012-09-05 12:49:00,17017,1,2.81986607143,0.427306547619
2012-09-05 12:49:01,17018,1,2.95297619048,0.133110119048
2012-09-05 12:49:02,17019,1,2.93675595238,-0.0162202380952
2012-09-05 12:49:03,17020,1,2.87626488095,-0.0604910714286
2012-09-05 12:49:04,17021,1,3.04613095238,0.169866071429
2012-09-05 12:49:05,17022,1,3.93430059524,0.888169642857
2012-09-05 12:49:06,17023,1,5.85729166667,1.92299107143
2012-09-05 12:49:07,17024,1,8.58072916667,2.7234375
2012-09-05 12:49:08,17025,1,11.387202381,2.80647321429
2012-09-05 12:49:09,17026,1,13.5425595238,2.15535714286
2012-09-05 12:49:10,17027,1,14.7453869048,1.20282738095
2012-09-05 12:49:11,17028,1,15.176264881,0.43087797619
2012-09-05 12:49:12,17029,1,15.1855654762,0.0093005952381
2012-09-05 12:49:13,17030,1,14.976264881,-0.209300595238
2012-09-05 12:49:14,17031,1,14.4891369048,-0.487127976191
2012-09-05 12:49:15,17032,1,13.474702381,-1.01443452381
2012-09-05 12:49:16,17033,1,11.7513392857,-1.72336309524
2012-09-05 12:49:17,17034,1,9.56361607143,-2.18772321429
2012-09-05 12:49:18,17035,1,7.6849702381,-1.87864583333
2012-09-05 12:49:19,17036,1,7.02633928571,-0.658630952381
2012-09-05 12:49:20,17037,1,8.05349702381,1.0271577381
2012-09-05 12:49:21,17038,1,10.5316220238,2.478125
2012-09-05 12:49:22,17039,1,13.7884672619,3.2568452381
2012-09-05 12:49:23,17040,1,17.2227678571,3.43430059524
2012-09-05 12:49:24,17041,1,20.5689732143,3.34620535714
2012-09-05 12:49:25,17042,1,23.7424107143,3.1734375
2012-09-05 12:49:26,17043,1,26.5881696429,2.84575892857
2012-09-05 12:49:27,17044,1,28.8551339286,2.26696428571
2012-09-05 12:49:28,17045,1,30.3451636905,1.4900297619
2012-09-05 12:49:29,17046,1,31.0398065476,0.694642857143
2012-09-05 12:49:30,17047,1,31.1273065476,0.0875
2012-09-05 12:49:31,17048,1,30.9305059524,-0.196800595238
2012-09-05 12:49:32,17049,1,30.7325892857,-0.197916666667
2012-09-05 12:49:33,17050,1,30.5898809524,-0.142708333333
2012-09-05 12:49:34,17051,1,30.322172619,-0.267708333333
2012-09-05 12:49:35,17052,1,29.7350446429,-0.58712797619
2012-09-05 12:49:36,17053,1,28.8616071429,-0.8734375
2012-09-05 12:49:37,17054,1,27.9710565476,-0.890550595238
2012-09-05 12:49:38,17055,1,27.3400297619,-0.631026785714
2012-09-05 12:49:39,17056,1,26.9953125,-0.344717261905
2012-09-05 12:49:40,17057,1,26.6330357143,-0.362276785714
2012-09-05 12:49:41,17058,1,25.7820684524,-0.850967261905
2012-09-05 12:49:42,17059,1,24.0546343537,-1.72743409864
2012-09-05 12:49:43,17060,1,21.271789966,-2.78284438776
2012-09-05 12:49:44,17061,1,17.5210778061,-3.75071215986
2012-09-05 12:49:45,17062,1,13.2517006803,-4.26937712585
2012-09-05 12:49:46,17063,1,9.21305272109,-4.03864795918
2012-09-05 12:49:47,17064,1,6.11909013605,-3.09396258503
2012-09-05 12:49:48,17065,1,4.29452593537,-1.82456420068
2012-09-05 12:49:49,17066,1,3.55487882653,-0.739647108844
2012-09-05 12:49:50,17067,1,3.38090986395,-0.173968962585
2012-09-05 12:49:51,17068,1,3.36016156463,-0.0207482993197
2012-09-05 12:49:52,17069,1,3.60486819728,0.244706632653
2012-09-05 12:49:53,17070,1,4.66603954082,1.06117134354
2012-09-05 12:49:54,17071,1,6.9565795068,2.29053996599
2012-09-05 12:49:55,17072,1,10.2984056122,3.34182610544
2012-09-05 12:49:56,17073,1,13.9949511054,3.6965454932
2012-09-05 12:49:57,17074,1,17.2973745748,3.30242346939
2012-09-05 12:49:58,17075,1,19.9119153912,2.61454081633
2012-09-05 12:49:59,17076,1,22.1086840986,2.19676870748
2012-09-05 12:50:00,17077,1,24.3048363095,2.19615221088
2012-09-05 12:50:01,17078,1,26.6205357143,2.31569940476
2012-09-05 12:50:02,17079,1,28.8414434524,2.2209077381
2012-09-05 12:50:03,17080,1,30.6410714286,1.79962797619
2012-09-05 12:50:04,17081,1,31.798139881,1.15706845238
2012-09-05 12:50:05,17082,1,32.3197172619,0.521577380952
2012-09-05 12:50:06,17083,1,32.4234375,0.103720238095
2012-09-05 12:50:07,17084,1,32.398139881,-0.0252976190476
2012-09-05 12:50:08,17085,1,32.4545386905,0.0563988095238
2012-09-05 12:50:09,17086,1,32.6685267857,0.213988095238
2012-09-05 12:50:10,17087,1,33.0242559524,0.355729166667
2012-09-05 12:50:11,17088,1,33.4692708333,0.445014880952
2012-09-05 12:50:12,17089,1,33.9171875,0.447916666667
2012-09-05 12:50:13,17090,1,34.1957589286,0.278571428571
2012-09-05 12:50:14,17091,1,33.9806547619,-0.215104166667
2012-09-05 12:50:15,17092,1,32.8398809524,-1.14077380952
2012-09-05 12:50:16,17093,1,30.4458333333,-2.39404761905
2012-09-05 12:50:17,17094,1,26.7774553571,-3.66837797619
2012-09-05 12:50:18,17095,1,22.1272321429,-4.65022321429
2012-09-05 12:50:19,17096,1,16.985639881,-5.1415922619
2012-09-05 12:50:20,17097,1,11.9625744048,-5.02306547619
2012-09-05 12:50:21,17098,1,7.70394345238,-4.25863095238
2012-09-05 12:50:22,17099,1,4.70714285714,-2.99680059524
2012-09-05 12:50:23,17100,1,3.12254464286,-1.58459821429
2012-09-05 12:50:24,17101,1,2.68839285714,-0.434151785714
2012-09-05 12:50:25,17102,1,2.88504464286,0.196651785714
2012-09-05 12:50:26,17103,1,3.25223214286,0.3671875
2012-09-05 12:50:27,17104,1,3.59285714286,0.340625
2012-09-05 12:50:28,17105,1,3.890625,0.297767857143
2012-09-05 12:50:29,17106,1,4.14144345238,0.250818452381
2012-09-05 12:50:30,17107,1,4.37604166667,0.234598214286
2012-09-05 12:50:31,17108,1,4.85022321429,0.474181547619
2012-09-05 12:50:32,17109,1,6.06845238095,1.21822916667
2012-09-05 12:50:33,17110,1,8.46049107143,2.39203869048
2012-09-05 12:50:34,17111,1,12.0046130952,3.54412202381
2012-09-05 12:50:35,17112,1,16.1587053571,4.1540922619
2012-09-05 12:50:36,17113,1,20.1587053571,4.0
2012-09-05 12:50:37,17114,1,23.4629464286,3.30424107143
2012-09-05 12:50:38,17115,1,25.9560267857,2.49308035714
2012-09-05 12:50:39,17116,1,27.7890625,1.83303571429
2012-09-05 12:50:40,17117,1,29.1588541667,1.36979166667
2012-09-05 12:50:41,17118,1,30.2324404762,1.07358630952
2012-09-05 12:50:42,17119,1,31.1358630952,0.903422619048
2012-09-05 12:50:43,17120,1,31.9192708333,0.783407738095
2012-09-05 12:50:44,17121,1,32.4866071429,0.567336309524
2012-09-05 12:50:45,17122,1,32.5947916667,0.10818452381
2012-09-05 12:50:46,17123,1,32.0520089286,-0.542782738095
2012-09-05 12:50:47,17124,1,30.9415178571,-1.11049107143
2012-09-05 12:50:48,17125,1,29.6086309524,-1.33288690476
2012-09-05 12:50:49,17126,1,28.4820684524,-1.1265625
2012-09-05 12:50:50,17127,1,27.8703869048,-0.611681547619
2012-09-05 12:50:51,17128,1,27.796875,-0.0735119047619
2012-09-05 12:50:52,17129,1,28.019047619,0.222172619048
2012-09-05 12:50:53,17130,1,28.1852678571,0.166220238095
2012-09-05 12:50:54,17131,1,27.9182291667,-0.267038690476
2012-09-05 12:50:55,17132,1,26.8674107143,-1.05081845238
2012-09-05 12:50:56,17133,1,24.8251488095,-2.04226190476
2012-09-05 12:50:57,17134,1,21.8061011905,-3.01904761905
2012-09-05 12:50:58,17135,1,18.0499255952,-3.75617559524
2012-09-05 12:50:59,17136,1,14.0308779762,-4.01904761905
2012-09-05 12:51:00,17137,1,10.4541666667,-3.57671130952
2012-09-05 12:51:01,17138,1,8.11398809524,-2.34017857143
2012-09-05 12:51:02,17139,1,7.60714285714,-0.506845238095
2012-09-05 12:51:03,17140,1,9.06793154762,1.46078869048
2012-09-05 12:51:04,17141,1,12.1048363095,3.0369047619
2012-09-05 12:51:05,17142,1,16.0095982143,3.90476190476
2012-09-05 12:51:06,17143,1,20.1152529762,4.1056547619
2012-09-05 12:51:07,17144,1,24.0281994048,3.91294642857
2012-09-05 12:51:08,17145,1,27.5958333333,3.56763392857
2012-09-05 12:51:09,17146,1,30.7470982143,3.15126488095
2012-09-05 12:51:10,17147,1,33.3864583333,2.63936011905
2012-09-05 12:51:11,17148,1,35.3920386905,2.00558035714
2012-09-05 12:51:12,17149,1,36.6869047619,1.29486607143
2012-09-05 12:51:13,17150,1,37.309375,0.622470238095
2012-09-05 12:51:14,17151,1,37.4151041667,0.105729166667
2012-09-05 12:51:15,17152,1,37.2161458333,-0.198958333333
2012-09-05 12:51:16,17153,1,36.9020089286,-0.314136904762
2012-09-05 12:51:17,17154,1,36.5852678571,-0.316741071428
2012-09-05 12:51:18,17155,1,36.2983630952,-0.286904761905
2012-09-05 12:51:19,17156,1,36.0265625,-0.271800595238
2012-09-05 12:51:20,17157,1,35.7478422619,-0.278720238095
2012-09-05 12:51:21,17158,1,35.4662946429,-0.281547619048
2012-09-05 12:51:22,17159,1,35.2204613095,-0.245833333333
2012-09-05 12:51:23,17160,1,35.0569940476,-0.163467261905
2012-09-05 12:51:24,17161,1,34.9897321429,-0.0672619047619
2012-09-05 12:51:25,17162,1,34.9735863095,-0.0161458333333
2012-09-05 12:51:26,17163,1,34.9186755952,-0.0549107142857
2012-09-05 12:51:27,17164,1,34.7438988095,-0.174776785714
2012-09-05 12:51:28,17165,1,34.4233630952,-0.320535714286
2012-09-05 12:51:29,17166,1,33.9796130952,-0.44375
2012-09-05 12:51:30,17167,1,33.4417410714,-0.537872023809
2012-09-05 12:51:31,17168,1,32.8327380952,-0.609002976191
2012-09-05 12:51:32,17169,1,32.1973958333,-0.635342261905
2012-09-05 12:51:33,17170,1,31.6068452381,-0.590550595238
2012-09-05 12:51:34,17171,1,31.1292410714,-0.477604166667
2012-09-05 12:51:35,17172,1,30.8299107143,-0.299330357143
2012-09-05 12:51:36,17173,1,30.7898809524,-0.0400297619048
2012-09-05 12:51:37,17174,1,31.0736607143,0.283779761905
2012-09-05 12:51:38,17175,1,31.6451636905,0.57150297619
2012-09-05 12:51:39,17176,1,32.2991071429,0.653943452381
2012-09-05 12:51:40,17177,1,32.710639881,0.411532738095
2012-09-05 12:51:41,17178,1,32.6222470238,-0.0883928571429
2012-09-05 12:51:42,17179,1,32.0054315476,-0.616815476191
2012-09-05 12:51:43,17180,1,31.055952381,-0.949479166667
2012-09-05 12:51:44,17181,1,30.0558779762,-1.00007440476
2012-09-05 12:51:45,17182,1,29.1970982143,-0.858779761905
2012-09-05 12:51:46,17183,1,28.4595238095,-0.737574404762
2012-09-05 12:51:47,17184,1,27.6119047619,-0.847619047619
2012-09-05 12:51:48,17185,1,26.3258184524,-1.28608630952
2012-09-05 12:51:49,17186,1,24.3448660714,-1.98095238095
2012-09-05 12:51:50,17187,1,21.6210193452,-2.72384672619
2012-09-05 12:51:51,17188,1,18.3141369048,-3.30688244048
2012-09-05 12:51:52,17189,1,14.6558035714,-3.65833333333
2012-09-05 12:51:53,17190,1,10.8386160714,-3.8171875
2012-09-05 12:51:54,17191,1,7.08623511905,-3.75238095238
2012-09-05 12:51:55,17192,1,3.86197916667,-3.22425595238
2012-09-05 12:51:56,17193,1,0.0,-3.86197916667
2012-09-05 12:52:39,17236,43,0.0,0.0
2012-09-05 12:52:40,17237,1,3.7951264881,3.7951264881
2012-09-05 12:52:41,17238,1,6.79188988095,2.99676339286
2012-09-05 12:52:42,17239,1,9.90855654762,3.11666666667
2012-09-05 12:52:43,17240,1,12.432514881,2.52395833333
2012-09-05 12:52:44,17241,1,14.0773809524,1.64486607143
2012-09-05 12:52:45,17242,1,14.9183779762,0.840997023809
2012-09-05 12:52:46,17243,1,15.2483630952,0.329985119048
2012-09-05 12:52:47,17244,1,15.3717261905,0.123363095238
2012-09-05 12:52:48,17245,1,15.4035714286,0.0318452380952
2012-09-05 12:52:49,17246,1,15.2264136905,-0.177157738095
2012-09-05 12:52:50,17247,1,14.6504464286,-0.575967261905
2012-09-05 12:52:51,17248,1,13.629985119,-1.02046130952
2012-09-05 12:52:52,17249,1,12.3634672619,-1.26651785714
2012-09-05 12:52:53,17250,1,11.209672619,-1.15379464286
2012-09-05 12:52:54,17251,1,10.483110119,-0.7265625
2012-09-05 12:52:55,17252,1,10.3052827381,-0.177827380952
2012-09-05 12:52:56,17253,1,10.6289434524,0.323660714286
2012-09-05 12:52:57,17254,1,11.326860119,0.697916666667
2012-09-05 12:52:58,17255,1,12.1852678571,0.858407738095
2012-09-05 12:52:59,17256,1,12.8630208333,0.67775297619
2012-09-05 12:53:00,17257,1,12.9992559524,0.136235119048
2012-09-05 12:53:01,17258,1,12.4848958333,-0.514360119048
2012-09-05 12:53:02,17259,1,11.6801339286,-0.804761904762
2012-09-05 12:53:03,17260,1,11.2973214286,-0.3828125
2012-09-05 12:53:04,17261,1,11.9051339286,0.6078125
2012-09-05 12:53:05,17262,1,13.4226190476,1.51748511905
2012-09-05 12:53:06,17263,1,15.0827380952,1.66011904762
2012-09-05 12:53:07,17264,1,15.9331845238,0.850446428571
2012-09-05 12:53:08,17265,1,15.4508184524,-0.482366071428
2012-09-05 12:53:09,17266,1,13.7918154762,-1.65900297619
2012-09-05 12:53:10,17267,1,11.5817708333,-2.21004464286
2012-09-05 12:53:11,17268,1,9.55617559524,-2.0255952381
2012-09-05 12:53:12,17269,1,8.36763392857,-1.18854166667
2012-09-05 12:53:13,17270,1,8.52849702381,0.160863095238
2012-09-05 12:53:14,17271,1,10.2898065476,1.76130952381
2012-09-05 12:53:15,17272,1,13.4669642857,3.1771577381
2012-09-05 12:53:16,17273,1,17.4280505952,3.96108630952
2012-09-05 12:53:17,17274,1,21.3732886905,3.94523809524
2012-09-05 12:53:18,17275,1,24.7276785714,3.35438988095
2012-09-05 12:53:19,17276,1,27.3152529762,2.58757440476
2012-09-05 12:53:20,17277,1,29.2411458333,1.92589285714
2012-09-05 12:53:21,17278,1,30.7021577381,1.46101190476
2012-09-05 12:53:22,17279,1,31.8841517857,1.18199404762
2012-09-05 12:53:23,17280,1,32.914360119,1.03020833333
2012-09-05 12:53:24,17281,1,33.8152529762,0.900892857143
2012-09-05 12:53:25,17282,1,34.490625,0.67537202381
2012-09-05 12:53:26,17283,1,34.7951636905,0.304538690476
2012-09-05 12:53:27,17284,1,34.6599702381,-0.135193452381
2012-09-05 12:53:28,17285,1,34.1727678571,-0.487202380952
2012-09-05 12:53:29,17286,1,33.5435267857,-0.629241071429
2012-09-05 12:53:30,17287,1,32.9911458333,-0.552380952381
2012-09-05 12:53:31,17288,1,32.6433035714,-0.347842261905
2012-09-05 12:53:32,17289,1,32.5017857143,-0.141517857143
2012-09-05 12:53:33,17290,1,32.469047619,-0.0327380952381
2012-09-05 12:53:34,17291,1,32.4170386905,-0.0520089285714
2012-09-05 12:53:35,17292,1,32.2680059524,-0.149032738095
2012-09-05 12:53:36,17293,1,32.0408482143,-0.227157738095
2012-09-05 12:53:37,17294,1,31.8310267857,-0.209821428571
2012-09-05 12:53:38,17295,1,31.7354166667,-0.0956101190476
2012-09-05 12:53:39,17296,1,31.7814732143,0.046056547619
2012-09-05 12:53:40,17297,1,31.9178571429,0.136383928571
2012-09-05 12:53:41,17298,1,32.0613095238,0.143452380952
2012-09-05 12:53:42,17299,1,32.1489583333,0.0876488095238
2012-09-05 12:53:43,17300,1,32.1522321429,0.0032738095238
2012-09-05 12:53:44,17301,1,32.0503720238,-0.101860119048
2012-09-05 12:53:45,17302,1,31.795610119,-0.254761904762
2012-09-05 12:53:46,17303,1,31.2944196429,-0.50119047619
2012-09-05 12:53:47,17304,1,30.4142857143,-0.880133928571
2012-09-05 12:53:48,17305,1,29.0323660714,-1.38191964286
2012-09-05 12:53:49,17306,1,27.1220238095,-1.9103422619
2012-09-05 12:53:50,17307,1,24.7980654762,-2.32395833333
2012-09-05 12:53:51,17308,1,22.2348214286,-2.56324404762
2012-09-05 12:53:52,17309,1,19.5116815476,-2.72313988095
2012-09-05 12:53:53,17310,1,16.5753720238,-2.93630952381
2012-09-05 12:53:54,17311,1,13.4583333333,-3.11703869048
2012-09-05 12:53:55,17312,1,10.6037946429,-2.85453869048
2012-09-05 12:53:56,17313,1,8.87961309524,-1.72418154762
2012-09-05 12:53:57,17314,1,9.08958333333,0.209970238095
2012-09-05 12:53:58,17315,1,11.3615327381,2.27194940476
2012-09-05 12:53:59,17316,1,14.979389881,3.61785714286
2012-09-05 12:54:00,17317,1,18.8182291667,3.83883928571
2012-09-05 12:54:01,17318,1,21.9964285714,3.17819940476
2012-09-05 12:54:02,17319,1,24.2139880952,2.21755952381
2012-09-05 12:54:03,17320,1,25.621875,1.40788690476
2012-09-05 12:54:04,17321,1,26.5019345238,0.880059523809
2012-09-05 12:54:05,17322,1,27.0728422619,0.570907738095
2012-09-05 12:54:06,17323,1,27.4757440476,0.402901785714
2012-09-05 12:54:07,17324,1,27.804985119,0.329241071429
2012-09-05 12:54:08,17325,1,28.1082589286,0.303273809524
2012-09-05 12:54:09,17326,1,28.4026041667,0.294345238095
2012-09-05 12:54:10,17327,1,28.7160714286,0.313467261905
2012-09-05 12:54:11,17328,1,29.100297619,0.384226190476
2012-09-05 12:54:12,17329,1,29.5980654762,0.497767857143
2012-09-05 12:54:13,17330,1,30.1927827381,0.594717261905
2012-09-05 12:54:14,17331,1,30.7881696429,0.595386904762
2012-09-05 12:54:15,17332,1,31.2520089286,0.463839285714
2012-09-05 12:54:16,17333,1,31.4890625,0.237053571429
2012-09-05 12:54:17,17334,1,31.4868303571,-0.0022321428571
2012-09-05 12:54:18,17335,1,31.3186011905,-0.168229166667
2012-09-05 12:54:19,17336,1,31.1148809524,-0.203720238095
2012-09-05 12:54:20,17337,1,31.0167410714,-0.0981398809523
2012-09-05 12:54:21,17338,1,31.1230654762,0.106324404762
2012-09-05 12:54:22,17339,1,31.4496279762,0.3265625
2012-09-05 12:54:23,17340,1,31.9255208333,0.475892857143
2012-09-05 12:54:24,17341,1,32.437202381,0.511681547619
2012-09-05 12:54:25,17342,1,32.887202381,0.45
2012-09-05 12:54:26,17343,1,33.2154017857,0.328199404762
2012-09-05 12:54:27,17344,1,33.3734375,0.158035714286
2012-09-05 12:54:28,17345,1,33.3126488095,-0.0607886904762
2012-09-05 12:54:29,17346,1,33.0492559524,-0.263392857143
2012-09-05 12:54:30,17347,1,32.7311011905,-0.318154761905
2012-09-05 12:54:31,17348,1,32.5640625,-0.167038690476
2012-09-05 12:54:32,17349,1,32.6474702381,0.0834077380952
2012-09-05 12:54:33,17350,1,32.8948660714,0.247395833333
2012-09-05 12:54:34,17351,1,33.1139136905,0.219047619048
2012-09-05 12:54:35,17352,1,33.1764136905,0.0625
2012-09-05 12:54:36,17353,1,33.1002232143,-0.0761904761905
2012-09-05 12:54:37,17354,1,32.9532738095,-0.146949404762
2012-09-05 12:54:38,17355,1,32.7219494048,-0.231324404762
2012-09-05 12:54:39,17356,1,32.2781994048,-0.44375
2012-09-05 12:54:40,17357,1,31.424702381,-0.853497023809
2012-09-05 12:54:41,17358,1,29.9668154762,-1.45788690476
2012-09-05 12:54:42,17359,1,27.7948660714,-2.17194940476
2012-09-05 12:54:43,17360,1,24.9844494048,-2.81041666667
2012-09-05 12:54:44,17361,1,21.8618303571,-3.12261904762
2012-09-05 12:54:45,17362,1,18.9248511905,-2.93697916667
2012-09-05 12:54:46,17363,1,16.6506696429,-2.27418154762
2012-09-05 12:54:47,17364,1,15.338764881,-1.3119047619
2012-09-05 12:54:48,17365,1,15.0504464286,-0.288318452381
2012-09-05 12:54:49,17366,1,15.6322916667,0.581845238095
2012-09-05 12:54:50,17367,1,16.7864583333,1.15416666667
2012-09-05 12:54:51,17368,1,18.1385416667,1.35208333333
2012-09-05 12:54:52,17369,1,19.3330357143,1.19449404762
2012-09-05 12:54:53,17370,1,20.1802827381,0.84724702381
2012-09-05 12:54:54,17371,1,20.7383184524,0.558035714286
2012-09-05 12:54:55,17372,1,21.2317708333,0.493452380952
2012-09-05 12:54:56,17373,1,21.872172619,0.640401785714
2012-09-05 12:54:57,17374,1,22.719047619,0.846875
2012-09-05 12:54:58,17375,1,23.6782738095,0.959226190476
2012-09-05 12:54:59,17376,1,24.606547619,0.928273809524
2012-09-05 12:55:00,17377,1,25.4058779762,0.799330357143
2012-09-05 12:55:01,17378,1,26.0501488095,0.644270833333
2012-09-05 12:55:02,17379,1,26.5607886905,0.510639880952
2012-09-05 12:55:03,17380,1,26.971577381,0.410788690476
2012-09-05 12:55:04,17381,1,27.3074404762,0.335863095238
2012-09-05 12:55:05,17382,1,27.5691964286,0.261755952381
2012-09-05 12:55:06,17383,1,27.7430059524,0.17380952381
2012-09-05 12:55:07,17384,1,27.8491071429,0.106101190476
2012-09-05 12:55:08,17385,1,27.9577380952,0.108630952381
2012-09-05 12:55:09,17386,1,28.126860119,0.169122023809
2012-09-05 12:55:10,17387,1,28.3349702381,0.208110119048
2012-09-05 12:55:11,17388,1,28.4894345238,0.154464285714
2012-09-05 12:55:12,17389,1,28.5023809524,0.0129464285715
2012-09-05 12:55:13,17390,1,28.3561011905,-0.146279761905
2012-09-05 12:55:14,17391,1,28.095014881,-0.261086309524
2012-09-05 12:55:15,17392,1,27.7814732143,-0.313541666667
2012-09-05 12:55:16,17393,1,27.4881696429,-0.293303571429
2012-09-05 12:55:17,17394,1,27.2933035714,-0.194866071428
2012-09-05 12:55:18,17395,1,27.2141369048,-0.0791666666667
2012-09-05 12:55:19,17396,1,27.1589285714,-0.0552083333333
2012-09-05 12:55:20,17397,1,27.0125,-0.146428571429
2012-09-05 12:55:21,17398,1,26.7842261905,-0.228273809524
2012-09-05 12:55:22,17399,1,26.6347470238,-0.149479166667
2012-09-05 12:55:23,17400,1,26.7286458333,0.0938988095238
2012-09-05 12:55:24,17401,1,27.0507440476,0.322098214286
2012-09-05 12:55:25,17402,1,27.3594494048,0.308705357143
2012-09-05 12:55:26,17403,1,27.3172619048,-0.0421875
2012-09-05 12:55:27,17404,1,26.6671875,-0.650074404762
2012-09-05 12:55:28,17405,1,25.2875744048,-1.37961309524
2012-09-05 12:55:29,17406,1,23.1474702381,-2.14010416667
2012-09-05 12:55:30,17407,1,20.3421130952,-2.80535714286
2012-09-05 12:55:31,17408,1,17.1924107143,-3.14970238095
2012-09-05 12:55:32,17409,1,14.1714285714,-3.02098214286
2012-09-05 12:55:33,17410,1,11.6196428571,-2.55178571429
2012-09-05 12:55:34,17411,1,9.52150297619,-2.09813988095
2012-09-05 12:55:35,17412,1,7.60305059524,-1.91845238095
2012-09-05 12:55:36,17413,1,5.7328125,-1.87023809524
2012-09-05 12:55:37,17414,1,4.28355654762,-1.44925595238
2012-09-05 12:55:38,17415,1,4.0197172619,-0.263839285714
2012-09-05 12:55:39,17416,1,5.5140625,1.4943452381
2012-09-05 12:55:40,17417,1,8.66540178571,3.15133928571
2012-09-05 12:55:41,17418,1,12.7520833333,4.08668154762
2012-09-05 12:55:42,17419,1,16.8705357143,4.11845238095
2012-09-05 12:55:43,17420,1,20.3816220238,3.51108630952
2012-09-05 12:55:44,17421,1,23.0822916667,2.70066964286
2012-09-05 12:55:45,17422,1,25.0711309524,1.98883928571
2012-09-05 12:55:46,17423,1,26.5450892857,1.47395833333
2012-09-05 12:55:47,17424,1,27.6754464286,1.13035714286
2012-09-05 12:55:48,17425,1,28.5329613095,0.857514880952
2012-09-05 12:55:49,17426,1,29.0765625,0.543601190476
2012-09-05 12:55:50,17427,1,29.2236607143,0.147098214286
2012-09-05 12:55:51,17428,1,28.9633184524,-0.260342261905
2012-09-05 12:55:52,17429,1,28.4287202381,-0.534598214286
2012-09-05 12:55:53,17430,1,27.8424107143,-0.58630952381
2012-09-05 12:55:54,17431,1,27.394047619,-0.448363095238
2012-09-05 12:55:55,17432,1,27.1664434524,-0.227604166667
2012-09-05 12:55:56,17433,1,27.1267113095,-0.0397321428572
2012-09-05 12:55:57,17434,1,27.1885416667,0.0618303571429
2012-09-05 12:55:58,17435,1,27.2993303571,0.110788690476
2012-09-05 12:55:59,17436,1,27.4409970238,0.141666666667
2012-09-05 12:56:00,17437,1,27.5818452381,0.140848214286
2012-09-05 12:56:01,17438,1,27.6864583333,0.104613095238
2012-09-05 12:56:02,17439,1,27.7510416667,0.0645833333334
2012-09-05 12:56:03,17440,1,27.8032738095,0.0522321428571
2012-09-05 12:56:04,17441,1,27.8722470238,0.0689732142857
2012-09-05 12:56:05,17442,1,27.9462053571,0.0739583333334
2012-09-05 12:56:06,17443,1,27.968452381,0.0222470238095
2012-09-05 12:56:07,17444,1,27.901860119,-0.0665922619048
2012-09-05 12:56:08,17445,1,27.7747767857,-0.127083333333
2012-09-05 12:56:09,17446,1,27.6348958333,-0.139880952381
2012-09-05 12:56:10,17447,1,27.4837797619,-0.151116071429
2012-09-05 12:56:11,17448,1,27.2869047619,-0.196875
2012-09-05 12:56:12,17449,1,27.0385416667,-0.248363095238
2012-09-05 12:56:13,17450,1,26.7894345238,-0.249107142857
2012-09-05 12:56:14,17451,1,26.6030505952,-0.186383928571
2012-09-05 12:56:15,17452,1,26.4970238095,-0.106026785714
2012-09-05 12:56:16,17453,1,26.4260416667,-0.0709821428571
2012-09-05 12:56:17,17454,1,26.3103422619,-0.115699404762
2012-09-05 12:56:18,17455,1,26.0796875,-0.230654761905
2012-09-05 12:56:19,17456,1,25.7017113095,-0.377976190476
2012-09-05 12:56:20,17457,1,25.1966517857,-0.505059523809
2012-09-05 12:56:21,17458,1,24.6350446429,-0.561607142857
2012-09-05 12:56:22,17459,1,24.092485119,-0.54255952381
2012-09-05 12:56:23,17460,1,23.5900297619,-0.502455357143
2012-09-05 12:56:24,17461,1,23.0840029762,-0.506026785714
2012-09-05 12:56:25,17462,1,22.5256696429,-0.558333333333
2012-09-05 12:56:26,17463,1,21.9400297619,-0.585639880952
2012-09-05 12:56:27,17464,1,21.4024553571,-0.537574404762
2012-09-05 12:56:28,17465,1,20.9470238095,-0.455431547619
2012-09-05 12:56:29,17466,1,20.61875,-0.328273809524
2012-09-05 12:56:30,17467,1,20.5604166667,-0.0583333333333
2012-09-05 12:56:31,17468,1,20.8834077381,0.322991071429
2012-09-05 12:56:32,17469,1,21.5178571429,0.634449404762
2012-09-05 12:56:33,17470,1,22.241889881,0.724032738095
2012-09-05 12:56:34,17471,1,22.808110119,0.566220238095
2012-09-05 12:56:35,17472,1,23.1438244048,0.335714285714
2012-09-05 12:56:36,17473,1,23.4243303571,0.280505952381
2012-09-05 12:56:37,17474,1,23.8131696429,0.388839285714
2012-09-05 12:56:38,17475,1,24.2507440476,0.437574404762
2012-09-05 12:56:39,17476,1,24.6181547619,0.367410714286
2012-09-05 12:56:40,17477,1,24.940922619,0.322767857143
2012-09-05 12:56:41,17478,1,25.340327381,0.399404761905
2012-09-05 12:56:42,17479,1,25.8773809524,0.537053571429
2012-09-05 12:56:43,17480,1,26.4613095238,0.583928571429
2012-09-05 12:56:44,17481,1,26.9036458333,0.442336309524
2012-09-05 12:56:45,17482,1,27.1072916667,0.203645833333
2012-09-05 12:56:46,17483,1,27.1680059524,0.0607142857143
2012-09-05 12:56:47,17484,1,27.2470238095,0.0790178571428
2012-09-05 12:56:48,17485,1,27.3994791667,0.152455357143
2012-09-05 12:56:49,17486,1,27.5550595238,0.155580357143
2012-09-05 12:56:50,17487,1,27.6193452381,0.0642857142857
2012-09-05 12:56:51,17488,1,27.5665178571,-0.0528273809523
2012-09-05 12:56:52,17489,1,27.4432291667,-0.123288690476
2012-09-05 12:56:53,17490,1,27.2926339286,-0.150595238095
2012-09-05 12:56:54,17491,1,27.0867559524,-0.20587797619
2012-09-05 12:56:55,17492,1,26.7482886905,-0.338467261905
2012-09-05 12:56:56,17493,1,26.2243303571,-0.523958333333
2012-09-05 12:56:57,17494,1,25.5101190476,-0.714211309524
2012-09-05 12:56:58,17495,1,24.6067708333,-0.903348214286
2012-09-05 12:56:59,17496,1,23.4813988095,-1.12537202381
2012-09-05 12:57:00,17497,1,22.0794642857,-1.40193452381
2012-09-05 12:57:01,17498,1,20.3696428571,-1.70982142857
2012-09-05 12:57:02,17499,1,18.365922619,-2.0037202381
2012-09-05 12:57:03,17500,1,16.1180803571,-2.2478422619
2012-09-05 12:57:04,17501,1,13.6941964286,-2.42388392857
2012-09-05 12:57:05,17502,1,11.1448660714,-2.54933035714
2012-09-05 12:57:06,17503,1,8.47648809524,-2.66837797619
2012-09-05 12:57:07,17504,1,5.73898809524,-2.7375
2012-09-05 12:57:08,17505,1,3.240625,-2.49836309524
2012-09-05 12:57:09,17506,1,0.0,-3.240625
2012-09-05 12:58:21,17578,72,0.0,0.0
2012-09-05 12:58:22,17579,1,3.40014880952,3.40014880952
2012-09-05 12:58:23,17580,1,6.55535714286,3.15520833333
2012-09-05 12:58:24,17581,1,10.4055803571,3.85022321429
2012-09-05 12:58:25,17582,1,14.3498511905,3.94427083333
2012-09-05 12:58:26,17583,1,18.0175595238,3.66770833333
2012-09-05 12:58:27,17584,1,21.275,3.25744047619
2012-09-05 12:58:28,17585,1,24.140922619,2.86592261905
2012-09-05 12:58:29,17586,1,26.6563988095,2.51547619048
2012-09-05 12:58:30,17587,1,28.8341517857,2.17775297619
2012-09-05 12:58:31,17588,1,30.693452381,1.85930059524
2012-09-05 12:58:32,17589,1,32.2561755952,1.56272321429
2012-09-05 12:58:33,17590,1,33.486235119,1.23005952381
2012-09-05 12:58:34,17591,1,34.276264881,0.790029761905
2012-09-05 12:58:35,17592,1,34.528422619,0.252157738095
2012-09-05 12:58:36,17593,1,34.2614583333,-0.266964285714
2012-09-05 12:58:37,17594,1,33.6511160714,-0.610342261905
2012-09-05 12:58:38,17595,1,32.9656994048,-0.685416666667
2012-09-05 12:58:39,17596,1,32.4406994048,-0.525
2012-09-05 12:58:40,17597,1,32.1923363095,-0.248363095238
2012-09-05 12:58:41,17598,1,32.2218005952,0.0294642857143
2012-09-05 12:58:42,17599,1,32.4669642857,0.245163690476
2012-09-05 12:58:43,17600,1,32.8453869048,0.378422619048
2012-09-05 12:58:44,17601,1,33.2724702381,0.427083333333
2012-09-05 12:58:45,17602,1,33.6617559524,0.389285714286
2012-09-05 12:58:46,17603,1,33.9228422619,0.261086309524
2012-09-05 12:58:47,17604,1,33.9660714286,0.0432291666666
2012-09-05 12:58:48,17605,1,33.7291666667,-0.236904761905
2012-09-05 12:58:49,17606,1,33.2339285714,-0.495238095238
2012-09-05 12:58:50,17607,1,32.6191964286,-0.614732142857
2012-09-05 12:58:51,17608,1,32.0930803571,-0.526116071428
2012-09-05 12:58:52,17609,1,31.8202380952,-0.272842261905
2012-09-05 12:58:53,17610,1,31.8107142857,-0.0095238095238
2012-09-05 12:58:54,17611,1,31.9117559524,0.101041666667
2012-09-05 12:58:55,17612,1,31.9408482143,0.0290922619048
2012-09-05 12:58:56,17613,1,31.8382440476,-0.102604166667
2012-09-05 12:58:57,17614,1,31.6982142857,-0.140029761905
2012-09-05 12:58:58,17615,1,31.6726934524,-0.0255208333333
2012-09-05 12:58:59,17616,1,31.8497767857,0.177083333333
2012-09-05 12:59:00,17617,1,32.2197916667,0.370014880952
2012-09-05 12:59:01,17618,1,32.7348958333,0.515104166667
2012-09-05 12:59:02,17619,1,33.3523809524,0.617485119048
2012-09-05 12:59:03,17620,1,33.9997767857,0.647395833333
2012-09-05 12:59:04,17621,1,34.5410714286,0.541294642857
2012-09-05 12:59:05,17622,1,34.8276041667,0.286532738095
2012-09-05 12:59:06,17623,1,34.795610119,-0.0319940476191
2012-09-05 12:59:07,17624,1,34.5216517857,-0.273958333333
2012-09-05 12:59:08,17625,1,34.183110119,-0.338541666667
2012-09-05 12:59:09,17626,1,33.946875,-0.236235119048
2012-09-05 12:59:10,17627,1,33.8954613095,-0.0514136904762
2012-09-05 12:59:11,17628,1,34.0452380952,0.149776785714
2012-09-05 12:59:12,17629,1,34.3837053571,0.338467261905
2012-09-05 12:59:13,17630,1,34.8754464286,0.491741071428
2012-09-05 12:59:14,17631,1,35.459672619,0.584226190476
2012-09-05 12:59:15,17632,1,36.059077381,0.599404761905
2012-09-05 12:59:16,17633,1,36.6051339286,0.546056547619
2012-09-05 12:59:17,17634,1,37.0642113095,0.459077380952
2012-09-05 12:59:18,17635,1,37.4385416667,0.374330357143
2012-09-05 12:59:19,17636,1,37.7473958333,0.308854166667
2012-09-05 12:59:20,17637,1,38.0156994048,0.268303571429
2012-09-05 12:59:21,17638,1,38.2819940476,0.266294642857
2012-09-05 12:59:22,17639,1,38.6005208333,0.318526785714
2012-09-05 12:59:23,17640,1,39.006547619,0.406026785714
2012-09-05 12:59:24,17641,1,39.4658482143,0.459300595238
2012-09-05 12:59:25,17642,1,39.8712053571,0.405357142857
2012-09-05 12:59:26,17643,1,40.1257440476,0.254538690476
2012-09-05 12:59:27,17644,1,40.2532738095,0.127529761905
2012-09-05 12:59:28,17645,1,40.402827381,0.149553571429
2012-09-05 12:59:29,17646,1,40.7169642857,0.314136904762
2012-09-05 12:59:30,17647,1,41.1890625,0.472098214286
2012-09-05 12:59:31,17648,1,41.6453869048,0.456324404762
2012-09-05 12:59:32,17649,1,41.8680803571,0.222693452381
2012-09-05 12:59:33,17650,1,41.7226934524,-0.145386904762
2012-09-05 12:59:34,17651,1,41.1659970238,-0.556696428571
2012-09-05 12:59:35,17652,1,40.208110119,-0.957886904762
2012-09-05 12:59:36,17653,1,38.9421130952,-1.26599702381
2012-09-05 12:59:37,17654,1,37.6015625,-1.34055059524
2012-09-05 12:59:38,17655,1,36.5488839286,-1.05267857143
2012-09-05 12:59:39,17656,1,36.1599702381,-0.388913690476
2012-09-05 12:59:40,17657,1,36.6779017857,0.517931547619
2012-09-05 12:59:41,17658,1,38.1587797619,1.48087797619
2012-09-05 12:59:42,17659,1,40.5061755952,2.34739583333
2012-09-05 12:59:43,17660,1,43.4823660714,2.97619047619
2012-09-05 12:59:44,17661,1,46.6866815476,3.20431547619
2012-09-05 12:59:45,17662,1,49.5993303571,2.91264880952
2012-09-05 12:59:46,17663,1,51.7316220238,2.13229166667
2012-09-05 12:59:47,17664,1,52.8267113095,1.09508928571
2012-09-05 12:59:48,17665,1,53.0036458333,0.176934523809
2012-09-05 12:59:49,17666,1,52.7267113095,-0.27693452381
2012-09-05 12:59:50,17667,1,52.5813244048,-0.145386904762
2012-09-05 12:59:51,17668,1,52.9936011905,0.412276785714
2012-09-05 12:59:52,17669,1,54.0666666667,1.07306547619
2012-09-05 12:59:53,17670,1,55.6139136905,1.54724702381
2012-09-05 12:59:54,17671,1,57.3398065476,1.72589285714
2012-09-05 12:59:55,17672,1,59.0225446429,1.68273809524
2012-09-05 12:59:56,17673,1,60.5790178571,1.55647321429
2012-09-05 12:59:57,17674,1,62.0218005952,1.4427827381
2012-09-05 12:59:58,17675,1,63.3867559524,1.36495535714
2012-09-05 12:59:59,17676,1,64.6732142857,1.28645833333
2012-09-05 13:00:00,17677,1,65.8145089286,1.14129464286
2012-09-05 13:00:01,17678,1,66.7005952381,0.886086309524
2012-09-05 13:00:02,17679,1,67.2465029762,0.545907738095
2012-09-05 13:00:03,17680,1,67.4625744048,0.216071428571
2012-09-05 13:00:04,17681,1,67.4636904762,0.0011160714286
2012-09-05 13:00:05,17682,1,67.3939732143,-0.0697172619048
2012-09-05 13:00:06,17683,1,67.3412946429,-0.0526785714285
2012-09-05 13:00:07,17684,1,67.3267113095,-0.0145833333334
2012-09-05 13:00:08,17685,1,67.3490327381,0.0223214285714
2012-09-05 13:00:09,17686,1,67.4169642857,0.0679315476191
2012-09-05 13:00:10,17687,1,67.5420386905,0.125074404762
2012-09-05 13:00:11,17688,1,67.7086309524,0.166592261905
2012-09-05 13:00:12,17689,1,67.8671130952,0.158482142857
2012-09-05 13:00:13,17690,1,67.9745535714,0.107440476191
2012-09-05 13:00:14,17691,1,68.0423363095,0.0677827380952
2012-09-05 13:00:15,17692,1,68.1375744048,0.0952380952381
2012-09-05 13:00:16,17693,1,68.328125,0.190550595238
2012-09-05 13:00:17,17694,1,68.6175595238,0.28943452381
2012-09-05 13:00:18,17695,1,68.9412202381,0.323660714286
2012-09-05 13:00:19,17696,1,69.2251488095,0.283928571429
2012-09-05 13:00:20,17697,1,69.4384672619,0.213318452381
2012-09-05 13:00:21,17698,1,69.5983630952,0.159895833333
2012-09-05 13:00:22,17699,1,69.7354166667,0.137053571429
2012-09-05 13:00:23,17700,1,69.8552827381,0.119866071429
2012-09-05 13:00:24,17701,1,69.9415178571,0.0862351190476
2012-09-05 13:00:25,17702,1,69.9889880952,0.0474702380953
2012-09-05 13:00:26,17703,1,70.0156994048,0.0267113095238
2012-09-05 13:00:27,17704,1,70.0454613095,0.0297619047619
2012-09-05 13:00:28,17705,1,70.0868303571,0.041369047619
2012-09-05 13:00:29,17706,1,70.1194196429,0.0325892857143
2012-09-05 13:00:30,17707,1,70.099702381,-0.0197172619047
2012-09-05 13:00:31,17708,1,69.9913690476,-0.108333333333
2012-09-05 13:00:32,17709,1,69.793452381,-0.197916666667
2012-09-05 13:00:33,17710,1,69.5409970238,-0.252455357143
2012-09-05 13:00:34,17711,1,69.2829613095,-0.258035714286
2012-09-05 13:00:35,17712,1,69.0561755952,-0.226785714286
2012-09-05 13:00:36,17713,1,68.8735119048,-0.182663690476
2012-09-05 13:00:37,17714,1,68.7325892857,-0.140922619048
2012-09-05 13:00:38,17715,1,68.6338541667,-0.0987351190476
2012-09-05 13:00:39,17716,1,68.5913690476,-0.0424851190476
2012-09-05 13:00:40,17717,1,68.6286458333,0.0372767857142
2012-09-05 13:00:41,17718,1,68.7664434524,0.137797619048
2012-09-05 13:00:42,17719,1,69.0114583333,0.245014880952
2012-09-05 13:00:43,17720,1,69.3488839286,0.337425595238
2012-09-05 13:00:44,17721,1,69.7470982143,0.398214285714
2012-09-05 13:00:45,17722,1,70.1709821429,0.423883928571
2012-09-05 13:00:46,17723,1,70.5822172619,0.411235119048
2012-09-05 13:00:47,17724,1,70.9352678571,0.353050595238
2012-09-05 13:00:48,17725,1,71.1953125,0.260044642857
2012-09-05 13:00:49,17726,1,71.3595982143,0.164285714286
2012-09-05 13:00:50,17727,1,71.4513392857,0.0917410714286
2012-09-05 13:00:51,17728,1,71.4988839286,0.0475446428571
2012-09-05 13:00:52,17729,1,71.5267857143,0.0279017857143
2012-09-05 13:00:53,17730,1,71.5580357143,0.03125
2012-09-05 13:00:54,17731,1,71.6138392857,0.0558035714286
2012-09-05 13:00:55,17732,1,71.7053571429,0.0915178571428
2012-09-05 13:00:56,17733,1,71.8118303571,0.106473214286
2012-09-05 13:00:57,17734,1,71.8646577381,0.0528273809523
2012-09-05 13:00:58,17735,1,71.7894345238,-0.0752232142857
2012-09-05 13:00:59,17736,1,71.5874255952,-0.202008928571
2012-09-05 13:01:00,17737,1,71.3587797619,-0.228645833333
2012-09-05 13:01:01,17738,1,71.2411458333,-0.117633928571
2012-09-05 13:01:02,17739,1,71.3244791667,0.0833333333333
2012-09-05 13:01:03,17740,1,71.5978422619,0.273363095238
2012-09-05 13:01:04,17741,1,71.9674107143,0.369568452381
2012-09-05 13:01:05,17742,1,72.3354166667,0.368005952381
2012-09-05 13:01:06,17743,1,72.660639881,0.325223214286
2012-09-05 13:01:07,17744,1,72.9495535714,0.288913690476
2012-09-05 13:01:08,17745,1,73.2107142857,0.261160714286
2012-09-05 13:01:09,17746,1,73.4295386905,0.218824404762
2012-09-05 13:01:10,17747,1,73.5819940476,0.152455357143
2012-09-05 13:01:11,17748,1,73.6630208333,0.0810267857143
2012-09-05 13:01:12,17749,1,73.7021577381,0.0391369047619
2012-09-05 13:01:13,17750,1,73.753125,0.0509672619048
2012-09-05 13:01:14,17751,1,73.8603422619,0.107217261905
2012-09-05 13:01:15,17752,1,74.0313988095,0.171056547619
2012-09-05 13:01:16,17753,1,74.2380952381,0.206696428571
2012-09-05 13:01:17,17754,1,74.4329613095,0.194866071429
2012-09-05 13:01:18,17755,1,74.5656994048,0.132738095238
2012-09-05 13:01:19,17756,1,74.601264881,0.0355654761905
2012-09-05 13:01:20,17757,1,74.5352678571,-0.0659970238095
2012-09-05 13:01:21,17758,1,74.391889881,-0.14337797619
2012-09-05 13:01:22,17759,1,74.2037202381,-0.188169642857
2012-09-05 13:01:23,17760,1,73.992485119,-0.211235119048
2012-09-05 13:01:24,17761,1,73.7636160714,-0.228869047619
2012-09-05 13:01:25,17762,1,73.5111607143,-0.252455357143
2012-09-05 13:01:26,17763,1,73.2253720238,-0.285788690476
2012-09-05 13:01:27,17764,1,72.897172619,-0.328199404762
2012-09-05 13:01:28,17765,1,72.5207589286,-0.376413690476
2012-09-05 13:01:29,17766,1,72.0994047619,-0.421354166667
2012-09-05 13:01:30,17767,1,71.6459821429,-0.453422619048
2012-09-05 13:01:31,17768,1,71.1704613095,-0.475520833333
2012-09-05 13:01:32,17769,1,70.6708333333,-0.49962797619
2012-09-05 13:01:33,17770,1,70.1433035714,-0.527529761905
2012-09-05 13:01:34,17771,1,69.6040178571,-0.539285714286
2012-09-05 13:01:35,17772,1,69.0958333333,-0.508184523809
2012-09-05 13:01:36,17773,1,68.6604910714,-0.435342261905
2012-09-05 13:01:37,17774,1,68.3107142857,-0.349776785714
2012-09-05 13:01:38,17775,1,68.0500744048,-0.260639880952
2012-09-05 13:01:39,17776,1,67.9125744048,-0.1375
2012-09-05 13:01:40,17777,1,67.9628720238,0.0502976190476
2012-09-05 13:01:41,17778,1,68.2465029762,0.283630952381
2012-09-05 13:01:42,17779,1,68.7281994048,0.481696428571
2012-09-05 13:01:43,17780,1,69.2858630952,0.557663690476
2012-09-05 13:01:44,17781,1,69.7850446429,0.499181547619
2012-09-05 13:01:45,17782,1,70.1630208333,0.377976190476
2012-09-05 13:01:46,17783,1,70.4446428571,0.28162202381
2012-09-05 13:01:47,17784,1,70.6917410714,0.247098214286
2012-09-05 13:01:48,17785,1,70.9419642857,0.250223214286
2012-09-05 13:01:49,17786,1,71.1876488095,0.245684523809
2012-09-05 13:01:50,17787,1,71.3979166667,0.210267857143
2012-09-05 13:01:51,17788,1,71.5464285714,0.148511904762
2012-09-05 13:01:52,17789,1,71.615625,0.0691964285714
2012-09-05 13:01:53,17790,1,71.5867559524,-0.0288690476191
2012-09-05 13:01:54,17791,1,71.4480654762,-0.13869047619
2012-09-05 13:01:55,17792,1,71.2212053571,-0.226860119048
2012-09-05 13:01:56,17793,1,70.9600446429,-0.261160714286
2012-09-05 13:01:57,17794,1,70.709077381,-0.250967261905
2012-09-05 13:01:58,17795,1,70.4722470238,-0.236830357143
2012-09-05 13:01:59,17796,1,70.2296130952,-0.242633928571
2012-09-05 13:02:00,17797,1,69.9735119048,-0.256101190476
2012-09-05 13:02:01,17798,1,69.709077381,-0.26443452381
2012-09-05 13:02:02,17799,1,69.4180059524,-0.291071428571
2012-09-05 13:02:03,17800,1,69.0496279762,-0.368377976191
2012-09-05 13:02:04,17801,1,68.5738839286,-0.475744047619
2012-09-05 13:02:05,17802,1,68.0414434524,-0.532440476191
2012-09-05 13:02:06,17803,1,67.574702381,-0.466741071429
2012-09-05 13:02:07,17804,1,67.2899553571,-0.28474702381
2012-09-05 13:02:08,17805,1,67.2255208333,-0.0644345238096
2012-09-05 13:02:09,17806,1,67.3371279762,0.111607142857
2012-09-05 13:02:10,17807,1,67.5517113095,0.214583333333
2012-09-05 13:02:11,17808,1,67.8213541667,0.269642857143
2012-09-05 13:02:12,17809,1,68.1349702381,0.313616071429
2012-09-05 13:02:13,17810,1,68.5010416667,0.366071428571
2012-09-05 13:02:14,17811,1,68.9318452381,0.430803571429
2012-09-05 13:02:15,17812,1,69.4331845238,0.501339285714
2012-09-05 13:02:16,17813,1,69.9951636905,0.561979166667
2012-09-05 13:02:17,17814,1,70.5863095238,0.591145833333
2012-09-05 13:02:18,17815,1,71.145610119,0.559300595238
2012-09-05 13:02:19,17816,1,71.5709077381,0.425297619048
2012-09-05 13:02:20,17817,1,71.7395833333,0.168675595238
2012-09-05 13:02:21,17818,1,71.5944196429,-0.145163690476
2012-09-05 13:02:22,17819,1,71.2319940476,-0.362425595238
2012-09-05 13:02:23,17820,1,70.8857886905,-0.346205357143
2012-09-05 13:02:24,17821,1,70.7955357143,-0.0902529761905
2012-09-05 13:02:25,17822,1,71.056547619,0.261011904762
2012-09-05 13:02:26,17823,1,71.562797619,0.50625
2012-09-05 13:02:27,17824,1,72.0993303571,0.536532738095
2012-09-05 13:02:28,17825,1,72.4991071429,0.399776785714
2012-09-05 13:02:29,17826,1,72.7175595238,0.218452380952
2012-09-05 13:02:30,17827,1,72.7953869048,0.0778273809524
2012-09-05 13:02:31,17828,1,72.7896577381,-0.0057291666667
2012-09-05 13:02:32,17829,1,72.7383928571,-0.0512648809523
2012-09-05 13:02:33,17830,1,72.6639136905,-0.0744791666667
2012-09-05 13:02:34,17831,1,72.5855654762,-0.0783482142857
2012-09-05 13:02:35,17832,1,72.5234375,-0.0621279761905
2012-09-05 13:02:36,17833,1,72.5002232143,-0.0232142857143
2012-09-05 13:02:37,17834,1,72.5455357143,0.0453125
2012-09-05 13:02:38,17835,1,72.6921875,0.146651785714
2012-09-05 13:02:39,17836,1,72.951860119,0.259672619048
2012-09-05 13:02:40,17837,1,73.2740327381,0.322172619048
2012-09-05 13:02:41,17838,1,73.5308035714,0.256770833333
2012-09-05 13:02:42,17839,1,73.5741815476,0.0433779761904
2012-09-05 13:02:43,17840,1,73.3303571429,-0.243824404762
2012-09-05 13:02:44,17841,1,72.8401785714,-0.490178571429
2012-09-05 13:02:45,17842,1,72.2226934524,-0.617485119048
2012-09-05 13:02:46,17843,1,71.6101190476,-0.612574404762
2012-09-05 13:02:47,17844,1,71.0968005952,-0.513318452381
2012-09-05 13:02:48,17845,1,70.7258928571,-0.370907738095
2012-09-05 13:02:49,17846,1,70.5091517857,-0.216741071429
2012-09-05 13:02:50,17847,1,70.4427827381,-0.0663690476191
2012-09-05 13:02:51,17848,1,70.5087797619,0.0659970238096
2012-09-05 13:02:52,17849,1,70.6817708333,0.172991071428
2012-09-05 13:02:53,17850,1,70.9328125,0.251041666667
2012-09-05 13:02:54,17851,1,71.218452381,0.285639880952
2012-09-05 13:02:55,17852,1,71.4801339286,0.261681547619
2012-09-05 13:02:56,17853,1,71.6648809524,0.18474702381
2012-09-05 13:02:57,17854,1,71.7467261905,0.0818452380952
2012-09-05 13:02:58,17855,1,71.7370535714,-0.00967261904759
2012-09-05 13:02:59,17856,1,71.6790178571,-0.0580357142857
2012-09-05 13:03:00,17857,1,71.6276041667,-0.0514136904763
2012-09-05 13:03:01,17858,1,71.6297619048,0.00215773809531
2012-09-05 13:03:02,17859,1,71.7078125,0.0780505952381
2012-09-05 13:03:03,17860,1,71.8485119048,0.140699404762
2012-09-05 13:03:04,17861,1,72.0118303571,0.163318452381
2012-09-05 13:03:05,17862,1,72.1537202381,0.141889880952
2012-09-05 13:03:06,17863,1,72.2436755952,0.0899553571429
2012-09-05 13:03:07,17864,1,72.2715029762,0.0278273809524
2012-09-05 13:03:08,17865,1,72.2454613095,-0.0260416666667
2012-09-05 13:03:09,17866,1,72.1880952381,-0.0573660714286
2012-09-05 13:03:10,17867,1,72.1325892857,-0.0555059523809
2012-09-05 13:03:11,17868,1,72.1104166667,-0.0221726190476
2012-09-05 13:03:12,17869,1,72.1304315476,0.0200148809523
2012-09-05 13:03:13,17870,1,72.1695684524,0.0391369047619
2012-09-05 13:03:14,17871,1,72.1901785714,0.0206101190477
2012-09-05 13:03:15,17872,1,72.1708333333,-0.0193452380953
2012-09-05 13:03:16,17873,1,72.1185267857,-0.052306547619
2012-09-05 13:03:17,17874,1,72.0511160714,-0.0674107142857
2012-09-05 13:03:18,17875,1,71.9758928571,-0.0752232142857
2012-09-05 13:03:19,17876,1,71.8871279762,-0.0887648809524
2012-09-05 13:03:20,17877,1,71.7779761905,-0.109151785714
2012-09-05 13:03:21,17878,1,71.6534970238,-0.124479166667
2012-09-05 13:03:22,17879,1,71.530952381,-0.122544642857
2012-09-05 13:03:23,17880,1,71.4246279762,-0.106324404762
2012-09-05 13:03:24,17881,1,71.3354910714,-0.0891369047619
2012-09-05 13:03:25,17882,1,71.2582589286,-0.0772321428572
2012-09-05 13:03:26,17883,1,71.1951636905,-0.0630952380952
2012-09-05 13:03:27,17884,1,71.165625,-0.0295386904762
2012-09-05 13:03:28,17885,1,71.2021577381,0.0365327380952
2012-09-05 13:03:29,17886,1,71.3253720238,0.123214285714
2012-09-05 13:03:30,17887,1,71.5152529762,0.189880952381
2012-09-05 13:03:31,17888,1,71.710639881,0.195386904762
2012-09-05 13:03:32,17889,1,71.8455357143,0.134895833333
2012-09-05 13:03:33,17890,1,71.8930059524,0.0474702380952
2012-09-05 13:03:34,17891,1,71.8779017857,-0.0151041666666
2012-09-05 13:03:35,17892,1,71.8501488095,-0.0277529761905
2012-09-05 13:03:36,17893,1,71.8452380952,-0.0049107142857
2012-09-05 13:03:37,17894,1,71.8633928571,0.0181547619047
2012-09-05 13:03:38,17895,1,71.8787946429,0.0154017857143
2012-09-05 13:03:39,17896,1,71.8668154762,-0.0119791666666
2012-09-05 13:03:40,17897,1,71.8256696429,-0.0411458333333
2012-09-05 13:03:41,17898,1,71.7779017857,-0.0477678571429
2012-09-05 13:03:42,17899,1,71.753422619,-0.0244791666667
2012-09-05 13:03:43,17900,1,71.7616071429,0.0081845238095
2012-09-05 13:03:44,17901,1,71.7693452381,0.0077380952381
2012-09-05 13:03:45,17902,1,71.7098958333,-0.0594494047619
2012-09-05 13:03:46,17903,1,71.5252232143,-0.184672619048
2012-09-05 13:03:47,17904,1,71.2136904762,-0.311532738095
2012-09-05 13:03:48,17905,1,70.8429315476,-0.370758928571
2012-09-05 13:03:49,17906,1,70.50625,-0.336681547619
2012-09-05 13:03:50,17907,1,70.2587053571,-0.247544642857
2012-09-05 13:03:51,17908,1,70.0929315476,-0.165773809524
2012-09-05 13:03:52,17909,1,69.9622767857,-0.130654761905
2012-09-05 13:03:53,17910,1,69.8209821429,-0.141294642857
2012-09-05 13:03:54,17911,1,69.6577380952,-0.163244047619
2012-09-05 13:03:55,17912,1,69.5037946429,-0.153943452381
2012-09-05 13:03:56,17913,1,69.4119791667,-0.0918154761905
2012-09-05 13:03:57,17914,1,69.4248511905,0.0128720238095
2012-09-05 13:03:58,17915,1,69.5477678571,0.122916666667
2012-09-05 13:03:59,17916,1,69.7404761905,0.192708333333
2012-09-05 13:04:00,17917,1,69.9451636905,0.2046875
2012-09-05 13:04:01,17918,1,70.1318452381,0.186681547619
2012-09-05 13:04:02,17919,1,70.305952381,0.174107142857
2012-09-05 13:04:03,17920,1,70.4732886905,0.167336309524
2012-09-05 13:04:04,17921,1,70.613764881,0.140476190476
2012-09-05 13:04:05,17922,1,70.6951636905,0.0813988095238
2012-09-05 13:04:06,17923,1,70.7191964286,0.0240327380952
2012-09-05 13:04:07,17924,1,70.7465029762,0.0273065476191
2012-09-05 13:04:08,17925,1,70.8477678571,0.101264880952
2012-09-05 13:04:09,17926,1,71.0322172619,0.184449404762
2012-09-05 13:04:10,17927,1,71.2411458333,0.208928571429
2012-09-05 13:04:11,17928,1,71.4017857143,0.160639880952
2012-09-05 13:04:12,17929,1,71.4836309524,0.0818452380952
2012-09-05 13:04:13,17930,1,71.5103422619,0.0267113095239
2012-09-05 13:04:14,17931,1,71.5193452381,0.0090029761904
2012-09-05 13:04:15,17932,1,71.5218005952,0.00245535714291
2012-09-05 13:04:16,17933,1,71.507514881,-0.0142857142857
2012-09-05 13:04:17,17934,1,71.4717261905,-0.0357886904762
2012-09-05 13:04:18,17935,1,71.4267113095,-0.0450148809524
2012-09-05 13:04:19,17936,1,71.3938988095,-0.0328125
2012-09-05 13:04:20,17937,1,71.3904017857,-0.0034970238095
2012-09-05 13:04:21,17938,1,71.4211309524,0.0307291666666
2012-09-05 13:04:22,17939,1,71.4726934524,0.0515625000001
2012-09-05 13:04:23,17940,1,71.5046875,0.031994047619
2012-09-05 13:04:24,17941,1,71.4572916667,-0.0473958333334
2012-09-05 13:04:25,17942,1,71.2870535714,-0.170238095238
2012-09-05 13:04:26,17943,1,70.9994047619,-0.287648809524
2012-09-05 13:04:27,17944,1,70.6420386905,-0.357366071429
2012-09-05 13:04:28,17945,1,70.2683779762,-0.373660714286
2012-09-05 13:04:29,17946,1,69.9114583333,-0.356919642857
2012-09-05 13:04:30,17947,1,69.5912946429,-0.320163690476
2012-09-05 13:04:31,17948,1,69.3307291667,-0.26056547619
2012-09-05 13:04:32,17949,1,69.1384672619,-0.192261904762
2012-09-05 13:04:33,17950,1,68.9700892857,-0.16837797619
2012-09-05 13:04:34,17951,1,68.7332589286,-0.236830357143
2012-09-05 13:04:35,17952,1,68.3702380952,-0.363020833333
2012-09-05 13:04:36,17953,1,67.9397321429,-0.430505952381
2012-09-05 13:04:37,17954,1,67.5797619048,-0.359970238095
2012-09-05 13:04:38,17955,1,67.3623511905,-0.217410714286
2012-09-05 13:04:39,17956,1,67.1897321429,-0.172619047619
2012-09-05 13:04:40,17957,1,66.841889881,-0.347842261905
2012-09-05 13:04:41,17958,1,66.1351934524,-0.706696428571
2012-09-05 13:04:42,17959,1,65.0588541667,-1.07633928571
2012-09-05 13:04:43,17960,1,63.7915922619,-1.26726190476
2012-09-05 13:04:44,17961,1,62.6094494048,-1.18214285714
2012-09-05 13:04:45,17962,1,61.759077381,-0.850372023809
2012-09-05 13:04:46,17963,1,61.3667410714,-0.392336309524
2012-09-05 13:04:47,17964,1,61.4166666667,0.0499255952381
2012-09-05 13:04:48,17965,1,61.783110119,0.366443452381
2012-09-05 13:04:49,17966,1,62.2861607143,0.503050595238
2012-09-05 13:04:50,17967,1,62.7503720238,0.464211309524
2012-09-05 13:04:51,17968,1,63.0379464286,0.287574404762
2012-09-05 13:04:52,17969,1,63.0460565476,0.0081101190477
2012-09-05 13:04:53,17970,1,62.7053571429,-0.340699404762
2012-09-05 13:04:54,17971,1,62.0138392857,-0.691517857143
2012-09-05 13:04:55,17972,1,61.0717261905,-0.942113095238
2012-09-05 13:04:56,17973,1,60.05625,-1.01547619048
2012-09-05 13:04:57,17974,1,59.1390625,-0.9171875
2012-09-05 13:04:58,17975,1,58.4049107143,-0.734151785714
2012-09-05 13:04:59,17976,1,57.8324404762,-0.572470238095
2012-09-05 13:05:00,17977,1,57.3584821429,-0.473958333333
2012-09-05 13:05:01,17978,1,56.961235119,-0.397247023809
2012-09-05 13:05:02,17979,1,56.6739583333,-0.287276785714
2012-09-05 13:05:03,17980,1,56.5357886905,-0.138169642857
2012-09-05 13:05:04,17981,1,56.551860119,0.0160714285714
2012-09-05 13:05:05,17982,1,56.696577381,0.144717261905
2012-09-05 13:05:06,17983,1,56.9379464286,0.241369047619
2012-09-05 13:05:07,17984,1,57.2503720238,0.312425595238
2012-09-05 13:05:08,17985,1,57.6105654762,0.360193452381
2012-09-05 13:05:09,17986,1,57.9944196429,0.383854166667
2012-09-05 13:05:10,17987,1,58.3841517857,0.389732142857
2012-09-05 13:05:11,17988,1,58.7756696429,0.391517857143
2012-09-05 13:05:12,17989,1,59.1758184524,0.400148809524
2012-09-05 13:05:13,17990,1,59.591889881,0.416071428571
2012-09-05 13:05:14,17991,1,60.0232886905,0.431398809524
2012-09-05 13:05:15,17992,1,60.462797619,0.439508928571
2012-09-05 13:05:16,17993,1,60.9029761905,0.440178571429
2012-09-05 13:05:17,17994,1,61.3365327381,0.433556547619
2012-09-05 13:05:18,17995,1,61.7500744048,0.413541666667
2012-09-05 13:05:19,17996,1,62.1249255952,0.374851190476
2012-09-05 13:05:20,17997,1,62.4563988095,0.331473214286
2012-09-05 13:05:21,17998,1,62.770610119,0.314211309524
2012-09-05 13:05:22,17999,1,63.1019345238,0.331324404762
2012-09-05 13:05:23,18000,1,63.4457589286,0.343824404762
2012-09-05 13:05:24,18001,1,63.7379464286,0.2921875
2012-09-05 13:05:25,18002,1,63.8802827381,0.142336309524
2012-09-05 13:05:26,18003,1,63.7996279762,-0.0806547619047
2012-09-05 13:05:27,18004,1,63.5013392857,-0.298288690476
2012-09-05 13:05:28,18005,1,63.0640625,-0.437276785714
2012-09-05 13:05:29,18006,1,62.5765625,-0.4875
2012-09-05 13:05:30,18007,1,62.0716517857,-0.504910714286
2012-09-05 13:05:31,18008,1,61.5087053571,-0.562946428571
2012-09-05 13:05:32,18009,1,60.8195684524,-0.689136904762
2012-09-05 13:05:33,18010,1,59.9750744048,-0.844494047619
2012-09-05 13:05:34,18011,1,59.0095982143,-0.965476190476
2012-09-05 13:05:35,18012,1,57.995014881,-1.01458333333
2012-09-05 13:05:36,18013,1,57.0050595238,-0.989955357143
2012-09-05 13:05:37,18014,1,56.1005952381,-0.904464285714
2012-09-05 13:05:38,18015,1,55.3223214286,-0.778273809524
2012-09-05 13:05:39,18016,1,54.66875,-0.653571428571
2012-09-05 13:05:40,18017,1,54.0838541667,-0.584895833333
2012-09-05 13:05:41,18018,1,53.4867559524,-0.597098214286
2012-09-05 13:05:42,18019,1,52.8101190476,-0.676636904762
2012-09-05 13:05:43,18020,1,51.9875744048,-0.822544642857
2012-09-05 13:05:44,18021,1,50.9119791667,-1.0755952381
2012-09-05 13:05:45,18022,1,49.4611607143,-1.45081845238
2012-09-05 13:05:46,18023,1,47.6037202381,-1.85744047619
2012-09-05 13:05:47,18024,1,45.4600446429,-2.14367559524
2012-09-05 13:05:48,18025,1,43.2369791667,-2.22306547619
2012-09-05 13:05:49,18026,1,41.1023809524,-2.13459821429
2012-09-05 13:05:50,18027,1,39.0991815476,-2.00319940476
2012-09-05 13:05:51,18028,1,37.1334077381,-1.96577380952
2012-09-05 13:05:52,18029,1,35.0049107143,-2.12849702381
2012-09-05 13:05:53,18030,1,32.45,-2.55491071429
2012-09-05 13:05:54,18031,1,29.2318452381,-3.2181547619
2012-09-05 13:05:55,18032,1,25.274578373,-3.95726686508
2012-09-05 13:05:56,18033,1,20.721031746,-4.55354662698
2012-09-05 13:05:57,18034,1,15.8920386905,-4.82899305556
2012-09-05 13:05:58,18035,1,11.2590277778,-4.6330109127
2012-09-05 13:05:59,18036,1,7.38836805556,-3.87065972222
2012-09-05 13:06:00,18037,1,4.74880952381,-2.63955853175
2012-09-05 13:06:01,18038,1,3.4826140873,-1.26619543651
2012-09-05 13:06:02,18039,1,3.31924603175,-0.163368055556
2012-09-05 13:06:03,18040,1,3.77492559524,0.455679563492
2012-09-05 13:06:04,18041,1,4.60850694444,0.833581349206
2012-09-05 13:06:05,18042,1,6.06314484127,1.45463789683
2012-09-05 13:06:06,18043,1,8.53958333333,2.47643849206
2012-09-05 13:06:07,18044,1,12.1114831349,3.57189980159
2012-09-05 13:06:08,18045,1,16.3975198413,4.28603670635
2012-09-05 13:06:09,18046,1,20.7837797619,4.38625992063
2012-09-05 13:06:10,18047,1,24.7692956349,3.98551587302
2012-09-05 13:06:11,18048,1,28.1610615079,3.39176587302
2012-09-05 13:06:12,18049,1,30.9659970238,2.80493551587
2012-09-05 13:06:13,18050,1,33.2123511905,2.24635416667
2012-09-05 13:06:14,18051,1,34.9323660714,1.72001488095
2012-09-05 13:06:15,18052,1,36.2004464286,1.26808035714
2012-09-05 13:06:16,18053,1,37.1203869048,0.919940476191
2012-09-05 13:06:17,18054,1,37.8005208333,0.680133928571
2012-09-05 13:06:18,18055,1,38.3238839286,0.523363095238
2012-09-05 13:06:19,18056,1,38.718452381,0.394568452381
2012-09-05 13:06:20,18057,1,38.9638392857,0.245386904762
2012-09-05 13:06:21,18058,1,39.0209077381,0.0570684523809
2012-09-05 13:06:22,18059,1,38.8508184524,-0.170089285714
2012-09-05 13:06:23,18060,1,38.4289434524,-0.421875
2012-09-05 13:06:24,18061,1,37.7670386905,-0.661904761905
2012-09-05 13:06:25,18062,1,36.9290922619,-0.837946428571
2012-09-05 13:06:26,18063,1,36.0183035714,-0.910788690476
2012-09-05 13:06:27,18064,1,35.1326636905,-0.885639880952
2012-09-05 13:06:28,18065,1,34.2973958333,-0.835267857143
2012-09-05 13:06:29,18066,1,33.4019345238,-0.895461309524
2012-09-05 13:06:30,18067,1,32.2052083333,-1.19672619048
2012-09-05 13:06:31,18068,1,30.4477678571,-1.75744047619
2012-09-05 13:06:32,18069,1,28.0273809524,-2.42038690476
2012-09-05 13:06:33,18070,1,25.136235119,-2.89114583333
2012-09-05 13:06:34,18071,1,22.2415922619,-2.89464285714
2012-09-05 13:06:35,18072,1,19.8828869048,-2.35870535714
2012-09-05 13:06:36,18073,1,18.4361607143,-1.44672619048
2012-09-05 13:06:37,18074,1,18.0066964286,-0.429464285714
2012-09-05 13:06:38,18075,1,18.4397321429,0.433035714286
2012-09-05 13:06:39,18076,1,19.3713541667,0.93162202381
2012-09-05 13:06:40,18077,1,20.2933779762,0.922023809524
2012-09-05 13:06:41,18078,1,20.6514136905,0.358035714286
2012-09-05 13:06:42,18079,1,20.0239583333,-0.627455357143
2012-09-05 13:06:43,18080,1,18.3454613095,-1.67849702381
2012-09-05 13:06:44,18081,1,16.001264881,-2.34419642857
2012-09-05 13:06:45,18082,1,13.6976934524,-2.30357142857
2012-09-05 13:06:46,18083,1,12.1776785714,-1.52001488095
2012-09-05 13:06:47,18084,1,11.8837797619,-0.293898809524
2012-09-05 13:06:48,18085,1,12.7145089286,0.830729166667
2012-09-05 13:06:49,18086,1,14.0696428571,1.35513392857
2012-09-05 13:06:50,18087,1,15.2022321429,1.13258928571
2012-09-05 13:06:51,18088,1,15.6494791667,0.44724702381
2012-09-05 13:06:52,18089,1,15.4723958333,-0.177083333333
2012-09-05 13:06:53,18090,1,15.1504464286,-0.321949404762
2012-09-05 13:06:54,18091,1,15.2039434524,0.0534970238096
2012-09-05 13:06:55,18092,1,15.844047619,0.640104166667
2012-09-05 13:06:56,18093,1,16.898139881,1.0540922619
2012-09-05 13:06:57,18094,1,17.9905505952,1.09241071429
2012-09-05 13:06:58,18095,1,18.8033482143,0.812797619048
2012-09-05 13:06:59,18096,1,19.2380952381,0.43474702381
2012-09-05 13:07:00,18097,1,19.365625,0.127529761905
2012-09-05 13:07:01,18098,1,19.213764881,-0.151860119048
2012-09-05 13:07:02,18099,1,18.6121279762,-0.601636904762
2012-09-05 13:07:03,18100,1,17.2979166667,-1.31421130952
2012-09-05 13:07:04,18101,1,15.2405505952,-2.05736607143
2012-09-05 13:07:05,18102,1,12.8829613095,-2.35758928571
2012-09-05 13:07:06,18103,1,11.0298363095,-1.853125
2012-09-05 13:07:07,18104,1,10.4205357143,-0.609300595238
2012-09-05 13:07:08,18105,1,11.3007440476,0.880208333333
2012-09-05 13:07:09,18106,1,13.3174107143,2.01666666667
2012-09-05 13:07:10,18107,1,15.7765625,2.45915178571
2012-09-05 13:07:11,18108,1,18.0103422619,2.2337797619
2012-09-05 13:07:12,18109,1,19.6066220238,1.5962797619
2012-09-05 13:07:13,18110,1,20.4323660714,0.825744047619
2012-09-05 13:07:14,18111,1,20.5036458333,0.0712797619047
2012-09-05 13:07:15,18112,1,19.8220238095,-0.68162202381
2012-09-05 13:07:16,18113,1,18.3255952381,-1.49642857143
2012-09-05 13:07:17,18114,1,16.0239583333,-2.30163690476
2012-09-05 13:07:18,18115,1,13.1999255952,-2.8240327381
2012-09-05 13:07:19,18116,1,10.4861607143,-2.71376488095
2012-09-05 13:07:20,18117,1,8.71547619048,-1.77068452381
2012-09-05 13:07:21,18118,1,8.53660714286,-0.178869047619
2012-09-05 13:07:22,18119,1,10.0029017857,1.46629464286
2012-09-05 13:07:23,18120,1,12.506547619,2.50364583333
2012-09-05 13:07:24,18121,1,15.1179315476,2.61138392857
2012-09-05 13:07:25,18122,1,17.0366071429,1.91867559524
2012-09-05 13:07:26,18123,1,17.9087797619,0.872172619048
2012-09-05 13:07:27,18124,1,17.8753720238,-0.0334077380953
2012-09-05 13:07:28,18125,1,17.3264880952,-0.548883928571
2012-09-05 13:07:29,18126,1,16.5483630952,-0.778125
2012-09-05 13:07:30,18127,1,15.5241071429,-1.02425595238
2012-09-05 13:07:31,18128,1,14.0438988095,-1.48020833333
2012-09-05 13:07:32,18129,1,12.0436755952,-2.00022321429
2012-09-05 13:07:33,18130,1,9.85974702381,-2.18392857143
2012-09-05 13:07:34,18131,1,8.13147321429,-1.72827380952
2012-09-05 13:07:35,18132,1,7.37105654762,-0.760416666667
2012-09-05 13:07:36,18133,1,7.56852678571,0.197470238095
2012-09-05 13:07:37,18134,1,8.24977678571,0.68125
2012-09-05 13:07:38,18135,1,8.89337797619,0.643601190476
2012-09-05 13:07:39,18136,1,9.2421875,0.34880952381
2012-09-05 13:07:40,18137,1,9.31726190476,0.0750744047619
2012-09-05 13:07:41,18138,1,9.2447172619,-0.0725446428571
2012-09-05 13:07:42,18139,1,9.06294642857,-0.181770833333
2012-09-05 13:07:43,18140,1,8.67730654762,-0.385639880952
2012-09-05 13:07:44,18141,1,7.9787202381,-0.698586309524
2012-09-05 13:07:45,18142,1,6.94099702381,-1.03772321429
2012-09-05 13:07:46,18143,1,5.58415178571,-1.3568452381
2012-09-05 13:07:47,18144,1,3.9609375,-1.62321428571
2012-09-05 13:07:48,18145,1,2.32023809524,-1.64069940476
2012-09-05 13:07:49,18146,1,0.0,-2.32023809524
2012-09-05 17:37:23,34320,16174,0.0,0.0
2012-09-05 17:37:24,34321,1,1.69702380952,1.69702380952
2012-09-05 17:37:25,34322,1,2.54341517857,0.846391369048
2012-09-05 17:37:26,34323,1,3.06822916667,0.524813988095
2012-09-05 17:37:27,34324,1,3.25978422619,0.191555059524
2012-09-05 17:37:28,34325,1,3.40662202381,0.146837797619
2012-09-05 17:37:29,34326,1,3.78125,0.37462797619
2012-09-05 17:37:30,34327,1,4.48549107143,0.704241071429
2012-09-05 17:37:31,34328,1,5.4160094246,0.930518353175
2012-09-05 17:37:32,34329,1,6.28499503968,0.868985615079
2012-09-05 17:37:33,34330,1,6.71908482143,0.434089781746
2012-09-05 17:37:34,34331,1,6.4630952381,-0.255989583333
2012-09-05 17:37:35,34332,1,5.56990327381,-0.893191964286
2012-09-05 17:37:36,34333,1,4.42708333333,-1.14281994048
2012-09-05 17:37:37,34334,1,3.65257936508,-0.774503968254
2012-09-05 17:37:38,34335,1,3.87026289683,0.217683531746
2012-09-05 17:37:39,34336,1,5.33757440476,1.46731150794
2012-09-05 17:37:40,34337,1,7.68556547619,2.34799107143
2012-09-05 17:37:41,34338,1,10.0904761905,2.40491071429
2012-09-05 17:37:42,34339,1,11.8293154762,1.73883928571
2012-09-05 17:37:43,34340,1,12.8173859127,0.988070436508
2012-09-05 17:37:44,34341,1,13.6125992063,0.795213293651
2012-09-05 17:37:45,34342,1,14.8211309524,1.20853174603
2012-09-05 17:37:46,34343,1,16.5498511905,1.7287202381
2012-09-05 17:37:47,34344,1,18.4378720238,1.88802083333
2012-09-05 17:37:48,34345,1,20.0348958333,1.59702380952
2012-09-05 17:37:49,34346,1,21.0457589286,1.01086309524
2012-09-05 17:37:50,34347,1,21.3191220238,0.273363095238
2012-09-05 17:37:51,34348,1,20.7898809524,-0.529241071428
2012-09-05 17:37:52,34349,1,19.5697916667,-1.22008928571
2012-09-05 17:37:53,34350,1,18.067485119,-1.50230654762
2012-09-05 17:37:54,34351,1,16.8813244048,-1.18616071429
2012-09-05 17:37:55,34352,1,16.4917410714,-0.389583333333
2012-09-05 17:37:56,34353,1,17.0150297619,0.523288690476
2012-09-05 17:37:57,34354,1,18.1876488095,1.17261904762
2012-09-05 17:37:58,34355,1,19.5556547619,1.36800595238
2012-09-05 17:37:59,34356,1,20.7118303571,1.15617559524
2012-09-05 17:38:00,34357,1,21.4101934524,0.698363095238
2012-09-05 17:38:01,34358,1,21.5193452381,0.109151785714
2012-09-05 17:38:02,34359,1,20.9220982143,-0.59724702381
2012-09-05 17:38:03,34360,1,19.5074404762,-1.4146577381
2012-09-05 17:38:04,34361,1,17.3383184524,-2.16912202381
2012-09-05 17:38:05,34362,1,14.8669642857,-2.47135416667
2012-09-05 17:38:06,34363,1,12.8587053571,-2.00825892857
2012-09-05 17:38:07,34364,1,11.895014881,-0.963690476191
2012-09-05 17:38:08,34365,1,11.8529017857,-0.0421130952381
2012-09-05 17:38:09,34366,1,11.9561755952,0.103273809524
2012-09-05 17:38:10,34367,1,11.5111607143,-0.445014880952
2012-09-05 17:38:11,34368,1,10.6438244048,-0.867336309524
2012-09-05 17:38:12,34369,1,10.2248511905,-0.418973214286
2012-09-05 17:38:13,34370,1,11.0405505952,0.815699404762
2012-09-05 17:38:14,34371,1,13.0709821429,2.03043154762
2012-09-05 17:38:15,34372,1,15.539360119,2.46837797619
2012-09-05 17:38:16,34373,1,17.5400297619,2.00066964286
2012-09-05 17:38:17,34374,1,18.509077381,0.969047619048
2012-09-05 17:38:18,34375,1,18.1863095238,-0.322767857143
2012-09-05 17:38:19,34376,1,16.4635416667,-1.72276785714
2012-09-05 17:38:20,34377,1,13.5305803571,-2.93296130952
2012-09-05 17:38:21,34378,1,10.1098958333,-3.42068452381
2012-09-05 17:38:22,34379,1,7.30558035714,-2.80431547619
2012-09-05 17:38:23,34380,1,6.00625,-1.29933035714
2012-09-05 17:38:24,34381,1,6.33266369048,0.326413690476
2012-09-05 17:38:25,34382,1,7.62708333333,1.29441964286
2012-09-05 17:38:26,34383,1,8.91056547619,1.28348214286
2012-09-05 17:38:27,34384,1,9.35602678571,0.445461309524
2012-09-05 17:38:28,34385,1,8.53400297619,-0.822023809524
2012-09-05 17:38:29,34386,1,6.51532738095,-2.01867559524
2012-09-05 17:38:30,34387,1,3.9740327381,-2.54129464286
2012-09-05 17:38:31,34388,1,0.0,-3.9740327381
2012-09-05 17:38:46,34403,15,0.0,0.0
2012-09-05 17:38:47,34404,1,4.42157738095,4.42157738095
2012-09-05 17:38:48,34405,1,8.153125,3.73154761905
2012-09-05 17:38:49,34406,1,12.1632440476,4.01011904762
2012-09-05 17:38:50,34407,1,15.4807291667,3.31748511905
2012-09-05 17:38:51,34408,1,17.7813244048,2.3005952381
2012-09-05 17:38:52,34409,1,19.3975446429,1.6162202381
2012-09-05 17:38:53,34410,1,20.9802083333,1.58266369048
2012-09-05 17:38:54,34411,1,23.0652529762,2.08504464286
2012-09-05 17:38:55,34412,1,25.8111607143,2.7459077381
2012-09-05 17:38:56,34413,1,28.9954613095,3.18430059524
2012-09-05 17:38:57,34414,1,32.1854166667,3.18995535714
2012-09-05 17:38:58,34415,1,34.9462797619,2.76086309524
2012-09-05 17:38:59,34416,1,37.0034970238,2.0572172619
2012-09-05 17:39:00,34417,1,38.3108630952,1.30736607143
2012-09-05 17:39:01,34418,1,39.007514881,0.696651785714
2012-09-05 17:39:02,34419,1,39.3095238095,0.302008928571
2012-09-05 17:39:03,34420,1,39.3997767857,0.0902529761905
2012-09-05 17:39:04,34421,1,39.356547619,-0.0432291666667
2012-09-05 17:39:05,34422,1,39.1514136905,-0.205133928571
2012-09-05 17:39:06,34423,1,38.7055059524,-0.445907738095
2012-09-05 17:39:07,34424,1,37.9344494048,-0.771056547619
2012-09-05 17:39:08,34425,1,36.7693452381,-1.16510416667
2012-09-05 17:39:09,34426,1,35.2200892857,-1.54925595238
2012-09-05 17:39:10,34427,1,33.4456845238,-1.7744047619
2012-09-05 17:39:11,34428,1,31.6886160714,-1.75706845238
2012-09-05 17:39:12,34429,1,30.0549107143,-1.63370535714
2012-09-05 17:39:13,34430,1,28.3333333333,-1.72157738095
2012-09-05 17:39:14,34431,1,26.0771577381,-2.25617559524
2012-09-05 17:39:15,34432,1,22.940014881,-3.13714285714
2012-09-05 17:39:16,34433,1,18.9783258929,-3.9616889881
2012-09-05 17:39:17,34434,1,14.6567708333,-4.32155505952
2012-09-05 17:39:18,34435,1,10.6043229167,-4.05244791667
2012-09-05 17:39:19,34436,1,7.34761904762,-3.25670386905
2012-09-05 17:39:20,34437,1,5.15369047619,-2.19392857143
2012-09-05 17:39:21,34438,1,3.99616071429,-1.1575297619
2012-09-05 17:39:22,34439,1,3.61673363095,-0.379427083333
2012-09-05 17:39:23,34440,1,3.65328869048,0.0365550595238
2012-09-05 17:39:24,34441,1,3.80664434524,0.153355654762
2012-09-05 17:39:25,34442,1,3.9400297619,0.133385416667
2012-09-05 17:39:26,34443,1,4.03167410714,0.0916443452381
2012-09-05 17:39:27,34444,1,4.11449404762,0.0828199404762
2012-09-05 17:39:28,34445,1,4.31563244048,0.201138392857
2012-09-05 17:39:29,34446,1,4.85339285714,0.537760416667
2012-09-05 17:39:30,34447,1,5.90092261905,1.0475297619
2012-09-05 17:39:31,34448,1,7.46011904762,1.55919642857
2012-09-05 17:39:32,34449,1,9.36889136905,1.90877232143
2012-09-05 17:39:33,34450,1,11.4422619048,2.07337053571
2012-09-05 17:39:34,34451,1,13.6305282738,2.18826636905
2012-09-05 17:39:35,34452,1,15.9920535714,2.36152529762
2012-09-05 17:39:36,34453,1,18.5037202381,2.51166666667
2012-09-05 17:39:37,34454,1,20.9818452381,2.478125
2012-09-05 17:39:38,34455,1,23.2134672619,2.23162202381
2012-09-05 17:39:39,34456,1,25.1430059524,1.92953869048
2012-09-05 17:39:40,34457,1,26.9327380952,1.78973214286
2012-09-05 17:39:41,34458,1,28.8210565476,1.88831845238
2012-09-05 17:39:42,34459,1,30.8941220238,2.07306547619
2012-09-05 17:39:43,34460,1,32.9860863095,2.09196428571
2012-09-05 17:39:44,34461,1,34.7817708333,1.79568452381
2012-09-05 17:39:45,34462,1,36.015327381,1.23355654762
2012-09-05 17:39:46,34463,1,36.6201636905,0.604836309524
2012-09-05 17:39:47,34464,1,36.7493303571,0.129166666667
2012-09-05 17:39:48,34465,1,36.6804315476,-0.0688988095239
2012-09-05 17:39:49,34466,1,36.6915178571,0.0110863095238
2012-09-05 17:39:50,34467,1,36.986235119,0.294717261905
2012-09-05 17:39:51,34468,1,37.6619047619,0.675669642857
2012-09-05 17:39:52,34469,1,38.6706845238,1.0087797619
2012-09-05 17:39:53,34470,1,39.7922619048,1.12157738095
2012-09-05 17:39:54,34471,1,40.6956845238,0.903422619048
2012-09-05 17:39:55,34472,1,41.1125744048,0.416889880952
2012-09-05 17:39:56,34473,1,41.0272321429,-0.0853422619048
2012-09-05 17:39:57,34474,1,40.7160714286,-0.311160714286
2012-09-05 17:39:58,34475,1,40.5542410714,-0.161830357143
2012-09-05 17:39:59,34476,1,40.7291666667,0.174925595238
2012-09-05 17:40:00,34477,1,41.1081845238,0.379017857143
2012-09-05 17:40:01,34478,1,41.3579613095,0.249776785714
2012-09-05 17:40:02,34479,1,41.1902529762,-0.167708333333
2012-09-05 17:40:03,34480,1,40.5308779762,-0.659375
2012-09-05 17:40:04,34481,1,39.503422619,-1.02745535714
2012-09-05 17:40:05,34482,1,38.2954613095,-1.20796130952
2012-09-05 17:40:06,34483,1,37.0665922619,-1.22886904762
2012-09-05 17:40:07,34484,1,35.9604166667,-1.10617559524
2012-09-05 17:40:08,34485,1,35.1314732143,-0.828943452381
2012-09-05 17:40:09,34486,1,34.681547619,-0.449925595238
2012-09-05 17:40:10,34487,1,34.5462053571,-0.135342261905
2012-09-05 17:40:11,34488,1,34.4951636905,-0.0510416666667
2012-09-05 17:40:12,34489,1,34.2879464286,-0.207217261905
2012-09-05 17:40:13,34490,1,33.8358630952,-0.452083333333
2012-09-05 17:40:14,34491,1,33.240625,-0.595238095238
2012-09-05 17:40:15,34492,1,32.6927827381,-0.547842261905
2012-09-05 17:40:16,34493,1,32.3183035714,-0.374479166667
2012-09-05 17:40:17,34494,1,32.1200892857,-0.198214285714
2012-09-05 17:40:18,34495,1,32.0305803571,-0.0895089285714
2012-09-05 17:40:19,34496,1,31.9674107143,-0.0631696428572
2012-09-05 17:40:20,34497,1,31.8599702381,-0.10744047619
2012-09-05 17:40:21,34498,1,31.6625744048,-0.197395833333
2012-09-05 17:40:22,34499,1,31.3504464286,-0.312127976191
2012-09-05 17:40:23,34500,1,30.9415922619,-0.408854166667
2012-09-05 17:40:24,34501,1,30.5621279762,-0.379464285714
2012-09-05 17:40:25,34502,1,30.4591517857,-0.102976190476
2012-09-05 17:40:26,34503,1,30.8973214286,0.438169642857
2012-09-05 17:40:27,34504,1,32.0183779762,1.12105654762
2012-09-05 17:40:28,34505,1,33.7787946429,1.76041666667
2012-09-05 17:40:29,34506,1,36.0083333333,2.22953869048
2012-09-05 17:40:30,34507,1,38.5307291667,2.52239583333
2012-09-05 17:40:31,34508,1,41.2295386905,2.69880952381
2012-09-05 17:40:32,34509,1,44.00625,2.77671130952
2012-09-05 17:40:33,34510,1,46.7008184524,2.69456845238
2012-09-05 17:40:34,34511,1,49.1136160714,2.41279761905
2012-09-05 17:40:35,34512,1,51.1364583333,2.0228422619
2012-09-05 17:40:36,34513,1,52.799702381,1.66324404762
2012-09-05 17:40:37,34514,1,54.1891369048,1.38943452381
2012-09-05 17:40:38,34515,1,55.365922619,1.17678571429
2012-09-05 17:40:39,34516,1,56.2967261905,0.930803571429
2012-09-05 17:40:40,34517,1,56.84375,0.547023809524
2012-09-05 17:40:41,34518,1,56.9032738095,0.0595238095238
2012-09-05 17:40:42,34519,1,56.5287202381,-0.374553571429
2012-09-05 17:40:43,34520,1,55.9087053571,-0.620014880952
2012-09-05 17:40:44,34521,1,55.2788690476,-0.629836309524
2012-09-05 17:40:45,34522,1,54.807514881,-0.471354166667
2012-09-05 17:40:46,34523,1,54.5170386905,-0.290476190476
2012-09-05 17:40:47,34524,1,54.3308035714,-0.186235119048
2012-09-05 17:40:48,34525,1,54.1754464286,-0.155357142857
2012-09-05 17:40:49,34526,1,54.0337797619,-0.141666666667
2012-09-05 17:40:50,34527,1,53.9455357143,-0.0882440476191
2012-09-05 17:40:51,34528,1,53.9766369048,0.0311011904762
2012-09-05 17:40:52,34529,1,54.1817708333,0.205133928571
2012-09-05 17:40:53,34530,1,54.5828869048,0.401116071429
2012-09-05 17:40:54,34531,1,55.1617559524,0.578869047619
2012-09-05 17:40:55,34532,1,55.8829613095,0.721205357143
2012-09-05 17:40:56,34533,1,56.7316220238,0.848660714286
2012-09-05 17:40:57,34534,1,57.6926339286,0.961011904762
2012-09-05 17:40:58,34535,1,58.6896577381,0.997023809524
2012-09-05 17:40:59,34536,1,59.5754464286,0.885788690476
2012-09-05 17:41:00,34537,1,60.176860119,0.601413690476
2012-09-05 17:41:01,34538,1,60.3542410714,0.177380952381
2012-09-05 17:41:02,34539,1,60.0589285714,-0.2953125
2012-09-05 17:41:03,34540,1,59.3545386905,-0.704389880952
2012-09-05 17:41:04,34541,1,58.3830357143,-0.971502976191
2012-09-05 17:41:05,34542,1,57.3007440476,-1.08229166667
2012-09-05 17:41:06,34543,1,56.2240327381,-1.07671130952
2012-09-05 17:41:07,34544,1,55.2194940476,-1.00453869048
2012-09-05 17:41:08,34545,1,54.3175595238,-0.90193452381
2012-09-05 17:41:09,34546,1,53.5130208333,-0.804538690476
2012-09-05 17:41:10,34547,1,52.7781994048,-0.734821428571
2012-09-05 17:41:11,34548,1,52.1081845238,-0.670014880952
2012-09-05 17:41:12,34549,1,51.5833333333,-0.524851190476
2012-09-05 17:41:13,34550,1,51.3974702381,-0.185863095238
2012-09-05 17:41:14,34551,1,51.7600446429,0.362574404762
2012-09-05 17:41:15,34552,1,52.7192708333,0.959226190476
2012-09-05 17:41:16,34553,1,54.0941964286,1.37492559524
2012-09-05 17:41:17,34554,1,55.578422619,1.48422619048
2012-09-05 17:41:18,34555,1,56.9064732143,1.32805059524
2012-09-05 17:41:19,34556,1,57.9442708333,1.03779761905
2012-09-05 17:41:20,34557,1,58.659077381,0.714806547619
2012-09-05 17:41:21,34558,1,59.0540922619,0.395014880952
2012-09-05 17:41:22,34559,1,59.1532738095,0.099181547619
2012-09-05 17:41:23,34560,1,59.0381696429,-0.115104166667
2012-09-05 17:41:24,34561,1,58.8843005952,-0.153869047619
2012-09-05 17:41:25,34562,1,58.9188244048,0.0345238095238
2012-09-05 17:41:26,34563,1,59.3051339286,0.38630952381
2012-09-05 17:41:27,34564,1,60.0787946429,0.773660714286
2012-09-05 17:41:28,34565,1,61.1883928571,1.10959821429
2012-09-05 17:41:29,34566,1,62.5626488095,1.37425595238
2012-09-05 17:41:30,34567,1,64.1442708333,1.58162202381
2012-09-05 17:41:31,34568,1,65.8759672619,1.73169642857
2012-09-05 17:41:32,34569,1,67.6405505952,1.76458333333
2012-09-05 17:41:33,34570,1,69.2298363095,1.58928571429
2012-09-05 17:41:34,34571,1,70.4122767857,1.18244047619
2012-09-05 17:41:35,34572,1,71.0450892857,0.6328125
2012-09-05 17:41:36,34573,1,71.1363839286,0.0912946428571
2012-09-05 17:41:37,34574,1,70.829985119,-0.306398809524
2012-09-05 17:41:38,34575,1,70.336235119,-0.49375
2012-09-05 17:41:39,34576,1,69.8514880952,-0.48474702381
2012-09-05 17:41:40,34577,1,69.5037946429,-0.347693452381
2012-09-05 17:41:41,34578,1,69.3328125,-0.170982142857
2012-09-05 17:41:42,34579,1,69.303125,-0.0296875
2012-09-05 17:41:43,34580,1,69.3514136905,0.0482886904762
2012-09-05 17:41:44,34581,1,69.4406994048,0.0892857142857
2012-09-05 17:41:45,34582,1,69.5807291667,0.140029761905
2012-09-05 17:41:46,34583,1,69.8029017857,0.222172619048
2012-09-05 17:41:47,34584,1,70.1178571429,0.314955357143
2012-09-05 17:41:48,34585,1,70.4982886905,0.380431547619
2012-09-05 17:41:49,34586,1,70.8966517857,0.398363095238
2012-09-05 17:41:50,34587,1,71.2680803571,0.371428571429
2012-09-05 17:41:51,34588,1,71.58125,0.313169642857
2012-09-05 17:41:52,34589,1,71.8236607143,0.242410714286
2012-09-05 17:41:53,34590,1,72.0,0.176339285714
2012-09-05 17:41:54,34591,1,72.1220238095,0.122023809524
2012-09-05 17:41:55,34592,1,72.2015625,0.0795386904762
2012-09-05 17:41:56,34593,1,72.2511160714,0.0495535714286
2012-09-05 17:41:57,34594,1,72.2860863095,0.0349702380952
2012-09-05 17:41:58,34595,1,72.3226934524,0.0366071428571
2012-09-05 17:41:59,34596,1,72.3664434524,0.04375
2012-09-05 17:42:00,34597,1,72.4036458333,0.0372023809524
2012-09-05 17:42:01,34598,1,72.4139880952,0.0103422619048
2012-09-05 17:42:02,34599,1,72.3868303571,-0.0271577380952
2012-09-05 17:42:03,34600,1,72.3194940476,-0.0673363095239
2012-09-05 17:42:04,34601,1,72.2116071429,-0.107886904762
2012-09-05 17:42:05,34602,1,72.0692708333,-0.142336309524
2012-09-05 17:42:06,34603,1,71.9124255952,-0.156845238095
2012-09-05 17:42:07,34604,1,71.7734375,-0.138988095238
2012-09-05 17:42:08,34605,1,71.6793154762,-0.0941220238095
2012-09-05 17:42:09,34606,1,71.6349702381,-0.0443452380953
2012-09-05 17:42:10,34607,1,71.6296130952,-0.00535714285711
2012-09-05 17:42:11,34608,1,71.6507440476,0.0211309523809
2012-09-05 17:42:12,34609,1,71.6849702381,0.0342261904762
2012-09-05 17:42:13,34610,1,71.713764881,0.0287946428572
2012-09-05 17:42:14,34611,1,71.7162202381,0.00245535714281
2012-09-05 17:42:15,34612,1,71.6816964286,-0.0345238095238
2012-09-05 17:42:16,34613,1,71.6205357143,-0.0611607142857
2012-09-05 17:42:17,34614,1,71.551860119,-0.0686755952381
2012-09-05 17:42:18,34615,1,71.4816220238,-0.0702380952381
2012-09-05 17:42:19,34616,1,71.4066964286,-0.0749255952381
2012-09-05 17:42:20,34617,1,71.3383928571,-0.0683035714285
2012-09-05 17:42:21,34618,1,71.3078125,-0.0305803571429
2012-09-05 17:42:22,34619,1,71.3447916667,0.0369791666667
2012-09-05 17:42:23,34620,1,71.4546130952,0.109821428571
2012-09-05 17:42:24,34621,1,71.6159970238,0.161383928571
2012-09-05 17:42:25,34622,1,71.8042410714,0.188244047619
2012-09-05 17:42:26,34623,1,72.0174107143,0.213169642857
2012-09-05 17:42:27,34624,1,72.2744791667,0.257068452381
2012-09-05 17:42:28,34625,1,72.5840029762,0.309523809524
2012-09-05 17:42:29,34626,1,72.9188988095,0.334895833333
2012-09-05 17:42:30,34627,1,73.2275297619,0.308630952381
2012-09-05 17:42:31,34628,1,73.469047619,0.241517857143
2012-09-05 17:42:32,34629,1,73.6354166667,0.166369047619
2012-09-05 17:42:33,34630,1,73.7427083333,0.107291666667
2012-09-05 17:42:34,34631,1,73.8063244048,0.0636160714286
2012-09-05 17:42:35,34632,1,73.823139881,0.0168154761905
2012-09-05 17:42:36,34633,1,73.7748511905,-0.0482886904762
2012-09-05 17:42:37,34634,1,73.6504464286,-0.124404761905
2012-09-05 17:42:38,34635,1,73.4696428571,-0.180803571429
2012-09-05 17:42:39,34636,1,73.2904017857,-0.179241071429
2012-09-05 17:42:40,34637,1,73.194047619,-0.0963541666667
2012-09-05 17:42:41,34638,1,73.2482142857,0.0541666666667
2012-09-05 17:42:42,34639,1,73.4645833333,0.216369047619
2012-09-05 17:42:43,34640,1,73.7848958333,0.3203125
2012-09-05 17:42:44,34641,1,74.1101934524,0.325297619048
2012-09-05 17:42:45,34642,1,74.3485119048,0.238318452381
2012-09-05 17:42:46,34643,1,74.446875,0.0983630952381
2012-09-05 17:42:47,34644,1,74.4014136905,-0.0454613095238
2012-09-05 17:42:48,34645,1,74.2550595238,-0.146354166667
2012-09-05 17:42:49,34646,1,74.077827381,-0.177232142857
2012-09-05 17:42:50,34647,1,73.9265625,-0.151264880952
2012-09-05 17:42:51,34648,1,73.8115327381,-0.115029761905
2012-09-05 17:42:52,34649,1,73.702827381,-0.108705357143
2012-09-05 17:42:53,34650,1,73.5691220238,-0.133705357143
2012-09-05 17:42:54,34651,1,73.4085565476,-0.16056547619
2012-09-05 17:42:55,34652,1,73.2462053571,-0.162351190476
2012-09-05 17:42:56,34653,1,73.1066220238,-0.139583333333
2012-09-05 17:42:57,34654,1,72.9923363095,-0.114285714286
2012-09-05 17:42:58,34655,1,72.8942708333,-0.0980654761905
2012-09-05 17:42:59,34656,1,72.8182291667,-0.0760416666666
2012-09-05 17:43:00,34657,1,72.787202381,-0.0310267857143
2012-09-05 17:43:01,34658,1,72.813764881,0.0265625
2012-09-05 17:43:02,34659,1,72.8696428571,0.0558779761905
2012-09-05 17:43:03,34660,1,72.8799107143,0.0102678571428
2012-09-05 17:43:04,34661,1,72.7601190476,-0.119791666667
2012-09-05 17:43:05,34662,1,72.4767113095,-0.283407738095
2012-09-05 17:43:06,34663,1,72.0753720238,-0.401339285714
2012-09-05 17:43:07,34664,1,71.6492559524,-0.426116071429
2012-09-05 17:43:08,34665,1,71.2691220238,-0.380133928571
2012-09-05 17:43:09,34666,1,70.9366815476,-0.33244047619
2012-09-05 17:43:10,34667,1,70.6209077381,-0.315773809524
2012-09-05 17:43:11,34668,1,70.3360863095,-0.284821428571
2012-09-05 17:43:12,34669,1,70.1526785714,-0.183407738095
2012-09-05 17:43:13,34670,1,70.1314732143,-0.0212053571429
2012-09-05 17:43:14,34671,1,70.2677827381,0.13630952381
2012-09-05 17:43:15,34672,1,70.4976934524,0.229910714286
2012-09-05 17:43:16,34673,1,70.7535714286,0.25587797619
2012-09-05 17:43:17,34674,1,71.0162946429,0.262723214286
2012-09-05 17:43:18,34675,1,71.3116815476,0.295386904762
2012-09-05 17:43:19,34676,1,71.6654017857,0.353720238095
2012-09-05 17:43:20,34677,1,72.0776785714,0.412276785714
2012-09-05 17:43:21,34678,1,72.5320684524,0.454389880952
2012-09-05 17:43:22,34679,1,73.0002232143,0.468154761905
2012-09-05 17:43:23,34680,1,73.429389881,0.429166666667
2012-09-05 17:43:24,34681,1,73.7432291667,0.313839285714
2012-09-05 17:43:25,34682,1,73.8764136905,0.13318452381
2012-09-05 17:43:26,34683,1,73.8223214286,-0.0540922619048
2012-09-05 17:43:27,34684,1,73.650297619,-0.172023809524
2012-09-05 17:43:28,34685,1,73.4664434524,-0.183854166667
2012-09-05 17:43:29,34686,1,73.3488839286,-0.11755952381
2012-09-05 17:43:30,34687,1,73.3188988095,-0.0299851190476
2012-09-05 17:43:31,34688,1,73.3611607143,0.0422619047619
2012-09-05 17:43:32,34689,1,73.4524553571,0.0912946428572
2012-09-05 17:43:33,34690,1,73.5669642857,0.114508928571
2012-09-05 17:43:34,34691,1,73.6681547619,0.10119047619
2012-09-05 17:43:35,34692,1,73.7171130952,0.0489583333334
2012-09-05 17:43:36,34693,1,73.6927083333,-0.0244047619048
2012-09-05 17:43:37,34694,1,73.5873511905,-0.105357142857
2012-09-05 17:43:38,34695,1,73.3853422619,-0.202008928571
2012-09-05 17:43:39,34696,1,73.0704613095,-0.314880952381
2012-09-05 17:43:40,34697,1,72.6636904762,-0.406770833333
2012-09-05 17:43:41,34698,1,72.2427827381,-0.420907738095
2012-09-05 17:43:42,34699,1,71.9171130952,-0.325669642857
2012-09-05 17:43:43,34700,1,71.7796130952,-0.1375
2012-09-05 17:43:44,34701,1,71.8752232143,0.0956101190476
2012-09-05 17:43:45,34702,1,72.1995535714,0.324330357143
2012-09-05 17:43:46,34703,1,72.7077380952,0.50818452381
2012-09-05 17:43:47,34704,1,73.3199404762,0.612202380952
2012-09-05 17:43:48,34705,1,73.9369047619,0.616964285714
2012-09-05 17:43:49,34706,1,74.4727678571,0.535863095238
2012-09-05 17:43:50,34707,1,74.8833333333,0.41056547619
2012-09-05 17:43:51,34708,1,75.1645833333,0.28125
2012-09-05 17:43:52,34709,1,75.3261904762,0.161607142857
2012-09-05 17:43:53,34710,1,75.3705357143,0.0443452380952
2012-09-05 17:43:54,34711,1,75.2963541667,-0.074181547619
2012-09-05 17:43:55,34712,1,75.1136904762,-0.182663690476
2012-09-05 17:43:56,34713,1,74.8444196429,-0.269270833333
2012-09-05 17:43:57,34714,1,74.5025297619,-0.341889880952
2012-09-05 17:43:58,34715,1,74.0816964286,-0.420833333333
2012-09-05 17:43:59,34716,1,73.5779017857,-0.503794642857
2012-09-05 17:44:00,34717,1,73.0248511905,-0.553050595238
2012-09-05 17:44:01,34718,1,72.4960565476,-0.528794642857
2012-09-05 17:44:02,34719,1,72.069047619,-0.427008928571
2012-09-05 17:44:03,34720,1,71.7849702381,-0.284077380952
2012-09-05 17:44:04,34721,1,71.6363839286,-0.148586309524
2012-09-05 17:44:05,34722,1,71.5889136905,-0.0474702380952
2012-09-05 17:44:06,34723,1,71.6038690476,0.0149553571428
2012-09-05 17:44:07,34724,1,71.6386904762,0.0348214285715
2012-09-05 17:44:08,34725,1,71.650297619,0.0116071428571
2012-09-05 17:44:09,34726,1,71.6183779762,-0.0319196428571
2012-09-05 17:44:10,34727,1,71.5623511905,-0.0560267857143
2012-09-05 17:44:11,34728,1,71.5282738095,-0.0340773809524
2012-09-05 17:44:12,34729,1,71.551264881,0.0229910714286
2012-09-05 17:44:13,34730,1,71.6212797619,0.0700148809523
2012-09-05 17:44:14,34731,1,71.6907738095,0.0694940476191
2012-09-05 17:44:15,34732,1,71.7279761905,0.0372023809524
2012-09-05 17:44:16,34733,1,71.7549107143,0.0269345238095
2012-09-05 17:44:17,34734,1,71.8206845238,0.0657738095238
2012-09-05 17:44:18,34735,1,71.9478422619,0.127157738095
2012-09-05 17:44:19,34736,1,72.1083333333,0.160491071429
2012-09-05 17:44:20,34737,1,72.2355654762,0.127232142857
2012-09-05 17:44:21,34738,1,72.2710565476,0.0354910714286
2012-09-05 17:44:22,34739,1,72.2239583333,-0.0470982142857
2012-09-05 17:44:23,34740,1,72.1703869048,-0.0535714285714
2012-09-05 17:44:24,34741,1,72.1720982143,0.0017113095238
2012-09-05 17:44:25,34742,1,72.2008928571,0.0287946428572
2012-09-05 17:44:26,34743,1,72.1461309524,-0.054761904762
2012-09-05 17:44:27,34744,1,71.890327381,-0.255803571429
2012-09-05 17:44:28,34745,1,71.3793154762,-0.511011904762
2012-09-05 17:44:29,34746,1,70.6227678571,-0.756547619048
2012-09-05 17:44:30,34747,1,69.6404017857,-0.982366071429
2012-09-05 17:44:31,34748,1,68.438764881,-1.20163690476
2012-09-05 17:44:32,34749,1,67.0431547619,-1.39561011905
2012-09-05 17:44:33,34750,1,65.5122767857,-1.53087797619
2012-09-05 17:44:34,34751,1,63.8976934524,-1.61458333333
2012-09-05 17:44:35,34752,1,62.1956845238,-1.70200892857
2012-09-05 17:44:36,34753,1,60.3427827381,-1.85290178571
2012-09-05 17:44:37,34754,1,58.2595982143,-2.08318452381
2012-09-05 17:44:38,34755,1,55.9104166667,-2.34918154762
2012-09-05 17:44:39,34756,1,53.3441964286,-2.5662202381
2012-09-05 17:44:40,34757,1,50.7001488095,-2.64404761905
2012-09-05 17:44:41,34758,1,48.1650297619,-2.53511904762
2012-09-05 17:44:42,34759,1,45.892485119,-2.27254464286
2012-09-05 17:44:43,34760,1,43.941889881,-1.9505952381
2012-09-05 17:44:44,34761,1,42.2927083333,-1.64918154762
2012-09-05 17:44:45,34762,1,40.9213541667,-1.37135416667
2012-09-05 17:44:46,34763,1,39.854985119,-1.06636904762
2012-09-05 17:44:47,34764,1,39.1283482143,-0.726636904762
2012-09-05 17:44:48,34765,1,38.6891369048,-0.439211309524
2012-09-05 17:44:49,34766,1,38.3851934524,-0.303943452381
2012-09-05 17:44:50,34767,1,38.0724702381,-0.312723214286
2012-09-05 17:44:51,34768,1,37.7214285714,-0.351041666667
2012-09-05 17:44:52,34769,1,37.4048363095,-0.316592261905
2012-09-05 17:44:53,34770,1,37.1988839286,-0.205952380952
2012-09-05 17:44:54,34771,1,37.1165922619,-0.0822916666666
2012-09-05 17:44:55,34772,1,37.1388392857,0.0222470238095
2012-09-05 17:44:56,34773,1,37.2911458333,0.152306547619
2012-09-05 17:44:57,34774,1,37.6561755952,0.365029761905
2012-09-05 17:44:58,34775,1,38.2921875,0.636011904762
2012-09-05 17:44:59,34776,1,39.1540178571,0.861830357143
2012-09-05 17:45:00,34777,1,40.1009672619,0.946949404762
2012-09-05 17:45:01,34778,1,40.9638392857,0.86287202381
2012-09-05 17:45:02,34779,1,41.6188244048,0.654985119048
2012-09-05 17:45:03,34780,1,42.0510416667,0.432217261905
2012-09-05 17:45:04,34781,1,42.3748511905,0.32380952381
2012-09-05 17:45:05,34782,1,42.7764136905,0.4015625
2012-09-05 17:45:06,34783,1,43.4050595238,0.628645833333
2012-09-05 17:45:07,34784,1,44.2884672619,0.883407738095
2012-09-05 17:45:08,34785,1,45.3336309524,1.04516369048
2012-09-05 17:45:09,34786,1,46.4095982143,1.0759672619
2012-09-05 17:45:10,34787,1,47.4331845238,1.02358630952
2012-09-05 17:45:11,34788,1,48.3701636905,0.936979166667
2012-09-05 17:45:12,34789,1,49.154985119,0.784821428571
2012-09-05 17:45:13,34790,1,49.6374255952,0.48244047619
2012-09-05 17:45:14,34791,1,49.6395089286,0.0020833333333
2012-09-05 17:45:15,34792,1,49.0779761905,-0.561532738095
2012-09-05 17:45:16,34793,1,48.0511904762,-1.02678571429
2012-09-05 17:45:17,34794,1,46.8149553571,-1.23623511905
2012-09-05 17:45:18,34795,1,45.6328869048,-1.18206845238
2012-09-05 17:45:19,34796,1,44.6126488095,-1.02023809524
2012-09-05 17:45:20,34797,1,43.6790178571,-0.933630952381
2012-09-05 17:45:21,34798,1,42.6895089286,-0.989508928572
2012-09-05 17:45:22,34799,1,41.5898065476,-1.09970238095
2012-09-05 17:45:23,34800,1,40.4992559524,-1.09055059524
2012-09-05 17:45:24,34801,1,39.6236607143,-0.875595238095
2012-09-05 17:45:25,34802,1,39.0484375,-0.575223214286
2012-09-05 17:45:26,34803,1,38.6430803571,-0.405357142857
2012-09-05 17:45:27,34804,1,38.1680803571,-0.475
2012-09-05 17:45:28,34805,1,37.4464285714,-0.721651785714
2012-09-05 17:45:29,34806,1,36.4553571429,-0.991071428571
2012-09-05 17:45:30,34807,1,35.2758928571,-1.17946428571
2012-09-05 17:45:31,34808,1,33.9666666667,-1.30922619048
2012-09-05 17:45:32,34809,1,32.5292410714,-1.43742559524
2012-09-05 17:45:33,34810,1,30.9863095238,-1.54293154762
2012-09-05 17:45:34,34811,1,29.4330357143,-1.55327380952
2012-09-05 17:45:35,34812,1,28.0001488095,-1.43288690476
2012-09-05 17:45:36,34813,1,26.7595982143,-1.24055059524
2012-09-05 17:45:37,34814,1,25.6276041667,-1.13199404762
2012-09-05 17:45:38,34815,1,24.376860119,-1.25074404762
2012-09-05 17:45:39,34816,1,22.8000744048,-1.57678571429
2012-09-05 17:45:40,34817,1,20.8734375,-1.92663690476
2012-09-05 17:45:41,34818,1,18.7598214286,-2.11361607143
2012-09-05 17:45:42,34819,1,16.6661458333,-2.09367559524
2012-09-05 17:45:43,34820,1,14.6936011905,-1.97254464286
2012-09-05 17:45:44,34821,1,12.8185267857,-1.87507440476
2012-09-05 17:45:45,34822,1,11.0038690476,-1.8146577381
2012-09-05 17:45:46,34823,1,9.31458333333,-1.68928571429
2012-09-05 17:45:47,34824,1,7.95974702381,-1.35483630952
2012-09-05 17:45:48,34825,1,7.2359375,-0.72380952381
2012-09-05 17:45:49,34826,1,7.35193452381,0.11599702381
2012-09-05 17:45:50,34827,1,8.25491071429,0.902976190476
2012-09-05 17:45:51,34828,1,9.65297619048,1.39806547619
2012-09-05 17:45:52,34829,1,11.2308779762,1.57790178571
2012-09-05 17:45:53,34830,1,12.865922619,1.63504464286
2012-09-05 17:45:54,34831,1,14.6461309524,1.78020833333
2012-09-05 17:45:55,34832,1,16.6404761905,1.9943452381
2012-09-05 17:45:56,34833,1,18.6785714286,2.0380952381
2012-09-05 17:45:57,34834,1,20.4540178571,1.77544642857
2012-09-05 17:45:58,34835,1,21.8226934524,1.36867559524
2012-09-05 17:45:59,34836,1,22.912797619,1.09010416667
2012-09-05 17:46:00,34837,1,23.9572172619,1.04441964286
2012-09-05 17:46:01,34838,1,25.0629464286,1.10572916667
2012-09-05 17:46:02,34839,1,26.148735119,1.08578869048
2012-09-05 17:46:03,34840,1,27.0868303571,0.938095238095
2012-09-05 17:46:04,34841,1,27.8485863095,0.761755952381
2012-09-05 17:46:05,34842,1,28.4921875,0.643601190476
2012-09-05 17:46:06,34843,1,29.0716517857,0.579464285714
2012-09-05 17:46:07,34844,1,29.5868303571,0.515178571429
2012-09-05 17:46:08,34845,1,29.9774553571,0.390625
2012-09-05 17:46:09,34846,1,30.1473214286,0.169866071428
2012-09-05 17:46:10,34847,1,30.0177827381,-0.129538690476
2012-09-05 17:46:11,34848,1,29.5939732143,-0.423809523809
2012-09-05 17:46:12,34849,1,29.0279017857,-0.566071428571
2012-09-05 17:46:13,34850,1,28.6066220238,-0.421279761905
2012-09-05 17:46:14,34851,1,28.5907738095,-0.0158482142857
2012-09-05 17:46:15,34852,1,29.0217261905,0.430952380952
2012-09-05 17:46:16,34853,1,29.7166666667,0.69494047619
2012-09-05 17:46:17,34854,1,30.453422619,0.736755952381
2012-09-05 17:46:18,34855,1,31.1225446429,0.669122023809
2012-09-05 17:46:19,34856,1,31.7151785714,0.592633928571
2012-09-05 17:46:20,34857,1,32.2376488095,0.522470238095
2012-09-05 17:46:21,34858,1,32.6813244048,0.443675595238
2012-09-05 17:46:22,34859,1,33.0674107143,0.386086309524
2012-09-05 17:46:23,34860,1,33.4870535714,0.419642857143
2012-09-05 17:46:24,34861,1,34.0470238095,0.559970238095
2012-09-05 17:46:25,34862,1,34.7697172619,0.722693452381
2012-09-05 17:46:26,34863,1,35.584672619,0.814955357143
2012-09-05 17:46:27,34864,1,36.4098214286,0.825148809524
2012-09-05 17:46:28,34865,1,37.208110119,0.798288690476
2012-09-05 17:46:29,34866,1,37.9639136905,0.755803571429
2012-09-05 17:46:30,34867,1,38.6146577381,0.650744047619
2012-09-05 17:46:31,34868,1,39.0377232143,0.423065476191
2012-09-05 17:46:32,34869,1,39.1409970238,0.103273809524
2012-09-05 17:46:33,34870,1,38.9639136905,-0.177083333333
2012-09-05 17:46:34,34871,1,38.6892113095,-0.274702380952
2012-09-05 17:46:35,34872,1,38.5535714286,-0.135639880952
2012-09-05 17:46:36,34873,1,38.6985119048,0.14494047619
2012-09-05 17:46:37,34874,1,39.0790178571,0.380505952381
2012-09-05 17:46:38,34875,1,39.5297619048,0.450744047619
2012-09-05 17:46:39,34876,1,39.9014136905,0.371651785714
2012-09-05 17:46:40,34877,1,40.1279017857,0.226488095238
2012-09-05 17:46:41,34878,1,40.2181547619,0.0902529761905
2012-09-05 17:46:42,34879,1,40.2026041667,-0.0155505952381
2012-09-05 17:46:43,34880,1,40.0750744048,-0.127529761905
2012-09-05 17:46:44,34881,1,39.80625,-0.268824404762
2012-09-05 17:46:45,34882,1,39.3973958333,-0.408854166667
2012-09-05 17:46:46,34883,1,38.8881696429,-0.509226190476
2012-09-05 17:46:47,34884,1,38.3344494048,-0.553720238095
2012-09-05 17:46:48,34885,1,37.7837053571,-0.550744047619
2012-09-05 17:46:49,34886,1,37.249702381,-0.53400297619
2012-09-05 17:46:50,34887,1,36.715922619,-0.533779761905
2012-09-05 17:46:51,34888,1,36.1601190476,-0.555803571429
2012-09-05 17:46:52,34889,1,35.5591517857,-0.600967261905
2012-09-05 17:46:53,34890,1,34.8775297619,-0.681622023809
2012-09-05 17:46:54,34891,1,34.076264881,-0.801264880952
2012-09-05 17:46:55,34892,1,33.1460565476,-0.930208333333
2012-09-05 17:46:56,34893,1,32.1180059524,-1.02805059524
2012-09-05 17:46:57,34894,1,31.0330357143,-1.0849702381
2012-09-05 17:46:58,34895,1,29.9078869048,-1.12514880952
2012-09-05 17:46:59,34896,1,28.7183779762,-1.18950892857
2012-09-05 17:47:00,34897,1,27.3993303571,-1.31904761905
2012-09-05 17:47:01,34898,1,25.8608630952,-1.5384672619
2012-09-05 17:47:02,34899,1,24.0031994048,-1.85766369048
2012-09-05 17:47:03,34900,1,21.7360863095,-2.26711309524
2012-09-05 17:47:04,34901,1,19.0382440476,-2.6978422619
2012-09-05 17:47:05,34902,1,16.0319940476,-3.00625
2012-09-05 17:47:06,34903,1,12.9908482143,-3.04114583333
2012-09-05 17:47:07,34904,1,10.2482886905,-2.74255952381
2012-09-05 17:47:08,34905,1,8.05258290816,-2.19570578231
2012-09-05 17:47:09,34906,1,6.44569515306,-1.6068877551
2012-09-05 17:47:10,34907,1,5.26671981293,-1.17897534014
2012-09-05 17:47:11,34908,1,4.30886479592,-0.957855017007
2012-09-05 17:47:12,34909,1,3.48307823129,-0.825786564626
2012-09-05 17:47:13,34910,1,2.83611819728,-0.646960034014
2012-09-05 17:47:14,34911,1,2.45160501701,-0.384513180272
2012-09-05 17:47:15,34912,1,2.33596938776,-0.115635629252
2012-09-05 17:47:16,34913,1,2.38114370748,0.0451743197279
2012-09-05 17:47:17,34914,1,2.48463010204,0.103486394558
2012-09-05 17:47:18,34915,1,2.72571215986,0.241082057823
2012-09-05 17:47:19,34916,1,3.33202593537,0.60631377551
2012-09-05 17:47:20,34917,1,4.42764668367,1.0956207483
2012-09-05 17:47:21,34918,1,5.87317176871,1.44552508503
2012-09-05 17:47:22,34919,1,7.34373937075,1.47056760204
2012-09-05 17:47:23,34920,1,8.52554209184,1.18180272109
2012-09-05 17:47:24,34921,1,9.29745960884,0.771917517007
2012-09-05 17:47:25,34922,1,9.75299744898,0.455537840136
2012-09-05 17:47:26,34923,1,10.0364583333,0.283460884354
2012-09-05 17:47:27,34924,1,10.2181547619,0.181696428572
2012-09-05 17:47:28,34925,1,10.3232886905,0.105133928571
2012-09-05 17:47:29,34926,1,10.378422619,0.0551339285714
2012-09-05 17:47:30,34927,1,10.415625,0.0372023809524
2012-09-05 17:47:31,34928,1,10.4835565476,0.067931547619
2012-09-05 17:47:32,34929,1,10.6505952381,0.167038690476
2012-09-05 17:47:33,34930,1,10.9726934524,0.322098214286
2012-09-05 17:47:34,34931,1,11.4542410714,0.481547619048
2012-09-05 17:47:35,34932,1,12.0438244048,0.589583333333
2012-09-05 17:47:36,34933,1,12.678125,0.634300595238
2012-09-05 17:47:37,34934,1,13.334672619,0.656547619048
2012-09-05 17:47:38,34935,1,14.0363839286,0.701711309524
2012-09-05 17:47:39,34936,1,14.8067708333,0.770386904762
2012-09-05 17:47:40,34937,1,15.6371279762,0.830357142857
2012-09-05 17:47:41,34938,1,16.5078869048,0.870758928571
2012-09-05 17:47:42,34939,1,17.4178571429,0.909970238095
2012-09-05 17:47:43,34940,1,18.3576636905,0.939806547619
2012-09-05 17:47:44,34941,1,19.2622767857,0.904613095238
2012-09-05 17:47:45,34942,1,20.0330357143,0.770758928571
2012-09-05 17:47:46,34943,1,20.630952381,0.597916666667
2012-09-05 17:47:47,34944,1,21.1218005952,0.490848214286
2012-09-05 17:47:48,34945,1,21.5943452381,0.472544642857
2012-09-05 17:47:49,34946,1,22.0505952381,0.45625
2012-09-05 17:47:50,34947,1,22.4070684524,0.356473214286
2012-09-05 17:47:51,34948,1,22.595610119,0.188541666667
2012-09-05 17:47:52,34949,1,22.6430059524,0.0473958333334
2012-09-05 17:47:53,34950,1,22.648735119,0.0057291666666
2012-09-05 17:47:54,34951,1,22.6991815476,0.0504464285714
2012-09-05 17:47:55,34952,1,22.8213541667,0.122172619048
2012-09-05 17:47:56,34953,1,23.0050595238,0.183705357143
2012-09-05 17:47:57,34954,1,23.233110119,0.228050595238
2012-09-05 17:47:58,34955,1,23.4894345238,0.256324404762
2012-09-05 17:47:59,34956,1,23.7678571429,0.278422619048
2012-09-05 17:48:00,34957,1,24.0880952381,0.320238095238
2012-09-05 17:48:01,34958,1,24.5052083333,0.417113095238
2012-09-05 17:48:02,34959,1,25.0989583333,0.59375
2012-09-05 17:48:03,34960,1,25.9358630952,0.836904761905
2012-09-05 17:48:04,34961,1,27.0241815476,1.08831845238
2012-09-05 17:48:05,34962,1,28.290327381,1.26614583333
2012-09-05 17:48:06,34963,1,29.5848958333,1.29456845238
2012-09-05 17:48:07,34964,1,30.7269345238,1.14203869048
2012-09-05 17:48:08,34965,1,31.5782738095,0.851339285714
2012-09-05 17:48:09,34966,1,32.0921130952,0.513839285714
2012-09-05 17:48:10,34967,1,32.296577381,0.204464285714
2012-09-05 17:48:11,34968,1,32.2483630952,-0.0482142857143
2012-09-05 17:48:12,34969,1,32.0071428571,-0.241220238095
2012-09-05 17:48:13,34970,1,31.6272321429,-0.379910714286
2012-09-05 17:48:14,34971,1,31.1426339286,-0.484598214286
2012-09-05 17:48:15,34972,1,30.5613839286,-0.58125
2012-09-05 17:48:16,34973,1,29.8921130952,-0.669270833333
2012-09-05 17:48:17,34974,1,29.1806547619,-0.711458333333
2012-09-05 17:48:18,34975,1,28.5204613095,-0.660193452381
2012-09-05 17:48:19,34976,1,28.0208333333,-0.49962797619
2012-09-05 17:48:20,34977,1,27.7443452381,-0.276488095238
2012-09-05 17:48:21,34978,1,27.6719494048,-0.0723958333333
2012-09-05 17:48:22,34979,1,27.7408482143,0.0688988095238
2012-09-05 17:48:23,34980,1,27.9046130952,0.163764880952
2012-09-05 17:48:24,34981,1,28.1566220238,0.252008928571
2012-09-05 17:48:25,34982,1,28.532514881,0.375892857143
2012-09-05 17:48:26,34983,1,29.0970238095,0.564508928571
2012-09-05 17:48:27,34984,1,29.9042410714,0.807217261905
2012-09-05 17:48:28,34985,1,30.967485119,1.06324404762
2012-09-05 17:48:29,34986,1,32.248139881,1.2806547619
2012-09-05 17:48:30,34987,1,33.6383184524,1.39017857143
2012-09-05 17:48:31,34988,1,34.9555059524,1.3171875
2012-09-05 17:48:32,34989,1,35.955952381,1.00044642857
2012-09-05 17:48:33,34990,1,36.3661458333,0.410193452381
2012-09-05 17:48:34,34991,1,35.9688988095,-0.397247023809
2012-09-05 17:48:35,34992,1,34.6953125,-1.27358630952
2012-09-05 17:48:36,34993,1,32.6230654762,-2.07224702381
2012-09-05 17:48:37,34994,1,29.9131696429,-2.70989583333
2012-09-05 17:48:38,34995,1,26.7634672619,-3.14970238095
2012-09-05 17:48:39,34996,1,23.3779017857,-3.38556547619
2012-09-05 17:48:40,34997,1,19.9294575216,-3.44844426407
2012-09-05 17:48:41,34998,1,16.5157670455,-3.41369047619
2012-09-05 17:48:42,34999,1,13.1675324675,-3.34823457792
2012-09-05 17:48:43,35000,1,9.96774891775,-3.19978354978
2012-09-05 17:48:44,35001,1,7.15335497835,-2.81439393939
2012-09-05 17:48:45,35002,1,5.02757711039,-2.12577786797
2012-09-05 17:48:46,35003,1,3.75060876623,-1.27696834416
2012-09-05 17:48:47,35004,1,3.20980113636,-0.54080762987
2012-09-05 17:48:48,35005,1,3.08883252165,-0.120968614719
2012-09-05 17:48:49,35006,1,3.08625541126,-0.00257711038961
2012-09-05 17:48:50,35007,1,3.06788419913,-0.0183712121212
2012-09-05 17:48:51,35008,1,3.02437770563,-0.0435064935065
2012-09-05 17:48:52,35009,1,2.96433982684,-0.0600378787879
2012-09-05 17:48:53,35010,1,2.90164366883,-0.0626961580087
2012-09-05 17:48:54,35011,1,2.91185064935,0.0102069805195
2012-09-05 17:48:55,35012,1,3.13041801948,0.21856737013
2012-09-05 17:48:56,35013,1,3.66386634199,0.533448322511
2012-09-05 17:48:57,35014,1,4.51963609307,0.855769751082
2012-09-05 17:48:58,35015,1,5.62190882035,1.10227272727
2012-09-05 17:48:59,35016,1,6.88231872294,1.2604099026
2012-09-05 17:49:00,35017,1,8.25134604978,1.36902732684
2012-09-05 17:49:01,35018,1,9.68147997835,1.43013392857
2012-09-05 17:49:02,35019,1,11.0710565476,1.38957656926
2012-09-05 17:49:03,35020,1,12.3194196429,1.24836309524
2012-09-05 17:49:04,35021,1,13.4227678571,1.10334821429
2012-09-05 17:49:05,35022,1,14.4561011905,1.03333333333
2012-09-05 17:49:06,35023,1,15.4688988095,1.01279761905
2012-09-05 17:49:07,35024,1,16.4241815476,0.955282738095
2012-09-05 17:49:08,35025,1,17.2441220238,0.81994047619
2012-09-05 17:49:09,35026,1,17.9130208333,0.668898809524
2012-09-05 17:49:10,35027,1,18.5078869048,0.594866071429
2012-09-05 17:49:11,35028,1,19.1132440476,0.605357142857
2012-09-05 17:49:12,35029,1,19.7412202381,0.627976190476
2012-09-05 17:49:13,35030,1,20.340922619,0.599702380952
2012-09-05 17:49:14,35031,1,20.8419642857,0.501041666667
2012-09-05 17:49:15,35032,1,21.1892113095,0.347247023809
2012-09-05 17:49:16,35033,1,21.375,0.185788690476
2012-09-05 17:49:17,35034,1,21.4482142857,0.0732142857143
2012-09-05 17:49:18,35035,1,21.4879464286,0.0397321428571
2012-09-05 17:49:19,35036,1,21.5613839286,0.0734375
2012-09-05 17:49:20,35037,1,21.6870535714,0.125669642857
2012-09-05 17:49:21,35038,1,21.8313988095,0.144345238095
2012-09-05 17:49:22,35039,1,21.9469494048,0.115550595238
2012-09-05 17:49:23,35040,1,22.0154761905,0.0685267857143
2012-09-05 17:49:24,35041,1,22.0598214286,0.0443452380952
2012-09-05 17:49:25,35042,1,22.1238839286,0.0640625
2012-09-05 17:49:26,35043,1,22.246577381,0.122693452381
2012-09-05 17:49:27,35044,1,22.4479166667,0.201339285714
2012-09-05 17:49:28,35045,1,22.7238839286,0.275967261905
2012-09-05 17:49:29,35046,1,23.0500744048,0.326190476191
2012-09-05 17:49:30,35047,1,23.3944196429,0.344345238095
2012-09-05 17:49:31,35048,1,23.7294642857,0.335044642857
2012-09-05 17:49:32,35049,1,24.0441220238,0.314657738095
2012-09-05 17:49:33,35050,1,24.3537202381,0.309598214286
2012-09-05 17:49:34,35051,1,24.6895089286,0.335788690476
2012-09-05 17:49:35,35052,1,25.0642857143,0.374776785714
2012-09-05 17:49:36,35053,1,25.4540178571,0.389732142857
2012-09-05 17:49:37,35054,1,25.8322916667,0.378273809524
2012-09-05 17:49:38,35055,1,26.2267857143,0.394494047619
2012-09-05 17:49:39,35056,1,26.7282738095,0.501488095238
2012-09-05 17:49:40,35057,1,27.4241071429,0.695833333333
2012-09-05 17:49:41,35058,1,28.3029761905,0.878869047619
2012-09-05 17:49:42,35059,1,29.225,0.922023809524
2012-09-05 17:49:43,35060,1,29.9956845238,0.770684523809
2012-09-05 17:49:44,35061,1,30.4740327381,0.478348214286
2012-09-05 17:49:45,35062,1,30.6438988095,0.169866071429
2012-09-05 17:49:46,35063,1,30.6281994048,-0.0156994047619
2012-09-05 17:49:47,35064,1,30.6224702381,-0.0057291666667
2012-09-05 17:49:48,35065,1,30.7666666667,0.144196428572
2012-09-05 17:49:49,35066,1,31.0501488095,0.283482142857
2012-09-05 17:49:50,35067,1,31.3233630952,0.273214285714
2012-09-05 17:49:51,35068,1,31.4064732143,0.0831101190476
2012-09-05 17:49:52,35069,1,31.2115327381,-0.19494047619
2012-09-05 17:49:53,35070,1,30.7691964286,-0.442336309524
2012-09-05 17:49:54,35071,1,30.1455357143,-0.623660714286
2012-09-05 17:49:55,35072,1,29.3640625,-0.781473214286
2012-09-05 17:49:56,35073,1,28.4159970238,-0.948065476191
2012-09-05 17:49:57,35074,1,27.3116815476,-1.10431547619
2012-09-05 17:49:58,35075,1,26.1107886905,-1.20089285714
2012-09-05 17:49:59,35076,1,24.9123511905,-1.1984375
2012-09-05 17:50:00,35077,1,23.7828125,-1.12953869048
2012-09-05 17:50:01,35078,1,22.6738095238,-1.10900297619
2012-09-05 17:50:02,35079,1,21.4561755952,-1.21763392857
2012-09-05 17:50:03,35080,1,20.0594494048,-1.39672619048
2012-09-05 17:50:04,35081,1,18.5654761905,-1.49397321429
2012-09-05 17:50:05,35082,1,17.1807291667,-1.38474702381
2012-09-05 17:50:06,35083,1,16.126264881,-1.05446428571
2012-09-05 17:50:07,35084,1,15.5390625,-0.587202380952
2012-09-05 17:50:08,35085,1,15.4728422619,-0.0662202380952
2012-09-05 17:50:09,35086,1,15.9552827381,0.48244047619
2012-09-05 17:50:10,35087,1,16.9828125,1.0275297619
2012-09-05 17:50:11,35088,1,18.4645089286,1.48169642857
2012-09-05 17:50:12,35089,1,20.2236607143,1.75915178571
2012-09-05 17:50:13,35090,1,22.0746279762,1.8509672619
2012-09-05 17:50:14,35091,1,23.9002232143,1.8255952381
2012-09-05 17:50:15,35092,1,25.6801339286,1.77991071429
2012-09-05 17:50:16,35093,1,27.4567708333,1.77663690476
2012-09-05 17:50:17,35094,1,29.2445684524,1.78779761905
2012-09-05 17:50:18,35095,1,30.9539434524,1.709375
2012-09-05 17:50:19,35096,1,32.4107142857,1.45677083333
2012-09-05 17:50:20,35097,1,33.4587053571,1.04799107143
2012-09-05 17:50:21,35098,1,34.0601190476,0.601413690476
2012-09-05 17:50:22,35099,1,34.2966517857,0.236532738095
2012-09-05 17:50:23,35100,1,34.2628720238,-0.0337797619048
2012-09-05 17:50:24,35101,1,33.9823660714,-0.280505952381
2012-09-05 17:50:25,35102,1,33.4352678571,-0.547098214286
2012-09-05 17:50:26,35103,1,32.6305059524,-0.804761904762
2012-09-05 17:50:27,35104,1,31.6366071429,-0.993898809524
2012-09-05 17:50:28,35105,1,30.5496279762,-1.08697916667
2012-09-05 17:50:29,35106,1,29.4410714286,-1.10855654762
2012-09-05 17:50:30,35107,1,28.36875,-1.07232142857
2012-09-05 17:50:31,35108,1,27.4423363095,-0.926413690476
2012-09-05 17:50:32,35109,1,26.8186011905,-0.623735119048
2012-09-05 17:50:33,35110,1,26.5789434524,-0.239657738095
2012-09-05 17:50:34,35111,1,26.6072916667,0.0283482142858
2012-09-05 17:50:35,35112,1,26.6048363095,-0.0024553571429
2012-09-05 17:50:36,35113,1,26.2547619048,-0.350074404762
2012-09-05 17:50:37,35114,1,25.4230654762,-0.831696428571
2012-09-05 17:50:38,35115,1,24.2520089286,-1.17105654762
2012-09-05 17:50:39,35116,1,23.0892113095,-1.16279761905
2012-09-05 17:50:40,35117,1,22.2979910714,-0.791220238095
2012-09-05 17:50:41,35118,1,22.0503720238,-0.247619047619
2012-09-05 17:50:42,35119,1,22.2429315476,0.192559523809
2012-09-05 17:50:43,35120,1,22.6163690476,0.3734375
2012-09-05 17:50:44,35121,1,22.9575892857,0.341220238095
2012-09-05 17:50:45,35122,1,23.1633184524,0.205729166667
2012-09-05 17:50:46,35123,1,23.1250744048,-0.038244047619
2012-09-05 17:50:47,35124,1,22.6306547619,-0.494419642857
2012-09-05 17:50:48,35125,1,21.4651785714,-1.16547619048
2012-09-05 17:50:49,35126,1,19.6415922619,-1.82358630952
2012-09-05 17:50:50,35127,1,17.4866071429,-2.15498511905
2012-09-05 17:50:51,35128,1,15.4408482143,-2.04575892857
2012-09-05 17:50:52,35129,1,13.7821428571,-1.65870535714
2012-09-05 17:50:53,35130,1,12.5648065476,-1.21733630952
2012-09-05 17:50:54,35131,1,11.7675595238,-0.79724702381
2012-09-05 17:50:55,35132,1,11.4081845238,-0.359375
2012-09-05 17:50:56,35133,1,11.4898065476,0.0816220238095
2012-09-05 17:50:57,35134,1,11.8795386905,0.389732142857
2012-09-05 17:50:58,35135,1,12.3013392857,0.421800595238
2012-09-05 17:50:59,35136,1,12.4881696429,0.186830357143
2012-09-05 17:51:00,35137,1,12.3566220238,-0.131547619048
2012-09-05 17:51:01,35138,1,12.0523809524,-0.304241071428
2012-09-05 17:51:02,35139,1,11.8492559524,-0.203125
2012-09-05 17:51:03,35140,1,11.9799107143,0.130654761905
2012-09-05 17:51:04,35141,1,12.4958333333,0.515922619048
2012-09-05 17:51:05,35142,1,13.2639136905,0.768080357143
2012-09-05 17:51:06,35143,1,14.1043154762,0.840401785714
2012-09-05 17:51:07,35144,1,14.923139881,0.818824404762
2012-09-05 17:51:08,35145,1,15.7384672619,0.815327380952
2012-09-05 17:51:09,35146,1,16.5977678571,0.859300595238
2012-09-05 17:51:10,35147,1,17.4477678571,0.85
2012-09-05 17:51:11,35148,1,18.1289434524,0.681175595238
2012-09-05 17:51:12,35149,1,18.5360863095,0.407142857143
2012-09-05 17:51:13,35150,1,18.7193452381,0.183258928571
2012-09-05 17:51:14,35151,1,18.8070684524,0.0877232142858
2012-09-05 17:51:15,35152,1,18.8788690476,0.071800595238
2012-09-05 17:51:16,35153,1,18.915625,0.036755952381
2012-09-05 17:51:17,35154,1,18.852827381,-0.0627976190476
2012-09-05 17:51:18,35155,1,18.675,-0.177827380952
2012-09-05 17:51:19,35156,1,18.4395833333,-0.235416666667
2012-09-05 17:51:20,35157,1,18.2093005952,-0.230282738095
2012-09-05 17:51:21,35158,1,17.9901041667,-0.219196428571
2012-09-05 17:51:22,35159,1,17.7376488095,-0.252455357143
2012-09-05 17:51:23,35160,1,17.4029017857,-0.33474702381
2012-09-05 17:51:24,35161,1,16.9760416667,-0.426860119048
2012-09-05 17:51:25,35162,1,16.5063988095,-0.469642857143
2012-09-05 17:51:26,35163,1,16.0909970238,-0.415401785714
2012-09-05 17:51:27,35164,1,15.8413690476,-0.24962797619
2012-09-05 17:51:28,35165,1,15.840625,-0.000744047619001
2012-09-05 17:51:29,35166,1,16.1166666667,0.276041666667
2012-09-05 17:51:30,35167,1,16.6424107143,0.525744047619
2012-09-05 17:51:31,35168,1,17.3402529762,0.697842261905
2012-09-05 17:51:32,35169,1,18.1107142857,0.770461309524
2012-09-05 17:51:33,35170,1,18.8902529762,0.779538690476
2012-09-05 17:51:34,35171,1,19.6566220238,0.766369047619
2012-09-05 17:51:35,35172,1,20.3777529762,0.721130952381
2012-09-05 17:51:36,35173,1,20.9947172619,0.616964285714
2012-09-05 17:51:37,35174,1,21.4566964286,0.461979166667
2012-09-05 17:51:38,35175,1,21.7798363095,0.323139880952
2012-09-05 17:51:39,35176,1,22.0877232143,0.307886904762
2012-09-05 17:51:40,35177,1,22.5538690476,0.466145833333
2012-09-05 17:51:41,35178,1,23.2552083333,0.701339285714
2012-09-05 17:51:42,35179,1,24.0633184524,0.808110119048
2012-09-05 17:51:43,35180,1,24.675,0.611681547619
2012-09-05 17:51:44,35181,1,24.79375,0.11875
2012-09-05 17:51:45,35182,1,24.3549107143,-0.438839285714
2012-09-05 17:51:46,35183,1,23.5880208333,-0.766889880952
2012-09-05 17:51:47,35184,1,22.8335565476,-0.754464285714
2012-09-05 17:51:48,35185,1,22.2990327381,-0.534523809524
2012-09-05 17:51:49,35186,1,21.9811011905,-0.317931547619
2012-09-05 17:51:50,35187,1,21.7711309524,-0.209970238095
2012-09-05 17:51:51,35188,1,21.6044642857,-0.166666666667
2012-09-05 17:51:52,35189,1,21.5258184524,-0.0786458333333
2012-09-05 17:51:53,35190,1,21.6407738095,0.114955357143
2012-09-05 17:51:54,35191,1,22.0139880952,0.373214285714
2012-09-05 17:51:55,35192,1,22.6081845238,0.594196428571
2012-09-05 17:51:56,35193,1,23.3114583333,0.703273809524
2012-09-05 17:51:57,35194,1,24.0078869048,0.696428571429
2012-09-05 17:51:58,35195,1,24.6282738095,0.620386904762
2012-09-05 17:51:59,35196,1,25.1735119048,0.545238095238
2012-09-05 17:52:00,35197,1,25.7071428571,0.533630952381
2012-09-05 17:52:01,35198,1,26.3046130952,0.597470238095
2012-09-05 17:52:02,35199,1,26.9927083333,0.688095238095
2012-09-05 17:52:03,35200,1,27.7267113095,0.73400297619
2012-09-05 17:52:04,35201,1,28.4087797619,0.682068452381
2012-09-05 17:52:05,35202,1,28.9351190476,0.526339285714
2012-09-05 17:52:06,35203,1,29.2608630952,0.325744047619
2012-09-05 17:52:07,35204,1,29.4251488095,0.164285714286
2012-09-05 17:52:08,35205,1,29.4911458333,0.0659970238095
2012-09-05 17:52:09,35206,1,29.4797619048,-0.0113839285714
2012-09-05 17:52:10,35207,1,29.3915178571,-0.088244047619
2012-09-05 17:52:11,35208,1,29.2796875,-0.111830357143
2012-09-05 17:52:12,35209,1,29.2740327381,-0.0056547619048
2012-09-05 17:52:13,35210,1,29.5042410714,0.230208333333
2012-09-05 17:52:14,35211,1,29.9805803571,0.476339285714
2012-09-05 17:52:15,35212,1,30.556547619,0.575967261905
2012-09-05 17:52:16,35213,1,31.0158482143,0.459300595238
2012-09-05 17:52:17,35214,1,31.2148809524,0.199032738095
2012-09-05 17:52:18,35215,1,31.1787946429,-0.0360863095239
2012-09-05 17:52:19,35216,1,31.0755952381,-0.103199404762
2012-09-05 17:52:20,35217,1,31.1057291667,0.0301339285715
2012-09-05 17:52:21,35218,1,31.4126488095,0.306919642857
2012-09-05 17:52:22,35219,1,32.045014881,0.632366071429
2012-09-05 17:52:23,35220,1,32.9551339286,0.910119047619
2012-09-05 17:52:24,35221,1,34.0215029762,1.06636904762
2012-09-05 17:52:25,35222,1,35.0634672619,1.04196428571
2012-09-05 17:52:26,35223,1,35.8577380952,0.794270833333
2012-09-05 17:52:27,35224,1,36.2061011905,0.348363095238
2012-09-05 17:52:28,35225,1,36.0427083333,-0.163392857143
2012-09-05 17:52:29,35226,1,35.5151041667,-0.527604166667
2012-09-05 17:52:30,35227,1,34.9632440476,-0.551860119048
2012-09-05 17:52:31,35228,1,34.7642113095,-0.199032738095
2012-09-05 17:52:32,35229,1,35.1483630952,0.384151785714
2012-09-05 17:52:33,35230,1,36.1368303571,0.988467261905
2012-09-05 17:52:34,35231,1,37.6014136905,1.46458333333
2012-09-05 17:52:35,35232,1,39.3521577381,1.75074404762
2012-09-05 17:52:36,35233,1,41.2033482143,1.85119047619
2012-09-05 17:52:37,35234,1,42.9992559524,1.7959077381
2012-09-05 17:52:38,35235,1,44.5954613095,1.59620535714
2012-09-05 17:52:39,35236,1,45.841889881,1.24642857143
2012-09-05 17:52:40,35237,1,46.6133928571,0.77150297619
2012-09-05 17:52:41,35238,1,46.875,0.261607142857
2012-09-05 17:52:42,35239,1,46.7293154762,-0.145684523809
2012-09-05 17:52:43,35240,1,46.3863095238,-0.343005952381
2012-09-05 17:52:44,35241,1,46.0677083333,-0.318601190476
2012-09-05 17:52:45,35242,1,45.9407738095,-0.12693452381
2012-09-05 17:52:46,35243,1,46.1064732143,0.165699404762
2012-09-05 17:52:47,35244,1,46.5873511905,0.48087797619
2012-09-05 17:52:48,35245,1,47.3116815476,0.724330357143
2012-09-05 17:52:49,35246,1,48.1351934524,0.823511904762
2012-09-05 17:52:50,35247,1,48.9255208333,0.790327380952
2012-09-05 17:52:51,35248,1,49.6578869048,0.732366071429
2012-09-05 17:52:52,35249,1,50.3989583333,0.741071428571
2012-09-05 17:52:53,35250,1,51.1757440476,0.776785714286
2012-09-05 17:52:54,35251,1,51.8963541667,0.720610119048
2012-09-05 17:52:55,35252,1,52.4233630952,0.527008928571
2012-09-05 17:52:56,35253,1,52.7133928571,0.290029761905
2012-09-05 17:52:57,35254,1,52.8729166667,0.159523809524
2012-09-05 17:52:58,35255,1,53.0761904762,0.203273809524
2012-09-05 17:52:59,35256,1,53.4350446429,0.358854166667
2012-09-05 17:53:00,35257,1,53.9456845238,0.510639880952
2012-09-05 17:53:01,35258,1,54.5370535714,0.591369047619
2012-09-05 17:53:02,35259,1,55.1463541667,0.609300595238
2012-09-05 17:53:03,35260,1,55.7519345238,0.605580357143
2012-09-05 17:53:04,35261,1,56.3551339286,0.603199404762
2012-09-05 17:53:05,35262,1,56.936235119,0.581101190476
2012-09-05 17:53:06,35263,1,57.425297619,0.4890625
2012-09-05 17:53:07,35264,1,57.7327380952,0.307440476191
2012-09-05 17:53:08,35265,1,57.8228422619,0.0901041666667
2012-09-05 17:53:09,35266,1,57.7513392857,-0.0715029761905
2012-09-05 17:53:10,35267,1,57.6308779762,-0.120461309524
2012-09-05 17:53:11,35268,1,57.5615327381,-0.0693452380953
2012-09-05 17:53:12,35269,1,57.5796130952,0.0180803571429
2012-09-05 17:53:13,35270,1,57.6613095238,0.0816964285714
2012-09-05 17:53:14,35271,1,57.7720238095,0.110714285714
2012-09-05 17:53:15,35272,1,57.9052827381,0.133258928571
2012-09-05 17:53:16,35273,1,58.0775297619,0.17224702381
2012-09-05 17:53:17,35274,1,58.2913690476,0.213839285714
2012-09-05 17:53:18,35275,1,58.4898065476,0.1984375
2012-09-05 17:53:19,35276,1,58.5404761905,0.0506696428572
2012-09-05 17:53:20,35277,1,58.2918154762,-0.248660714286
2012-09-05 17:53:21,35278,1,57.6901785714,-0.601636904762
2012-09-05 17:53:22,35279,1,56.8835565476,-0.80662202381
2012-09-05 17:53:23,35280,1,56.2063988095,-0.677157738095
2012-09-05 17:53:24,35281,1,56.0123511905,-0.194047619048
2012-09-05 17:53:25,35282,1,56.4780505952,0.465699404762
2012-09-05 17:53:26,35283,1,57.5254464286,1.04739583333
2012-09-05 17:53:27,35284,1,58.8830357143,1.35758928571
2012-09-05 17:53:28,35285,1,60.2258184524,1.3427827381
2012-09-05 17:53:29,35286,1,61.3126488095,1.08683035714
2012-09-05 17:53:30,35287,1,62.0363839286,0.723735119048
2012-09-05 17:53:31,35288,1,62.372172619,0.335788690476
2012-09-05 17:53:32,35289,1,62.3006696429,-0.0715029761905
2012-09-05 17:53:33,35290,1,61.7970238095,-0.503645833333
2012-09-05 17:53:34,35291,1,60.9100446429,-0.886979166667
2012-09-05 17:53:35,35292,1,59.8473214286,-1.06272321429
2012-09-05 17:53:36,35293,1,58.9350446429,-0.912276785714
2012-09-05 17:53:37,35294,1,58.4375744048,-0.497470238095
2012-09-05 17:53:38,35295,1,58.3923363095,-0.0452380952381
2012-09-05 17:53:39,35296,1,58.6236607143,0.231324404762
2012-09-05 17:53:40,35297,1,58.9120535714,0.288392857143
2012-09-05 17:53:41,35298,1,59.1307291667,0.218675595238
2012-09-05 17:53:42,35299,1,59.2429315476,0.112202380952
2012-09-05 17:53:43,35300,1,59.248735119,0.0058035714286
2012-09-05 17:53:44,35301,1,59.1798363095,-0.0688988095238
2012-09-05 17:53:45,35302,1,59.1251488095,-0.0546875
2012-09-05 17:53:46,35303,1,59.2186755952,0.0935267857143
2012-09-05 17:53:47,35304,1,59.5386904762,0.320014880952
2012-09-05 17:53:48,35305,1,59.9858630952,0.447172619048
2012-09-05 17:53:49,35306,1,60.3026041667,0.316741071429
2012-09-05 17:53:50,35307,1,60.245610119,-0.0569940476191
2012-09-05 17:53:51,35308,1,59.751264881,-0.494345238095
2012-09-05 17:53:52,35309,1,58.9720238095,-0.779241071429
2012-09-05 17:53:53,35310,1,58.1630952381,-0.808928571429
2012-09-05 17:53:54,35311,1,57.50625,-0.656845238095
2012-09-05 17:53:55,35312,1,57.026860119,-0.479389880952
2012-09-05 17:53:56,35313,1,56.6502232143,-0.376636904762
2012-09-05 17:53:57,35314,1,56.2959077381,-0.354315476191
2012-09-05 17:53:58,35315,1,55.9215029762,-0.374404761905
2012-09-05 17:53:59,35316,1,55.512797619,-0.408705357143
2012-09-05 17:54:00,35317,1,55.0502232143,-0.462574404762
2012-09-05 17:54:01,35318,1,54.4828869048,-0.567336309524
2012-09-05 17:54:02,35319,1,53.7379464286,-0.744940476191
2012-09-05 17:54:03,35320,1,52.7418154762,-0.996130952381
2012-09-05 17:54:04,35321,1,51.3991815476,-1.34263392857
2012-09-05 17:54:05,35322,1,49.5590029762,-1.84017857143
2012-09-05 17:54:06,35323,1,47.0500744048,-2.50892857143
2012-09-05 17:54:07,35324,1,43.8000744048,-3.25
2012-09-05 17:54:08,35325,1,39.9683779762,-3.83169642857
2012-09-05 17:54:09,35326,1,35.9682291667,-4.00014880952
2012-09-05 17:54:10,35327,1,32.3152529762,-3.65297619048
2012-09-05 17:54:11,35328,1,29.4267857143,-2.8884672619
2012-09-05 17:54:12,35329,1,27.527827381,-1.89895833333
2012-09-05 17:54:13,35330,1,26.6626488095,-0.865178571429
2012-09-05 17:54:14,35331,1,26.7418154762,0.0791666666667
2012-09-05 17:54:15,35332,1,27.5858630952,0.844047619048
2012-09-05 17:54:16,35333,1,28.9616815476,1.37581845238
2012-09-05 17:54:17,35334,1,30.6357142857,1.6740327381
2012-09-05 17:54:18,35335,1,32.4336309524,1.79791666667
2012-09-05 17:54:19,35336,1,34.2605654762,1.82693452381
2012-09-05 17:54:20,35337,1,36.084375,1.82380952381
2012-09-05 17:54:21,35338,1,37.9050595238,1.82068452381
2012-09-05 17:54:22,35339,1,39.697172619,1.79211309524
2012-09-05 17:54:23,35340,1,41.3391369048,1.64196428571
2012-09-05 17:54:24,35341,1,42.6046875,1.26555059524
2012-09-05 17:54:25,35342,1,43.2608630952,0.656175595238
2012-09-05 17:54:26,35343,1,43.2050595238,-0.0558035714286
2012-09-05 17:54:27,35344,1,42.5218005952,-0.683258928571
2012-09-05 17:54:28,35345,1,41.4319940476,-1.08980654762
2012-09-05 17:54:29,35346,1,40.2152529762,-1.21674107143
2012-09-05 17:54:30,35347,1,39.1504464286,-1.06480654762
2012-09-05 17:54:31,35348,1,38.4385416667,-0.711904761905
2012-09-05 17:54:32,35349,1,38.1068452381,-0.331696428572
2012-09-05 17:54:33,35350,1,37.9730654762,-0.133779761905
2012-09-05 17:54:34,35351,1,37.7311755952,-0.241889880952
2012-09-05 17:54:35,35352,1,37.1211309524,-0.610044642857
2012-09-05 17:54:36,35353,1,36.0625,-1.05863095238
2012-09-05 17:54:37,35354,1,34.6540922619,-1.4084077381
2012-09-05 17:54:38,35355,1,33.0680803571,-1.58601190476
2012-09-05 17:54:39,35356,1,31.4536458333,-1.61443452381
2012-09-05 17:54:40,35357,1,29.9032738095,-1.55037202381
2012-09-05 17:54:41,35358,1,28.4654761905,-1.43779761905
2012-09-05 17:54:42,35359,1,27.204389881,-1.26108630952
2012-09-05 17:54:43,35360,1,26.2657738095,-0.938616071429
2012-09-05 17:54:44,35361,1,25.8549107143,-0.410863095238
2012-09-05 17:54:45,35362,1,26.1287202381,0.27380952381
2012-09-05 17:54:46,35363,1,27.1014880952,0.972767857143
2012-09-05 17:54:47,35364,1,28.6197172619,1.51822916667
2012-09-05 17:54:48,35365,1,30.3988839286,1.77916666667
2012-09-05 17:54:49,35366,1,32.095014881,1.69613095238
2012-09-05 17:54:50,35367,1,33.3662946429,1.2712797619
2012-09-05 17:54:51,35368,1,33.8944940476,0.528199404762
2012-09-05 17:54:52,35369,1,33.4119047619,-0.482589285714
2012-09-05 17:54:53,35370,1,31.7956845238,-1.6162202381
2012-09-05 17:54:54,35371,1,29.1627232143,-2.63296130952
2012-09-05 17:54:55,35372,1,25.8397321429,-3.32299107143
2012-09-05 17:54:56,35373,1,22.2258184524,-3.61391369048
2012-09-05 17:54:57,35374,1,18.6714285714,-3.55438988095
2012-09-05 17:54:58,35375,1,15.4488839286,-3.22254464286
2012-09-05 17:54:59,35376,1,12.791889881,-2.65699404762
2012-09-05 17:55:00,35377,1,10.897172619,-1.8947172619
2012-09-05 17:55:01,35378,1,9.82194940476,-1.07522321429
2012-09-05 17:55:02,35379,1,9.4046875,-0.417261904762
2012-09-05 17:55:03,35380,1,9.39047619048,-0.0142113095238
2012-09-05 17:55:04,35381,1,9.67522321429,0.28474702381
2012-09-05 17:55:05,35382,1,10.379985119,0.704761904762
2012-09-05 17:55:06,35383,1,11.6837053571,1.3037202381
2012-09-05 17:55:07,35384,1,13.6210565476,1.93735119048
2012-09-05 17:55:08,35385,1,16.013764881,2.39270833333
2012-09-05 17:55:09,35386,1,18.558110119,2.5443452381
2012-09-05 17:55:10,35387,1,20.9835565476,2.42544642857
2012-09-05 17:55:11,35388,1,23.1244791667,2.14092261905
2012-09-05 17:55:12,35389,1,24.8777529762,1.75327380952
2012-09-05 17:55:13,35390,1,26.1695684524,1.29181547619
2012-09-05 17:55:14,35391,1,26.9455357143,0.775967261905
2012-09-05 17:55:15,35392,1,27.1343005952,0.188764880952
2012-09-05 17:55:16,35393,1,26.651860119,-0.48244047619
2012-09-05 17:55:17,35394,1,25.4912946429,-1.16056547619
2012-09-05 17:55:18,35395,1,23.8142113095,-1.67708333333
2012-09-05 17:55:19,35396,1,21.9488839286,-1.86532738095
2012-09-05 17:55:20,35397,1,20.2726934524,-1.67619047619
2012-09-05 17:55:21,35398,1,19.0418154762,-1.23087797619
2012-09-05 17:55:22,35399,1,18.2829613095,-0.758854166667
2012-09-05 17:55:23,35400,1,17.8220238095,-0.4609375
2012-09-05 17:55:24,35401,1,17.4067708333,-0.41525297619
2012-09-05 17:55:25,35402,1,16.8095238095,-0.59724702381
2012-09-05 17:55:26,35403,1,15.8802083333,-0.92931547619
2012-09-05 17:55:27,35404,1,14.607514881,-1.27269345238
2012-09-05 17:55:28,35405,1,13.1617559524,-1.44575892857
2012-09-05 17:55:29,35406,1,11.8296875,-1.33206845238
2012-09-05 17:55:30,35407,1,10.8661458333,-0.963541666667
2012-09-05 17:55:31,35408,1,10.3720982143,-0.494047619048
2012-09-05 17:55:32,35409,1,10.2678571429,-0.104241071429
2012-09-05 17:55:33,35410,1,10.3785714286,0.110714285714
2012-09-05 17:55:34,35411,1,10.5666666667,0.188095238095
2012-09-05 17:55:35,35412,1,10.7863095238,0.219642857143
2012-09-05 17:55:36,35413,1,11.0396577381,0.253348214286
2012-09-05 17:55:37,35414,1,11.326264881,0.286607142857
2012-09-05 17:55:38,35415,1,11.6334821429,0.307217261905
2012-09-05 17:55:39,35416,1,11.9472470238,0.313764880952
2012-09-05 17:55:40,35417,1,12.2571428571,0.309895833333
2012-09-05 17:55:41,35418,1,12.559672619,0.302529761905
2012-09-05 17:55:42,35419,1,12.890327381,0.330654761905
2012-09-05 17:55:43,35420,1,13.3532738095,0.462946428571
2012-09-05 17:55:44,35421,1,14.0578869048,0.704613095238
2012-09-05 17:55:45,35422,1,14.9957589286,0.937872023809
2012-09-05 17:55:46,35423,1,16.0139136905,1.0181547619
2012-09-05 17:55:47,35424,1,16.9298363095,0.915922619048
2012-09-05 17:55:48,35425,1,17.678422619,0.748586309524
2012-09-05 17:55:49,35426,1,18.3620535714,0.683630952381
2012-09-05 17:55:50,35427,1,19.1604166667,0.798363095238
2012-09-05 17:55:51,35428,1,20.1953869048,1.0349702381
2012-09-05 17:55:52,35429,1,21.4865327381,1.29114583333
2012-09-05 17:55:53,35430,1,22.9973958333,1.51086309524
2012-09-05 17:55:54,35431,1,24.6726934524,1.67529761905
2012-09-05 17:55:55,35432,1,26.4382440476,1.76555059524
2012-09-05 17:55:56,35433,1,28.2126488095,1.7744047619
2012-09-05 17:55:57,35434,1,29.9274553571,1.71480654762
2012-09-05 17:55:58,35435,1,31.5092261905,1.58177083333
2012-09-05 17:55:59,35436,1,32.8549107143,1.34568452381
2012-09-05 17:56:00,35437,1,33.8685267857,1.01361607143
2012-09-05 17:56:01,35438,1,34.534672619,0.666145833333
2012-09-05 17:56:02,35439,1,34.9478422619,0.413169642857
2012-09-05 17:56:03,35440,1,35.2558779762,0.308035714286
2012-09-05 17:56:04,35441,1,35.5417410714,0.285863095238
2012-09-05 17:56:05,35442,1,35.7475446429,0.205803571428
2012-09-05 17:56:06,35443,1,35.7329613095,-0.0145833333333
2012-09-05 17:56:07,35444,1,35.4063988095,-0.3265625
2012-09-05 17:56:08,35445,1,34.795014881,-0.611383928571
2012-09-05 17:56:09,35446,1,34.0128720238,-0.782142857143
2012-09-05 17:56:10,35447,1,33.1773809524,-0.835491071428
2012-09-05 17:56:11,35448,1,32.3483630952,-0.829017857143
2012-09-05 17:56:12,35449,1,31.528125,-0.820238095238
2012-09-05 17:56:13,35450,1,30.6889880952,-0.839136904762
2012-09-05 17:56:14,35451,1,29.7879464286,-0.901041666667
2012-09-05 17:56:15,35452,1,28.7840029762,-1.00394345238
2012-09-05 17:56:16,35453,1,27.6749255952,-1.10907738095
2012-09-05 17:56:17,35454,1,26.5220982143,-1.15282738095
2012-09-05 17:56:18,35455,1,25.447172619,-1.07492559524
2012-09-05 17:56:19,35456,1,24.6261904762,-0.820982142857
2012-09-05 17:56:20,35457,1,24.2570684524,-0.36912202381
2012-09-05 17:56:21,35458,1,24.4541666667,0.197098214286
2012-09-05 17:56:22,35459,1,25.1616071429,0.70744047619
2012-09-05 17:56:23,35460,1,26.2111607143,1.04955357143
2012-09-05 17:56:24,35461,1,27.4364583333,1.22529761905
2012-09-05 17:56:25,35462,1,28.6941964286,1.25773809524
2012-09-05 17:56:26,35463,1,29.8260416667,1.1318452381
2012-09-05 17:56:27,35464,1,30.6398809524,0.813839285714
2012-09-05 17:56:28,35465,1,30.953422619,0.313541666667
2012-09-05 17:56:29,35466,1,30.7263392857,-0.227083333333
2012-09-05 17:56:30,35467,1,30.1329613095,-0.59337797619
2012-09-05 17:56:31,35468,1,29.4323660714,-0.700595238095
2012-09-05 17:56:32,35469,1,28.8115327381,-0.620833333333
2012-09-05 17:56:33,35470,1,28.3908482143,-0.420684523809
2012-09-05 17:56:34,35471,1,28.2874255952,-0.103422619048
2012-09-05 17:56:35,35472,1,28.5936755952,0.30625
2012-09-05 17:56:36,35473,1,29.292485119,0.69880952381
2012-09-05 17:56:37,35474,1,30.1984375,0.905952380952
2012-09-05 17:56:38,35475,1,30.988764881,0.790327380952
2012-09-05 17:56:39,35476,1,31.322172619,0.333407738095
2012-09-05 17:56:40,35477,1,30.967485119,-0.3546875
2012-09-05 17:56:41,35478,1,29.8566964286,-1.11078869048
2012-09-05 17:56:42,35479,1,28.0745535714,-1.78214285714
2012-09-05 17:56:43,35480,1,25.853125,-2.22142857143
2012-09-05 17:56:44,35481,1,23.5407738095,-2.31235119048
2012-09-05 17:56:45,35482,1,21.4732142857,-2.06755952381
2012-09-05 17:56:46,35483,1,19.818452381,-1.65476190476
2012-09-05 17:56:47,35484,1,18.5399553571,-1.27849702381
2012-09-05 17:56:48,35485,1,17.5050595238,-1.03489583333
2012-09-05 17:56:49,35486,1,16.6354910714,-0.869568452381
2012-09-05 17:56:50,35487,1,15.9709821429,-0.664508928572
2012-09-05 17:56:51,35488,1,15.6101934524,-0.360788690476
2012-09-05 17:56:52,35489,1,15.6183779762,0.0081845238095
2012-09-05 17:56:53,35490,1,15.9966517857,0.378273809524
2012-09-05 17:56:54,35491,1,16.703422619,0.706770833333
2012-09-05 17:56:55,35492,1,17.6729910714,0.969568452381
2012-09-05 17:56:56,35493,1,18.8380952381,1.16510416667
2012-09-05 17:56:57,35494,1,20.1590029762,1.3209077381
2012-09-05 17:56:58,35495,1,21.5942708333,1.43526785714
2012-09-05 17:56:59,35496,1,23.0298363095,1.43556547619
2012-09-05 17:57:00,35497,1,24.2826636905,1.25282738095
2012-09-05 17:57:01,35498,1,25.2146577381,0.931994047619
2012-09-05 17:57:02,35499,1,25.8758184524,0.661160714286
2012-09-05 17:57:03,35500,1,26.5311011905,0.655282738095
2012-09-05 17:57:04,35501,1,27.4761160714,0.945014880952
2012-09-05 17:57:05,35502,1,28.778422619,1.30230654762
2012-09-05 17:57:06,35503,1,30.2064732143,1.42805059524
2012-09-05 17:57:07,35504,1,31.4105654762,1.2040922619
2012-09-05 17:57:08,35505,1,32.153422619,0.742857142857
2012-09-05 17:57:09,35506,1,32.3614583333,0.208035714286
2012-09-05 17:57:10,35507,1,31.9925595238,-0.368898809524
2012-09-05 17:57:11,35508,1,30.9259672619,-1.0665922619
2012-09-05 17:57:12,35509,1,29.0413690476,-1.88459821429
2012-09-05 17:57:13,35510,1,26.4293154762,-2.61205357143
2012-09-05 17:57:14,35511,1,23.4896577381,-2.9396577381
2012-09-05 17:57:15,35512,1,20.7625744048,-2.72708333333
2012-09-05 17:57:16,35513,1,18.656547619,-2.10602678571
2012-09-05 17:57:17,35514,1,17.3316220238,-1.32492559524
2012-09-05 17:57:18,35515,1,16.7479166667,-0.583705357143
2012-09-05 17:57:19,35516,1,16.7523065476,0.0043898809524
2012-09-05 17:57:20,35517,1,17.1439732143,0.391666666667
2012-09-05 17:57:21,35518,1,17.7145833333,0.570610119048
2012-09-05 17:57:22,35519,1,18.3095238095,0.59494047619
2012-09-05 17:57:23,35520,1,18.9008184524,0.591294642857
2012-09-05 17:57:24,35521,1,19.5507440476,0.649925595238
2012-09-05 17:57:25,35522,1,20.2953869048,0.744642857143
2012-09-05 17:57:26,35523,1,21.1094494048,0.8140625
2012-09-05 17:57:27,35524,1,21.9407738095,0.831324404762
2012-09-05 17:57:28,35525,1,22.7372767857,0.79650297619
2012-09-05 17:57:29,35526,1,23.4727678571,0.735491071429
2012-09-05 17:57:30,35527,1,24.1488095238,0.676041666667
2012-09-05 17:57:31,35528,1,24.7727678571,0.623958333333
2012-09-05 17:57:32,35529,1,25.3587797619,0.586011904762
2012-09-05 17:57:33,35530,1,25.9254464286,0.566666666667
2012-09-05 17:57:34,35531,1,26.4694196429,0.543973214286
2012-09-05 17:57:35,35532,1,26.956547619,0.487127976191
2012-09-05 17:57:36,35533,1,27.3234375,0.366889880952
2012-09-05 17:57:37,35534,1,27.4710565476,0.147619047619
2012-09-05 17:57:38,35535,1,27.3052083333,-0.165848214286
2012-09-05 17:57:39,35536,1,26.8243303571,-0.48087797619
2012-09-05 17:57:40,35537,1,26.1480654762,-0.676264880952
2012-09-05 17:57:41,35538,1,25.4527529762,-0.6953125
2012-09-05 17:57:42,35539,1,24.8806547619,-0.572098214286
2012-09-05 17:57:43,35540,1,24.469047619,-0.411607142857
2012-09-05 17:57:44,35541,1,24.1398809524,-0.329166666667
2012-09-05 17:57:45,35542,1,23.7714285714,-0.368452380952
2012-09-05 17:57:46,35543,1,23.2933035714,-0.478125
2012-09-05 17:57:47,35544,1,22.7433035714,-0.55
2012-09-05 17:57:48,35545,1,22.2625744048,-0.480729166667
2012-09-05 17:57:49,35546,1,22.0063244048,-0.25625
2012-09-05 17:57:50,35547,1,22.003125,-0.0031994047619
2012-09-05 17:57:51,35548,1,22.0823660714,0.0792410714286
2012-09-05 17:57:52,35549,1,21.9588541667,-0.123511904762
2012-09-05 17:57:53,35550,1,21.4233630952,-0.535491071429
2012-09-05 17:57:54,35551,1,20.4991815476,-0.924181547619
2012-09-05 17:57:55,35552,1,19.4611607143,-1.03802083333
2012-09-05 17:57:56,35553,1,18.6917410714,-0.769419642857
2012-09-05 17:57:57,35554,1,18.4432291667,-0.248511904762
2012-09-05 17:57:58,35555,1,18.6833333333,0.240104166667
2012-09-05 17:57:59,35556,1,19.160639881,0.477306547619
2012-09-05 17:58:00,35557,1,19.6250744048,0.46443452381
2012-09-05 17:58:01,35558,1,20.0145089286,0.389434523809
2012-09-05 17:58:02,35559,1,20.4674107143,0.452901785714
2012-09-05 17:58:03,35560,1,21.1661458333,0.698735119048
2012-09-05 17:58:04,35561,1,22.1654761905,0.999330357143
2012-09-05 17:58:05,35562,1,23.3639880952,1.19851190476
2012-09-05 17:58:06,35563,1,24.6020089286,1.23802083333
2012-09-05 17:58:07,35564,1,25.7691220238,1.16711309524
2012-09-05 17:58:08,35565,1,26.8696428571,1.10052083333
2012-09-05 17:58:09,35566,1,27.9963541667,1.12671130952
2012-09-05 17:58:10,35567,1,29.1770833333,1.18072916667
2012-09-05 17:58:11,35568,1,30.2452380952,1.0681547619
2012-09-05 17:58:12,35569,1,30.8985863095,0.653348214286
2012-09-05 17:58:13,35570,1,30.8831845238,-0.0154017857143
2012-09-05 17:58:14,35571,1,30.1558035714,-0.727380952381
2012-09-05 17:58:15,35572,1,28.9168154762,-1.23898809524
2012-09-05 17:58:16,35573,1,27.4755208333,-1.44129464286
2012-09-05 17:58:17,35574,1,26.0793154762,-1.39620535714
2012-09-05 17:58:18,35575,1,24.8631696429,-1.21614583333
2012-09-05 17:58:19,35576,1,23.8914434524,-0.971726190476
2012-09-05 17:58:20,35577,1,23.2007440476,-0.690699404762
2012-09-05 17:58:21,35578,1,22.8246279762,-0.376116071429
2012-09-05 17:58:22,35579,1,22.7834821429,-0.0411458333334
2012-09-05 17:58:23,35580,1,23.0363095238,0.252827380952
2012-09-05 17:58:24,35581,1,23.4602678571,0.423958333333
2012-09-05 17:58:25,35582,1,23.8930803571,0.4328125
2012-09-05 17:58:26,35583,1,24.1978422619,0.304761904762
2012-09-05 17:58:27,35584,1,24.3203125,0.122470238095
2012-09-05 17:58:28,35585,1,24.328125,0.0078125
2012-09-05 17:58:29,35586,1,24.400297619,0.0721726190476
2012-09-05 17:58:30,35587,1,24.7287202381,0.328422619048
2012-09-05 17:58:31,35588,1,25.3590029762,0.630282738095
2012-09-05 17:58:32,35589,1,26.1131696429,0.754166666667
2012-09-05 17:58:33,35590,1,26.7166666667,0.60349702381
2012-09-05 17:58:34,35591,1,27.0375,0.320833333333
2012-09-05 17:58:35,35592,1,27.1892113095,0.151711309524
2012-09-05 17:58:36,35593,1,27.3839285714,0.194717261905
2012-09-05 17:58:37,35594,1,27.7029017857,0.318973214286
2012-09-05 17:58:38,35595,1,28.013764881,0.310863095238
2012-09-05 17:58:39,35596,1,28.0811755952,0.0674107142857
2012-09-05 17:58:40,35597,1,27.7586309524,-0.322544642857
2012-09-05 17:58:41,35598,1,27.1155505952,-0.643080357143
2012-09-05 17:58:42,35599,1,26.4383184524,-0.677232142857
2012-09-05 17:58:43,35600,1,26.1353422619,-0.302976190476
2012-09-05 17:58:44,35601,1,26.5604910714,0.425148809524
2012-09-05 17:58:45,35602,1,27.8067708333,1.2462797619
2012-09-05 17:58:46,35603,1,29.6293154762,1.82254464286
2012-09-05 17:58:47,35604,1,31.5885416667,1.95922619048
2012-09-05 17:58:48,35605,1,33.298735119,1.71019345238
2012-09-05 17:58:49,35606,1,34.5833333333,1.28459821429
2012-09-05 17:58:50,35607,1,35.453422619,0.870089285714
2012-09-05 17:58:51,35608,1,35.9886160714,0.535193452381
2012-09-05 17:58:52,35609,1,36.2460565476,0.25744047619
2012-09-05 17:58:53,35610,1,36.2566964286,0.0106398809524
2012-09-05 17:58:54,35611,1,36.0625744048,-0.19412202381
2012-09-05 17:58:55,35612,1,35.703422619,-0.359151785714
2012-09-05 17:58:56,35613,1,35.1519345238,-0.551488095238
2012-09-05 17:58:57,35614,1,34.3011904762,-0.850744047619
2012-09-05 17:58:58,35615,1,33.0469494048,-1.25424107143
2012-09-05 17:58:59,35616,1,31.3613839286,-1.68556547619
2012-09-05 17:59:00,35617,1,29.2916666667,-2.0697172619
2012-09-05 17:59:01,35618,1,26.971577381,-2.32008928571
2012-09-05 17:59:02,35619,1,24.6579613095,-2.31361607143
2012-09-05 17:59:03,35620,1,22.6675595238,-1.99040178571
2012-09-05 17:59:04,35621,1,21.199702381,-1.46785714286
2012-09-05 17:59:05,35622,1,20.1564732143,-1.04322916667
2012-09-05 17:59:06,35623,1,19.127827381,-1.02864583333
2012-09-05 17:59:07,35624,1,17.6607142857,-1.46711309524
2012-09-05 17:59:08,35625,1,15.5994791667,-2.06123511905
2012-09-05 17:59:09,35626,1,13.1546875,-2.44479166667
2012-09-05 17:59:10,35627,1,10.7101934524,-2.44449404762
2012-09-05 17:59:11,35628,1,8.59776785714,-2.11242559524
2012-09-05 17:59:12,35629,1,7.00610119048,-1.59166666667
2012-09-05 17:59:13,35630,1,6.07626488095,-0.929836309524
2012-09-05 17:59:14,35631,1,6.00007440476,-0.0761904761905
2012-09-05 17:59:15,35632,1,6.9021577381,0.902083333333
2012-09-05 17:59:16,35633,1,8.62522321429,1.72306547619
2012-09-05 17:59:17,35634,1,10.6662202381,2.04099702381
2012-09-05 17:59:18,35635,1,12.3162202381,1.65
2012-09-05 17:59:19,35636,1,12.9537202381,0.6375
2012-09-05 17:59:20,35637,1,12.3636904762,-0.590029761905
2012-09-05 17:59:21,35638,1,10.860639881,-1.50305059524
2012-09-05 17:59:22,35639,1,9.11949404762,-1.74114583333
2012-09-05 17:59:23,35640,1,7.81726190476,-1.30223214286
2012-09-05 17:59:24,35641,1,7.27834821429,-0.538913690476
2012-09-05 17:59:25,35642,1,7.35788690476,0.0795386904762
2012-09-05 17:59:26,35643,1,7.65654761905,0.298660714286
2012-09-05 17:59:27,35644,1,7.85662202381,0.200074404762
2012-09-05 17:59:28,35645,1,7.89010416667,0.0334821428571
2012-09-05 17:59:29,35646,1,7.8646577381,-0.0254464285714
2012-09-05 17:59:30,35647,1,7.88742559524,0.0227678571429
2012-09-05 17:59:31,35648,1,7.9578125,0.0703869047619
2012-09-05 17:59:32,35649,1,7.98244047619,0.0246279761905
2012-09-05 17:59:33,35650,1,7.86257440476,-0.119866071429
2012-09-05 17:59:34,35651,1,7.57073412698,-0.291840277778
2012-09-05 17:59:35,35652,1,7.13425099206,-0.436483134921
2012-09-05 17:59:36,35653,1,6.55915178571,-0.575099206349
2012-09-05 17:59:37,35654,1,5.82981150794,-0.729340277778
2012-09-05 17:59:38,35655,1,4.98834325397,-0.841468253968
2012-09-05 17:59:39,35656,1,4.17351190476,-0.814831349206
2012-09-05 17:59:40,35657,1,3.56746031746,-0.606051587302
2012-09-05 17:59:41,35658,1,3.27435515873,-0.29310515873
2012-09-05 17:59:42,35659,1,3.24479166667,-0.0295634920635
2012-09-05 17:59:43,35660,1,3.36686507937,0.122073412698
2012-09-05 17:59:44,35661,1,3.59585813492,0.228993055556
2012-09-05 17:59:45,35662,1,3.93489583333,0.339037698413
2012-09-05 17:59:46,35663,1,4.35525793651,0.420362103175
2012-09-05 17:59:47,35664,1,4.78678075397,0.43152281746
2012-09-05 17:59:48,35665,1,5.14962797619,0.362847222222
2012-09-05 17:59:49,35666,1,5.39692460317,0.247296626984
2012-09-05 17:59:50,35667,1,5.53484623016,0.137921626984
2012-09-05 17:59:51,35668,1,5.5865327381,0.0516865079365
2012-09-05 17:59:52,35669,1,5.56607142857,-0.0204613095238
2012-09-05 17:59:53,35670,1,5.50200892857,-0.0640625
2012-09-05 17:59:54,35671,1,5.46063988095,-0.0413690476191
2012-09-05 17:59:55,35672,1,5.54456845238,0.0839285714286
2012-09-05 17:59:56,35673,1,5.84441964286,0.299851190476
2012-09-05 17:59:57,35674,1,6.34955357143,0.505133928571
2012-09-05 17:59:58,35675,1,6.92358630952,0.574032738095
2012-09-05 17:59:59,35676,1,7.39508928571,0.47150297619
2012-09-05 18:00:00,35677,1,7.67693452381,0.281845238095
2012-09-05 18:00:01,35678,1,7.80863095238,0.131696428571
2012-09-05 18:00:02,35679,1,7.86011904762,0.0514880952381
2012-09-05 18:00:03,35680,1,7.76884920635,-0.0912698412698
2012-09-05 18:00:04,35681,1,7.33077876984,-0.438070436508
2012-09-05 18:00:05,35682,1,6.41339285714,-0.917385912698
2012-09-05 18:00:06,35683,1,5.14957837302,-1.26381448413
2012-09-05 18:00:07,35684,1,3.89521329365,-1.25436507937
2012-09-05 18:00:08,35685,1,3.00111607143,-0.894097222222
2012-09-05 18:00:09,35686,1,2.58933531746,-0.411780753968
2012-09-05 18:00:10,35687,1,2.52003968254,-0.0692956349206
2012-09-05 18:00:11,35688,1,2.57336309524,0.0533234126984
2012-09-05 18:00:12,35689,1,2.62428075397,0.0509176587302
2012-09-05 18:00:13,35690,1,2.64417162698,0.0198908730159
2012-09-05 18:00:14,35691,1,2.65483630952,0.0106646825397
2012-09-05 18:00:15,35692,1,2.76478174603,0.109945436508
2012-09-05 18:00:16,35693,1,3.16185515873,0.397073412698
2012-09-05 18:00:17,35694,1,3.95200892857,0.790153769841
2012-09-05 18:00:18,35695,1,5.01029265873,1.05828373016
2012-09-05 18:00:19,35696,1,6.0277281746,1.01743551587
2012-09-05 18:00:20,35697,1,6.71160714286,0.683878968254
2012-09-05 18:00:21,35698,1,6.98112599206,0.269518849206
2012-09-05 18:00:22,35699,1,6.98354662698,0.00242063492064
2012-09-05 18:00:23,35700,1,6.8819047619,-0.101641865079
2012-09-05 18:00:24,35701,1,6.65811011905,-0.223794642857
2012-09-05 18:00:25,35702,1,6.18217261905,-0.4759375
2012-09-05 18:00:26,35703,1,5.4209077381,-0.761264880952
2012-09-05 18:00:27,35704,1,4.5090922619,-0.91181547619
2012-09-05 18:00:28,35705,1,3.65199404762,-0.857098214286
2012-09-05 18:00:29,35706,1,3.0025,-0.649494047619
2012-09-05 18:00:30,35707,1,2.6172172619,-0.385282738095
2012-09-05 18:00:31,35708,1,2.49644345238,-0.120773809524
2012-09-05 18:00:32,35709,1,2.61918154762,0.122738095238
2012-09-05 18:00:33,35710,1,2.92023809524,0.301056547619
2012-09-05 18:00:34,35711,1,3.2775,0.357261904762
2012-09-05 18:00:35,35712,1,3.57105654762,0.293556547619
2012-09-05 18:00:36,35713,1,3.76154761905,0.190491071429
2012-09-05 18:00:37,35714,1,3.88279761905,0.12125
2012-09-05 18:00:38,35715,1,3.95825892857,0.0754613095238
2012-09-05 18:00:39,35716,1,3.97328869048,0.0150297619048
2012-09-05 18:00:40,35717,1,3.92678571429,-0.0465029761905
2012-09-05 18:00:41,35718,1,3.85944940476,-0.0673363095238
2012-09-05 18:00:42,35719,1,3.83869047619,-0.0207589285714
2012-09-05 18:00:43,35720,1,3.9459077381,0.107217261905
2012-09-05 18:00:44,35721,1,4.26703869048,0.321130952381
2012-09-05 18:00:45,35722,1,4.87864583333,0.611607142857
2012-09-05 18:00:46,35723,1,5.83392857143,0.955282738095
2012-09-05 18:00:47,35724,1,7.14642857143,1.3125
2012-09-05 18:00:48,35725,1,8.76941964286,1.62299107143
2012-09-05 18:00:49,35726,1,10.5569940476,1.78757440476
2012-09-05 18:00:50,35727,1,12.2170386905,1.66004464286
2012-09-05 18:00:51,35728,1,13.3423363095,1.12529761905
2012-09-05 18:00:52,35729,1,13.5712053571,0.228869047619
2012-09-05 18:00:53,35730,1,12.7736607143,-0.797544642857
2012-09-05 18:00:54,35731,1,11.1165922619,-1.65706845238
2012-09-05 18:00:55,35732,1,8.9790922619,-2.1375
2012-09-05 18:00:56,35733,1,6.79352678571,-2.18556547619
2012-09-05 18:00:57,35734,1,4.9078125,-1.88571428571
2012-09-05 18:00:58,35735,1,3.51964285714,-1.38816964286
2012-09-05 18:00:59,35736,1,2.66592261905,-0.853720238095
2012-09-05 18:01:00,35737,1,2.25223214286,-0.41369047619
2012-09-05 18:01:01,35738,1,2.13578869048,-0.116443452381
2012-09-05 18:01:02,35739,1,2.21421130952,0.0784226190476
2012-09-05 18:01:03,35740,1,2.43883928571,0.22462797619
2012-09-05 18:01:04,35741,1,2.76852678571,0.3296875
2012-09-05 18:01:05,35742,1,3.14055059524,0.372023809524
2012-09-05 18:01:06,35743,1,3.48563988095,0.345089285714
2012-09-05 18:01:07,35744,1,3.76123511905,0.275595238095
2012-09-05 18:01:08,35745,1,3.95900297619,0.197767857143
2012-09-05 18:01:09,35746,1,4.07209821429,0.113095238095
2012-09-05 18:01:10,35747,1,4.07209821429,0.0
2012-09-05 18:01:11,35748,1,3.94285714286,-0.129241071429
2012-09-05 18:01:12,35749,1,3.73720238095,-0.205654761905
2012-09-05 18:01:13,35750,1,3.58139880952,-0.155803571429
2012-09-05 18:01:14,35751,1,3.6,0.0186011904762
2012-09-05 18:01:15,35752,1,3.81547619048,0.215476190476
2012-09-05 18:01:16,35753,1,4.11383928571,0.298363095238
2012-09-05 18:01:17,35754,1,4.3134672619,0.19962797619
2012-09-05 18:01:18,35755,1,4.28950892857,-0.0239583333333
2012-09-05 18:01:19,35756,1,4.06302083333,-0.226488095238
2012-09-05 18:01:20,35757,1,3.77476851852,-0.288252314815
2012-09-05 18:01:21,35758,1,3.55162037037,-0.223148148148
2012-09-05 18:01:22,35759,1,3.39213789683,-0.159482473545
2012-09-05 18:01:23,35760,1,3.19580026455,-0.196337632275
2012-09-05 18:01:24,35761,1,2.89852017196,-0.297280092593
2012-09-05 18:01:25,35762,1,2.5580109127,-0.340509259259
2012-09-05 18:01:26,35763,1,2.30913525132,-0.248875661376
2012-09-05 18:01:27,35764,1,2.24522982804,-0.0639054232804
2012-09-05 18:01:28,35765,1,2.34288194444,0.0976521164021
2012-09-05 18:01:29,35766,1,2.50286871693,0.159986772487
2012-09-05 18:01:30,35767,1,2.64564318783,0.142774470899
2012-09-05 18:01:31,35768,1,2.78509424603,0.139451058201
2012-09-05 18:01:32,35769,1,3.06682374339,0.281729497354
2012-09-05 18:01:33,35770,1,3.68506117725,0.618237433862
2012-09-05 18:01:34,35771,1,4.67889384921,0.993832671958
2012-09-05 18:01:35,35772,1,5.83295304233,1.15405919312
2012-09-05 18:01:36,35773,1,6.79541997354,0.962466931217
2012-09-05 18:01:37,35774,1,7.30414186508,0.508721891534
2012-09-05 18:01:38,35775,1,7.36177248677,0.0576306216931
2012-09-05 18:01:39,35776,1,7.20737433862,-0.154398148148
2012-09-05 18:01:40,35777,1,7.12953869048,-0.0778356481481
2012-09-05 18:01:41,35778,1,7.34055059524,0.211011904762
2012-09-05 18:01:42,35779,1,7.94129464286,0.600744047619
2012-09-05 18:01:43,35780,1,8.88333333333,0.942038690476
2012-09-05 18:01:44,35781,1,9.97254464286,1.08921130952
2012-09-05 18:01:45,35782,1,10.9619047619,0.989360119048
2012-09-05 18:01:46,35783,1,11.6711309524,0.709226190476
2012-09-05 18:01:47,35784,1,12.0558035714,0.384672619048
2012-09-05 18:01:48,35785,1,12.178422619,0.122619047619
2012-09-05 18:01:49,35786,1,12.1160714286,-0.0623511904762
2012-09-05 18:01:50,35787,1,11.9125,-0.203571428571
2012-09-05 18:01:51,35788,1,11.5988095238,-0.31369047619
2012-09-05 18:01:52,35789,1,11.2164434524,-0.382366071428
2012-09-05 18:01:53,35790,1,10.8207589286,-0.39568452381
2012-09-05 18:01:54,35791,1,10.4831845238,-0.337574404762
2012-09-05 18:01:55,35792,1,10.2964285714,-0.186755952381
2012-09-05 18:01:56,35793,1,10.3688988095,0.0724702380952
2012-09-05 18:01:57,35794,1,10.7765625,0.407663690476
2012-09-05 18:01:58,35795,1,11.4821428571,0.705580357143
2012-09-05 18:01:59,35796,1,12.2889136905,0.806770833333
2012-09-05 18:02:00,35797,1,12.8717261905,0.5828125
2012-09-05 18:02:01,35798,1,12.9006696429,0.0289434523809
2012-09-05 18:02:02,35799,1,12.2221554487,-0.678514194139
2012-09-05 18:02:03,35800,1,10.938764881,-1.28339056777
2012-09-05 18:02:04,35801,1,9.3100103022,-1.62875457875
2012-09-05 18:02:05,35802,1,7.6263106685,-1.6836996337
2012-09-05 18:02:06,35803,1,6.14293727106,-1.48337339744
2012-09-05 18:02:07,35804,1,5.02078182234,-1.12215544872
2012-09-05 18:02:08,35805,1,4.30574061355,-0.715041208791
2012-09-05 18:02:09,35806,1,3.95414949634,-0.351591117216
2012-09-05 18:02:10,35807,1,3.84440247253,-0.10974702381
2012-09-05 18:02:11,35808,1,3.82472527473,-0.0196771978022
2012-09-05 18:02:12,35809,1,3.80402930403,-0.020695970696
2012-09-05 18:02:13,35810,1,3.76923076923,-0.0347985347985
2012-09-05 18:02:14,35811,1,3.73076923077,-0.0384615384615
2012-09-05 18:02:15,35812,1,3.69016712454,-0.0406021062271
2012-09-05 18:02:16,35813,1,3.6420157967,-0.0481513278388
2012-09-05 18:02:17,35814,1,3.59592490842,-0.0460908882784
2012-09-05 18:02:18,35815,1,3.60329097985,0.00736607142857
2012-09-05 18:02:19,35816,1,3.7371165293,0.133825549451
2012-09-05 18:02:20,35817,1,4.03464972527,0.297533195971
2012-09-05 18:02:21,35818,1,4.47819368132,0.443543956044
2012-09-05 18:02:22,35819,1,5.02153159341,0.543337912088
2012-09-05 18:02:23,35820,1,5.62243017399,0.600898580586
2012-09-05 18:02:24,35821,1,6.25029761905,0.627867445055
2012-09-05 18:02:25,35822,1,6.8551510989,0.604853479853
2012-09-05 18:02:26,35823,1,7.3724702381,0.517319139194
2012-09-05 18:02:27,35824,1,7.80669642857,0.434226190476
2012-09-05 18:02:28,35825,1,8.25580357143,0.449107142857
2012-09-05 18:02:29,35826,1,8.79836309524,0.54255952381
2012-09-05 18:02:30,35827,1,9.38303571429,0.584672619048
2012-09-05 18:02:31,35828,1,9.84761904762,0.464583333333
2012-09-05 18:02:32,35829,1,10.0392857143,0.191666666667
2012-09-05 18:02:33,35830,1,9.92388392857,-0.115401785714
2012-09-05 18:02:34,35831,1,9.59203869048,-0.331845238095
2012-09-05 18:02:35,35832,1,9.1896577381,-0.402380952381
2012-09-05 18:02:36,35833,1,8.85833333333,-0.331324404762
2012-09-05 18:02:37,35834,1,8.6759672619,-0.182366071429
2012-09-05 18:02:38,35835,1,8.58177083333,-0.0941964285714
2012-09-05 18:02:39,35836,1,8.38824404762,-0.193526785714
2012-09-05 18:02:40,35837,1,7.92782738095,-0.460416666667
2012-09-05 18:02:41,35838,1,7.19538690476,-0.73244047619
2012-09-05 18:02:42,35839,1,6.34025297619,-0.855133928571
2012-09-05 18:02:43,35840,1,5.53869047619,-0.8015625
2012-09-05 18:02:44,35841,1,4.90342261905,-0.635267857143
2012-09-05 18:02:45,35842,1,4.50171130952,-0.401711309524
2012-09-05 18:02:46,35843,1,4.38139880952,-0.1203125
2012-09-05 18:02:47,35844,1,4.52671130952,0.1453125
2012-09-05 18:02:48,35845,1,4.8203125,0.293601190476
2012-09-05 18:02:49,35846,1,5.090625,0.2703125
2012-09-05 18:02:50,35847,1,5.20572916667,0.115104166667
2012-09-05 18:02:51,35848,1,5.12857142857,-0.0771577380952
2012-09-05 18:02:52,35849,1,4.90037202381,-0.228199404762
2012-09-05 18:02:53,35850,1,4.59441964286,-0.305952380952
2012-09-05 18:02:54,35851,1,4.2931547619,-0.301264880952
2012-09-05 18:02:55,35852,1,4.0875,-0.205654761905
2012-09-05 18:02:56,35853,1,4.07760416667,-0.00989583333333
2012-09-05 18:02:57,35854,1,4.38005952381,0.302455357143
2012-09-05 18:02:58,35855,1,5.1197172619,0.739657738095
2012-09-05 18:02:59,35856,1,6.3412202381,1.22150297619
2012-09-05 18:03:00,35857,1,7.8828125,1.5415922619
2012-09-05 18:03:01,35858,1,9.38787202381,1.50505952381
2012-09-05 18:03:02,35859,1,10.4990327381,1.11116071429
2012-09-05 18:03:03,35860,1,11.0633928571,0.564360119048
2012-09-05 18:03:04,35861,1,11.1883928571,0.125
2012-09-05 18:03:05,35862,1,11.116889881,-0.0715029761905
2012-09-05 18:03:06,35863,1,11.0204613095,-0.0964285714286
2012-09-05 18:03:07,35864,1,10.9058779762,-0.114583333333
2012-09-05 18:03:08,35865,1,10.6966517857,-0.209226190476
2012-09-05 18:03:09,35866,1,10.3311011905,-0.365550595238
2012-09-05 18:03:10,35867,1,9.7759672619,-0.555133928571
2012-09-05 18:03:11,35868,1,9.01555059524,-0.760416666667
2012-09-05 18:03:12,35869,1,8.05587797619,-0.959672619048
2012-09-05 18:03:13,35870,1,6.93958333333,-1.11629464286
2012-09-05 18:03:14,35871,1,5.765625,-1.17395833333
2012-09-05 18:03:15,35872,1,4.67023809524,-1.09538690476
2012-09-05 18:03:16,35873,1,3.76517857143,-0.90505952381
2012-09-05 18:03:17,35874,1,3.10223214286,-0.662946428571
2012-09-05 18:03:18,35875,1,2.68214285714,-0.420089285714
2012-09-05 18:03:19,35876,1,2.46785714286,-0.214285714286
2012-09-05 18:03:20,35877,1,2.39144345238,-0.0764136904762
2012-09-05 18:03:21,35878,1,2.3740327381,-0.0174107142857
2012-09-05 18:03:22,35879,1,2.37410714286,7.44047618997e-05
2012-09-05 18:03:23,35880,1,2.43080357143,0.0566964285714
2012-09-05 18:03:24,35881,1,2.62797619048,0.197172619048
2012-09-05 18:03:25,35882,1,2.99337797619,0.365401785714
2012-09-05 18:03:26,35883,1,3.43988095238,0.44650297619
2012-09-05 18:03:27,35884,1,3.79791666667,0.358035714286
2012-09-05 18:03:28,35885,1,3.92358630952,0.125669642857
2012-09-05 18:03:29,35886,1,3.81629464286,-0.107291666667
2012-09-05 18:03:30,35887,1,3.61443452381,-0.201860119048
2012-09-05 18:03:31,35888,1,3.45989583333,-0.154538690476
2012-09-05 18:03:32,35889,1,3.40007440476,-0.0598214285714
2012-09-05 18:03:33,35890,1,3.4290922619,0.0290178571429
2012-09-05 18:03:34,35891,1,3.61324404762,0.184151785714
2012-09-05 18:03:35,35892,1,4.15677083333,0.543526785714
2012-09-05 18:03:36,35893,1,5.2646577381,1.10788690476
2012-09-05 18:03:37,35894,1,6.8875,1.6228422619
2012-09-05 18:03:38,35895,1,8.65803571429,1.77053571429
2012-09-05 18:03:39,35896,1,10.1348958333,1.47686011905
2012-09-05 18:03:40,35897,1,11.0878720238,0.952976190476
2012-09-05 18:03:41,35898,1,11.5210565476,0.43318452381
2012-09-05 18:03:42,35899,1,11.4676339286,-0.0534226190476
2012-09-05 18:03:43,35900,1,10.8676339286,-0.6
2012-09-05 18:03:44,35901,1,9.69858630952,-1.16904761905
2012-09-05 18:03:45,35902,1,8.16257440476,-1.53601190476
2012-09-05 18:03:46,35903,1,6.64694940476,-1.515625
2012-09-05 18:03:47,35904,1,5.47068452381,-1.17626488095
2012-09-05 18:03:48,35905,1,4.72306547619,-0.747619047619
2012-09-05 18:03:49,35906,1,4.40044642857,-0.322619047619
2012-09-05 18:03:50,35907,1,4.6162202381,0.215773809524
2012-09-05 18:03:51,35908,1,5.52760416667,0.911383928571
2012-09-05 18:03:52,35909,1,7.05706845238,1.52946428571
2012-09-05 18:03:53,35910,1,8.79821428571,1.74114583333
2012-09-05 18:03:54,35911,1,10.2392113095,1.44099702381
2012-09-05 18:03:55,35912,1,11.0855654762,0.846354166667
2012-09-05 18:03:56,35913,1,11.3995535714,0.313988095238
2012-09-05 18:03:57,35914,1,11.440922619,0.041369047619
2012-09-05 18:03:58,35915,1,11.376860119,-0.0640625
2012-09-05 18:03:59,35916,1,11.1489583333,-0.227901785714
2012-09-05 18:04:00,35917,1,10.5693303571,-0.57962797619
2012-09-05 18:04:01,35918,1,9.48744047619,-1.08188988095
2012-09-05 18:04:02,35919,1,7.91302083333,-1.57441964286
2012-09-05 18:04:03,35920,1,6.0769047619,-1.83611607143
2012-09-05 18:04:04,35921,1,4.36547619048,-1.71142857143
2012-09-05 18:04:05,35922,1,3.11977678571,-1.24569940476
2012-09-05 18:04:06,35923,1,2.46482142857,-0.654955357143
2012-09-05 18:04:07,35924,1,2.30494047619,-0.159880952381
2012-09-05 18:04:08,35925,1,2.44944940476,0.144508928571
2012-09-05 18:04:09,35926,1,2.74849702381,0.299047619048
2012-09-05 18:04:10,35927,1,3.13208333333,0.383586309524
2012-09-05 18:04:11,35928,1,3.55141369048,0.419330357143
2012-09-05 18:04:12,35929,1,3.91639880952,0.364985119048
2012-09-05 18:04:13,35930,1,4.09985119048,0.183452380952
2012-09-05 18:04:14,35931,1,4.00697916667,-0.0928720238095
2012-09-05 18:04:15,35932,1,3.645625,-0.361354166667
2012-09-05 18:04:16,35933,1,3.13660714286,-0.509017857143
2012-09-05 18:04:17,35934,1,2.69129464286,-0.4453125
2012-09-05 18:04:18,35935,1,2.61793154762,-0.0733630952381
2012-09-05 18:04:19,35936,1,3.29568452381,0.67775297619
2012-09-05 18:04:20,35937,1,4.97232142857,1.67663690476
2012-09-05 18:04:21,35938,1,7.48459821429,2.51227678571
2012-09-05 18:04:22,35939,1,10.2325892857,2.74799107143
2012-09-05 18:04:23,35940,1,12.498735119,2.26614583333
2012-09-05 18:04:24,35941,1,13.8640625,1.36532738095
2012-09-05 18:04:25,35942,1,14.3952380952,0.531175595238
2012-09-05 18:04:26,35943,1,14.4185267857,0.0232886904762
2012-09-05 18:04:27,35944,1,14.1267113095,-0.291815476191
2012-09-05 18:04:28,35945,1,13.4864583333,-0.640252976191
2012-09-05 18:04:29,35946,1,12.4625,-1.02395833333
2012-09-05 18:04:30,35947,1,11.1944196429,-1.26808035714
2012-09-05 18:04:31,35948,1,9.9603422619,-1.23407738095
2012-09-05 18:04:32,35949,1,9.01912202381,-0.941220238095
2012-09-05 18:04:33,35950,1,8.4759672619,-0.543154761905
2012-09-05 18:04:34,35951,1,8.27239583333,-0.203571428571
2012-09-05 18:04:35,35952,1,8.27894345238,0.00654761904762
2012-09-05 18:04:36,35953,1,8.40602678571,0.127083333333
2012-09-05 18:04:37,35954,1,8.67261904762,0.266592261905
2012-09-05 18:04:38,35955,1,9.16569940476,0.493080357143
2012-09-05 18:04:39,35956,1,9.8875,0.721800595238
2012-09-05 18:04:40,35957,1,10.6408482143,0.753348214286
2012-09-05 18:04:41,35958,1,11.1073660714,0.466517857143
2012-09-05 18:04:42,35959,1,11.0747767857,-0.0325892857143
2012-09-05 18:04:43,35960,1,10.5956845238,-0.479092261905
2012-09-05 18:04:44,35961,1,9.92552083333,-0.670163690476
2012-09-05 18:04:45,35962,1,9.32626488095,-0.599255952381
2012-09-05 18:04:46,35963,1,8.93839285714,-0.38787202381
2012-09-05 18:04:47,35964,1,8.79650297619,-0.141889880952
2012-09-05 18:04:48,35965,1,8.8927827381,0.0962797619048
2012-09-05 18:04:49,35966,1,9.1865327381,0.29375
2012-09-05 18:04:50,35967,1,9.58333333333,0.396800595238
2012-09-05 18:04:51,35968,1,9.9650297619,0.381696428571
2012-09-05 18:04:52,35969,1,10.265922619,0.300892857143
2012-09-05 18:04:53,35970,1,10.5104910714,0.244568452381
2012-09-05 18:04:54,35971,1,10.7898065476,0.27931547619
2012-09-05 18:04:55,35972,1,11.233110119,0.443303571429
2012-09-05 18:04:56,35973,1,11.9635416667,0.730431547619
2012-09-05 18:04:57,35974,1,12.9980654762,1.03452380952
2012-09-05 18:04:58,35975,1,14.1848958333,1.18683035714
2012-09-05 18:04:59,35976,1,15.2758928571,1.09099702381
2012-09-05 18:05:00,35977,1,16.0761160714,0.800223214286
2012-09-05 18:05:01,35978,1,16.5586309524,0.482514880952
2012-09-05 18:05:02,35979,1,16.8548363095,0.296205357143
2012-09-05 18:05:03,35980,1,17.118452381,0.263616071429
2012-09-05 18:05:04,35981,1,17.4101934524,0.291741071429
2012-09-05 18:05:05,35982,1,17.704389881,0.294196428571
2012-09-05 18:05:06,35983,1,17.9448660714,0.240476190476
2012-09-05 18:05:07,35984,1,18.0735863095,0.128720238095
2012-09-05 18:05:08,35985,1,18.0402529762,-0.0333333333333
2012-09-05 18:05:09,35986,1,17.8101190476,-0.230133928571
2012-09-05 18:05:10,35987,1,17.3630208333,-0.447098214286
2012-09-05 18:05:11,35988,1,16.6848958333,-0.678125
2012-09-05 18:05:12,35989,1,15.7800595238,-0.904836309524
2012-09-05 18:05:13,35990,1,14.7061011905,-1.07395833333
2012-09-05 18:05:14,35991,1,13.5869791667,-1.11912202381
2012-09-05 18:05:15,35992,1,12.5837053571,-1.00327380952
2012-09-05 18:05:16,35993,1,11.8424107143,-0.741294642857
2012-09-05 18:05:17,35994,1,11.4465029762,-0.395907738095
2012-09-05 18:05:18,35995,1,11.3994791667,-0.0470238095238
2012-09-05 18:05:19,35996,1,11.6424107143,0.242931547619
2012-09-05 18:05:20,35997,1,12.0802827381,0.437872023809
2012-09-05 18:05:21,35998,1,12.5982142857,0.517931547619
2012-09-05 18:05:22,35999,1,13.0701636905,0.471949404762
2012-09-05 18:05:23,36000,1,13.3736607143,0.30349702381
2012-09-05 18:05:24,36001,1,13.427827381,0.0541666666667
2012-09-05 18:05:25,36002,1,13.2642857143,-0.163541666667
2012-09-05 18:05:26,36003,1,13.1069940476,-0.157291666667
2012-09-05 18:05:27,36004,1,13.3696428571,0.262648809524
2012-09-05 18:05:28,36005,1,14.4840029762,1.11436011905
2012-09-05 18:05:29,36006,1,16.6469494048,2.16294642857
2012-09-05 18:05:30,36007,1,19.6933035714,3.04635416667
2012-09-05 18:05:31,36008,1,23.1671875,3.47388392857
2012-09-05 18:05:32,36009,1,26.4915178571,3.32433035714
2012-09-05 18:05:33,36010,1,29.1203125,2.62879464286
2012-09-05 18:05:34,36011,1,30.6508928571,1.53058035714
2012-09-05 18:05:35,36012,1,30.9347470238,0.283854166667
2012-09-05 18:05:36,36013,1,30.1496279762,-0.785119047619
2012-09-05 18:05:37,36014,1,28.7354910714,-1.41413690476
2012-09-05 18:05:38,36015,1,27.2037946429,-1.53169642857
2012-09-05 18:05:39,36016,1,25.9498511905,-1.25394345238
2012-09-05 18:05:40,36017,1,25.1915178571,-0.758333333333
2012-09-05 18:05:41,36018,1,25.0124255952,-0.179092261905
2012-09-05 18:05:42,36019,1,25.3821428571,0.369717261905
2012-09-05 18:05:43,36020,1,26.1526041667,0.770461309524
2012-09-05 18:05:44,36021,1,27.1149553571,0.962351190476
2012-09-05 18:05:45,36022,1,28.0775297619,0.962574404762
2012-09-05 18:05:46,36023,1,28.8995535714,0.822023809524
2012-09-05 18:05:47,36024,1,29.4967261905,0.597172619048
2012-09-05 18:05:48,36025,1,29.8545386905,0.3578125
2012-09-05 18:05:49,36026,1,30.0608630952,0.206324404762
2012-09-05 18:05:50,36027,1,30.2825892857,0.221726190476
2012-09-05 18:05:51,36028,1,30.6256696429,0.343080357143
2012-09-05 18:05:52,36029,1,31.0139880952,0.388318452381
2012-09-05 18:05:53,36030,1,31.2439732143,0.229985119048
2012-09-05 18:05:54,36031,1,31.1749255952,-0.0690476190476
2012-09-05 18:05:55,36032,1,30.8953869048,-0.279538690476
2012-09-05 18:05:56,36033,1,30.7084821429,-0.186904761905
2012-09-05 18:05:57,36034,1,30.9188988095,0.210416666667
2012-09-05 18:05:58,36035,1,31.6040178571,0.685119047619
2012-09-05 18:05:59,36036,1,32.5538690476,0.949851190476
2012-09-05 18:06:00,36037,1,33.4148065476,0.8609375
2012-09-05 18:06:01,36038,1,33.9423363095,0.527529761905
2012-09-05 18:06:02,36039,1,34.171875,0.229538690476
2012-09-05 18:06:03,36040,1,34.3616815476,0.189806547619
2012-09-05 18:06:04,36041,1,34.7752232143,0.413541666667
2012-09-05 18:06:05,36042,1,35.4973214286,0.722098214286
2012-09-05 18:06:06,36043,1,36.4021577381,0.904836309524
2012-09-05 18:06:07,36044,1,37.2729910714,0.870833333333
2012-09-05 18:06:08,36045,1,37.9839285714,0.7109375
2012-09-05 18:06:09,36046,1,38.5852678571,0.601339285714
2012-09-05 18:06:10,36047,1,39.2207589286,0.635491071428
2012-09-05 18:06:11,36048,1,39.9833333333,0.762574404762
2012-09-05 18:06:12,36049,1,40.8385416667,0.855208333333
2012-09-05 18:06:13,36050,1,41.6701636905,0.83162202381
2012-09-05 18:06:14,36051,1,42.4023809524,0.732217261905
2012-09-05 18:06:15,36052,1,43.0302083333,0.627827380952
2012-09-05 18:06:16,36053,1,43.5011160714,0.470907738095
2012-09-05 18:06:17,36054,1,43.6489583333,0.147842261905
2012-09-05 18:06:18,36055,1,43.3199404762,-0.329017857143
2012-09-05 18:06:19,36056,1,42.5476190476,-0.772321428572
2012-09-05 18:06:20,36057,1,41.5595982143,-0.988020833333
2012-09-05 18:06:21,36058,1,40.5692708333,-0.990327380952
2012-09-05 18:06:22,36059,1,39.5292410714,-1.0400297619
2012-09-05 18:06:23,36060,1,38.0851934524,-1.44404761905
2012-09-05 18:06:24,36061,1,35.7977678571,-2.28742559524
2012-09-05 18:06:25,36062,1,32.484077381,-3.31369047619
2012-09-05 18:06:26,36063,1,28.4048363095,-4.07924107143
2012-09-05 18:06:27,36064,1,24.1021577381,-4.30267857143
2012-09-05 18:06:28,36065,1,20.0145089286,-4.08764880952
2012-09-05 18:06:29,36066,1,16.1995535714,-3.81495535714
2012-09-05 18:06:30,36067,1,12.398139881,-3.80141369048
2012-09-05 18:06:31,36068,1,8.44947916667,-3.94866071429
2012-09-05 18:06:32,36069,1,4.75141369048,-3.69806547619
2012-09-05 18:06:33,36070,1,0.0,-4.75141369048
2012-09-05 18:07:00,36097,27,0.0,0.0
2012-09-05 18:07:01,36098,1,3.18660714286,3.18660714286
2012-09-05 18:07:02,36099,1,6.06242559524,2.87581845238
2012-09-05 18:07:03,36100,1,9.53355654762,3.47113095238
2012-09-05 18:07:04,36101,1,13.0008184524,3.46726190476
2012-09-05 18:07:05,36102,1,16.0871279762,3.08630952381
2012-09-05 18:07:06,36103,1,18.5546875,2.46755952381
2012-09-05 18:07:07,36104,1,20.2744047619,1.7197172619
2012-09-05 18:07:08,36105,1,21.2351190476,0.960714285714
2012-09-05 18:07:09,36106,1,21.5401041667,0.304985119048
2012-09-05 18:07:10,36107,1,21.3837797619,-0.156324404762
2012-09-05 18:07:11,36108,1,20.974702381,-0.409077380952
2012-09-05 18:07:12,36109,1,20.4340029762,-0.540699404762
2012-09-05 18:07:13,36110,1,19.7943452381,-0.639657738095
2012-09-05 18:07:14,36111,1,19.1119047619,-0.68244047619
2012-09-05 18:07:15,36112,1,18.5550595238,-0.556845238095
2012-09-05 18:07:16,36113,1,18.3616071429,-0.193452380952
2012-09-05 18:07:17,36114,1,18.6830357143,0.321428571429
2012-09-05 18:07:18,36115,1,19.4432291667,0.760193452381
2012-09-05 18:07:19,36116,1,20.3235119048,0.880282738095
2012-09-05 18:07:20,36117,1,20.8674107143,0.543898809524
2012-09-05 18:07:21,36118,1,20.6514880952,-0.215922619048
2012-09-05 18:07:22,36119,1,19.4639136905,-1.18757440476
2012-09-05 18:07:23,36120,1,17.3781994048,-2.08571428571
2012-09-05 18:07:24,36121,1,14.6633556548,-2.71484375
2012-09-05 18:07:25,36122,1,11.6495535714,-3.01380208333
2012-09-05 18:07:26,36123,1,8.67689732143,-2.97265625
2012-09-05 18:07:27,36124,1,6.08005952381,-2.59683779762
2012-09-05 18:07:28,36125,1,4.12775297619,-1.95230654762
2012-09-05 18:07:29,36126,1,2.93697916667,-1.19077380952
2012-09-05 18:07:30,36127,1,2.41171875,-0.525260416667
2012-09-05 18:07:31,36128,1,2.28080357143,-0.130915178571
2012-09-05 18:07:32,36129,1,2.26901041667,-0.0117931547619
2012-09-05 18:07:33,36130,1,2.23705357143,-0.0319568452381
2012-09-05 18:07:34,36131,1,2.1486235119,-0.0884300595238
2012-09-05 18:07:35,36132,1,2.040625,-0.107998511905
2012-09-05 18:07:36,36133,1,2.14854910714,0.107924107143
2012-09-05 18:07:37,36134,1,2.91882440476,0.770275297619
2012-09-05 18:07:38,36135,1,4.68697916667,1.7681547619
2012-09-05 18:07:39,36136,1,7.3525297619,2.66555059524
2012-09-05 18:07:40,36137,1,10.4359002976,3.08337053571
2012-09-05 18:07:41,36138,1,13.41875,2.98284970238
2012-09-05 18:07:42,36139,1,16.0407366071,2.62198660714
2012-09-05 18:07:43,36140,1,18.327827381,2.28709077381
2012-09-05 18:07:44,36141,1,20.3738095238,2.04598214286
2012-09-05 18:07:45,36142,1,22.1686755952,1.79486607143
2012-09-05 18:07:46,36143,1,23.6488095238,1.48013392857
2012-09-05 18:07:47,36144,1,24.7806547619,1.1318452381
2012-09-05 18:07:48,36145,1,25.5320684524,0.751413690476
2012-09-05 18:07:49,36146,1,25.8625744048,0.330505952381
2012-09-05 18:07:50,36147,1,25.7980654762,-0.0645089285714
2012-09-05 18:07:51,36148,1,25.462202381,-0.335863095238
2012-09-05 18:07:52,36149,1,25.0166666667,-0.445535714286
2012-09-05 18:07:53,36150,1,24.591889881,-0.424776785714
2012-09-05 18:07:54,36151,1,24.2569196429,-0.334970238095
2012-09-05 18:07:55,36152,1,24.0052083333,-0.251711309524
2012-09-05 18:07:56,36153,1,23.7177083333,-0.2875
2012-09-05 18:07:57,36154,1,23.1519345238,-0.565773809524
2012-09-05 18:07:58,36155,1,22.0602678571,-1.09166666667
2012-09-05 18:07:59,36156,1,20.3792410714,-1.68102678571
2012-09-05 18:08:00,36157,1,18.293452381,-2.08578869048
2012-09-05 18:08:01,36158,1,16.0982886905,-2.19516369048
2012-09-05 18:08:02,36159,1,13.9712797619,-2.12700892857
2012-09-05 18:08:03,36160,1,11.8540922619,-2.1171875
2012-09-05 18:08:04,36161,1,9.59613095238,-2.25796130952
2012-09-05 18:08:05,36162,1,7.23802083333,-2.35811011905
2012-09-05 18:08:06,36163,1,5.10022893773,-2.1377918956
2012-09-05 18:08:07,36164,1,3.55438988095,-1.54583905678
2012-09-05 18:08:08,36165,1,2.72627632784,-0.828113553114
2012-09-05 18:08:09,36166,1,2.43039148352,-0.295884844322
2012-09-05 18:08:10,36167,1,2.36877289377,-0.0616185897436
2012-09-05 18:08:11,36168,1,2.36757669414,-0.0011961996337
2012-09-05 18:08:12,36169,1,2.4309981685,0.063421474359
2012-09-05 18:08:13,36170,1,2.6178628663,0.186864697802
2012-09-05 18:08:14,36171,1,2.92076465201,0.302901785714
2012-09-05 18:08:15,36172,1,3.27404990842,0.35328525641
2012-09-05 18:08:16,36173,1,3.62891483516,0.35486492674
2012-09-05 18:08:17,36174,1,3.97692307692,0.348008241758
2012-09-05 18:08:18,36175,1,4.32307692308,0.346153846154
2012-09-05 18:08:19,36176,1,4.66394230769,0.340865384615
2012-09-05 18:08:20,36177,1,4.981753663,0.317811355311
2012-09-05 18:08:21,36178,1,5.28823832418,0.306484661172
2012-09-05 18:08:22,36179,1,5.72908653846,0.440848214286
2012-09-05 18:08:23,36180,1,6.60203754579,0.872951007326
2012-09-05 18:08:24,36181,1,8.18301854396,1.58098099817
2012-09-05 18:08:25,36182,1,10.5030277015,2.32000915751
2012-09-05 18:08:26,36183,1,13.2507841117,2.74775641026
2012-09-05 18:08:27,36184,1,15.8773695055,2.62658539377
2012-09-05 18:08:28,36185,1,17.8798363095,2.00246680403
2012-09-05 18:08:29,36186,1,19.0261847527,1.14634844322
2012-09-05 18:08:30,36187,1,19.3369047619,0.310720009158
2012-09-05 18:08:31,36188,1,18.9665178571,-0.370386904762
2012-09-05 18:08:32,36189,1,18.1307291667,-0.835788690476
2012-09-05 18:08:33,36190,1,17.0729910714,-1.05773809524
2012-09-05 18:08:34,36191,1,16.0802083333,-0.992782738095
2012-09-05 18:08:35,36192,1,15.4994047619,-0.580803571428
2012-09-05 18:08:36,36193,1,15.6703869048,0.170982142857
2012-09-05 18:08:37,36194,1,16.8004464286,1.13005952381
2012-09-05 18:08:38,36195,1,18.8450892857,2.04464285714
2012-09-05 18:08:39,36196,1,21.4654761905,2.62038690476
2012-09-05 18:08:40,36197,1,24.1438988095,2.67842261905
2012-09-05 18:08:41,36198,1,26.4122767857,2.26837797619
2012-09-05 18:08:42,36199,1,28.0303571429,1.61808035714
2012-09-05 18:08:43,36200,1,29.0058779762,0.975520833333
2012-09-05 18:08:44,36201,1,29.4841517857,0.478273809524
2012-09-05 18:08:45,36202,1,29.621875,0.137723214286
2012-09-05 18:08:46,36203,1,29.5385416667,-0.0833333333333
2012-09-05 18:08:47,36204,1,29.3422619048,-0.196279761905
2012-09-05 18:08:48,36205,1,29.154389881,-0.18787202381
2012-09-05 18:08:49,36206,1,29.0811755952,-0.0732142857143
2012-09-05 18:08:50,36207,1,29.1662202381,0.0850446428571
2012-09-05 18:08:51,36208,1,29.3765625,0.210342261905
2012-09-05 18:08:52,36209,1,29.6318452381,0.255282738095
2012-09-05 18:08:53,36210,1,29.8675595238,0.235714285714
2012-09-05 18:08:54,36211,1,30.093452381,0.225892857143
2012-09-05 18:08:55,36212,1,30.3842261905,0.290773809524
2012-09-05 18:08:56,36213,1,30.8000744048,0.415848214286
2012-09-05 18:08:57,36214,1,31.3236607143,0.523586309524
2012-09-05 18:08:58,36215,1,31.896577381,0.572916666667
2012-09-05 18:08:59,36216,1,32.5046130952,0.608035714286
2012-09-05 18:09:00,36217,1,33.1790922619,0.674479166667
2012-09-05 18:09:01,36218,1,33.9079613095,0.728869047619
2012-09-05 18:09:02,36219,1,34.5802083333,0.67224702381
2012-09-05 18:09:03,36220,1,35.0388392857,0.458630952381
2012-09-05 18:09:04,36221,1,35.1978422619,0.159002976191
2012-09-05 18:09:05,36222,1,35.1061755952,-0.0916666666667
2012-09-05 18:09:06,36223,1,34.8915178571,-0.214657738095
2012-09-05 18:09:07,36224,1,34.6575892857,-0.233928571429
2012-09-05 18:09:08,36225,1,34.4448660714,-0.212723214286
2012-09-05 18:09:09,36226,1,34.251264881,-0.193601190476
2012-09-05 18:09:10,36227,1,34.0461309524,-0.205133928571
2012-09-05 18:09:11,36228,1,33.7738839286,-0.272247023809
2012-09-05 18:09:12,36229,1,33.3829613095,-0.390922619048
2012-09-05 18:09:13,36230,1,32.8703125,-0.512648809524
2012-09-05 18:09:14,36231,1,32.2892113095,-0.581101190476
2012-09-05 18:09:15,36232,1,31.6861607143,-0.603050595238
2012-09-05 18:09:16,36233,1,31.0151041667,-0.671056547619
2012-09-05 18:09:17,36234,1,30.1185267857,-0.896577380952
2012-09-05 18:09:18,36235,1,28.7943452381,-1.32418154762
2012-09-05 18:09:19,36236,1,26.9048363095,-1.88950892857
2012-09-05 18:09:20,36237,1,24.4595238095,-2.4453125
2012-09-05 18:09:21,36238,1,21.609375,-2.85014880952
2012-09-05 18:09:22,36239,1,18.5773065476,-3.03206845238
2012-09-05 18:09:23,36240,1,15.5805803571,-2.99672619048
2012-09-05 18:09:24,36241,1,12.7523809524,-2.82819940476
2012-09-05 18:09:25,36242,1,10.0970982143,-2.6552827381
2012-09-05 18:09:26,36243,1,7.5306547619,-2.56644345238
2012-09-05 18:09:27,36244,1,5.02142857143,-2.50922619048
2012-09-05 18:09:28,36245,1,2.79144345238,-2.22998511905
2012-09-05 18:09:29,36246,1,0.0,-2.79144345238
2012-09-05 18:09:48,36265,19,0.0,0.0
2012-09-05 18:09:49,36266,1,1.85230654762,1.85230654762
2012-09-05 18:09:50,36267,1,3.021875,1.16956845238
2012-09-05 18:09:51,36268,1,4.00066964286,0.978794642857
2012-09-05 18:09:52,36269,1,4.57194940476,0.571279761905
2012-09-05 18:09:53,36270,1,4.81860119048,0.246651785714
2012-09-05 18:09:54,36271,1,4.89711681548,0.078515625
2012-09-05 18:09:55,36272,1,4.88263578869,-0.0144810267857
2012-09-05 18:09:56,36273,1,4.749609375,-0.13302641369
2012-09-05 18:09:57,36274,1,4.45854724702,-0.291062127976
2012-09-05 18:09:58,36275,1,4.04263392857,-0.415913318452
2012-09-05 18:09:59,36276,1,3.60863095238,-0.43400297619
2012-09-05 18:10:00,36277,1,3.27388392857,-0.33474702381
2012-09-05 18:10:01,36278,1,3.09619605655,-0.177687872024
2012-09-05 18:10:02,36279,1,3.04185267857,-0.0543433779762
2012-09-05 18:10:03,36280,1,3.02775297619,-0.014099702381
2012-09-05 18:10:04,36281,1,3.00204613095,-0.0257068452381
2012-09-05 18:10:05,36282,1,2.99621465774,-0.00583147321428
2012-09-05 18:10:06,36283,1,3.14754464286,0.151329985119
2012-09-05 18:10:07,36284,1,3.69389880952,0.546354166667
2012-09-05 18:10:08,36285,1,4.87879464286,1.18489583333
2012-09-05 18:10:09,36286,1,6.77099144345,1.8921968006
2012-09-05 18:10:10,36287,1,9.15731026786,2.3863188244
2012-09-05 18:10:11,36288,1,11.6277064732,2.47039620536
2012-09-05 18:10:12,36289,1,13.7922433036,2.16453683036
2012-09-05 18:10:13,36290,1,15.4804315476,1.68818824405
2012-09-05 18:10:14,36291,1,16.7616071429,1.28117559524
2012-09-05 18:10:15,36292,1,17.7889136905,1.02730654762
2012-09-05 18:10:16,36293,1,18.6906994048,0.901785714286
2012-09-05 18:10:17,36294,1,19.5930059524,0.902306547619
2012-09-05 18:10:18,36295,1,20.6361607143,1.0431547619
2012-09-05 18:10:19,36296,1,21.9306547619,1.29449404762
2012-09-05 18:10:20,36297,1,23.4922619048,1.56160714286
2012-09-05 18:10:21,36298,1,25.2103422619,1.71808035714
2012-09-05 18:10:22,36299,1,26.9002232143,1.68988095238
2012-09-05 18:10:23,36300,1,28.3829613095,1.48273809524
2012-09-05 18:10:24,36301,1,29.5169642857,1.13400297619
2012-09-05 18:10:25,36302,1,30.2035714286,0.686607142857
2012-09-05 18:10:26,36303,1,30.3745535714,0.170982142857
2012-09-05 18:10:27,36304,1,29.9563244048,-0.418229166667
2012-09-05 18:10:28,36305,1,28.8607142857,-1.09561011905
2012-09-05 18:10:29,36306,1,27.0195684524,-1.84114583333
2012-09-05 18:10:30,36307,1,24.4306547619,-2.58891369048
2012-09-05 18:10:31,36308,1,21.1890625,-3.2415922619
2012-09-05 18:10:32,36309,1,17.4866815476,-3.70238095238
2012-09-05 18:10:33,36310,1,13.6045386905,-3.88214285714
2012-09-05 18:10:34,36311,1,9.91741071429,-3.68712797619
2012-09-05 18:10:35,36312,1,6.82901785714,-3.08839285714
2012-09-05 18:10:36,36313,1,4.603125,-2.22589285714
2012-09-05 18:10:37,36314,1,3.23779761905,-1.36532738095
2012-09-05 18:10:38,36315,1,2.51287202381,-0.724925595238
2012-09-05 18:10:39,36316,1,2.15379464286,-0.359077380952
2012-09-05 18:10:40,36317,1,1.96912202381,-0.184672619048
2012-09-05 18:10:41,36318,1,1.88370535714,-0.0854166666667
2012-09-05 18:10:42,36319,1,1.90193452381,0.0182291666667
2012-09-05 18:10:43,36320,1,2.06711309524,0.165178571429
2012-09-05 18:10:44,36321,1,2.42098214286,0.353869047619
2012-09-05 18:10:45,36322,1,2.94724702381,0.526264880952
2012-09-05 18:10:46,36323,1,3.5459077381,0.598660714286
2012-09-05 18:10:47,36324,1,4.09851190476,0.552604166667
2012-09-05 18:10:48,36325,1,4.57485119048,0.476339285714
2012-09-05 18:10:49,36326,1,5.04620535714,0.471354166667
2012-09-05 18:10:50,36327,1,5.53869047619,0.492485119048
2012-09-05 18:10:51,36328,1,5.8484375,0.30974702381
2012-09-05 18:10:52,36329,1,5.57760416667,-0.270833333333
2012-09-05 18:10:53,36330,1,4.47723214286,-1.10037202381
2012-09-05 18:10:54,36331,1,2.82619047619,-1.65104166667
2012-09-05 18:10:55,36332,1,0.0,-2.82619047619
2012-09-05 18:16:58,36695,363,0.0,0.0
2012-09-05 18:16:59,36696,1,1.27347470238,1.27347470238
2012-09-05 18:17:00,36697,1,2.02105654762,0.747581845238
2012-09-05 18:17:01,36698,1,2.66640625,0.645349702381
2012-09-05 18:17:02,36699,1,3.12254464286,0.456138392857
2012-09-05 18:17:03,36700,1,3.58819444444,0.465649801587
2012-09-05 18:17:04,36701,1,4.32385912698,0.73566468254
2012-09-05 18:17:05,36702,1,5.41458333333,1.09072420635
2012-09-05 18:17:06,36703,1,6.61475694444,1.20017361111
2012-09-05 18:17:07,36704,1,7.4134796627,0.798722718254
2012-09-05 18:17:08,36705,1,7.32514880952,-0.0883308531746
2012-09-05 18:17:09,36706,1,6.19887152778,-1.12627728175
2012-09-05 18:17:10,36707,1,4.33859126984,-1.86028025794
2012-09-05 18:17:11,36708,1,2.43578869048,-1.90280257937
2012-09-05 18:17:12,36709,1,0.0,-2.43578869048
2012-09-05 18:17:49,36746,37,0.0,0.0
2012-09-05 18:17:50,36747,1,4.51726190476,4.51726190476
2012-09-05 18:17:51,36748,1,8.57142857143,4.05416666667
2012-09-05 18:17:52,36749,1,13.5142113095,4.9427827381
2012-09-05 18:17:53,36750,1,18.7422619048,5.22805059524
2012-09-05 18:17:54,36751,1,23.7515625,5.00930059524
2012-09-05 18:17:55,36752,1,28.0960565476,4.34449404762
2012-09-05 18:17:56,36753,1,31.4435267857,3.3474702381
2012-09-05 18:17:57,36754,1,33.6729166667,2.22938988095
2012-09-05 18:17:58,36755,1,34.8750744048,1.2021577381
2012-09-05 18:17:59,36756,1,35.2729166667,0.397842261905
2012-09-05 18:18:00,36757,1,35.1467261905,-0.126190476191
2012-09-05 18:18:01,36758,1,34.7454613095,-0.401264880952
2012-09-05 18:18:02,36759,1,34.1972470238,-0.548214285714
2012-09-05 18:18:03,36760,1,33.5198660714,-0.677380952381
2012-09-05 18:18:04,36761,1,32.709375,-0.810491071429
2012-09-05 18:18:05,36762,1,31.7733630952,-0.936011904762
2012-09-05 18:18:06,36763,1,30.6909970238,-1.08236607143
2012-09-05 18:18:07,36764,1,29.3930059524,-1.29799107143
2012-09-05 18:18:08,36765,1,27.7952380952,-1.59776785714
2012-09-05 18:18:09,36766,1,25.8359375,-1.95930059524
2012-09-05 18:18:10,36767,1,23.4743303571,-2.36160714286
2012-09-05 18:18:11,36768,1,20.662797619,-2.8115327381
2012-09-05 18:18:12,36769,1,17.3582589286,-3.30453869048
2012-09-05 18:18:13,36770,1,13.6419642857,-3.71629464286
2012-09-05 18:18:14,36771,1,9.86391369048,-3.77805059524
2012-09-05 18:18:15,36772,1,6.5865327381,-3.27738095238
2012-09-05 18:18:16,36773,1,4.32983630952,-2.25669642857
2012-09-05 18:18:17,36774,1,3.39263392857,-0.937202380952
2012-09-05 18:18:18,36775,1,3.83742559524,0.444791666667
2012-09-05 18:18:19,36776,1,5.51755952381,1.68013392857
2012-09-05 18:18:20,36777,1,8.13125,2.61369047619
2012-09-05 18:18:21,36778,1,11.3003720238,3.16912202381
2012-09-05 18:18:22,36779,1,14.6172619048,3.31688988095
2012-09-05 18:18:23,36780,1,17.696577381,3.07931547619
2012-09-05 18:18:24,36781,1,20.2476190476,2.55104166667
2012-09-05 18:18:25,36782,1,22.0988095238,1.85119047619
2012-09-05 18:18:26,36783,1,23.2045386905,1.10572916667
2012-09-05 18:18:27,36784,1,23.6770089286,0.472470238095
2012-09-05 18:18:28,36785,1,23.7477678571,0.0707589285715
2012-09-05 18:18:29,36786,1,23.6322172619,-0.115550595238
2012-09-05 18:18:30,36787,1,23.4395089286,-0.192708333333
2012-09-05 18:18:31,36788,1,23.2089285714,-0.230580357143
2012-09-05 18:18:32,36789,1,22.9918154762,-0.217113095238
2012-09-05 18:18:33,36790,1,22.8636160714,-0.128199404762
2012-09-05 18:18:34,36791,1,22.8570684524,-0.0065476190476
2012-09-05 18:18:35,36792,1,22.9264136905,0.0693452380952
2012-09-05 18:18:36,36793,1,22.9976934524,0.0712797619048
2012-09-05 18:18:37,36794,1,23.0348214286,0.0371279761904
2012-09-05 18:18:38,36795,1,23.0595982143,0.0247767857143
2012-09-05 18:18:39,36796,1,23.1118303571,0.0522321428572
2012-09-05 18:18:40,36797,1,23.1876488095,0.0758184523809
2012-09-05 18:18:41,36798,1,23.2447916667,0.0571428571429
2012-09-05 18:18:42,36799,1,23.2645089286,0.0197172619047
2012-09-05 18:18:43,36800,1,23.2670386905,0.0025297619048
2012-09-05 18:18:44,36801,1,23.2723214286,0.0052827380952
2012-09-05 18:18:45,36802,1,23.2707589286,-0.0015625
2012-09-05 18:18:46,36803,1,23.2328125,-0.0379464285714
2012-09-05 18:18:47,36804,1,23.1478422619,-0.0849702380952
2012-09-05 18:18:48,36805,1,23.0453869048,-0.102455357143
2012-09-05 18:18:49,36806,1,22.9630952381,-0.0822916666667
2012-09-05 18:18:50,36807,1,22.8959821429,-0.0671130952381
2012-09-05 18:18:51,36808,1,22.7754464286,-0.120535714286
2012-09-05 18:18:52,36809,1,22.485639881,-0.289806547619
2012-09-05 18:18:53,36810,1,21.9061011905,-0.579538690476
2012-09-05 18:18:54,36811,1,20.9578125,-0.948288690476
2012-09-05 18:18:55,36812,1,19.6139880952,-1.34382440476
2012-09-05 18:18:56,36813,1,17.8770833333,-1.7369047619
2012-09-05 18:18:57,36814,1,15.7944940476,-2.08258928571
2012-09-05 18:18:58,36815,1,13.5259672619,-2.26852678571
2012-09-05 18:18:59,36816,1,11.3373511905,-2.18861607143
2012-09-05 18:19:00,36817,1,9.45376984127,-1.88358134921
2012-09-05 18:19:01,36818,1,7.90486111111,-1.54890873016
2012-09-05 18:19:02,36819,1,6.53638392857,-1.36847718254
2012-09-05 18:19:03,36820,1,5.19635416667,-1.3400297619
2012-09-05 18:19:04,36821,1,3.91220238095,-1.28415178571
2012-09-05 18:19:05,36822,1,2.91517857143,-0.997023809524
2012-09-05 18:19:06,36823,1,2.55927579365,-0.355902777778
2012-09-05 18:19:07,36824,1,3.17911706349,0.619841269841
2012-09-05 18:19:08,36825,1,4.90208333333,1.72296626984
2012-09-05 18:19:09,36826,1,7.53214285714,2.63005952381
2012-09-05 18:19:10,36827,1,10.5866071429,3.05446428571
2012-09-05 18:19:11,36828,1,13.4944196429,2.9078125
2012-09-05 18:19:12,36829,1,15.886656746,2.39223710317
2012-09-05 18:19:13,36830,1,17.7101438492,1.82348710317
2012-09-05 18:19:14,36831,1,19.0593005952,1.34915674603
2012-09-05 18:19:15,36832,1,20.0250744048,0.965773809524
2012-09-05 18:19:16,36833,1,20.7168154762,0.691741071429
2012-09-05 18:19:17,36834,1,21.2808035714,0.563988095238
2012-09-05 18:19:18,36835,1,21.8376488095,0.556845238095
2012-09-05 18:19:19,36836,1,22.420610119,0.582961309524
2012-09-05 18:19:20,36837,1,22.9677827381,0.547172619048
2012-09-05 18:19:21,36838,1,23.380952381,0.413169642857
2012-09-05 18:19:22,36839,1,23.6087797619,0.227827380952
2012-09-05 18:19:23,36840,1,23.6822172619,0.0734375
2012-09-05 18:19:24,36841,1,23.6939732143,0.0117559523809
2012-09-05 18:19:25,36842,1,23.7494791667,0.055505952381
2012-09-05 18:19:26,36843,1,23.9095982143,0.160119047619
2012-09-05 18:19:27,36844,1,24.1532738095,0.243675595238
2012-09-05 18:19:28,36845,1,24.3902529762,0.236979166667
2012-09-05 18:19:29,36846,1,24.533110119,0.142857142857
2012-09-05 18:19:30,36847,1,24.5639136905,0.0308035714286
2012-09-05 18:19:31,36848,1,24.5211309524,-0.0427827380952
2012-09-05 18:19:32,36849,1,24.4550595238,-0.0660714285715
2012-09-05 18:19:33,36850,1,24.4092261905,-0.0458333333333
2012-09-05 18:19:34,36851,1,24.3930803571,-0.0161458333333
2012-09-05 18:19:35,36852,1,24.3587053571,-0.034375
2012-09-05 18:19:36,36853,1,24.2350446429,-0.123660714286
2012-09-05 18:19:37,36854,1,23.9869791667,-0.24806547619
2012-09-05 18:19:38,36855,1,23.6412202381,-0.345758928571
2012-09-05 18:19:39,36856,1,23.2704613095,-0.370758928571
2012-09-05 18:19:40,36857,1,22.9457589286,-0.324702380952
2012-09-05 18:19:41,36858,1,22.6918154762,-0.253943452381
2012-09-05 18:19:42,36859,1,22.490327381,-0.201488095238
2012-09-05 18:19:43,36860,1,22.3125,-0.177827380952
2012-09-05 18:19:44,36861,1,22.1363839286,-0.176116071429
2012-09-05 18:19:45,36862,1,21.9540922619,-0.182291666667
2012-09-05 18:19:46,36863,1,21.7753720238,-0.178720238095
2012-09-05 18:19:47,36864,1,21.6166666667,-0.158705357143
2012-09-05 18:19:48,36865,1,21.4854910714,-0.131175595238
2012-09-05 18:19:49,36866,1,21.3726934524,-0.112797619048
2012-09-05 18:19:50,36867,1,21.2557291667,-0.116964285714
2012-09-05 18:19:51,36868,1,21.1030505952,-0.152678571429
2012-09-05 18:19:52,36869,1,20.8578125,-0.245238095238
2012-09-05 18:19:53,36870,1,20.4287946429,-0.429017857143
2012-09-05 18:19:54,36871,1,19.7468005952,-0.681994047619
2012-09-05 18:19:55,36872,1,18.8524553571,-0.894345238095
2012-09-05 18:19:56,36873,1,17.9172619048,-0.935193452381
2012-09-05 18:19:57,36874,1,17.1718005952,-0.745461309524
2012-09-05 18:19:58,36875,1,16.7938244048,-0.377976190476
2012-09-05 18:19:59,36876,1,16.834077381,0.0402529761905
2012-09-05 18:20:00,36877,1,17.233110119,0.399032738095
2012-09-05 18:20:01,36878,1,17.884375,0.651264880952
2012-09-05 18:20:02,36879,1,18.6588541667,0.774479166667
2012-09-05 18:20:03,36880,1,19.4060267857,0.747172619048
2012-09-05 18:20:04,36881,1,19.9952380952,0.589211309524
2012-09-05 18:20:05,36882,1,20.3766369048,0.381398809524
2012-09-05 18:20:06,36883,1,20.5927083333,0.216071428571
2012-09-05 18:20:07,36884,1,20.7260416667,0.133333333333
2012-09-05 18:20:08,36885,1,20.8250744048,0.0990327380952
2012-09-05 18:20:09,36886,1,20.8680803571,0.043005952381
2012-09-05 18:20:10,36887,1,20.8040178571,-0.0640625
2012-09-05 18:20:11,36888,1,20.6273809524,-0.176636904762
2012-09-05 18:20:12,36889,1,20.3966517857,-0.230729166667
2012-09-05 18:20:13,36890,1,20.1792410714,-0.217410714286
2012-09-05 18:20:14,36891,1,19.9798363095,-0.199404761905
2012-09-05 18:20:15,36892,1,19.6911458333,-0.28869047619
2012-09-05 18:20:16,36893,1,19.0950892857,-0.596056547619
2012-09-05 18:20:17,36894,1,17.9365327381,-1.15855654762
2012-09-05 18:20:18,36895,1,16.0290922619,-1.90744047619
2012-09-05 18:20:19,36896,1,13.3697916667,-2.65930059524
2012-09-05 18:20:20,36897,1,10.2560267857,-3.11376488095
2012-09-05 18:20:21,36898,1,7.25580357143,-3.00022321429
2012-09-05 18:20:22,36899,1,4.97790178571,-2.27790178571
2012-09-05 18:20:23,36900,1,3.8703125,-1.10758928571
2012-09-05 18:20:24,36901,1,4.12366071429,0.253348214286
2012-09-05 18:20:25,36902,1,5.59479166667,1.47113095238
2012-09-05 18:20:26,36903,1,7.86413690476,2.2693452381
2012-09-05 18:20:27,36904,1,10.4372767857,2.57313988095
2012-09-05 18:20:28,36905,1,12.895014881,2.45773809524
2012-09-05 18:20:29,36906,1,14.9779761905,2.08296130952
2012-09-05 18:20:30,36907,1,16.6241071429,1.64613095238
2012-09-05 18:20:31,36908,1,17.8743303571,1.25022321429
2012-09-05 18:20:32,36909,1,18.7614583333,0.88712797619
2012-09-05 18:20:33,36910,1,19.3337797619,0.572321428571
2012-09-05 18:20:34,36911,1,19.6929315476,0.359151785714
2012-09-05 18:20:35,36912,1,19.9430803571,0.250148809524
2012-09-05 18:20:36,36913,1,20.1489583333,0.20587797619
2012-09-05 18:20:37,36914,1,20.3404761905,0.191517857143
2012-09-05 18:20:38,36915,1,20.5173363095,0.176860119048
2012-09-05 18:20:39,36916,1,20.6655505952,0.148214285714
2012-09-05 18:20:40,36917,1,20.7790178571,0.113467261905
2012-09-05 18:20:41,36918,1,20.8529017857,0.0738839285714
2012-09-05 18:20:42,36919,1,20.8780505952,0.0251488095238
2012-09-05 18:20:43,36920,1,20.861235119,-0.0168154761905
2012-09-05 18:20:44,36921,1,20.8402529762,-0.0209821428571
2012-09-05 18:20:45,36922,1,20.8686755952,0.0284226190476
2012-09-05 18:20:46,36923,1,20.9767857143,0.108110119048
2012-09-05 18:20:47,36924,1,21.1416666667,0.164880952381
2012-09-05 18:20:48,36925,1,21.3073660714,0.165699404762
2012-09-05 18:20:49,36926,1,21.4391369048,0.131770833333
2012-09-05 18:20:50,36927,1,21.5435267857,0.104389880952
2012-09-05 18:20:51,36928,1,21.6396577381,0.0961309523809
2012-09-05 18:20:52,36929,1,21.7276041667,0.0879464285715
2012-09-05 18:20:53,36930,1,21.7772321429,0.0496279761904
2012-09-05 18:20:54,36931,1,21.7412946429,-0.0359375
2012-09-05 18:20:55,36932,1,21.591889881,-0.149404761905
2012-09-05 18:20:56,36933,1,21.3517113095,-0.240178571429
2012-09-05 18:20:57,36934,1,21.0920386905,-0.259672619048
2012-09-05 18:20:58,36935,1,20.8965029762,-0.195535714286
2012-09-05 18:20:59,36936,1,20.8131696429,-0.0833333333334
2012-09-05 18:21:00,36937,1,20.8276041667,0.0144345238096
2012-09-05 18:21:01,36938,1,20.8644345238,0.0368303571428
2012-09-05 18:21:02,36939,1,20.8013392857,-0.0630952380952
2012-09-05 18:21:03,36940,1,20.4832589286,-0.318080357143
2012-09-05 18:21:04,36941,1,19.75,-0.733258928571
2012-09-05 18:21:05,36942,1,18.4913690476,-1.25863095238
2012-09-05 18:21:06,36943,1,16.6705357143,-1.82083333333
2012-09-05 18:21:07,36944,1,14.2960565476,-2.37447916667
2012-09-05 18:21:08,36945,1,11.48125,-2.81480654762
2012-09-05 18:21:09,36946,1,8.6150297619,-2.8662202381
2012-09-05 18:21:10,36947,1,6.39382440476,-2.22120535714
2012-09-05 18:21:11,36948,1,5.53400297619,-0.859821428571
2012-09-05 18:21:12,36949,1,6.33854166667,0.804538690476
2012-09-05 18:21:13,36950,1,8.49709821429,2.15855654762
2012-09-05 18:21:14,36951,1,11.3110119048,2.81391369048
2012-09-05 18:21:15,36952,1,14.121875,2.81086309524
2012-09-05 18:21:16,36953,1,16.5667410714,2.44486607143
2012-09-05 18:21:17,36954,1,18.5416666667,1.97492559524
2012-09-05 18:21:18,36955,1,20.0495535714,1.50788690476
2012-09-05 18:21:19,36956,1,21.126860119,1.07730654762
2012-09-05 18:21:20,36957,1,21.859077381,0.732217261905
2012-09-05 18:21:21,36958,1,22.3688244048,0.509747023809
2012-09-05 18:21:22,36959,1,22.7520833333,0.383258928571
2012-09-05 18:21:23,36960,1,23.0491071429,0.297023809524
2012-09-05 18:21:24,36961,1,23.258110119,0.209002976191
2012-09-05 18:21:25,36962,1,23.3457589286,0.0876488095238
2012-09-05 18:21:26,36963,1,23.2710565476,-0.0747023809524
2012-09-05 18:21:27,36964,1,23.0095238095,-0.261532738095
2012-09-05 18:21:28,36965,1,22.5284970238,-0.481026785714
2012-09-05 18:21:29,36966,1,21.7516369048,-0.776860119048
2012-09-05 18:21:30,36967,1,20.5967261905,-1.15491071429
2012-09-05 18:21:31,36968,1,19.0955357143,-1.50119047619
2012-09-05 18:21:32,36969,1,17.4952380952,-1.60029761905
2012-09-05 18:21:33,36970,1,16.2180803571,-1.2771577381
2012-09-05 18:21:34,36971,1,15.6749255952,-0.543154761905
2012-09-05 18:21:35,36972,1,16.0615327381,0.386607142857
2012-09-05 18:21:36,36973,1,17.2808035714,1.21927083333
2012-09-05 18:21:37,36974,1,19.0270833333,1.7462797619
2012-09-05 18:21:38,36975,1,20.9297619048,1.90267857143
2012-09-05 18:21:39,36976,1,22.6462797619,1.71651785714
2012-09-05 18:21:40,36977,1,23.9173363095,1.27105654762
2012-09-05 18:21:41,36978,1,24.6298363095,0.7125
2012-09-05 18:21:42,36979,1,24.8447172619,0.214880952381
2012-09-05 18:21:43,36980,1,24.7228422619,-0.121875
2012-09-05 18:21:44,36981,1,24.3790178571,-0.343824404762
2012-09-05 18:21:45,36982,1,23.801264881,-0.577752976191
2012-09-05 18:21:46,36983,1,22.9259672619,-0.875297619048
2012-09-05 18:21:47,36984,1,21.7667410714,-1.15922619048
2012-09-05 18:21:48,36985,1,20.4545386905,-1.31220238095
2012-09-05 18:21:49,36986,1,19.2176339286,-1.2369047619
2012-09-05 18:21:50,36987,1,18.3776041667,-0.840029761905
2012-09-05 18:21:51,36988,1,18.3297619048,-0.0478422619048
2012-09-05 18:21:52,36989,1,19.4392857143,1.10952380952
2012-09-05 18:21:53,36990,1,21.8422619048,2.40297619048
2012-09-05 18:21:54,36991,1,25.2897321429,3.4474702381
2012-09-05 18:21:55,36992,1,29.2293154762,3.93958333333
2012-09-05 18:21:56,36993,1,33.0621279762,3.8328125
2012-09-05 18:21:57,36994,1,36.334375,3.27224702381
2012-09-05 18:21:58,36995,1,38.7999255952,2.46555059524
2012-09-05 18:21:59,36996,1,40.4242559524,1.62433035714
2012-09-05 18:22:00,36997,1,41.3595982143,0.935342261905
2012-09-05 18:22:01,36998,1,41.8826636905,0.523065476191
2012-09-05 18:22:02,36999,1,42.2652529762,0.382589285714
2012-09-05 18:22:03,37000,1,42.625297619,0.360044642857
2012-09-05 18:22:04,37001,1,42.8979910714,0.272693452381
2012-09-05 18:22:05,37002,1,42.9543154762,0.0563244047619
2012-09-05 18:22:06,37003,1,42.7378720238,-0.216443452381
2012-09-05 18:22:07,37004,1,42.3027529762,-0.435119047619
2012-09-05 18:22:08,37005,1,41.7517113095,-0.551041666667
2012-09-05 18:22:09,37006,1,41.1641369048,-0.587574404762
2012-09-05 18:22:10,37007,1,40.5760416667,-0.588095238095
2012-09-05 18:22:11,37008,1,39.9980654762,-0.577976190476
2012-09-05 18:22:12,37009,1,39.4453869048,-0.552678571429
2012-09-05 18:22:13,37010,1,38.9604910714,-0.484895833333
2012-09-05 18:22:14,37011,1,38.6115327381,-0.348958333333
2012-09-05 18:22:15,37012,1,38.4688244048,-0.142708333333
2012-09-05 18:22:16,37013,1,38.5729910714,0.104166666667
2012-09-05 18:22:17,37014,1,38.9124255952,0.339434523809
2012-09-05 18:22:18,37015,1,39.4311755952,0.51875
2012-09-05 18:22:19,37016,1,40.060639881,0.629464285714
2012-09-05 18:22:20,37017,1,40.7279017857,0.667261904762
2012-09-05 18:22:21,37018,1,41.3313988095,0.603497023809
2012-09-05 18:22:22,37019,1,41.7514880952,0.420089285714
2012-09-05 18:22:23,37020,1,41.9159970238,0.164508928571
2012-09-05 18:22:24,37021,1,41.847172619,-0.0688244047619
2012-09-05 18:22:25,37022,1,41.6442708333,-0.202901785714
2012-09-05 18:22:26,37023,1,41.4215029762,-0.222767857143
2012-09-05 18:22:27,37024,1,41.2477678571,-0.173735119048
2012-09-05 18:22:28,37025,1,41.1357142857,-0.112053571428
2012-09-05 18:22:29,37026,1,41.0658482143,-0.0698660714286
2012-09-05 18:22:30,37027,1,40.9982886905,-0.0675595238095
2012-09-05 18:22:31,37028,1,40.8873511905,-0.1109375
2012-09-05 18:22:32,37029,1,40.7078869048,-0.179464285714
2012-09-05 18:22:33,37030,1,40.4516369048,-0.25625
2012-09-05 18:22:34,37031,1,40.1114583333,-0.340178571429
2012-09-05 18:22:35,37032,1,39.6905505952,-0.420907738095
2012-09-05 18:22:36,37033,1,39.2049107143,-0.485639880952
2012-09-05 18:22:37,37034,1,38.6633928571,-0.541517857143
2012-09-05 18:22:38,37035,1,38.0488095238,-0.614583333333
2012-09-05 18:22:39,37036,1,37.3228422619,-0.725967261905
2012-09-05 18:22:40,37037,1,36.4710565476,-0.851785714286
2012-09-05 18:22:41,37038,1,35.5335565476,-0.9375
2012-09-05 18:22:42,37039,1,34.5444196429,-0.989136904762
2012-09-05 18:22:43,37040,1,33.4276785714,-1.11674107143
2012-09-05 18:22:44,37041,1,31.9730654762,-1.45461309524
2012-09-05 18:22:45,37042,1,29.9319940476,-2.04107142857
2012-09-05 18:22:46,37043,1,27.1560267857,-2.7759672619
2012-09-05 18:22:47,37044,1,23.6732886905,-3.48273809524
2012-09-05 18:22:48,37045,1,19.6673363095,-4.00595238095
2012-09-05 18:22:49,37046,1,15.3936011905,-4.27373511905
2012-09-05 18:22:50,37047,1,11.106547619,-4.28705357143
2012-09-05 18:22:51,37048,1,7.08675595238,-4.01979166667
2012-09-05 18:22:52,37049,1,3.79270833333,-3.29404761905
2012-09-05 18:22:53,37050,1,0.0,-3.79270833333
2012-09-05 18:23:47,37104,54,0.0,0.0
2012-09-05 18:23:48,37105,1,4.61130952381,4.61130952381
2012-09-05 18:23:49,37106,1,8.38147321429,3.77016369048
2012-09-05 18:23:50,37107,1,12.4958333333,4.11436011905
2012-09-05 18:23:51,37108,1,16.2735863095,3.77775297619
2012-09-05 18:23:52,37109,1,19.5521577381,3.27857142857
2012-09-05 18:23:53,37110,1,22.473139881,2.92098214286
2012-09-05 18:23:54,37111,1,25.1619791667,2.68883928571
2012-09-05 18:23:55,37112,1,27.5974702381,2.43549107143
2012-09-05 18:23:56,37113,1,29.7086309524,2.11116071429
2012-09-05 18:23:57,37114,1,31.4747767857,1.76614583333
2012-09-05 18:23:58,37115,1,32.90625,1.43147321429
2012-09-05 18:23:59,37116,1,33.9923363095,1.08608630952
2012-09-05 18:24:00,37117,1,34.7070684524,0.714732142857
2012-09-05 18:24:01,37118,1,35.0697172619,0.362648809524
2012-09-05 18:24:02,37119,1,35.198139881,0.128422619048
2012-09-05 18:24:03,37120,1,35.273139881,0.075
2012-09-05 18:24:04,37121,1,35.4207589286,0.147619047619
2012-09-05 18:24:05,37122,1,35.6364583333,0.215699404762
2012-09-05 18:24:06,37123,1,35.8216517857,0.185193452381
2012-09-05 18:24:07,37124,1,35.8959077381,0.0742559523809
2012-09-05 18:24:08,37125,1,35.9045386905,0.008630952381
2012-09-05 18:24:09,37126,1,36.0087797619,0.104241071429
2012-09-05 18:24:10,37127,1,36.3531994048,0.344419642857
2012-09-05 18:24:11,37128,1,36.9547619048,0.6015625
2012-09-05 18:24:12,37129,1,37.6927083333,0.737946428571
2012-09-05 18:24:13,37130,1,38.382514881,0.689806547619
2012-09-05 18:24:14,37131,1,38.8898809524,0.507366071428
2012-09-05 18:24:15,37132,1,39.190625,0.300744047619
2012-09-05 18:24:16,37133,1,39.3405505952,0.149925595238
2012-09-05 18:24:17,37134,1,39.4148809524,0.0743303571428
2012-09-05 18:24:18,37135,1,39.463764881,0.0488839285715
2012-09-05 18:24:19,37136,1,39.5051339286,0.041369047619
2012-09-05 18:24:20,37137,1,39.5473958333,0.0422619047619
2012-09-05 18:24:21,37138,1,39.5970238095,0.0496279761905
2012-09-05 18:24:22,37139,1,39.6286458333,0.0316220238095
2012-09-05 18:24:23,37140,1,39.5660714286,-0.0625744047619
2012-09-05 18:24:24,37141,1,39.3256696429,-0.240401785714
2012-09-05 18:24:25,37142,1,38.8656994048,-0.459970238095
2012-09-05 18:24:26,37143,1,38.1700892857,-0.695610119048
2012-09-05 18:24:27,37144,1,37.2008928571,-0.969196428571
2012-09-05 18:24:28,37145,1,35.8977678571,-1.303125
2012-09-05 18:24:29,37146,1,34.2600446429,-1.63772321429
2012-09-05 18:24:30,37147,1,32.4128720238,-1.84717261905
2012-09-05 18:24:31,37148,1,30.5322916667,-1.88058035714
2012-09-05 18:24:32,37149,1,28.71875,-1.81354166667
2012-09-05 18:24:33,37150,1,26.967485119,-1.75126488095
2012-09-05 18:24:34,37151,1,25.2282738095,-1.73921130952
2012-09-05 18:24:35,37152,1,23.4945684524,-1.73370535714
2012-09-05 18:24:36,37153,1,21.8494047619,-1.64516369048
2012-09-05 18:24:37,37154,1,20.4302083333,-1.41919642857
2012-09-05 18:24:38,37155,1,19.3988839286,-1.03132440476
2012-09-05 18:24:39,37156,1,18.9451636905,-0.453720238095
2012-09-05 18:24:40,37157,1,19.2239583333,0.278794642857
2012-09-05 18:24:41,37158,1,20.2476190476,1.02366071429
2012-09-05 18:24:42,37159,1,21.8611607143,1.61354166667
2012-09-05 18:24:43,37160,1,23.8146577381,1.95349702381
2012-09-05 18:24:44,37161,1,25.8680059524,2.05334821429
2012-09-05 18:24:45,37162,1,27.869047619,2.00104166667
2012-09-05 18:24:46,37163,1,29.7541666667,1.88511904762
2012-09-05 18:24:47,37164,1,31.4994047619,1.74523809524
2012-09-05 18:24:48,37165,1,33.0899553571,1.59055059524
2012-09-05 18:24:49,37166,1,34.5019345238,1.41197916667
2012-09-05 18:24:50,37167,1,35.6817708333,1.17983630952
2012-09-05 18:24:51,37168,1,36.5620535714,0.880282738095
2012-09-05 18:24:52,37169,1,37.1192708333,0.557217261905
2012-09-05 18:24:53,37170,1,37.4139880952,0.294717261905
2012-09-05 18:24:54,37171,1,37.5673363095,0.153348214286
2012-09-05 18:24:55,37172,1,37.690625,0.123288690476
2012-09-05 18:24:56,37173,1,37.8277529762,0.137127976191
2012-09-05 18:24:57,37174,1,37.9607142857,0.132961309524
2012-09-05 18:24:58,37175,1,38.0626488095,0.101934523809
2012-09-05 18:24:59,37176,1,38.1292410714,0.0665922619048
2012-09-05 18:25:00,37177,1,38.1659970238,0.0367559523809
2012-09-05 18:25:01,37178,1,38.1805059524,0.0145089285714
2012-09-05 18:25:02,37179,1,38.1969494048,0.016443452381
2012-09-05 18:25:03,37180,1,38.2510416667,0.0540922619048
2012-09-05 18:25:04,37181,1,38.3602678571,0.109226190476
2012-09-05 18:25:05,37182,1,38.5145833333,0.15431547619
2012-09-05 18:25:06,37183,1,38.6908482143,0.176264880952
2012-09-05 18:25:07,37184,1,38.8556547619,0.164806547619
2012-09-05 18:25:08,37185,1,38.9625744048,0.106919642857
2012-09-05 18:25:09,37186,1,38.9645089286,0.0019345238095
2012-09-05 18:25:10,37187,1,38.8162946429,-0.148214285714
2012-09-05 18:25:11,37188,1,38.4336309524,-0.382663690476
2012-09-05 18:25:12,37189,1,37.6370535714,-0.796577380952
2012-09-05 18:25:13,37190,1,36.1678571429,-1.46919642857
2012-09-05 18:25:14,37191,1,33.8026785714,-2.36517857143
2012-09-05 18:25:15,37192,1,30.4874255952,-3.31525297619
2012-09-05 18:25:16,37193,1,26.4046875,-4.08273809524
2012-09-05 18:25:17,37194,1,21.924702381,-4.47998511905
2012-09-05 18:25:18,37195,1,17.4558035714,-4.46889880952
2012-09-05 18:25:19,37196,1,13.2912946429,-4.16450892857
2012-09-05 18:25:20,37197,1,9.5337797619,-3.75751488095
2012-09-05 18:25:21,37198,1,6.1771577381,-3.35662202381
2012-09-05 18:25:22,37199,1,3.39378720238,-2.78337053571
2012-09-05 18:25:23,37200,1,0.0,-3.39378720238
2012-09-05 18:25:59,37236,36,0.0,0.0
2012-09-05 18:26:00,37237,1,3.86860119048,3.86860119048
2012-09-05 18:26:01,37238,1,7.153125,3.28452380952
2012-09-05 18:26:02,37239,1,10.8840029762,3.73087797619
2012-09-05 18:26:03,37240,1,14.4522321429,3.56822916667
2012-09-05 18:26:04,37241,1,17.5819196429,3.1296875
2012-09-05 18:26:05,37242,1,20.2205729167,2.63865327381
2012-09-05 18:26:06,37243,1,22.4208333333,2.20026041667
2012-09-05 18:26:07,37244,1,24.2805059524,1.85967261905
2012-09-05 18:26:08,37245,1,25.916889881,1.63638392857
2012-09-05 18:26:09,37246,1,27.415327381,1.4984375
2012-09-05 18:26:10,37247,1,28.7794642857,1.36413690476
2012-09-05 18:26:11,37248,1,29.95625,1.17678571429
2012-09-05 18:26:12,37249,1,30.9145089286,0.958258928571
2012-09-05 18:26:13,37250,1,31.7104166667,0.795907738095
2012-09-05 18:26:14,37251,1,32.4779761905,0.767559523809
2012-09-05 18:26:15,37252,1,33.3255952381,0.847619047619
2012-09-05 18:26:16,37253,1,34.2425595238,0.916964285714
2012-09-05 18:26:17,37254,1,35.1162202381,0.873660714286
2012-09-05 18:26:18,37255,1,35.8171130952,0.700892857143
2012-09-05 18:26:19,37256,1,36.2722470238,0.455133928571
2012-09-05 18:26:20,37257,1,36.4979166667,0.225669642857
2012-09-05 18:26:21,37258,1,36.5749255952,0.0770089285714
2012-09-05 18:26:22,37259,1,36.5803571429,0.005431547619
2012-09-05 18:26:23,37260,1,36.5436011905,-0.0367559523809
2012-09-05 18:26:24,37261,1,36.4556547619,-0.0879464285714
2012-09-05 18:26:25,37262,1,36.2898809524,-0.165773809524
2012-09-05 18:26:26,37263,1,36.0158482143,-0.274032738095
2012-09-05 18:26:27,37264,1,35.6186011905,-0.397247023809
2012-09-05 18:26:28,37265,1,35.1113839286,-0.507217261905
2012-09-05 18:26:29,37266,1,34.5368303571,-0.574553571429
2012-09-05 18:26:30,37267,1,33.9723958333,-0.56443452381
2012-09-05 18:26:31,37268,1,33.530952381,-0.441443452381
2012-09-05 18:26:32,37269,1,33.3345238095,-0.196428571429
2012-09-05 18:26:33,37270,1,33.469047619,0.134523809524
2012-09-05 18:26:34,37271,1,33.9404761905,0.471428571429
2012-09-05 18:26:35,37272,1,34.6483630952,0.707886904762
2012-09-05 18:26:36,37273,1,35.404389881,0.756026785714
2012-09-05 18:26:37,37274,1,36.0022321429,0.597842261905
2012-09-05 18:26:38,37275,1,36.2992559524,0.297023809524
2012-09-05 18:26:39,37276,1,36.2656994048,-0.0335565476191
2012-09-05 18:26:40,37277,1,35.9786458333,-0.287053571429
2012-09-05 18:26:41,37278,1,35.5626488095,-0.41599702381
2012-09-05 18:26:42,37279,1,35.1043154762,-0.458333333333
2012-09-05 18:26:43,37280,1,34.5842261905,-0.520089285714
2012-09-05 18:26:44,37281,1,33.8713541667,-0.71287202381
2012-09-05 18:26:45,37282,1,32.789360119,-1.08199404762
2012-09-05 18:26:46,37283,1,31.2127232143,-1.57663690476
2012-09-05 18:26:47,37284,1,29.1307291667,-2.08199404762
2012-09-05 18:26:48,37285,1,26.6314732143,-2.49925595238
2012-09-05 18:26:49,37286,1,23.8293154762,-2.8021577381
2012-09-05 18:26:50,37287,1,20.8253720238,-3.00394345238
2012-09-05 18:26:51,37288,1,17.7261904762,-3.09918154762
2012-09-05 18:26:52,37289,1,14.645014881,-3.08117559524
2012-09-05 18:26:53,37290,1,11.6425595238,-3.00245535714
2012-09-05 18:26:54,37291,1,8.6890625,-2.95349702381
2012-09-05 18:26:55,37292,1,5.78363095238,-2.90543154762
2012-09-05 18:26:56,37293,1,3.2384672619,-2.54516369048
2012-09-05 18:26:57,37294,1,0.0,-3.2384672619
2012-09-05 18:27:40,37337,43,0.0,0.0
2012-09-05 18:27:41,37338,1,4.95974702381,4.95974702381
2012-09-05 18:27:42,37339,1,8.62723214286,3.66748511905
2012-09-05 18:27:43,37340,1,12.1267857143,3.49955357143
2012-09-05 18:27:44,37341,1,14.6607142857,2.53392857143
2012-09-05 18:27:45,37342,1,16.1491071429,1.48839285714
2012-09-05 18:27:46,37343,1,17.016889881,0.867782738095
2012-09-05 18:27:47,37344,1,17.8107142857,0.793824404762
2012-09-05 18:27:48,37345,1,18.9109375,1.10022321429
2012-09-05 18:27:49,37346,1,20.4366815476,1.52574404762
2012-09-05 18:27:50,37347,1,22.2848214286,1.84813988095
2012-09-05 18:27:51,37348,1,24.2342261905,1.9494047619
2012-09-05 18:27:52,37349,1,26.0619047619,1.82767857143
2012-09-05 18:27:53,37350,1,27.6145833333,1.55267857143
2012-09-05 18:27:54,37351,1,28.8116071429,1.19702380952
2012-09-05 18:27:55,37352,1,29.6247767857,0.813169642857
2012-09-05 18:27:56,37353,1,30.0891369048,0.464360119048
2012-09-05 18:27:57,37354,1,30.3130208333,0.223883928571
2012-09-05 18:27:58,37355,1,30.4279761905,0.114955357143
2012-09-05 18:27:59,37356,1,30.5091517857,0.0811755952381
2012-09-05 18:28:00,37357,1,30.5424107143,0.0332589285714
2012-09-05 18:28:01,37358,1,30.4537202381,-0.0886904761905
2012-09-05 18:28:02,37359,1,30.171875,-0.281845238095
2012-09-05 18:28:03,37360,1,29.6718005952,-0.500074404762
2012-09-05 18:28:04,37361,1,28.9405505952,-0.73125
2012-09-05 18:28:05,37362,1,27.9120535714,-1.02849702381
2012-09-05 18:28:06,37363,1,26.4607142857,-1.45133928571
2012-09-05 18:28:07,37364,1,24.4436011905,-2.01711309524
2012-09-05 18:28:08,37365,1,21.7880208333,-2.65558035714
2012-09-05 18:28:09,37366,1,18.6239583333,-3.1640625
2012-09-05 18:28:10,37367,1,15.309375,-3.31458333333
2012-09-05 18:28:11,37368,1,12.2457589286,-3.06361607143
2012-09-05 18:28:12,37369,1,9.62276785714,-2.62299107143
2012-09-05 18:28:13,37370,1,7.31130952381,-2.31145833333
2012-09-05 18:28:14,37371,1,5.06272321429,-2.24858630952
2012-09-05 18:28:15,37372,1,2.94308035714,-2.11964285714
2012-09-05 18:28:16,37373,1,0.0,-2.94308035714
2012-09-05 18:28:33,37390,17,0.0,0.0
2012-09-05 18:28:34,37391,1,3.37254464286,3.37254464286
2012-09-05 18:28:35,37392,1,6.39851190476,3.0259672619
2012-09-05 18:28:36,37393,1,9.91979166667,3.5212797619
2012-09-05 18:28:37,37394,1,13.1936011905,3.27380952381
2012-09-05 18:28:38,37395,1,15.6828125,2.48921130952
2012-09-05 18:28:39,37396,1,17.136235119,1.45342261905
2012-09-05 18:28:40,37397,1,17.5970238095,0.460788690476
2012-09-05 18:28:41,37398,1,17.3284970238,-0.268526785714
2012-09-05 18:28:42,37399,1,16.7199404762,-0.608556547619
2012-09-05 18:28:43,37400,1,16.2072916667,-0.512648809524
2012-09-05 18:28:44,37401,1,16.1544642857,-0.0528273809524
2012-09-05 18:28:45,37402,1,16.6932291667,0.538764880952
2012-09-05 18:28:46,37403,1,17.662797619,0.969568452381
2012-09-05 18:28:47,37404,1,18.7418154762,1.07901785714
2012-09-05 18:28:48,37405,1,19.6401785714,0.898363095238
2012-09-05 18:28:49,37406,1,20.1688244048,0.528645833333
2012-09-05 18:28:50,37407,1,20.1783482143,0.0095238095238
2012-09-05 18:28:51,37408,1,19.4975446429,-0.680803571429
2012-09-05 18:28:52,37409,1,17.9852678571,-1.51227678571
2012-09-05 18:28:53,37410,1,15.647172619,-2.3380952381
2012-09-05 18:28:54,37411,1,12.6816964286,-2.96547619048
2012-09-05 18:28:55,37412,1,9.48005952381,-3.20163690476
2012-09-05 18:28:56,37413,1,6.66458333333,-2.81547619048
2012-09-05 18:28:57,37414,1,5.02477678571,-1.63980654762
2012-09-05 18:28:58,37415,1,5.20714285714,0.182366071429
2012-09-05 18:28:59,37416,1,7.33630952381,2.12916666667
2012-09-05 18:29:00,37417,1,10.8817708333,3.54546130952
2012-09-05 18:29:01,37418,1,14.9150297619,4.03325892857
2012-09-05 18:29:02,37419,1,18.592485119,3.67745535714
2012-09-05 18:29:03,37420,1,21.477827381,2.8853422619
2012-09-05 18:29:04,37421,1,23.5140625,2.03623511905
2012-09-05 18:29:05,37422,1,24.8326636905,1.31860119048
2012-09-05 18:29:06,37423,1,25.6196428571,0.786979166667
2012-09-05 18:29:07,37424,1,26.0631696429,0.443526785714
2012-09-05 18:29:08,37425,1,26.3264136905,0.263244047619
2012-09-05 18:29:09,37426,1,26.5218005952,0.195386904762
2012-09-05 18:29:10,37427,1,26.7033482143,0.181547619048
2012-09-05 18:29:11,37428,1,26.8864583333,0.183110119048
2012-09-05 18:29:12,37429,1,27.071875,0.185416666667
2012-09-05 18:29:13,37430,1,27.2519345238,0.18005952381
2012-09-05 18:29:14,37431,1,27.3986607143,0.146726190476
2012-09-05 18:29:15,37432,1,27.4609375,0.0622767857143
2012-09-05 18:29:16,37433,1,27.3985119048,-0.0624255952381
2012-09-05 18:29:17,37434,1,27.2199404762,-0.178571428571
2012-09-05 18:29:18,37435,1,26.9744047619,-0.245535714286
2012-09-05 18:29:19,37436,1,26.7077380952,-0.266666666667
2012-09-05 18:29:20,37437,1,26.4255952381,-0.282142857143
2012-09-05 18:29:21,37438,1,26.0924107143,-0.33318452381
2012-09-05 18:29:22,37439,1,25.6552827381,-0.43712797619
2012-09-05 18:29:23,37440,1,25.0531994048,-0.602083333333
2012-09-05 18:29:24,37441,1,24.2077380952,-0.845461309524
2012-09-05 18:29:25,37442,1,23.03125,-1.17648809524
2012-09-05 18:29:26,37443,1,21.4584077381,-1.5728422619
2012-09-05 18:29:27,37444,1,19.4561011905,-2.00230654762
2012-09-05 18:29:28,37445,1,16.9985119048,-2.45758928571
2012-09-05 18:29:29,37446,1,14.0961309524,-2.90238095238
2012-09-05 18:29:30,37447,1,10.9238839286,-3.17224702381
2012-09-05 18:29:31,37448,1,7.88229166667,-3.0415922619
2012-09-05 18:29:32,37449,1,5.43400297619,-2.44828869048
2012-09-05 18:29:33,37450,1,3.84538690476,-1.58861607143
2012-09-05 18:29:34,37451,1,3.08288690476,-0.7625
2012-09-05 18:29:35,37452,1,2.95260416667,-0.130282738095
2012-09-05 18:29:36,37453,1,3.34851190476,0.395907738095
2012-09-05 18:29:37,37454,1,4.3380952381,0.989583333333
2012-09-05 18:29:38,37455,1,5.96086309524,1.62276785714
2012-09-05 18:29:39,37456,1,7.98854166667,2.02767857143
2012-09-05 18:29:40,37457,1,9.99397321429,2.00543154762
2012-09-05 18:29:41,37458,1,11.6845238095,1.69055059524
2012-09-05 18:29:42,37459,1,13.1125,1.42797619048
2012-09-05 18:29:43,37460,1,14.5614583333,1.44895833333
2012-09-05 18:29:44,37461,1,16.2587053571,1.69724702381
2012-09-05 18:29:45,37462,1,18.1603422619,1.90163690476
2012-09-05 18:29:46,37463,1,19.9869047619,1.8265625
2012-09-05 18:29:47,37464,1,21.4572172619,1.4703125
2012-09-05 18:29:48,37465,1,22.4480654762,0.990848214286
2012-09-05 18:29:49,37466,1,22.970014881,0.521949404762
2012-09-05 18:29:50,37467,1,23.101860119,0.131845238095
2012-09-05 18:29:51,37468,1,22.9735863095,-0.128273809524
2012-09-05 18:29:52,37469,1,22.7516369048,-0.221949404762
2012-09-05 18:29:53,37470,1,22.58125,-0.170386904762
2012-09-05 18:29:54,37471,1,22.5198660714,-0.0613839285714
2012-09-05 18:29:55,37472,1,22.5216517857,0.0017857142857
2012-09-05 18:29:56,37473,1,22.482514881,-0.0391369047619
2012-09-05 18:29:57,37474,1,22.3379464286,-0.144568452381
2012-09-05 18:29:58,37475,1,22.1614583333,-0.176488095238
2012-09-05 18:29:59,37476,1,22.1376488095,-0.0238095238095
2012-09-05 18:30:00,37477,1,22.4043154762,0.266666666667
2012-09-05 18:30:01,37478,1,22.9281994048,0.523883928571
2012-09-05 18:30:02,37479,1,23.5233630952,0.595163690476
2012-09-05 18:30:03,37480,1,23.9843005952,0.4609375
2012-09-05 18:30:04,37481,1,24.2259672619,0.241666666667
2012-09-05 18:30:05,37482,1,24.3068452381,0.0808779761904
2012-09-05 18:30:06,37483,1,24.3274553571,0.0206101190477
2012-09-05 18:30:07,37484,1,24.3311011905,0.0036458333333
2012-09-05 18:30:08,37485,1,24.2972470238,-0.0338541666667
2012-09-05 18:30:09,37486,1,24.1700892857,-0.127157738095
2012-09-05 18:30:10,37487,1,23.8296875,-0.340401785714
2012-09-05 18:30:11,37488,1,23.065625,-0.7640625
2012-09-05 18:30:12,37489,1,21.6857886905,-1.37983630952
2012-09-05 18:30:13,37490,1,19.7078125,-1.97797619048
2012-09-05 18:30:14,37491,1,17.4394345238,-2.26837797619
2012-09-05 18:30:15,37492,1,15.3742559524,-2.06517857143
2012-09-05 18:30:16,37493,1,13.985639881,-1.38861607143
2012-09-05 18:30:17,37494,1,13.5338541667,-0.451785714286
2012-09-05 18:30:18,37495,1,13.9866815476,0.452827380952
2012-09-05 18:30:19,37496,1,15.0821428571,1.09546130952
2012-09-05 18:30:20,37497,1,16.4567708333,1.37462797619
2012-09-05 18:30:21,37498,1,17.7773065476,1.32053571429
2012-09-05 18:30:22,37499,1,18.854985119,1.07767857143
2012-09-05 18:30:23,37500,1,19.6741071429,0.819122023809
2012-09-05 18:30:24,37501,1,20.3186755952,0.644568452381
2012-09-05 18:30:25,37502,1,20.8899553571,0.571279761905
2012-09-05 18:30:26,37503,1,21.4617559524,0.571800595238
2012-09-05 18:30:27,37504,1,22.0524553571,0.590699404762
2012-09-05 18:30:28,37505,1,22.6142113095,0.561755952381
2012-09-05 18:30:29,37506,1,23.0587797619,0.444568452381
2012-09-05 18:30:30,37507,1,23.3185267857,0.25974702381
2012-09-05 18:30:31,37508,1,23.3864583333,0.067931547619
2012-09-05 18:30:32,37509,1,23.2842261905,-0.102232142857
2012-09-05 18:30:33,37510,1,23.0037202381,-0.280505952381
2012-09-05 18:30:34,37511,1,22.4959821429,-0.507738095238
2012-09-05 18:30:35,37512,1,21.7180059524,-0.777976190476
2012-09-05 18:30:36,37513,1,20.6825892857,-1.03541666667
2012-09-05 18:30:37,37514,1,19.4193452381,-1.26324404762
2012-09-05 18:30:38,37515,1,17.8680803571,-1.55126488095
2012-09-05 18:30:39,37516,1,15.8914434524,-1.97663690476
2012-09-05 18:30:40,37517,1,13.4558035714,-2.43563988095
2012-09-05 18:30:41,37518,1,10.7712053571,-2.68459821429
2012-09-05 18:30:42,37519,1,8.22693452381,-2.54427083333
2012-09-05 18:30:43,37520,1,6.14196428571,-2.0849702381
2012-09-05 18:30:44,37521,1,4.51607142857,-1.62589285714
2012-09-05 18:30:45,37522,1,3.09977678571,-1.41629464286
2012-09-05 18:30:46,37523,1,1.81852678571,-1.28125
2012-09-05 18:30:47,37524,1,0.0,-1.81852678571
