timestamp,cycle_sec,timestep,speed_mph,accel_meters_ps
2012-10-19 13:52:11,0,83632,0.0,0.0
2012-10-19 13:52:12,1,1,3.48831845238,3.48831845238
2012-10-19 13:52:13,2,1,6.51108630952,3.02276785714
2012-10-19 13:52:14,3,1,10.0958333333,3.58474702381
2012-10-19 13:52:15,4,1,13.8605654762,3.76473214286
2012-10-19 13:52:16,5,1,17.5890625,3.72849702381
2012-10-19 13:52:17,6,1,21.1093005952,3.52023809524
2012-10-19 13:52:18,7,1,24.2382440476,3.12894345238
2012-10-19 13:52:19,8,1,26.837202381,2.59895833333
2012-10-19 13:52:20,9,1,28.884672619,2.0474702381
2012-10-19 13:52:21,10,1,30.4727678571,1.5880952381
2012-10-19 13:52:22,11,1,31.7364583333,1.26369047619
2012-10-19 13:52:23,12,1,32.7738095238,1.03735119048
2012-10-19 13:52:24,13,1,33.6088541667,0.835044642857
2012-10-19 13:52:25,14,1,34.2354910714,0.626636904762
2012-10-19 13:52:26,15,1,34.6939732143,0.458482142857
2012-10-19 13:52:27,16,1,35.0789434524,0.384970238095
2012-10-19 13:52:28,17,1,35.4770089286,0.398065476191
2012-10-19 13:52:29,18,1,35.913764881,0.436755952381
2012-10-19 13:52:30,19,1,36.3523065476,0.438541666667
2012-10-19 13:52:31,20,1,36.7276041667,0.375297619048
2012-10-19 13:52:32,21,1,36.9850446429,0.25744047619
2012-10-19 13:52:33,22,1,37.1017113095,0.116666666667
2012-10-19 13:52:34,23,1,37.0840029762,-0.0177083333333
2012-10-19 13:52:35,24,1,36.9558779762,-0.128125
2012-10-19 13:52:36,25,1,36.7436011905,-0.212276785714
2012-10-19 13:52:37,26,1,36.4336309524,-0.309970238095
2012-10-19 13:52:38,27,1,35.9389880952,-0.494642857143
2012-10-19 13:52:39,28,1,35.1598214286,-0.779166666667
2012-10-19 13:52:40,29,1,34.1026785714,-1.05714285714
2012-10-19 13:52:41,30,1,32.9229910714,-1.1796875
2012-10-19 13:52:42,31,1,31.8307291667,-1.09226190476
2012-10-19 13:52:43,32,1,30.9133928571,-0.917336309524
2012-10-19 13:52:44,33,1,30.0159970238,-0.897395833333
2012-10-19 13:52:45,34,1,28.7973958333,-1.21860119048
2012-10-19 13:52:46,35,1,26.9074404762,-1.88995535714
2012-10-19 13:52:47,36,1,24.1370535714,-2.77038690476
2012-10-19 13:52:48,37,1,20.4964285714,-3.640625
2012-10-19 13:52:49,38,1,16.2503720238,-4.24605654762
2012-10-19 13:52:50,39,1,11.869047619,-4.38132440476
2012-10-19 13:52:51,40,1,7.85104166667,-4.01800595238
2012-10-19 13:52:52,41,1,4.55669642857,-3.2943452381
2012-10-19 13:52:53,42,1,2.23050595238,-2.32619047619
2012-10-19 13:52:54,43,1,0.0,-2.23050595238
2012-10-19 13:53:11,60,17,0.0,0.0
2012-10-19 13:53:12,61,1,3.25751488095,3.25751488095
2012-10-19 13:53:13,62,1,5.95066964286,2.6931547619
2012-10-19 13:53:14,63,1,8.97938988095,3.0287202381
2012-10-19 13:53:15,64,1,11.9511160714,2.97172619048
2012-10-19 13:53:16,65,1,14.7202380952,2.76912202381
2012-10-19 13:53:17,66,1,17.2607142857,2.54047619048
2012-10-19 13:53:18,67,1,19.5712053571,2.31049107143
2012-10-19 13:53:19,68,1,21.6506696429,2.07946428571
2012-10-19 13:53:20,69,1,23.5027529762,1.85208333333
2012-10-19 13:53:21,70,1,25.132514881,1.62976190476
2012-10-19 13:53:22,71,1,26.5264880952,1.39397321429
2012-10-19 13:53:23,72,1,27.6453125,1.11882440476
2012-10-19 13:53:24,73,1,28.463764881,0.818452380952
2012-10-19 13:53:25,74,1,29.0265625,0.562797619048
2012-10-19 13:53:26,75,1,29.4480654762,0.42150297619
2012-10-19 13:53:27,76,1,29.8540178571,0.405952380952
2012-10-19 13:53:28,77,1,30.3264136905,0.472395833333
2012-10-19 13:53:29,78,1,30.8907738095,0.564360119048
2012-10-19 13:53:30,79,1,31.5508184524,0.660044642857
2012-10-19 13:53:31,80,1,32.3348214286,0.784002976191
2012-10-19 13:53:32,81,1,33.288764881,0.953943452381
2012-10-19 13:53:33,82,1,34.4155505952,1.12678571429
2012-10-19 13:53:34,83,1,35.6348214286,1.21927083333
2012-10-19 13:53:35,84,1,36.8090029762,1.17418154762
2012-10-19 13:53:36,85,1,37.8174107143,1.0084077381
2012-10-19 13:53:37,86,1,38.6287946429,0.811383928571
2012-10-19 13:53:38,87,1,39.3077380952,0.678943452381
2012-10-19 13:53:39,88,1,39.9290178571,0.621279761905
2012-10-19 13:53:40,89,1,40.4811011905,0.552083333333
2012-10-19 13:53:41,90,1,40.8777529762,0.396651785714
2012-10-19 13:53:42,91,1,41.0645833333,0.186830357143
2012-10-19 13:53:43,92,1,41.085639881,0.0210565476191
2012-10-19 13:53:44,93,1,41.0493303571,-0.0363095238095
2012-10-19 13:53:45,94,1,41.0540922619,0.0047619047619
2012-10-19 13:53:46,95,1,41.1421130952,0.0880208333333
2012-10-19 13:53:47,96,1,41.3045386905,0.162425595238
2012-10-19 13:53:48,97,1,41.5054315476,0.200892857143
2012-10-19 13:53:49,98,1,41.6775297619,0.172098214286
2012-10-19 13:53:50,99,1,41.7217261905,0.0441964285714
2012-10-19 13:53:51,100,1,41.5622767857,-0.159449404762
2012-10-19 13:53:52,101,1,41.2092261905,-0.353050595238
2012-10-19 13:53:53,102,1,40.7475446429,-0.461681547619
2012-10-19 13:53:54,103,1,40.2645089286,-0.483035714286
2012-10-19 13:53:55,104,1,39.7945684524,-0.46994047619
2012-10-19 13:53:56,105,1,39.3215029762,-0.47306547619
2012-10-19 13:53:57,106,1,38.804389881,-0.517113095238
2012-10-19 13:53:58,107,1,38.1852678571,-0.61912202381
2012-10-19 13:53:59,108,1,37.3794642857,-0.805803571429
2012-10-19 13:54:00,109,1,36.2822916667,-1.09717261905
2012-10-19 13:54:01,110,1,34.8125744048,-1.4697172619
2012-10-19 13:54:02,111,1,32.964360119,-1.84821428571
2012-10-19 13:54:03,112,1,30.8222470238,-2.14211309524
2012-10-19 13:54:04,113,1,28.5281994048,-2.29404761905
2012-10-19 13:54:05,114,1,26.2269345238,-2.30126488095
2012-10-19 13:54:06,115,1,24.0357886905,-2.19114583333
2012-10-19 13:54:07,116,1,22.0455357143,-1.99025297619
2012-10-19 13:54:08,117,1,20.3154017857,-1.73013392857
2012-10-19 13:54:09,118,1,18.8604910714,-1.45491071429
2012-10-19 13:54:10,119,1,17.666889881,-1.19360119048
2012-10-19 13:54:11,120,1,16.7446428571,-0.92224702381
2012-10-19 13:54:12,121,1,16.1727678571,-0.571875
2012-10-19 13:54:13,122,1,16.0618303571,-0.1109375
2012-10-19 13:54:14,123,1,16.4418154762,0.379985119048
2012-10-19 13:54:15,124,1,17.1892113095,0.747395833333
2012-10-19 13:54:16,125,1,18.073139881,0.883928571429
2012-10-19 13:54:17,126,1,18.8880208333,0.814880952381
2012-10-19 13:54:18,127,1,19.5656994048,0.677678571429
2012-10-19 13:54:19,128,1,20.1773065476,0.611607142857
2012-10-19 13:54:20,129,1,20.85,0.672693452381
2012-10-19 13:54:21,130,1,21.6829613095,0.832961309524
2012-10-19 13:54:22,131,1,22.6962797619,1.01331845238
2012-10-19 13:54:23,132,1,23.8248511905,1.12857142857
2012-10-19 13:54:24,133,1,24.9677083333,1.14285714286
2012-10-19 13:54:25,134,1,26.0568452381,1.08913690476
2012-10-19 13:54:26,135,1,27.0938244048,1.03697916667
2012-10-19 13:54:27,136,1,28.1378720238,1.04404761905
2012-10-19 13:54:28,137,1,29.2599702381,1.12209821429
2012-10-19 13:54:29,138,1,30.4933035714,1.23333333333
2012-10-19 13:54:30,139,1,31.8073660714,1.3140625
2012-10-19 13:54:31,140,1,33.1135416667,1.30617559524
2012-10-19 13:54:32,141,1,34.3007440476,1.18720238095
2012-10-19 13:54:33,142,1,35.2914434524,0.990699404762
2012-10-19 13:54:34,143,1,36.0833333333,0.791889880952
2012-10-19 13:54:35,144,1,36.7390625,0.655729166667
2012-10-19 13:54:36,145,1,37.3299107143,0.590848214286
2012-10-19 13:54:37,146,1,37.8805803571,0.550669642857
2012-10-19 13:54:38,147,1,38.3648809524,0.484300595238
2012-10-19 13:54:39,148,1,38.7571428571,0.392261904762
2012-10-19 13:54:40,149,1,39.0709821429,0.313839285714
2012-10-19 13:54:41,150,1,39.3354910714,0.264508928572
2012-10-19 13:54:42,151,1,39.5636904762,0.228199404762
2012-10-19 13:54:43,152,1,39.7594494048,0.195758928571
2012-10-19 13:54:44,153,1,39.933110119,0.173660714286
2012-10-19 13:54:45,154,1,40.1072172619,0.174107142857
2012-10-19 13:54:46,155,1,40.3039434524,0.196726190476
2012-10-19 13:54:47,156,1,40.510639881,0.206696428571
2012-10-19 13:54:48,157,1,40.6681547619,0.157514880952
2012-10-19 13:54:49,158,1,40.709672619,0.0415178571428
2012-10-19 13:54:50,159,1,40.6119791667,-0.0976934523809
2012-10-19 13:54:51,160,1,40.4037202381,-0.208258928572
2012-10-19 13:54:52,161,1,40.1240327381,-0.2796875
2012-10-19 13:54:53,162,1,39.795610119,-0.328422619048
2012-10-19 13:54:54,163,1,39.4402529762,-0.355357142857
2012-10-19 13:54:55,164,1,39.0876488095,-0.352604166667
2012-10-19 13:54:56,165,1,38.7719494048,-0.315699404762
2012-10-19 13:54:57,166,1,38.5333333333,-0.238616071429
2012-10-19 13:54:58,167,1,38.3954613095,-0.137872023809
2012-10-19 13:54:59,168,1,38.3361607143,-0.0593005952381
2012-10-19 13:55:00,169,1,38.2935267857,-0.0426339285714
2012-10-19 13:55:01,170,1,38.1810267857,-0.1125
2012-10-19 13:55:02,171,1,37.8927083333,-0.288318452381
2012-10-19 13:55:03,172,1,37.3172619048,-0.575446428571
2012-10-19 13:55:04,173,1,36.3670386905,-0.950223214286
2012-10-19 13:55:05,174,1,35.0294642857,-1.33757440476
2012-10-19 13:55:06,175,1,33.425,-1.60446428571
2012-10-19 13:55:07,176,1,31.8170386905,-1.60796130952
2012-10-19 13:55:08,177,1,30.5343005952,-1.28273809524
2012-10-19 13:55:09,178,1,29.8240327381,-0.710267857143
2012-10-19 13:55:10,179,1,29.7308779762,-0.0931547619047
2012-10-19 13:55:11,180,1,30.0870535714,0.356175595238
2012-10-19 13:55:12,181,1,30.5978422619,0.510788690476
2012-10-19 13:55:13,182,1,30.9629464286,0.365104166667
2012-10-19 13:55:14,183,1,30.9680059524,0.0050595238095
2012-10-19 13:55:15,184,1,30.4902529762,-0.47775297619
2012-10-19 13:55:16,185,1,29.4418154762,-1.0484375
2012-10-19 13:55:17,186,1,27.7188988095,-1.72291666667
2012-10-19 13:55:18,187,1,25.2110119048,-2.50788690476
2012-10-19 13:55:19,188,1,21.9099702381,-3.30104166667
2012-10-19 13:55:20,189,1,18.0648065476,-3.84516369048
2012-10-19 13:55:21,190,1,14.2162946429,-3.84851190476
2012-10-19 13:55:22,191,1,11.01875,-3.19754464286
2012-10-19 13:55:23,192,1,8.96019345238,-2.05855654762
2012-10-19 13:55:24,193,1,8.1859375,-0.774255952381
2012-10-19 13:55:25,194,1,8.51279761905,0.326860119048
2012-10-19 13:55:26,195,1,9.5001860119,0.987388392857
2012-10-19 13:55:27,196,1,10.4609561012,0.960770089286
2012-10-19 13:55:28,197,1,10.6059151786,0.144959077381
2012-10-19 13:55:29,198,1,9.4787016369,-1.12721354167
2012-10-19 13:55:30,199,1,7.32864583333,-2.15005580357
2012-10-19 13:55:31,200,1,4.98087797619,-2.34776785714
2012-10-19 13:55:32,201,1,3.27165178571,-1.70922619048
2012-10-19 13:55:33,202,1,2.51077008929,-0.760881696429
2012-10-19 13:55:34,203,1,2.41443452381,-0.0963355654762
2012-10-19 13:55:35,204,1,2.51711309524,0.102678571429
2012-10-19 13:55:36,205,1,2.59665178571,0.0795386904762
2012-10-19 13:55:37,206,1,2.77472098214,0.178069196429
2012-10-19 13:55:38,207,1,3.36569940476,0.590978422619
2012-10-19 13:55:39,208,1,4.6369047619,1.27120535714
2012-10-19 13:55:40,209,1,6.59866071429,1.96175595238
2012-10-19 13:55:41,210,1,8.928515625,2.32985491071
2012-10-19 13:55:42,211,1,11.0850818452,2.15656622024
2012-10-19 13:55:43,212,1,12.5766927083,1.4916108631
2012-10-19 13:55:44,213,1,13.198921131,0.622228422619
2012-10-19 13:55:45,214,1,13.0599702381,-0.138950892857
2012-10-19 13:55:46,215,1,12.4334077381,-0.6265625
2012-10-19 13:55:47,216,1,11.5910714286,-0.842336309524
2012-10-19 13:55:48,217,1,10.7064732143,-0.884598214286
2012-10-19 13:55:49,218,1,9.83273809524,-0.873735119048
2012-10-19 13:55:50,219,1,8.94017857143,-0.89255952381
2012-10-19 13:55:51,220,1,8.00803571429,-0.932142857143
2012-10-19 13:55:52,221,1,7.08444940476,-0.923586309524
2012-10-19 13:55:53,222,1,6.2415922619,-0.842857142857
2012-10-19 13:55:54,223,1,5.52023809524,-0.721354166667
2012-10-19 13:55:55,224,1,4.92574404762,-0.594494047619
2012-10-19 13:55:56,225,1,4.41770833333,-0.508035714286
2012-10-19 13:55:57,226,1,3.92686011905,-0.490848214286
2012-10-19 13:55:58,227,1,3.43482142857,-0.492038690476
2012-10-19 13:55:59,228,1,3.00766369048,-0.427157738095
2012-10-19 13:56:00,229,1,2.74575892857,-0.261904761905
2012-10-19 13:56:01,230,1,2.71324404762,-0.0325148809524
2012-10-19 13:56:02,231,1,2.83452380952,0.121279761905
2012-10-19 13:56:03,232,1,2.83370535714,-0.00081845238095
2012-10-19 13:56:04,233,1,2.41458333333,-0.41912202381
2012-10-19 13:56:05,234,1,1.61116071429,-0.803422619048
2012-10-19 13:56:06,235,1,0.0,-1.61116071429
2012-10-19 13:59:29,438,203,0.0,0.0
2012-10-19 13:59:30,439,1,1.23861607143,1.23861607143
2012-10-19 13:59:31,440,1,1.89709821429,0.658482142857
2012-10-19 13:59:32,441,1,2.42116815476,0.524069940476
2012-10-19 13:59:33,442,1,2.88214285714,0.460974702381
2012-10-19 13:59:34,443,1,3.54765625,0.665513392857
2012-10-19 13:59:35,444,1,4.58072916667,1.03307291667
2012-10-19 13:59:36,445,1,5.92548363095,1.34475446429
2012-10-19 13:59:37,446,1,7.3640625,1.43857886905
2012-10-19 13:59:38,447,1,8.64520089286,1.28113839286
2012-10-19 13:59:39,448,1,9.59657738095,0.951376488095
2012-10-19 13:59:40,449,1,10.1572172619,0.560639880952
2012-10-19 13:59:41,450,1,10.3485119048,0.191294642857
2012-10-19 13:59:42,451,1,10.24375,-0.104761904762
2012-10-19 13:59:43,452,1,9.95319940476,-0.290550595238
2012-10-19 13:59:44,453,1,9.59821428571,-0.354985119048
2012-10-19 13:59:45,454,1,9.26056547619,-0.337648809524
2012-10-19 13:59:46,455,1,8.94955357143,-0.311011904762
2012-10-19 13:59:47,456,1,8.63802083333,-0.311532738095
2012-10-19 13:59:48,457,1,8.34084821429,-0.297172619048
2012-10-19 13:59:49,458,1,8.15104166667,-0.189806547619
2012-10-19 13:59:50,459,1,8.19620535714,0.0451636904762
2012-10-19 13:59:51,460,1,8.55915178571,0.362946428571
2012-10-19 13:59:52,461,1,9.2181547619,0.65900297619
2012-10-19 13:59:53,462,1,10.0299107143,0.811755952381
2012-10-19 13:59:54,463,1,10.7523065476,0.722395833333
2012-10-19 13:59:55,464,1,11.0982886905,0.345982142857
2012-10-19 13:59:56,465,1,10.8357142857,-0.262574404762
2012-10-19 13:59:57,466,1,9.93058035714,-0.905133928571
2012-10-19 13:59:58,467,1,8.63764880952,-1.29293154762
2012-10-19 13:59:59,468,1,7.42001488095,-1.21763392857
2012-10-19 14:00:00,469,1,6.71019345238,-0.709821428571
2012-10-19 14:00:01,470,1,6.66398809524,-0.0462053571429
2012-10-19 14:00:02,471,1,7.07514880952,0.411160714286
2012-10-19 14:00:03,472,1,7.53013392857,0.454985119048
2012-10-19 14:00:04,473,1,7.70766369048,0.177529761905
2012-10-19 14:00:05,474,1,7.57053571429,-0.13712797619
2012-10-19 14:00:06,475,1,7.30141369048,-0.26912202381
2012-10-19 14:00:07,476,1,7.12254464286,-0.178869047619
2012-10-19 14:00:08,477,1,7.19412202381,0.0715773809524
2012-10-19 14:00:09,478,1,7.59248511905,0.398363095238
2012-10-19 14:00:10,479,1,8.2890625,0.696577380952
2012-10-19 14:00:11,480,1,9.1271577381,0.838095238095
2012-10-19 14:00:12,481,1,9.8412202381,0.7140625
2012-10-19 14:00:13,482,1,10.1465029762,0.305282738095
2012-10-19 14:00:14,483,1,9.86160714286,-0.284895833333
2012-10-19 14:00:15,484,1,8.98043154762,-0.881175595238
2012-10-19 14:00:16,485,1,7.67328869048,-1.30714285714
2012-10-19 14:00:17,486,1,6.23288690476,-1.44040178571
2012-10-19 14:00:18,487,1,4.9265625,-1.30632440476
2012-10-19 14:00:19,488,1,3.8099702381,-1.1165922619
2012-10-19 14:00:20,489,1,2.7384672619,-1.07150297619
2012-10-19 14:00:21,490,1,1.69136904762,-1.04709821429
2012-10-19 14:00:22,491,1,0.0,-1.69136904762
2012-10-19 14:00:46,515,24,0.0,0.0
2012-10-19 14:00:47,516,1,3.14382440476,3.14382440476
2012-10-19 14:00:48,517,1,5.37351190476,2.2296875
2012-10-19 14:00:49,518,1,7.34546130952,1.97194940476
2012-10-19 14:00:50,519,1,8.43880208333,1.09334077381
2012-10-19 14:00:51,520,1,8.42423735119,-0.0145647321429
2012-10-19 14:00:52,521,1,7.43024553571,-0.993991815476
2012-10-19 14:00:53,522,1,5.89860491071,-1.531640625
2012-10-19 14:00:54,523,1,4.43069196429,-1.46791294643
2012-10-19 14:00:55,524,1,3.50172991071,-0.928962053571
2012-10-19 14:00:56,525,1,3.30323660714,-0.198493303571
2012-10-19 14:00:57,526,1,3.83958333333,0.53634672619
2012-10-19 14:00:58,527,1,5.01343005952,1.17384672619
2012-10-19 14:00:59,528,1,6.5490141369,1.53558407738
2012-10-19 14:01:00,529,1,7.96715029762,1.41813616071
2012-10-19 14:01:01,530,1,8.75712425595,0.789973958333
2012-10-19 14:01:02,531,1,8.64594494048,-0.111179315476
2012-10-19 14:01:03,532,1,7.77085193452,-0.875093005952
2012-10-19 14:01:04,533,1,6.57600446429,-1.19484747024
2012-10-19 14:01:05,534,1,5.54345238095,-1.03255208333
2012-10-19 14:01:06,535,1,5.08147321429,-0.461979166667
2012-10-19 14:01:07,536,1,5.54799107143,0.466517857143
2012-10-19 14:01:08,537,1,7.14933035714,1.60133928571
2012-10-19 14:01:09,538,1,9.7740327381,2.62470238095
2012-10-19 14:01:10,539,1,12.9962053571,3.22217261905
2012-10-19 14:01:11,540,1,16.2671130952,3.2709077381
2012-10-19 14:01:12,541,1,19.1531994048,2.88608630952
2012-10-19 14:01:13,542,1,21.4775297619,2.32433035714
2012-10-19 14:01:14,543,1,23.3043154762,1.82678571429
2012-10-19 14:01:15,544,1,24.8328869048,1.52857142857
2012-10-19 14:01:16,545,1,26.2814732143,1.44858630952
2012-10-19 14:01:17,546,1,27.7761904762,1.4947172619
2012-10-19 14:01:18,547,1,29.2861607143,1.5099702381
2012-10-19 14:01:19,548,1,30.6671875,1.38102678571
2012-10-19 14:01:20,549,1,31.7813244048,1.11413690476
2012-10-19 14:01:21,550,1,32.5816964286,0.800372023809
2012-10-19 14:01:22,551,1,33.1064732143,0.524776785714
2012-10-19 14:01:23,552,1,33.4379464286,0.331473214286
2012-10-19 14:01:24,553,1,33.6821428571,0.244196428571
2012-10-19 14:01:25,554,1,33.926264881,0.24412202381
2012-10-19 14:01:26,555,1,34.1686755952,0.242410714286
2012-10-19 14:01:27,556,1,34.3136160714,0.14494047619
2012-10-19 14:01:28,557,1,34.2433779762,-0.0702380952381
2012-10-19 14:01:29,558,1,33.8975446429,-0.345833333333
2012-10-19 14:01:30,559,1,33.3160714286,-0.581473214286
2012-10-19 14:01:31,560,1,32.6105654762,-0.705505952381
2012-10-19 14:01:32,561,1,31.8863839286,-0.724181547619
2012-10-19 14:01:33,562,1,31.2039434524,-0.68244047619
2012-10-19 14:01:34,563,1,30.585639881,-0.618303571429
2012-10-19 14:01:35,564,1,30.0107142857,-0.574925595238
2012-10-19 14:01:36,565,1,29.4091517857,-0.6015625
2012-10-19 14:01:37,566,1,28.7046130952,-0.704538690476
2012-10-19 14:01:38,567,1,27.8879464286,-0.816666666667
2012-10-19 14:01:39,568,1,27.047172619,-0.840773809524
2012-10-19 14:01:40,569,1,26.3284970238,-0.718675595238
2012-10-19 14:01:41,570,1,25.8638392857,-0.464657738095
2012-10-19 14:01:42,571,1,25.7055803571,-0.158258928571
2012-10-19 14:01:43,572,1,25.8047619048,0.099181547619
2012-10-19 14:01:44,573,1,26.0423363095,0.237574404762
2012-10-19 14:01:45,574,1,26.2875744048,0.245238095238
2012-10-19 14:01:46,575,1,26.4491071429,0.161532738095
2012-10-19 14:01:47,576,1,26.4805803571,0.0314732142858
2012-10-19 14:01:48,577,1,26.3578125,-0.122767857143
2012-10-19 14:01:49,578,1,26.0998511905,-0.257961309524
2012-10-19 14:01:50,579,1,25.8035714286,-0.296279761905
2012-10-19 14:01:51,580,1,25.5840029762,-0.219568452381
2012-10-19 14:01:52,581,1,25.456547619,-0.127455357143
2012-10-19 14:01:53,582,1,25.3101934524,-0.146354166667
2012-10-19 14:01:54,583,1,25.0083333333,-0.301860119048
2012-10-19 14:01:55,584,1,24.5044642857,-0.503869047619
2012-10-19 14:01:56,585,1,23.8584821429,-0.645982142857
2012-10-19 14:01:57,586,1,23.1592261905,-0.699255952381
2012-10-19 14:01:58,587,1,22.4714285714,-0.687797619048
2012-10-19 14:01:59,588,1,21.8807291667,-0.590699404762
2012-10-19 14:02:00,589,1,21.5233630952,-0.357366071429
2012-10-19 14:02:01,590,1,21.461235119,-0.0621279761905
2012-10-19 14:02:02,591,1,21.5218005952,0.0605654761905
2012-10-19 14:02:03,592,1,21.3599702381,-0.161830357143
2012-10-19 14:02:04,593,1,20.7392857143,-0.62068452381
2012-10-19 14:02:05,594,1,19.7430803571,-0.996205357143
2012-10-19 14:02:06,595,1,18.7164434524,-1.02663690476
2012-10-19 14:02:07,596,1,18.0244791667,-0.691964285714
2012-10-19 14:02:08,597,1,17.8290178571,-0.195461309524
2012-10-19 14:02:09,598,1,18.0206845238,0.191666666667
2012-10-19 14:02:10,599,1,18.3299107143,0.309226190476
2012-10-19 14:02:11,600,1,18.530952381,0.201041666667
2012-10-19 14:02:12,601,1,18.5991815476,0.0682291666666
2012-10-19 14:02:13,602,1,18.7218005952,0.122619047619
2012-10-19 14:02:14,603,1,19.1667410714,0.44494047619
2012-10-19 14:02:15,604,1,20.1027529762,0.936011904762
2012-10-19 14:02:16,605,1,21.4853422619,1.38258928571
2012-10-19 14:02:17,606,1,23.0796130952,1.59427083333
2012-10-19 14:02:18,607,1,24.5718005952,1.4921875
2012-10-19 14:02:19,608,1,25.6441964286,1.07239583333
2012-10-19 14:02:20,609,1,26.0010416667,0.356845238095
2012-10-19 14:02:21,610,1,25.4270833333,-0.573958333333
2012-10-19 14:02:22,611,1,23.8629464286,-1.56413690476
2012-10-19 14:02:23,612,1,21.4561755952,-2.40677083333
2012-10-19 14:02:24,613,1,18.6087797619,-2.84739583333
2012-10-19 14:02:25,614,1,15.955952381,-2.65282738095
2012-10-19 14:02:26,615,1,14.1853422619,-1.77061011905
2012-10-19 14:02:27,616,1,13.7670386905,-0.418303571429
2012-10-19 14:02:28,617,1,14.7584077381,0.991369047619
2012-10-19 14:02:29,618,1,16.8232142857,2.06480654762
2012-10-19 14:02:30,619,1,19.465625,2.64241071429
2012-10-19 14:02:31,620,1,22.2746279762,2.80900297619
2012-10-19 14:02:32,621,1,24.990327381,2.71569940476
2012-10-19 14:02:33,622,1,27.4267113095,2.43638392857
2012-10-19 14:02:34,623,1,29.4008928571,1.97418154762
2012-10-19 14:02:35,624,1,30.7502232143,1.34933035714
2012-10-19 14:02:36,625,1,31.3854910714,0.635267857143
2012-10-19 14:02:37,626,1,31.2720982143,-0.113392857143
2012-10-19 14:02:38,627,1,30.3366071429,-0.935491071429
2012-10-19 14:02:39,628,1,28.4448660714,-1.89174107143
2012-10-19 14:02:40,629,1,25.5619047619,-2.88296130952
2012-10-19 14:02:41,630,1,21.9703125,-3.5915922619
2012-10-19 14:02:42,631,1,18.3063244048,-3.66398809524
2012-10-19 14:02:43,632,1,15.3523809524,-2.95394345238
2012-10-19 14:02:44,633,1,13.7235863095,-1.62879464286
2012-10-19 14:02:45,634,1,13.6253720238,-0.0982142857143
2012-10-19 14:02:46,635,1,14.8244047619,1.1990327381
2012-10-19 14:02:47,636,1,16.8043154762,1.97991071429
2012-10-19 14:02:48,637,1,18.9419642857,2.13764880952
2012-10-19 14:02:49,638,1,20.659375,1.71741071429
2012-10-19 14:02:50,639,1,21.546875,0.8875
2012-10-19 14:02:51,640,1,21.3771577381,-0.169717261905
2012-10-19 14:02:52,641,1,20.0831845238,-1.29397321429
2012-10-19 14:02:53,642,1,17.8483630952,-2.23482142857
2012-10-19 14:02:54,643,1,15.1980654762,-2.65029761905
2012-10-19 14:02:55,644,1,12.8640625,-2.33400297619
2012-10-19 14:02:56,645,1,11.4275297619,-1.4365327381
2012-10-19 14:02:57,646,1,10.9993303571,-0.428199404762
2012-10-19 14:02:58,647,1,11.2280505952,0.228720238095
2012-10-19 14:02:59,648,1,11.665922619,0.43787202381
2012-10-19 14:03:00,649,1,12.1463541667,0.480431547619
2012-10-19 14:03:01,650,1,12.8029017857,0.656547619048
2012-10-19 14:03:02,651,1,13.7783482143,0.975446428571
2012-10-19 14:03:03,652,1,14.9826636905,1.20431547619
2012-10-19 14:03:04,653,1,16.0883184524,1.1056547619
2012-10-19 14:03:05,654,1,16.648139881,0.559821428571
2012-10-19 14:03:06,655,1,16.2302827381,-0.417857142857
2012-10-19 14:03:07,656,1,14.6226934524,-1.60758928571
2012-10-19 14:03:08,657,1,12.0860863095,-2.53660714286
2012-10-19 14:03:09,658,1,9.41927083333,-2.66681547619
2012-10-19 14:03:10,659,1,7.61525297619,-1.80401785714
2012-10-19 14:03:11,660,1,7.246875,-0.36837797619
2012-10-19 14:03:12,661,1,8.09613095238,0.849255952381
2012-10-19 14:03:13,662,1,9.42217261905,1.32604166667
2012-10-19 14:03:14,663,1,10.6328125,1.21063988095
2012-10-19 14:03:15,664,1,11.6975446429,1.06473214286
2012-10-19 14:03:16,665,1,12.9650297619,1.26748511905
2012-10-19 14:03:17,666,1,14.6871279762,1.72209821429
2012-10-19 14:03:18,667,1,16.7476934524,2.06056547619
2012-10-19 14:03:19,668,1,18.7793154762,2.03162202381
2012-10-19 14:03:20,669,1,20.4657738095,1.68645833333
2012-10-19 14:03:21,670,1,21.7139136905,1.24813988095
2012-10-19 14:03:22,671,1,22.5850446429,0.871130952381
2012-10-19 14:03:23,672,1,23.1236607143,0.538616071429
2012-10-19 14:03:24,673,1,23.2342261905,0.110565476191
2012-10-19 14:03:25,674,1,22.6688988095,-0.565327380952
2012-10-19 14:03:26,675,1,21.1645833333,-1.50431547619
2012-10-19 14:03:27,676,1,18.6790922619,-2.48549107143
2012-10-19 14:03:28,677,1,15.5413690476,-3.13772321429
2012-10-19 14:03:29,678,1,12.3733630952,-3.16800595238
2012-10-19 14:03:30,679,1,9.83638392857,-2.53697916667
2012-10-19 14:03:31,680,1,8.36369047619,-1.47269345238
2012-10-19 14:03:32,681,1,8.00238095238,-0.36130952381
2012-10-19 14:03:33,682,1,8.42299107143,0.420610119048
2012-10-19 14:03:34,683,1,9.0900297619,0.667038690476
2012-10-19 14:03:35,684,1,9.49389880952,0.403869047619
2012-10-19 14:03:36,685,1,9.32001488095,-0.173883928571
2012-10-19 14:03:37,686,1,8.51875,-0.801264880952
2012-10-19 14:03:38,687,1,7.28303571429,-1.23571428571
2012-10-19 14:03:39,688,1,5.89501488095,-1.38802083333
2012-10-19 14:03:40,689,1,4.50788690476,-1.38712797619
2012-10-19 14:03:41,690,1,3.11822916667,-1.3896577381
2012-10-19 14:03:42,691,1,1.83385416667,-1.284375
2012-10-19 14:03:43,692,1,0.0,-1.83385416667
2012-10-19 14:13:06,1255,563,0.0,0.0
2012-10-19 14:13:07,1256,1,3.0359375,3.0359375
2012-10-19 14:13:08,1257,1,4.98712797619,1.95119047619
2012-10-19 14:13:09,1258,1,6.45550595238,1.46837797619
2012-10-19 14:13:10,1259,1,6.99561011905,0.540104166667
2012-10-19 14:13:11,1260,1,6.79166666667,-0.203943452381
2012-10-19 14:13:12,1261,1,6.42767857143,-0.363988095238
2012-10-19 14:13:13,1262,1,6.5087797619,0.0811011904762
2012-10-19 14:13:14,1263,1,7.31391369048,0.805133928571
2012-10-19 14:13:15,1264,1,8.65238095238,1.3384672619
2012-10-19 14:13:16,1265,1,9.99456845238,1.3421875
2012-10-19 14:13:17,1266,1,10.7801339286,0.78556547619
2012-10-19 14:13:18,1267,1,10.7132440476,-0.0668898809524
2012-10-19 14:13:19,1268,1,9.86949404762,-0.84375
2012-10-19 14:13:20,1269,1,8.60900297619,-1.26049107143
2012-10-19 14:13:21,1270,1,7.39821428571,-1.21078869048
2012-10-19 14:13:22,1271,1,6.57849702381,-0.819717261905
2012-10-19 14:13:23,1272,1,6.21101190476,-0.367485119048
2012-10-19 14:13:24,1273,1,6.18125,-0.0297619047619
2012-10-19 14:13:25,1274,1,6.42976190476,0.248511904762
2012-10-19 14:13:26,1275,1,7.02700892857,0.59724702381
2012-10-19 14:13:27,1276,1,8.05967261905,1.03266369048
2012-10-19 14:13:28,1277,1,9.46220238095,1.4025297619
2012-10-19 14:13:29,1278,1,10.9575892857,1.49538690476
2012-10-19 14:13:30,1279,1,12.212202381,1.25461309524
2012-10-19 14:13:31,1280,1,13.0561755952,0.843973214286
2012-10-19 14:13:32,1281,1,13.5206845238,0.464508928571
2012-10-19 14:13:33,1282,1,13.6916666667,0.170982142857
2012-10-19 14:13:34,1283,1,13.5882440476,-0.103422619048
2012-10-19 14:13:35,1284,1,13.1966517857,-0.391592261905
2012-10-19 14:13:36,1285,1,12.5769345238,-0.619717261905
2012-10-19 14:13:37,1286,1,11.884672619,-0.692261904762
2012-10-19 14:13:38,1287,1,11.2889880952,-0.59568452381
2012-10-19 14:13:39,1288,1,10.896577381,-0.392410714286
2012-10-19 14:13:40,1289,1,10.7647321429,-0.131845238095
2012-10-19 14:13:41,1290,1,10.9646577381,0.199925595238
2012-10-19 14:13:42,1291,1,11.5754464286,0.610788690476
2012-10-19 14:13:43,1292,1,12.584375,1.00892857143
2012-10-19 14:13:44,1293,1,13.8176339286,1.23325892857
2012-10-19 14:13:45,1294,1,14.9994791667,1.1818452381
2012-10-19 14:13:46,1295,1,15.8948660714,0.895386904762
2012-10-19 14:13:47,1296,1,16.4000744048,0.505208333333
2012-10-19 14:13:48,1297,1,16.4962053571,0.096130952381
2012-10-19 14:13:49,1298,1,16.1402529762,-0.355952380952
2012-10-19 14:13:50,1299,1,15.242485119,-0.897767857143
2012-10-19 14:13:51,1300,1,13.7800595238,-1.46242559524
2012-10-19 14:13:52,1301,1,11.951264881,-1.82879464286
2012-10-19 14:13:53,1302,1,10.1963541667,-1.75491071429
2012-10-19 14:13:54,1303,1,8.98489583333,-1.21145833333
2012-10-19 14:13:55,1304,1,8.5021577381,-0.482738095238
2012-10-19 14:13:56,1305,1,8.50907738095,0.00691964285714
2012-10-19 14:13:57,1306,1,8.49642857143,-0.0126488095238
2012-10-19 14:13:58,1307,1,8.01748511905,-0.478943452381
2012-10-19 14:13:59,1308,1,6.9828125,-1.03467261905
2012-10-19 14:14:00,1309,1,5.69955357143,-1.28325892857
2012-10-19 14:14:01,1310,1,4.63147321429,-1.06808035714
2012-10-19 14:14:02,1311,1,4.128125,-0.503348214286
2012-10-19 14:14:03,1312,1,4.30089285714,0.172767857143
2012-10-19 14:14:04,1313,1,5.01525297619,0.714360119048
2012-10-19 14:14:05,1314,1,5.98072916667,0.965476190476
2012-10-19 14:14:06,1315,1,6.89389880952,0.913169642857
2012-10-19 14:14:07,1316,1,7.52455357143,0.630654761905
2012-10-19 14:14:08,1317,1,7.74516369048,0.220610119048
2012-10-19 14:14:09,1318,1,7.54382440476,-0.201339285714
2012-10-19 14:14:10,1319,1,6.98928571429,-0.554538690476
2012-10-19 14:14:11,1320,1,6.17388392857,-0.815401785714
2012-10-19 14:14:12,1321,1,5.20513392857,-0.96875
2012-10-19 14:14:13,1322,1,4.19598214286,-1.00915178571
2012-10-19 14:14:14,1323,1,3.19367559524,-1.00230654762
2012-10-19 14:14:15,1324,1,2.18080357143,-1.01287202381
2012-10-19 14:14:16,1325,1,1.26138392857,-0.919419642857
2012-10-19 14:14:17,1326,1,0.0,-1.26138392857
2012-10-19 14:35:56,2625,1299,0.0,0.0
2012-10-19 14:35:57,2626,1,2.89092261905,2.89092261905
2012-10-19 14:35:58,2627,1,5.06748511905,2.1765625
2012-10-19 14:35:59,2628,1,7.29858630952,2.23110119048
2012-10-19 14:36:00,2629,1,9.28273809524,1.98415178571
2012-10-19 14:36:01,2630,1,10.9555803571,1.6728422619
2012-10-19 14:36:02,2631,1,12.2841517857,1.32857142857
2012-10-19 14:36:03,2632,1,13.1892857143,0.905133928571
2012-10-19 14:36:04,2633,1,13.5610119048,0.371726190476
2012-10-19 14:36:05,2634,1,13.2752232143,-0.285788690476
2012-10-19 14:36:06,2635,1,12.2448660714,-1.03035714286
2012-10-19 14:36:07,2636,1,10.5045386905,-1.74032738095
2012-10-19 14:36:08,2637,1,8.2818452381,-2.22269345238
2012-10-19 14:36:09,2638,1,6.0380952381,-2.24375
2012-10-19 14:36:10,2639,1,4.39114583333,-1.64694940476
2012-10-19 14:36:11,2640,1,3.85758928571,-0.533556547619
2012-10-19 14:36:12,2641,1,4.59813988095,0.740550595238
2012-10-19 14:36:13,2642,1,6.37306547619,1.77492559524
2012-10-19 14:36:14,2643,1,8.67842261905,2.30535714286
2012-10-19 14:36:15,2644,1,10.9625744048,2.28415178571
2012-10-19 14:36:16,2645,1,12.8177827381,1.85520833333
2012-10-19 14:36:17,2646,1,14.0226934524,1.20491071429
2012-10-19 14:36:18,2647,1,14.458110119,0.435416666667
2012-10-19 14:36:19,2648,1,14.0229166667,-0.435193452381
2012-10-19 14:36:20,2649,1,12.6646577381,-1.35825892857
2012-10-19 14:36:21,2650,1,10.588764881,-2.07589285714
2012-10-19 14:36:22,2651,1,8.43697916667,-2.15178571429
2012-10-19 14:36:23,2652,1,7.08110119048,-1.35587797619
2012-10-19 14:36:24,2653,1,7.09962797619,0.0185267857143
2012-10-19 14:36:25,2654,1,8.41339285714,1.31376488095
2012-10-19 14:36:26,2655,1,10.4017113095,1.98831845238
2012-10-19 14:36:27,2656,1,12.370014881,1.96830357143
2012-10-19 14:36:28,2657,1,13.9318452381,1.56183035714
2012-10-19 14:36:29,2658,1,15.0107142857,1.07886904762
2012-10-19 14:36:30,2659,1,15.6263392857,0.615625
2012-10-19 14:36:31,2660,1,15.7936755952,0.167336309524
2012-10-19 14:36:32,2661,1,15.5741815476,-0.219494047619
2012-10-19 14:36:33,2662,1,15.0941964286,-0.479985119048
2012-10-19 14:36:34,2663,1,14.4642113095,-0.629985119048
2012-10-19 14:36:35,2664,1,13.7213541667,-0.742857142857
2012-10-19 14:36:36,2665,1,12.8966517857,-0.824702380952
2012-10-19 14:36:37,2666,1,12.1212797619,-0.775372023809
2012-10-19 14:36:38,2667,1,11.5970982143,-0.524181547619
2012-10-19 14:36:39,2668,1,11.4048363095,-0.192261904762
2012-10-19 14:36:40,2669,1,11.3316220238,-0.0732142857143
2012-10-19 14:36:41,2670,1,10.9467261905,-0.384895833333
2012-10-19 14:36:42,2671,1,9.93430059524,-1.01242559524
2012-10-19 14:36:43,2672,1,8.38802083333,-1.5462797619
2012-10-19 14:36:44,2673,1,6.8005952381,-1.58742559524
2012-10-19 14:36:45,2674,1,5.78787202381,-1.01272321429
2012-10-19 14:36:46,2675,1,5.76183035714,-0.0260416666667
2012-10-19 14:36:47,2676,1,6.73720238095,0.97537202381
2012-10-19 14:36:48,2677,1,8.34055059524,1.60334821429
2012-10-19 14:36:49,2678,1,9.95513392857,1.61458333333
2012-10-19 14:36:50,2679,1,10.9092261905,0.954092261905
2012-10-19 14:36:51,2680,1,10.7282738095,-0.180952380952
2012-10-19 14:36:52,2681,1,9.43727678571,-1.29099702381
2012-10-19 14:36:53,2682,1,7.65587797619,-1.78139880952
2012-10-19 14:36:54,2683,1,6.28102678571,-1.37485119048
2012-10-19 14:36:55,2684,1,5.9755952381,-0.305431547619
2012-10-19 14:36:56,2685,1,6.84092261905,0.865327380952
2012-10-19 14:36:57,2686,1,8.393125,1.55220238095
2012-10-19 14:36:58,2687,1,9.78537202381,1.39224702381
2012-10-19 14:36:59,2688,1,10.2338541667,0.448482142857
2012-10-19 14:37:00,2689,1,9.45671130952,-0.777142857143
2012-10-19 14:37:01,2690,1,7.80386904762,-1.6528422619
2012-10-19 14:37:02,2691,1,6.00517857143,-1.79869047619
2012-10-19 14:37:03,2692,1,4.72116071429,-1.28401785714
2012-10-19 14:37:04,2693,1,4.19537202381,-0.525788690476
2012-10-19 14:37:05,2694,1,4.33431547619,0.138943452381
2012-10-19 14:37:06,2695,1,5.05331845238,0.71900297619
2012-10-19 14:37:07,2696,1,6.32785714286,1.27453869048
2012-10-19 14:37:08,2697,1,7.92767857143,1.59982142857
2012-10-19 14:37:09,2698,1,9.30355654762,1.37587797619
2012-10-19 14:37:10,2699,1,9.81517857143,0.51162202381
2012-10-19 14:37:11,2700,1,9.10607142857,-0.709107142857
2012-10-19 14:37:12,2701,1,7.3031547619,-1.80291666667
2012-10-19 14:37:13,2702,1,4.91904761905,-2.38410714286
2012-10-19 14:37:14,2703,1,2.70431547619,-2.21473214286
2012-10-19 14:37:15,2704,1,0.0,-2.70431547619
2012-10-19 14:37:52,2741,37,0.0,0.0
2012-10-19 14:37:53,2742,1,4.62462797619,4.62462797619
2012-10-19 14:37:54,2743,1,7.71912202381,3.09449404762
2012-10-19 14:37:55,2744,1,10.2974702381,2.57834821429
2012-10-19 14:37:56,2745,1,11.7394345238,1.44196428571
2012-10-19 14:37:57,2746,1,12.1780505952,0.438616071429
2012-10-19 14:37:58,2747,1,12.1167410714,-0.0613095238095
2012-10-19 14:37:59,2748,1,12.0014136905,-0.115327380952
2012-10-19 14:38:00,2749,1,12.0609375,0.0595238095238
2012-10-19 14:38:01,2750,1,12.3769345238,0.315997023809
2012-10-19 14:38:02,2751,1,13.0020833333,0.625148809524
2012-10-19 14:38:03,2752,1,14.014360119,1.01227678571
2012-10-19 14:38:04,2753,1,15.4698660714,1.45550595238
2012-10-19 14:38:05,2754,1,17.3159970238,1.84613095238
2012-10-19 14:38:06,2755,1,19.3693452381,2.05334821429
2012-10-19 14:38:07,2756,1,21.3941964286,2.02485119048
2012-10-19 14:38:08,2757,1,23.2338541667,1.8396577381
2012-10-19 14:38:09,2758,1,24.8905505952,1.65669642857
2012-10-19 14:38:10,2759,1,26.4686011905,1.57805059524
2012-10-19 14:38:11,2760,1,28.0302083333,1.56160714286
2012-10-19 14:38:12,2761,1,29.515625,1.48541666667
2012-10-19 14:38:13,2762,1,30.7899553571,1.27433035714
2012-10-19 14:38:14,2763,1,31.7319940476,0.942038690476
2012-10-19 14:38:15,2764,1,32.2713541667,0.539360119048
2012-10-19 14:38:16,2765,1,32.3779761905,0.106622023809
2012-10-19 14:38:17,2766,1,32.070014881,-0.307961309524
2012-10-19 14:38:18,2767,1,31.440327381,-0.6296875
2012-10-19 14:38:19,2768,1,30.6287946429,-0.811532738095
2012-10-19 14:38:20,2769,1,29.7467261905,-0.882068452381
2012-10-19 14:38:21,2770,1,28.8441220238,-0.902604166667
2012-10-19 14:38:22,2771,1,27.9455357143,-0.898586309524
2012-10-19 14:38:23,2772,1,27.0933035714,-0.852232142857
2012-10-19 14:38:24,2773,1,26.3482886905,-0.745014880952
2012-10-19 14:38:25,2774,1,25.7572916667,-0.590997023809
2012-10-19 14:38:26,2775,1,25.323735119,-0.433556547619
2012-10-19 14:38:27,2776,1,25.0098214286,-0.313913690476
2012-10-19 14:38:28,2777,1,24.7595238095,-0.250297619048
2012-10-19 14:38:29,2778,1,24.4827380952,-0.276785714286
2012-10-19 14:38:30,2779,1,23.9994047619,-0.483333333333
2012-10-19 14:38:31,2780,1,23.0602678571,-0.939136904762
2012-10-19 14:38:32,2781,1,21.4954613095,-1.56480654762
2012-10-19 14:38:33,2782,1,19.3640625,-2.13139880952
2012-10-19 14:38:34,2783,1,16.9546130952,-2.40944940476
2012-10-19 14:38:35,2784,1,14.6042410714,-2.35037202381
2012-10-19 14:38:36,2785,1,12.4597470238,-2.14449404762
2012-10-19 14:38:37,2786,1,10.4157738095,-2.04397321429
2012-10-19 14:38:38,2787,1,8.3375,-2.07827380952
2012-10-19 14:38:39,2788,1,6.36711309524,-1.97038690476
2012-10-19 14:38:40,2789,1,5.00200892857,-1.36510416667
2012-10-19 14:38:41,2790,1,4.84151785714,-0.160491071429
2012-10-19 14:38:42,2791,1,6.19196428571,1.35044642857
2012-10-19 14:38:43,2792,1,8.83080357143,2.63883928571
2012-10-19 14:38:44,2793,1,12.082514881,3.25171130952
2012-10-19 14:38:45,2794,1,15.1332589286,3.05074404762
2012-10-19 14:38:46,2795,1,17.3786458333,2.24538690476
2012-10-19 14:38:47,2796,1,18.5932291667,1.21458333333
2012-10-19 14:38:48,2797,1,18.8777529762,0.284523809524
2012-10-19 14:38:49,2798,1,18.5169642857,-0.360788690476
2012-10-19 14:38:50,2799,1,17.8350446429,-0.681919642857
2012-10-19 14:38:51,2800,1,17.0728422619,-0.762202380952
2012-10-19 14:38:52,2801,1,16.3741815476,-0.698660714286
2012-10-19 14:38:53,2802,1,15.8880952381,-0.486086309524
2012-10-19 14:38:54,2803,1,15.8282738095,-0.0598214285714
2012-10-19 14:38:55,2804,1,16.3889880952,0.560714285714
2012-10-19 14:38:56,2805,1,17.5840029762,1.19501488095
2012-10-19 14:38:57,2806,1,19.1499255952,1.56592261905
2012-10-19 14:38:58,2807,1,20.6318452381,1.48191964286
2012-10-19 14:38:59,2808,1,21.6107886905,0.978943452381
2012-10-19 14:39:00,2809,1,21.8673363095,0.256547619048
2012-10-19 14:39:01,2810,1,21.359672619,-0.507663690476
2012-10-19 14:39:02,2811,1,20.118452381,-1.2412202381
2012-10-19 14:39:03,2812,1,18.2084821429,-1.9099702381
2012-10-19 14:39:04,2813,1,15.7808779762,-2.42760416667
2012-10-19 14:39:05,2814,1,13.1313244048,-2.64955357143
2012-10-19 14:39:06,2815,1,10.6540922619,-2.47723214286
2012-10-19 14:39:07,2816,1,8.66547619048,-1.98861607143
2012-10-19 14:39:08,2817,1,7.22299107143,-1.44248511905
2012-10-19 14:39:09,2818,1,6.11651785714,-1.10647321429
2012-10-19 14:39:10,2819,1,5.07522321429,-1.04129464286
2012-10-19 14:39:11,2820,1,4.01168154762,-1.06354166667
2012-10-19 14:39:12,2821,1,3.06287202381,-0.94880952381
2012-10-19 14:39:13,2822,1,2.41547619048,-0.647395833333
2012-10-19 14:39:14,2823,1,2.11584821429,-0.29962797619
2012-10-19 14:39:15,2824,1,2.03273809524,-0.0831101190476
2012-10-19 14:39:16,2825,1,2.00699404762,-0.025744047619
2012-10-19 14:39:17,2826,1,2.0712797619,0.0642857142857
2012-10-19 14:39:18,2827,1,2.51941964286,0.448139880952
2012-10-19 14:39:19,2828,1,3.73370535714,1.21428571429
2012-10-19 14:39:20,2829,1,5.92745535714,2.19375
2012-10-19 14:39:21,2830,1,8.99077380952,3.06331845238
2012-10-19 14:39:22,2831,1,12.4961309524,3.50535714286
2012-10-19 14:39:23,2832,1,15.8598958333,3.36376488095
2012-10-19 14:39:24,2833,1,18.5729166667,2.71302083333
2012-10-19 14:39:25,2834,1,20.3382440476,1.76532738095
2012-10-19 14:39:26,2835,1,21.0825892857,0.744345238095
2012-10-19 14:39:27,2836,1,20.9275297619,-0.155059523809
2012-10-19 14:39:28,2837,1,20.1245535714,-0.802976190476
2012-10-19 14:39:29,2838,1,18.9261904762,-1.19836309524
2012-10-19 14:39:30,2839,1,17.4984375,-1.42775297619
2012-10-19 14:39:31,2840,1,15.9935267857,-1.50491071429
2012-10-19 14:39:32,2841,1,14.6888392857,-1.3046875
2012-10-19 14:39:33,2842,1,13.9936755952,-0.695163690476
2012-10-19 14:39:34,2843,1,14.2794642857,0.285788690476
2012-10-19 14:39:35,2844,1,15.6555803571,1.37611607143
2012-10-19 14:39:36,2845,1,17.8775297619,2.22194940476
2012-10-19 14:39:37,2846,1,20.5009672619,2.6234375
2012-10-19 14:39:38,2847,1,23.1536458333,2.65267857143
2012-10-19 14:39:39,2848,1,25.671577381,2.51793154762
2012-10-19 14:39:40,2849,1,28.0352678571,2.36369047619
2012-10-19 14:39:41,2850,1,30.2548363095,2.21956845238
2012-10-19 14:39:42,2851,1,32.323139881,2.06830357143
2012-10-19 14:39:43,2852,1,34.2239583333,1.90081845238
2012-10-19 14:39:44,2853,1,35.9430059524,1.71904761905
2012-10-19 14:39:45,2854,1,37.4627232143,1.5197172619
2012-10-19 14:39:46,2855,1,38.7539434524,1.2912202381
2012-10-19 14:39:47,2856,1,39.785639881,1.03169642857
2012-10-19 14:39:48,2857,1,40.5505952381,0.764955357143
2012-10-19 14:39:49,2858,1,41.083110119,0.532514880952
2012-10-19 14:39:50,2859,1,41.4546130952,0.37150297619
2012-10-19 14:39:51,2860,1,41.7517113095,0.297098214286
2012-10-19 14:39:52,2861,1,42.0453869048,0.293675595238
2012-10-19 14:39:53,2862,1,42.3609375,0.315550595238
2012-10-19 14:39:54,2863,1,42.6689732143,0.308035714286
2012-10-19 14:39:55,2864,1,42.9087797619,0.239806547619
2012-10-19 14:39:56,2865,1,43.0236607143,0.114880952381
2012-10-19 14:39:57,2866,1,42.9863839286,-0.0372767857143
2012-10-19 14:39:58,2867,1,42.806547619,-0.179836309524
2012-10-19 14:39:59,2868,1,42.5154761905,-0.291071428571
2012-10-19 14:40:00,2869,1,42.1526041667,-0.36287202381
2012-10-19 14:40:01,2870,1,41.7765625,-0.376041666667
2012-10-19 14:40:02,2871,1,41.4642857143,-0.312276785714
2012-10-19 14:40:03,2872,1,41.2626488095,-0.201636904762
2012-10-19 14:40:04,2873,1,41.1337797619,-0.128869047619
2012-10-19 14:40:05,2874,1,40.9640625,-0.169717261905
2012-10-19 14:40:06,2875,1,40.6498511905,-0.314211309524
2012-10-19 14:40:07,2876,1,40.1930059524,-0.456845238095
2012-10-19 14:40:08,2877,1,39.7209821429,-0.472023809524
2012-10-19 14:40:09,2878,1,39.4108630952,-0.310119047619
2012-10-19 14:40:10,2879,1,39.3748511905,-0.0360119047619
2012-10-19 14:40:11,2880,1,39.5880208333,0.213169642857
2012-10-19 14:40:12,2881,1,39.9066964286,0.318675595238
2012-10-19 14:40:13,2882,1,40.1628720238,0.256175595238
2012-10-19 14:40:14,2883,1,40.2555059524,0.0926339285715
2012-10-19 14:40:15,2884,1,40.1697916667,-0.0857142857143
2012-10-19 14:40:16,2885,1,39.9370535714,-0.232738095238
2012-10-19 14:40:17,2886,1,39.5896577381,-0.347395833333
2012-10-19 14:40:18,2887,1,39.1605654762,-0.429092261905
2012-10-19 14:40:19,2888,1,38.7215029762,-0.4390625
2012-10-19 14:40:20,2889,1,38.3729166667,-0.348586309524
2012-10-19 14:40:21,2890,1,38.1729910714,-0.199925595238
2012-10-19 14:40:22,2891,1,38.1021577381,-0.0708333333334
2012-10-19 14:40:23,2892,1,38.0698660714,-0.0322916666666
2012-10-19 14:40:24,2893,1,37.9113839286,-0.158482142857
2012-10-19 14:40:25,2894,1,37.4069940476,-0.504389880952
2012-10-19 14:40:26,2895,1,36.3399553571,-1.06703869048
2012-10-19 14:40:27,2896,1,34.5457589286,-1.79419642857
2012-10-19 14:40:28,2897,1,31.9572916667,-2.5884672619
2012-10-19 14:40:29,2898,1,28.6633928571,-3.29389880952
2012-10-19 14:40:30,2899,1,24.9280505952,-3.7353422619
2012-10-19 14:40:31,2900,1,21.1514136905,-3.77663690476
2012-10-19 14:40:32,2901,1,17.7865327381,-3.36488095238
2012-10-19 14:40:33,2902,1,15.1732142857,-2.61331845238
2012-10-19 14:40:34,2903,1,13.3743303571,-1.79888392857
2012-10-19 14:40:35,2904,1,12.2069196429,-1.16741071429
2012-10-19 14:40:36,2905,1,11.4203125,-0.786607142857
2012-10-19 14:40:37,2906,1,10.8088541667,-0.611458333333
2012-10-19 14:40:38,2907,1,10.2035714286,-0.605282738095
2012-10-19 14:40:39,2908,1,9.42537202381,-0.778199404762
2012-10-19 14:40:40,2909,1,8.3056547619,-1.1197172619
2012-10-19 14:40:41,2910,1,6.81220238095,-1.49345238095
2012-10-19 14:40:42,2911,1,5.15610119048,-1.65610119048
2012-10-19 14:40:43,2912,1,3.72641369048,-1.4296875
2012-10-19 14:40:44,2913,1,2.8953125,-0.831101190476
2012-10-19 14:40:45,2914,1,2.88072916667,-0.0145833333333
2012-10-19 14:40:46,2915,1,3.72566964286,0.84494047619
2012-10-19 14:40:47,2916,1,5.29538690476,1.5697172619
2012-10-19 14:40:48,2917,1,7.28980654762,1.99441964286
2012-10-19 14:40:49,2918,1,9.3546875,2.06488095238
2012-10-19 14:40:50,2919,1,11.2438988095,1.88921130952
2012-10-19 14:40:51,2920,1,12.9144345238,1.67053571429
2012-10-19 14:40:52,2921,1,14.4843005952,1.56986607143
2012-10-19 14:40:53,2922,1,16.0588541667,1.57455357143
2012-10-19 14:40:54,2923,1,17.60625,1.54739583333
2012-10-19 14:40:55,2924,1,19.0484375,1.4421875
2012-10-19 14:40:56,2925,1,20.3944196429,1.34598214286
2012-10-19 14:40:57,2926,1,21.6741071429,1.2796875
2012-10-19 14:40:58,2927,1,22.7601190476,1.08601190476
2012-10-19 14:40:59,2928,1,23.303422619,0.543303571429
2012-10-19 14:41:00,2929,1,22.8502232143,-0.453199404762
2012-10-19 14:41:01,2930,1,21.0712053571,-1.77901785714
2012-10-19 14:41:02,2931,1,18.0093005952,-3.0619047619
2012-10-19 14:41:03,2932,1,14.2019717262,-3.80732886905
2012-10-19 14:41:04,2933,1,10.4850260417,-3.71694568452
2012-10-19 14:41:05,2934,1,7.54401041667,-2.941015625
2012-10-19 14:41:06,2935,1,5.60678943452,-1.93722098214
2012-10-19 14:41:07,2936,1,4.47957589286,-1.12721354167
2012-10-19 14:41:08,2937,1,3.79644717262,-0.683128720238
2012-10-19 14:41:09,2938,1,3.34616815476,-0.450279017857
2012-10-19 14:41:10,2939,1,3.29144345238,-0.054724702381
2012-10-19 14:41:11,2940,1,4.07503720238,0.78359375
2012-10-19 14:41:12,2941,1,6.1111421131,2.03610491071
2012-10-19 14:41:13,2942,1,9.51037946429,3.39923735119
2012-10-19 14:41:14,2943,1,13.941499256,4.43111979167
2012-10-19 14:41:15,2944,1,18.7219866071,4.78048735119
2012-10-19 14:41:16,2945,1,23.1650483631,4.44306175595
2012-10-19 14:41:17,2946,1,26.9046502976,3.73960193452
2012-10-19 14:41:18,2947,1,29.9160714286,3.01142113095
2012-10-19 14:41:19,2948,1,32.3277529762,2.41168154762
2012-10-19 14:41:20,2949,1,34.2579613095,1.93020833333
2012-10-19 14:41:21,2950,1,35.7445684524,1.48660714286
2012-10-19 14:41:22,2951,1,36.7581845238,1.01361607143
2012-10-19 14:41:23,2952,1,37.2713541667,0.513169642857
2012-10-19 14:41:24,2953,1,37.2754464286,0.0040922619047
2012-10-19 14:41:25,2954,1,36.6555059524,-0.619940476191
2012-10-19 14:41:26,2955,1,35.0388392857,-1.61666666667
2012-10-19 14:41:27,2956,1,31.8840401786,-3.15479910714
2012-10-19 14:41:28,2957,1,26.8964285714,-4.98761160714
2012-10-19 14:41:29,2958,1,20.4608630952,-6.43556547619
2012-10-19 14:41:30,2959,1,13.6447172619,-6.81614583333
2012-10-19 14:41:31,2960,1,7.70699404762,-5.93772321429
2012-10-19 14:41:32,2961,1,3.51294642857,-4.19404761905
2012-10-19 14:41:33,2962,1,0.0,-3.51294642857
2012-10-19 14:41:54,2983,21,0.0,0.0
2012-10-19 14:41:55,2984,1,0.21209077381,0.21209077381
2012-10-19 14:41:56,2985,1,0.0,-0.21209077381
2012-10-19 14:42:51,3040,55,0.0,0.0
2012-10-19 14:42:52,3041,1,4.71101190476,4.71101190476
2012-10-19 14:42:53,3042,1,7.72671130952,3.01569940476
2012-10-19 14:42:54,3043,1,9.8740327381,2.14732142857
2012-10-19 14:42:55,3044,1,10.3959821429,0.521949404762
2012-10-19 14:42:56,3045,1,9.47626488095,-0.919717261905
2012-10-19 14:42:57,3046,1,7.94360119048,-1.53266369048
2012-10-19 14:42:58,3047,1,6.6337797619,-1.30982142857
2012-10-19 14:42:59,3048,1,5.9912202381,-0.64255952381
2012-10-19 14:43:00,3049,1,6.04226190476,0.0510416666667
2012-10-19 14:43:01,3050,1,6.50186011905,0.459598214286
2012-10-19 14:43:02,3051,1,6.96525297619,0.463392857143
2012-10-19 14:43:03,3052,1,7.14873511905,0.183482142857
2012-10-19 14:43:04,3053,1,7.0056547619,-0.143080357143
2012-10-19 14:43:05,3054,1,6.65669642857,-0.348958333333
2012-10-19 14:43:06,3055,1,6.22782738095,-0.428869047619
2012-10-19 14:43:07,3056,1,5.71101190476,-0.51681547619
2012-10-19 14:43:08,3057,1,4.93757440476,-0.7734375
2012-10-19 14:43:09,3058,1,3.74702380952,-1.19055059524
2012-10-19 14:43:10,3059,1,2.2990327381,-1.44799107143
2012-10-19 14:43:11,3060,1,0.0,-2.2990327381
2012-10-19 14:45:53,3222,162,0.0,0.0
2012-10-19 14:45:54,3223,1,1.23080357143,1.23080357143
2012-10-19 14:45:55,3224,1,1.87708333333,0.646279761905
2012-10-19 14:45:56,3225,1,2.34761904762,0.470535714286
2012-10-19 14:45:57,3226,1,2.63043154762,0.2828125
2012-10-19 14:45:58,3227,1,2.9427827381,0.312351190476
2012-10-19 14:45:59,3228,1,3.46056547619,0.517782738095
2012-10-19 14:46:00,3229,1,4.20535714286,0.744791666667
2012-10-19 14:46:01,3230,1,5.04322916667,0.83787202381
2012-10-19 14:46:02,3231,1,5.72299107143,0.679761904762
2012-10-19 14:46:03,3232,1,6.01160714286,0.288616071429
2012-10-19 14:46:04,3233,1,5.87462797619,-0.136979166667
2012-10-19 14:46:05,3234,1,5.51510416667,-0.359523809524
2012-10-19 14:46:06,3235,1,5.25230654762,-0.262797619048
2012-10-19 14:46:07,3236,1,5.35922619048,0.106919642857
2012-10-19 14:46:08,3237,1,5.9244047619,0.565178571429
2012-10-19 14:46:09,3238,1,6.83511904762,0.910714285714
2012-10-19 14:46:10,3239,1,7.90081845238,1.06569940476
2012-10-19 14:46:11,3240,1,8.91421130952,1.01339285714
2012-10-19 14:46:12,3241,1,9.6052827381,0.691071428571
2012-10-19 14:46:13,3242,1,9.68444940476,0.0791666666667
2012-10-19 14:46:14,3243,1,8.99144345238,-0.693005952381
2012-10-19 14:46:15,3244,1,7.63623511905,-1.35520833333
2012-10-19 14:46:16,3245,1,6.0578125,-1.57842261905
2012-10-19 14:46:17,3246,1,4.86361607143,-1.19419642857
2012-10-19 14:46:18,3247,1,4.48913690476,-0.374479166667
2012-10-19 14:46:19,3248,1,4.98452380952,0.495386904762
2012-10-19 14:46:20,3249,1,6.04635416667,1.06183035714
2012-10-19 14:46:21,3250,1,7.1712797619,1.12492559524
2012-10-19 14:46:22,3251,1,7.85520833333,0.683928571429
2012-10-19 14:46:23,3252,1,7.75632440476,-0.0988839285714
2012-10-19 14:46:24,3253,1,6.75104166667,-1.0052827381
2012-10-19 14:46:25,3254,1,4.97976190476,-1.7712797619
2012-10-19 14:46:26,3255,1,2.95,-2.02976190476
2012-10-19 14:46:27,3256,1,0.0,-2.95
2012-10-19 14:46:55,3284,28,0.0,0.0
2012-10-19 14:46:56,3285,1,2.38779761905,2.38779761905
2012-10-19 14:46:57,3286,1,4.46272321429,2.07492559524
2012-10-19 14:46:58,3287,1,6.95647321429,2.49375
2012-10-19 14:46:59,3288,1,9.50275297619,2.5462797619
2012-10-19 14:47:00,3289,1,11.906547619,2.40379464286
2012-10-19 14:47:01,3290,1,14.1383184524,2.23177083333
2012-10-19 14:47:02,3291,1,16.3332589286,2.19494047619
2012-10-19 14:47:03,3292,1,18.6816964286,2.3484375
2012-10-19 14:47:04,3293,1,21.2411458333,2.55944940476
2012-10-19 14:47:05,3294,1,23.8552083333,2.6140625
2012-10-19 14:47:06,3295,1,26.2707589286,2.41555059524
2012-10-19 14:47:07,3296,1,28.3273809524,2.05662202381
2012-10-19 14:47:08,3297,1,30.0252232143,1.6978422619
2012-10-19 14:47:09,3298,1,31.4431547619,1.41793154762
2012-10-19 14:47:10,3299,1,32.6514880952,1.20833333333
2012-10-19 14:47:11,3300,1,33.697172619,1.04568452381
2012-10-19 14:47:12,3301,1,34.6101934524,0.913020833333
2012-10-19 14:47:13,3302,1,35.3970982143,0.786904761905
2012-10-19 14:47:14,3303,1,36.0301339286,0.633035714286
2012-10-19 14:47:15,3304,1,36.4568452381,0.426711309524
2012-10-19 14:47:16,3305,1,36.6473958333,0.190550595238
2012-10-19 14:47:17,3306,1,36.628125,-0.0192708333333
2012-10-19 14:47:18,3307,1,36.4598214286,-0.168303571429
2012-10-19 14:47:19,3308,1,36.2046130952,-0.255208333333
2012-10-19 14:47:20,3309,1,35.9089285714,-0.295684523809
2012-10-19 14:47:21,3310,1,35.5848958333,-0.324032738095
2012-10-19 14:47:22,3311,1,35.1879464286,-0.396949404762
2012-10-19 14:47:23,3312,1,34.5915922619,-0.596354166667
2012-10-19 14:47:24,3313,1,33.5651785714,-1.02641369048
2012-10-19 14:47:25,3314,1,31.7976934524,-1.76748511905
2012-10-19 14:47:26,3315,1,29.0242559524,-2.7734375
2012-10-19 14:47:27,3316,1,25.244047619,-3.78020833333
2012-10-19 14:47:28,3317,1,20.8900297619,-4.35401785714
2012-10-19 14:47:29,3318,1,16.7677827381,-4.12224702381
2012-10-19 14:47:30,3319,1,13.7361607143,-3.03162202381
2012-10-19 14:47:31,3320,1,12.3273809524,-1.4087797619
2012-10-19 14:47:32,3321,1,12.5639136905,0.236532738095
2012-10-19 14:47:33,3322,1,14.0713541667,1.50744047619
2012-10-19 14:47:34,3323,1,16.3459077381,2.27455357143
2012-10-19 14:47:35,3324,1,18.9489583333,2.60305059524
2012-10-19 14:47:36,3325,1,21.5770089286,2.62805059524
2012-10-19 14:47:37,3326,1,24.0853422619,2.50833333333
2012-10-19 14:47:38,3327,1,26.4654761905,2.38013392857
2012-10-19 14:47:39,3328,1,28.7703125,2.30483630952
2012-10-19 14:47:40,3329,1,31.0364583333,2.26614583333
2012-10-19 14:47:41,3330,1,33.2354910714,2.1990327381
2012-10-19 14:47:42,3331,1,35.2913690476,2.05587797619
2012-10-19 14:47:43,3332,1,37.148735119,1.85736607143
2012-10-19 14:47:44,3333,1,38.7985119048,1.64977678571
2012-10-19 14:47:45,3334,1,40.2418154762,1.44330357143
2012-10-19 14:47:46,3335,1,41.4593005952,1.21748511905
2012-10-19 14:47:47,3336,1,42.4272321429,0.967931547619
2012-10-19 14:47:48,3337,1,43.1552083333,0.727976190476
2012-10-19 14:47:49,3338,1,43.6970982143,0.541889880952
2012-10-19 14:47:50,3339,1,44.1305059524,0.433407738095
2012-10-19 14:47:51,3340,1,44.5169642857,0.386458333333
2012-10-19 14:47:52,3341,1,44.8614583333,0.344494047619
2012-10-19 14:47:53,3342,1,45.1249255952,0.263467261905
2012-10-19 14:47:54,3343,1,45.2898065476,0.164880952381
2012-10-19 14:47:55,3344,1,45.3904017857,0.100595238095
2012-10-19 14:47:56,3345,1,45.4647321429,0.0743303571428
2012-10-19 14:47:57,3346,1,45.507514881,0.0427827380953
2012-10-19 14:47:58,3347,1,45.500297619,-0.0072172619048
2012-10-19 14:47:59,3348,1,45.4607886905,-0.0395089285714
2012-10-19 14:48:00,3349,1,45.4383184524,-0.0224702380953
2012-10-19 14:48:01,3350,1,45.4753720238,0.0370535714286
2012-10-19 14:48:02,3351,1,45.5607886905,0.0854166666667
2012-10-19 14:48:03,3352,1,45.6126488095,0.0518601190476
2012-10-19 14:48:04,3353,1,45.5386904762,-0.0739583333333
2012-10-19 14:48:05,3354,1,45.305952381,-0.232738095238
2012-10-19 14:48:06,3355,1,44.9316964286,-0.374255952381
2012-10-19 14:48:07,3356,1,44.4451636905,-0.486532738095
2012-10-19 14:48:08,3357,1,43.873735119,-0.571428571429
2012-10-19 14:48:09,3358,1,43.2076636905,-0.666071428571
2012-10-19 14:48:10,3359,1,42.3567708333,-0.850892857143
2012-10-19 14:48:11,3360,1,41.1992559524,-1.15751488095
2012-10-19 14:48:12,3361,1,39.6936755952,-1.50558035714
2012-10-19 14:48:13,3362,1,37.9290922619,-1.76458333333
2012-10-19 14:48:14,3363,1,36.0972470238,-1.8318452381
2012-10-19 14:48:15,3364,1,34.4095982143,-1.68764880952
2012-10-19 14:48:16,3365,1,32.9898065476,-1.41979166667
2012-10-19 14:48:17,3366,1,31.8537946429,-1.13601190476
2012-10-19 14:48:18,3367,1,30.9883184524,-0.865476190476
2012-10-19 14:48:19,3368,1,30.3944940476,-0.593824404762
2012-10-19 14:48:20,3369,1,30.0692708333,-0.325223214286
2012-10-19 14:48:21,3370,1,30.0131696429,-0.0561011904762
2012-10-19 14:48:22,3371,1,30.2688244048,0.255654761905
2012-10-19 14:48:23,3372,1,30.8960565476,0.627232142857
2012-10-19 14:48:24,3373,1,31.8617559524,0.965699404762
2012-10-19 14:48:25,3374,1,32.9575892857,1.09583333333
2012-10-19 14:48:26,3375,1,33.8245535714,0.866964285714
2012-10-19 14:48:27,3376,1,34.0671875,0.242633928571
2012-10-19 14:48:28,3377,1,33.444047619,-0.623139880952
2012-10-19 14:48:29,3378,1,32.0472470238,-1.39680059524
2012-10-19 14:48:30,3379,1,30.3093005952,-1.73794642857
2012-10-19 14:48:31,3380,1,28.8350446429,-1.47425595238
2012-10-19 14:48:32,3381,1,28.1693452381,-0.665699404762
2012-10-19 14:48:33,3382,1,28.5673363095,0.397991071429
2012-10-19 14:48:34,3383,1,29.8874255952,1.32008928571
2012-10-19 14:48:35,3384,1,31.7071428571,1.8197172619
2012-10-19 14:48:36,3385,1,33.5601934524,1.85305059524
2012-10-19 14:48:37,3386,1,35.1213541667,1.56116071429
2012-10-19 14:48:38,3387,1,36.2707589286,1.1494047619
2012-10-19 14:48:39,3388,1,37.0520089286,0.78125
2012-10-19 14:48:40,3389,1,37.5635416667,0.511532738095
2012-10-19 14:48:41,3390,1,37.8623511905,0.298809523809
2012-10-19 14:48:42,3391,1,37.9607142857,0.0983630952381
2012-10-19 14:48:43,3392,1,37.8837053571,-0.0770089285714
2012-10-19 14:48:44,3393,1,37.686235119,-0.197470238095
2012-10-19 14:48:45,3394,1,37.4084077381,-0.277827380952
2012-10-19 14:48:46,3395,1,37.0382440476,-0.370163690476
2012-10-19 14:48:47,3396,1,36.5456845238,-0.49255952381
2012-10-19 14:48:48,3397,1,35.9560267857,-0.589657738095
2012-10-19 14:48:49,3398,1,35.3557291667,-0.600297619048
2012-10-19 14:48:50,3399,1,34.8042410714,-0.551488095238
2012-10-19 14:48:51,3400,1,34.262202381,-0.542038690476
2012-10-19 14:48:52,3401,1,33.6152529762,-0.646949404762
2012-10-19 14:48:53,3402,1,32.7348958333,-0.880357142857
2012-10-19 14:48:54,3403,1,31.5014136905,-1.23348214286
2012-10-19 14:48:55,3404,1,29.7900297619,-1.71138392857
2012-10-19 14:48:56,3405,1,27.4694196429,-2.32061011905
2012-10-19 14:48:57,3406,1,24.4656994048,-3.0037202381
2012-10-19 14:48:58,3407,1,20.8527777778,-3.61292162698
2012-10-19 14:48:59,3408,1,16.8554811508,-3.99729662698
2012-10-19 14:49:00,3409,1,12.7835565476,-4.07192460317
2012-10-19 14:49:01,3410,1,9.00341021825,-3.78014632937
2012-10-19 14:49:02,3411,1,5.89828249008,-3.10512772817
2012-10-19 14:49:03,3412,1,3.73411458333,-2.16416790675
2012-10-19 14:49:04,3413,1,2.53247147817,-1.20164310516
2012-10-19 14:49:05,3414,1,2.07264384921,-0.459827628968
2012-10-19 14:49:06,3415,1,2.02075892857,-0.0518849206349
2012-10-19 14:49:07,3416,1,2.10659722222,0.0858382936508
2012-10-19 14:49:08,3417,1,2.21272941468,0.10613219246
2012-10-19 14:49:09,3418,1,2.32109375,0.108364335317
2012-10-19 14:49:10,3419,1,2.431640625,0.110546875
2012-10-19 14:49:11,3420,1,2.54140625,0.109765625
2012-10-19 14:49:12,3421,1,2.65,0.10859375
2012-10-19 14:49:13,3422,1,2.75031001984,0.100310019841
2012-10-19 14:49:14,3423,1,2.81838417659,0.068074156746
2012-10-19 14:49:15,3424,1,2.88173363095,0.0633494543651
2012-10-19 14:49:16,3425,1,3.16033606151,0.278602430556
2012-10-19 14:49:17,3426,1,4.03700396825,0.876667906746
2012-10-19 14:49:18,3427,1,5.74568452381,1.70868055556
2012-10-19 14:49:19,3428,1,8.08856646825,2.34288194444
2012-10-19 14:49:20,3429,1,10.4605592758,2.37199280754
2012-10-19 14:49:21,3430,1,12.1295014881,1.6689422123
2012-10-19 14:49:22,3431,1,12.5894903274,0.459988839286
2012-10-19 14:49:23,3432,1,11.7633556548,-0.826134672619
2012-10-19 14:49:24,3433,1,9.95141369048,-1.81194196429
2012-10-19 14:49:25,3434,1,7.67795493197,-2.2734587585
2012-10-19 14:49:26,3435,1,5.53520408163,-2.14275085034
2012-10-19 14:49:27,3436,1,3.96768707483,-1.5675170068
2012-10-19 14:49:28,3437,1,3.08867630385,-0.879010770975
2012-10-19 14:49:29,3438,1,2.71561791383,-0.373058390023
2012-10-19 14:49:30,3439,1,2.58098426871,-0.134633645125
2012-10-19 14:49:31,3440,1,2.50517644558,-0.0758078231293
2012-10-19 14:49:32,3441,1,2.42421343537,-0.0809630102041
2012-10-19 14:49:33,3442,1,2.32913477891,-0.0950786564626
2012-10-19 14:49:34,3443,1,2.23028982426,-0.0988449546485
2012-10-19 14:49:35,3444,1,2.18563279478,-0.0446570294785
2012-10-19 14:49:36,3445,1,2.31052295918,0.124890164399
2012-10-19 14:49:37,3446,1,2.6850127551,0.374489795918
2012-10-19 14:49:38,3447,1,3.22711522109,0.542102465986
2012-10-19 14:49:39,3448,1,3.71501913265,0.487903911565
2012-10-19 14:49:40,3449,1,3.98871173469,0.273692602041
2012-10-19 14:49:41,3450,1,4.09103599773,0.102324263039
2012-10-19 14:49:42,3451,1,4.16451778628,0.0734817885487
2012-10-19 14:49:43,3452,1,4.24888392857,0.0843661422902
2012-10-19 14:49:44,3453,1,4.2291046627,-0.019779265873
2012-10-19 14:49:45,3454,1,3.98134920635,-0.247755456349
2012-10-19 14:49:46,3455,1,3.54069940476,-0.440649801587
2012-10-19 14:49:47,3456,1,3.08226686508,-0.458432539683
2012-10-19 14:49:48,3457,1,2.74429563492,-0.337971230159
2012-10-19 14:49:49,3458,1,2.54077380952,-0.203521825397
2012-10-19 14:49:50,3459,1,2.41475694444,-0.126016865079
2012-10-19 14:49:51,3460,1,2.24449404762,-0.170262896825
2012-10-19 14:49:52,3461,1,1.85550595238,-0.388988095238
2012-10-19 14:49:53,3462,1,1.26440972222,-0.591096230159
2012-10-19 14:49:54,3463,1,0.0,-1.26440972222
