timestamp,cycle_sec,timestep,speed_mph,accel_meters_ps
2012-11-23 14:29:06,0,1,0.0,0.0
2012-11-23 14:29:07,1,1,0.0,0.0
2012-11-23 14:29:08,2,1,0.0,0.0
2012-11-23 14:29:09,3,1,0.0,0.0
2012-11-23 14:29:10,4,1,0.0,0.0
2012-11-23 14:29:11,5,1,0.0,0.0
2012-11-23 14:29:12,6,1,3.93839285714,3.93839285714
2012-11-23 14:29:13,7,1,6.70944940476,2.77105654762
2012-11-23 14:29:14,8,1,9.39553571429,2.68608630952
2012-11-23 14:29:15,9,1,11.7499255952,2.35438988095
2012-11-23 14:29:16,10,1,13.8939732143,2.14404761905
2012-11-23 14:29:17,11,1,15.9988839286,2.10491071429
2012-11-23 14:29:18,12,1,18.0697916667,2.0709077381
2012-11-23 14:29:19,13,1,19.9534970238,1.88370535714
2012-11-23 14:29:20,14,1,21.475297619,1.52180059524
2012-11-23 14:29:21,15,1,22.5411458333,1.06584821429
2012-11-23 14:29:22,16,1,23.1477678571,0.60662202381
2012-11-23 14:29:23,17,1,23.3323660714,0.184598214286
2012-11-23 14:29:24,18,1,23.0927083333,-0.239657738095
2012-11-23 14:29:25,19,1,22.3583333333,-0.734375
2012-11-23 14:29:26,20,1,21.0944196429,-1.26391369048
2012-11-23 14:29:27,21,1,19.4371279762,-1.65729166667
2012-11-23 14:29:28,22,1,17.6991071429,-1.73802083333
2012-11-23 14:29:29,23,1,16.2581845238,-1.44092261905
2012-11-23 14:29:30,24,1,15.423139881,-0.835044642857
2012-11-23 14:29:31,25,1,15.3425595238,-0.0805803571429
2012-11-23 14:29:32,26,1,15.9979166667,0.655357142857
2012-11-23 14:29:33,27,1,17.2453125,1.24739583333
2012-11-23 14:29:34,28,1,18.8587053571,1.61339285714
2012-11-23 14:29:35,29,1,20.5899553571,1.73125
2012-11-23 14:29:36,30,1,22.2392113095,1.64925595238
2012-11-23 14:29:37,31,1,23.6929315476,1.4537202381
2012-11-23 14:29:38,32,1,24.9101934524,1.21726190476
2012-11-23 14:29:39,33,1,25.8777529762,0.967559523809
2012-11-23 14:29:40,34,1,26.5837797619,0.706026785714
2012-11-23 14:29:41,35,1,27.0337053571,0.449925595238
2012-11-23 14:29:42,36,1,27.2773065476,0.243601190476
2012-11-23 14:29:43,37,1,27.3974702381,0.120163690476
2012-11-23 14:29:44,38,1,27.4421130952,0.0446428571429
2012-11-23 14:29:45,39,1,27.3398065476,-0.102306547619
2012-11-23 14:29:46,40,1,26.8640625,-0.475744047619
2012-11-23 14:29:47,41,1,25.6929315476,-1.17113095238
2012-11-23 14:29:48,42,1,23.5446428571,-2.14828869048
2012-11-23 14:29:49,43,1,20.3242559524,-3.22038690476
2012-11-23 14:29:50,44,1,16.2766369048,-4.04761904762
2012-11-23 14:29:51,45,1,12.0770089286,-4.19962797619
2012-11-23 14:29:52,46,1,8.66078869048,-3.4162202381
2012-11-23 14:29:53,47,1,6.80989583333,-1.85089285714
2012-11-23 14:29:54,48,1,6.7822172619,-0.0276785714286
2012-11-23 14:29:55,49,1,8.20788690476,1.42566964286
2012-11-23 14:29:56,50,1,10.2898065476,2.08191964286
2012-11-23 14:29:57,51,1,12.1408482143,1.85104166667
2012-11-23 14:29:58,52,1,13.0185267857,0.877678571429
2012-11-23 14:29:59,53,1,12.4494047619,-0.56912202381
2012-11-23 14:30:00,54,1,10.3709821429,-2.07842261905
2012-11-23 14:30:01,55,1,7.25349702381,-3.11748511905
2012-11-23 14:30:02,56,1,4.06793154762,-3.18556547619
2012-11-23 14:30:03,57,1,0.0,-4.06793154762
2012-11-23 14:30:32,86,29,0.0,0.0
2012-11-23 14:30:33,87,1,3.78519345238,3.78519345238
2012-11-23 14:30:34,88,1,7.06436011905,3.27916666667
2012-11-23 14:30:35,89,1,10.9551339286,3.89077380952
2012-11-23 14:30:36,90,1,14.9264880952,3.97135416667
2012-11-23 14:30:37,91,1,18.7197916667,3.79330357143
2012-11-23 14:30:38,92,1,22.2509672619,3.53117559524
2012-11-23 14:30:39,93,1,25.501264881,3.25029761905
2012-11-23 14:30:40,94,1,28.4151785714,2.91391369048
2012-11-23 14:30:41,95,1,30.8797619048,2.46458333333
2012-11-23 14:30:42,96,1,32.8064732143,1.92671130952
2012-11-23 14:30:43,97,1,34.2171875,1.41071428571
2012-11-23 14:30:44,98,1,35.2505208333,1.03333333333
2012-11-23 14:30:45,99,1,36.0698660714,0.819345238095
2012-11-23 14:30:46,100,1,36.7299107143,0.660044642857
2012-11-23 14:30:47,101,1,37.1397321429,0.409821428571
2012-11-23 14:30:48,102,1,37.1720238095,0.0322916666667
2012-11-23 14:30:49,103,1,36.7952380952,-0.376785714286
2012-11-23 14:30:50,104,1,36.1017113095,-0.693526785714
2012-11-23 14:30:51,105,1,35.2047619048,-0.896949404762
2012-11-23 14:30:52,106,1,34.087202381,-1.11755952381
2012-11-23 14:30:53,107,1,32.5755208333,-1.51168154762
2012-11-23 14:30:54,108,1,30.498139881,-2.07738095238
2012-11-23 14:30:55,109,1,27.8563244048,-2.64181547619
2012-11-23 14:30:56,110,1,24.8452380952,-3.01108630952
2012-11-23 14:30:57,111,1,21.7363095238,-3.10892857143
2012-11-23 14:30:58,112,1,18.7211309524,-3.01517857143
2012-11-23 14:30:59,113,1,15.8275240385,-2.89360691392
2012-11-23 14:31:00,114,1,12.9683035714,-2.85922046703
2012-11-23 14:31:01,115,1,10.0920272436,-2.87627632784
2012-11-23 14:31:02,116,1,7.32838827839,-2.7636389652
2012-11-23 14:31:03,117,1,4.9873282967,-2.34105998168
2012-11-23 14:31:04,118,1,3.37885187729,-1.60847641941
2012-11-23 14:31:05,119,1,2.60270718864,-0.776144688645
2012-11-23 14:31:06,120,1,2.4831043956,-0.11960279304
2012-11-23 14:31:07,121,1,2.69843177656,0.215327380952
2012-11-23 14:31:08,122,1,2.99150068681,0.293068910256
2012-11-23 14:31:09,123,1,3.2658768315,0.274376144689
2012-11-23 14:31:10,124,1,3.52307692308,0.257200091575
2012-11-23 14:31:11,125,1,3.77692307692,0.253846153846
2012-11-23 14:31:12,126,1,4.02951007326,0.252586996337
2012-11-23 14:31:13,127,1,4.27479395604,0.245283882784
2012-11-23 14:31:14,128,1,4.50610691392,0.231312957875
2012-11-23 14:31:15,129,1,4.74955929487,0.243452380952
2012-11-23 14:31:16,130,1,5.12891483516,0.379355540293
2012-11-23 14:31:17,131,1,5.90842490842,0.77951007326
2012-11-23 14:31:18,132,1,7.42026098901,1.51183608059
2012-11-23 14:31:19,133,1,9.8478021978,2.42754120879
2012-11-23 14:31:20,134,1,13.0046245421,3.15682234432
2012-11-23 14:31:21,135,1,16.3324404762,3.32781593407
2012-11-23 14:31:22,136,1,19.1781307234,2.84569024725
2012-11-23 14:31:23,137,1,21.1577380952,1.97960737179
2012-11-23 14:31:24,138,1,22.3580357143,1.20029761905
2012-11-23 14:31:25,139,1,23.251264881,0.893229166667
2012-11-23 14:31:26,140,1,24.3523065476,1.10104166667
2012-11-23 14:31:27,141,1,25.860639881,1.50833333333
2012-11-23 14:31:28,142,1,27.5927083333,1.73206845238
2012-11-23 14:31:29,143,1,29.1765625,1.58385416667
2012-11-23 14:31:30,144,1,30.2802083333,1.10364583333
2012-11-23 14:31:31,145,1,30.7961309524,0.515922619048
2012-11-23 14:31:32,146,1,30.8781994048,0.0820684523809
2012-11-23 14:31:33,147,1,30.7829613095,-0.0952380952381
2012-11-23 14:31:34,148,1,30.7419642857,-0.0409970238095
2012-11-23 14:31:35,149,1,30.9229166667,0.180952380952
2012-11-23 14:31:36,150,1,31.3351934524,0.412276785714
2012-11-23 14:31:37,151,1,31.7879464286,0.45275297619
2012-11-23 14:31:38,152,1,32.0145833333,0.226636904762
2012-11-23 14:31:39,153,1,31.8352678571,-0.17931547619
2012-11-23 14:31:40,154,1,31.262202381,-0.573065476191
2012-11-23 14:31:41,155,1,30.5085565476,-0.753645833333
2012-11-23 14:31:42,156,1,29.854389881,-0.654166666667
2012-11-23 14:31:43,157,1,29.4572916667,-0.397098214286
2012-11-23 14:31:44,158,1,29.2689732143,-0.188318452381
2012-11-23 14:31:45,159,1,29.1056547619,-0.163318452381
2012-11-23 14:31:46,160,1,28.7972470238,-0.308407738095
2012-11-23 14:31:47,161,1,28.3017857143,-0.495461309524
2012-11-23 14:31:48,162,1,27.7162946429,-0.585491071429
2012-11-23 14:31:49,163,1,27.2026041667,-0.51369047619
2012-11-23 14:31:50,164,1,26.8958333333,-0.306770833333
2012-11-23 14:31:51,165,1,26.8619791667,-0.0338541666666
2012-11-23 14:31:52,166,1,27.121875,0.259895833333
2012-11-23 14:31:53,167,1,27.6726934524,0.550818452381
2012-11-23 14:31:54,168,1,28.4461309524,0.7734375
2012-11-23 14:31:55,169,1,29.2665922619,0.820461309524
2012-11-23 14:31:56,170,1,29.8859375,0.619345238095
2012-11-23 14:31:57,171,1,30.0430803571,0.157142857143
2012-11-23 14:31:58,172,1,29.5005208333,-0.54255952381
2012-11-23 14:31:59,173,1,28.1171130952,-1.3834077381
2012-11-23 14:32:00,174,1,25.9459821429,-2.17113095238
2012-11-23 14:32:01,175,1,23.2441220238,-2.70186011905
2012-11-23 14:32:02,176,1,20.3811755952,-2.86294642857
2012-11-23 14:32:03,177,1,17.7281994048,-2.65297619048
2012-11-23 14:32:04,178,1,15.5861607143,-2.14203869048
2012-11-23 14:32:05,179,1,14.191889881,-1.39427083333
2012-11-23 14:32:06,180,1,13.7357142857,-0.456175595238
2012-11-23 14:32:07,181,1,14.254389881,0.518675595238
2012-11-23 14:32:08,182,1,15.4765625,1.22217261905
2012-11-23 14:32:09,183,1,16.8782738095,1.40171130952
2012-11-23 14:32:10,184,1,17.9796130952,1.10133928571
2012-11-23 14:32:11,185,1,18.6217261905,0.642113095238
2012-11-23 14:32:12,186,1,19.0063988095,0.384672619048
2012-11-23 14:32:13,187,1,19.501264881,0.494866071429
2012-11-23 14:32:14,188,1,20.3770089286,0.875744047619
2012-11-23 14:32:15,189,1,21.6713541667,1.2943452381
2012-11-23 14:32:16,190,1,23.2261160714,1.55476190476
2012-11-23 14:32:17,191,1,24.7952380952,1.56912202381
2012-11-23 14:32:18,192,1,26.1404761905,1.34523809524
2012-11-23 14:32:19,193,1,27.0904017857,0.949925595238
2012-11-23 14:32:20,194,1,27.5639880952,0.473586309524
2012-11-23 14:32:21,195,1,27.5761904762,0.0122023809524
2012-11-23 14:32:22,196,1,27.225297619,-0.350892857143
2012-11-23 14:32:23,197,1,26.6667410714,-0.558556547619
2012-11-23 14:32:24,198,1,26.0936011905,-0.573139880952
2012-11-23 14:32:25,199,1,25.7010416667,-0.392559523809
2012-11-23 14:32:26,200,1,25.6122767857,-0.0887648809524
2012-11-23 14:32:27,201,1,25.8060267857,0.19375
2012-11-23 14:32:28,202,1,26.0880208333,0.281994047619
2012-11-23 14:32:29,203,1,26.1380208333,0.05
2012-11-23 14:32:30,204,1,25.6626488095,-0.475372023809
2012-11-23 14:32:31,205,1,24.570610119,-1.09203869048
2012-11-23 14:32:32,206,1,23.0035714286,-1.56703869048
2012-11-23 14:32:33,207,1,21.2116815476,-1.79188988095
2012-11-23 14:32:34,208,1,19.4103422619,-1.80133928571
2012-11-23 14:32:35,209,1,17.6970982143,-1.71324404762
2012-11-23 14:32:36,210,1,16.0472470238,-1.64985119048
2012-11-23 14:32:37,211,1,14.3825892857,-1.6646577381
2012-11-23 14:32:38,212,1,12.6542410714,-1.72834821429
2012-11-23 14:32:39,213,1,10.8957589286,-1.75848214286
2012-11-23 14:32:40,214,1,9.2302827381,-1.66547619048
2012-11-23 14:32:41,215,1,7.80066964286,-1.42961309524
2012-11-23 14:32:42,216,1,6.65327380952,-1.14739583333
2012-11-23 14:32:43,217,1,5.67068452381,-0.982589285714
2012-11-23 14:32:44,218,1,4.61785714286,-1.05282738095
2012-11-23 14:32:45,219,1,3.33005952381,-1.28779761905
2012-11-23 14:32:46,220,1,1.99650297619,-1.33355654762
2012-11-23 14:32:47,221,1,0.0,-1.99650297619
2012-11-23 14:33:11,245,24,0.0,0.0
2012-11-23 14:33:12,246,1,4.44947916667,4.44947916667
2012-11-23 14:33:13,247,1,8.01331845238,3.56383928571
2012-11-23 14:33:14,248,1,11.8593005952,3.84598214286
2012-11-23 14:33:15,249,1,15.3511160714,3.49181547619
2012-11-23 14:33:16,250,1,18.2234375,2.87232142857
2012-11-23 14:33:17,251,1,20.4909970238,2.26755952381
2012-11-23 14:33:18,252,1,22.3072172619,1.8162202381
2012-11-23 14:33:19,253,1,23.8609375,1.5537202381
2012-11-23 14:33:20,254,1,25.2991815476,1.43824404762
2012-11-23 14:33:21,255,1,26.6296130952,1.33043154762
2012-11-23 14:33:22,256,1,27.706547619,1.07693452381
2012-11-23 14:33:23,257,1,28.35625,0.649702380952
2012-11-23 14:33:24,258,1,28.5005952381,0.144345238095
2012-11-23 14:33:25,259,1,28.1947172619,-0.30587797619
2012-11-23 14:33:26,260,1,27.6031994048,-0.591517857143
2012-11-23 14:33:27,261,1,26.9248511905,-0.678348214286
2012-11-23 14:33:28,262,1,26.315922619,-0.608928571429
2012-11-23 14:33:29,263,1,25.8641369048,-0.451785714286
2012-11-23 14:33:30,264,1,25.5833333333,-0.280803571429
2012-11-23 14:33:31,265,1,25.4125744048,-0.170758928571
2012-11-23 14:33:32,266,1,25.250297619,-0.162276785714
2012-11-23 14:33:33,267,1,25.0178571429,-0.232440476191
2012-11-23 14:33:34,268,1,24.7019345238,-0.315922619048
2012-11-23 14:33:35,269,1,24.3390625,-0.362872023809
2012-11-23 14:33:36,270,1,23.9727678571,-0.366294642857
2012-11-23 14:33:37,271,1,23.6412946429,-0.331473214286
2012-11-23 14:33:38,272,1,23.3851190476,-0.256175595238
2012-11-23 14:33:39,273,1,23.2258184524,-0.159300595238
2012-11-23 14:33:40,274,1,23.1341517857,-0.0916666666666
2012-11-23 14:33:41,275,1,23.0407738095,-0.0933779761905
2012-11-23 14:33:42,276,1,22.8764136905,-0.164360119048
2012-11-23 14:33:43,277,1,22.5766369048,-0.299776785714
2012-11-23 14:33:44,278,1,22.0284970238,-0.548139880952
2012-11-23 14:33:45,279,1,21.0267113095,-1.00178571429
2012-11-23 14:33:46,280,1,19.3324404762,-1.69427083333
2012-11-23 14:33:47,281,1,16.8184895833,-2.51395089286
2012-11-23 14:33:48,282,1,13.5953125,-3.22317708333
2012-11-23 14:33:49,283,1,10.0520089286,-3.54330357143
2012-11-23 14:33:50,284,1,6.81383928571,-3.23816964286
2012-11-23 14:33:51,285,1,4.6529389881,-2.16090029762
2012-11-23 14:33:52,286,1,4.28958333333,-0.363355654762
2012-11-23 14:33:53,287,1,5.98396577381,1.69438244048
2012-11-23 14:33:54,288,1,9.20223214286,3.21826636905
2012-11-23 14:33:55,289,1,12.8180059524,3.61577380952
2012-11-23 14:33:56,290,1,15.7530505952,2.93504464286
2012-11-23 14:33:57,291,1,17.540141369,1.78709077381
2012-11-23 14:33:58,292,1,18.473735119,0.93359375
2012-11-23 14:33:59,293,1,19.303125,0.829389880952
2012-11-23 14:34:00,294,1,20.7244791667,1.42135416667
2012-11-23 14:34:01,295,1,23.0813244048,2.3568452381
2012-11-23 14:34:02,296,1,26.3489583333,3.26763392857
2012-11-23 14:34:03,297,1,30.1942708333,3.8453125
2012-11-23 14:34:04,298,1,34.0915922619,3.89732142857
2012-11-23 14:34:05,299,1,37.5345982143,3.44300595238
2012-11-23 14:34:06,300,1,40.1863839286,2.65178571429
2012-11-23 14:34:07,301,1,41.8939732143,1.70758928571
2012-11-23 14:34:08,302,1,42.6696428571,0.775669642857
2012-11-23 14:34:09,303,1,42.6664434524,-0.00319940476189
2012-11-23 14:34:10,304,1,42.1206845238,-0.545758928572
2012-11-23 14:34:11,305,1,41.2759672619,-0.844717261905
2012-11-23 14:34:12,306,1,40.2955357143,-0.980431547619
2012-11-23 14:34:13,307,1,39.2068452381,-1.08869047619
2012-11-23 14:34:14,308,1,37.9526041667,-1.25424107143
2012-11-23 14:34:15,309,1,36.5002232143,-1.45238095238
2012-11-23 14:34:16,310,1,34.8869791667,-1.61324404762
2012-11-23 14:34:17,311,1,33.1888392857,-1.69813988095
2012-11-23 14:34:18,312,1,31.4771577381,-1.71168154762
2012-11-23 14:34:19,313,1,29.8101934524,-1.66696428571
2012-11-23 14:34:20,314,1,28.2927827381,-1.51741071429
2012-11-23 14:34:21,315,1,27.147172619,-1.14561011905
2012-11-23 14:34:22,316,1,26.6763392857,-0.470833333333
2012-11-23 14:34:23,317,1,27.1391369048,0.462797619048
2012-11-23 14:34:24,318,1,28.6470238095,1.50788690476
2012-11-23 14:34:25,319,1,31.115625,2.46860119048
2012-11-23 14:34:26,320,1,34.2781994048,3.16257440476
2012-11-23 14:34:27,321,1,37.7659970238,3.48779761905
2012-11-23 14:34:28,322,1,41.2023809524,3.43638392857
2012-11-23 14:34:29,323,1,44.2732886905,3.0709077381
2012-11-23 14:34:30,324,1,46.7927083333,2.51941964286
2012-11-23 14:34:31,325,1,48.7421875,1.94947916667
2012-11-23 14:34:32,326,1,50.2270089286,1.48482142857
2012-11-23 14:34:33,327,1,51.365922619,1.13891369048
2012-11-23 14:34:34,328,1,52.2005208333,0.834598214286
2012-11-23 14:34:35,329,1,52.690922619,0.490401785714
2012-11-23 14:34:36,330,1,52.8000744048,0.109151785714
2012-11-23 14:34:37,331,1,52.5871279762,-0.212946428571
2012-11-23 14:34:38,332,1,52.2165922619,-0.370535714286
2012-11-23 14:34:39,333,1,51.9011904762,-0.315401785714
2012-11-23 14:34:40,334,1,51.8561011905,-0.0450892857143
2012-11-23 14:34:41,335,1,52.261235119,0.405133928571
2012-11-23 14:34:42,336,1,53.1994047619,0.938169642857
2012-11-23 14:34:43,337,1,54.6054315476,1.40602678571
2012-11-23 14:34:44,338,1,56.2761904762,1.67075892857
2012-11-23 14:34:45,339,1,57.9544642857,1.67827380952
2012-11-23 14:34:46,340,1,59.4485863095,1.49412202381
2012-11-23 14:34:47,341,1,60.6947172619,1.24613095238
2012-11-23 14:34:48,342,1,61.7078125,1.0130952381
2012-11-23 14:34:49,343,1,62.4859375,0.778125
2012-11-23 14:34:50,344,1,62.9701636905,0.484226190476
2012-11-23 14:34:51,345,1,63.0863839286,0.116220238095
2012-11-23 14:34:52,346,1,62.8179315476,-0.268452380952
2012-11-23 14:34:53,347,1,62.244047619,-0.573883928571
2012-11-23 14:34:54,348,1,61.4904017857,-0.753645833333
2012-11-23 14:34:55,349,1,60.5922619048,-0.898139880952
2012-11-23 14:34:56,350,1,59.414360119,-1.17790178571
2012-11-23 14:34:57,351,1,57.792485119,-1.621875
2012-11-23 14:34:58,352,1,55.7986607143,-1.99382440476
2012-11-23 14:34:59,353,1,53.8446428571,-1.95401785714
2012-11-23 14:35:00,354,1,52.509672619,-1.3349702381
2012-11-23 14:35:01,355,1,52.2265625,-0.283110119048
2012-11-23 14:35:02,356,1,53.0622767857,0.835714285714
2012-11-23 14:35:03,357,1,54.7654017857,1.703125
2012-11-23 14:35:04,358,1,56.9763392857,2.2109375
2012-11-23 14:35:05,359,1,59.334077381,2.35773809524
2012-11-23 14:35:06,360,1,61.461235119,2.1271577381
2012-11-23 14:35:07,361,1,63.0099702381,1.54873511905
2012-11-23 14:35:08,362,1,63.788764881,0.778794642857
2012-11-23 14:35:09,363,1,63.8412946429,0.0525297619047
2012-11-23 14:35:10,364,1,63.4004464286,-0.440848214286
2012-11-23 14:35:11,365,1,62.7514880952,-0.648958333333
2012-11-23 14:35:12,366,1,62.1250744048,-0.626413690476
2012-11-23 14:35:13,367,1,61.6912202381,-0.433854166667
2012-11-23 14:35:14,368,1,61.590625,-0.100595238095
2012-11-23 14:35:15,369,1,61.9246279762,0.33400297619
2012-11-23 14:35:16,370,1,62.6963541667,0.771726190476
2012-11-23 14:35:17,371,1,63.7617559524,1.06540178571
2012-11-23 14:35:18,372,1,64.8794642857,1.11770833333
2012-11-23 14:35:19,373,1,65.8436011905,0.964136904762
2012-11-23 14:35:20,374,1,66.5748511905,0.73125
2012-11-23 14:35:21,375,1,67.115327381,0.540476190476
2012-11-23 14:35:22,376,1,67.5569196429,0.441592261905
2012-11-23 14:35:23,377,1,67.9549107143,0.397991071429
2012-11-23 14:35:24,378,1,68.304389881,0.349479166667
2012-11-23 14:35:25,379,1,68.5805059524,0.276116071429
2012-11-23 14:35:26,380,1,68.7584821429,0.177976190476
2012-11-23 14:35:27,381,1,68.8045386905,0.0460565476191
2012-11-23 14:35:28,382,1,68.6870535714,-0.117485119048
2012-11-23 14:35:29,383,1,68.4030505952,-0.284002976191
2012-11-23 14:35:30,384,1,67.9866815476,-0.416369047619
2012-11-23 14:35:31,385,1,67.4933779762,-0.493303571429
2012-11-23 14:35:32,386,1,66.9876488095,-0.505729166667
2012-11-23 14:35:33,387,1,66.5572916667,-0.430357142857
2012-11-23 14:35:34,388,1,66.3207589286,-0.236532738095
2012-11-23 14:35:35,389,1,66.3804315476,0.0596726190477
2012-11-23 14:35:36,390,1,66.7420386905,0.361607142857
2012-11-23 14:35:37,391,1,67.276264881,0.534226190476
2012-11-23 14:35:38,392,1,67.7735119048,0.49724702381
2012-11-23 14:35:39,393,1,68.0571428571,0.283630952381
2012-11-23 14:35:40,394,1,68.0604910714,0.00334821428569
2012-11-23 14:35:41,395,1,67.815327381,-0.245163690476
2012-11-23 14:35:42,396,1,67.3900297619,-0.425297619048
2012-11-23 14:35:43,397,1,66.8439732143,-0.546056547619
2012-11-23 14:35:44,398,1,66.2267113095,-0.617261904762
2012-11-23 14:35:45,399,1,65.6063988095,-0.6203125
2012-11-23 14:35:46,400,1,65.0860119048,-0.520386904762
2012-11-23 14:35:47,401,1,64.7748511905,-0.311160714286
2012-11-23 14:35:48,402,1,64.7330357143,-0.0418154761905
2012-11-23 14:35:49,403,1,64.9378720238,0.204836309524
2012-11-23 14:35:50,404,1,65.2979910714,0.360119047619
2012-11-23 14:35:51,405,1,65.7041666667,0.406175595238
2012-11-23 14:35:52,406,1,66.0732142857,0.369047619048
2012-11-23 14:35:53,407,1,66.3475446429,0.274330357143
2012-11-23 14:35:54,408,1,66.4824404762,0.134895833333
2012-11-23 14:35:55,409,1,66.4755208333,-0.0069196428572
2012-11-23 14:35:56,410,1,66.4104166667,-0.0651041666666
2012-11-23 14:35:57,411,1,66.4402529762,0.0298363095238
2012-11-23 14:35:58,412,1,66.7038690476,0.263616071429
2012-11-23 14:35:59,413,1,67.2409970238,0.53712797619
2012-11-23 14:36:00,414,1,67.9680059524,0.727008928571
2012-11-23 14:36:01,415,1,68.7253720238,0.757366071429
2012-11-23 14:36:02,416,1,69.3686755952,0.643303571429
2012-11-23 14:36:03,417,1,69.8457589286,0.477083333333
2012-11-23 14:36:04,418,1,70.1912202381,0.345461309524
2012-11-23 14:36:05,419,1,70.4530505952,0.261830357143
2012-11-23 14:36:06,420,1,70.652827381,0.199776785714
2012-11-23 14:36:07,421,1,70.8001488095,0.147321428571
2012-11-23 14:36:08,422,1,70.9047619048,0.104613095238
2012-11-23 14:36:09,423,1,70.9975446429,0.0927827380952
2012-11-23 14:36:10,424,1,71.1558035714,0.158258928572
2012-11-23 14:36:11,425,1,71.4494047619,0.293601190476
2012-11-23 14:36:12,426,1,71.8428571429,0.393452380952
2012-11-23 14:36:13,427,1,72.1873511905,0.344494047619
2012-11-23 14:36:14,428,1,72.2992559524,0.111904761905
2012-11-23 14:36:15,429,1,72.0604910714,-0.238764880952
2012-11-23 14:36:16,430,1,71.5138392857,-0.546651785714
2012-11-23 14:36:17,431,1,70.8556547619,-0.658184523809
2012-11-23 14:36:18,432,1,70.2967261905,-0.558928571429
2012-11-23 14:36:19,433,1,69.9458333333,-0.350892857143
2012-11-23 14:36:20,434,1,69.8043154762,-0.141517857143
2012-11-23 14:36:21,435,1,69.8095982143,0.0052827380952
2012-11-23 14:36:22,436,1,69.8814732143,0.071875
2012-11-23 14:36:23,437,1,69.9656994048,0.0842261904762
2012-11-23 14:36:24,438,1,70.0542410714,0.0885416666667
2012-11-23 14:36:25,439,1,70.1666666667,0.112425595238
2012-11-23 14:36:26,440,1,70.3165178571,0.149851190476
2012-11-23 14:36:27,441,1,70.4973958333,0.18087797619
2012-11-23 14:36:28,442,1,70.6927827381,0.195386904762
2012-11-23 14:36:29,443,1,70.8946428571,0.201860119048
2012-11-23 14:36:30,444,1,71.1156994048,0.221056547619
2012-11-23 14:36:31,445,1,71.3829613095,0.267261904762
2012-11-23 14:36:32,446,1,71.7177083333,0.33474702381
2012-11-23 14:36:33,447,1,72.1206845238,0.402976190476
2012-11-23 14:36:34,448,1,72.5672619048,0.446577380952
2012-11-23 14:36:35,449,1,73.0113839286,0.444122023809
2012-11-23 14:36:36,450,1,73.4051339286,0.39375
2012-11-23 14:36:37,451,1,73.7220982143,0.316964285714
2012-11-23 14:36:38,452,1,73.9638392857,0.241741071429
2012-11-23 14:36:39,453,1,74.154985119,0.191145833333
2012-11-23 14:36:40,454,1,74.3328869048,0.177901785714
2012-11-23 14:36:41,455,1,74.5290922619,0.196205357143
2012-11-23 14:36:42,456,1,74.758110119,0.229017857143
2012-11-23 14:36:43,457,1,75.0164434524,0.258333333333
2012-11-23 14:36:44,458,1,75.270014881,0.253571428572
2012-11-23 14:36:45,459,1,75.4427083333,0.172693452381
2012-11-23 14:36:46,460,1,75.4436755952,0.000967261904805
2012-11-23 14:36:47,461,1,75.2204613095,-0.223214285714
2012-11-23 14:36:48,462,1,74.7889880952,-0.431473214286
2012-11-23 14:36:49,463,1,74.2210565476,-0.567931547619
2012-11-23 14:36:50,464,1,73.6056547619,-0.615401785714
2012-11-23 14:36:51,465,1,73.0164434524,-0.589211309524
2012-11-23 14:36:52,466,1,72.5070684524,-0.509375
2012-11-23 14:36:53,467,1,72.1192708333,-0.387797619048
2012-11-23 14:36:54,468,1,71.8779761905,-0.241294642857
2012-11-23 14:36:55,469,1,71.7764136905,-0.1015625
2012-11-23 14:36:56,470,1,71.7774553571,0.00104166666669
2012-11-23 14:36:57,471,1,71.8389136905,0.0614583333333
2012-11-23 14:36:58,472,1,71.9348214286,0.0959077380952
2012-11-23 14:36:59,473,1,72.0529761905,0.118154761905
2012-11-23 14:37:00,474,1,72.1806547619,0.127678571429
2012-11-23 14:37:01,475,1,72.2946428571,0.113988095238
2012-11-23 14:37:02,476,1,72.3632440476,0.0686011904762
2012-11-23 14:37:03,477,1,72.3560267857,-0.0072172619047
2012-11-23 14:37:04,478,1,72.2514880952,-0.104538690476
2012-11-23 14:37:05,479,1,72.0444196429,-0.207068452381
2012-11-23 14:37:06,480,1,71.7555803571,-0.288839285714
2012-11-23 14:37:07,481,1,71.4342261905,-0.321354166667
2012-11-23 14:37:08,482,1,71.1416666667,-0.29255952381
2012-11-23 14:37:09,483,1,70.9162946429,-0.22537202381
2012-11-23 14:37:10,484,1,70.7429315476,-0.173363095238
2012-11-23 14:37:11,485,1,70.5587053571,-0.184226190476
2012-11-23 14:37:12,486,1,70.2966517857,-0.262053571428
2012-11-23 14:37:13,487,1,69.9191220238,-0.377529761905
2012-11-23 14:37:14,488,1,69.4055059524,-0.513616071429
2012-11-23 14:37:15,489,1,68.7282738095,-0.677232142857
2012-11-23 14:37:16,490,1,67.8630208333,-0.865252976191
2012-11-23 14:37:17,491,1,66.8235119048,-1.03950892857
2012-11-23 14:37:18,492,1,65.6677827381,-1.15572916667
2012-11-23 14:37:19,493,1,64.4313244048,-1.23645833333
2012-11-23 14:37:20,494,1,63.0414434524,-1.38988095238
2012-11-23 14:37:21,495,1,61.3291666667,-1.71227678571
2012-11-23 14:37:22,496,1,59.1580357143,-2.17113095238
2012-11-23 14:37:23,497,1,56.5755952381,-2.58244047619
2012-11-23 14:37:24,498,1,53.851860119,-2.72373511905
2012-11-23 14:37:25,499,1,51.3200892857,-2.53177083333
2012-11-23 14:37:26,500,1,49.1513392857,-2.16875
2012-11-23 14:37:27,501,1,47.295610119,-1.85572916667
2012-11-23 14:37:28,502,1,45.6040178571,-1.6915922619
2012-11-23 14:37:29,503,1,43.9761160714,-1.62790178571
2012-11-23 14:37:30,504,1,42.4061755952,-1.56994047619
2012-11-23 14:37:31,505,1,40.8752232143,-1.53095238095
2012-11-23 14:37:32,506,1,39.1997767857,-1.67544642857
2012-11-23 14:37:33,507,1,37.0444940476,-2.1552827381
2012-11-23 14:37:34,508,1,34.1206845238,-2.92380952381
2012-11-23 14:37:35,509,1,30.3933035714,-3.72738095238
2012-11-23 14:37:36,510,1,26.1302827381,-4.26302083333
2012-11-23 14:37:37,511,1,21.7642857143,-4.36599702381
2012-11-23 14:37:38,512,1,17.6963541667,-4.06793154762
2012-11-23 14:37:39,513,1,14.1933779762,-3.50297619048
2012-11-23 14:37:40,514,1,11.3794642857,-2.81391369048
2012-11-23 14:37:41,515,1,9.22641369048,-2.15305059524
2012-11-23 14:37:42,516,1,7.52514880952,-1.70126488095
2012-11-23 14:37:43,517,1,5.93601190476,-1.58913690476
2012-11-23 14:37:44,518,1,4.20706845238,-1.72894345238
2012-11-23 14:37:45,519,1,2.47730654762,-1.72976190476
2012-11-23 14:37:46,520,1,0.0,-2.47730654762
2012-11-23 14:38:05,539,19,0.0,0.0
2012-11-23 14:38:06,540,1,3.45595238095,3.45595238095
2012-11-23 14:38:07,541,1,6.4525297619,2.99657738095
2012-11-23 14:38:08,542,1,9.78891369048,3.33638392857
2012-11-23 14:38:09,543,1,12.7321428571,2.94322916667
2012-11-23 14:38:10,544,1,14.904389881,2.17224702381
2012-11-23 14:38:11,545,1,16.3442708333,1.43988095238
2012-11-23 14:38:12,546,1,17.3995535714,1.0552827381
2012-11-23 14:38:13,547,1,18.5338541667,1.13430059524
2012-11-23 14:38:14,548,1,20.1167410714,1.58288690476
2012-11-23 14:38:15,549,1,22.2667410714,2.15
2012-11-23 14:38:16,550,1,24.8256696429,2.55892857143
2012-11-23 14:38:17,551,1,27.4678571429,2.6421875
2012-11-23 14:38:18,552,1,29.8765625,2.40870535714
2012-11-23 14:38:19,553,1,31.8840029762,2.00744047619
2012-11-23 14:38:20,554,1,33.484077381,1.60007440476
2012-11-23 14:38:21,555,1,34.751264881,1.2671875
2012-11-23 14:38:22,556,1,35.7699404762,1.01867559524
2012-11-23 14:38:23,557,1,36.5953125,0.825372023809
2012-11-23 14:38:24,558,1,37.2263392857,0.631026785714
2012-11-23 14:38:25,559,1,37.6132440476,0.386904761905
2012-11-23 14:38:26,560,1,37.6985863095,0.0853422619048
2012-11-23 14:38:27,561,1,37.4436011905,-0.254985119048
2012-11-23 14:38:28,562,1,36.834077381,-0.609523809524
2012-11-23 14:38:29,563,1,35.8889136905,-0.945163690476
2012-11-23 14:38:30,564,1,34.6357142857,-1.25319940476
2012-11-23 14:38:31,565,1,33.0392857143,-1.59642857143
2012-11-23 14:38:32,566,1,30.9730654762,-2.0662202381
2012-11-23 14:38:33,567,1,28.2938988095,-2.67916666667
2012-11-23 14:38:34,568,1,24.9792410714,-3.3146577381
2012-11-23 14:38:35,569,1,21.2758928571,-3.70334821429
2012-11-23 14:38:36,570,1,17.7860119048,-3.48988095238
2012-11-23 14:38:37,571,1,15.3600446429,-2.4259672619
2012-11-23 14:38:38,572,1,14.7590029762,-0.601041666667
2012-11-23 14:38:39,573,1,16.2547619048,1.49575892857
2012-11-23 14:38:40,574,1,19.4274553571,3.17269345238
2012-11-23 14:38:41,575,1,23.3207589286,3.89330357143
2012-11-23 14:38:42,576,1,26.89375,3.57299107143
2012-11-23 14:38:43,577,1,29.4787946429,2.58504464286
2012-11-23 14:38:44,578,1,30.9467261905,1.46793154762
2012-11-23 14:38:45,579,1,31.5459077381,0.599181547619
2012-11-23 14:38:46,580,1,31.6069940476,0.0610863095239
2012-11-23 14:38:47,581,1,31.3,-0.306994047619
2012-11-23 14:38:48,582,1,30.5454613095,-0.754538690476
2012-11-23 14:38:49,583,1,29.10625,-1.43921130952
2012-11-23 14:38:50,584,1,26.787797619,-2.31845238095
2012-11-23 14:38:51,585,1,23.6119047619,-3.17589285714
2012-11-23 14:38:52,586,1,19.8601934524,-3.75171130952
2012-11-23 14:38:53,587,1,15.9624594156,-3.8977340368
2012-11-23 14:38:54,588,1,12.3038284632,-3.65863095238
2012-11-23 14:38:55,589,1,9.10765016234,-3.19617830087
2012-11-23 14:38:56,590,1,6.47702922078,-2.63062094156
2012-11-23 14:38:57,591,1,4.48359713203,-1.99343208874
2012-11-23 14:38:58,592,1,3.17357278139,-1.31002435065
2012-11-23 14:38:59,593,1,2.51139069264,-0.662182088745
2012-11-23 14:39:00,594,1,2.34191693723,-0.169473755411
2012-11-23 14:39:01,595,1,2.43247429654,0.0905573593074
2012-11-23 14:39:02,596,1,2.58940746753,0.156933170996
2012-11-23 14:39:03,597,1,2.733495671,0.144088203463
2012-11-23 14:39:04,598,1,2.85534361472,0.121847943723
2012-11-23 14:39:05,599,1,2.93938717532,0.0840435606061
2012-11-23 14:39:06,600,1,3.0117965368,0.0724093614719
2012-11-23 14:39:07,601,1,3.30458603896,0.292789502165
2012-11-23 14:39:08,602,1,4.25758252165,0.952996482684
2012-11-23 14:39:09,603,1,6.19138257576,1.93380005411
2012-11-23 14:39:10,604,1,8.94921536797,2.75783279221
2012-11-23 14:39:11,605,1,11.8891910173,2.93997564935
2012-11-23 14:39:12,606,1,14.2730790043,2.38388798701
2012-11-23 14:39:13,607,1,15.773924513,1.50084550866
2012-11-23 14:39:14,608,1,16.6553233225,0.881398809524
2012-11-23 14:39:15,609,1,17.4494791667,0.794155844156
2012-11-23 14:39:16,610,1,18.4952380952,1.04575892857
2012-11-23 14:39:17,611,1,19.7507440476,1.25550595238
2012-11-23 14:39:18,612,1,20.9226934524,1.17194940476
2012-11-23 14:39:19,613,1,21.7031994048,0.780505952381
2012-11-23 14:39:20,614,1,21.8980654762,0.194866071429
2012-11-23 14:39:21,615,1,21.3985119048,-0.499553571429
2012-11-23 14:39:22,616,1,20.136235119,-1.26227678571
2012-11-23 14:39:23,617,1,18.1451636905,-1.99107142857
2012-11-23 14:39:24,618,1,15.6496279762,-2.49553571429
2012-11-23 14:39:25,619,1,13.0086309524,-2.64099702381
2012-11-23 14:39:26,620,1,10.5750744048,-2.43355654762
2012-11-23 14:39:27,621,1,8.6875,-1.88757440476
2012-11-23 14:39:28,622,1,7.72388392857,-0.963616071429
2012-11-23 14:39:29,623,1,7.96324404762,0.239360119048
2012-11-23 14:39:30,624,1,9.29367559524,1.33043154762
2012-11-23 14:39:31,625,1,11.0587053571,1.7650297619
2012-11-23 14:39:32,626,1,12.3150297619,1.25632440476
2012-11-23 14:39:33,627,1,12.4623511905,0.147321428571
2012-11-23 14:39:34,628,1,11.6857886905,-0.7765625
2012-11-23 14:39:35,629,1,10.7470238095,-0.938764880952
2012-11-23 14:39:36,630,1,10.4057291667,-0.341294642857
2012-11-23 14:39:37,631,1,11.0087797619,0.603050595238
2012-11-23 14:39:38,632,1,12.4335565476,1.42477678571
2012-11-23 14:39:39,633,1,14.2757440476,1.8421875
2012-11-23 14:39:40,634,1,16.0645089286,1.78876488095
2012-11-23 14:39:41,635,1,17.38125,1.31674107143
2012-11-23 14:39:42,636,1,17.9311755952,0.549925595238
2012-11-23 14:39:43,637,1,17.6095982143,-0.321577380952
2012-11-23 14:39:44,638,1,16.5217261905,-1.08787202381
2012-11-23 14:39:45,639,1,14.915327381,-1.60639880952
2012-11-23 14:39:46,640,1,13.0574404762,-1.85788690476
2012-11-23 14:39:47,641,1,11.1530505952,-1.90438988095
2012-11-23 14:39:48,642,1,9.34441964286,-1.80863095238
2012-11-23 14:39:49,643,1,7.72693452381,-1.61748511905
2012-11-23 14:39:50,644,1,6.34047619048,-1.38645833333
2012-11-23 14:39:51,645,1,5.17678571429,-1.16369047619
2012-11-23 14:39:52,646,1,4.22455357143,-0.952232142857
2012-11-23 14:39:53,647,1,3.49575892857,-0.728794642857
2012-11-23 14:39:54,648,1,3.00193452381,-0.493824404762
2012-11-23 14:39:55,649,1,2.71919642857,-0.282738095238
2012-11-23 14:39:56,650,1,2.57678571429,-0.142410714286
2012-11-23 14:39:57,651,1,2.48697916667,-0.089806547619
2012-11-23 14:39:58,652,1,2.3962797619,-0.0906994047619
2012-11-23 14:39:59,653,1,2.29787946429,-0.0984002976191
2012-11-23 14:40:00,654,1,2.20321800595,-0.0946614583333
2012-11-23 14:40:01,655,1,2.12116815476,-0.0820498511905
2012-11-23 14:40:02,656,1,2.05920758929,-0.0619605654762
2012-11-23 14:40:03,657,1,2.02808779762,-0.0311197916667
2012-11-23 14:40:04,658,1,2.04127604167,0.0131882440476
2012-11-23 14:40:05,659,1,2.12942708333,0.0881510416667
2012-11-23 14:40:06,660,1,2.33511904762,0.205691964286
2012-11-23 14:40:07,661,1,2.60747767857,0.272358630952
2012-11-23 14:40:08,662,1,2.70857514881,0.101097470238
2012-11-23 14:40:09,663,1,2.36372767857,-0.344847470238
2012-11-23 14:40:10,664,1,1.61988467262,-0.743843005952
2012-11-23 14:40:11,665,1,0.0,-1.61988467262
2012-11-23 16:32:02,7376,6711,0.0,0.0
2012-11-23 16:32:03,7377,1,2.29609375,2.29609375
2012-11-23 16:32:04,7378,1,3.71540178571,1.41930803571
2012-11-23 16:32:05,7379,1,4.88296130952,1.16755952381
2012-11-23 16:32:06,7380,1,5.58995535714,0.706994047619
2012-11-23 16:32:07,7381,1,5.89233630952,0.302380952381
2012-11-23 16:32:08,7382,1,5.85863095238,-0.0337053571429
2012-11-23 16:32:09,7383,1,5.56666666667,-0.291964285714
2012-11-23 16:32:10,7384,1,5.22946428571,-0.337202380952
2012-11-23 16:32:11,7385,1,5.16264880952,-0.0668154761905
2012-11-23 16:32:12,7386,1,5.60453869048,0.441889880952
2012-11-23 16:32:13,7387,1,6.59583333333,0.991294642857
2012-11-23 16:32:14,7388,1,8.02619047619,1.43035714286
2012-11-23 16:32:15,7389,1,9.78988095238,1.76369047619
2012-11-23 16:32:16,7390,1,11.8558035714,2.06592261905
2012-11-23 16:32:17,7391,1,14.1446428571,2.28883928571
2012-11-23 16:32:18,7392,1,16.3988095238,2.25416666667
2012-11-23 16:32:19,7393,1,18.2494791667,1.85066964286
2012-11-23 16:32:20,7394,1,19.3853422619,1.13586309524
2012-11-23 16:32:21,7395,1,19.6306547619,0.2453125
2012-11-23 16:32:22,7396,1,18.9148065476,-0.715848214286
2012-11-23 16:32:23,7397,1,17.2127232143,-1.70208333333
2012-11-23 16:32:24,7398,1,14.5703125,-2.64241071429
2012-11-23 16:32:25,7399,1,11.3008928571,-3.26941964286
2012-11-23 16:32:26,7400,1,8.14955357143,-3.15133928571
2012-11-23 16:32:27,7401,1,6.08080357143,-2.06875
2012-11-23 16:32:28,7402,1,5.75766369048,-0.323139880952
2012-11-23 16:32:29,7403,1,7.16875,1.41108630952
2012-11-23 16:32:30,7404,1,9.70461309524,2.53586309524
2012-11-23 16:32:31,7405,1,12.5891369048,2.88452380952
2012-11-23 16:32:32,7406,1,15.2965029762,2.70736607143
2012-11-23 16:32:33,7407,1,17.6264880952,2.32998511905
2012-11-23 16:32:34,7408,1,19.5037946429,1.87730654762
2012-11-23 16:32:35,7409,1,20.8220982143,1.31830357143
2012-11-23 16:32:36,7410,1,21.4399553571,0.617857142857
2012-11-23 16:32:37,7411,1,21.1985615079,-0.241393849206
2012-11-23 16:32:38,7412,1,19.922718254,-1.27584325397
2012-11-23 16:32:39,7413,1,17.5238095238,-2.39890873016
2012-11-23 16:32:40,7414,1,14.206547619,-3.31726190476
2012-11-23 16:32:41,7415,1,10.5332589286,-3.67328869048
2012-11-23 16:32:42,7416,1,7.25014880952,-3.28311011905
2012-11-23 16:32:43,7417,1,5.09030257937,-2.15984623016
2012-11-23 16:32:44,7418,1,4.5878968254,-0.502405753968
2012-11-23 16:32:45,7419,1,5.84799107143,1.26009424603
2012-11-23 16:32:46,7420,1,8.50491071429,2.65691964286
2012-11-23 16:32:47,7421,1,11.9425595238,3.43764880952
2012-11-23 16:32:48,7422,1,15.5734375,3.63087797619
2012-11-23 16:32:49,7423,1,19.0701388889,3.49670138889
2012-11-23 16:32:50,7424,1,22.3827628968,3.31262400794
2012-11-23 16:32:51,7425,1,25.4805803571,3.09781746032
2012-11-23 16:32:52,7426,1,28.18125,2.70066964286
2012-11-23 16:32:53,7427,1,30.2820684524,2.10081845238
2012-11-23 16:32:54,7428,1,31.7402529762,1.45818452381
2012-11-23 16:32:55,7429,1,32.6857886905,0.945535714286
2012-11-23 16:32:56,7430,1,33.3131696429,0.627380952381
2012-11-23 16:32:57,7431,1,33.7760416667,0.46287202381
2012-11-23 16:32:58,7432,1,34.1655505952,0.389508928571
2012-11-23 16:32:59,7433,1,34.5589285714,0.393377976191
2012-11-23 16:33:00,7434,1,35.0529761905,0.494047619048
2012-11-23 16:33:01,7435,1,35.7368303571,0.683854166667
2012-11-23 16:33:02,7436,1,36.6450892857,0.908258928571
2012-11-23 16:33:03,7437,1,37.7492559524,1.10416666667
2012-11-23 16:33:04,7438,1,38.9895833333,1.24032738095
2012-11-23 16:33:05,7439,1,40.3086309524,1.31904761905
2012-11-23 16:33:06,7440,1,41.6655505952,1.35691964286
2012-11-23 16:33:07,7441,1,43.0352678571,1.3697172619
2012-11-23 16:33:08,7442,1,44.4046130952,1.3693452381
2012-11-23 16:33:09,7443,1,45.7729166667,1.36830357143
2012-11-23 16:33:10,7444,1,47.1424107143,1.36949404762
2012-11-23 16:33:11,7445,1,48.4965029762,1.3540922619
2012-11-23 16:33:12,7446,1,49.8006696429,1.30416666667
2012-11-23 16:33:13,7447,1,51.0311755952,1.23050595238
2012-11-23 16:33:14,7448,1,52.1938244048,1.16264880952
2012-11-23 16:33:15,7449,1,53.3217261905,1.12790178571
2012-11-23 16:33:16,7450,1,54.4666666667,1.14494047619
2012-11-23 16:33:17,7451,1,55.6799107143,1.21324404762
2012-11-23 16:33:18,7452,1,56.9791666667,1.29925595238
2012-11-23 16:33:19,7453,1,58.3225446429,1.34337797619
2012-11-23 16:33:20,7454,1,59.6119047619,1.28936011905
2012-11-23 16:33:21,7455,1,60.7300595238,1.1181547619
2012-11-23 16:33:22,7456,1,61.5916666667,0.861607142857
2012-11-23 16:33:23,7457,1,62.175,0.583333333333
2012-11-23 16:33:24,7458,1,62.5180059524,0.343005952381
2012-11-23 16:33:25,7459,1,62.6873511905,0.169345238095
2012-11-23 16:33:26,7460,1,62.7477678571,0.0604166666667
2012-11-23 16:33:27,7461,1,62.7537202381,0.0059523809523
2012-11-23 16:33:28,7462,1,62.7583333333,0.0046130952381
2012-11-23 16:33:29,7463,1,62.8228422619,0.0645089285715
2012-11-23 16:33:30,7464,1,63.0085565476,0.185714285714
2012-11-23 16:33:31,7465,1,63.3460565476,0.3375
2012-11-23 16:33:32,7466,1,63.8138392857,0.467782738095
2012-11-23 16:33:33,7467,1,64.355952381,0.542113095238
2012-11-23 16:33:34,7468,1,64.9193452381,0.563392857143
2012-11-23 16:33:35,7469,1,65.4718005952,0.552455357143
2012-11-23 16:33:36,7470,1,65.9867559524,0.514955357143
2012-11-23 16:33:37,7471,1,66.4244047619,0.437648809524
2012-11-23 16:33:38,7472,1,66.743452381,0.319047619048
2012-11-23 16:33:39,7473,1,66.9284970238,0.185044642857
2012-11-23 16:33:40,7474,1,66.998735119,0.0702380952381
2012-11-23 16:33:41,7475,1,66.9938988095,-0.0048363095238
2012-11-23 16:33:42,7476,1,66.9536458333,-0.0402529761905
2012-11-23 16:33:43,7477,1,66.9084821429,-0.0451636904762
2012-11-23 16:33:44,7478,1,66.8761904762,-0.0322916666666
2012-11-23 16:33:45,7479,1,66.8365327381,-0.0396577380953
2012-11-23 16:33:46,7480,1,66.7046875,-0.131845238095
2012-11-23 16:33:47,7481,1,66.359672619,-0.345014880952
2012-11-23 16:33:48,7482,1,65.7234375,-0.636235119048
2012-11-23 16:33:49,7483,1,64.8264880952,-0.896949404762
2012-11-23 16:33:50,7484,1,63.8022321429,-1.02425595238
2012-11-23 16:33:51,7485,1,62.8081845238,-0.994047619048
2012-11-23 16:33:52,7486,1,61.9453125,-0.86287202381
2012-11-23 16:33:53,7487,1,61.2319196429,-0.713392857143
2012-11-23 16:33:54,7488,1,60.6173363095,-0.614583333333
2012-11-23 16:33:55,7489,1,60.0273809524,-0.589955357143
2012-11-23 16:33:56,7490,1,59.4265625,-0.600818452381
2012-11-23 16:33:57,7491,1,58.8302827381,-0.596279761905
2012-11-23 16:33:58,7492,1,58.2568452381,-0.5734375
2012-11-23 16:33:59,7493,1,57.6848958333,-0.571949404762
2012-11-23 16:34:00,7494,1,57.053125,-0.631770833333
2012-11-23 16:34:01,7495,1,56.3056547619,-0.747470238095
2012-11-23 16:34:02,7496,1,55.4480654762,-0.857589285714
2012-11-23 16:34:03,7497,1,54.5260416667,-0.922023809524
2012-11-23 16:34:04,7498,1,53.5135416667,-1.0125
2012-11-23 16:34:05,7499,1,52.2425595238,-1.27098214286
2012-11-23 16:34:06,7500,1,50.4988095238,-1.74375
2012-11-23 16:34:07,7501,1,48.2370535714,-2.26175595238
2012-11-23 16:34:08,7502,1,45.7144345238,-2.52261904762
2012-11-23 16:34:09,7503,1,43.3741071429,-2.34032738095
2012-11-23 16:34:10,7504,1,41.5525297619,-1.82157738095
2012-11-23 16:34:11,7505,1,40.2811755952,-1.27135416667
2012-11-23 16:34:12,7506,1,39.3542410714,-0.926934523809
2012-11-23 16:34:13,7507,1,38.5592261905,-0.795014880952
2012-11-23 16:34:14,7508,1,37.8319196429,-0.727306547619
2012-11-23 16:34:15,7509,1,37.2084821429,-0.6234375
2012-11-23 16:34:16,7510,1,36.6720982143,-0.536383928571
2012-11-23 16:34:17,7511,1,36.0959077381,-0.57619047619
2012-11-23 16:34:18,7512,1,35.3408482143,-0.755059523809
2012-11-23 16:34:19,7513,1,34.3740327381,-0.96681547619
2012-11-23 16:34:20,7514,1,33.2845982143,-1.08943452381
2012-11-23 16:34:21,7515,1,32.2055803571,-1.07901785714
2012-11-23 16:34:22,7516,1,31.2203125,-0.985267857143
2012-11-23 16:34:23,7517,1,30.3348958333,-0.885416666667
2012-11-23 16:34:24,7518,1,29.5343005952,-0.800595238095
2012-11-23 16:34:25,7519,1,28.8395089286,-0.694791666667
2012-11-23 16:34:26,7520,1,28.2881696429,-0.551339285714
2012-11-23 16:34:27,7521,1,27.8694940476,-0.418675595238
2012-11-23 16:34:28,7522,1,27.4984375,-0.371056547619
2012-11-23 16:34:29,7523,1,27.0691964286,-0.429241071429
2012-11-23 16:34:30,7524,1,26.5561755952,-0.513020833333
2012-11-23 16:34:31,7525,1,26.0741071429,-0.482068452381
2012-11-23 16:34:32,7526,1,25.808110119,-0.265997023809
2012-11-23 16:34:33,7527,1,25.8480654762,0.0399553571429
2012-11-23 16:34:34,7528,1,26.0944196429,0.246354166667
2012-11-23 16:34:35,7529,1,26.3305803571,0.236160714286
2012-11-23 16:34:36,7530,1,26.3820684524,0.0514880952381
2012-11-23 16:34:37,7531,1,26.2229166667,-0.159151785714
2012-11-23 16:34:38,7532,1,25.9551339286,-0.267782738095
2012-11-23 16:34:39,7533,1,25.7188988095,-0.236235119048
2012-11-23 16:34:40,7534,1,25.6381696429,-0.0807291666667
2012-11-23 16:34:41,7535,1,25.7955357143,0.157366071429
2012-11-23 16:34:42,7536,1,26.1882440476,0.392708333333
2012-11-23 16:34:43,7537,1,26.6999255952,0.511681547619
2012-11-23 16:34:44,7538,1,27.129985119,0.43005952381
2012-11-23 16:34:45,7539,1,27.2576636905,0.127678571429
2012-11-23 16:34:46,7540,1,26.9038690476,-0.353794642857
2012-11-23 16:34:47,7541,1,25.991889881,-0.911979166667
2012-11-23 16:34:48,7542,1,24.6093005952,-1.38258928571
2012-11-23 16:34:49,7543,1,23.0151041667,-1.59419642857
2012-11-23 16:34:50,7544,1,21.5398065476,-1.47529761905
2012-11-23 16:34:51,7545,1,20.421875,-1.11793154762
2012-11-23 16:34:52,7546,1,19.662202381,-0.759672619048
2012-11-23 16:34:53,7547,1,18.9444196429,-0.717782738095
2012-11-23 16:34:54,7548,1,17.7079613095,-1.23645833333
2012-11-23 16:34:55,7549,1,15.4746279762,-2.23333333333
2012-11-23 16:34:56,7550,1,12.2933779762,-3.18125
2012-11-23 16:34:57,7551,1,8.88722098214,-3.40615699405
2012-11-23 16:34:58,7552,1,6.21734561012,-2.66987537202
2012-11-23 16:34:59,7553,1,4.76754092262,-1.4498046875
2012-11-23 16:35:00,7554,1,4.25114397321,-0.516396949405
2012-11-23 16:35:01,7555,1,4.0099702381,-0.241173735119
2012-11-23 16:35:02,7556,1,3.62165178571,-0.388318452381
2012-11-23 16:35:03,7557,1,3.12261904762,-0.499032738095
2012-11-23 16:35:04,7558,1,2.74816778274,-0.374451264881
2012-11-23 16:35:05,7559,1,2.57860863095,-0.169559151786
2012-11-23 16:35:06,7560,1,2.4927827381,-0.0858258928571
2012-11-23 16:35:07,7561,1,2.3935639881,-0.09921875
2012-11-23 16:35:08,7562,1,2.41998697917,0.0264229910714
2012-11-23 16:35:09,7563,1,2.96354166667,0.5435546875
2012-11-23 16:35:10,7564,1,4.42477678571,1.46123511905
2012-11-23 16:35:11,7565,1,6.8369047619,2.41212797619
2012-11-23 16:35:12,7566,1,9.68948102679,2.85257626488
2012-11-23 16:35:13,7567,1,12.1876674107,2.49818638393
2012-11-23 16:35:14,7568,1,13.7889043899,1.60123697917
2012-11-23 16:35:15,7569,1,14.5306361607,0.741731770833
2012-11-23 16:35:16,7570,1,14.8552827381,0.324646577381
2012-11-23 16:35:17,7571,1,15.1898809524,0.334598214286
2012-11-23 16:35:18,7572,1,15.7042410714,0.514360119048
2012-11-23 16:35:19,7573,1,16.3419642857,0.637723214286
2012-11-23 16:35:20,7574,1,16.9474702381,0.605505952381
2012-11-23 16:35:21,7575,1,17.3517857143,0.404315476191
2012-11-23 16:35:22,7576,1,17.4287202381,0.0769345238095
2012-11-23 16:35:23,7577,1,17.1654761905,-0.263244047619
2012-11-23 16:35:24,7578,1,16.7119047619,-0.453571428571
2012-11-23 16:35:25,7579,1,16.3277529762,-0.384151785714
2012-11-23 16:35:26,7580,1,16.2333333333,-0.0944196428572
2012-11-23 16:35:27,7581,1,16.4901785714,0.256845238095
2012-11-23 16:35:28,7582,1,16.9982886905,0.508110119048
2012-11-23 16:35:29,7583,1,17.5662202381,0.567931547619
2012-11-23 16:35:30,7584,1,17.9956845238,0.429464285714
2012-11-23 16:35:31,7585,1,18.1453869048,0.149702380952
2012-11-23 16:35:32,7586,1,17.933110119,-0.212276785714
2012-11-23 16:35:33,7587,1,17.3193452381,-0.613764880952
2012-11-23 16:35:34,7588,1,16.3607886905,-0.958556547619
2012-11-23 16:35:35,7589,1,15.278422619,-1.08236607143
2012-11-23 16:35:36,7590,1,14.4005208333,-0.877901785714
2012-11-23 16:35:37,7591,1,13.9720982143,-0.428422619048
2012-11-23 16:35:38,7592,1,13.9834821429,0.0113839285714
2012-11-23 16:35:39,7593,1,14.1960565476,0.212574404762
2012-11-23 16:35:40,7594,1,14.3749255952,0.178869047619
2012-11-23 16:35:41,7595,1,14.5218005952,0.146875
2012-11-23 16:35:42,7596,1,14.8994791667,0.377678571429
2012-11-23 16:35:43,7597,1,15.8151785714,0.915699404762
2012-11-23 16:35:44,7598,1,17.3233630952,1.50818452381
2012-11-23 16:35:45,7599,1,19.1120535714,1.78869047619
2012-11-23 16:35:46,7600,1,20.669047619,1.55699404762
2012-11-23 16:35:47,7601,1,21.5395089286,0.870461309524
2012-11-23 16:35:48,7602,1,21.4786458333,-0.0608630952381
2012-11-23 16:35:49,7603,1,20.490327381,-0.988318452381
2012-11-23 16:35:50,7604,1,18.8085565476,-1.68177083333
2012-11-23 16:35:51,7605,1,16.8322172619,-1.97633928571
2012-11-23 16:35:52,7606,1,15.0064732143,-1.82574404762
2012-11-23 16:35:53,7607,1,13.6723214286,-1.33415178571
2012-11-23 16:35:54,7608,1,12.9523065476,-0.720014880952
2012-11-23 16:35:55,7609,1,12.7649553571,-0.187351190476
2012-11-23 16:35:56,7610,1,12.9615327381,0.196577380952
2012-11-23 16:35:57,7611,1,13.4322916667,0.470758928572
2012-11-23 16:35:58,7612,1,14.0835565476,0.651264880952
2012-11-23 16:35:59,7613,1,14.7671130952,0.683556547619
2012-11-23 16:36:00,7614,1,15.2763392857,0.509226190476
2012-11-23 16:36:01,7615,1,15.4245535714,0.148214285714
2012-11-23 16:36:02,7616,1,15.1421130952,-0.28244047619
2012-11-23 16:36:03,7617,1,14.5286458333,-0.613467261905
2012-11-23 16:36:04,7618,1,13.8389136905,-0.689732142857
2012-11-23 16:36:05,7619,1,13.3936755952,-0.445238095238
2012-11-23 16:36:06,7620,1,13.4395833333,0.0459077380952
2012-11-23 16:36:07,7621,1,14.0444196429,0.604836309524
2012-11-23 16:36:08,7622,1,15.0878720238,1.04345238095
2012-11-23 16:36:09,7623,1,16.3551339286,1.26726190476
2012-11-23 16:36:10,7624,1,17.7139136905,1.3587797619
2012-11-23 16:36:11,7625,1,19.240922619,1.52700892857
2012-11-23 16:36:12,7626,1,21.133110119,1.8921875
2012-11-23 16:36:13,7627,1,23.459375,2.32626488095
2012-11-23 16:36:14,7628,1,25.9850446429,2.52566964286
2012-11-23 16:36:15,7629,1,28.2468005952,2.26175595238
2012-11-23 16:36:16,7630,1,29.858110119,1.61130952381
2012-11-23 16:36:17,7631,1,30.7703125,0.912202380952
2012-11-23 16:36:18,7632,1,31.204389881,0.434077380952
2012-11-23 16:36:19,7633,1,31.3507440476,0.146354166667
2012-11-23 16:36:20,7634,1,31.2023065476,-0.1484375
2012-11-23 16:36:21,7635,1,30.6673363095,-0.534970238095
2012-11-23 16:36:22,7636,1,29.7729910714,-0.894345238095
2012-11-23 16:36:23,7637,1,28.7181547619,-1.05483630952
2012-11-23 16:36:24,7638,1,27.7219494048,-0.996205357143
2012-11-23 16:36:25,7639,1,26.859672619,-0.862276785714
2012-11-23 16:36:26,7640,1,26.1009672619,-0.758705357143
2012-11-23 16:36:27,7641,1,25.479389881,-0.621577380952
2012-11-23 16:36:28,7642,1,25.1821428571,-0.29724702381
2012-11-23 16:36:29,7643,1,25.4949404762,0.312797619048
2012-11-23 16:36:30,7644,1,26.5985119048,1.10357142857
2012-11-23 16:36:31,7645,1,28.2918154762,1.69330357143
2012-11-23 16:36:32,7646,1,29.9209821429,1.62916666667
2012-11-23 16:36:33,7647,1,30.7011904762,0.780208333333
2012-11-23 16:36:34,7648,1,30.2345238095,-0.466666666667
2012-11-23 16:36:35,7649,1,28.8108630952,-1.42366071429
2012-11-23 16:36:36,7650,1,27.2136904762,-1.59717261905
2012-11-23 16:36:37,7651,1,26.156547619,-1.05714285714
2012-11-23 16:36:38,7652,1,25.833110119,-0.3234375
2012-11-23 16:36:39,7653,1,25.9453125,0.112202380952
2012-11-23 16:36:40,7654,1,26.065625,0.1203125
2012-11-23 16:36:41,7655,1,25.9323660714,-0.133258928571
2012-11-23 16:36:42,7656,1,25.5090029762,-0.423363095238
2012-11-23 16:36:43,7657,1,24.8986607143,-0.610342261905
2012-11-23 16:36:44,7658,1,24.2476190476,-0.651041666667
2012-11-23 16:36:45,7659,1,23.7330357143,-0.514583333333
2012-11-23 16:36:46,7660,1,23.5957589286,-0.137276785714
2012-11-23 16:36:47,7661,1,24.0673363095,0.471577380952
2012-11-23 16:36:48,7662,1,25.2009672619,1.13363095238
2012-11-23 16:36:49,7663,1,26.8120535714,1.61108630952
2012-11-23 16:36:50,7664,1,28.6180059524,1.80595238095
2012-11-23 16:36:51,7665,1,30.4302083333,1.81220238095
2012-11-23 16:36:52,7666,1,32.2113095238,1.78110119048
2012-11-23 16:36:53,7667,1,33.9588541667,1.74754464286
2012-11-23 16:36:54,7668,1,35.5561011905,1.59724702381
2012-11-23 16:36:55,7669,1,36.771577381,1.21547619048
2012-11-23 16:36:56,7670,1,37.4144345238,0.642857142857
2012-11-23 16:36:57,7671,1,37.4753720238,0.0609375
2012-11-23 16:36:58,7672,1,37.1324404762,-0.342931547619
2012-11-23 16:36:59,7673,1,36.6546875,-0.477752976191
2012-11-23 16:37:00,7674,1,36.2767857143,-0.377901785714
2012-11-23 16:37:01,7675,1,36.0917410714,-0.185044642857
2012-11-23 16:37:02,7676,1,36.0218005952,-0.0699404761905
2012-11-23 16:37:03,7677,1,35.8988839286,-0.122916666667
2012-11-23 16:37:04,7678,1,35.5883184524,-0.31056547619
2012-11-23 16:37:05,7679,1,35.0551339286,-0.53318452381
2012-11-23 16:37:06,7680,1,34.3274553571,-0.727678571428
2012-11-23 16:37:07,7681,1,33.4056547619,-0.921800595238
2012-11-23 16:37:08,7682,1,32.2398809524,-1.16577380952
2012-11-23 16:37:09,7683,1,30.8127232143,-1.4271577381
2012-11-23 16:37:10,7684,1,29.2029761905,-1.60974702381
2012-11-23 16:37:11,7685,1,27.5287202381,-1.67425595238
2012-11-23 16:37:12,7686,1,25.8138392857,-1.71488095238
2012-11-23 16:37:13,7687,1,23.9232142857,-1.890625
2012-11-23 16:37:14,7688,1,21.6969494048,-2.22626488095
2012-11-23 16:37:15,7689,1,19.1734375,-2.52351190476
2012-11-23 16:37:16,7690,1,16.5772321429,-2.59620535714
2012-11-23 16:37:17,7691,1,14.0366071429,-2.540625
2012-11-23 16:37:18,7692,1,11.4726934524,-2.56391369048
2012-11-23 16:37:19,7693,1,8.92834821429,-2.5443452381
2012-11-23 16:37:20,7694,1,6.91889880952,-2.00944940476
2012-11-23 16:37:21,7695,1,6.24947916667,-0.669419642857
2012-11-23 16:37:22,7696,1,7.39174107143,1.14226190476
2012-11-23 16:37:23,7697,1,10.0575892857,2.66584821429
2012-11-23 16:37:24,7698,1,13.4354166667,3.37782738095
2012-11-23 16:37:25,7699,1,16.8620535714,3.42663690476
2012-11-23 16:37:26,7700,1,20.2120535714,3.35
2012-11-23 16:37:27,7701,1,23.6570684524,3.44501488095
2012-11-23 16:37:28,7702,1,27.2289434524,3.571875
2012-11-23 16:37:29,7703,1,30.7154017857,3.48645833333
2012-11-23 16:37:30,7704,1,33.8589285714,3.14352678571
2012-11-23 16:37:31,7705,1,36.5316964286,2.67276785714
2012-11-23 16:37:32,7706,1,38.7444196429,2.21272321429
2012-11-23 16:37:33,7707,1,40.5625744048,1.8181547619
2012-11-23 16:37:34,7708,1,42.0313244048,1.46875
2012-11-23 16:37:35,7709,1,43.1498511905,1.11852678571
2012-11-23 16:37:36,7710,1,43.8886160714,0.738764880952
2012-11-23 16:37:37,7711,1,44.2351190476,0.34650297619
2012-11-23 16:37:38,7712,1,44.2411458333,0.0060267857143
2012-11-23 16:37:39,7713,1,44.0246279762,-0.216517857143
2012-11-23 16:37:40,7714,1,43.7186755952,-0.305952380952
2012-11-23 16:37:41,7715,1,43.4122767857,-0.306398809524
2012-11-23 16:37:42,7716,1,43.1214285714,-0.290848214286
2012-11-23 16:37:43,7717,1,42.8104166667,-0.311011904762
2012-11-23 16:37:44,7718,1,42.4477678571,-0.362648809524
2012-11-23 16:37:45,7719,1,42.0380952381,-0.409672619048
2012-11-23 16:37:46,7720,1,41.6055803571,-0.432514880952
2012-11-23 16:37:47,7721,1,41.1667410714,-0.438839285714
2012-11-23 16:37:48,7722,1,40.7226934524,-0.444047619048
2012-11-23 16:37:49,7723,1,40.2659970238,-0.456696428572
2012-11-23 16:37:50,7724,1,39.7871279762,-0.478869047619
2012-11-23 16:37:51,7725,1,39.276264881,-0.510863095238
2012-11-23 16:37:52,7726,1,38.7246279762,-0.551636904762
2012-11-23 16:37:53,7727,1,38.1177827381,-0.606845238095
2012-11-23 16:37:54,7728,1,37.4076636905,-0.710119047619
2012-11-23 16:37:55,7729,1,36.4831845238,-0.924479166667
2012-11-23 16:37:56,7730,1,35.1888392857,-1.2943452381
2012-11-23 16:37:57,7731,1,33.3998511905,-1.78898809524
2012-11-23 16:37:58,7732,1,31.0968005952,-2.30305059524
2012-11-23 16:37:59,7733,1,28.3845982143,-2.71220238095
2012-11-23 16:38:00,7734,1,25.4584821429,-2.92611607143
2012-11-23 16:38:01,7735,1,22.5747767857,-2.88370535714
2012-11-23 16:38:02,7736,1,20.078125,-2.49665178571
2012-11-23 16:38:03,7737,1,18.4373511905,-1.64077380952
2012-11-23 16:38:04,7738,1,18.160639881,-0.276711309524
2012-11-23 16:38:05,7739,1,19.535639881,1.375
2012-11-23 16:38:06,7740,1,22.3044642857,2.76882440476
2012-11-23 16:38:07,7741,1,25.5283482143,3.22388392857
2012-11-23 16:38:08,7742,1,27.9247767857,2.39642857143
2012-11-23 16:38:09,7743,1,28.5825892857,0.6578125
2012-11-23 16:38:10,7744,1,27.422172619,-1.16041666667
2012-11-23 16:38:11,7745,1,24.9698660714,-2.45230654762
2012-11-23 16:38:12,7746,1,21.7808779762,-3.18898809524
2012-11-23 16:38:13,7747,1,18.103125,-3.67775297619
2012-11-23 16:38:14,7748,1,14.0085565476,-4.09456845238
2012-11-23 16:38:15,7749,1,9.73549107143,-4.27306547619
2012-11-23 16:38:16,7750,1,5.80654761905,-3.92894345238
2012-11-23 16:38:17,7751,1,2.85230654762,-2.95424107143
2012-11-23 16:38:18,7752,1,0.0,-2.85230654762
2012-11-23 16:38:50,7784,32,0.0,0.0
2012-11-23 16:38:51,7785,1,3.44077380952,3.44077380952
2012-11-23 16:38:52,7786,1,5.63794642857,2.19717261905
2012-11-23 16:38:53,7787,1,7.428125,1.79017857143
2012-11-23 16:38:54,7788,1,8.51904761905,1.09092261905
2012-11-23 16:38:55,7789,1,9.20677083333,0.687723214286
2012-11-23 16:38:56,7790,1,9.97232142857,0.765550595238
2012-11-23 16:38:57,7791,1,11.1104166667,1.1380952381
2012-11-23 16:38:58,7792,1,12.5988095238,1.48839285714
2012-11-23 16:38:59,7793,1,14.1644345238,1.565625
2012-11-23 16:39:00,7794,1,15.397172619,1.23273809524
2012-11-23 16:39:01,7795,1,15.868452381,0.471279761905
2012-11-23 16:39:02,7796,1,15.313764881,-0.5546875
2012-11-23 16:39:03,7797,1,13.822172619,-1.4915922619
2012-11-23 16:39:04,7798,1,11.8541666667,-1.96800595238
2012-11-23 16:39:05,7799,1,10.0235119048,-1.8306547619
2012-11-23 16:39:06,7800,1,8.78816964286,-1.2353422619
2012-11-23 16:39:07,7801,1,8.28601190476,-0.502157738095
2012-11-23 16:39:08,7802,1,8.4228422619,0.136830357143
2012-11-23 16:39:09,7803,1,9.05282738095,0.629985119048
2012-11-23 16:39:10,7804,1,10.0229166667,0.970089285714
2012-11-23 16:39:11,7805,1,11.0917410714,1.06882440476
2012-11-23 16:39:12,7806,1,11.9119047619,0.820163690476
2012-11-23 16:39:13,7807,1,12.1522321429,0.240327380952
2012-11-23 16:39:14,7808,1,11.653125,-0.499107142857
2012-11-23 16:39:15,7809,1,10.4879464286,-1.16517857143
2012-11-23 16:39:16,7810,1,8.9047172619,-1.58322916667
2012-11-23 16:39:17,7811,1,7.20688988095,-1.69782738095
2012-11-23 16:39:18,7812,1,5.65245535714,-1.55443452381
2012-11-23 16:39:19,7813,1,4.41412202381,-1.23833333333
2012-11-23 16:39:20,7814,1,3.57455357143,-0.839568452381
2012-11-23 16:39:21,7815,1,3.11773809524,-0.45681547619
2012-11-23 16:39:22,7816,1,2.94163690476,-0.176101190476
2012-11-23 16:39:23,7817,1,2.92977678571,-0.0118601190476
2012-11-23 16:39:24,7818,1,3.04061011905,0.110833333333
2012-11-23 16:39:25,7819,1,3.32413690476,0.283526785714
2012-11-23 16:39:26,7820,1,3.82839285714,0.504255952381
2012-11-23 16:39:27,7821,1,4.45900297619,0.630610119048
2012-11-23 16:39:28,7822,1,4.91080357143,0.451800595238
2012-11-23 16:39:29,7823,1,4.77581845238,-0.134985119048
2012-11-23 16:39:30,7824,1,3.84355654762,-0.932261904762
2012-11-23 16:39:31,7825,1,2.43546130952,-1.4080952381
2012-11-23 16:39:32,7826,1,0.0,-2.43546130952
2012-11-23 16:40:32,7886,60,0.0,0.0
2012-11-23 16:40:33,7887,1,3.59114583333,3.59114583333
2012-11-23 16:40:34,7888,1,6.47633928571,2.88519345238
2012-11-23 16:40:35,7889,1,9.67790178571,3.2015625
2012-11-23 16:40:36,7890,1,12.6976190476,3.0197172619
2012-11-23 16:40:37,7891,1,15.2257440476,2.528125
2012-11-23 16:40:38,7892,1,17.0489583333,1.82321428571
2012-11-23 16:40:39,7893,1,18.1478422619,1.09888392857
2012-11-23 16:40:40,7894,1,18.825,0.677157738095
2012-11-23 16:40:41,7895,1,19.6250744048,0.800074404762
2012-11-23 16:40:42,7896,1,21.0404017857,1.41532738095
2012-11-23 16:40:43,7897,1,23.2313988095,2.19099702381
2012-11-23 16:40:44,7898,1,25.9869047619,2.75550595238
2012-11-23 16:40:45,7899,1,28.9194196429,2.93251488095
2012-11-23 16:40:46,7900,1,31.6870535714,2.76763392857
2012-11-23 16:40:47,7901,1,34.0723958333,2.3853422619
2012-11-23 16:40:48,7902,1,35.9417410714,1.8693452381
2012-11-23 16:40:49,7903,1,37.2133928571,1.27165178571
2012-11-23 16:40:50,7904,1,37.8875744048,0.674181547619
2012-11-23 16:40:51,7905,1,38.0750744048,0.1875
2012-11-23 16:40:52,7906,1,37.9618303571,-0.113244047619
2012-11-23 16:40:53,7907,1,37.7254464286,-0.236383928571
2012-11-23 16:40:54,7908,1,37.4696428571,-0.255803571429
2012-11-23 16:40:55,7909,1,37.2269345238,-0.242708333333
2012-11-23 16:40:56,7910,1,37.0127232143,-0.214211309524
2012-11-23 16:40:57,7911,1,36.862797619,-0.149925595238
2012-11-23 16:40:58,7912,1,36.8210565476,-0.0417410714286
2012-11-23 16:40:59,7913,1,36.9070684524,0.0860119047619
2012-11-23 16:41:00,7914,1,37.0931547619,0.186086309524
2012-11-23 16:41:01,7915,1,37.3058035714,0.212648809524
2012-11-23 16:41:02,7916,1,37.4649553571,0.159151785714
2012-11-23 16:41:03,7917,1,37.5296130952,0.0646577380952
2012-11-23 16:41:04,7918,1,37.4941220238,-0.0354910714286
2012-11-23 16:41:05,7919,1,37.3453869048,-0.148735119048
2012-11-23 16:41:06,7920,1,37.0423363095,-0.303050595238
2012-11-23 16:41:07,7921,1,36.5508184524,-0.491517857143
2012-11-23 16:41:08,7922,1,35.9104166667,-0.640401785714
2012-11-23 16:41:09,7923,1,35.2624255952,-0.647991071429
2012-11-23 16:41:10,7924,1,34.7881696429,-0.474255952381
2012-11-23 16:41:11,7925,1,34.6046875,-0.183482142857
2012-11-23 16:41:12,7926,1,34.7107886905,0.106101190476
2012-11-23 16:41:13,7927,1,35.0133184524,0.302529761905
2012-11-23 16:41:14,7928,1,35.3958333333,0.382514880952
2012-11-23 16:41:15,7929,1,35.7744047619,0.378571428571
2012-11-23 16:41:16,7930,1,36.1063988095,0.331994047619
2012-11-23 16:41:17,7931,1,36.370014881,0.263616071429
2012-11-23 16:41:18,7932,1,36.5507440476,0.180729166667
2012-11-23 16:41:19,7933,1,36.639360119,0.0886160714286
2012-11-23 16:41:20,7934,1,36.6384672619,-0.000892857142802
2012-11-23 16:41:21,7935,1,36.5770833333,-0.0613839285715
2012-11-23 16:41:22,7936,1,36.5108630952,-0.0662202380952
2012-11-23 16:41:23,7937,1,36.4964285714,-0.0144345238095
2012-11-23 16:41:24,7938,1,36.5621279762,0.0656994047619
2012-11-23 16:41:25,7939,1,36.6970982143,0.134970238095
2012-11-23 16:41:26,7940,1,36.8666666667,0.169568452381
2012-11-23 16:41:27,7941,1,37.0420386905,0.175372023809
2012-11-23 16:41:28,7942,1,37.2119047619,0.169866071429
2012-11-23 16:41:29,7943,1,37.3675595238,0.155654761905
2012-11-23 16:41:30,7944,1,37.4895833333,0.122023809524
2012-11-23 16:41:31,7945,1,37.5558035714,0.0662202380953
2012-11-23 16:41:32,7946,1,37.5436011905,-0.0122023809524
2012-11-23 16:41:33,7947,1,37.3829613095,-0.160639880952
2012-11-23 16:41:34,7948,1,36.9043154762,-0.478645833333
2012-11-23 16:41:35,7949,1,35.8807291667,-1.02358630952
2012-11-23 16:41:36,7950,1,34.1392857143,-1.74144345238
2012-11-23 16:41:37,7951,1,31.6294642857,-2.50982142857
2012-11-23 16:41:38,7952,1,28.4230654762,-3.20639880952
2012-11-23 16:41:39,7953,1,24.6832589286,-3.73980654762
2012-11-23 16:41:40,7954,1,20.6322916667,-4.0509672619
2012-11-23 16:41:41,7955,1,16.521875,-4.11041666667
2012-11-23 16:41:42,7956,1,12.571453373,-3.95042162698
2012-11-23 16:41:43,7957,1,8.90647321429,-3.66498015873
2012-11-23 16:41:44,7958,1,5.62358630952,-3.28288690476
2012-11-23 16:41:45,7959,1,2.98363095238,-2.63995535714
2012-11-23 16:41:46,7960,1,0.0,-2.98363095238
2012-11-23 16:42:30,8004,44,0.0,0.0
2012-11-23 16:42:31,8005,1,3.52524801587,3.52524801587
2012-11-23 16:42:32,8006,1,6.77775297619,3.25250496032
2012-11-23 16:42:33,8007,1,10.8614583333,4.08370535714
2012-11-23 16:42:34,8008,1,15.3023809524,4.44092261905
2012-11-23 16:42:35,8009,1,19.6876488095,4.38526785714
2012-11-23 16:42:36,8010,1,23.6165922619,3.92894345238
2012-11-23 16:42:37,8011,1,26.7646825397,3.14809027778
2012-11-23 16:42:38,8012,1,28.9994543651,2.2347718254
2012-11-23 16:42:39,8013,1,30.4117559524,1.4123015873
2012-11-23 16:42:40,8014,1,31.2429315476,0.831175595238
2012-11-23 16:42:41,8015,1,31.7639136905,0.520982142857
2012-11-23 16:42:42,8016,1,32.1485863095,0.384672619048
2012-11-23 16:42:43,8017,1,32.4079613095,0.259375
2012-11-23 16:42:44,8018,1,32.4515625,0.0436011904762
2012-11-23 16:42:45,8019,1,32.2174107143,-0.234151785714
2012-11-23 16:42:46,8020,1,31.7302827381,-0.48712797619
2012-11-23 16:42:47,8021,1,31.0669642857,-0.663318452381
2012-11-23 16:42:48,8022,1,30.316889881,-0.750074404762
2012-11-23 16:42:49,8023,1,29.5865327381,-0.730357142857
2012-11-23 16:42:50,8024,1,29.0345982143,-0.551934523809
2012-11-23 16:42:51,8025,1,28.8674107143,-0.1671875
2012-11-23 16:42:52,8026,1,29.2316964286,0.364285714286
2012-11-23 16:42:53,8027,1,30.0796875,0.847991071429
2012-11-23 16:42:54,8028,1,31.1368303571,1.05714285714
2012-11-23 16:42:55,8029,1,32.0154017857,0.878571428571
2012-11-23 16:42:56,8030,1,32.4241815476,0.408779761905
2012-11-23 16:42:57,8031,1,32.3085565476,-0.115625
2012-11-23 16:42:58,8032,1,31.7627232143,-0.545833333333
2012-11-23 16:42:59,8033,1,30.8113095238,-0.951413690476
2012-11-23 16:43:00,8034,1,29.3087797619,-1.5025297619
2012-11-23 16:43:01,8035,1,27.0456845238,-2.2630952381
2012-11-23 16:43:02,8036,1,23.9702380952,-3.07544642857
2012-11-23 16:43:03,8037,1,20.3854910714,-3.58474702381
2012-11-23 16:43:04,8038,1,16.9585565476,-3.42693452381
2012-11-23 16:43:05,8039,1,14.4476934524,-2.51086309524
2012-11-23 16:43:06,8040,1,13.3019345238,-1.14575892857
2012-11-23 16:43:07,8041,1,13.441889881,0.139955357143
2012-11-23 16:43:08,8042,1,14.3767857143,0.934895833333
2012-11-23 16:43:09,8043,1,15.5570684524,1.1802827381
2012-11-23 16:43:10,8044,1,16.7044642857,1.14739583333
2012-11-23 16:43:11,8045,1,17.878125,1.17366071429
2012-11-23 16:43:12,8046,1,19.2802827381,1.4021577381
2012-11-23 16:43:13,8047,1,21.0411458333,1.76086309524
2012-11-23 16:43:14,8048,1,23.1538690476,2.11272321429
2012-11-23 16:43:15,8049,1,25.5159970238,2.36212797619
2012-11-23 16:43:16,8050,1,27.979389881,2.46339285714
2012-11-23 16:43:17,8051,1,30.3845982143,2.40520833333
2012-11-23 16:43:18,8052,1,32.5966517857,2.21205357143
2012-11-23 16:43:19,8053,1,34.5429315476,1.9462797619
2012-11-23 16:43:20,8054,1,36.2193452381,1.67641369048
2012-11-23 16:43:21,8055,1,37.638764881,1.41941964286
2012-11-23 16:43:22,8056,1,38.7665178571,1.12775297619
2012-11-23 16:43:23,8057,1,39.5191220238,0.752604166667
2012-11-23 16:43:24,8058,1,39.8329613095,0.313839285714
2012-11-23 16:43:25,8059,1,39.7350446429,-0.0979166666667
2012-11-23 16:43:26,8060,1,39.3511160714,-0.383928571428
2012-11-23 16:43:27,8061,1,38.8423363095,-0.508779761905
2012-11-23 16:43:28,8062,1,38.3235119048,-0.518824404762
2012-11-23 16:43:29,8063,1,37.834375,-0.489136904762
2012-11-23 16:43:30,8064,1,37.3735863095,-0.460788690476
2012-11-23 16:43:31,8065,1,36.9398809524,-0.433705357143
2012-11-23 16:43:32,8066,1,36.5516369048,-0.388244047619
2012-11-23 16:43:33,8067,1,36.2581845238,-0.293452380952
2012-11-23 16:43:34,8068,1,36.1338541667,-0.124330357143
2012-11-23 16:43:35,8069,1,36.2380208333,0.104166666667
2012-11-23 16:43:36,8070,1,36.5645833333,0.3265625
2012-11-23 16:43:37,8071,1,37.024702381,0.460119047619
2012-11-23 16:43:38,8072,1,37.4890625,0.464360119048
2012-11-23 16:43:39,8073,1,37.8726190476,0.383556547619
2012-11-23 16:43:40,8074,1,38.1927827381,0.320163690476
2012-11-23 16:43:41,8075,1,38.5444940476,0.351711309524
2012-11-23 16:43:42,8076,1,39.0224702381,0.477976190476
2012-11-23 16:43:43,8077,1,39.6566220238,0.634151785714
2012-11-23 16:43:44,8078,1,40.3897321429,0.733110119048
2012-11-23 16:43:45,8079,1,41.1075892857,0.717857142857
2012-11-23 16:43:46,8080,1,41.6994047619,0.591815476191
2012-11-23 16:43:47,8081,1,42.0948660714,0.395461309524
2012-11-23 16:43:48,8082,1,42.2698660714,0.175
2012-11-23 16:43:49,8083,1,42.2429315476,-0.0269345238095
2012-11-23 16:43:50,8084,1,42.070610119,-0.172321428572
2012-11-23 16:43:51,8085,1,41.8444196429,-0.226190476191
2012-11-23 16:43:52,8086,1,41.662202381,-0.182217261905
2012-11-23 16:43:53,8087,1,41.5688988095,-0.0933035714286
2012-11-23 16:43:54,8088,1,41.5269345238,-0.0419642857143
2012-11-23 16:43:55,8089,1,41.4453869048,-0.0815476190476
2012-11-23 16:43:56,8090,1,41.2422619048,-0.203125
2012-11-23 16:43:57,8091,1,40.8975446429,-0.344717261905
2012-11-23 16:43:58,8092,1,40.4502232143,-0.447321428571
2012-11-23 16:43:59,8093,1,39.9380208333,-0.512202380952
2012-11-23 16:44:00,8094,1,39.3224702381,-0.615550595238
2012-11-23 16:44:01,8095,1,38.4503720238,-0.872098214286
2012-11-23 16:44:02,8096,1,37.0852678571,-1.36510416667
2012-11-23 16:44:03,8097,1,34.9900297619,-2.09523809524
2012-11-23 16:44:04,8098,1,32.0296875,-2.9603422619
2012-11-23 16:44:05,8099,1,28.2523065476,-3.77738095238
2012-11-23 16:44:06,8100,1,23.8805803571,-4.37172619048
2012-11-23 16:44:07,8101,1,19.233110119,-4.6474702381
2012-11-23 16:44:08,8102,1,14.6364583333,-4.59665178571
2012-11-23 16:44:09,8103,1,10.3392857143,-4.29717261905
2012-11-23 16:44:10,8104,1,6.51941964286,-3.81986607143
2012-11-23 16:44:11,8105,1,3.45338541667,-3.06603422619
2012-11-23 16:44:12,8106,1,0.0,-3.45338541667
2012-11-23 16:44:59,8153,47,0.0,0.0
2012-11-23 16:45:00,8154,1,3.00171130952,3.00171130952
2012-11-23 16:45:01,8155,1,5.86532738095,2.86361607143
2012-11-23 16:45:02,8156,1,9.4130952381,3.54776785714
2012-11-23 16:45:03,8157,1,13.0671875,3.6540922619
2012-11-23 16:45:04,8158,1,16.4555059524,3.38831845238
2012-11-23 16:45:05,8159,1,19.4841889881,3.02868303571
2012-11-23 16:45:06,8160,1,22.2890625,2.8048735119
2012-11-23 16:45:07,8161,1,25.0541666667,2.76510416667
2012-11-23 16:45:08,8162,1,27.8573660714,2.80319940476
2012-11-23 16:45:09,8163,1,30.659672619,2.80230654762
2012-11-23 16:45:10,8164,1,33.3662946429,2.70662202381
2012-11-23 16:45:11,8165,1,35.8624255952,2.49613095238
2012-11-23 16:45:12,8166,1,38.0067708333,2.1443452381
2012-11-23 16:45:13,8167,1,39.6380208333,1.63125
2012-11-23 16:45:14,8168,1,40.6433035714,1.0052827381
2012-11-23 16:45:15,8169,1,41.0359375,0.392633928571
2012-11-23 16:45:16,8170,1,40.9587053571,-0.0772321428571
2012-11-23 16:45:17,8171,1,40.6085565476,-0.350148809524
2012-11-23 16:45:18,8172,1,40.1493303571,-0.459226190476
2012-11-23 16:45:19,8173,1,39.6830357143,-0.466294642857
2012-11-23 16:45:20,8174,1,39.2552827381,-0.427752976191
2012-11-23 16:45:21,8175,1,38.8000744048,-0.455208333333
2012-11-23 16:45:22,8176,1,38.0615327381,-0.738541666667
2012-11-23 16:45:23,8177,1,36.6531994048,-1.40833333333
2012-11-23 16:45:24,8178,1,34.2678571429,-2.3853422619
2012-11-23 16:45:25,8179,1,30.8609375,-3.40691964286
2012-11-23 16:45:26,8180,1,26.6506696429,-4.21026785714
2012-11-23 16:45:27,8181,1,21.9443452381,-4.70632440476
2012-11-23 16:45:28,8182,1,17.0049107143,-4.93943452381
2012-11-23 16:45:29,8183,1,12.1478422619,-4.85706845238
2012-11-23 16:45:30,8184,1,7.91666666667,-4.23117559524
2012-11-23 16:45:31,8185,1,5.03883928571,-2.87782738095
2012-11-23 16:45:32,8186,1,4.09441964286,-0.944419642857
2012-11-23 16:45:33,8187,1,5.1275297619,1.03311011905
2012-11-23 16:45:34,8188,1,7.59040178571,2.46287202381
2012-11-23 16:45:35,8189,1,10.7272321429,3.13683035714
2012-11-23 16:45:36,8190,1,14.0119047619,3.28467261905
2012-11-23 16:45:37,8191,1,17.2722470238,3.2603422619
2012-11-23 16:45:38,8192,1,20.4988095238,3.2265625
2012-11-23 16:45:39,8193,1,23.5766369048,3.07782738095
2012-11-23 16:45:40,8194,1,26.2292410714,2.65260416667
2012-11-23 16:45:41,8195,1,28.2044642857,1.97522321429
2012-11-23 16:45:42,8196,1,29.4511904762,1.24672619048
2012-11-23 16:45:43,8197,1,30.1335565476,0.682366071429
2012-11-23 16:45:44,8198,1,30.5162946429,0.382738095238
2012-11-23 16:45:45,8199,1,30.813764881,0.297470238095
2012-11-23 16:45:46,8200,1,31.1138392857,0.300074404762
2012-11-23 16:45:47,8201,1,31.4024553571,0.288616071429
2012-11-23 16:45:48,8202,1,31.6196428571,0.2171875
2012-11-23 16:45:49,8203,1,31.7077380952,0.0880952380952
2012-11-23 16:45:50,8204,1,31.6418154762,-0.0659226190476
2012-11-23 16:45:51,8205,1,31.4294642857,-0.212351190476
2012-11-23 16:45:52,8206,1,31.0908482143,-0.338616071429
2012-11-23 16:45:53,8207,1,30.6397321429,-0.451116071429
2012-11-23 16:45:54,8208,1,30.0802083333,-0.559523809524
2012-11-23 16:45:55,8209,1,29.4288690476,-0.651339285714
2012-11-23 16:45:56,8210,1,28.7491071429,-0.679761904762
2012-11-23 16:45:57,8211,1,28.1537946429,-0.5953125
2012-11-23 16:45:58,8212,1,27.7522321429,-0.4015625
2012-11-23 16:45:59,8213,1,27.5898065476,-0.162425595238
2012-11-23 16:46:00,8214,1,27.642485119,0.0526785714286
2012-11-23 16:46:01,8215,1,27.8635416667,0.221056547619
2012-11-23 16:46:02,8216,1,28.2304315476,0.366889880952
2012-11-23 16:46:03,8217,1,28.7369791667,0.506547619048
2012-11-23 16:46:04,8218,1,29.3382440476,0.601264880952
2012-11-23 16:46:05,8219,1,29.9244791667,0.586235119048
2012-11-23 16:46:06,8220,1,30.360639881,0.436160714286
2012-11-23 16:46:07,8221,1,30.5569196429,0.196279761905
2012-11-23 16:46:08,8222,1,30.5244791667,-0.0324404761904
2012-11-23 16:46:09,8223,1,30.3694196429,-0.15505952381
2012-11-23 16:46:10,8224,1,30.2183779762,-0.151041666667
2012-11-23 16:46:11,8225,1,30.144047619,-0.0743303571429
2012-11-23 16:46:12,8226,1,30.1485119048,0.0044642857143
2012-11-23 16:46:13,8227,1,30.1915922619,0.0430803571429
2012-11-23 16:46:14,8228,1,30.2224702381,0.0308779761904
2012-11-23 16:46:15,8229,1,30.1929315476,-0.0295386904761
2012-11-23 16:46:16,8230,1,30.0645833333,-0.128348214286
2012-11-23 16:46:17,8231,1,29.815625,-0.248958333333
2012-11-23 16:46:18,8232,1,29.4189732143,-0.396651785714
2012-11-23 16:46:19,8233,1,28.8026041667,-0.616369047619
2012-11-23 16:46:20,8234,1,27.836235119,-0.966369047619
2012-11-23 16:46:21,8235,1,26.3216021825,-1.51463293651
2012-11-23 16:46:22,8236,1,24.003844246,-2.31775793651
2012-11-23 16:46:23,8237,1,20.7241815476,-3.27966269841
2012-11-23 16:46:24,8238,1,16.6473958333,-4.07678571429
2012-11-23 16:46:25,8239,1,12.3005952381,-4.34680059524
2012-11-23 16:46:26,8240,1,8.41383928571,-3.88675595238
2012-11-23 16:46:27,8241,1,5.76245039683,-2.65138888889
2012-11-23 16:46:28,8242,1,4.97155257937,-0.79089781746
2012-11-23 16:46:29,8243,1,6.22805059524,1.25649801587
2012-11-23 16:46:30,8244,1,9.13296130952,2.90491071429
2012-11-23 16:46:31,8245,1,12.8287202381,3.69575892857
2012-11-23 16:46:32,8246,1,16.3317708333,3.50305059524
2012-11-23 16:46:33,8247,1,18.9626736111,2.63090277778
2012-11-23 16:46:34,8248,1,20.5715525794,1.60887896825
2012-11-23 16:46:35,8249,1,21.3621279762,0.790575396825
2012-11-23 16:46:36,8250,1,21.6093005952,0.247172619048
2012-11-23 16:46:37,8251,1,21.5679315476,-0.0413690476191
2012-11-23 16:46:38,8252,1,21.4742559524,-0.093675595238
2012-11-23 16:46:39,8253,1,21.4808035714,0.0065476190476
2012-11-23 16:46:40,8254,1,21.5906994048,0.109895833333
2012-11-23 16:46:41,8255,1,21.7163690476,0.125669642857
2012-11-23 16:46:42,8256,1,21.8158482143,0.0994791666666
2012-11-23 16:46:43,8257,1,21.9683035714,0.152455357143
2012-11-23 16:46:44,8258,1,22.3298363095,0.361532738095
2012-11-23 16:46:45,8259,1,23.0023809524,0.672544642857
2012-11-23 16:46:46,8260,1,23.9311011905,0.928720238095
2012-11-23 16:46:47,8261,1,24.9348958333,1.00379464286
2012-11-23 16:46:48,8262,1,25.8132440476,0.878348214286
2012-11-23 16:46:49,8263,1,26.4094494048,0.596205357143
2012-11-23 16:46:50,8264,1,26.6273065476,0.217857142857
2012-11-23 16:46:51,8265,1,26.4585565476,-0.16875
2012-11-23 16:46:52,8266,1,26.0181547619,-0.440401785714
2012-11-23 16:46:53,8267,1,25.5322172619,-0.4859375
2012-11-23 16:46:54,8268,1,25.2407738095,-0.291443452381
2012-11-23 16:46:55,8269,1,25.2623511905,0.0215773809524
2012-11-23 16:46:56,8270,1,25.5441220238,0.281770833333
2012-11-23 16:46:57,8271,1,25.9558035714,0.411681547619
2012-11-23 16:46:58,8272,1,26.4222470238,0.466443452381
2012-11-23 16:46:59,8273,1,26.9569940476,0.534747023809
2012-11-23 16:47:00,8274,1,27.5944196429,0.637425595238
2012-11-23 16:47:01,8275,1,28.3139136905,0.719494047619
2012-11-23 16:47:02,8276,1,29.0205357143,0.70662202381
2012-11-23 16:47:03,8277,1,29.5910714286,0.570535714286
2012-11-23 16:47:04,8278,1,29.9494791667,0.358407738095
2012-11-23 16:47:05,8279,1,30.1050595238,0.155580357143
2012-11-23 16:47:06,8280,1,30.128125,0.0230654761905
2012-11-23 16:47:07,8281,1,30.1023065476,-0.025818452381
2012-11-23 16:47:08,8282,1,30.0914434524,-0.0108630952381
2012-11-23 16:47:09,8283,1,30.1314732143,0.0400297619048
2012-11-23 16:47:10,8284,1,30.2359375,0.104464285714
2012-11-23 16:47:11,8285,1,30.3963541667,0.160416666667
2012-11-23 16:47:12,8286,1,30.5853422619,0.188988095238
2012-11-23 16:47:13,8287,1,30.7734375,0.188095238095
2012-11-23 16:47:14,8288,1,30.9433035714,0.169866071429
2012-11-23 16:47:15,8289,1,31.0907738095,0.147470238095
2012-11-23 16:47:16,8290,1,31.2165178571,0.125744047619
2012-11-23 16:47:17,8291,1,31.3170386905,0.100520833333
2012-11-23 16:47:18,8292,1,31.3894345238,0.0723958333333
2012-11-23 16:47:19,8293,1,31.4378720238,0.0484375
2012-11-23 16:47:20,8294,1,31.4588541667,0.0209821428572
2012-11-23 16:47:21,8295,1,31.4283482143,-0.030505952381
2012-11-23 16:47:22,8296,1,31.31875,-0.109598214286
2012-11-23 16:47:23,8297,1,31.1270833333,-0.191666666667
2012-11-23 16:47:24,8298,1,30.8848214286,-0.242261904762
2012-11-23 16:47:25,8299,1,30.6371279762,-0.247693452381
2012-11-23 16:47:26,8300,1,30.4097470238,-0.227380952381
2012-11-23 16:47:27,8301,1,30.1998511905,-0.209895833333
2012-11-23 16:47:28,8302,1,29.9886904762,-0.211160714286
2012-11-23 16:47:29,8303,1,29.753125,-0.23556547619
2012-11-23 16:47:30,8304,1,29.4676339286,-0.285491071429
2012-11-23 16:47:31,8305,1,29.0694196429,-0.398214285714
2012-11-23 16:47:32,8306,1,28.3836309524,-0.685788690476
2012-11-23 16:47:33,8307,1,27.0970982143,-1.2865327381
2012-11-23 16:47:34,8308,1,24.8927083333,-2.20438988095
2012-11-23 16:47:35,8309,1,21.7154761905,-3.17723214286
2012-11-23 16:47:36,8310,1,17.9185267857,-3.79694940476
2012-11-23 16:47:37,8311,1,14.1161458333,-3.80238095238
2012-11-23 16:47:38,8312,1,10.938764881,-3.17738095238
2012-11-23 16:47:39,8313,1,8.89575892857,-2.04300595238
2012-11-23 16:47:40,8314,1,8.2984375,-0.597321428571
2012-11-23 16:47:41,8315,1,9.20699404762,0.908556547619
2012-11-23 16:47:42,8316,1,11.4092261905,2.20223214286
2012-11-23 16:47:43,8317,1,14.4514880952,3.04226190476
2012-11-23 16:47:44,8318,1,17.8195684524,3.36808035714
2012-11-23 16:47:45,8319,1,21.1555059524,3.3359375
2012-11-23 16:47:46,8320,1,24.2426339286,3.08712797619
2012-11-23 16:47:47,8321,1,26.8453125,2.60267857143
2012-11-23 16:47:48,8322,1,28.6899553571,1.84464285714
2012-11-23 16:47:49,8323,1,29.5927827381,0.902827380952
2012-11-23 16:47:50,8324,1,29.5326636905,-0.060119047619
2012-11-23 16:47:51,8325,1,28.5736607143,-0.95900297619
2012-11-23 16:47:52,8326,1,26.762202381,-1.81145833333
2012-11-23 16:47:53,8327,1,24.1694940476,-2.59270833333
2012-11-23 16:47:54,8328,1,21.0010416667,-3.16845238095
2012-11-23 16:47:55,8329,1,17.5705357143,-3.43050595238
2012-11-23 16:47:56,8330,1,14.2054315476,-3.36510416667
2012-11-23 16:47:57,8331,1,11.2678571429,-2.93757440476
2012-11-23 16:47:58,8332,1,9.19970238095,-2.0681547619
2012-11-23 16:47:59,8333,1,8.41964285714,-0.78005952381
2012-11-23 16:48:00,8334,1,9.11979166667,0.700148809524
2012-11-23 16:48:01,8335,1,11.1272321429,2.00744047619
2012-11-23 16:48:02,8336,1,13.9761904762,2.84895833333
2012-11-23 16:48:03,8337,1,17.1693452381,3.1931547619
2012-11-23 16:48:04,8338,1,20.3587797619,3.18943452381
2012-11-23 16:48:05,8339,1,23.2938988095,2.93511904762
2012-11-23 16:48:06,8340,1,25.7429315476,2.4490327381
2012-11-23 16:48:07,8341,1,27.5523065476,1.809375
2012-11-23 16:48:08,8342,1,28.7082589286,1.15595238095
2012-11-23 16:48:09,8343,1,29.2779017857,0.569642857143
2012-11-23 16:48:10,8344,1,29.3053571429,0.0274553571428
2012-11-23 16:48:11,8345,1,28.7644345238,-0.540922619048
2012-11-23 16:48:12,8346,1,27.5902529762,-1.17418154762
2012-11-23 16:48:13,8347,1,25.7662946429,-1.82395833333
2012-11-23 16:48:14,8348,1,23.4218005952,-2.34449404762
2012-11-23 16:48:15,8349,1,20.874702381,-2.54709821429
2012-11-23 16:48:16,8350,1,18.5673363095,-2.30736607143
2012-11-23 16:48:17,8351,1,16.9239583333,-1.64337797619
2012-11-23 16:48:18,8352,1,16.2109375,-0.713020833333
2012-11-23 16:48:19,8353,1,16.4569940476,0.246056547619
2012-11-23 16:48:20,8354,1,17.4723958333,1.01540178571
2012-11-23 16:48:21,8355,1,18.9401785714,1.4677827381
2012-11-23 16:48:22,8356,1,20.4989583333,1.5587797619
2012-11-23 16:48:23,8357,1,21.8145833333,1.315625
2012-11-23 16:48:24,8358,1,22.6636160714,0.849032738095
2012-11-23 16:48:25,8359,1,22.9888392857,0.325223214286
2012-11-23 16:48:26,8360,1,22.8924107143,-0.0964285714286
2012-11-23 16:48:27,8361,1,22.5322916667,-0.360119047619
2012-11-23 16:48:28,8362,1,21.9081845238,-0.624107142857
2012-11-23 16:48:29,8363,1,20.7004464286,-1.20773809524
2012-11-23 16:48:30,8364,1,18.4235863095,-2.27686011905
2012-11-23 16:48:31,8365,1,14.9014136905,-3.52217261905
2012-11-23 16:48:32,8366,1,10.690922619,-4.21049107143
2012-11-23 16:48:33,8367,1,7.00223214286,-3.68869047619
2012-11-23 16:48:34,8368,1,5.03311011905,-1.96912202381
2012-11-23 16:48:35,8369,1,5.21577380952,0.182663690476
2012-11-23 16:48:36,8370,1,7.04300595238,1.82723214286
2012-11-23 16:48:37,8371,1,9.58556547619,2.54255952381
2012-11-23 16:48:38,8372,1,12.1627232143,2.5771577381
2012-11-23 16:48:39,8373,1,14.5933779762,2.4306547619
2012-11-23 16:48:40,8374,1,16.9415178571,2.34813988095
2012-11-23 16:48:41,8375,1,19.1425595238,2.20104166667
2012-11-23 16:48:42,8376,1,20.889360119,1.74680059524
2012-11-23 16:48:43,8377,1,21.7560267857,0.866666666667
2012-11-23 16:48:44,8378,1,21.3718005952,-0.384226190476
2012-11-23 16:48:45,8379,1,19.6032738095,-1.76852678571
2012-11-23 16:48:46,8380,1,16.6941220238,-2.90915178571
2012-11-23 16:48:47,8381,1,13.2290178571,-3.46510416667
2012-11-23 16:48:48,8382,1,9.90163690476,-3.32738095238
2012-11-23 16:48:49,8383,1,7.22459077381,-2.67704613095
2012-11-23 16:48:50,8384,1,5.37046130952,-1.85412946429
2012-11-23 16:48:51,8385,1,4.23157467532,-1.1388866342
2012-11-23 16:48:52,8386,1,3.5923633658,-0.639211309524
2012-11-23 16:48:53,8387,1,3.2520799513,-0.340283414502
2012-11-23 16:48:54,8388,1,3.05727813853,-0.194801812771
2012-11-23 16:48:55,8389,1,2.91050121753,-0.146776920996
2012-11-23 16:48:56,8390,1,2.78530167749,-0.125199540043
2012-11-23 16:48:57,8391,1,2.69994588745,-0.0853557900433
2012-11-23 16:48:58,8392,1,2.65923295455,-0.0407129329004
2012-11-23 16:48:59,8393,1,2.64121009199,-0.0180228625541
2012-11-23 16:49:00,8394,1,2.62610930736,-0.015100784632
2012-11-23 16:49:01,8395,1,2.60896915584,-0.0171401515152
2012-11-23 16:49:02,8396,1,2.59460227273,-0.0143668831169
2012-11-23 16:49:03,8397,1,2.59301271645,-0.00158955627705
2012-11-23 16:49:04,8398,1,2.57998782468,-0.0130248917749
2012-11-23 16:49:05,8399,1,2.43106331169,-0.148924512987
2012-11-23 16:49:06,8400,1,1.98423971861,-0.446823593074
2012-11-23 16:49:07,8401,1,1.32295048701,-0.661289231602
2012-11-23 16:49:08,8402,1,0.0,-1.32295048701
