timestamp,cycle_sec,timestep,speed_mph,accel_meters_ps
2012-11-03 11:37:32,0,50120,0.0,0.0
2012-11-03 11:37:33,1,1,1.40991405804,1.40991405804
2012-11-03 11:37:34,2,1,2.02519487054,0.6152808125
2012-11-03 11:37:35,3,1,2.30543120833,0.280236337798
2012-11-03 11:37:36,4,1,2.27060995833,-0.03482125
2012-11-03 11:37:37,5,1,2.16316961161,-0.107440346726
2012-11-03 11:37:38,6,1,2.13337984747,-0.0297897641369
2012-11-03 11:37:39,7,1,2.1771205439,0.0437406964286
2012-11-03 11:37:40,8,1,2.2423363125,0.0652157686012
2012-11-03 11:37:41,9,1,2.3126860186,0.0703497061012
2012-11-03 11:37:42,10,1,2.41193266815,0.0992466495536
2012-11-03 11:37:43,11,1,2.52976186905,0.117829200893
2012-11-03 11:37:44,12,1,2.52284214137,-0.00691972767857
2012-11-03 11:37:45,13,1,2.17403254613,-0.348809595238
2012-11-03 11:37:46,14,1,1.47673902307,-0.697293523065
2012-11-03 11:37:47,15,1,0.0,-1.47673902307
2012-11-03 11:38:02,30,15,0.0,0.0
2012-11-03 11:38:03,31,1,1.34108971503,1.34108971503
2012-11-03 11:38:04,32,1,2.77618998289,1.43510026786
2012-11-03 11:38:05,33,1,5.01897261607,2.24278263318
2012-11-03 11:38:06,34,1,8.08549050595,3.06651788988
2012-11-03 11:38:07,35,1,11.7458329122,3.66034240625
2012-11-03 11:38:08,36,1,15.5086307068,3.76279779464
2012-11-03 11:38:09,37,1,18.9014135811,3.39278287426
2012-11-03 11:38:10,38,1,21.7197172001,2.81830361905
2012-11-03 11:38:11,39,1,24.0049106019,2.28519340179
2012-11-03 11:38:12,40,1,25.8558033616,1.85089275967
2012-11-03 11:38:13,41,1,27.2994788705,1.44367550893
2012-11-03 11:38:14,42,1,28.3100442969,1.01056542634
2012-11-03 11:38:15,43,1,28.8784222731,0.568377976191
2012-11-03 11:38:16,44,1,29.0356395848,0.157217311756
2012-11-03 11:38:17,45,1,28.8697914568,-0.165848127976
2012-11-03 11:38:18,46,1,28.5352677433,-0.334523713542
2012-11-03 11:38:19,47,1,28.1864582634,-0.348809479911
2012-11-03 11:38:20,48,1,27.9061754747,-0.28028278869
2012-11-03 11:38:21,49,1,27.7271575238,-0.179017950893
2012-11-03 11:38:22,50,1,27.6885414062,-0.0386161175595
2012-11-03 11:38:23,51,1,27.8316218043,0.143080398065
2012-11-03 11:38:24,52,1,28.1333332165,0.301711412202
2012-11-03 11:38:25,53,1,28.4615327135,0.328199497024
2012-11-03 11:38:26,54,1,28.6368303318,0.175297618303
2012-11-03 11:38:27,55,1,28.5653272351,-0.0715030967262
2012-11-03 11:38:28,56,1,28.3075889539,-0.25773828125
2012-11-03 11:38:29,57,1,28.0112346131,-0.296354340774
2012-11-03 11:38:30,58,1,27.7781243676,-0.233110245536
2012-11-03 11:38:31,59,1,27.6008177307,-0.177306636905
2012-11-03 11:38:32,60,1,27.4107134881,-0.19010424256
2012-11-03 11:38:33,61,1,27.1522312872,-0.258482200893
2012-11-03 11:38:34,62,1,26.7737342656,-0.378497021577
2012-11-03 11:38:35,63,1,26.093302811,-0.680431454613
2012-11-03 11:38:36,64,1,24.688838689,-1.40446412202
2012-11-03 11:38:37,65,1,22.0969489948,-2.5918896942
2012-11-03 11:38:38,66,1,18.2862348817,-3.8107141131
2012-11-03 11:38:39,67,1,13.9406248936,-4.3456099881
2012-11-03 11:38:40,68,1,10.2252975625,-3.7153273311
2012-11-03 11:38:41,69,1,8.18526774256,-2.04002981994
2012-11-03 11:38:42,70,1,8.22566939286,0.0404016502976
2012-11-03 11:38:43,71,1,10.0812496146,1.85558022173
2012-11-03 11:38:44,72,1,13.2016364613,3.12038684673
2012-11-03 11:38:45,73,1,17.0536454427,3.8520089814
2012-11-03 11:38:46,74,1,21.1462051109,4.09255966815
2012-11-03 11:38:47,75,1,25.0378719546,3.89166684375
2012-11-03 11:38:48,76,1,28.4529762195,3.41510426488
2012-11-03 11:38:49,77,1,31.3710564918,2.91808027232
2012-11-03 11:38:50,78,1,33.9566961436,2.58563965179
2012-11-03 11:38:51,79,1,36.3201631786,2.36346703497
2012-11-03 11:38:52,80,1,38.3329606659,2.01279748735
2012-11-03 11:38:53,81,1,39.7485112269,1.41555056101
2012-11-03 11:38:54,82,1,40.4900290997,0.741517872768
2012-11-03 11:38:55,83,1,40.7726183876,0.282589287946
2012-11-03 11:38:56,84,1,40.9708326257,0.198214238095
2012-11-03 11:38:57,85,1,41.3677075164,0.396874890625
2012-11-03 11:38:58,86,1,41.9864573549,0.618749838542
2012-11-03 11:38:59,87,1,42.6412191205,0.654761765625
2012-11-03 11:39:00,88,1,43.1127221012,0.471502980655
2012-11-03 11:39:01,89,1,43.2616806436,0.148958542411
2012-11-03 11:39:02,90,1,43.0778268095,-0.183853834077
2012-11-03 11:39:03,91,1,42.7102675714,-0.367559238095
2012-11-03 11:39:04,92,1,42.3749254457,-0.335342125744
2012-11-03 11:39:05,93,1,42.1534969107,-0.22142853497
2012-11-03 11:39:06,94,1,41.9391368519,-0.21436005878
2012-11-03 11:39:07,95,1,41.610416756,-0.328720095982
2012-11-03 11:39:08,96,1,41.2139139457,-0.396502810268
2012-11-03 11:39:09,97,1,40.9819199896,-0.231993956101
2012-11-03 11:39:10,98,1,41.1622771272,0.180357137649
2012-11-03 11:39:11,99,1,41.7742562768,0.611979149554
2012-11-03 11:39:12,100,1,42.5697920454,0.795535768601
2012-11-03 11:39:13,101,1,43.2667415469,0.696949501488
2012-11-03 11:39:14,102,1,43.7430064688,0.476264921875
2012-11-03 11:39:15,103,1,44.0196432991,0.276636830357
2012-11-03 11:39:16,104,1,44.1514139583,0.131770659226
2012-11-03 11:39:17,105,1,44.1307292076,-0.020684750744
2012-11-03 11:39:18,106,1,43.8849700253,-0.245759182292
2012-11-03 11:39:19,107,1,43.3877971689,-0.497172856399
2012-11-03 11:39:20,108,1,42.7511154993,-0.636681669643
2012-11-03 11:39:21,109,1,42.1934518631,-0.557663636161
2012-11-03 11:39:22,110,1,41.9266365543,-0.26681530878
2012-11-03 11:39:23,111,1,42.0546128981,0.12797634375
2012-11-03 11:39:24,112,1,42.5424849918,0.48787209375
2012-11-03 11:39:25,113,1,43.2616814516,0.719196459821
2012-11-03 11:39:26,114,1,44.0781994033,0.816517951637
2012-11-03 11:39:27,115,1,44.9120537775,0.833854374256
2012-11-03 11:39:28,116,1,45.7250004554,0.812946677827
2012-11-03 11:39:29,117,1,46.4705362954,0.74553584003
2012-11-03 11:39:30,118,1,47.0563248549,0.585788559524
2012-11-03 11:39:31,119,1,47.3685268802,0.312202025298
2012-11-03 11:39:32,120,1,47.3617556734,-0.0067712068452
2012-11-03 11:39:33,121,1,47.1078864501,-0.253869223214
2012-11-03 11:39:34,122,1,46.7199400804,-0.387946369792
2012-11-03 11:39:35,123,1,46.219121785,-0.500818295387
2012-11-03 11:39:36,124,1,45.4580355618,-0.761086223214
2012-11-03 11:39:37,125,1,44.1421872708,-1.31584829092
2012-11-03 11:39:38,126,1,41.9443448162,-2.19784245461
2012-11-03 11:39:39,127,1,38.6685261942,-3.27581862202
2012-11-03 11:39:40,128,1,34.376785064,-4.29174113021
2012-11-03 11:39:41,129,1,29.4141362991,-4.96264876488
2012-11-03 11:39:42,130,1,24.3142108103,-5.09992548884
2012-11-03 11:39:43,131,1,19.6144341443,-4.69977666592
2012-11-03 11:39:44,132,1,15.6898062664,-3.92462787798
2012-11-03 11:39:45,133,1,12.7183777723,-2.97142849405
2012-11-03 11:39:46,134,1,10.7571427046,-1.96123506771
2012-11-03 11:39:47,135,1,9.80133912798,-0.955803576637
2012-11-03 11:39:48,136,1,9.78221705208,-0.0191220758929
2012-11-03 11:39:49,137,1,10.5831842731,0.800967220982
2012-11-03 11:39:50,138,1,12.0959074844,1.51272321131
2012-11-03 11:39:51,139,1,14.2390622582,2.14315477381
2012-11-03 11:39:52,140,1,16.8978420164,2.65877975818
2012-11-03 11:39:53,141,1,19.817112808,2.91927079167
2012-11-03 11:39:54,142,1,22.5461305856,2.72901777753
2012-11-03 11:39:55,143,1,24.5357138289,1.9895832433
2012-11-03 11:39:56,144,1,25.355579814,0.819865985119
2012-11-03 11:39:57,145,1,24.8740321034,-0.481547710566
2012-11-03 11:39:58,146,1,23.2745528504,-1.59947925298
2012-11-03 11:39:59,147,1,20.9057283996,-2.36882445089
2012-11-03 11:40:00,148,1,18.0723578958,-2.83337050372
2012-11-03 11:40:01,149,1,14.9377970223,-3.13456087351
2012-11-03 11:40:02,150,1,11.6028270074,-3.33497001488
2012-11-03 11:40:03,151,1,8.22685996429,-3.37596704315
2012-11-03 11:40:04,152,1,5.0866071183,-3.14025284598
2012-11-03 11:40:05,153,1,2.6276041808,-2.4590029375
2012-11-03 11:40:06,154,1,0.0,-2.6276041808
2012-11-03 11:41:17,225,71,0.0,0.0
2012-11-03 11:41:18,226,1,4.58441217783,4.58441217783
2012-11-03 11:41:19,227,1,7.73005936756,3.14564718973
2012-11-03 11:41:20,228,1,10.4174847388,2.68742537128
2012-11-03 11:41:21,229,1,12.0898803512,1.67239561235
2012-11-03 11:41:22,230,1,13.1453118006,1.0554314494
2012-11-03 11:41:23,231,1,14.5253713802,1.38005957961
2012-11-03 11:41:24,232,1,16.9540173534,2.42864597321
2012-11-03 11:41:25,233,1,20.4889133266,3.53489597321
2012-11-03 11:41:26,234,1,24.6135413891,4.1246280625
2012-11-03 11:41:27,235,1,28.5897318631,3.97619047396
2012-11-03 11:41:28,236,1,31.819419276,3.22968741295
2012-11-03 11:41:29,237,1,34.0615322619,2.24211298586
2012-11-03 11:41:30,238,1,35.4418149583,1.38028269643
2012-11-03 11:41:31,239,1,36.3244787396,0.88266378125
2012-11-03 11:41:32,240,1,37.1063241659,0.781845426339
2012-11-03 11:41:33,241,1,38.0210564368,0.914732270833
2012-11-03 11:41:34,242,1,39.0883926942,1.06733625744
2012-11-03 11:41:35,243,1,40.2188241019,1.13043140774
2012-11-03 11:41:36,244,1,41.3297615774,1.11093747545
2012-11-03 11:41:37,245,1,42.3610117552,1.03125017783
2012-11-03 11:41:38,246,1,43.2502233787,0.889211623512
2012-11-03 11:41:39,247,1,43.9544647775,0.70424139881
2012-11-03 11:41:40,248,1,44.4799114196,0.525446642113
2012-11-03 11:41:41,249,1,44.8710572574,0.391145837798
2012-11-03 11:41:42,250,1,45.1817713333,0.310714075893
2012-11-03 11:41:43,251,1,45.4660715878,0.284300254464
2012-11-03 11:41:44,252,1,45.7833331421,0.317261554316
2012-11-03 11:41:45,253,1,46.1759668534,0.39263371131
2012-11-03 11:41:46,254,1,46.6334817418,0.457514888393
2012-11-03 11:41:47,255,1,47.1048360491,0.471354307292
2012-11-03 11:41:48,256,1,47.5495534033,0.444717354167
2012-11-03 11:41:49,257,1,47.9543897269,0.404836323661
2012-11-03 11:41:50,258,1,48.2959820112,0.341592284226
2012-11-03 11:41:51,259,1,48.5168153914,0.220833380208
2012-11-03 11:41:52,260,1,48.5639880536,0.0471726622023
2012-11-03 11:41:53,261,1,48.4387648787,-0.125223174851
2012-11-03 11:41:54,262,1,48.1886161138,-0.250148764881
2012-11-03 11:41:55,263,1,47.8595239315,-0.329092182292
2012-11-03 11:41:56,264,1,47.4548365454,-0.404687386161
2012-11-03 11:41:57,265,1,46.9000002716,-0.554836273809
2012-11-03 11:41:58,266,1,46.0152531168,-0.884747154762
2012-11-03 11:41:59,267,1,44.5394344464,-1.47581867039
2012-11-03 11:42:00,268,1,42.2200146213,-2.31941982515
2012-11-03 11:42:01,269,1,38.9155502158,-3.30446440551
2012-11-03 11:42:02,270,1,34.6537941763,-4.26175603943
2012-11-03 11:42:03,271,1,29.6401780201,-5.01361615625
2012-11-03 11:42:04,272,1,24.2299844799,-5.41019354018
2012-11-03 11:42:05,273,1,18.8561005052,-5.3738839747
2012-11-03 11:42:06,274,1,13.9041660253,-4.95193447991
2012-11-03 11:42:07,275,1,9.58891317932,-4.31525284598
2012-11-03 11:42:08,276,1,5.96800561979,-3.62090755952
2012-11-03 11:42:09,277,1,3.15472453534,-2.81328108445
2012-11-03 11:42:10,278,1,0.0,-3.15472453534
2012-11-03 11:42:34,302,24,0.0,0.0
2012-11-03 11:42:35,303,1,3.41458305357,3.41458305357
2012-11-03 11:42:36,304,1,7.08705323512,3.67247018155
2012-11-03 11:42:37,305,1,11.9945681384,4.90751490327
2012-11-03 11:42:38,306,1,17.4248508958,5.43028275744
2012-11-03 11:42:39,307,1,22.7094490729,5.28459817708
2012-11-03 11:42:40,308,1,27.4448284609,4.73537938802
2012-11-03 11:42:41,309,1,31.5494786696,4.10465020871
2012-11-03 11:42:42,310,1,35.0788684435,3.52938977381
2012-11-03 11:42:43,311,1,38.0333326086,2.95446416518
2012-11-03 11:42:44,312,1,40.3572909063,2.32395829762
2012-11-03 11:42:45,313,1,42.0501482366,1.69285733036
2012-11-03 11:42:46,314,1,43.249479,1.19933076339
2012-11-03 11:42:47,315,1,44.2002978981,0.950818898065
2012-11-03 11:42:48,316,1,45.0964291257,0.896131227679
2012-11-03 11:42:49,317,1,45.9392862641,0.842857138393
2012-11-03 11:42:50,318,1,46.6009675774,0.661681313244
2012-11-03 11:42:51,319,1,47.0124255938,0.411458016369
2012-11-03 11:42:52,320,1,47.2392854412,0.22685984747
2012-11-03 11:42:53,321,1,47.4156989903,0.176413549107
2012-11-03 11:42:54,322,1,47.6363091339,0.220610143601
2012-11-03 11:42:55,323,1,47.8990324881,0.262723354167
2012-11-03 11:42:56,324,1,48.1674106012,0.268378113095
2012-11-03 11:42:57,325,1,48.4348957329,0.267485131696
2012-11-03 11:42:58,326,1,48.6804313021,0.245535569196
2012-11-03 11:42:59,327,1,48.8473209866,0.166889684524
2012-11-03 11:43:00,328,1,48.9008923304,0.0535713437501
2012-11-03 11:43:01,329,1,48.8508180461,-0.0500742842262
2012-11-03 11:43:02,330,1,48.7261159464,-0.124702099702
2012-11-03 11:43:03,331,1,48.5496281257,-0.176487820684
2012-11-03 11:43:04,332,1,48.3165925357,-0.23303559003
2012-11-03 11:43:05,333,1,48.0037948906,-0.312797645089
2012-11-03 11:43:06,334,1,47.6055060893,-0.398288801339
2012-11-03 11:43:07,335,1,47.1306547247,-0.474851364583
2012-11-03 11:43:08,336,1,46.5453122418,-0.585342482887
2012-11-03 11:43:09,337,1,45.7244787269,-0.820833514881
2012-11-03 11:43:10,338,1,44.4768596384,-1.24761908854
2012-11-03 11:43:11,339,1,42.6464281845,-1.83043145387
2012-11-03 11:43:12,340,1,40.2230652054,-2.42336297917
2012-11-03 11:43:13,341,1,37.3646574978,-2.85840770759
2012-11-03 11:43:14,342,1,34.2962794382,-3.06837805952
2012-11-03 11:43:15,343,1,31.1689727567,-3.12730668155
2012-11-03 11:43:16,344,1,27.9964280201,-3.17254473661
2012-11-03 11:43:17,345,1,24.6910708408,-3.30535717932
2012-11-03 11:43:18,346,1,21.1264130893,-3.56465775149
2012-11-03 11:43:19,347,1,17.1908476235,-3.93556546577
2012-11-03 11:43:20,348,1,12.8818446964,-4.30900292708
2012-11-03 11:43:21,349,1,8.46227633259,-4.41956836384
2012-11-03 11:43:22,350,1,4.60773777455,-3.85453855804
2012-11-03 11:43:23,351,1,0.0,-4.60773777455
2012-11-03 11:43:48,376,25,0.0,0.0
2012-11-03 11:43:49,377,1,5.4918896756,5.4918896756
2012-11-03 11:43:50,378,1,10.1187496116,4.62685993601
2012-11-03 11:43:51,379,1,15.2104161124,5.09166650074
2012-11-03 11:43:52,380,1,19.7894339226,4.57901781027
2012-11-03 11:43:53,381,1,23.539582814,3.75014889137
2012-11-03 11:43:54,382,1,26.675297244,3.13571443006
2012-11-03 11:43:55,383,1,29.539434285,2.86413704092
2012-11-03 11:43:56,384,1,32.2793153147,2.73988102976
2012-11-03 11:43:57,385,1,34.7846724628,2.50535714807
2012-11-03 11:43:58,386,1,36.8648063705,2.08013390774
2012-11-03 11:43:59,387,1,38.471800433,1.6069940625
2012-11-03 11:44:00,388,1,39.740624907,1.26882447396
2012-11-03 11:44:01,389,1,40.8569196436,1.11629473661
2012-11-03 11:44:02,390,1,41.9228423333,1.06592268973
2012-11-03 11:44:03,391,1,42.9209078229,0.998065489583
2012-11-03 11:44:04,392,1,43.7820684732,0.861160650298
2012-11-03 11:44:05,393,1,44.477008817,0.69494034375
2012-11-03 11:44:06,394,1,45.0381693757,0.56116055878
2012-11-03 11:44:07,395,1,45.5174102939,0.479240918155
2012-11-03 11:44:08,396,1,45.9446423185,0.427232024554
2012-11-03 11:44:09,397,1,46.3369786429,0.392336324405
2012-11-03 11:44:10,398,1,46.7360115692,0.399032926339
2012-11-03 11:44:11,399,1,47.192708253,0.45669668378
2012-11-03 11:44:12,400,1,47.6930060439,0.500297790923
2012-11-03 11:44:13,401,1,48.120907811,0.427901767113
2012-11-03 11:44:14,402,1,48.322321276,0.20141346503
2012-11-03 11:44:15,403,1,48.2129459598,-0.10937531622
2012-11-03 11:44:16,404,1,47.8335558497,-0.379390110119
2012-11-03 11:44:17,405,1,47.3238831979,-0.509672651786
2012-11-03 11:44:18,406,1,46.8296869055,-0.494196292411
2012-11-03 11:44:19,407,1,46.3962049122,-0.433481993304
2012-11-03 11:44:20,408,1,45.959002529,-0.437202383184
2012-11-03 11:44:21,409,1,45.4367553564,-0.522247172619
2012-11-03 11:44:22,410,1,44.7946421607,-0.642113195685
2012-11-03 11:44:23,411,1,44.0357137135,-0.758928447173
2012-11-03 11:44:24,412,1,43.1619789129,-0.873734800595
2012-11-03 11:44:25,413,1,42.1229167344,-1.03906217857
2012-11-03 11:44:26,414,1,40.8127978534,-1.31011888095
2012-11-03 11:44:27,415,1,39.1475448765,-1.66525297693
2012-11-03 11:44:28,416,1,37.1256697909,-2.02187508557
2012-11-03 11:44:29,417,1,34.8211309963,-2.30453879464
2012-11-03 11:44:30,418,1,32.347767782,-2.47336321429
2012-11-03 11:44:31,419,1,29.7982884792,-2.54947930283
2012-11-03 11:44:32,420,1,27.1835562061,-2.61473227307
2012-11-03 11:44:33,421,1,24.4549102515,-2.72864595461
2012-11-03 11:44:34,422,1,21.5848952641,-2.87001498735
2012-11-03 11:44:35,423,1,18.5778267783,-3.00706848586
2012-11-03 11:44:36,424,1,15.3923357939,-3.18549098437
2012-11-03 11:44:37,425,1,11.9258925246,-3.46644326935
2012-11-03 11:44:38,426,1,8.1990326064,-3.72685991815
2012-11-03 11:44:39,427,1,4.67574404018,-3.52328856622
2012-11-03 11:44:40,428,1,0.0,-4.67574404018
2012-11-03 11:45:11,459,31,0.0,0.0
2012-11-03 11:45:12,460,1,4.39746991518,4.39746991518
2012-11-03 11:45:13,461,1,8.3867554933,3.98928557812
2012-11-03 11:45:14,462,1,13.1828119844,4.79605649107
2012-11-03 11:45:15,463,1,17.9773804702,4.79456848586
2012-11-03 11:45:16,464,1,22.3333329896,4.35595251935
2012-11-03 11:45:17,465,1,26.1762647693,3.84293177976
2012-11-03 11:45:18,466,1,29.61011916,3.43385439063
2012-11-03 11:45:19,467,1,32.744419811,3.13430065104
2012-11-03 11:45:20,468,1,35.6261904576,2.88177064658
2012-11-03 11:45:21,469,1,38.2204609635,2.59427050595
2012-11-03 11:45:22,470,1,40.452157128,2.23169616443
2012-11-03 11:45:23,471,1,42.2923356503,1.84017852232
2012-11-03 11:45:24,472,1,43.7909965164,1.49866086607
2012-11-03 11:45:25,473,1,45.0347466972,1.2437501808
2012-11-03 11:45:26,474,1,46.0879461451,1.05319944792
2012-11-03 11:45:27,475,1,46.9825889159,0.894642770833
2012-11-03 11:45:28,476,1,47.7585561213,0.775967205357
2012-11-03 11:45:29,477,1,48.4791663259,0.720610204613
2012-11-03 11:45:30,478,1,49.1868301674,0.707663841518
2012-11-03 11:45:31,479,1,49.8566962775,0.669866110119
2012-11-03 11:45:32,480,1,50.4200145885,0.563318311012
2012-11-03 11:45:33,481,1,50.8459816644,0.425967075893
2012-11-03 11:45:34,482,1,51.185713785,0.339732120536
2012-11-03 11:45:35,483,1,51.527083035,0.34136925
2012-11-03 11:45:36,484,1,51.9140625,0.38697946503
2012-11-03 11:45:37,485,1,52.3001490461,0.386086546131
2012-11-03 11:45:38,486,1,52.5688247411,0.268675694941
2012-11-03 11:45:39,487,1,52.6097473073,0.0409225662203
2012-11-03 11:45:40,488,1,52.3883185327,-0.221428774554
2012-11-03 11:45:41,489,1,51.960639628,-0.427678904762
2012-11-03 11:45:42,490,1,51.4393594769,-0.521280151042
2012-11-03 11:45:43,491,1,50.9160704821,-0.523288994792
2012-11-03 11:45:44,492,1,50.3695673981,-0.546503084077
2012-11-03 11:45:45,493,1,49.6440466362,-0.725520761905
2012-11-03 11:45:46,494,1,48.5203860923,-1.1236605439
2012-11-03 11:45:47,495,1,46.8159964338,-1.70438965848
2012-11-03 11:45:48,496,1,44.460341907,-2.35565452679
2012-11-03 11:45:49,497,1,41.5070682954,-2.95327361161
2012-11-03 11:45:50,498,1,38.0823660298,-3.42470226563
2012-11-03 11:45:51,499,1,34.3433035141,-3.73906251563
2012-11-03 11:45:52,500,1,30.46793134,-3.87537217411
2012-11-03 11:45:53,501,1,26.6173358958,-3.8505954442
2012-11-03 11:45:54,502,1,22.8758922865,-3.74144360938
2012-11-03 11:45:55,503,1,19.2401035588,-3.63578872768
2012-11-03 11:45:56,504,1,15.6735485964,-3.56655496243
2012-11-03 11:45:57,505,1,12.1930242223,-3.48052437407
2012-11-03 11:45:58,506,1,8.94133166257,-3.25169255971
2012-11-03 11:45:59,507,1,6.18755562593,-2.75377603664
2012-11-03 11:46:00,508,1,4.21045355022,-1.97710207571
2012-11-03 11:46:01,509,1,3.13212377176,-1.07832977846
2012-11-03 11:46:02,510,1,2.89482831585,-0.237295455915
2012-11-03 11:46:03,511,1,3.45171079688,0.556882481027
2012-11-03 11:46:04,512,1,4.92592963058,1.47421883371
2012-11-03 11:46:05,513,1,7.50105991499,2.57513028441
2012-11-03 11:46:06,514,1,11.1553940554,3.65433414044
2012-11-03 11:46:07,515,1,15.5099885854,4.35459452995
2012-11-03 11:46:08,516,1,19.9590398932,4.44905130785
2012-11-03 11:46:09,517,1,24.0222280471,4.06318815383
2012-11-03 11:46:10,518,1,27.584783798,3.56255575093
2012-11-03 11:46:11,519,1,30.801710942,3.21692714397
2012-11-03 11:46:12,520,1,33.8601931838,3.05848224182
2012-11-03 11:46:13,521,1,36.8459074263,2.98571424256
2012-11-03 11:46:14,522,1,39.7209071592,2.87499973289
2012-11-03 11:46:15,523,1,42.365400875,2.64449371577
2012-11-03 11:46:16,524,1,44.6595971823,2.29419630729
2012-11-03 11:46:17,525,1,46.5441211719,1.88452398958
2012-11-03 11:46:18,526,1,48.0276035908,1.4834824189
2012-11-03 11:46:19,527,1,49.1651781004,1.13757450967
2012-11-03 11:46:20,528,1,50.0202375164,0.855059415923
2012-11-03 11:46:21,529,1,50.6317701153,0.611532598958
2012-11-03 11:46:22,530,1,51.0253713058,0.393601190476
2012-11-03 11:46:23,531,1,51.2439726205,0.218601314732
2012-11-03 11:46:24,532,1,51.3488834286,0.104910808036
2012-11-03 11:46:25,533,1,51.3992554449,0.0503720163691
2012-11-03 11:46:26,534,1,51.4328864204,0.0336309754464
2012-11-03 11:46:27,535,1,51.4566217292,0.0237353087798
2012-11-03 11:46:28,536,1,51.4633928557,0.0067711264881
2012-11-03 11:46:29,537,1,51.4652532039,0.00186034821419
2012-11-03 11:46:30,538,1,51.500223535,0.0349703311012
2012-11-03 11:46:31,539,1,51.6042414144,0.104017879464
2012-11-03 11:46:32,540,1,51.7759676243,0.171726209822
2012-11-03 11:46:33,541,1,51.9627979464,0.186830322173
2012-11-03 11:46:34,542,1,52.0828126376,0.12001469122
2012-11-03 11:46:35,543,1,52.0659224077,-0.0168902299107
2012-11-03 11:46:36,544,1,51.880505375,-0.185417032738
2012-11-03 11:46:37,545,1,51.5267105565,-0.353794818452
2012-11-03 11:46:38,546,1,50.9987344702,-0.52797608631
2012-11-03 11:46:39,547,1,50.2427079442,-0.756026526042
2012-11-03 11:46:40,548,1,49.1381694591,-1.10453848512
2012-11-03 11:46:41,549,1,47.5235861711,-1.61458328795
2012-11-03 11:46:42,550,1,45.2916664613,-2.23191970982
2012-11-03 11:46:43,551,1,42.5021574539,-2.78950900744
2012-11-03 11:46:44,552,1,39.3514133601,-3.15074409375
2012-11-03 11:46:45,553,1,35.9677823653,-3.38363099479
2012-11-03 11:46:46,554,1,32.2963537135,-3.67142865179
2012-11-03 11:46:47,555,1,28.2819190915,-4.01443462202
2012-11-03 11:46:48,556,1,24.1406987887,-4.14122030283
2012-11-03 11:46:49,557,1,20.4034219531,-3.73727683557
2012-11-03 11:46:50,558,1,17.7007432857,-2.70267866741
2012-11-03 11:46:51,559,1,16.4613830417,-1.23936024405
2012-11-03 11:46:52,560,1,16.7562490603,0.294866018601
2012-11-03 11:46:53,561,1,18.3834812909,1.62723223065
2012-11-03 11:46:54,562,1,20.9680052857,2.58452399479
2012-11-03 11:46:55,563,1,23.947469747,2.97946446131
2012-11-03 11:46:56,564,1,26.6718001905,2.72433044345
2012-11-03 11:46:57,565,1,28.6462793534,1.97447916295
2012-11-03 11:46:58,566,1,29.6115323155,0.965252962054
2012-11-03 11:46:59,567,1,29.422246651,-0.189285664435
2012-11-03 11:47:00,568,1,28.0079610253,-1.41428562574
2012-11-03 11:47:01,569,1,25.4780503542,-2.52991067113
2012-11-03 11:47:02,570,1,22.1866068586,-3.29144349554
2012-11-03 11:47:03,571,1,18.6914430796,-3.49516377902
2012-11-03 11:47:04,572,1,15.6374251711,-3.05401790848
2012-11-03 11:47:05,573,1,13.5930055357,-2.04441963542
2012-11-03 11:47:06,574,1,12.9367555365,-0.656249999256
2012-11-03 11:47:07,575,1,13.7994787083,0.862723171875
2012-11-03 11:47:08,576,1,15.9642852135,2.16480650521
2012-11-03 11:47:09,577,1,18.8193447314,2.85505951786
2012-11-03 11:47:10,578,1,21.5417405781,2.72239584673
2012-11-03 11:47:11,579,1,23.4386899754,1.89694939732
2012-11-03 11:47:12,580,1,24.1876482597,0.748958284226
2012-11-03 11:47:13,581,1,23.8429309509,-0.34471730878
2012-11-03 11:47:14,582,1,22.7185262269,-1.12440472396
2012-11-03 11:47:15,583,1,21.2607882708,-1.4577379561
2012-11-03 11:47:16,584,1,19.8972467783,-1.36354149256
2012-11-03 11:47:17,585,1,18.9124998906,-0.984746887649
2012-11-03 11:47:18,586,1,18.3937499368,-0.518749953869
2012-11-03 11:47:19,587,1,18.1619790476,-0.231770889137
2012-11-03 11:47:20,588,1,17.7618301443,-0.400148903274
2012-11-03 11:47:21,589,1,16.673511651,-1.0883184933
2012-11-03 11:47:22,590,1,14.6287200216,-2.04479162946
2012-11-03 11:47:23,591,1,11.8267111488,-2.80200887277
2012-11-03 11:47:24,592,1,8.97552067262,-2.85119047619
2012-11-03 11:47:25,593,1,7.02738073735,-1.94813993527
2012-11-03 11:47:26,594,1,6.6169640372,-0.410416700149
2012-11-03 11:47:27,595,1,7.61912180878,1.00215777158
2012-11-03 11:47:28,596,1,9.22343733929,1.60431553051
2012-11-03 11:47:29,597,1,10.4531248393,1.2296875
2012-11-03 11:47:30,598,1,10.710937285,0.257812445685
2012-11-03 11:47:31,599,1,9.98869022768,-0.722247057292
2012-11-03 11:47:32,600,1,8.71356625322,-1.27512397445
2012-11-03 11:47:33,601,1,7.40979646627,-1.30376978695
2012-11-03 11:47:34,602,1,6.38065460119,-1.02914186508
2012-11-03 11:47:35,603,1,5.62485097396,-0.755803627232
2012-11-03 11:47:36,604,1,4.9720235558,-0.652827418155
2012-11-03 11:47:37,605,1,4.26569919345,-0.706324362351
2012-11-03 11:47:38,606,1,3.56006933209,-0.705629861359
2012-11-03 11:47:39,607,1,3.160019781,-0.400049551091
2012-11-03 11:47:40,608,1,3.31480639583,0.154786614831
2012-11-03 11:47:41,609,1,3.86475656944,0.549950173611
2012-11-03 11:47:42,610,1,4.23571368452,0.370957115079
2012-11-03 11:47:43,611,1,3.83496956622,-0.400744118304
2012-11-03 11:47:44,612,1,2.67316415724,-1.16180540898
2012-11-03 11:47:45,613,1,0.0,-2.67316415724
2012-11-03 11:53:08,936,323,0.0,0.0
2012-11-03 11:53:09,937,1,3.81051589757,3.81051589757
2012-11-03 11:53:10,938,1,6.49791669345,2.68740079588
2012-11-03 11:53:11,939,1,8.8015624747,2.30364578125
2012-11-03 11:53:12,940,1,9.88854155134,1.08697907664
2012-11-03 11:53:13,941,1,9.5454610997,-0.343080451637
2012-11-03 11:53:14,942,1,8.15156220685,-1.39389889286
2012-11-03 11:53:15,943,1,6.51550061186,-1.63606159499
2012-11-03 11:53:16,944,1,5.57184973413,-0.943650877728
2012-11-03 11:53:17,945,1,5.98363043824,0.411780704117
2012-11-03 11:53:18,946,1,7.7856393683,1.80200893006
2012-11-03 11:53:19,947,1,10.2991066853,2.51346731696
2012-11-03 11:53:20,948,1,12.459449029,2.16034234375
2012-11-03 11:53:21,949,1,13.3796871711,0.920238142113
2012-11-03 11:53:22,950,1,12.8214282381,-0.558258933036
2012-11-03 11:53:23,951,1,11.3376484784,-1.48377975967
2012-11-03 11:53:24,952,1,9.99590744643,-1.34174103199
2012-11-03 11:53:25,953,1,9.82291641443,-0.172991031994
2012-11-03 11:53:26,954,1,11.3018598772,1.4789434628
2012-11-03 11:53:27,955,1,14.1928568943,2.89099701711
2012-11-03 11:53:28,956,1,17.7129461771,3.52008928274
2012-11-03 11:53:29,957,1,20.9005205915,3.18757441443
2012-11-03 11:53:30,958,1,22.9471723832,2.04665179167
2012-11-03 11:53:31,959,1,23.3863092426,0.439136859375
2012-11-03 11:53:32,960,1,22.1421126815,-1.24419656101
2012-11-03 11:53:33,961,1,19.4861229163,-2.65598976525
2012-11-03 11:53:34,962,1,15.9380387055,-3.54808421075
2012-11-03 11:53:35,963,1,12.1376852779,-3.80035342764
2012-11-03 11:53:36,964,1,8.70608198568,-3.43160329222
2012-11-03 11:53:37,965,1,6.09981357403,-2.60626841164
2012-11-03 11:53:38,966,1,4.48725788969,-1.61255568434
2012-11-03 11:53:39,967,1,3.76313211049,-0.724125779204
2012-11-03 11:53:40,968,1,3.79955310714,0.0364209966518
2012-11-03 11:53:41,969,1,4.71871224814,0.919159140997
2012-11-03 11:53:42,970,1,6.81891691983,2.10020467169
2012-11-03 11:53:43,971,1,10.1812124706,3.36229555078
2012-11-03 11:53:44,972,1,14.3596166334,4.17840416276
2012-11-03 11:53:45,973,1,18.4931918188,4.13357518545
2012-11-03 11:53:46,974,1,21.781752034,3.28856021522
2012-11-03 11:53:47,975,1,23.84542383,2.06367179594
2012-11-03 11:53:48,976,1,24.6730651071,0.827641277158
2012-11-03 11:53:49,977,1,24.4119786644,-0.261086442708
2012-11-03 11:53:50,978,1,23.2604903936,-1.15148827083
2012-11-03 11:53:51,979,1,21.443674779,-1.81681561458
2012-11-03 11:53:52,980,1,19.1901033557,-2.25357142336
2012-11-03 11:53:53,981,1,16.6514130171,-2.53869033854
2012-11-03 11:53:54,982,1,13.8267107731,-2.82470224405
2012-11-03 11:53:55,983,1,10.6461304725,-3.1805803006
2012-11-03 11:53:56,984,1,7.21242515253,-3.43370531994
2012-11-03 11:53:57,985,1,4.05111572619,-3.16130942634
2012-11-03 11:53:58,986,1,0.0,-4.05111572619
2012-11-03 11:54:14,1002,16,0.0,0.0
2012-11-03 11:54:15,1003,1,4.6364579814,4.6364579814
2012-11-03 11:54:16,1004,1,8.04196383854,3.40550585714
2012-11-03 11:54:17,1005,1,11.1619787225,3.12001488393
2012-11-03 11:54:18,1006,1,13.1362347076,1.97425598512
2012-11-03 11:54:19,1007,1,13.9341513318,0.797916624256
2012-11-03 11:54:20,1008,1,14.148957779,0.214806447173
2012-11-03 11:54:21,1009,1,14.5523803594,0.403422580357
2012-11-03 11:54:22,1010,1,15.7148804412,1.16250008185
2012-11-03 11:54:23,1011,1,17.8506692723,2.1357888311
2012-11-03 11:54:24,1012,1,20.8380949635,2.98742569122
2012-11-03 11:54:25,1013,1,24.3177824516,3.4796874881
2012-11-03 11:54:26,1014,1,27.8491067671,3.53132431548
2012-11-03 11:54:27,1015,1,31.0967257552,3.2476189881
2012-11-03 11:54:28,1016,1,33.9335561585,2.83683040327
2012-11-03 11:54:29,1017,1,36.3994789189,2.46592276042
2012-11-03 11:54:30,1018,1,38.5938243304,2.19434541146
2012-11-03 11:54:31,1019,1,40.5949405074,2.00111617708
2012-11-03 11:54:32,1020,1,42.4353422433,1.84040173586
2012-11-03 11:54:33,1021,1,44.1206843147,1.68534207143
2012-11-03 11:54:34,1022,1,45.653645407,1.53296109226
2012-11-03 11:54:35,1023,1,47.0250738668,1.37142845982
2012-11-03 11:54:36,1024,1,48.1927078601,1.1676339933
2012-11-03 11:54:37,1025,1,49.1135413862,0.920833526042
2012-11-03 11:54:38,1026,1,49.8193451391,0.705803752976
2012-11-03 11:54:39,1027,1,50.4276784918,0.608333352679
2012-11-03 11:54:40,1028,1,51.0572169539,0.629538462054
2012-11-03 11:54:41,1029,1,51.7367552381,0.679538284226
2012-11-03 11:54:42,1030,1,52.390995939,0.654240700893
2012-11-03 11:54:43,1031,1,52.9180047329,0.527008793899
2012-11-03 11:54:44,1032,1,53.2772310774,0.359226344494
2012-11-03 11:54:45,1033,1,53.4910706741,0.213839596726
2012-11-03 11:54:46,1034,1,53.599255433,0.108184758929
2012-11-03 11:54:47,1035,1,53.6472465476,0.0479911145833
2012-11-03 11:54:48,1036,1,53.6861601793,0.0389136316965
2012-11-03 11:54:49,1037,1,53.7483625126,0.0622023333333
2012-11-03 11:54:50,1038,1,53.8197166615,0.0713541488095
2012-11-03 11:54:51,1039,1,53.8431541815,0.0234375200893
2012-11-03 11:54:52,1040,1,53.7738834234,-0.0692707581845
2012-11-03 11:54:53,1041,1,53.6419638787,-0.131919544643
2012-11-03 11:54:54,1042,1,53.5391365536,-0.102827325149
2012-11-03 11:54:55,1043,1,53.5412198356,0.0020832819941
2012-11-03 11:54:56,1044,1,53.6598952537,0.118675418155
2012-11-03 11:54:57,1045,1,53.8644337418,0.204538488095
2012-11-03 11:54:58,1046,1,54.1301330833,0.265699341518
2012-11-03 11:54:59,1047,1,54.4575885677,0.327455484375
2012-11-03 11:55:00,1048,1,54.858183994,0.400595426339
2012-11-03 11:55:01,1049,1,55.3318447671,0.473660773065
2012-11-03 11:55:02,1050,1,55.8504458185,0.518601051339
2012-11-03 11:55:03,1051,1,56.3651777381,0.514731919643
2012-11-03 11:55:04,1052,1,56.8354900848,0.470312346726
2012-11-03 11:55:05,1053,1,57.2377965937,0.402306508929
2012-11-03 11:55:06,1054,1,57.5501478318,0.312351238095
2012-11-03 11:55:07,1055,1,57.7363830833,0.186235251488
2012-11-03 11:55:08,1056,1,57.7340023504,-0.0023807328869
2012-11-03 11:55:09,1057,1,57.4808775774,-0.253124773065
2012-11-03 11:55:10,1058,1,56.9877229182,-0.493154659226
2012-11-03 11:55:11,1059,1,56.3711305863,-0.616592331845
2012-11-03 11:55:12,1060,1,55.8029756719,-0.568154914435
2012-11-03 11:55:13,1061,1,55.4169636815,-0.386011990327
2012-11-03 11:55:14,1062,1,55.2279012589,-0.189062422619
2012-11-03 11:55:15,1063,1,55.1339282604,-0.0939729985119
2012-11-03 11:55:16,1064,1,55.011979122,-0.121949138393
2012-11-03 11:55:17,1065,1,54.8065478452,-0.205431276786
2012-11-03 11:55:18,1066,1,54.5386909301,-0.267856915179
2012-11-03 11:55:19,1067,1,54.2589291101,-0.279761819941
2012-11-03 11:55:20,1068,1,53.9972474702,-0.261681639881
2012-11-03 11:55:21,1069,1,53.7578871458,-0.239360324405
2012-11-03 11:55:22,1070,1,53.5517112679,-0.206175877976
2012-11-03 11:55:23,1071,1,53.3813240171,-0.170387250744
2012-11-03 11:55:24,1072,1,53.1688237076,-0.212500309524
2012-11-03 11:55:25,1073,1,52.7552074993,-0.413616208333
2012-11-03 11:55:26,1074,1,52.012127215,-0.743080284226
2012-11-03 11:55:27,1075,1,50.9174101347,-1.09471708036
2012-11-03 11:55:28,1076,1,49.4883179784,-1.42909215625
2012-11-03 11:55:29,1077,1,47.6612345469,-1.82708343155
2012-11-03 11:55:30,1078,1,45.2680051555,-2.39322939137
2012-11-03 11:55:31,1079,1,42.1415169182,-3.12648823735
2012-11-03 11:55:32,1080,1,38.2588532664,-3.88266365179
2012-11-03 11:55:33,1081,1,33.832142099,-4.42671116741
2012-11-03 11:55:34,1082,1,29.3147315171,-4.51741058185
2012-11-03 11:55:35,1083,1,25.3019339807,-4.01279753646
2012-11-03 11:55:36,1084,1,22.3427078676,-2.9592261131
2012-11-03 11:55:37,1085,1,20.7644341927,-1.57827367485
2012-11-03 11:55:38,1086,1,20.6071426994,-0.157291493304
2012-11-03 11:55:39,1087,1,21.6796874702,1.07254477083
2012-11-03 11:55:40,1088,1,23.6941964494,2.01450897917
2012-11-03 11:55:41,1089,1,26.3703125246,2.67611607515
2012-11-03 11:55:42,1090,1,29.4285713966,3.05825887202
2012-11-03 11:55:43,1091,1,32.562202183,3.13363078646
2012-11-03 11:55:44,1092,1,35.4730650543,2.91086287128
2012-11-03 11:55:45,1093,1,37.9226184777,2.44955342336
2012-11-03 11:55:46,1094,1,39.7845232143,1.86190473661
2012-11-03 11:55:47,1095,1,41.0944190878,1.30989587351
2012-11-03 11:55:48,1096,1,42.0227673519,0.928348264137
2012-11-03 11:55:49,1097,1,42.7683775186,0.745610166667
2012-11-03 11:55:50,1098,1,43.4548359286,0.68645840997
2012-11-03 11:55:51,1099,1,44.1075146019,0.652678673363
2012-11-03 11:55:52,1100,1,44.7072914196,0.599776817708
2012-11-03 11:55:53,1101,1,45.2284967195,0.521205299851
2012-11-03 11:55:54,1102,1,45.6433776823,0.414880962798
2012-11-03 11:55:55,1103,1,45.9345980975,0.291220415179
2012-11-03 11:55:56,1104,1,46.0983631719,0.163765074405
2012-11-03 11:55:57,1105,1,46.1392857582,0.0409225863095
2012-11-03 11:55:58,1106,1,46.0729907984,-0.0662949598214
2012-11-03 11:55:59,1107,1,45.9272314621,-0.14575933631
2012-11-03 11:56:00,1108,1,45.7498502448,-0.177381217262
2012-11-03 11:56:01,1109,1,45.6132430223,-0.13660722247
2012-11-03 11:56:02,1110,1,45.5882430126,-0.0250000096726
2012-11-03 11:56:03,1111,1,45.693897785,0.105654772321
2012-11-03 11:56:04,1112,1,45.8656241079,0.171726322917
2012-11-03 11:56:05,1113,1,45.992930971,0.127306863095
2012-11-03 11:56:06,1114,1,46.001264631,0.0083336599703
2012-11-03 11:56:07,1115,1,45.8882438698,-0.113020761161
2012-11-03 11:56:08,1116,1,45.6946424464,-0.193601423363
2012-11-03 11:56:09,1117,1,45.4558772768,-0.238765169643
2012-11-03 11:56:10,1118,1,45.1635409464,-0.292336330357
2012-11-03 11:56:11,1119,1,44.7755948467,-0.387946099702
2012-11-03 11:56:12,1120,1,44.2870536235,-0.488541223214
2012-11-03 11:56:13,1121,1,43.7393604457,-0.547693177827
2012-11-03 11:56:14,1122,1,43.074553942,-0.66480650372
2012-11-03 11:56:15,1123,1,41.9845241138,-1.09002982812
2012-11-03 11:56:16,1124,1,39.960044869,-2.02447924479
2012-11-03 11:56:17,1125,1,36.5831846577,-3.37686021131
2012-11-03 11:56:18,1126,1,31.937127974,-4.64605668378
2012-11-03 11:56:19,1127,1,26.7806545945,-5.15647337946
2012-11-03 11:56:20,1128,1,22.1977675513,-4.58288704315
2012-11-03 11:56:21,1129,1,18.97306509,-3.22470246131
2012-11-03 11:56:22,1130,1,17.2370531421,-1.73601194792
2012-11-03 11:56:23,1131,1,16.6454608705,-0.591592271577
2012-11-03 11:56:24,1132,1,16.8758924784,0.230431607887
2012-11-03 11:56:25,1133,1,17.9100443958,1.03415191741
2012-11-03 11:56:26,1134,1,19.8535713192,1.94352692336
2012-11-03 11:56:27,1135,1,22.6335564903,2.77998517113
2012-11-03 11:56:28,1136,1,25.9325891443,3.29903265402
2012-11-03 11:56:29,1137,1,29.3356395506,3.40305040625
2012-11-03 11:56:30,1138,1,32.5026780186,3.16703846801
2012-11-03 11:56:31,1139,1,35.2251480766,2.72247005804
2012-11-03 11:56:32,1140,1,37.3747759993,2.14962792262
2012-11-03 11:56:33,1141,1,38.8773058728,1.50252987351
2012-11-03 11:56:34,1142,1,39.7470977619,0.869791889137
2012-11-03 11:56:35,1143,1,40.103347965,0.356250203125
2012-11-03 11:56:36,1144,1,40.1463539308,0.0430059657738
2012-11-03 11:56:37,1145,1,40.1156244836,-0.0307294471727
2012-11-03 11:56:38,1146,1,40.2212043497,0.105579866071
2012-11-03 11:56:39,1147,1,40.5606384144,0.339434064732
2012-11-03 11:56:40,1148,1,41.0786441875,0.518005773065
2012-11-03 11:56:41,1149,1,41.6231384137,0.544494226191
2012-11-03 11:56:42,1150,1,42.0676328482,0.444494434524
2012-11-03 11:56:43,1151,1,42.3660707128,0.298437864583
2012-11-03 11:56:44,1152,1,42.4751482708,0.109077558036
2012-11-03 11:56:45,1153,1,42.2601184234,-0.21502984747
2012-11-03 11:56:46,1154,1,41.513763965,-0.746354458333
2012-11-03 11:56:47,1155,1,40.074180317,-1.43958364807
2012-11-03 11:56:48,1156,1,37.9240313512,-2.15014896577
2012-11-03 11:56:49,1157,1,35.1761891868,-2.74784216443
2012-11-03 11:56:50,1158,1,31.9696418862,-3.2065473006
2012-11-03 11:56:51,1159,1,28.3822166481,-3.5874252381
2012-11-03 11:56:52,1160,1,24.428571032,-3.95364561607
2012-11-03 11:56:53,1161,1,20.1497764665,-4.27879456548
2012-11-03 11:56:54,1162,1,15.7624253222,-4.38735114435
2012-11-03 11:56:55,1163,1,11.7827378929,-3.97968742932
2012-11-03 11:56:56,1164,1,8.99560997098,-2.78712792187
2012-11-03 11:56:57,1165,1,8.15729147991,-0.838318491071
2012-11-03 11:56:58,1166,1,9.53935978869,1.38206830878
2012-11-03 11:56:59,1167,1,12.7142108051,3.17485101637
2012-11-03 11:57:00,1168,1,16.8271571079,4.11294630283
2012-11-03 11:57:01,1169,1,21.0723951436,4.24523803571
2012-11-03 11:57:02,1170,1,24.9462790424,3.87388389881
2012-11-03 11:57:03,1171,1,28.1987343906,3.25245534821
2012-11-03 11:57:04,1172,1,30.6872761369,2.48854174628
2012-11-03 11:57:05,1173,1,32.3374251548,1.65014901786
2012-11-03 11:57:06,1174,1,33.2193450439,0.881919889137
2012-11-03 11:57:07,1175,1,33.5641368185,0.344791774554
2012-11-03 11:57:08,1176,1,33.641220006,0.0770831875
2012-11-03 11:57:09,1177,1,33.6384667329,-0.0027532730655
2012-11-03 11:57:10,1178,1,33.6431540722,0.0046873392857
2012-11-03 11:57:11,1179,1,33.6685262545,0.0253721822917
2012-11-03 11:57:12,1180,1,33.6802081414,0.0116818869047
2012-11-03 11:57:13,1181,1,33.6046875089,-0.0755206324404
2012-11-03 11:57:14,1182,1,33.3033481146,-0.301339394345
2012-11-03 11:57:15,1183,1,32.5818448274,-0.721503287202
2012-11-03 11:57:16,1184,1,31.2853415744,-1.29650325298
2012-11-03 11:57:17,1185,1,29.3663682693,-1.91897330506
2012-11-03 11:57:18,1186,1,26.8555796376,-2.5107886317
2012-11-03 11:57:19,1187,1,23.8349696012,-3.02061003646
2012-11-03 11:57:20,1188,1,20.4630946585,-3.37187494271
2012-11-03 11:57:21,1189,1,16.9909220856,-3.47217257292
2012-11-03 11:57:22,1190,1,13.7103417545,-3.2805803311
2012-11-03 11:57:23,1191,1,10.8278268802,-2.88251487426
2012-11-03 11:57:24,1192,1,8.35245488765,-2.47537199256
2012-11-03 11:57:25,1193,1,6.12775259375,-2.2247022939
2012-11-03 11:57:26,1194,1,4.03221700298,-2.09553559077
2012-11-03 11:57:27,1195,1,2.24471712202,-1.78749988095
2012-11-03 11:57:28,1196,1,0.0,-2.24471712202
2012-11-03 11:58:02,1230,34,0.0,0.0
2012-11-03 11:58:03,1231,1,4.84531246875,4.84531246875
2012-11-03 11:58:04,1232,1,8.96264869048,4.11733622173
2012-11-03 11:58:05,1233,1,13.6063241563,4.64367546577
2012-11-03 11:58:06,1234,1,18.0691960513,4.46287189509
2012-11-03 11:58:07,1235,1,22.0689727374,3.99977668601
2012-11-03 11:58:08,1236,1,25.629166128,3.56019339063
2012-11-03 11:58:09,1237,1,28.8245530149,3.1953868869
2012-11-03 11:58:10,1238,1,31.6693446949,2.84479168006
2012-11-03 11:58:11,1239,1,34.1704607746,2.50111607961
2012-11-03 11:58:12,1240,1,36.3622762396,2.19181546503
2012-11-03 11:58:13,1241,1,38.2932286027,1.9309523631
2012-11-03 11:58:14,1242,1,39.993898218,1.70066961533
2012-11-03 11:58:15,1243,1,41.4351183996,1.44122018155
2012-11-03 11:58:16,1244,1,42.5521569874,1.1170385878
2012-11-03 11:58:17,1245,1,43.3111598207,0.759002833333
2012-11-03 11:58:18,1246,1,43.7238829263,0.412723105655
2012-11-03 11:58:19,1247,1,43.8423353318,0.118452405506
2012-11-03 11:58:20,1248,1,43.7613830699,-0.0809522619047
2012-11-03 11:58:21,1249,1,43.5935259613,-0.167857108631
2012-11-03 11:58:22,1250,1,43.4334811823,-0.160044779018
2012-11-03 11:58:23,1251,1,43.3325881451,-0.100893037202
2012-11-03 11:58:24,1252,1,43.2851178787,-0.0474702663691
2012-11-03 11:58:25,1253,1,43.2636151019,-0.0215027767857
2012-11-03 11:58:26,1254,1,43.2947910067,0.0311759047619
2012-11-03 11:58:27,1255,1,43.4816215796,0.186830572917
2012-11-03 11:58:28,1256,1,43.9178567411,0.436235161458
2012-11-03 11:58:29,1257,1,44.5877971912,0.669940450149
2012-11-03 11:58:30,1258,1,45.3703121183,0.782514927083
2012-11-03 11:58:31,1259,1,46.1119045409,0.741592422619
2012-11-03 11:58:32,1260,1,46.6907738103,0.578869269345
2012-11-03 11:58:33,1261,1,47.0798365104,0.389062700149
2012-11-03 11:58:34,1262,1,47.3674110253,0.287574514881
2012-11-03 11:58:35,1263,1,47.6669645632,0.299553537946
2012-11-03 11:58:36,1264,1,47.983556654,0.316592090774
2012-11-03 11:58:37,1265,1,48.1537201369,0.170163482887
2012-11-03 11:58:38,1266,1,47.9193449777,-0.234375159226
2012-11-03 11:58:39,1267,1,47.1037942872,-0.815550690476
2012-11-03 11:58:40,1268,1,45.696130599,-1.40766368824
2012-11-03 11:58:41,1269,1,43.7274551079,-1.96867549107
2012-11-03 11:58:42,1270,1,41.1503718943,-2.57708321354
2012-11-03 11:58:43,1271,1,37.9059523155,-3.24441957887
2012-11-03 11:58:44,1272,1,34.0480654033,-3.8578869122
2012-11-03 11:58:45,1273,1,29.7843748668,-4.26369053646
2012-11-03 11:58:46,1274,1,25.4218004301,-4.36257443676
2012-11-03 11:58:47,1275,1,21.211320039,-4.21048039105
2012-11-03 11:58:48,1276,1,17.2282312257,-3.98308881335
2012-11-03 11:58:49,1277,1,13.4692813143,-3.75894991135
2012-11-03 11:58:50,1278,1,10.0325464065,-3.43673490784
2012-11-03 11:58:51,1279,1,7.14380253805,-2.88874386841
2012-11-03 11:58:52,1280,1,5.03975262341,-2.10404991465
2012-11-03 11:58:53,1281,1,3.8032517382,-1.2365008852
2012-11-03 11:58:54,1282,1,3.24600267623,-0.557249061969
2012-11-03 11:58:55,1283,1,2.99157042868,-0.254432247555
2012-11-03 11:58:56,1284,1,2.79518452668,-0.196385901998
2012-11-03 11:58:57,1285,1,2.86701711692,0.0718325902424
2012-11-03 11:58:58,1286,1,3.82107752147,0.954060404549
2012-11-03 11:58:59,1287,1,6.19871352987,2.3776360084
2012-11-03 11:59:00,1288,1,10.0111815661,3.81246803625
2012-11-03 11:59:01,1289,1,14.6709498197,4.65976825361
2012-11-03 11:59:02,1290,1,19.3321318501,4.6611820304
2012-11-03 11:59:03,1291,1,23.4338963979,4.10176454773
2012-11-03 11:59:04,1292,1,26.9807926961,3.54689629826
2012-11-03 11:59:05,1293,1,30.3018598371,3.32106714094
2012-11-03 11:59:06,1294,1,33.636383596,3.33452375893
2012-11-03 11:59:07,1295,1,36.9352675223,3.29888392634
2012-11-03 11:59:08,1296,1,39.9292407507,2.99397322842
2012-11-03 11:59:09,1297,1,42.3589281979,2.42968744717
2012-11-03 11:59:10,1298,1,44.1715768884,1.81264869048
2012-11-03 11:59:11,1299,1,45.5240321488,1.35245526042
2012-11-03 11:59:12,1300,1,46.6148059293,1.09077378051
2012-11-03 11:59:13,1301,1,47.5150291124,0.900223183036
2012-11-03 11:59:14,1302,1,48.1788682537,0.663839141369
2012-11-03 11:59:15,1303,1,48.5873501406,0.408481886905
2012-11-03 11:59:16,1304,1,48.8159213638,0.228571223214
2012-11-03 11:59:17,1305,1,48.9937487485,0.177827384673
2012-11-03 11:59:18,1306,1,49.2517102775,0.257961529018
2012-11-03 11:59:19,1307,1,49.6862344449,0.434524167411
2012-11-03 11:59:20,1308,1,50.3288687798,0.642634334821
2012-11-03 11:59:21,1309,1,51.1044643356,0.775595555804
2012-11-03 11:59:22,1310,1,51.8188245409,0.714360205357
2012-11-03 11:59:23,1311,1,52.261383872,0.442559331101
2012-11-03 11:59:24,1312,1,52.3546126719,0.0932287998512
2012-11-03 11:59:25,1313,1,52.1828117783,-0.171800893601
2012-11-03 11:59:26,1314,1,51.8870528311,-0.295758947173
2012-11-03 11:59:27,1315,1,51.5567703438,-0.330282487351
2012-11-03 11:59:28,1316,1,51.2132438899,-0.343526453869
2012-11-03 11:59:29,1317,1,50.8683036481,-0.344940241816
2012-11-03 11:59:30,1318,1,50.5536459769,-0.314657671131
2012-11-03 11:59:31,1319,1,50.2438988847,-0.309747092262
2012-11-03 11:59:32,1320,1,49.7673362619,-0.476562622768
2012-11-03 11:59:33,1321,1,48.8565474531,-0.91078880878
2012-11-03 11:59:34,1322,1,47.3033479531,-1.5531995
2012-11-03 11:59:35,1323,1,45.0604907589,-2.2428571942
2012-11-03 11:59:36,1324,1,42.2151038698,-2.84538688914
2012-11-03 11:59:37,1325,1,38.8763390655,-3.33876480432
2012-11-03 11:59:38,1326,1,35.0956844107,-3.78065465476
2012-11-03 11:59:39,1327,1,30.893526756,-4.20215765476
2012-11-03 11:59:40,1328,1,26.3352678259,-4.55825893006
2012-11-03 11:59:41,1329,1,21.5724701198,-4.7627977061
2012-11-03 11:59:42,1330,1,16.8247021622,-4.74776795759
2012-11-03 11:59:43,1331,1,12.3470235525,-4.47767860975
2012-11-03 11:59:44,1332,1,8.4338539561,-3.91316959635
2012-11-03 11:59:45,1333,1,5.38883915551,-3.0450148006
2012-11-03 11:59:46,1334,1,3.40744035342,-1.98139880208
2012-11-03 11:59:47,1335,1,2.51577354725,-0.891666806176
2012-11-03 11:59:48,1336,1,2.64449354167,0.12871999442
2012-11-03 11:59:49,1337,1,3.71807964174,1.07358610007
2012-11-03 11:59:50,1338,1,5.70260340699,1.98452376525
2012-11-03 11:59:51,1339,1,8.5945678311,2.89196442411
2012-11-03 11:59:52,1340,1,12.2909966101,3.69642877902
2012-11-03 11:59:53,1341,1,16.4837050859,4.19270847582
2012-11-03 11:59:54,1342,1,20.772395596,4.28869051004
2012-11-03 11:59:55,1343,1,24.8456842552,4.07328865923
2012-11-03 11:59:56,1344,1,28.5111604003,3.66547614509
2012-11-03 11:59:57,1345,1,31.612722817,3.10156241667
2012-11-03 11:59:58,1346,1,33.9455351146,2.33281229762
2012-11-03 11:59:59,1347,1,35.3116062128,1.36607109821
2012-11-03 12:00:00,1348,1,35.7340761012,0.422469888393
2012-11-03 12:00:01,1349,1,35.520236599,-0.213839502232
2012-11-03 12:00:02,1350,1,35.0692693668,-0.450967232143
2012-11-03 12:00:03,1351,1,34.6948648408,-0.374404526042
2012-11-03 12:00:04,1352,1,34.5494782009,-0.145386639881
2012-11-03 12:00:05,1353,1,34.6002224561,0.0507442552083
2012-11-03 12:00:06,1354,1,34.6710560104,0.0708335543155
2012-11-03 12:00:07,1355,1,34.5000741615,-0.170981848958
2012-11-03 12:00:08,1356,1,33.8303572143,-0.669716947173
2012-11-03 12:00:09,1357,1,32.5797621622,-1.25059505208
2012-11-03 12:00:10,1358,1,30.8999257909,-1.67983637128
2012-11-03 12:00:11,1359,1,28.9928571034,-1.9070686875
2012-11-03 12:00:12,1360,1,26.9468003385,-2.04605676488
2012-11-03 12:00:13,1361,1,24.821353811,-2.12544652753
2012-11-03 12:00:14,1362,1,22.7973954792,-2.02395833185
2012-11-03 12:00:15,1363,1,21.1766366057,-1.62075887351
2012-11-03 12:00:16,1364,1,20.2362349025,-0.940401703125
2012-11-03 12:00:17,1365,1,20.0001486912,-0.23608621131
2012-11-03 12:00:18,1366,1,20.0997023467,0.099553655506
2012-11-03 12:00:19,1367,1,19.9235119107,-0.176190436012
2012-11-03 12:00:20,1368,1,18.9671875134,-0.956324397321
2012-11-03 12:00:21,1369,1,17.0938244107,-1.87336310268
2012-11-03 12:00:22,1370,1,14.5397569092,-2.55406750149
2012-11-03 12:00:23,1371,1,11.7170881719,-2.82266873735
2012-11-03 12:00:24,1372,1,8.99575871503,-2.72132945685
2012-11-03 12:00:25,1373,1,6.61860092634,-2.37715778869
2012-11-03 12:00:26,1374,1,4.72965001563,-1.88895091071
2012-11-03 12:00:27,1375,1,3.39570280729,-1.33394720833
2012-11-03 12:00:28,1376,1,2.59038898958,-0.805313817708
2012-11-03 12:00:29,1377,1,2.19772398958,-0.392665
2012-11-03 12:00:30,1378,1,2.06372723586,-0.13399675372
2012-11-03 12:00:31,1379,1,2.05920728125,-0.0045199546131
2012-11-03 12:00:32,1380,1,2.11685253571,0.0576452544643
2012-11-03 12:00:33,1381,1,2.29278267187,0.175930136161
2012-11-03 12:00:34,1382,1,2.84224938839,0.549466716518
2012-11-03 12:00:35,1383,1,4.1214965625,1.27924717411
2012-11-03 12:00:36,1384,1,6.2984000372,2.1769034747
2012-11-03 12:00:37,1385,1,9.17687849926,2.87847846205
2012-11-03 12:00:38,1386,1,12.3433406503,3.16646215104
2012-11-03 12:00:39,1387,1,15.4931361332,3.14979548289
2012-11-03 12:00:40,1388,1,18.5859747195,3.09283858631
2012-11-03 12:00:41,1389,1,21.644122006,3.05814728646
2012-11-03 12:00:42,1390,1,24.4820682991,2.83794629315
2012-11-03 12:00:43,1391,1,26.7466514107,2.26458311161
2012-11-03 12:00:44,1392,1,28.1831095171,1.4364581064
2012-11-03 12:00:45,1393,1,28.8012641481,0.618154630952
2012-11-03 12:00:46,1394,1,28.8237343906,0.0224702425595
2012-11-03 12:00:47,1395,1,28.5097463854,-0.313988005208
2012-11-03 12:00:48,1396,1,27.9750738616,-0.53467252381
2012-11-03 12:00:49,1397,1,27.0757435826,-0.899330279018
2012-11-03 12:00:50,1398,1,25.4264877277,-1.64925585491
2012-11-03 12:00:51,1399,1,22.6510414226,-2.77544630506
2012-11-03 12:00:52,1400,1,18.8004462753,-3.85059514732
2012-11-03 12:00:53,1401,1,14.5650296161,-4.23541665923
2012-11-03 12:00:54,1402,1,10.9601932485,-3.60483636756
2012-11-03 12:00:55,1403,1,8.75037173735,-2.20982151116
2012-11-03 12:00:56,1404,1,8.1784966436,-0.57187509375
2012-11-03 12:00:57,1405,1,9.1258179814,0.947321337798
2012-11-03 12:00:58,1406,1,11.3656244799,2.23980649851
2012-11-03 12:00:59,1407,1,14.634969753,3.26934527307
2012-11-03 12:01:00,1408,1,18.5546127515,3.91964299851
2012-11-03 12:01:01,1409,1,22.6317707098,4.07715795833
2012-11-03 12:01:02,1410,1,26.456473308,3.82470259821
2012-11-03 12:01:03,1411,1,29.8557294018,3.39925609375
2012-11-03 12:01:04,1412,1,32.7836312359,2.92790183408
2012-11-03 12:01:05,1413,1,35.1297621376,2.34613090179
2012-11-03 12:01:06,1414,1,36.6998512507,1.5700891131
2012-11-03 12:01:07,1415,1,37.3329610997,0.633109848958
2012-11-03 12:01:08,1416,1,37.0261155893,-0.306845510417
2012-11-03 12:01:09,1417,1,35.9547612493,-1.07135434003
2012-11-03 12:01:10,1418,1,34.3095231451,-1.64523810417
2012-11-03 12:01:11,1419,1,32.116889369,-2.19263377604
2012-11-03 12:01:12,1420,1,29.280803279,-2.83608609003
2012-11-03 12:01:13,1421,1,25.7854165506,-3.49538672842
2012-11-03 12:01:14,1422,1,21.8471725967,-3.93824395387
2012-11-03 12:01:15,1423,1,17.8562500089,-3.9909225878
2012-11-03 12:01:16,1424,1,14.1215029896,-3.73474701935
2012-11-03 12:01:17,1425,1,10.7358631027,-3.3856398869
2012-11-03 12:01:18,1426,1,7.73430056771,-3.00156253497
2012-11-03 12:01:19,1427,1,5.26294631622,-2.47135425149
2012-11-03 12:01:20,1428,1,3.55706820685,-1.70587810937
2012-11-03 12:01:21,1429,1,2.80557993899,-0.751488267857
2012-11-03 12:01:22,1430,1,3.00446368304,0.198883744048
2012-11-03 12:01:23,1431,1,3.89888319568,0.894419512649
2012-11-03 12:01:24,1432,1,5.00952306994,1.11063987426
2012-11-03 12:01:25,1433,1,5.71190415848,0.702381088542
2012-11-03 12:01:26,1434,1,5.4837793869,-0.228124771577
2012-11-03 12:01:27,1435,1,4.25796115476,-1.22581823214
2012-11-03 12:01:28,1436,1,2.55930057068,-1.69866058408
2012-11-03 12:01:29,1437,1,0.0,-2.55930057068
2012-11-03 12:21:52,2660,1223,0.0,0.0
2012-11-03 12:21:53,2661,1,1.07552083482,1.07552083482
2012-11-03 12:21:54,2662,1,1.59181547619,0.516294641369
2012-11-03 12:21:55,2663,1,1.89263392857,0.300818452381
2012-11-03 12:21:56,2664,1,1.90982142857,0.0171875
2012-11-03 12:21:57,2665,1,1.91413690625,0.00431547767857
2012-11-03 12:21:58,2666,1,2.48891369717,0.574776790923
2012-11-03 12:21:59,2667,1,4.28482143304,1.79590773586
2012-11-03 12:22:00,2668,1,7.52566960714,3.24084817411
2012-11-03 12:22:01,2669,1,11.7601189241,4.23444931696
2012-11-03 12:22:02,2670,1,16.1178569301,4.35773800595
2012-11-03 12:22:03,2671,1,19.849627724,3.7317707939
2012-11-03 12:22:04,2672,1,22.7672616458,2.91763392188
2012-11-03 12:22:05,2673,1,25.1686009003,2.40133925446
2012-11-03 12:22:06,2674,1,27.345014535,2.17641363467
2012-11-03 12:22:07,2675,1,29.2980651228,1.9530505878
2012-11-03 12:22:08,2676,1,30.8357884368,1.53772331399
2012-11-03 12:22:09,2677,1,31.735342186,0.899553749256
2012-11-03 12:22:10,2678,1,31.8526786376,0.117336451637
2012-11-03 12:22:11,2679,1,31.1512649472,-0.701413690476
2012-11-03 12:22:12,2680,1,29.6078868393,-1.54337810789
2012-11-03 12:22:13,2681,1,27.1432289249,-2.46465791443
2012-11-03 12:22:14,2682,1,23.7063983865,-3.43683053832
2012-11-03 12:22:15,2683,1,19.4343371959,-4.27206119066
2012-11-03 12:22:16,2684,1,14.7633177251,-4.6710194708
2012-11-03 12:22:17,2685,1,10.3766733674,-4.3866443577
2012-11-03 12:22:18,2686,1,6.91986542894,-3.45680793843
2012-11-03 12:22:19,2687,1,4.67771525874,-2.2421501702
2012-11-03 12:22:20,2688,1,3.57269299219,-1.10502226656
2012-11-03 12:22:21,2689,1,3.50550545089,-0.0671875412946
2012-11-03 12:22:22,2690,1,4.59702326302,1.09151781213
2012-11-03 12:22:23,2691,1,7.02466468769,2.42764142467
2012-11-03 12:22:24,2692,1,10.6764133605,3.65174867281
2012-11-03 12:22:25,2693,1,15.0015251512,4.32511179074
2012-11-03 12:22:26,2694,1,19.2143600971,4.21283494587
2012-11-03 12:22:27,2695,1,22.6962425757,3.48188247861
2012-11-03 12:22:28,2696,1,25.201488074,2.50524549833
2012-11-03 12:22:29,2697,1,26.7328123824,1.53132430841
2012-11-03 12:22:30,2698,1,27.3988092753,0.665996892857
2012-11-03 12:22:31,2699,1,27.4242555766,0.0254463013393
2012-11-03 12:22:32,2700,1,27.1310263125,-0.293229264137
2012-11-03 12:22:33,2701,1,26.7887643333,-0.342261979167
2012-11-03 12:22:34,2702,1,26.4732880878,-0.315476245536
2012-11-03 12:22:35,2703,1,26.0501482061,-0.423139881696
2012-11-03 12:22:36,2704,1,25.2409221086,-0.80922609747
2012-11-03 12:22:37,2705,1,23.7107139524,-1.53020815625
2012-11-03 12:22:38,2706,1,21.1746278266,-2.53608612574
2012-11-03 12:22:39,2707,1,17.5350445774,-3.63958324926
2012-11-03 12:22:40,2708,1,13.0360117954,-4.49903278199
2012-11-03 12:22:41,2709,1,8.32946410193,-4.70654769345
2012-11-03 12:22:42,2710,1,4.33288672024,-3.9965773817
2012-11-03 12:22:43,2711,1,0.0,-4.33288672024
2012-11-03 12:23:00,2728,17,0.0,0.0
2012-11-03 12:23:01,2729,1,3.20364566295,3.20364566295
2012-11-03 12:23:02,2730,1,6.53668132664,3.33303566369
2012-11-03 12:23:03,2731,1,10.8932289628,4.35654763616
2012-11-03 12:23:04,2732,1,15.5225444903,4.62931552753
2012-11-03 12:23:05,2733,1,19.762723061,4.24017857068
2012-11-03 12:23:06,2734,1,23.2929313088,3.53020824777
2012-11-03 12:23:07,2735,1,26.190996651,2.89806534226
2012-11-03 12:23:08,2736,1,28.6872018638,2.4962052128
2012-11-03 12:23:09,2737,1,30.9159219829,2.22872011905
2012-11-03 12:23:10,2738,1,32.8807285045,1.96480652158
2012-11-03 12:23:11,2739,1,34.5236601711,1.64293166667
2012-11-03 12:23:12,2740,1,35.8011901607,1.27752998958
2012-11-03 12:23:13,2741,1,36.7261903408,0.925000180059
2012-11-03 12:23:14,2742,1,37.3566962202,0.630505879464
2012-11-03 12:23:15,2743,1,37.7569934933,0.400297273065
2012-11-03 12:23:16,2744,1,37.921799692,0.164806198661
2012-11-03 12:23:17,2745,1,37.72202284,-0.199776851935
2012-11-03 12:23:18,2746,1,37.0061748616,-0.715847978423
2012-11-03 12:23:19,2747,1,35.7912198415,-1.21495502009
2012-11-03 12:23:20,2748,1,34.3205355327,-1.47068430878
2012-11-03 12:23:21,2749,1,32.9320682693,-1.38846726339
2012-11-03 12:23:22,2750,1,31.8505949144,-1.08147335491
2012-11-03 12:23:23,2751,1,31.0614578757,-0.78913703869
2012-11-03 12:23:24,2752,1,30.394642346,-0.666815529762
2012-11-03 12:23:25,2753,1,29.7261899717,-0.668452374256
2012-11-03 12:23:26,2754,1,29.0618298631,-0.664360108631
2012-11-03 12:23:27,2755,1,28.4578119658,-0.604017897321
2012-11-03 12:23:28,2756,1,27.9025291272,-0.555282838542
2012-11-03 12:23:29,2757,1,27.2822165335,-0.62031259375
2012-11-03 12:23:30,2758,1,26.4625736801,-0.819642853423
2012-11-03 12:23:31,2759,1,25.3809517813,-1.08162189881
2012-11-03 12:23:32,2760,1,24.0860114948,-1.29494028646
2012-11-03 12:23:33,2761,1,22.7476932195,-1.3383182753
2012-11-03 12:23:34,2762,1,21.6111605774,-1.13653264211
2012-11-03 12:23:35,2763,1,20.9209819591,-0.690178618304
2012-11-03 12:23:36,2764,1,20.8816216481,-0.0393603110119
2012-11-03 12:23:37,2765,1,21.617112494,0.735490845982
2012-11-03 12:23:38,2766,1,23.1252969152,1.50818442113
2012-11-03 12:23:39,2767,1,25.2906987902,2.165401875
2012-11-03 12:23:40,2768,1,27.9184519978,2.62775320759
2012-11-03 12:23:41,2769,1,30.736979061,2.81852706324
2012-11-03 12:23:42,2770,1,33.4365328542,2.69955379315
2012-11-03 12:23:43,2771,1,35.7702382619,2.33370540774
2012-11-03 12:23:44,2772,1,37.6301339129,1.85989565104
2012-11-03 12:23:45,2773,1,39.0516365603,1.42150264732
2012-11-03 12:23:46,2774,1,40.1587791421,1.10714258185
2012-11-03 12:23:47,2775,1,41.0716511176,0.912871975446
2012-11-03 12:23:48,2776,1,41.8502227388,0.77857162128
2012-11-03 12:23:49,2777,1,42.5325890826,0.68236634375
2012-11-03 12:23:50,2778,1,43.1963541399,0.663765057292
2012-11-03 12:23:51,2779,1,43.9394345469,0.743080406994
2012-11-03 12:23:52,2780,1,44.8004464375,0.861011890625
2012-11-03 12:23:53,2781,1,45.7183035394,0.917857101935
2012-11-03 12:23:54,2782,1,46.5834820565,0.865178517113
2012-11-03 12:23:55,2783,1,47.3466516473,0.763169590774
2012-11-03 12:23:56,2784,1,48.0708331629,0.724181515625
2012-11-03 12:23:57,2785,1,48.8553569985,0.784523835566
2012-11-03 12:23:58,2786,1,49.7255951972,0.870238198661
2012-11-03 12:23:59,2787,1,50.6026786607,0.877083463542
2012-11-03 12:24:00,2788,1,51.3507442247,0.748065563988
2012-11-03 12:24:01,2789,1,51.857663878,0.506919653274
2012-11-03 12:24:02,2790,1,52.0799108371,0.222246959077
2012-11-03 12:24:03,2791,1,52.0122024152,-0.067708421875
2012-11-03 12:24:04,2792,1,51.6744047545,-0.337797660714
2012-11-03 12:24:05,2793,1,51.1254464576,-0.548958296875
2012-11-03 12:24:06,2794,1,50.3706102455,-0.754836212054
2012-11-03 12:24:07,2795,1,49.2669645201,-1.10364572545
2012-11-03 12:24:08,2796,1,47.6141371771,-1.65282734301
2012-11-03 12:24:09,2797,1,45.2795388482,-2.33459832887
2012-11-03 12:24:10,2798,1,42.2201635781,-3.05937527009
2012-11-03 12:24:11,2799,1,38.4887644516,-3.73139912649
2012-11-03 12:24:12,2800,1,34.2523802746,-4.23638417708
2012-11-03 12:24:13,2801,1,29.8297610789,-4.42261919568
2012-11-03 12:24:14,2802,1,25.6834068445,-4.14635423437
2012-11-03 12:24:15,2803,1,22.1941211302,-3.48928571429
2012-11-03 12:24:16,2804,1,19.3642848988,-2.8298362314
2012-11-03 12:24:17,2805,1,16.8116064769,-2.55267842188
2012-11-03 12:24:18,2806,1,14.0605649769,-2.7510415
2012-11-03 12:24:19,2807,1,10.8561752269,-3.20438975
2012-11-03 12:24:20,2808,1,7.33831817932,-3.51785704762
2012-11-03 12:24:21,2809,1,4.08430040848,-3.25401777083
2012-11-03 12:24:22,2810,1,0.0,-4.08430040848
2012-11-03 12:24:41,2829,19,0.0,0.0
2012-11-03 12:24:42,2830,1,3.43958310491,3.43958310491
2012-11-03 12:24:43,2831,1,6.78668118378,3.34709807887
2012-11-03 12:24:44,2832,1,11.2054310766,4.41874989286
2012-11-03 12:24:45,2833,1,16.1912196905,4.98578861384
2012-11-03 12:24:46,2834,1,21.2621273735,5.07090768304
2012-11-03 12:24:47,2835,1,25.9905499948,4.72842262128
2012-11-03 12:24:48,2836,1,30.0862346205,4.09568462574
2012-11-03 12:24:49,2837,1,33.4492556228,3.36302100223
2012-11-03 12:24:50,2838,1,36.1650295461,2.71577392336
2012-11-03 12:24:51,2839,1,38.414880692,2.24985114583
2012-11-03 12:24:52,2840,1,40.3456096667,1.9307289747
2012-11-03 12:24:53,2841,1,42.0118296458,1.66621997917
2012-11-03 12:24:54,2842,1,43.4023800141,1.3905503683
2012-11-03 12:24:55,2843,1,44.4840019405,1.08162192634
2012-11-03 12:24:56,2844,1,45.2632430573,0.779241116816
2012-11-03 12:24:57,2845,1,45.8259664115,0.562723354167
2012-11-03 12:24:58,2846,1,46.261011279,0.43504486756
2012-11-03 12:24:59,2847,1,46.5682288036,0.307217524554
2012-11-03 12:25:00,2848,1,46.7015623177,0.133333514137
2012-11-03 12:25:01,2849,1,46.6581099926,-0.0434523251488
2012-11-03 12:25:02,2850,1,46.4872022083,-0.170907784226
2012-11-03 12:25:03,2851,1,46.2519341756,-0.235268032738
2012-11-03 12:25:04,2852,1,46.0044636198,-0.247470555804
2012-11-03 12:25:05,2853,1,45.7876477537,-0.216815866071
2012-11-03 12:25:06,2854,1,45.6414420625,-0.14620569122
2012-11-03 12:25:07,2855,1,45.5865312515,-0.0549108110119
2012-11-03 12:25:08,2856,1,45.5930047247,0.00647347321431
2012-11-03 12:25:09,2857,1,45.576561753,-0.0164429717262
2012-11-03 12:25:10,2858,1,45.4514133192,-0.12514843378
2012-11-03 12:25:11,2859,1,45.1755205119,-0.275892807292
2012-11-03 12:25:12,2860,1,44.7166661302,-0.458854381696
2012-11-03 12:25:13,2861,1,44.0395081406,-0.677157989583
2012-11-03 12:25:14,2862,1,43.1906985104,-0.848809630208
2012-11-03 12:25:15,2863,1,42.3279753348,-0.862723175595
2012-11-03 12:25:16,2864,1,41.5987343006,-0.729241034226
2012-11-03 12:25:17,2865,1,40.9738830714,-0.624851229167
2012-11-03 12:25:18,2866,1,40.1508175714,-0.8230655
2012-11-03 12:25:19,2867,1,38.6462789598,-1.50453861161
2012-11-03 12:25:20,2868,1,36.1092999546,-2.53697900521
2012-11-03 12:25:21,2869,1,32.6177078564,-3.49159209821
2012-11-03 12:25:22,2870,1,28.6709817679,-3.94672608854
2012-11-03 12:25:23,2871,1,24.8627973013,-3.80818446652
2012-11-03 12:25:24,2872,1,21.5339283036,-3.32886899777
2012-11-03 12:25:25,2873,1,18.6980652024,-2.83586310119
2012-11-03 12:25:26,2874,1,16.1892853065,-2.50877989583
2012-11-03 12:25:27,2875,1,13.8287940052,-2.36049130134
2012-11-03 12:25:28,2876,1,11.5323652493,-2.29642875595
2012-11-03 12:25:29,2877,1,9.33477099802,-2.19759425124
2012-11-03 12:25:30,2878,1,7.342571281,-1.99219971701
2012-11-03 12:25:31,2879,1,5.6786454561,-1.6639258249
2012-11-03 12:25:32,2880,1,4.42565709251,-1.25298836359
2012-11-03 12:25:33,2881,1,3.56582338963,-0.859833702877
2012-11-03 12:25:34,2882,1,3.00096727455,-0.564856115079
2012-11-03 12:25:35,2883,1,2.64712302406,-0.353844250496
2012-11-03 12:25:36,2884,1,2.45510912847,-0.192013895585
2012-11-03 12:25:37,2885,1,2.38348214435,-0.071626984127
2012-11-03 12:25:38,2886,1,2.46758433358,0.0841021892361
2012-11-03 12:25:39,2887,1,2.84878473338,0.381200399802
2012-11-03 12:25:40,2888,1,3.59575889732,0.746974163938
2012-11-03 12:25:41,2889,1,4.53298595188,0.937227054563
2012-11-03 12:25:42,2890,1,5.3224822996,0.789496347718
2012-11-03 12:25:43,2891,1,5.69092214063,0.368439841022
2012-11-03 12:25:44,2892,1,5.57349898537,-0.117423155258
2012-11-03 12:25:45,2893,1,5.08829317981,-0.485205805556
2012-11-03 12:25:46,2894,1,4.41502938021,-0.673263799603
2012-11-03 12:25:47,2895,1,3.71889851637,-0.696130863839
2012-11-03 12:25:48,2896,1,3.12135395685,-0.597544559524
2012-11-03 12:25:49,2897,1,2.61622012128,-0.505133835565
2012-11-03 12:25:50,2898,1,2.04627972768,-0.569940393601
2012-11-03 12:25:51,2899,1,1.35319940476,-0.693080322917
2012-11-03 12:25:52,2900,1,0.0,-1.35319940476
2012-11-03 12:33:39,3367,467,0.0,0.0
2012-11-03 12:33:40,3368,1,1.99308016071,1.99308016071
2012-11-03 12:33:41,3369,1,3.18087772619,1.18779756548
2012-11-03 12:33:42,3370,1,4.13214263988,0.95126491369
2012-11-03 12:33:43,3371,1,4.74270821652,0.610565576637
2012-11-03 12:33:44,3372,1,5.15438985789,0.411681641369
2012-11-03 12:33:45,3373,1,5.47358628943,0.319196431548
2012-11-03 12:33:46,3374,1,5.69166651711,0.218080227679
2012-11-03 12:33:47,3375,1,5.7915918817,0.0999253645833
2012-11-03 12:33:48,3376,1,5.84739522693,0.0558033452381
2012-11-03 12:33:49,3377,1,5.97477608854,0.127380861607
2012-11-03 12:33:50,3378,1,6.22313927753,0.248363188988
2012-11-03 12:33:51,3379,1,6.54821386979,0.325074592262
2012-11-03 12:33:52,3380,1,6.82775270313,0.279538833333
2012-11-03 12:33:53,3381,1,6.87886881324,0.051116110119
2012-11-03 12:33:54,3382,1,6.5388390067,-0.340029806548
2012-11-03 12:33:55,3383,1,5.80654725372,-0.732291752976
2012-11-03 12:33:56,3384,1,4.91971680357,-0.886830450149
2012-11-03 12:33:57,3385,1,4.26346671354,-0.65625009003
2012-11-03 12:33:58,3386,1,4.16874936756,-0.0947173459822
2012-11-03 12:33:59,3387,1,4.77871955729,0.609970189732
2012-11-03 12:34:00,3388,1,6.07685944271,1.29813988542
2012-11-03 12:34:01,3389,1,7.97879401042,1.90193456771
2012-11-03 12:34:02,3390,1,10.3519339725,2.37313996205
2012-11-03 12:34:03,3391,1,12.9968001466,2.64486617411
2012-11-03 12:34:04,3392,1,15.702157369,2.70535722247
2012-11-03 12:34:05,3393,1,18.3454609792,2.64330361012
2012-11-03 12:34:06,3394,1,20.9206097939,2.57514881473
2012-11-03 12:34:07,3395,1,23.4545383504,2.53392855655
2012-11-03 12:34:08,3396,1,25.895535375,2.44099702455
2012-11-03 12:34:09,3397,1,28.1092258943,2.21369051935
2012-11-03 12:34:10,3398,1,29.9957587135,1.8865328192
2012-11-03 12:34:11,3399,1,31.5703123884,1.57455367485
2012-11-03 12:34:12,3400,1,32.9134672307,1.34315484226
2012-11-03 12:34:13,3401,1,34.0709821049,1.15751487426
2012-11-03 12:34:14,3402,1,35.0120534516,0.941071346726
2012-11-03 12:34:15,3403,1,35.693005782,0.680952330357
2012-11-03 12:34:16,3404,1,36.1523064226,0.459300640625
2012-11-03 12:34:17,3405,1,36.5062499405,0.353943517857
2012-11-03 12:34:18,3406,1,36.8626487001,0.356398759673
2012-11-03 12:34:19,3407,1,37.2580353869,0.395386686756
2012-11-03 12:34:20,3408,1,37.6572910588,0.399255671875
2012-11-03 12:34:21,3409,1,38.0119784263,0.354687367559
2012-11-03 12:34:22,3410,1,38.306621401,0.294642974702
2012-11-03 12:34:23,3411,1,38.5363091071,0.229687706101
2012-11-03 12:34:24,3412,1,38.7074400938,0.171130986607
2012-11-03 12:34:25,3413,1,38.8817702589,0.174330165179
2012-11-03 12:34:26,3414,1,39.1444188385,0.262648579613
2012-11-03 12:34:27,3415,1,39.5379455372,0.393526698661
2012-11-03 12:34:28,3416,1,40.0590021406,0.521056603423
2012-11-03 12:34:29,3417,1,40.6532730402,0.594270899554
2012-11-03 12:34:30,3418,1,41.2249991689,0.57172612872
2012-11-03 12:34:31,3419,1,41.7196418266,0.494642657738
2012-11-03 12:34:32,3420,1,42.1513380603,0.431696233631
2012-11-03 12:34:33,3421,1,42.5372010737,0.385863013393
2012-11-03 12:34:34,3422,1,42.8670373862,0.3298363125
2012-11-03 12:34:35,3423,1,43.1066951659,0.239657779762
2012-11-03 12:34:36,3424,1,43.1962041488,0.0895089828869
2012-11-03 12:34:37,3425,1,43.0645821548,-0.131621994048
2012-11-03 12:34:38,3426,1,42.616293503,-0.448288651786
2012-11-03 12:34:39,3427,1,41.7117549435,-0.904538559524
2012-11-03 12:34:40,3428,1,40.2267105179,-1.4850444256
2012-11-03 12:34:41,3429,1,38.1118297857,-2.11488073214
2012-11-03 12:34:42,3430,1,35.3787198118,-2.73310997396
2012-11-03 12:34:43,3431,1,32.0755204263,-3.30319938542
2012-11-03 12:34:44,3432,1,28.2686751004,-3.80684532589
2012-11-03 12:34:45,3433,1,24.0326630997,-4.23601200074
2012-11-03 12:34:46,3434,1,19.4871831808,-4.5454799189
2012-11-03 12:34:47,3435,1,14.8596628177,-4.6275203631
2012-11-03 12:34:48,3436,1,10.5135599048,-4.34610291295
2012-11-03 12:34:49,3437,1,6.88553727232,-3.62802263244
2012-11-03 12:34:50,3438,1,4.31555019643,-2.56998707589
2012-11-03 12:34:51,3439,1,2.86569878497,-1.44985141146
2012-11-03 12:34:52,3440,1,2.2856390372,-0.580059747768
2012-11-03 12:34:53,3441,1,2.1833044561,-0.102334581101
2012-11-03 12:34:54,3442,1,2.24527428497,0.0619698288691
2012-11-03 12:34:55,3443,1,2.30267756176,0.0574032767857
2012-11-03 12:34:56,3444,1,2.29765524182,-0.00502231994047
2012-11-03 12:34:57,3445,1,2.37696141964,0.0793061778274
2012-11-03 12:34:58,3446,1,3.03288593229,0.655924512649
2012-11-03 12:34:59,3447,1,4.90163601711,1.86875008482
2012-11-03 12:35:00,3448,1,8.24144269643,3.33980667932
2012-11-03 12:35:01,3449,1,12.6241344561,4.38269175967
2012-11-03 12:35:02,3450,1,17.1449214717,4.52078701563
2012-11-03 12:35:03,3451,1,21.0067054881,3.86178401637
2012-11-03 12:35:04,3452,1,24.0212982083,3.01459272024
2012-11-03 12:35:05,3453,1,26.5398063906,2.51850818229
2012-11-03 12:35:06,3454,1,28.9771575573,2.43735116667
2012-11-03 12:35:07,3455,1,31.5175593899,2.54040183259
2012-11-03 12:35:08,3456,1,34.1264137009,2.60885431101
2012-11-03 12:35:09,3457,1,36.6517114926,2.52529779167
2012-11-03 12:35:10,3458,1,38.9011907247,2.24947923214
2012-11-03 12:35:11,3459,1,40.6993304754,1.79813975074
2012-11-03 12:35:12,3460,1,41.9821426927,1.28281221726
2012-11-03 12:35:13,3461,1,42.8701631882,0.888020495536
2012-11-03 12:35:14,3462,1,43.5840765863,0.713913398066
2012-11-03 12:35:15,3463,1,44.2760407455,0.691964159226
2012-11-03 12:35:16,3464,1,44.9627967902,0.686756044643
2012-11-03 12:35:17,3465,1,45.5915172812,0.628720491071
2012-11-03 12:35:18,3466,1,46.1370533274,0.545536046131
2012-11-03 12:35:19,3467,1,46.6402530662,0.503199738839
2012-11-03 12:35:20,3468,1,47.1701640476,0.529910981399
2012-11-03 12:35:21,3469,1,47.7486612478,0.578497200149
2012-11-03 12:35:22,3470,1,48.3007446615,0.55208341369
2012-11-03 12:35:23,3471,1,48.67916725,0.378422588542
2012-11-03 12:35:24,3472,1,48.7418159211,0.062648671131
2012-11-03 12:35:25,3473,1,48.4369793594,-0.304836561756
2012-11-03 12:35:26,3474,1,47.865103974,-0.571875385417
2012-11-03 12:35:27,3475,1,47.2308773274,-0.634226646577
2012-11-03 12:35:28,3476,1,46.6819930104,-0.548884316964
2012-11-03 12:35:29,3477,1,46.2213529182,-0.460640092262
2012-11-03 12:35:30,3478,1,45.7741059003,-0.447247017857
2012-11-03 12:35:31,3479,1,45.2877221213,-0.486383779018
2012-11-03 12:35:32,3480,1,44.7831835595,-0.504538561756
2012-11-03 12:35:33,3481,1,44.33176991,-0.451413649554
2012-11-03 12:35:34,3482,1,43.9479901979,-0.383779712053
2012-11-03 12:35:35,3483,1,43.4947165446,-0.453273653274
2012-11-03 12:35:36,3484,1,42.7195679613,-0.775148583333
2012-11-03 12:35:37,3485,1,41.3904014449,-1.32916651637
2012-11-03 12:35:38,3486,1,39.4090026071,-1.9813988378
2012-11-03 12:35:39,3487,1,36.8561006905,-2.55290191667
2012-11-03 12:35:40,3488,1,33.9401036138,-2.91599707664
2012-11-03 12:35:41,3489,1,30.8433775126,-3.09672610119
2012-11-03 12:35:42,3490,1,27.6197169003,-3.22366061235
2012-11-03 12:35:43,3491,1,24.2499252158,-3.36979168452
2012-11-03 12:35:44,3492,1,20.7316959621,-3.51822925372
2012-11-03 12:35:45,3493,1,17.1024548839,-3.62924107812
2012-11-03 12:35:46,3494,1,13.4244044174,-3.67805046652
2012-11-03 12:35:47,3495,1,9.77648793452,-3.64791648289
2012-11-03 12:35:48,3496,1,6.31391365923,-3.4625742753
2012-11-03 12:35:49,3497,1,3.38610120164,-2.92781245759
2012-11-03 12:35:50,3498,1,0.0,-3.38610120164
2012-11-03 12:36:10,3518,20,0.0,0.0
2012-11-03 12:36:11,3519,1,1.13102678571,1.13102678571
2012-11-03 12:36:12,3520,1,1.69467261905,0.563645833333
2012-11-03 12:36:13,3521,1,2.06657738095,0.371904761905
2012-11-03 12:36:14,3522,1,2.17665178571,0.110074404762
2012-11-03 12:36:15,3523,1,2.1593452381,-0.0173065476191
2012-11-03 12:36:16,3524,1,2.12480654762,-0.0345386904762
2012-11-03 12:36:17,3525,1,2.0943452381,-0.0304613095238
2012-11-03 12:36:18,3526,1,2.04066964286,-0.0536755952381
2012-11-03 12:36:19,3527,1,1.96811011905,-0.0725595238095
2012-11-03 12:36:20,3528,1,2.03800595238,0.0698958333333
2012-11-03 12:36:21,3529,1,2.61330357143,0.575297619048
2012-11-03 12:36:22,3530,1,4.10544643006,1.49214285863
2012-11-03 12:36:23,3531,1,6.74226191146,2.6368154814
2012-11-03 12:36:24,3532,1,10.4029166696,3.66065475818
2012-11-03 12:36:25,3533,1,14.6241815052,4.22126483557
2012-11-03 12:36:26,3534,1,18.853898683,4.22971717783
2012-11-03 12:36:27,3535,1,22.7434968504,3.88959816741
2012-11-03 12:36:28,3536,1,26.2032736778,3.45977682738
2012-11-03 12:36:29,3537,1,29.283110058,3.07983638021
2012-11-03 12:36:30,3538,1,32.0385416064,2.75543154836
2012-11-03 12:36:31,3539,1,34.435937311,2.39739570461
2012-11-03 12:36:32,3540,1,36.3749995618,1.93906225074
2012-11-03 12:36:33,3541,1,37.8150290439,1.44002948214
2012-11-03 12:36:34,3542,1,38.8315466562,1.01651761235
2012-11-03 12:36:35,3543,1,39.5441208311,0.712574174851
2012-11-03 12:36:36,3544,1,40.0387635037,0.494642672619
2012-11-03 12:36:37,3545,1,40.3494033519,0.310639848214
2012-11-03 12:36:38,3546,1,40.4773797076,0.127976355655
2012-11-03 12:36:39,3547,1,40.442781814,-0.0345978936012
2012-11-03 12:36:40,3548,1,40.2965024211,-0.146279392857
2012-11-03 12:36:41,3549,1,40.0334074464,-0.263094974702
2012-11-03 12:36:42,3550,1,39.5266366585,-0.506770787947
2012-11-03 12:36:43,3551,1,38.5817704025,-0.944866255952
2012-11-03 12:36:44,3552,1,37.0384665074,-1.54330389509
2012-11-03 12:36:45,3553,1,34.8563977723,-2.18206873512
2012-11-03 12:36:46,3554,1,32.1315465022,-2.72485127009
2012-11-03 12:36:47,3555,1,28.9898055707,-3.14174093155
2012-11-03 12:36:48,3556,1,25.492261157,-3.49754441369
2012-11-03 12:36:49,3557,1,21.6830351109,-3.80922604613
2012-11-03 12:36:50,3558,1,17.6765618802,-4.00647323065
2012-11-03 12:36:51,3559,1,13.6952076277,-3.98135425253
2012-11-03 12:36:52,3560,1,10.0511451141,-3.64406251354
2012-11-03 12:36:53,3561,1,7.03772258482,-3.01342252932
2012-11-03 12:36:54,3562,1,4.80871971518,-2.22900286964
2012-11-03 12:36:55,3563,1,3.35892807738,-1.4497916378
2012-11-03 12:36:56,3564,1,2.55874944836,-0.800178629018
2012-11-03 12:36:57,3565,1,2.19169582098,-0.367053627381
2012-11-03 12:36:58,3566,1,2.04700836443,-0.144687456548
2012-11-03 12:36:59,3567,1,2.09465732232,0.0476489578869
2012-11-03 12:37:00,3568,1,2.59624976161,0.501592439286
2012-11-03 12:37:01,3569,1,3.89936002188,1.30311026027
2012-11-03 12:37:02,3570,1,6.0029017686,2.10354174673
2012-11-03 12:37:03,3571,1,8.37907735625,2.37617558765
2012-11-03 12:37:04,3572,1,10.3107141354,1.93163677917
2012-11-03 12:37:05,3573,1,11.4702823665,1.1595682311
2012-11-03 12:37:06,3574,1,12.1915470226,0.721264656101
2012-11-03 12:37:07,3575,1,13.1383921235,0.946845100893
2012-11-03 12:37:08,3576,1,14.7329605476,1.59456842411
2012-11-03 12:37:09,3577,1,16.8989576101,2.1659970625
2012-11-03 12:37:10,3578,1,19.2038683728,2.30491076265
2012-11-03 12:37:11,3579,1,21.1392106786,1.9353423058
2012-11-03 12:37:12,3580,1,22.3017107634,1.16250008482
2012-11-03 12:37:13,3581,1,22.4407734077,0.139062644345
2012-11-03 12:37:14,3582,1,21.4978419881,-0.942931419643
2012-11-03 12:37:15,3583,1,19.630803308,-1.86703868006
2012-11-03 12:37:16,3584,1,17.1329609062,-2.49784240179
2012-11-03 12:37:17,3585,1,14.333927942,-2.79903296429
2012-11-03 12:37:18,3586,1,11.5514128795,-2.7825150625
2012-11-03 12:37:19,3587,1,9.04412116518,-2.50729171429
2012-11-03 12:37:20,3588,1,7.01964205283,-2.02447911235
2012-11-03 12:37:21,3589,1,5.68958261012,-1.33005944271
2012-11-03 12:37:22,3590,1,5.19568389137,-0.49389871875
2012-11-03 12:37:23,3591,1,5.43772270833,0.242038816964
2012-11-03 12:37:24,3592,1,6.03869014286,0.600967434524
2012-11-03 12:37:25,3593,1,6.53035699033,0.49166684747
2012-11-03 12:37:26,3594,1,6.62842258929,0.0980655989583
2012-11-03 12:37:27,3595,1,6.34263393973,-0.285788649554
2012-11-03 12:37:28,3596,1,5.78757441295,-0.555059526786
2012-11-03 12:37:29,3597,1,4.94114583482,-0.846428578125
2012-11-03 12:37:30,3598,1,3.70907738095,-1.23206845387
2012-11-03 12:37:31,3599,1,2.28697916815,-1.4220982128
2012-11-03 12:37:32,3600,1,0.0,-2.28697916815
2012-11-03 12:42:24,3892,292,0.0,0.0
2012-11-03 12:42:25,3893,1,2.97767854687,2.97767854687
2012-11-03 12:42:26,3894,1,4.56793139137,1.59025284449
2012-11-03 12:42:27,3895,1,5.47507402455,0.907142633185
2012-11-03 12:42:28,3896,1,5.46733570833,-0.00773831622024
2012-11-03 12:42:29,3897,1,4.9310260878,-0.536309620536
2012-11-03 12:42:30,3898,1,4.42447852976,-0.506547558036
2012-11-03 12:42:31,3899,1,4.31882390253,-0.105654627232
2012-11-03 12:42:32,3900,1,4.69471684896,0.375892946429
2012-11-03 12:42:33,3901,1,5.39903232813,0.704315479167
2012-11-03 12:42:34,3902,1,6.15580314881,0.756770820685
2012-11-03 12:42:35,3903,1,6.70721688914,0.551413740327
2012-11-03 12:42:36,3904,1,6.90907709673,0.201860207589
2012-11-03 12:42:37,3905,1,6.71361583036,-0.195461266369
2012-11-03 12:42:38,3906,1,6.09590745238,-0.617708377976
2012-11-03 12:42:39,3907,1,5.02976152679,-1.0661459256
2012-11-03 12:42:40,3908,1,3.58169601339,-1.44806551339
2012-11-03 12:42:41,3909,1,2.07983598214,-1.50186003125
2012-11-03 12:42:42,3910,1,0.0,-2.07983598214
2012-11-03 12:42:58,3926,16,0.0,0.0
2012-11-03 12:42:59,3927,1,2.58258930804,2.58258930804
2012-11-03 12:43:00,3928,1,4.62886906994,2.0462797619
2012-11-03 12:43:01,3929,1,6.98072917708,2.35186010714
2012-11-03 12:43:02,3930,1,9.44903274628,2.4683035692
2012-11-03 12:43:03,3931,1,12.0299107202,2.58087797396
2012-11-03 12:43:04,3932,1,14.7252231853,2.69531246503
2012-11-03 12:43:05,3933,1,17.4242558318,2.69903264658
2012-11-03 12:43:06,3934,1,19.9366812924,2.51242546057
2012-11-03 12:43:07,3935,1,22.1237347388,2.18705344643
2012-11-03 12:43:08,3936,1,23.9522317068,1.82849696801
2012-11-03 12:43:09,3937,1,25.4284966079,1.47626490104
2012-11-03 12:43:10,3938,1,26.5357139085,1.1072173006
2012-11-03 12:43:11,3939,1,27.257737718,0.722023809524
2012-11-03 12:43:12,3940,1,27.6421870841,0.384449366071
2012-11-03 12:43:13,3941,1,27.8323656354,0.190178551339
2012-11-03 12:43:14,3942,1,28.0347466451,0.202381009673
2012-11-03 12:43:15,3943,1,28.4154015372,0.380654892113
2012-11-03 12:43:16,3944,1,28.9963540521,0.580952514881
2012-11-03 12:43:17,3945,1,29.6476933958,0.65133934375
2012-11-03 12:43:18,3946,1,30.1755951302,0.527901734375
2012-11-03 12:43:19,3947,1,30.4357140417,0.260118911458
2012-11-03 12:43:20,3948,1,30.3979162537,-0.0377977879465
2012-11-03 12:43:21,3949,1,30.1296869457,-0.268229308036
2012-11-03 12:43:22,3950,1,29.7392850833,-0.390401862351
2012-11-03 12:43:23,3951,1,29.3287195699,-0.410565513393
2012-11-03 12:43:24,3952,1,28.9538683304,-0.374851239583
2012-11-03 12:43:25,3953,1,28.5767105201,-0.377157810268
2012-11-03 12:43:26,3954,1,28.0209068921,-0.555803627976
2012-11-03 12:43:27,3955,1,26.9877223735,-1.0331845186
2012-11-03 12:43:28,3956,1,25.1942700499,-1.79345232366
2012-11-03 12:43:29,3957,1,22.5666659219,-2.62760412798
2012-11-03 12:43:30,3958,1,19.3164426719,-3.25022325
2012-11-03 12:43:31,3959,1,15.8307282917,-3.48571438021
2012-11-03 12:43:32,3960,1,12.4829603452,-3.34776794643
2012-11-03 12:43:33,3961,1,9.52075792262,-2.96220242262
2012-11-03 12:43:34,3962,1,7.07589184226,-2.44486608036
2012-11-03 12:43:35,3963,1,5.21934422396,-1.8565476183
2012-11-03 12:43:36,3964,1,3.97782640402,-1.24151781994
2012-11-03 12:43:37,3965,1,3.29746938616,-0.680357017857
2012-11-03 12:43:38,3966,1,3.02514817857,-0.272321207589
2012-11-03 12:43:39,3967,1,2.96644308333,-0.0587050952381
2012-11-03 12:43:40,3968,1,2.97403259003,0.00758950669643
2012-11-03 12:43:41,3969,1,3.00446426265,0.030431672619
2012-11-03 12:43:42,3970,1,3.10111608408,0.0966518214286
2012-11-03 12:43:43,3971,1,3.25535715141,0.154241067336
2012-11-03 12:43:44,3972,1,3.25654762277,0.00119047135417
2012-11-03 12:43:45,3973,1,2.80282738653,-0.453720236235
2012-11-03 12:43:46,3974,1,1.91986607515,-0.882961311384
2012-11-03 12:43:47,3975,1,0.0,-1.91986607515
2012-11-03 13:26:31,6539,2564,0.0,0.0
2012-11-03 13:26:32,6540,1,3.54188959784,3.54188959784
2012-11-03 13:26:33,6541,1,6.57481352214,3.03292392429
2012-11-03 13:26:34,6542,1,10.2564726205,3.6816590984
2012-11-03 13:26:35,6543,1,14.2461675322,3.98969491164
2012-11-03 13:26:36,6544,1,18.2735857638,4.02741823158
2012-11-03 13:26:37,6545,1,21.9986231096,3.7250373458
2012-11-03 13:26:38,6546,1,25.0941217533,3.09549864379
2012-11-03 13:26:39,6547,1,27.447284002,2.3531622487
2012-11-03 13:26:40,6548,1,29.2365324208,1.78924841871
2012-11-03 13:26:41,6549,1,30.7632435007,1.52671107999
2012-11-03 13:26:42,6550,1,32.1886896972,1.42544619643
2012-11-03 13:26:43,6551,1,33.4248503609,1.23616066369
2012-11-03 13:26:44,6552,1,34.2612344606,0.836384099702
2012-11-03 13:26:45,6553,1,34.6025293787,0.341294918155
2012-11-03 13:26:46,6554,1,34.6089284487,0.0063990699405
2012-11-03 13:26:47,6555,1,34.6242560506,0.0153276019345
2012-11-03 13:26:48,6556,1,34.9465032894,0.322247238839
2012-11-03 13:26:49,6557,1,35.6026790647,0.656175775298
2012-11-03 13:26:50,6558,1,36.3296880134,0.727008948661
2012-11-03 13:26:51,6559,1,36.810416971,0.480728957589
2012-11-03 13:26:52,6560,1,36.9308779353,0.120460964286
2012-11-03 13:26:53,6561,1,36.8304312016,-0.100446733631
2012-11-03 13:26:54,6562,1,36.7531245112,-0.0773066904762
2012-11-03 13:26:55,6563,1,36.8471721168,0.0940476056548
2012-11-03 13:26:56,6564,1,37.1011899568,0.25401784003
2012-11-03 13:26:57,6565,1,37.4536452426,0.352455285714
2012-11-03 13:26:58,6566,1,37.8802820967,0.426636854167
2012-11-03 13:26:59,6567,1,38.355058942,0.474776845238
2012-11-03 13:27:00,6568,1,38.7898061682,0.43474722619
2012-11-03 13:27:01,6569,1,39.0402528951,0.250446726935
2012-11-03 13:27:02,6570,1,38.9901787612,-0.0500741339286
2012-11-03 13:27:03,6571,1,38.6649556801,-0.325223081101
2012-11-03 13:27:04,6572,1,38.2526044866,-0.412351193452
2012-11-03 13:27:05,6573,1,38.002976433,-0.249628053571
2012-11-03 13:27:06,6574,1,38.1089286644,0.105952231399
2012-11-03 13:27:07,6575,1,38.6091516235,0.500222959077
2012-11-03 13:27:08,6576,1,39.335937026,0.72678540253
2012-11-03 13:27:09,6577,1,40.0000736994,0.664136673363
2012-11-03 13:27:10,6578,1,40.3672611563,0.367187456845
2012-11-03 13:27:11,6579,1,40.358853558,-0.0084075982143
2012-11-03 13:27:12,6580,1,40.0270085484,-0.331845009673
2012-11-03 13:27:13,6581,1,39.4755950789,-0.551413469494
2012-11-03 13:27:14,6582,1,38.8077381168,-0.667856962053
2012-11-03 13:27:15,6583,1,38.1196430067,-0.688095110119
2012-11-03 13:27:16,6584,1,37.496949564,-0.622693442708
2012-11-03 13:27:17,6585,1,36.9630208385,-0.533928725446
2012-11-03 13:27:18,6586,1,36.3735860878,-0.589434750744
2012-11-03 13:27:19,6587,1,35.368080003,-1.00550608482
2012-11-03 13:27:20,6588,1,33.5180056436,-1.85007435938
2012-11-03 13:27:21,6589,1,30.616666506,-2.90133913765
2012-11-03 13:27:22,6590,1,26.8790921964,-3.73757430952
2012-11-03 13:27:23,6591,1,22.8653272783,-4.01376491815
2012-11-03 13:27:24,6592,1,19.1369789293,-3.72834834896
2012-11-03 13:27:25,6593,1,15.8980650595,-3.23891386979
2012-11-03 13:27:26,6594,1,12.9328118973,-2.9652531622
2012-11-03 13:27:27,6595,1,9.89054986756,-3.04226202976
2012-11-03 13:27:28,6596,1,6.68080286384,-3.20974700372
2012-11-03 13:27:29,6597,1,3.72202328423,-2.95877957961
2012-11-03 13:27:30,6598,1,0.0,-3.72202328423
2012-11-03 13:27:56,6624,26,0.0,0.0
2012-11-03 13:27:57,6625,1,2.95386887351,2.95386887351
2012-11-03 13:27:58,6626,1,4.91867533333,1.96480645982
2012-11-03 13:27:59,6627,1,6.73199371949,1.81331838616
2012-11-03 13:28:00,6628,1,8.2758925186,1.54389879911
2012-11-03 13:28:01,6629,1,9.93206812723,1.65617560863
2012-11-03 13:28:02,6630,1,11.9799103839,2.0478422567
2012-11-03 13:28:03,6631,1,14.2806543914,2.30074400744
2012-11-03 13:28:04,6632,1,16.5108626384,2.23020824702
2012-11-03 13:28:05,6633,1,18.5637643185,2.05290168006
2012-11-03 13:28:06,6634,1,20.6529755878,2.08921126935
2012-11-03 13:28:07,6635,1,23.0490322173,2.39605662946
2012-11-03 13:28:08,6636,1,25.766071096,2.71703887872
2012-11-03 13:28:09,6637,1,28.5656992954,2.7996281994
2012-11-03 13:28:10,6638,1,31.1942708601,2.62857156473
2012-11-03 13:28:11,6639,1,33.431101186,2.23683032589
2012-11-03 13:28:12,6640,1,34.9844492418,1.5533480558
2012-11-03 13:28:13,6641,1,35.6274549874,0.643005745536
2012-11-03 13:28:14,6642,1,35.4641363512,-0.163318636161
2012-11-03 13:28:15,6643,1,34.9524547113,-0.511681639881
2012-11-03 13:28:16,6644,1,34.674850529,-0.277604182292
2012-11-03 13:28:17,6645,1,35.0069933787,0.332142849702
2012-11-03 13:28:18,6646,1,35.8918891905,0.884895811756
2012-11-03 13:28:19,6647,1,36.9541659033,1.0622767128
2012-11-03 13:28:20,6648,1,37.8072907135,0.853124810268
2012-11-03 13:28:21,6649,1,38.2043886295,0.397097915923
2012-11-03 13:28:22,6650,1,37.9965014062,-0.207887223214
2012-11-03 13:28:23,6651,1,37.0396559702,-0.956845436012
2012-11-03 13:28:24,6652,1,35.1572899576,-1.88236601265
2012-11-03 13:28:25,6653,1,32.2608616949,-2.89642826265
2012-11-03 13:28:26,6654,1,28.5655495923,-3.69531210268
2012-11-03 13:28:27,6655,1,24.6323653936,-3.93318419866
2012-11-03 13:28:28,6656,1,21.0897316607,-3.54263373289
2012-11-03 13:28:29,6657,1,18.2268597284,-2.86287193229
2012-11-03 13:28:30,6658,1,15.8280502344,-2.39880949405
2012-11-03 13:28:31,6659,1,13.4369787939,-2.39107144048
2012-11-03 13:28:32,6660,1,10.8259668527,-2.61101194122
2012-11-03 13:28:33,6661,1,8.21852635565,-2.60744049702
2012-11-03 13:28:34,6662,1,6.09754423363,-2.12098212202
2012-11-03 13:28:35,6663,1,4.83768563616,-1.25985859747
2012-11-03 13:28:36,6664,1,4.4298173311,-0.40786830506
2012-11-03 13:28:37,6665,1,4.47273023884,0.0429129077381
2012-11-03 13:28:38,6666,1,4.47271161756,-1.86212797697e-05
2012-11-03 13:28:39,6667,1,4.16595944271,-0.306752174851
2012-11-03 13:28:40,6668,1,3.58275644792,-0.583202994792
2012-11-03 13:28:41,6669,1,2.93359363542,-0.6491628125
2012-11-03 13:28:42,6670,1,2.51019339583,-0.423400239583
2012-11-03 13:28:43,6671,1,2.67831090402,0.168117508185
2012-11-03 13:28:44,6672,1,3.8626299628,1.18431905878
2012-11-03 13:28:45,6673,1,6.37667368601,2.51404372321
2012-11-03 13:28:46,6674,1,10.1875552366,3.8108815506
2012-11-03 13:28:47,6675,1,14.7844115945,4.59685635789
2012-11-03 13:28:48,6676,1,19.2625180841,4.47810648958
2012-11-03 13:28:49,6677,1,22.7504088914,3.48789080729
2012-11-03 13:28:50,6678,1,24.93921116,2.1888022686
2012-11-03 13:28:51,6679,1,26.1837796979,1.24456853795
2012-11-03 13:28:52,6680,1,27.1188242976,0.935044599702
2012-11-03 13:28:53,6681,1,28.175520625,1.05669632738
2012-11-03 13:28:54,6682,1,29.3273806562,1.15186003125
2012-11-03 13:28:55,6683,1,30.2380204888,0.910639832589
2012-11-03 13:28:56,6684,1,30.6487347798,0.410714290923
2012-11-03 13:28:57,6685,1,30.5598955402,-0.0888392395833
2012-11-03 13:28:58,6686,1,30.1011158207,-0.458779719494
2012-11-03 13:28:59,6687,1,29.4129461935,-0.688169627232
2012-11-03 13:29:00,6688,1,28.6664432098,-0.746502983631
2012-11-03 13:29:01,6689,1,28.0450890052,-0.621354204613
2012-11-03 13:29:02,6690,1,27.6529014219,-0.392187583333
2012-11-03 13:29:03,6691,1,27.4980649754,-0.154836446429
2012-11-03 13:29:04,6692,1,27.5717999159,0.0737349404762
2012-11-03 13:29:05,6693,1,27.8897313185,0.31793140253
2012-11-03 13:29:06,6694,1,28.4623503698,0.572619051339
2012-11-03 13:29:07,6695,1,29.230505317,0.768154947173
2012-11-03 13:29:08,6696,1,29.950371651,0.719866334077
2012-11-03 13:29:09,6697,1,30.1606396972,0.210268046131
2012-11-03 13:29:10,6698,1,29.3654016458,-0.795238051339
2012-11-03 13:29:11,6699,1,27.2403271853,-2.12507446057
2012-11-03 13:29:12,6700,1,23.7432288884,-3.49709829688
2012-11-03 13:29:13,6701,1,19.2258924829,-4.51733640551
2012-11-03 13:29:14,6702,1,14.4264875952,-4.79940488765
2012-11-03 13:29:15,6703,1,10.223877566,-4.20261002925
2012-11-03 13:29:16,6704,1,7.28236533631,-2.94151222968
2012-11-03 13:29:17,6705,1,5.73242830311,-1.5499370332
2012-11-03 13:29:18,6706,1,5.12712279625,-0.605305506868
2012-11-03 13:29:19,6707,1,4.8245302595,-0.302592536745
2012-11-03 13:29:20,6708,1,4.45057782223,-0.373952437271
2012-11-03 13:29:21,6709,1,4.00984993344,-0.440727888794
2012-11-03 13:29:22,6710,1,3.65564901093,-0.354200922505
2012-11-03 13:29:23,6711,1,3.44218178251,-0.213467228423
2012-11-03 13:29:24,6712,1,3.30176855065,-0.140413231857
2012-11-03 13:29:25,6713,1,3.16676969013,-0.13499886052
2012-11-03 13:29:26,6714,1,3.02307692308,-0.143692767056
2012-11-03 13:29:27,6715,1,2.87692307692,-0.146153846154
2012-11-03 13:29:28,6716,1,2.72817078903,-0.148752287889
2012-11-03 13:29:29,6717,1,2.56534455798,-0.162826231055
2012-11-03 13:29:30,6718,1,2.38698489457,-0.178359663404
2012-11-03 13:29:31,6719,1,2.27530330678,-0.111681587798
2012-11-03 13:29:32,6720,1,2.44223316255,0.166929855769
2012-11-03 13:29:33,6721,1,3.1300020684,0.687768905849
2012-11-03 13:29:34,6722,1,4.42628751431,1.29628544591
2012-11-03 13:29:35,6723,1,6.16662638977,1.74033887546
2012-11-03 13:29:36,6724,1,8.032526214,1.86589982423
2012-11-03 13:29:37,6725,1,9.78950886161,1.75698264761
2012-11-03 13:29:38,6726,1,11.4006752101,1.61116634844
2012-11-03 13:29:39,6727,1,12.8617556131,1.46108040304
2012-11-03 13:29:40,6728,1,13.9872018996,1.12544628646
2012-11-03 13:29:41,6729,1,14.44955309,0.462351190476
2012-11-03 13:29:42,6730,1,14.0842258512,-0.365327238839
2012-11-03 13:29:43,6731,1,13.1549849628,-0.929240888393
2012-11-03 13:29:44,6732,1,12.2699404107,-0.885044552083
2012-11-03 13:29:45,6733,1,12.0093748943,-0.260565516369
2012-11-03 13:29:46,6734,1,12.5789432522,0.569568357887
2012-11-03 13:29:47,6735,1,13.742336026,1.16339277381
2012-11-03 13:29:48,6736,1,15.0830353452,1.3406993192
2012-11-03 13:29:49,6737,1,16.3212048616,1.23816951637
2012-11-03 13:29:50,6738,1,17.3824398013,1.06123493973
2012-11-03 13:29:51,6739,1,18.304165808,0.921726006696
2012-11-03 13:29:52,6740,1,19.1960556057,0.891889797619
2012-11-03 13:29:53,6741,1,20.2666657999,1.0706101942
2012-11-03 13:29:54,6742,1,21.8246272917,1.55796149182
2012-11-03 13:29:55,6743,1,24.1448656138,2.32023832217
2012-11-03 13:29:56,6744,1,27.2319938423,3.08712822842
2012-11-03 13:29:57,6745,1,30.7515625186,3.51956867634
2012-11-03 13:29:58,6746,1,34.2345983609,3.48303584226
2012-11-03 13:29:59,6747,1,37.3191222128,3.08452385193
2012-11-03 13:30:00,6748,1,39.8339287589,2.51480654613
2012-11-03 13:30:01,6749,1,41.7356400201,1.90171126116
2012-11-03 13:30:02,6750,1,43.0275297738,1.29188975372
2012-11-03 13:30:03,6751,1,43.7947914576,0.76726168378
2012-11-03 13:30:04,6752,1,44.2787941972,0.484002739583
2012-11-03 13:30:05,6753,1,44.7974696994,0.518675502232
2012-11-03 13:30:06,6754,1,45.56971684,0.772247140625
2012-11-03 13:30:07,6755,1,46.632291465,1.062574625
2012-11-03 13:30:08,6756,1,47.8392856667,1.20699420164
2012-11-03 13:30:09,6757,1,48.9065475402,1.06726187351
2012-11-03 13:30:10,6758,1,49.5604907522,0.653943212053
2012-11-03 13:30:11,6759,1,49.7033475126,0.142856760417
2012-11-03 13:30:12,6760,1,49.4529751161,-0.250372396577
2012-11-03 13:30:13,6761,1,49.0687487522,-0.384226363839
2012-11-03 13:30:14,6762,1,48.7912190662,-0.277529686012
2012-11-03 13:30:15,6763,1,48.6707578958,-0.120461170387
2012-11-03 13:30:16,6764,1,48.5614572693,-0.109300626488
2012-11-03 13:30:17,6765,1,48.2967248891,-0.264732380208
2012-11-03 13:30:18,6766,1,47.8553555997,-0.441369289434
2012-11-03 13:30:19,6767,1,47.3507425119,-0.504613087798
2012-11-03 13:30:20,6768,1,46.8659957999,-0.484746712054
2012-11-03 13:30:21,6769,1,46.3297610923,-0.536234707589
2012-11-03 13:30:22,6770,1,45.5494041882,-0.780356904018
2012-11-03 13:30:23,6771,1,44.3415916302,-1.20781255804
2012-11-03 13:30:24,6772,1,42.6879455201,-1.65364611012
2012-11-03 13:30:25,6773,1,40.7772309472,-1.91071457292
2012-11-03 13:30:26,6774,1,38.7884659717,-1.98876497545
2012-11-03 13:30:27,6775,1,36.642856,-2.14560997173
2012-11-03 13:30:28,6776,1,34.0629455424,-2.57991045759
2012-11-03 13:30:29,6777,1,30.8446421644,-3.21830337798
2012-11-03 13:30:30,6778,1,27.0982136667,-3.74642849777
2012-11-03 13:30:31,6779,1,23.3104904836,-3.78772318304
2012-11-03 13:30:32,6780,1,20.0692703363,-3.24122014732
2012-11-03 13:30:33,6781,1,17.6288687135,-2.44040162277
2012-11-03 13:30:34,6782,1,15.7886158817,-1.84025283185
2012-11-03 13:30:35,6783,1,14.1586307976,-1.62998508408
2012-11-03 13:30:36,6784,1,12.4664432426,-1.69218755506
2012-11-03 13:30:37,6785,1,10.6698658177,-1.79657742485
2012-11-03 13:30:38,6786,1,8.93206823289,-1.73779758482
2012-11-03 13:30:39,6787,1,7.54441951786,-1.38764871503
2012-11-03 13:30:40,6788,1,6.76160710714,-0.782812410714
2012-11-03 13:30:41,6789,1,6.66711310119,-0.0944940059524
2012-11-03 13:30:42,6790,1,7.26205358482,0.594940483631
2012-11-03 13:30:43,6791,1,8.61465774405,1.35260415923
2012-11-03 13:30:44,6792,1,10.813541631,2.1988838869
2012-11-03 13:30:45,6793,1,13.7433034464,2.92976181548
2012-11-03 13:30:46,6794,1,16.8450146615,3.10171121503
2012-11-03 13:30:47,6795,1,19.1742556972,2.32924103571
2012-11-03 13:30:48,6796,1,19.9462051406,0.771949443452
2012-11-03 13:30:49,6797,1,19.0837051979,-0.862499942708
2012-11-03 13:30:50,6798,1,17.1333331793,-1.9503720186
2012-11-03 13:30:51,6799,1,14.734970026,-2.39836315327
2012-11-03 13:30:52,6800,1,12.3135413772,-2.42142864881
2012-11-03 13:30:53,6801,1,10.1793151384,-2.13422623884
2012-11-03 13:30:54,6802,1,8.70863061235,-1.47068452604
2012-11-03 13:30:55,6803,1,8.29732110193,-0.411309510417
2012-11-03 13:30:56,6804,1,9.05520799777,0.757886895833
2012-11-03 13:30:57,6805,1,10.5593002269,1.50409222917
2012-11-03 13:30:58,6806,1,12.0593001786,1.49999995164
2012-11-03 13:30:59,6807,1,12.984002503,0.924702324405
2012-11-03 13:31:00,6808,1,13.1736602106,0.189657707589
2012-11-03 13:31:01,6809,1,12.6979161987,-0.475744011905
2012-11-03 13:31:02,6810,1,11.6512645097,-1.04665168899
2012-11-03 13:31:03,6811,1,10.1828122202,-1.46845228943
2012-11-03 13:31:04,6812,1,8.62886877604,-1.5539434442
2012-11-03 13:31:05,6813,1,7.45900261235,-1.16986616369
2012-11-03 13:31:06,6814,1,6.95275246801,-0.506250144345
2012-11-03 13:31:07,6815,1,6.94813924405,-0.00461322395833
2012-11-03 13:31:08,6816,1,7.00580288095,0.0576636369048
2012-11-03 13:31:09,6817,1,6.80855590551,-0.197246975446
2012-11-03 13:31:10,6818,1,6.33988044643,-0.468675459077
2012-11-03 13:31:11,6819,1,5.71023033259,-0.629650113839
2012-11-03 13:31:12,6820,1,4.95498494345,-0.755245389137
2012-11-03 13:31:13,6821,1,4.08322154836,-0.871763395089
2012-11-03 13:31:14,6822,1,3.21294607068,-0.870275477679
2012-11-03 13:31:15,6823,1,2.54285652009,-0.670089550595
2012-11-03 13:31:16,6824,1,2.20528188616,-0.337574633929
2012-11-03 13:31:17,6825,1,2.16421032589,-0.0410715602678
2012-11-03 13:31:18,6826,1,2.27477576711,0.11056544122
2012-11-03 13:31:19,6827,1,2.48935913839,0.21458337128
2012-11-03 13:31:20,6828,1,2.96078780283,0.471428664435
2012-11-03 13:31:21,6829,1,3.85126413318,0.890476330357
2012-11-03 13:31:22,6830,1,5.05989525446,1.20863112128
2012-11-03 13:31:23,6831,1,6.18314688021,1.12325162574
2012-11-03 13:31:24,6832,1,6.70193412054,0.518787240327
2012-11-03 13:31:25,6833,1,6.23790878348,-0.464025337054
2012-11-03 13:31:26,6834,1,4.79918110045,-1.43872768304
2012-11-03 13:31:27,6835,1,2.92239548512,-1.87678561533
2012-11-03 13:31:28,6836,1,0.0,-2.92239548512
2012-11-03 13:44:41,7629,793,0.0,0.0
2012-11-03 13:44:42,7630,1,2.44159191741,2.44159191741
2012-11-03 13:44:43,7631,1,3.94419590402,1.50260398661
2012-11-03 13:44:44,7632,1,4.99799047693,1.05379457292
2012-11-03 13:44:45,7633,1,5.19813937202,0.200148895089
2012-11-03 13:44:46,7634,1,4.74657705208,-0.45156231994
2012-11-03 13:44:47,7635,1,4.16398791815,-0.582589133929
2012-11-03 13:44:48,7636,1,3.90238077455,-0.261607143601
2012-11-03 13:44:49,7637,1,4.14345202307,0.241071248512
2012-11-03 13:44:50,7638,1,4.80632378051,0.66287175744
2012-11-03 13:44:51,7639,1,5.68705271429,0.88072893378
2012-11-03 13:44:52,7640,1,6.59456746949,0.907514755208
2012-11-03 13:44:53,7641,1,7.33727580208,0.742708332589
2012-11-03 13:44:54,7642,1,7.70386815848,0.366592356399
2012-11-03 13:44:55,7643,1,7.60297543899,-0.100892719494
2012-11-03 13:44:56,7644,1,7.16644283482,-0.436532604167
2012-11-03 13:44:57,7645,1,6.64099650149,-0.525446333333
2012-11-03 13:44:58,7646,1,6.1992554628,-0.44174103869
2012-11-03 13:44:59,7647,1,5.85714232664,-0.342113136161
2012-11-03 13:45:00,7648,1,5.55037139509,-0.306770931548
2012-11-03 13:45:01,7649,1,5.25431475744,-0.296056637649
2012-11-03 13:45:02,7650,1,4.97671058929,-0.277604168155
2012-11-03 13:45:03,7651,1,4.66584758929,-0.310863
2012-11-03 13:45:04,7652,1,4.22418102455,-0.441666564732
2012-11-03 13:45:05,7653,1,3.62552030952,-0.59866071503
2012-11-03 13:45:06,7654,1,2.97976124926,-0.645759060268
2012-11-03 13:45:07,7655,1,2.46592177976,-0.513839469494
2012-11-03 13:45:08,7656,1,2.18511807887,-0.280803700893
2012-11-03 13:45:09,7657,1,2.08980553497,-0.0953125438988
2012-11-03 13:45:10,7658,1,2.06309422321,-0.0267113117559
2012-11-03 13:45:11,7659,1,2.04813887351,-0.0149553497024
2012-11-03 13:45:12,7660,1,2.13556450372,0.0874256302083
2012-11-03 13:45:13,7661,1,2.51845149479,0.382886991071
2012-11-03 13:45:14,7662,1,3.27179984598,0.75334835119
2012-11-03 13:45:15,7663,1,4.18608572545,0.914285879464
2012-11-03 13:45:16,7664,1,4.87172575149,0.685640026042
2012-11-03 13:45:17,7665,1,5.02671094494,0.154985193452
2012-11-03 13:45:18,7666,1,4.67172582292,-0.354985122024
2012-11-03 13:45:19,7667,1,4.17403233036,-0.49769349256
2012-11-03 13:45:20,7668,1,3.99471683036,-0.1793155
2012-11-03 13:45:21,7669,1,4.42217220313,0.427455372768
2012-11-03 13:45:22,7670,1,5.50706807217,1.08489586905
2012-11-03 13:45:23,7671,1,7.10409192187,1.5970238497
2012-11-03 13:45:24,7672,1,8.96004436012,1.85595243824
2012-11-03 13:45:25,7673,1,10.8213539628,1.86130960268
2012-11-03 13:45:26,7674,1,12.4647319933,1.64337803051
2012-11-03 13:45:27,7675,1,13.6830355208,1.21830352753
2012-11-03 13:45:28,7676,1,14.3046871667,0.621651645833
2012-11-03 13:45:29,7677,1,14.2235858445,-0.0811013221727
2012-11-03 13:45:30,7678,1,13.4207584159,-0.802827428571
2012-11-03 13:45:31,7679,1,11.9985858028,-1.4221726131
2012-11-03 13:45:32,7680,1,10.2156244933,-1.78296130952
2012-11-03 13:45:33,7681,1,8.49434472396,-1.72127976935
2012-11-03 13:45:34,7682,1,7.38668107738,-1.10766364658
2012-11-03 13:45:35,7683,1,7.40632407366,0.0196429962798
2012-11-03 13:45:36,7684,1,8.70349686905,1.29717279539
2012-11-03 13:45:37,7685,1,10.8660713616,2.16257449256
2012-11-03 13:45:38,7686,1,13.0872022671,2.22113090551
2012-11-03 13:45:39,7687,1,14.5406247872,1.45342252009
2012-11-03 13:45:40,7688,1,14.6921872396,0.151562452381
2012-11-03 13:45:41,7689,1,13.4090771615,-1.28311007812
2012-11-03 13:45:42,7690,1,10.8832588125,-2.52581834896
2012-11-03 13:45:43,7691,1,7.57224701042,-3.31101180208
2012-11-03 13:45:44,7692,1,4.3065476436,-3.26569936682
2012-11-03 13:45:45,7693,1,0.0,-4.3065476436
2012-11-03 13:46:40,7748,55,0.0,0.0
2012-11-03 13:46:41,7749,1,5.11361569494,5.11361569494
2012-11-03 13:46:42,7750,1,9.08563944717,3.97202375223
2012-11-03 13:46:43,7751,1,13.3502972909,4.26465784375
2012-11-03 13:46:44,7752,1,17.3037200461,3.95342275521
2012-11-03 13:46:45,7753,1,20.882812308,3.5790922619
2012-11-03 13:46:46,7754,1,24.1909222857,3.30810997768
2012-11-03 13:46:47,7755,1,27.1811751302,2.99025284449
2012-11-03 13:46:48,7756,1,29.6762644159,2.49508928571
2012-11-03 13:46:49,7757,1,31.5423359315,1.86607151563
2012-11-03 13:46:50,7758,1,32.7879460766,1.24561014509
2012-11-03 13:46:51,7759,1,33.5778269353,0.789880858631
2012-11-03 13:46:52,7760,1,34.1426333475,0.564806412202
2012-11-03 13:46:53,7761,1,34.6297612031,0.487127855655
2012-11-03 13:46:54,7762,1,35.0500735685,0.420312365327
2012-11-03 13:46:55,7763,1,35.3462043594,0.296130790923
2012-11-03 13:46:56,7764,1,35.4703113579,0.124106998512
2012-11-03 13:46:57,7765,1,35.4171118713,-0.0531994866071
2012-11-03 13:46:58,7766,1,35.2454600632,-0.171651808036
2012-11-03 13:46:59,7767,1,35.0707576644,-0.17470239881
2012-11-03 13:47:00,7768,1,34.9726921451,-0.0980655193452
2012-11-03 13:47:01,7769,1,34.897394529,-0.0752976160714
2012-11-03 13:47:02,7770,1,34.6712041808,-0.226190348214
2012-11-03 13:47:03,7771,1,34.0825138936,-0.588690287202
2012-11-03 13:47:04,7772,1,32.959076506,-1.12343738765
2012-11-03 13:47:05,7773,1,31.2165169888,-1.74255951711
2012-11-03 13:47:06,7774,1,28.8538681719,-2.36264881696
2012-11-03 13:47:07,7775,1,25.9848950275,-2.86897314435
2012-11-03 13:47:08,7776,1,22.9338535052,-3.05104152232
2012-11-03 13:47:09,7777,1,20.2002970841,-2.73355642113
2012-11-03 13:47:10,7778,1,18.2584072426,-1.94188984152
2012-11-03 13:47:11,7779,1,17.3897316384,-0.868675604167
2012-11-03 13:47:12,7780,1,17.6365322746,0.246800636161
2012-11-03 13:47:13,7781,1,18.8485859777,1.21205370313
2012-11-03 13:47:14,7782,1,20.7744789784,1.92589300074
2012-11-03 13:47:15,7783,1,23.1417409196,2.36726194122
2012-11-03 13:47:16,7784,1,25.7270086845,2.58526776488
2012-11-03 13:47:17,7785,1,28.3936752232,2.66666653869
2012-11-03 13:47:18,7786,1,31.0305799211,2.63690469792
2012-11-03 13:47:19,7787,1,33.4761156473,2.44553572619
2012-11-03 13:47:20,7788,1,35.5912942574,2.11517861012
2012-11-03 13:47:21,7789,1,37.3896574055,1.79836314807
2012-11-03 13:47:22,7790,1,39.003050349,1.61339294345
2012-11-03 13:47:23,7791,1,40.5139135275,1.51086317857
2012-11-03 13:47:24,7792,1,41.8269343713,1.31302084375
2012-11-03 13:47:25,7793,1,42.6929313371,0.865996965774
2012-11-03 13:47:26,7794,1,42.8983628423,0.205431505208
2012-11-03 13:47:27,7795,1,42.4255950149,-0.472767827381
2012-11-03 13:47:28,7796,1,41.4055057954,-1.02008921949
2012-11-03 13:47:29,7797,1,39.9742558281,-1.43124996726
2012-11-03 13:47:30,7798,1,38.1922617716,-1.78199405655
2012-11-03 13:47:31,7799,1,36.0515623817,-2.14069938988
2012-11-03 13:47:32,7800,1,33.5563243638,-2.49523801786
2012-11-03 13:47:33,7801,1,30.7967262121,-2.75959815179
2012-11-03 13:47:34,7802,1,27.9125743735,-2.88415183854
2012-11-03 13:47:35,7803,1,24.9787200685,-2.93385430506
2012-11-03 13:47:36,7804,1,21.9493571277,-3.02936294075
2012-11-03 13:47:37,7805,1,18.7250267177,-3.22433040997
2012-11-03 13:47:38,7806,1,15.294973926,-3.43005279173
2012-11-03 13:47:39,7807,1,11.8566824547,-3.43829147125
2012-11-03 13:47:40,7808,1,8.7873979534,-3.06928450135
2012-11-03 13:47:41,7809,1,6.44891699966,-2.33848095373
2012-11-03 13:47:42,7810,1,4.987221787,-1.46169521266
2012-11-03 13:47:43,7811,1,4.26763972017,-0.719582066829
2012-11-03 13:47:44,7812,1,3.97026414556,-0.297375574608
2012-11-03 13:47:45,7813,1,3.79456068162,-0.175703463948
2012-11-03 13:47:46,7814,1,3.60405744007,-0.190503241545
2012-11-03 13:47:47,7815,1,3.38983936797,-0.214218072105
2012-11-03 13:47:48,7816,1,3.16592838163,-0.223910986337
2012-11-03 13:47:49,7817,1,2.94082014982,-0.225108231805
2012-11-03 13:47:50,7818,1,2.74813210423,-0.19268804559
2012-11-03 13:47:51,7819,1,2.64893706419,-0.0991950400433
2012-11-03 13:47:52,7820,1,2.67042663724,0.0214895730519
2012-11-03 13:47:53,7821,1,2.72517523485,0.0547485976055
2012-11-03 13:47:54,7822,1,2.600980421,-0.124194813853
2012-11-03 13:47:55,7823,1,2.11023388873,-0.490746532265
2012-11-03 13:47:56,7824,1,1.39104434848,-0.719189540246
2012-11-03 13:47:57,7825,1,0.0,-1.39104434848
2012-11-03 13:48:36,7864,39,0.0,0.0
2012-11-03 13:48:37,7865,1,5.05796114063,5.05796114063
2012-11-03 13:48:38,7866,1,9.21532700149,4.15736586086
2012-11-03 13:48:39,7867,1,13.7624993594,4.54717235789
2012-11-03 13:48:40,7868,1,18.0606390164,4.29813965699
2012-11-03 13:48:41,7869,1,21.9918145208,3.93117550446
2012-11-03 13:48:42,7870,1,25.7495527016,3.7577381808
2012-11-03 13:48:43,7871,1,29.5005201979,3.75096749628
2012-11-03 13:48:44,7872,1,33.197916343,3.69739614509
2012-11-03 13:48:45,7873,1,36.6413689933,3.4434526503
2012-11-03 13:48:46,7874,1,39.6682292054,3.02686021205
2012-11-03 13:48:47,7875,1,42.2471725558,2.57894335045
2012-11-03 13:48:48,7876,1,44.3977676146,2.15059505878
2012-11-03 13:48:49,7877,1,46.1146573504,1.71688973586
2012-11-03 13:48:50,7878,1,47.3962048876,1.2815475372
2012-11-03 13:48:51,7879,1,48.2841512798,0.887946392113
2012-11-03 13:48:52,7880,1,48.8723209085,0.58816962872
2012-11-03 13:48:53,7881,1,49.2838536696,0.411532761161
2012-11-03 13:48:54,7882,1,49.614434122,0.330580452381
2012-11-03 13:48:55,7883,1,49.9185264814,0.304092359375
2012-11-03 13:48:56,7884,1,50.2281990201,0.30967253869
2012-11-03 13:48:57,7885,1,50.5139129792,0.285713959077
2012-11-03 13:48:58,7886,1,50.6747756756,0.160862696429
2012-11-03 13:48:59,7887,1,50.6380939278,-0.0366817477678
2012-11-03 13:49:00,7888,1,50.4263381146,-0.211755813244
2012-11-03 13:49:01,7889,1,50.1101182537,-0.316219860863
2012-11-03 13:49:02,7890,1,49.7574400484,-0.352678205357
2012-11-03 13:49:03,7891,1,49.4388390298,-0.318601018601
2012-11-03 13:49:04,7892,1,49.2356395804,-0.203199449405
2012-11-03 13:49:05,7893,1,49.2206096451,-0.0150299352678
2012-11-03 13:49:06,7894,1,49.4049844509,0.184374805804
2012-11-03 13:49:07,7895,1,49.685415817,0.280431366071
2012-11-03 13:49:08,7896,1,49.8763382619,0.19092244494
2012-11-03 13:49:09,7897,1,49.7950881749,-0.0812500870536
2012-11-03 13:49:10,7898,1,49.2908471979,-0.504240976935
2012-11-03 13:49:11,7899,1,48.2505944449,-1.04025275298
2012-11-03 13:49:12,7900,1,46.6464279621,-1.60416648289
2012-11-03 13:49:13,7901,1,44.5586303571,-2.08779760491
2012-11-03 13:49:14,7902,1,42.0913683244,-2.46726203274
2012-11-03 13:49:15,7903,1,39.254761093,-2.8366072314
2012-11-03 13:49:16,7904,1,35.9939724993,-3.26078859375
2012-11-03 13:49:17,7905,1,32.3073655744,-3.68660692485
2012-11-03 13:49:18,7906,1,28.2091514375,-4.0982141369
2012-11-03 13:49:19,7907,1,23.6382436793,-4.57090775818
2012-11-03 13:49:20,7908,1,18.564359628,-5.07388405134
2012-11-03 13:49:21,7909,1,13.1852672753,-5.37909235268
2012-11-03 13:49:22,7910,1,8.04255897842,-5.14270829687
2012-11-03 13:49:23,7911,1,3.9805799747,-4.06197900372
2012-11-03 13:49:24,7912,1,0.0,-3.9805799747
2012-11-03 13:49:42,7930,18,0.0,0.0
2012-11-03 13:49:43,7931,1,3.8781248125,3.8781248125
2012-11-03 13:49:44,7932,1,6.6443449561,2.7662201436
2012-11-03 13:49:45,7933,1,9.36718714286,2.72284218676
2012-11-03 13:49:46,7934,1,11.8531989524,2.48601180952
2012-11-03 13:49:47,7935,1,14.5164428542,2.66324390179
2012-11-03 13:49:48,7936,1,17.8366064182,3.32016356399
2012-11-03 13:49:49,7937,1,21.8831837954,4.04657737723
2012-11-03 13:49:50,7938,1,26.2327375126,4.34955371726
2012-11-03 13:49:51,7939,1,30.2667406815,4.0340031689
2012-11-03 13:49:52,7940,1,33.58266334,3.31592265848
2012-11-03 13:49:53,7941,1,36.1765619219,2.59389858185
2012-11-03 13:49:54,7942,1,38.2902520662,2.11369014435
2012-11-03 13:49:55,7943,1,40.1547608854,1.8645088192
2012-11-03 13:49:56,7944,1,41.8638385372,1.70907765179
2012-11-03 13:49:57,7945,1,43.367782494,1.50394395685
2012-11-03 13:49:58,7946,1,44.5300597232,1.16227722917
2012-11-03 13:49:59,7947,1,45.2375747798,0.707515056548
2012-11-03 13:50:00,7948,1,45.4779021019,0.240327322173
2012-11-03 13:50:01,7949,1,45.320015096,-0.157887005952
2012-11-03 13:50:02,7950,1,44.8552085134,-0.464806582589
2012-11-03 13:50:03,7951,1,44.1442710052,-0.710937508185
2012-11-03 13:50:04,7952,1,43.1866072567,-0.957663748512
2012-11-03 13:50:05,7953,1,41.9450892254,-1.24151803125
2012-11-03 13:50:06,7954,1,40.3909222411,-1.55416698438
2012-11-03 13:50:07,7955,1,38.4700141213,-1.92090811979
2012-11-03 13:50:08,7956,1,36.0282727671,-2.44174135417
2012-11-03 13:50:09,7957,1,32.8474691228,-3.18080364435
2012-11-03 13:50:10,7958,1,28.7873501763,-4.06011894643
2012-11-03 13:50:11,7959,1,23.9210556696,-4.8662945067
2012-11-03 13:50:12,7960,1,18.624627154,-5.29642851562
2012-11-03 13:50:13,7961,1,13.5554307046,-5.0691964494
2012-11-03 13:50:14,7962,1,9.46026701339,-4.09516369122
2012-11-03 13:50:15,7963,1,6.89025222396,-2.57001478943
2012-11-03 13:50:16,7964,1,5.92894286012,-0.961309363839
2012-11-03 13:50:17,7965,1,6.08221681473,0.153273954613
2012-11-03 13:50:18,7966,1,6.52916629762,0.446949482887
2012-11-03 13:50:19,7967,1,6.64479133333,0.115625035714
2012-11-03 13:50:20,7968,1,6.38385387723,-0.260937456101
2012-11-03 13:50:21,7969,1,6.26860097545,-0.115252901786
2012-11-03 13:50:22,7970,1,7.02663678795,0.7580358125
2012-11-03 13:50:23,7971,1,9.06242556771,2.03578877976
2012-11-03 13:50:24,7972,1,12.1015625089,3.03913694122
2012-11-03 13:50:25,7973,1,15.3059523519,3.20438984301
2012-11-03 13:50:26,7974,1,17.7372022574,2.43124990551
2012-11-03 13:50:27,7975,1,18.7892110885,1.0520088311
2012-11-03 13:50:28,7976,1,18.3582586667,-0.430952421875
2012-11-03 13:50:29,7977,1,16.724218529,-1.63404013765
2012-11-03 13:50:30,7978,1,14.2827379702,-2.44148055878
2012-11-03 13:50:31,7979,1,11.3696428229,-2.91309514732
2012-11-03 13:50:32,7980,1,8.26934525149,-3.10029757143
2012-11-03 13:50:33,7981,1,5.28876490997,-2.98058034152
2012-11-03 13:50:34,7982,1,2.80766370982,-2.48110120015
2012-11-03 13:50:35,7983,1,0.0,-2.80766370982
2012-11-03 13:51:51,8059,76,0.0,0.0
2012-11-03 13:51:52,8060,1,1.00844441592,1.00844441592
2012-11-03 13:51:53,8061,1,1.51848891629,0.510044500372
2012-11-03 13:51:54,8062,1,1.86235059821,0.34386168192
2012-11-03 13:51:55,8063,1,1.98281211161,0.120461513393
2012-11-03 13:51:56,8064,1,1.99135639695,0.00854428534226
2012-11-03 13:51:57,8065,1,1.97331939751,-0.018036999442
2012-11-03 13:51:58,8066,1,1.95338495424,-0.0199344432664
2012-11-03 13:51:59,8067,1,1.9414862699,-0.0118986843378
2012-11-03 13:52:00,8068,1,1.94684964211,0.00536337220983
2012-11-03 13:52:01,8069,1,1.96793114062,0.0210814985119
2012-11-03 13:52:02,8070,1,1.9937249442,0.0257938035714
2012-11-03 13:52:03,8071,1,2.01388249386,0.0201575496652
2012-11-03 13:52:04,8072,1,2.02600422805,0.012121734189
2012-11-03 13:52:05,8073,1,2.03407085621,0.0080666281622
2012-11-03 13:52:06,8074,1,2.04180266034,0.00773180412946
2012-11-03 13:52:07,8075,1,2.0499995,0.00819683965774
2012-11-03 13:52:08,8076,1,2.05760110305,0.0076016030506
2012-11-03 13:52:09,8077,1,2.04836862816,-0.0092324748884
2012-11-03 13:52:10,8078,1,1.98790847284,-0.0604601553199
2012-11-03 13:52:11,8079,1,1.95587093583,-0.0320375370164
2012-11-03 13:52:12,8080,1,2.33663103571,0.380760099888
2012-11-03 13:52:13,8081,1,3.68273717262,1.3461061369
2012-11-03 13:52:14,8082,1,6.26683940699,2.58410223437
2012-11-03 13:52:15,8083,1,9.77648110324,3.50964169624
2012-11-03 13:52:16,8084,1,13.3069561298,3.5304750266
2012-11-03 13:52:17,8085,1,15.7010224419,2.39406631207
2012-11-03 13:52:18,8086,1,16.1643224232,0.463299981337
2012-11-03 13:52:19,8087,1,14.6238091674,-1.54051325583
2012-11-03 13:52:20,8088,1,11.6604659692,-2.96334319816
2012-11-03 13:52:21,8089,1,8.27502440278,-3.38544156647
2012-11-03 13:52:22,8090,1,5.4480648564,-2.82695954638
2012-11-03 13:52:23,8091,1,3.66907157688,-1.77899327951
2012-11-03 13:52:24,8092,1,2.85436410392,-0.814707472966
2012-11-03 13:52:25,8093,1,2.60357041592,-0.250793687996
2012-11-03 13:52:26,8094,1,2.52125395064,-0.0823164652778
2012-11-03 13:52:27,8095,1,2.41297022197,-0.108283728671
2012-11-03 13:52:28,8096,1,2.25557935119,-0.157390870784
2012-11-03 13:52:29,8097,1,2.10151192436,-0.154067426835
2012-11-03 13:52:30,8098,1,2.120212406,0.0187004816468
2012-11-03 13:52:31,8099,1,2.709076625,0.588864218998
2012-11-03 13:52:32,8100,1,4.43211746701,1.72304084201
2012-11-03 13:52:33,8101,1,7.67889344742,3.24677598041
2012-11-03 13:52:34,8102,1,12.2983628609,4.61946941344
2012-11-03 13:52:35,8103,1,17.5927577892,5.29439492832
2012-11-03 13:52:36,8104,1,22.7143847443,5.12162695511
2012-11-03 13:52:37,8105,1,27.1307288847,4.41634414038
2012-11-03 13:52:38,8106,1,30.7974698229,3.66674093824
2012-11-03 13:52:39,8107,1,33.95669584,3.15922601711
2012-11-03 13:52:40,8108,1,36.8188236228,2.86212778274
2012-11-03 13:52:41,8109,1,39.4386151949,2.61979157217
2012-11-03 13:52:42,8110,1,41.7878712723,2.34925607738
2012-11-03 13:52:43,8111,1,43.8328121101,2.0449408378
2012-11-03 13:52:44,8112,1,45.5477679211,1.71495581101
2012-11-03 13:52:45,8113,1,46.8968009747,1.34903305357
2012-11-03 13:52:46,8114,1,47.8249260551,0.928125080357
2012-11-03 13:52:47,8115,1,48.3008932217,0.475967166667
2012-11-03 13:52:48,8116,1,48.3581846674,0.0572914456845
2012-11-03 13:52:49,8117,1,48.0694939018,-0.288690765625
2012-11-03 13:52:50,8118,1,47.5080353452,-0.561458556548
2012-11-03 13:52:51,8119,1,46.7502228095,-0.757812535714
2012-11-03 13:52:52,8120,1,45.9093747626,-0.840848046875
2012-11-03 13:52:53,8121,1,45.1424107299,-0.766964032738
2012-11-03 13:52:54,8122,1,44.5663692307,-0.576041499256
2012-11-03 13:52:55,8123,1,44.1678573616,-0.398511869048
2012-11-03 13:52:56,8124,1,43.8584823482,-0.309375013393
2012-11-03 13:52:57,8125,1,43.6276043445,-0.23087800372
2012-11-03 13:52:58,8126,1,43.5841518519,-0.0434524925595
2012-11-03 13:52:59,8127,1,43.818601006,0.234449154018
2012-11-03 13:53:00,8128,1,44.2665917507,0.447990744792
2012-11-03 13:53:01,8129,1,44.759671811,0.493080060268
2012-11-03 13:53:02,8130,1,45.1860852723,0.42641346131
2012-11-03 13:53:03,8131,1,45.5605643058,0.374479033482
2012-11-03 13:53:04,8132,1,45.9601923177,0.399628011905
2012-11-03 13:53:05,8133,1,46.4211300751,0.460937757441
2012-11-03 13:53:06,8134,1,46.8952376801,0.474107604911
2012-11-03 13:53:07,8135,1,47.3155507106,0.420313030506
2012-11-03 13:53:08,8136,1,47.6861611845,0.370610473958
2012-11-03 13:53:09,8137,1,48.0574409829,0.371279798363
2012-11-03 13:53:10,8138,1,48.4358634159,0.378422433036
2012-11-03 13:53:11,8139,1,48.7707590186,0.334895602679
2012-11-03 13:53:12,8140,1,48.9985862202,0.227827201637
2012-11-03 13:53:13,8141,1,49.0782735982,0.0796873779762
2012-11-03 13:53:14,8142,1,49.0134669211,-0.0648066770834
2012-11-03 13:53:15,8143,1,48.8344488854,-0.179018035714
2012-11-03 13:53:16,8144,1,48.5710558973,-0.263392988095
2012-11-03 13:53:17,8145,1,48.2737345097,-0.297321387649
2012-11-03 13:53:18,8146,1,48.0083329062,-0.265401603423
2012-11-03 13:53:19,8147,1,47.794940247,-0.213392659226
2012-11-03 13:53:20,8148,1,47.5887647805,-0.206175466518
2012-11-03 13:53:21,8149,1,47.3264880052,-0.262276775298
2012-11-03 13:53:22,8150,1,46.9932289382,-0.333259066964
2012-11-03 13:53:23,8151,1,46.6588536689,-0.334375269345
2012-11-03 13:53:24,8152,1,46.4331837106,-0.225669958333
2012-11-03 13:53:25,8153,1,46.3910704159,-0.0421132946429
2012-11-03 13:53:26,8154,1,46.5456835707,0.154613154762
2012-11-03 13:53:27,8155,1,46.8391362314,0.293452660714
2012-11-03 13:53:28,8156,1,47.1042407113,0.265104479911
2012-11-03 13:53:29,8157,1,47.0404760134,-0.0637646979166
2012-11-03 13:53:30,8158,1,46.2814730305,-0.759002982887
2012-11-03 13:53:31,8159,1,44.5580353906,-1.72343763988
2012-11-03 13:53:32,8160,1,41.8630947723,-2.6949406183
2012-11-03 13:53:33,8161,1,38.462053058,-3.40104171429
2012-11-03 13:53:34,8162,1,34.6685263177,-3.79352674033
2012-11-03 13:53:35,8163,1,30.6151781637,-4.05334815402
2012-11-03 13:53:36,8164,1,26.3437495908,-4.27142857292
2012-11-03 13:53:37,8165,1,22.1320679911,-4.2116815997
2012-11-03 13:53:38,8166,1,18.667633436,-3.46443455506
2012-11-03 13:53:39,8167,1,16.7823655804,-1.88526785565
2012-11-03 13:53:40,8168,1,16.8319935164,0.0496279360119
2012-11-03 13:53:41,8169,1,18.2869040915,1.45491057515
2012-11-03 13:53:42,8170,1,19.9781985528,1.69129446131
2012-11-03 13:53:43,8171,1,20.6969484673,0.718749914435
2012-11-03 13:53:44,8172,1,19.6992551004,-0.997693366816
2012-11-03 13:53:45,8173,1,17.0151034963,-2.68415160417
2012-11-03 13:53:46,8174,1,13.4312494702,-3.58385402604
2012-11-03 13:53:47,8175,1,10.1005203475,-3.33072912277
2012-11-03 13:53:48,8176,1,8.02194891146,-2.07857143601
2012-11-03 13:53:49,8177,1,7.62938938616,-0.392559525298
2012-11-03 13:53:50,8178,1,8.70773760268,1.07834821652
2012-11-03 13:53:51,8179,1,10.7070679182,1.99933031548
2012-11-03 13:53:52,8180,1,13.0999249606,2.39285704241
2012-11-03 13:53:53,8181,1,15.4747760588,2.37485109821
2012-11-03 13:53:54,8182,1,17.488912974,2.01413691518
2012-11-03 13:53:55,8183,1,18.8806541734,1.3917411994
2012-11-03 13:53:56,8184,1,19.5472465826,0.666592409226
2012-11-03 13:53:57,8185,1,19.5590025826,0.011756
2012-11-03 13:53:58,8186,1,19.0205352314,-0.538467351191
2012-11-03 13:53:59,8187,1,17.9061005253,-1.1144347061
2012-11-03 13:54:00,8188,1,16.1095973624,-1.79650316295
2012-11-03 13:54:01,8189,1,13.7110109621,-2.3985864003
2012-11-03 13:54:02,8190,1,11.1376479122,-2.57336304985
2012-11-03 13:54:03,8191,1,9.01279686161,-2.1248510506
2012-11-03 13:54:04,8192,1,7.85654703348,-1.15624982812
2012-11-03 13:54:05,8193,1,7.85066920387,-0.00587782961309
2012-11-03 13:54:06,8194,1,8.76182999405,0.911160790179
2012-11-03 13:54:07,8195,1,10.0619788043,1.30014881027
2012-11-03 13:54:08,8196,1,11.1304311376,1.06845233333
2012-11-03 13:54:09,8197,1,11.4414429807,0.311011843006
2012-11-03 13:54:10,8198,1,10.7665917567,-0.674851223958
2012-11-03 13:54:11,8199,1,9.23757393006,-1.52901782664
2012-11-03 13:54:12,8200,1,7.16011867262,-2.07745525744
2012-11-03 13:54:13,8201,1,4.85528250149,-2.30483617113
2012-11-03 13:54:14,8202,1,2.71928559315,-2.13599690833
2012-11-03 13:54:15,8203,1,0.0,-2.71928559315
2012-11-03 13:56:22,8330,127,0.0,0.0
2012-11-03 13:56:23,8331,1,1.07425550967,1.07425550967
2012-11-03 13:56:24,8332,1,1.6369785811,0.562723071429
2012-11-03 13:56:25,8333,1,2.04999944122,0.413020860119
2012-11-03 13:56:26,8334,1,2.2715918558,0.221592414583
2012-11-03 13:56:27,8335,1,2.47028246696,0.198690611161
2012-11-03 13:56:28,8336,1,2.81528247202,0.34500000506
2012-11-03 13:56:29,8337,1,3.42410676711,0.608824295089
2012-11-03 13:56:30,8338,1,4.3712643994,0.947157632292
2012-11-03 13:56:31,8339,1,5.60371976637,1.23245536696
2012-11-03 13:56:32,8340,1,6.83501454137,1.231294775
2012-11-03 13:56:33,8341,1,7.58827361488,0.753259073512
2012-11-03 13:56:34,8342,1,7.44456830283,-0.143705312054
2012-11-03 13:56:35,8343,1,6.37626467708,-1.06830362574
2012-11-03 13:56:36,8344,1,4.87931519494,-1.49694948214
2012-11-03 13:56:37,8345,1,3.72447883333,-1.15483636161
2012-11-03 13:56:38,8346,1,3.48325855134,-0.241220281994
2012-11-03 13:56:39,8347,1,4.15744001786,0.674181466518
2012-11-03 13:56:40,8348,1,5.17537146131,1.01793144345
2012-11-03 13:56:41,8349,1,5.7752226131,0.599851151786
2012-11-03 13:56:42,8350,1,5.50438936533,-0.270833247768
2012-11-03 13:56:43,8351,1,4.5063984747,-0.997990890625
2012-11-03 13:56:44,8352,1,3.44419628051,-1.0622021942
2012-11-03 13:56:45,8353,1,3.10721720461,-0.336979075893
2012-11-03 13:56:46,8354,1,3.90818442113,0.800967216518
2012-11-03 13:56:47,8355,1,5.6102676131,1.70208319196
2012-11-03 13:56:48,8356,1,7.54040136607,1.93013375298
2012-11-03 13:56:49,8357,1,9.09746967783,1.55706831176
2012-11-03 13:56:50,8358,1,10.0498877894,0.952418111607
2012-11-03 13:56:51,8359,1,10.4081281659,0.358240376488
2012-11-03 13:56:52,8360,1,10.1574772121,-0.250650953869
2012-11-03 13:56:53,8361,1,9.23718340476,-0.920293807292
2012-11-03 13:56:54,8362,1,7.77485089881,-1.46233250595
2012-11-03 13:56:55,8363,1,6.20617538542,-1.56867551339
2012-11-03 13:56:56,8364,1,5.04345226414,-1.16272312128
2012-11-03 13:56:57,8365,1,4.51255576935,-0.530896494792
2012-11-03 13:56:58,8366,1,4.44397322024,-0.0685825491071
2012-11-03 13:56:59,8367,1,4.51138394196,0.0674107217262
2012-11-03 13:57:00,8368,1,4.57797619643,0.0665922544643
2012-11-03 13:57:01,8369,1,4.85902154315,0.281045346726
2012-11-03 13:57:02,8370,1,5.74114571652,0.882124173363
2012-11-03 13:57:03,8371,1,7.38846705208,1.64732133557
2012-11-03 13:57:04,8372,1,9.50669613542,2.11822908333
2012-11-03 13:57:05,8373,1,11.4430985766,1.93640244122
2012-11-03 13:57:06,8374,1,12.5295010171,1.08640244048
2012-11-03 13:57:07,8375,1,12.4789987374,-0.0505022797619
2012-11-03 13:57:08,8376,1,11.5233254144,-0.955673322917
2012-11-03 13:57:09,8377,1,10.2221722812,-1.30115313318
2012-11-03 13:57:10,8378,1,9.26510401414,-0.957068267113
2012-11-03 13:57:11,8379,1,9.34806545089,0.082961436756
2012-11-03 13:57:12,8380,1,10.9518601027,1.60379465179
2012-11-03 13:57:13,8381,1,14.1044641801,3.15260407738
2012-11-03 13:57:14,8382,1,18.3442705856,4.23980640551
2012-11-03 13:57:15,8383,1,22.9524549494,4.60818436384
2012-11-03 13:57:16,8384,1,27.3301333772,4.37767842783
2012-11-03 13:57:17,8385,1,31.2561005156,3.92596713839
2012-11-03 13:57:18,8386,1,34.8452372924,3.58913677679
2012-11-03 13:57:19,8387,1,38.2609365982,3.4156993058
2012-11-03 13:57:20,8388,1,41.4293889866,3.16845238839
2012-11-03 13:57:21,8389,1,44.0263385149,2.59694952827
2012-11-03 13:57:22,8390,1,45.7268595275,1.70052101265
2012-11-03 13:57:23,8391,1,46.4472466116,0.720387084077
2012-11-03 13:57:24,8392,1,46.3945682076,-0.0526784040178
2012-11-03 13:57:25,8393,1,45.9296130216,-0.464955186012
2012-11-03 13:57:26,8394,1,45.3595238824,-0.570089139137
2012-11-03 13:57:27,8395,1,44.8183036875,-0.541220194941
2012-11-03 13:57:28,8396,1,44.2812500164,-0.537053671131
2012-11-03 13:57:29,8397,1,43.6215027879,-0.659747228423
2012-11-03 13:57:30,8398,1,42.6626483862,-0.958854401786
2012-11-03 13:57:31,8399,1,41.2440469844,-1.41860140179
2012-11-03 13:57:32,8400,1,39.2479158631,-1.99613112128
2012-11-03 13:57:33,8401,1,36.5706836183,-2.67723224479
2012-11-03 13:57:34,8402,1,33.1455347909,-3.42514882738
2012-11-03 13:57:35,8403,1,29.0313681542,-4.11416663676
2012-11-03 13:57:36,8404,1,24.4372312949,-4.5941368593
2012-11-03 13:57:37,8405,1,19.6698653118,-4.76736598311
2012-11-03 13:57:38,8406,1,15.1108773801,-4.55898793162
2012-11-03 13:57:39,8407,1,11.1885412835,-3.92233609665
2012-11-03 13:57:40,8408,1,8.25388372351,-2.93465755997
2012-11-03 13:57:41,8409,1,6.43369033676,-1.82019338676
2012-11-03 13:57:42,8410,1,5.56471707448,-0.868973262277
2012-11-03 13:57:43,8411,1,5.26104137708,-0.303675697396
2012-11-03 13:57:44,8412,1,5.13419603103,-0.126845346057
2012-11-03 13:57:45,8413,1,4.98854116667,-0.14565486436
2012-11-03 13:57:46,8414,1,4.79281189754,-0.195729269122
2012-11-03 13:57:47,8415,1,4.57973143244,-0.213080465104
2012-11-03 13:57:48,8416,1,4.47776704457,-0.101964387872
2012-11-03 13:57:49,8417,1,4.72560925848,0.247842213914
2012-11-03 13:57:50,8418,1,5.51799027946,0.792381020982
2012-11-03 13:57:51,8419,1,6.86354106176,1.34555078229
2012-11-03 13:57:52,8420,1,8.61866031406,1.75511925231
2012-11-03 13:57:53,8421,1,10.6174848095,1.99882449546
2012-11-03 13:57:54,8422,1,12.7594192795,2.14193447001
2012-11-03 13:57:55,8423,1,14.9448953674,2.18547608787
2012-11-03 13:57:56,8424,1,16.9060262753,1.96113090789
2012-11-03 13:57:57,8425,1,18.1744786972,1.26845242188
2012-11-03 13:57:58,8426,1,18.2906990246,0.116220327381
2012-11-03 13:57:59,8427,1,17.0813241183,-1.20937490625
2012-11-03 13:58:00,8428,1,14.7865325327,-2.29479158557
2012-11-03 13:58:01,8429,1,11.9752230618,-2.81130947098
2012-11-03 13:58:02,8430,1,9.32700876935,-2.64821429241
2012-11-03 13:58:03,8431,1,7.34590752307,-1.98110124628
2012-11-03 13:58:04,8432,1,6.12663665774,-1.21927086533
2012-11-03 13:58:05,8433,1,5.39680038814,-0.729836269593
2012-11-03 13:58:06,8434,1,4.8053197908,-0.591480597346
2012-11-03 13:58:07,8435,1,4.16175576488,-0.643564025918
2012-11-03 13:58:08,8436,1,3.48813207602,-0.673623688864
2012-11-03 13:58:09,8437,1,2.92038630531,-0.567745770709
2012-11-03 13:58:10,8438,1,2.54404685491,-0.376339450397
2012-11-03 13:58:11,8439,1,2.32834743056,-0.215699424355
2012-11-03 13:58:12,8440,1,2.2005945687,-0.127752861855
2012-11-03 13:58:13,8441,1,2.1083328378,-0.0922617309028
2012-11-03 13:58:14,8442,1,2.03645797371,-0.0718748640873
2012-11-03 13:58:15,8443,1,2.09382406498,0.0573660912698
2012-11-03 13:58:16,8444,1,2.60178525893,0.507961193948
2012-11-03 13:58:17,8445,1,3.97678505704,1.37499979812
2012-11-03 13:58:18,8446,1,6.46015538976,2.48337033271
2012-11-03 13:58:19,8447,1,9.94330258557,3.48314719581
2012-11-03 13:58:20,8448,1,13.991107643,4.04780505742
2012-11-03 13:58:21,8449,1,18.0641360449,4.07302840191
2012-11-03 13:58:22,8450,1,21.7939725833,3.72983653844
2012-11-03 13:58:23,8451,1,25.0277526168,3.23378003348
2012-11-03 13:58:24,8452,1,27.6762647537,2.6485121369
2012-11-03 13:58:25,8453,1,29.6568452046,1.98058045089
2012-11-03 13:58:26,8454,1,30.9771575766,1.32031237202
2012-11-03 13:58:27,8455,1,31.7917405461,0.814582969494
2012-11-03 13:58:28,8456,1,32.3259662396,0.534225693452
2012-11-03 13:58:29,8457,1,32.7305789286,0.404612688988
2012-11-03 13:58:30,8458,1,33.0081830022,0.277604073661
2012-11-03 13:58:31,8459,1,33.0731385997,0.0649555974703
2012-11-03 13:58:32,8460,1,32.8913681347,-0.18177046503
2012-11-03 13:58:33,8461,1,32.5343743527,-0.356993781994
2012-11-03 13:58:34,8462,1,32.0767107433,-0.457663609375
2012-11-03 13:58:35,8463,1,31.523883346,-0.552827397322
2012-11-03 13:58:36,8464,1,30.8576631399,-0.666220206101
2012-11-03 13:58:37,8465,1,30.0487346994,-0.808928440476
2012-11-03 13:58:38,8466,1,29.0103420112,-1.03839268824
2012-11-03 13:58:39,8467,1,27.5897320357,-1.42060997545
2012-11-03 13:58:40,8468,1,25.6078868817,-1.98184515402
2012-11-03 13:58:41,8469,1,22.9640624702,-2.64382441146
2012-11-03 13:58:42,8470,1,19.7590772641,-3.2049852061
2012-11-03 13:58:43,8471,1,16.2495533586,-3.50952390551
2012-11-03 13:58:44,8472,1,12.6956098616,-3.55394349702
2012-11-03 13:58:45,8473,1,9.32953843527,-3.36607142634
2012-11-03 13:58:46,8474,1,6.34441940625,-2.98511902902
2012-11-03 13:58:47,8475,1,3.8465771756,-2.49784223065
2012-11-03 13:58:48,8476,1,1.95104150967,-1.89553566592
2012-11-03 13:58:49,8477,1,0.0,-1.95104150967
2012-11-03 13:59:16,8504,27,0.0,0.0
2012-11-03 13:59:17,8505,1,1.07600411124,1.07600411124
2012-11-03 13:59:18,8506,1,1.69317294587,0.617168834635
2012-11-03 13:59:19,8507,1,2.14386128237,0.450688336496
2012-11-03 13:59:20,8508,1,2.34864195368,0.204780671317
2012-11-03 13:59:21,8509,1,2.39326630022,0.0446243465402
2012-11-03 13:59:22,8510,1,2.35593365904,-0.037332641183
2012-11-03 13:59:23,8511,1,2.27168870201,-0.0842449570313
2012-11-03 13:59:24,8512,1,2.17805008854,-0.0936386134673
2012-11-03 13:59:25,8513,1,2.090661484,-0.0873886045387
2012-11-03 13:59:26,8514,1,1.92762193694,-0.163039547061
2012-11-03 13:59:27,8515,1,1.557328109,-0.370293827939
2012-11-03 13:59:28,8516,1,1.01963613362,-0.537691975384
2012-11-03 13:59:29,8517,1,0.0,-1.01963613362
2012-11-03 14:50:18,11566,3049,0.0,0.0
2012-11-03 14:50:19,11567,1,1.44267096763,1.44267096763
2012-11-03 14:50:20,11568,1,2.01421108557,0.571540117932
2012-11-03 14:50:21,11569,1,2.26063958259,0.246428497024
2012-11-03 14:50:22,11570,1,2.64290632316,0.382266740575
2012-11-03 14:50:23,11571,1,4.03000933532,1.38710301215
2012-11-03 14:50:24,11572,1,6.88288620536,2.85287687004
2012-11-03 14:50:25,11573,1,10.8818445446,3.99895833929
2012-11-03 14:50:26,11574,1,15.2164428743,4.33459832961
2012-11-03 14:50:27,11575,1,19.1003715766,3.88392870238
2012-11-03 14:50:28,11576,1,22.1758676543,3.07549607763
2012-11-03 14:50:29,11577,1,24.5339529201,2.35808526587
2012-11-03 14:50:30,11578,1,26.3594488653,1.82549594519
2012-11-03 14:50:31,11579,1,27.6939726168,1.33452375149
2012-11-03 14:50:32,11580,1,28.5182285707,0.824255953869
2012-11-03 14:50:33,11581,1,28.8591512411,0.340922670387
2012-11-03 14:50:34,11582,1,28.8148804874,-0.0442707537202
2012-11-03 14:50:35,11583,1,28.6007436845,-0.214136802827
2012-11-03 14:50:36,11584,1,28.5280503237,-0.0726933608631
2012-11-03 14:50:37,11585,1,28.8215771153,0.293526791667
2012-11-03 14:50:38,11586,1,29.457216869,0.63563975372
2012-11-03 14:50:39,11587,1,30.212276157,0.755059287947
2012-11-03 14:50:40,11588,1,30.8580348222,0.645758665178
2012-11-03 14:50:41,11589,1,31.3006685722,0.44263375
2012-11-03 14:50:42,11590,1,31.5664423713,0.265773799107
2012-11-03 14:50:43,11591,1,31.6903264442,0.123884072917
2012-11-03 14:50:44,11592,1,31.6572909501,-0.0330354940476
2012-11-03 14:50:45,11593,1,31.4503715298,-0.206919420387
2012-11-03 14:50:46,11594,1,31.1084818237,-0.341889706101
2012-11-03 14:50:47,11595,1,30.7112349234,-0.397246900298
2012-11-03 14:50:48,11596,1,30.3259671629,-0.385267760417
2012-11-03 14:50:49,11597,1,29.9627975551,-0.363169607887
2012-11-03 14:50:50,11598,1,29.5212796071,-0.441517947917
2012-11-03 14:50:51,11599,1,28.7438240722,-0.77745553497
2012-11-03 14:50:52,11600,1,27.2621274993,-1.48169657292
2012-11-03 14:50:53,11601,1,24.7777524591,-2.48437504018
2012-11-03 14:50:54,11602,1,21.2761404102,-3.50161204886
2012-11-03 14:50:55,11603,1,17.1004212579,-4.17571915228
2012-11-03 14:50:56,11604,1,12.8255949219,-4.27482633606
2012-11-03 14:50:57,11605,1,9.03601154539,-3.78958337649
2012-11-03 14:50:58,11606,1,6.11845188839,-2.91755965699
2012-11-03 14:50:59,11607,1,4.16703802083,-1.95141386756
2012-11-03 14:51:00,11608,1,3.12093172793,-1.04610629291
2012-11-03 14:51:01,11609,1,3.03033149603,-0.0906002318948
2012-11-03 14:51:02,11610,1,4.10691885119,1.07658735516
2012-11-03 14:51:03,11611,1,6.4938236503,2.38690479911
2012-11-03 14:51:04,11612,1,10.0140617083,3.52023805804
2012-11-03 14:51:05,11613,1,14.1179307024,4.10386899405
2012-11-03 14:51:06,11614,1,18.1672114928,4.04928079043
2012-11-03 14:51:07,11615,1,21.8502721597,3.68306066691
2012-11-03 14:51:08,11616,1,25.2211304606,3.37085830084
2012-11-03 14:51:09,11617,1,28.3706840833,3.14955362277
2012-11-03 14:51:10,11618,1,31.2066959033,2.83601181994
2012-11-03 14:51:11,11619,1,33.5204606756,2.31376477232
2012-11-03 14:51:12,11620,1,35.1927076622,1.67224698661
2012-11-03 14:51:13,11621,1,36.3106392158,1.11793155357
2012-11-03 14:51:14,11622,1,37.0571421786,0.746502962798
2012-11-03 14:51:15,11623,1,37.5306540424,0.473511863839
2012-11-03 14:51:16,11624,1,37.7212790342,0.190624991815
2012-11-03 14:51:17,11625,1,37.6063237961,-0.114955238095
2012-11-03 14:51:18,11626,1,37.2165174926,-0.389806303571
2012-11-03 14:51:19,11627,1,36.6399552351,-0.57656225744
2012-11-03 14:51:20,11628,1,35.9802083557,-0.659746879464
2012-11-03 14:51:21,11629,1,35.2755953021,-0.704613053571
2012-11-03 14:51:22,11630,1,34.4370536138,-0.838541688244
2012-11-03 14:51:23,11631,1,33.2674851347,-1.16956847917
2012-11-03 14:51:24,11632,1,31.5799107217,-1.68757441295
2012-11-03 14:51:25,11633,1,29.3445684196,-2.23534230208
2012-11-03 14:51:26,11634,1,26.6884671012,-2.65610131845
2012-11-03 14:51:27,11635,1,23.7220978698,-2.9663692314
2012-11-03 14:51:28,11636,1,20.4398804777,-3.28221739211
2012-11-03 14:51:29,11637,1,16.8631691711,-3.57671130655
2012-11-03 14:51:30,11638,1,13.2805799799,-3.58258919122
2012-11-03 14:51:31,11639,1,10.2794639658,-3.00111601414
2012-11-03 14:51:32,11640,1,8.43869010565,-1.84077386012
2012-11-03 14:51:33,11641,1,7.93995489137,-0.498735214286
2012-11-03 14:51:34,11642,1,8.45773759301,0.517782701637
2012-11-03 14:51:35,11643,1,9.38697870833,0.929241115327
2012-11-03 14:51:36,11644,1,10.1915174457,0.804538737351
2012-11-03 14:51:37,11645,1,10.6183031243,0.426785678572
2012-11-03 14:51:38,11646,1,10.6674101629,0.0491070386904
2012-11-03 14:51:39,11647,1,10.3897315074,-0.277678655506
2012-11-03 14:51:40,11648,1,9.68363031176,-0.706101195685
2012-11-03 14:51:41,11649,1,8.30156194866,-1.3820683631
2012-11-03 14:51:42,11650,1,6.15282699926,-2.1487349494
2012-11-03 14:51:43,11651,1,3.70379444271,-2.44903255655
2012-11-03 14:51:44,11652,1,0.0,-3.70379444271
2012-11-03 14:53:35,11763,111,0.0,0.0
2012-11-03 14:53:36,11764,1,3.89880930952,3.89880930952
2012-11-03 14:53:37,11765,1,6.35096691667,2.45215760714
2012-11-03 14:53:38,11766,1,8.23716471987,1.8861978032
2012-11-03 14:53:39,11767,1,8.90952325744,0.672358537574
2012-11-03 14:53:40,11768,1,8.32723152232,-0.582291735119
2012-11-03 14:53:41,11769,1,6.77477617187,-1.55245535045
2012-11-03 14:53:42,11770,1,4.67388343452,-2.10089273735
2012-11-03 14:53:43,11771,1,2.62373480841,-2.05014862612
2012-11-03 14:53:44,11772,1,0.0,-2.62373480841
2012-11-03 14:54:38,11826,54,0.0,0.0
2012-11-03 14:54:39,11827,1,4.19810240737,4.19810240737
2012-11-03 14:54:40,11828,1,7.9247020506,3.72659964323
2012-11-03 14:54:41,11829,1,12.1312496897,4.20654763914
2012-11-03 14:54:42,11830,1,15.8157735439,3.68452385417
2012-11-03 14:54:43,11831,1,18.1792408237,2.36346727976
2012-11-03 14:54:44,11832,1,18.7856396313,0.606398807664
2012-11-03 14:54:45,11833,1,17.5980652269,-1.18757440439
2012-11-03 14:54:46,11834,1,14.901413442,-2.69665178497
2012-11-03 14:54:47,11835,1,11.2188985551,-3.6825148869
2012-11-03 14:54:48,11836,1,7.25684499256,-3.9620535625
2012-11-03 14:54:49,11837,1,3.84270814509,-3.41413684747
2012-11-03 14:54:50,11838,1,0.0,-3.84270814509
2012-11-03 14:55:51,11899,61,0.0,0.0
2012-11-03 14:55:52,11900,1,3.53072912798,3.53072912798
2012-11-03 14:55:53,11901,1,6.89583321503,3.36510408705
2012-11-03 14:55:54,11902,1,11.1302081168,4.23437490179
2012-11-03 14:55:55,11903,1,15.6322169658,4.50200884896
2012-11-03 14:55:56,11904,1,19.9357883512,4.30357138542
2012-11-03 14:55:57,11905,1,23.7649550156,3.82916666443
2012-11-03 14:55:58,11906,1,27.0430800268,3.27812501116
2012-11-03 14:55:59,11907,1,29.7983627686,2.75528274182
2012-11-03 14:56:00,11908,1,32.0809520603,2.28258929167
2012-11-03 14:56:01,11909,1,33.9616067932,1.88065473289
2012-11-03 14:56:02,11910,1,35.53645784,1.57485104687
2012-11-03 14:56:03,11911,1,36.896651029,1.36019318899
2012-11-03 14:56:04,11912,1,38.0649543281,1.16830329911
2012-11-03 14:56:05,11913,1,38.9549095744,0.88995524628
2012-11-03 14:56:06,11914,1,39.4447162805,0.489806706101
2012-11-03 14:56:07,11915,1,39.5117553214,0.0670390409226
2012-11-03 14:56:08,11916,1,39.2771574338,-0.234597887649
2012-11-03 14:56:09,11917,1,38.9320682879,-0.345089145833
2012-11-03 14:56:10,11918,1,38.6197914494,-0.312276838542
2012-11-03 14:56:11,11919,1,38.3581841384,-0.261607311012
2012-11-03 14:56:12,11920,1,38.0694934211,-0.288690717262
2012-11-03 14:56:13,11921,1,37.664284785,-0.405208636161
2012-11-03 14:56:14,11922,1,37.0438231942,-0.620461590774
2012-11-03 14:56:15,11923,1,36.0332576228,-1.01056557143
2012-11-03 14:56:16,11924,1,34.3867548393,-1.64650278348
2012-11-03 14:56:17,11925,1,31.9184516652,-2.46830317411
2012-11-03 14:56:18,11926,1,28.6781246607,-3.24032700446
2012-11-03 14:56:19,11927,1,25.0004462537,-3.67767840699
2012-11-03 14:56:20,11928,1,21.3132438147,-3.68720243899
2012-11-03 14:56:21,11929,1,17.8522317723,-3.46101204241
2012-11-03 14:56:22,11930,1,14.5456840848,-3.3065476875
2012-11-03 14:56:23,11931,1,11.1549103259,-3.39077375893
2012-11-03 14:56:24,11932,1,7.59784199628,-3.55706832961
2012-11-03 14:56:25,11933,1,4.26927069048,-3.3285713058
2012-11-03 14:56:26,11934,1,0.0,-4.26927069048
2012-11-03 14:57:07,11975,41,0.0,0.0
2012-11-03 14:57:08,11976,1,3.84188988021,3.84188988021
2012-11-03 14:57:09,11977,1,7.90803572247,4.06614584226
2012-11-03 14:57:10,11978,1,12.941294654,5.03325893155
2012-11-03 14:57:11,11979,1,17.6826636592,4.74136900521
2012-11-03 14:57:12,11980,1,21.2289432932,3.54627963393
2012-11-03 14:57:13,11981,1,23.4232883527,2.19434505952
2012-11-03 14:57:14,11982,1,24.7289429807,1.30565462798
2012-11-03 14:57:15,11983,1,25.697767343,0.968824362351
2012-11-03 14:57:16,11984,1,26.5788685409,0.881101197917
2012-11-03 14:57:17,11985,1,27.359151279,0.780282738095
2012-11-03 14:57:18,11986,1,27.9652524635,0.606101184524
2012-11-03 14:57:19,11987,1,28.3607138207,0.395461357143
2012-11-03 14:57:20,11988,1,28.5556544301,0.194940609375
2012-11-03 14:57:21,11989,1,28.6015623118,0.0459078816965
2012-11-03 14:57:22,11990,1,28.5660712768,-0.0354910349703
2012-11-03 14:57:23,11991,1,28.481249756,-0.0848215208333
2012-11-03 14:57:24,11992,1,28.3183031994,-0.162946556548
2012-11-03 14:57:25,11993,1,28.0152525417,-0.303050657738
2012-11-03 14:57:26,11994,1,27.5021573222,-0.513095219494
2012-11-03 14:57:27,11995,1,26.6728418847,-0.8293154375
2012-11-03 14:57:28,11996,1,25.3554311719,-1.3174107128
2012-11-03 14:57:29,11997,1,23.3822912574,-1.97313991443
2012-11-03 14:57:30,11998,1,20.7234370685,-2.65885418899
2012-11-03 14:57:31,11999,1,17.530654346,-3.19278272247
2012-11-03 14:57:32,12000,1,14.0641365246,-3.46651782143
2012-11-03 14:57:33,12001,1,10.6191960885,-3.44494043601
2012-11-03 14:57:34,12002,1,7.51309495387,-3.10610113467
2012-11-03 14:57:35,12003,1,5.07827360045,-2.43482135342
2012-11-03 14:57:36,12004,1,3.58697901935,-1.4912945811
2012-11-03 14:57:37,12005,1,3.11361591667,-0.473363102679
2012-11-03 14:57:38,12006,1,3.50885391443,0.395237997768
2012-11-03 14:57:39,12007,1,4.59880914509,1.08995523065
2012-11-03 14:57:40,12008,1,6.32819897247,1.72938982738
2012-11-03 14:57:41,12009,1,8.60580319568,2.27760422321
2012-11-03 14:57:42,12010,1,11.1659967359,2.56019354018
2012-11-03 14:57:43,12011,1,13.7337050759,2.56770834003
2012-11-03 14:57:44,12012,1,16.2476930789,2.51398800298
2012-11-03 14:57:45,12013,1,18.8354906012,2.58779752232
2012-11-03 14:57:46,12014,1,21.5328864345,2.69739583333
2012-11-03 14:57:47,12015,1,24.0097466503,2.47686021577
2012-11-03 14:57:48,12016,1,25.6509669807,1.64122033036
2012-11-03 14:57:49,12017,1,25.9382437597,0.287276779018
2012-11-03 14:57:50,12018,1,24.6923359353,-1.2459078244
2012-11-03 14:57:51,12019,1,22.0441960015,-2.64813993378
2012-11-03 14:57:52,12020,1,18.3613091429,-3.68288685863
2012-11-03 14:57:53,12021,1,14.2060264948,-4.15528264807
2012-11-03 14:57:54,12022,1,10.2309521436,-3.97507435119
2012-11-03 14:57:55,12023,1,6.98668130878,-3.24427083482
2012-11-03 14:57:56,12024,1,4.74188959375,-2.24479171503
2012-11-03 14:57:57,12025,1,3.44055022024,-1.30133937351
2012-11-03 14:57:58,12026,1,2.81904715104,-0.621503069196
2012-11-03 14:57:59,12027,1,2.60104115476,-0.21800599628
2012-11-03 14:58:00,12028,1,2.63586262128,0.0348214665179
2012-11-03 14:58:01,12029,1,2.87492522024,0.239062598958
2012-11-03 14:58:02,12030,1,3.21123483501,0.336309614769
2012-11-03 14:58:03,12031,1,3.34791641778,0.136681582775
2012-11-03 14:58:04,12032,1,2.93578845443,-0.412127963356
2012-11-03 14:58:05,12033,1,2.02685993266,-0.908928521763
2012-11-03 14:58:06,12034,1,0.0,-2.02685993266
2012-11-03 18:19:59,24147,12113,0.0,0.0
2012-11-03 18:20:00,24148,1,4.39315462165,4.39315462165
2012-11-03 18:20:01,24149,1,8.02038665792,3.62723203627
2012-11-03 18:20:02,24150,1,12.1529758172,4.13258915923
2012-11-03 18:20:03,24151,1,16.3206096138,4.16763379669
2012-11-03 18:20:04,24152,1,20.4568446112,4.1362349974
2012-11-03 18:20:05,24153,1,24.7638385663,4.30699395508
2012-11-03 18:20:06,24154,1,29.4159218311,4.65208326479
2012-11-03 18:20:07,24155,1,34.2198652455,4.80394341443
2012-11-03 18:20:08,24156,1,38.5818444851,4.36197923958
2012-11-03 18:20:09,24157,1,41.845014381,3.26316989593
2012-11-03 18:20:10,24158,1,43.7148063945,1.86979201349
2012-11-03 18:20:11,24159,1,44.4587798455,0.743973450986
2012-11-03 18:20:12,24160,1,44.6720982863,0.213318440755
2012-11-03 18:20:13,24161,1,44.8072915335,0.13519324721
2012-11-03 18:20:14,24162,1,44.9575889725,0.150297438988
2012-11-03 18:20:15,24163,1,45.0036455573,0.0460565848215
2012-11-03 18:20:16,24164,1,44.844717215,-0.158928342262
2012-11-03 18:20:17,24165,1,44.5250745863,-0.31964262872
2012-11-03 18:20:18,24166,1,44.216741346,-0.308333240327
2012-11-03 18:20:19,24167,1,44.0804317917,-0.136309554315
2012-11-03 18:20:20,24168,1,44.116443596,0.0360118043154
2012-11-03 18:20:21,24169,1,44.1122767626,-0.0041668333333
2012-11-03 18:20:22,24170,1,43.7005949606,-0.411681802083
2012-11-03 18:20:23,24171,1,42.5162940461,-1.18430091443
2012-11-03 18:20:24,24172,1,40.3846717232,-2.13162232292
2012-11-03 18:20:25,24173,1,37.3906983237,-2.99397339955
2012-11-03 18:20:26,24174,1,33.7671119821,-3.62358634152
2012-11-03 18:20:27,24175,1,29.7037936257,-4.0633183564
2012-11-03 18:20:28,24176,1,25.2825884427,-4.42120518304
2012-11-03 18:20:29,24177,1,20.6338535164,-4.64873492634
2012-11-03 18:20:30,24178,1,16.0665173333,-4.56733618304
2012-11-03 18:20:31,24179,1,11.9231393512,-4.14337798214
2012-11-03 18:20:32,24180,1,8.35468687426,-3.56845247693
2012-11-03 18:20:33,24181,1,5.33035648363,-3.02433039063
2012-11-03 18:20:34,24182,1,2.9180054308,-2.41235105283
2012-11-03 18:20:35,24183,1,0.0,-2.9180054308
2012-11-03 18:21:02,24210,27,0.0,0.0
2012-11-03 18:21:03,24211,1,4.14136887574,4.14136887574
2012-11-03 18:21:04,24212,1,7.95677061012,3.81540173438
2012-11-03 18:21:05,24213,1,12.4519342783,4.49516366815
2012-11-03 18:21:06,24214,1,16.7412199896,4.28928571131
2012-11-03 18:21:07,24215,1,20.2584818862,3.51726189658
2012-11-03 18:21:08,24216,1,22.8694937902,2.61101190402
2012-11-03 18:21:09,24217,1,24.7421128824,1.87261909226
2012-11-03 18:21:10,24218,1,26.1311010737,1.38898819122
2012-11-03 18:21:11,24219,1,27.2515624673,1.1204613936
2012-11-03 18:21:12,24220,1,28.2511904397,0.99962797247
2012-11-03 18:21:13,24221,1,29.217782622,0.966592182292
2012-11-03 18:21:14,24222,1,30.1630950603,0.945312438244
2012-11-03 18:21:15,24223,1,30.9613093594,0.798214299107
2012-11-03 18:21:16,24224,1,31.3642856019,0.40297624256
2012-11-03 18:21:17,24225,1,31.1903272723,-0.173958329613
2012-11-03 18:21:18,24226,1,30.5061009591,-0.684226313244
2012-11-03 18:21:19,24227,1,29.5860114397,-0.920089519345
2012-11-03 18:21:20,24228,1,28.7069933698,-0.87901806994
2012-11-03 18:21:21,24229,1,27.9902522106,-0.716741159226
2012-11-03 18:21:22,24230,1,27.4103415022,-0.579910708333
2012-11-03 18:21:23,24231,1,26.9129456749,-0.497395827381
2012-11-03 18:21:24,24232,1,26.4851182507,-0.427827424107
2012-11-03 18:21:25,24233,1,26.1079604628,-0.377157787947
2012-11-03 18:21:26,24234,1,25.7088533549,-0.399107107887
2012-11-03 18:21:27,24235,1,25.2273802812,-0.481473073661
2012-11-03 18:21:28,24236,1,24.6850441421,-0.542336139137
2012-11-03 18:21:29,24237,1,24.1433032009,-0.54174094122
2012-11-03 18:21:30,24238,1,23.6447169769,-0.498586223958
2012-11-03 18:21:31,24239,1,23.2032736012,-0.441443375744
2012-11-03 18:21:32,24240,1,22.8030504799,-0.40022312128
2012-11-03 18:21:33,24241,1,22.4214285454,-0.381621934524
2012-11-03 18:21:34,24242,1,22.0616815632,-0.359746982143
2012-11-03 18:21:35,24243,1,21.7319940231,-0.329687540179
2012-11-03 18:21:36,24244,1,21.3946426979,-0.337351325149
2012-11-03 18:21:37,24245,1,20.9210562016,-0.47358649628
2012-11-03 18:21:38,24246,1,20.0936751138,-0.827381087798
2012-11-03 18:21:39,24247,1,18.7349697634,-1.35870535045
2012-11-03 18:21:40,24248,1,16.8916663318,-1.84330343155
2012-11-03 18:21:41,24249,1,14.8810265952,-2.01063973661
2012-11-03 18:21:42,24250,1,13.1466516004,-1.73437499479
2012-11-03 18:21:43,24251,1,12.0306544315,-1.1159971689
2012-11-03 18:21:44,24252,1,11.6159221086,-0.414732322917
2012-11-03 18:21:45,24253,1,11.7194934427,0.103571334077
2012-11-03 18:21:46,24254,1,11.9965768207,0.277083377976
2012-11-03 18:21:47,24255,1,12.1263388676,0.129762046875
2012-11-03 18:21:48,24256,1,12.0334818564,-0.0928570111607
2012-11-03 18:21:49,24257,1,11.9676336979,-0.0658481584821
2012-11-03 18:21:50,24258,1,12.3225444055,0.354910707589
2012-11-03 18:21:51,24259,1,13.301041381,0.978496975447
2012-11-03 18:21:52,24260,1,14.6694936793,1.36845229836
2012-11-03 18:21:53,24261,1,15.8273804888,1.15788680952
2012-11-03 18:21:54,24262,1,16.1720976682,0.344717179316
2012-11-03 18:21:55,24263,1,15.4515619077,-0.720535760417
2012-11-03 18:21:56,24264,1,13.837797029,-1.61376487872
2012-11-03 18:21:57,24265,1,11.7476928772,-2.09010415179
2012-11-03 18:21:58,24266,1,9.62068393006,-2.12700894717
2012-11-03 18:21:59,24267,1,7.80267793899,-1.81800599107
2012-11-03 18:22:00,24268,1,6.52075829315,-1.28191964583
2012-11-03 18:22:01,24269,1,5.87351134524,-0.647246947917
2012-11-03 18:22:02,24270,1,5.82425554315,-0.0492558020833
2012-11-03 18:22:03,24271,1,6.22909201562,0.40483647247
2012-11-03 18:22:04,24272,1,6.91837782664,0.689285811012
2012-11-03 18:22:05,24273,1,7.77991056176,0.861532735119
2012-11-03 18:22:06,24274,1,8.72127954687,0.941368985119
2012-11-03 18:22:07,24275,1,9.54055034003,0.819270793155
2012-11-03 18:22:08,24276,1,9.94813966295,0.407589322917
2012-11-03 18:22:09,24277,1,9.79181535938,-0.156324303571
2012-11-03 18:22:10,24278,1,9.22008926265,-0.571726096726
2012-11-03 18:22:11,24279,1,8.58988093229,-0.630208330357
2012-11-03 18:22:12,24280,1,8.19925580283,-0.390625129464
2012-11-03 18:22:13,24281,1,8.10185973884,-0.0973960639881
2012-11-03 18:22:14,24282,1,8.17321367932,0.0713539404762
2012-11-03 18:22:15,24283,1,8.30066894717,0.127455267857
2012-11-03 18:22:16,24284,1,8.45929999851,0.158631051339
2012-11-03 18:22:17,24285,1,8.62284184896,0.163541850446
2012-11-03 18:22:18,24286,1,8.68392825446,0.061086405506
2012-11-03 18:22:19,24287,1,8.54040141518,-0.143526839286
2012-11-03 18:22:20,24288,1,8.21726143601,-0.323139979167
2012-11-03 18:22:21,24289,1,7.84851143676,-0.368749999256
2012-11-03 18:22:22,24290,1,7.59077347098,-0.257737965774
2012-11-03 18:22:23,24291,1,7.52306528646,-0.0677081845238
2012-11-03 18:22:24,24292,1,7.52433020536,0.00126491889881
2012-11-03 18:22:25,24293,1,7.27410689732,-0.250223308036
2012-11-03 18:22:26,24294,1,6.43482105283,-0.839285844494
2012-11-03 18:22:27,24295,1,4.89322874628,-1.54159230655
2012-11-03 18:22:28,24296,1,2.98020800223,-1.91302074405
2012-11-03 18:22:29,24297,1,0.0,-2.98020800223
2012-11-03 18:22:50,24318,21,0.0,0.0
2012-11-03 18:22:51,24319,1,1.26086297173,1.26086297173
2012-11-03 18:22:52,24320,1,2.04523789583,0.784374924107
2012-11-03 18:22:53,24321,1,2.75245511384,0.707217218006
2012-11-03 18:22:54,24322,1,3.25617534598,0.503720232143
2012-11-03 18:22:55,24323,1,3.61800567336,0.361830327381
2012-11-03 18:22:56,24324,1,3.85721688467,0.23921121131
2012-11-03 18:22:57,24325,1,3.88779710565,0.0305802209821
2012-11-03 18:22:58,24326,1,3.56205297768,-0.325744127976
2012-11-03 18:22:59,24327,1,2.78735065625,-0.774702321429
2012-11-03 18:23:00,24328,1,1.7637273218,-1.02362333445
2012-11-03 18:23:01,24329,1,0.0,-1.7637273218
2012-11-03 18:27:39,24607,278,0.0,0.0
2012-11-03 18:27:40,24608,1,2.90825867336,2.90825867336
2012-11-03 18:27:41,24609,1,4.62142825893,1.71316958557
2012-11-03 18:27:42,24610,1,5.73013362723,1.1087053683
2012-11-03 18:27:43,24611,1,5.79590743601,0.0657738087798
2012-11-03 18:27:44,24612,1,4.8988835558,-0.897023880208
2012-11-03 18:27:45,24613,1,3.42488795871,-1.4739955971
2012-11-03 18:27:46,24614,1,1.93947135491,-1.48541660379
2012-11-03 18:27:47,24615,1,0.0,-1.93947135491
2012-11-03 18:28:01,24629,14,0.0,0.0
2012-11-03 18:28:02,24630,1,3.52269328943,3.52269328943
2012-11-03 18:28:03,24631,1,6.19754431027,2.67485102083
2012-11-03 18:28:04,24632,1,8.88296083408,2.68541652381
2012-11-03 18:28:05,24633,1,10.9674846376,2.08452380357
2012-11-03 18:28:06,24634,1,12.1382437016,1.17075906399
2012-11-03 18:28:07,24635,1,12.3985489464,0.260305244792
2012-11-03 18:28:08,24636,1,12.1188987798,-0.279650166667
2012-11-03 18:28:09,24637,1,11.8767857321,-0.242113047619
2012-11-03 18:28:10,24638,1,12.0235119174,0.146726185268
2012-11-03 18:28:11,24639,1,12.4936011562,0.470089238839
2012-11-03 18:28:12,24640,1,13.1140623765,0.620461220238
2012-11-03 18:28:13,24641,1,13.9712795491,0.857217172619
2012-11-03 18:28:14,24642,1,15.4412943906,1.47001484152
2012-11-03 18:28:15,24643,1,17.8883926012,2.44709821057
2012-11-03 18:28:16,24644,1,21.292112817,3.40372021577
2012-11-03 18:28:17,24645,1,25.1815472783,3.88943446131
2012-11-03 18:28:18,24646,1,28.9343745841,3.7528273058
2012-11-03 18:28:19,24647,1,32.0872019234,3.15282733929
2012-11-03 18:28:20,24648,1,34.4392852567,2.35208333333
2012-11-03 18:28:21,24649,1,36.0163685655,1.57708330878
2012-11-03 18:28:22,24650,1,36.9758922641,0.959523698661
2012-11-03 18:28:23,24651,1,37.5162938943,0.540401630208
2012-11-03 18:28:24,24652,1,37.8315467731,0.31525287872
2012-11-03 18:28:25,24653,1,38.0748503549,0.243303581845
2012-11-03 18:28:26,24654,1,38.3247016012,0.24985124628
2012-11-03 18:28:27,24655,1,38.5938235975,0.26912199628
2012-11-03 18:28:28,24656,1,38.8624246079,0.268601010417
2012-11-03 18:28:29,24657,1,39.1026028921,0.240178284226
2012-11-03 18:28:30,24658,1,39.2974686949,0.194865802827
2012-11-03 18:28:31,24659,1,39.4485846987,0.15111600372
2012-11-03 18:28:32,24660,1,39.5702367634,0.121652064732
2012-11-03 18:28:33,24661,1,39.6809516198,0.110714856399
2012-11-03 18:28:34,24662,1,39.7886903088,0.107738688988
2012-11-03 18:28:35,24663,1,39.8831102775,0.09441996875
2012-11-03 18:28:36,24664,1,39.9532739234,0.0701636458333
2012-11-03 18:28:37,24665,1,40.0041665201,0.0508925967262
2012-11-03 18:28:38,24666,1,40.0438984531,0.0397319330357
2012-11-03 18:28:39,24667,1,40.0680055595,0.0241071063988
2012-11-03 18:28:40,24668,1,40.0673359799,-0.000669579613096
2012-11-03 18:28:41,24669,1,40.0432289092,-0.0241070706845
2012-11-03 18:28:42,24670,1,40.0177825164,-0.0254463928571
2012-11-03 18:28:43,24671,1,40.0337794777,0.0159969613095
2012-11-03 18:28:44,24672,1,40.1361602545,0.102380776786
2012-11-03 18:28:45,24673,1,40.3532731615,0.217112906994
2012-11-03 18:28:46,24674,1,40.6905498914,0.337276729911
2012-11-03 18:28:47,24675,1,41.1325887359,0.442038844494
2012-11-03 18:28:48,24676,1,41.6537943713,0.521205635417
2012-11-03 18:28:49,24677,1,42.2157737143,0.561979343006
2012-11-03 18:28:50,24678,1,42.7554313668,0.53965765253
2012-11-03 18:28:51,24679,1,43.2120531153,0.456621748512
2012-11-03 18:28:52,24680,1,43.5785707277,0.366517612351
2012-11-03 18:28:53,24681,1,43.9211302076,0.342559479911
2012-11-03 18:28:54,24682,1,44.346725625,0.425595417411
2012-11-03 18:28:55,24683,1,44.9138390067,0.567113381696
2012-11-03 18:28:56,24684,1,45.5558779137,0.642038906994
2012-11-03 18:28:57,24685,1,46.1280505751,0.572172661458
2012-11-03 18:28:58,24686,1,46.5328123929,0.404761817708
2012-11-03 18:28:59,24687,1,46.7861605126,0.253348119792
2012-11-03 18:29:00,24688,1,46.9863836875,0.200223174851
2012-11-03 18:29:01,24689,1,47.2177080461,0.231324358631
2012-11-03 18:29:02,24690,1,47.4552078943,0.237499848214
2012-11-03 18:29:03,24691,1,47.5706094308,0.115401536458
2012-11-03 18:29:04,24692,1,47.4433026659,-0.127306764881
2012-11-03 18:29:05,24693,1,47.0513383408,-0.391964325149
2012-11-03 18:29:06,24694,1,46.463466494,-0.587871846726
2012-11-03 18:29:07,24695,1,45.7827375774,-0.680728916667
2012-11-03 18:29:08,24696,1,45.0992555491,-0.683482028274
2012-11-03 18:29:09,24697,1,44.4563983296,-0.642857219494
2012-11-03 18:29:10,24698,1,43.8453862679,-0.611012061756
2012-11-03 18:29:11,24699,1,43.2174099903,-0.62797627753
2012-11-03 18:29:12,24700,1,42.4486600677,-0.768749922619
2012-11-03 18:29:13,24701,1,41.2998507329,-1.14880933482
2012-11-03 18:29:14,24702,1,39.5105651615,-1.78928557143
2012-11-03 18:29:15,24703,1,36.9959818549,-2.51458330655
2012-11-03 18:29:16,24704,1,33.9611603951,-3.03482145982
2012-11-03 18:29:17,24705,1,30.8586306138,-3.10252978125
2012-11-03 18:29:18,24706,1,28.2202377686,-2.63839284524
2012-11-03 18:29:19,24707,1,26.4353419375,-1.7848958311
2012-11-03 18:29:20,24708,1,25.6255204546,-0.809821482887
2012-11-03 18:29:21,24709,1,25.6969489442,0.0714284895833
2012-11-03 18:29:22,24710,1,26.4645828222,0.767633877976
2012-11-03 18:29:23,24711,1,27.7210560298,1.25647320759
2012-11-03 18:29:24,24712,1,29.254761433,1.53370540327
2012-11-03 18:29:25,24713,1,30.882514535,1.62775310193
2012-11-03 18:29:26,24714,1,32.5008182939,1.61830375893
2012-11-03 18:29:27,24715,1,34.1072172805,1.60639898661
2012-11-03 18:29:28,24716,1,35.7564733222,1.64925604167
2012-11-03 18:29:29,24717,1,37.4680804271,1.71160710491
2012-11-03 18:29:30,24718,1,39.1571427932,1.68906236607
2012-11-03 18:29:31,24719,1,40.6527527374,1.4956099442
2012-11-03 18:29:32,24720,1,41.8138388266,1.16108608929
2012-11-03 18:29:33,24721,1,42.6511897455,0.837350918899
2012-11-03 18:29:34,24722,1,43.3070674948,0.655877749256
2012-11-03 18:29:35,24723,1,43.9192698408,0.612202345982
2012-11-03 18:29:36,24724,1,44.5185260089,0.599256168155
2012-11-03 18:29:37,24725,1,44.9981394479,0.479613438988
2012-11-03 18:29:38,24726,1,45.1847468118,0.186607363839
2012-11-03 18:29:39,24727,1,45.0019342485,-0.182812563244
2012-11-03 18:29:40,24728,1,44.5492554308,-0.452678817708
2012-11-03 18:29:41,24729,1,44.010862407,-0.538393023809
2012-11-03 18:29:42,24730,1,43.5128713616,-0.497991045387
2012-11-03 18:29:43,24731,1,43.0498505759,-0.463020785714
2012-11-03 18:29:44,24732,1,42.5229159196,-0.52693465625
2012-11-03 18:29:45,24733,1,41.8313977939,-0.691518125744
2012-11-03 18:29:46,24734,1,40.9346714323,-0.896726361607
2012-11-03 18:29:47,24735,1,39.8713530997,-1.06331833259
2012-11-03 18:29:48,24736,1,38.7239576563,-1.14739544345
2012-11-03 18:29:49,24737,1,37.5684521176,-1.15550553869
2012-11-03 18:29:50,24738,1,36.4848213571,-1.08363076042
2012-11-03 18:29:51,24739,1,35.5616070119,-0.923214345238
2012-11-03 18:29:52,24740,1,34.8490323906,-0.71257462128
2012-11-03 18:29:53,24741,1,34.3513386406,-0.49769375
2012-11-03 18:29:54,24742,1,34.0490318244,-0.30230681622
2012-11-03 18:29:55,24743,1,33.8983620923,-0.150669732143
2012-11-03 18:29:56,24744,1,33.8453116644,-0.0530504278274
2012-11-03 18:29:57,24745,1,33.8227673951,-0.0225442693452
2012-11-03 18:29:58,24746,1,33.6867558943,-0.136011500744
2012-11-03 18:29:59,24747,1,33.2033483824,-0.483407511905
2012-11-03 18:30:00,24748,1,32.1528275357,-1.05052084673
2012-11-03 18:30:01,24749,1,30.4173363244,-1.73549121131
2012-11-03 18:30:02,24750,1,27.9659224978,-2.45141382664
2012-11-03 18:30:03,24751,1,24.8288688341,-3.13705366369
2012-11-03 18:30:04,24752,1,21.1415919717,-3.68727686235
2012-11-03 18:30:05,24753,1,17.2229162887,-3.91867568304
2012-11-03 18:30:06,24754,1,13.5801334606,-3.64278282812
2012-11-03 18:30:07,24755,1,10.7433774301,-2.83675603051
2012-11-03 18:30:08,24756,1,8.98444880208,-1.75892862798
2012-11-03 18:30:09,24757,1,8.16882380134,-0.815625000744
2012-11-03 18:30:10,24758,1,7.91584770238,-0.252976098958
2012-11-03 18:30:11,24759,1,7.8808032314,-0.0350444709821
2012-11-03 18:30:12,24760,1,7.86287186979,-0.0179313616071
2012-11-03 18:30:13,24761,1,7.75312497173,-0.109746898065
2012-11-03 18:30:14,24762,1,7.49538692262,-0.257738049107
2012-11-03 18:30:15,24763,1,7.08191965551,-0.413467267113
2012-11-03 18:30:16,24764,1,6.50431544345,-0.577604212054
2012-11-03 18:30:17,24765,1,5.65803560268,-0.846279840774
2012-11-03 18:30:18,24766,1,4.38132423512,-1.27671136756
2012-11-03 18:30:19,24767,1,2.77351174926,-1.60781248586
2012-11-03 18:30:20,24768,1,0.0,-2.77351174926
2012-11-03 18:38:13,25241,473,0.0,0.0
2012-11-03 18:38:14,25242,1,1.29211290402,1.29211290402
2012-11-03 18:38:15,25243,1,1.91019316443,0.618080260417
2012-11-03 18:38:16,25244,1,2.28973181622,0.379538651786
2012-11-03 18:38:17,25245,1,2.40974669866,0.12001488244
2012-11-03 18:38:18,25246,1,2.51212764063,0.102380941964
2012-11-03 18:38:19,25247,1,2.78653236979,0.274404729167
2012-11-03 18:38:20,25248,1,3.24166625,0.455133880208
2012-11-03 18:38:21,25249,1,3.74702333631,0.50535708631
2012-11-03 18:38:22,25250,1,4.1798358058,0.432812469494
2012-11-03 18:38:23,25251,1,4.55119000818,0.371354202381
2012-11-03 18:38:24,25252,1,4.99642820164,0.445238193452
2012-11-03 18:38:25,25253,1,5.66547591741,0.669047715774
2012-11-03 18:38:26,25254,1,6.56607116146,0.900595244048
2012-11-03 18:38:27,25255,1,7.46279721949,0.896726058036
2012-11-03 18:38:28,25256,1,8.01688924926,0.554092029762
2012-11-03 18:38:29,25257,1,8.06674022173,0.0498509724702
2012-11-03 18:38:30,25258,1,7.71904667932,-0.347693542411
2012-11-03 18:38:31,25259,1,7.21078780134,-0.508258877976
2012-11-03 18:38:32,25260,1,6.71554979985,-0.495238001488
2012-11-03 18:38:33,25261,1,6.17916591443,-0.536383885417
2012-11-03 18:38:34,25262,1,5.33452305878,-0.844642855655
2012-11-03 18:38:35,25263,1,4.0014874003,-1.33303565848
2012-11-03 18:38:36,25264,1,2.43578817336,-1.56569922693
2012-11-03 18:38:37,25265,1,0.0,-2.43578817336
2012-11-03 18:38:51,25279,14,0.0,0.0
2012-11-03 18:38:52,25280,1,3.39680042932,3.39680042932
2012-11-03 18:38:53,25281,1,6.22827355729,2.83147312798
2012-11-03 18:38:54,25282,1,9.15781213393,2.92953857664
2012-11-03 18:38:55,25283,1,11.2829608043,2.12514867039
2012-11-03 18:38:56,25284,1,12.0805648326,0.797604028274
2012-11-03 18:38:57,25285,1,11.5534368006,-0.527128031994
2012-11-03 18:38:58,25286,1,10.0988089226,-1.45462787798
2012-11-03 18:38:59,25287,1,8.22549069122,-1.8733182314
2012-11-03 18:39:00,25288,1,6.3825147247,-1.84297596652
2012-11-03 18:39:01,25289,1,4.88212795164,-1.50038677307
2012-11-03 18:39:02,25290,1,3.83066965551,-1.05145829613
2012-11-03 18:39:03,25291,1,3.16260417485,-0.668065480655
2012-11-03 18:39:04,25292,1,2.83129464435,-0.331309530506
2012-11-03 18:39:05,25293,1,2.97833333333,0.147038688988
2012-11-03 18:39:06,25294,1,3.80038690476,0.822053571429
2012-11-03 18:39:07,25295,1,5.19144345238,1.39105654762
2012-11-03 18:39:08,25296,1,6.63194940625,1.44050595387
2012-11-03 18:39:09,25297,1,7.50535714955,0.873407743304
2012-11-03 18:39:10,25298,1,7.54313988542,0.0377827358631
2012-11-03 18:39:11,25299,1,7.0317112753,-0.511428610119
2012-11-03 18:39:12,25300,1,6.59352666741,-0.438184607887
2012-11-03 18:39:13,25301,1,6.7638390692,0.170312401786
2012-11-03 18:39:14,25302,1,7.80498482143,1.04114575223
2012-11-03 18:39:15,25303,1,9.77284191592,1.96785709449
2012-11-03 18:39:16,25304,1,12.5588538207,2.78601190476
2012-11-03 18:39:17,25305,1,15.8891366071,3.33028278646
2012-11-03 18:39:18,25306,1,19.3825146659,3.49337805878
2012-11-03 18:39:19,25307,1,22.6585564375,3.27604177158
2012-11-03 18:39:20,25308,1,25.4524553371,2.79389889955
2012-11-03 18:39:21,25309,1,27.6831101042,2.23065476711
2012-11-03 18:39:22,25310,1,29.4383182991,1.75520819494
2012-11-03 18:39:23,25311,1,30.8925590982,1.45424079911
2012-11-03 18:39:24,25312,1,32.2027522798,1.31019318155
2012-11-03 18:39:25,25313,1,33.4407730446,1.23802076488
2012-11-03 18:39:26,25314,1,34.5893595603,1.14858651562
2012-11-03 18:39:27,25315,1,35.5904759821,1.00111642187
2012-11-03 18:39:28,25316,1,36.4095982932,0.819122311012
2012-11-03 18:39:29,25317,1,37.0517858802,0.642187587053
2012-11-03 18:39:30,25318,1,37.5298363705,0.478050490327
2012-11-03 18:39:31,25319,1,37.8468004643,0.31696409375
2012-11-03 18:39:32,25320,1,37.9942704896,0.147470025298
2012-11-03 18:39:33,25321,1,37.9447910908,-0.0494793988095
2012-11-03 18:39:34,25322,1,37.6560259881,-0.288765102679
2012-11-03 18:39:35,25323,1,37.1023055796,-0.553720408482
2012-11-03 18:39:36,25324,1,36.3172607783,-0.785044801339
2012-11-03 18:39:37,25325,1,35.3799838006,-0.937276977679
2012-11-03 18:39:38,25326,1,34.3238824501,-1.05610135045
2012-11-03 18:39:39,25327,1,33.0741056399,-1.24977681027
2012-11-03 18:39:40,25328,1,31.4599688787,-1.61413676116
2012-11-03 18:39:41,25329,1,29.2478411741,-2.21212770461
2012-11-03 18:39:42,25330,1,26.229240285,-3.01860088914
2012-11-03 18:39:43,25331,1,22.3746150159,-3.8546252691
2012-11-03 18:39:44,25332,1,17.9198222356,-4.45479278026
2012-11-03 18:39:45,25333,1,13.3382808616,-4.58154137401
2012-11-03 18:39:46,25334,1,9.22794475025,-4.11033611136
2012-11-03 18:39:47,25335,1,6.08293592907,-3.14500882118
2012-11-03 18:39:48,25336,1,4.07492484747,-2.0080110816
2012-11-03 18:39:49,25337,1,3.04989990749,-1.02502493998
2012-11-03 18:39:50,25338,1,2.67906028745,-0.37083962004
2012-11-03 18:39:51,25339,1,2.61290822024,-0.0661520672123
2012-11-03 18:39:52,25340,1,2.61089309053,-0.0020151297123
2012-11-03 18:39:53,25341,1,2.58860266915,-0.022290421379
2012-11-03 18:39:54,25342,1,2.549999,-0.0386036691468
2012-11-03 18:39:55,25343,1,2.50737747073,-0.0426215292659
2012-11-03 18:39:56,25344,1,2.45837572793,-0.0490017428075
2012-11-03 18:39:57,25345,1,2.39207488021,-0.0663008477183
2012-11-03 18:39:58,25346,1,2.32562526463,-0.0664496155754
2012-11-03 18:39:59,25347,1,2.39548526736,0.0698600027282
2012-11-03 18:40:00,25348,1,2.90066902307,0.505183755704
2012-11-03 18:40:01,25349,1,4.16683987748,1.26617085441
2012-11-03 18:40:02,25350,1,6.33753069469,2.17069081721
2012-11-03 18:40:03,25351,1,9.27712017485,2.93958948016
2012-11-03 18:40:04,25352,1,12.6142542532,3.33713407837
2012-11-03 18:40:05,25353,1,15.9052946329,3.29104037971
2012-11-03 18:40:06,25354,1,18.8028268757,2.89753224281
2012-11-03 18:40:07,25355,1,21.0800590171,2.27723214137
2012-11-03 18:40:08,25356,1,22.6106393668,1.5305803497
2012-11-03 18:40:09,25357,1,23.4160709583,0.805431591518
2012-11-03 18:40:10,25358,1,23.6701633594,0.254092401042
2012-11-03 18:40:11,25359,1,23.6121278229,-0.0580355364583
2012-11-03 18:40:12,25360,1,23.446949346,-0.165178476935
2012-11-03 18:40:13,25361,1,23.288690375,-0.158258970982
2012-11-03 18:40:14,25362,1,23.1848211912,-0.10386918378
2012-11-03 18:40:15,25363,1,23.1910710119,0.0062498206846
2012-11-03 18:40:16,25364,1,23.385713683,0.194642671131
2012-11-03 18:40:17,25365,1,23.7904010543,0.40468737128
2012-11-03 18:40:18,25366,1,24.2997016481,0.50930059375
2012-11-03 18:40:19,25367,1,24.7155499978,0.415848349702
2012-11-03 18:40:20,25368,1,24.8647317388,0.149181741071
2012-11-03 18:40:21,25369,1,24.7021574628,-0.162574276042
2012-11-03 18:40:22,25370,1,24.3340026949,-0.368154767857
2012-11-03 18:40:23,25371,1,23.9696424829,-0.364360212054
2012-11-03 18:40:24,25372,1,23.8336305186,-0.136011964286
2012-11-03 18:40:25,25373,1,24.0638389018,0.230208383185
2012-11-03 18:40:26,25374,1,24.6488836786,0.585044776786
2012-11-03 18:40:27,25375,1,25.4530504807,0.804166802083
2012-11-03 18:40:28,25376,1,26.3087797039,0.855729223214
2012-11-03 18:40:29,25377,1,27.1002975045,0.791517800595
2012-11-03 18:40:30,25378,1,27.7718003452,0.671502840774
2012-11-03 18:40:31,25379,1,28.2652525923,0.493452247024
2012-11-03 18:40:32,25380,1,28.4677078981,0.202455305804
2012-11-03 18:40:33,25381,1,28.2394341429,-0.228273755208
2012-11-03 18:40:34,25382,1,27.4860860238,-0.753348119048
2012-11-03 18:40:35,25383,1,26.1813985685,-1.30468745536
2012-11-03 18:40:36,25384,1,24.3349699524,-1.84642861607
2012-11-03 18:40:37,25385,1,21.9711305729,-2.36383937946
2012-11-03 18:40:38,25386,1,19.1482138586,-2.82291671429
2012-11-03 18:40:39,25387,1,15.9906990305,-3.15751482813
2012-11-03 18:40:40,25388,1,12.6942705454,-3.29642848512
2012-11-03 18:40:41,25389,1,9.48869019643,-3.20558034896
2012-11-03 18:40:42,25390,1,6.5670383311,-2.92165186533
2012-11-03 18:40:43,25391,1,4.05617518155,-2.51086314955
2012-11-03 18:40:44,25392,1,2.11086274405,-1.9453124375
2012-11-03 18:40:45,25393,1,0.0,-2.11086274405
2012-11-03 18:41:05,25413,20,0.0,0.0
2012-11-03 18:41:06,25414,1,1.40491036086,1.40491036086
2012-11-03 18:41:07,25415,1,2.18511859226,0.780208231399
2012-11-03 18:41:08,25416,1,2.71636859375,0.531250001488
2012-11-03 18:41:09,25417,1,2.88965736458,0.173288770833
2012-11-03 18:41:10,25418,1,2.82864554464,-0.0610118199405
2012-11-03 18:41:11,25419,1,2.65066939732,-0.177976147321
2012-11-03 18:41:12,25420,1,2.33683011979,-0.31383927753
2012-11-03 18:41:13,25421,1,1.80610096429,-0.530729155506
2012-11-03 18:41:14,25422,1,1.14598196577,-0.660118998512
2012-11-03 18:41:15,25423,1,0.0,-1.14598196577
2012-11-03 18:44:33,25621,198,0.0,0.0
2012-11-03 18:44:34,25622,1,3.55394348363,3.55394348363
2012-11-03 18:44:35,25623,1,7.26733633631,3.71339285268
2012-11-03 18:44:36,25624,1,12.0595237827,4.79218744643
2012-11-03 18:44:37,25625,1,17.0930802351,5.03355645238
2012-11-03 18:44:38,25626,1,21.5191218095,4.4260415744
2012-11-03 18:44:39,25627,1,24.8030503393,3.28392852976
2012-11-03 18:44:40,25628,1,26.8796872515,2.0766369122
2012-11-03 18:44:41,25629,1,28.0201634516,1.14047620015
2012-11-03 18:44:42,25630,1,28.5544639993,0.534300547619
2012-11-03 18:44:43,25631,1,28.7098954234,0.155431424107
2012-11-03 18:44:44,25632,1,28.6052077842,-0.104687639137
2012-11-03 18:44:45,25633,1,28.3068446004,-0.29836318378
2012-11-03 18:44:46,25634,1,27.9031987254,-0.403645875
2012-11-03 18:44:47,25635,1,27.5215022887,-0.381696436756
2012-11-03 18:44:48,25636,1,27.2638386503,-0.257663638393
2012-11-03 18:44:49,25637,1,27.1698655655,-0.0939730848214
2012-11-03 18:44:50,25638,1,27.2452377649,0.0753721994048
2012-11-03 18:44:51,25639,1,27.495237907,0.250000142113
2012-11-03 18:44:52,25640,1,27.9052825833,0.410044676339
2012-11-03 18:44:53,25641,1,28.3839283631,0.478645779762
2012-11-03 18:44:54,25642,1,28.7891366592,0.405208296131
2012-11-03 18:44:55,25643,1,29.0220236027,0.232886943452
2012-11-03 18:44:56,25644,1,29.0169641376,-0.0050594650298
2012-11-03 18:44:57,25645,1,28.6238837433,-0.393080394345
2012-11-03 18:44:58,25646,1,27.5198656987,-1.10401804464
2012-11-03 18:44:59,25647,1,25.2869785298,-2.2328871689
2012-11-03 18:45:00,25648,1,21.7169634583,-3.57001507143
2012-11-03 18:45:01,25649,1,17.1363831012,-4.58058035714
2012-11-03 18:45:02,25650,1,12.4237344821,-4.71264861905
2012-11-03 18:45:03,25651,1,8.64605617634,-3.7776783058
2012-11-03 18:45:04,25652,1,6.54598196429,-2.10007421205
2012-11-03 18:45:05,25653,1,6.2203123564,-0.325669607887
2012-11-03 18:45:06,25654,1,7.22834797024,1.00803561384
2012-11-03 18:45:07,25655,1,9.02834783557,1.79999986533
2012-11-03 18:45:08,25656,1,11.311085869,2.28273803348
2012-11-03 18:45:09,25657,1,13.9811752083,2.67008933929
2012-11-03 18:45:10,25658,1,16.9882437924,3.00706858408
2012-11-03 18:45:11,25659,1,20.2443451272,3.25610133482
2012-11-03 18:45:12,25660,1,23.6380952254,3.39375009821
2012-11-03 18:45:13,25661,1,27.0415922359,3.40349701042
2012-11-03 18:45:14,25662,1,30.2492557649,3.20766352902
2012-11-03 18:45:15,25663,1,32.9766364769,2.72738071205
2012-11-03 18:45:16,25664,1,35.0183029621,2.04166648512
2012-11-03 18:45:17,25665,1,36.3992553043,1.38095234226
2012-11-03 18:45:18,25666,1,37.3548357552,0.955580450893
2012-11-03 18:45:19,25667,1,38.1646573244,0.809821569197
2012-11-03 18:45:20,25668,1,38.9687496652,0.804092340774
2012-11-03 18:45:21,25669,1,39.7111603854,0.742410720238
2012-11-03 18:45:22,25670,1,40.2314729129,0.52031252753
2012-11-03 18:45:23,25671,1,40.397767651,0.166294738095
2012-11-03 18:45:24,25672,1,40.191071346,-0.20669630506
2012-11-03 18:45:25,25673,1,39.6819196689,-0.509151677083
2012-11-03 18:45:26,25674,1,38.9203125647,-0.761607104167
2012-11-03 18:45:27,25675,1,37.8683035394,-1.0520090253
2012-11-03 18:45:28,25676,1,36.4342259479,-1.43407759152
2012-11-03 18:45:29,25677,1,34.561978721,-1.87224722693
2012-11-03 18:45:30,25678,1,32.3269339985,-2.23504472247
2012-11-03 18:45:31,25679,1,29.9490322976,-2.37790170089
2012-11-03 18:45:32,25680,1,27.6479164234,-2.30111587426
2012-11-03 18:45:33,25681,1,25.4492558869,-2.19866053646
2012-11-03 18:45:34,25682,1,23.1347470045,-2.31450888244
2012-11-03 18:45:35,25683,1,20.3806546581,-2.75409234635
2012-11-03 18:45:36,25684,1,16.9959818914,-3.38467276674
2012-11-03 18:45:37,25685,1,13.1055055491,-3.89047634226
2012-11-03 18:45:38,25686,1,9.11242510417,-3.99308044494
2012-11-03 18:45:39,25687,1,5.50610074182,-3.60632436235
2012-11-03 18:45:40,25688,1,2.78050565402,-2.7255950878
2012-11-03 18:45:41,25689,1,0.0,-2.78050565402
2012-11-03 18:46:12,25720,31,0.0,0.0
2012-11-03 18:46:13,25721,1,4.9768599468,4.9768599468
2012-11-03 18:46:14,25722,1,9.30677065402,4.32991070722
2012-11-03 18:46:15,25723,1,14.200669532,4.89389887798
2012-11-03 18:46:16,25724,1,18.7941219896,4.59345245759
2012-11-03 18:46:17,25725,1,22.6700148616,3.87589287202
2012-11-03 18:46:18,25726,1,25.8313243475,3.16130948586
2012-11-03 18:46:19,25727,1,28.4397320007,2.60840765327
2012-11-03 18:46:20,25728,1,30.596949058,2.15721705729
2012-11-03 18:46:21,25729,1,32.3239576153,1.72700855729
2012-11-03 18:46:22,25730,1,33.6395821778,1.3156245625
2012-11-03 18:46:23,25731,1,34.5976920119,0.958109834077
2012-11-03 18:46:24,25732,1,35.2689718326,0.671279820685
2012-11-03 18:46:25,25733,1,35.7383174449,0.469345612351
2012-11-03 18:46:26,25734,1,36.1371273705,0.398809925595
2012-11-03 18:46:27,25735,1,36.6381691815,0.501041811012
2012-11-03 18:46:28,25736,1,37.3706095446,0.732440363095
2012-11-03 18:46:29,25737,1,38.3238832165,0.953273671875
2012-11-03 18:46:30,25738,1,39.3465022857,1.0226190692
2012-11-03 18:46:31,25739,1,40.252603628,0.906101342262
2012-11-03 18:46:32,25740,1,40.937276378,0.68467275
2012-11-03 18:46:33,25741,1,41.4151781853,0.477901807292
2012-11-03 18:46:34,25742,1,41.7763388728,0.3611606875
2012-11-03 18:46:35,25743,1,42.101562154,0.32522328125
2012-11-03 18:46:36,25744,1,42.4136903311,0.312128177083
2012-11-03 18:46:37,25745,1,42.6999256287,0.286235297619
2012-11-03 18:46:38,25746,1,42.9537202262,0.25379459747
2012-11-03 18:46:39,25747,1,43.1938984888,0.240178262649
2012-11-03 18:46:40,25748,1,43.4485111905,0.254612701637
2012-11-03 18:46:41,25749,1,43.7088532731,0.260342082589
2012-11-03 18:46:42,25750,1,43.9195677813,0.210714508185
2012-11-03 18:46:43,25751,1,44.0314730484,0.111905267113
2012-11-03 18:46:44,25752,1,44.0404020848,0.00892903645831
2012-11-03 18:46:45,25753,1,43.9601195283,-0.0802825565476
2012-11-03 18:46:46,25754,1,43.7709080766,-0.189211451637
2012-11-03 18:46:47,25755,1,43.4172618787,-0.353646197917
2012-11-03 18:46:48,25756,1,42.8621275379,-0.555134340774
2012-11-03 18:46:49,25757,1,42.1386153549,-0.723512183036
2012-11-03 18:46:50,25758,1,41.3549099531,-0.783705401786
2012-11-03 18:46:51,25759,1,40.6389875156,-0.7159224375
2012-11-03 18:46:52,25760,1,40.0782735551,-0.560713960565
2012-11-03 18:46:53,25761,1,39.7194941399,-0.358779415179
2012-11-03 18:46:54,25762,1,39.570610474,-0.148883665923
2012-11-03 18:46:55,25763,1,39.5868308504,0.0162203764881
2012-11-03 18:46:56,25764,1,39.7142862344,0.127455383929
2012-11-03 18:46:57,25765,1,39.9329617768,0.218675542411
2012-11-03 18:46:58,25766,1,40.2409230082,0.307961231399
2012-11-03 18:46:59,25767,1,40.6402533103,0.399330302083
2012-11-03 18:47:00,25768,1,41.1113097976,0.471056487351
2012-11-03 18:47:01,25769,1,41.5743304963,0.463020698661
2012-11-03 18:47:02,25770,1,41.9200147932,0.345684296875
2012-11-03 18:47:03,25771,1,42.079687128,0.159672334821
2012-11-03 18:47:04,25772,1,42.0544636585,-0.0252234694941
2012-11-03 18:47:05,25773,1,41.9057284368,-0.148735221726
2012-11-03 18:47:06,25774,1,41.715326744,-0.190401692708
2012-11-03 18:47:07,25775,1,41.5113834687,-0.203943275298
2012-11-03 18:47:08,25776,1,41.2095234271,-0.301860041667
2012-11-03 18:47:09,25777,1,40.6466512976,-0.562872129464
2012-11-03 18:47:10,25778,1,39.6993296786,-0.947321619048
2012-11-03 18:47:11,25779,1,38.3817700283,-1.3175596503
2012-11-03 18:47:12,25780,1,36.8415914546,-1.54017857366
2012-11-03 18:47:13,25781,1,35.2511897612,-1.59040169345
2012-11-03 18:47:14,25782,1,33.6917404576,-1.55944930357
2012-11-03 18:47:15,25783,1,32.1720232351,-1.51971722247
2012-11-03 18:47:16,25784,1,30.7502226101,-1.421800625
2012-11-03 18:47:17,25785,1,29.5747760848,-1.1754465253
2012-11-03 18:47:18,25786,1,28.8027521265,-0.772023958333
2012-11-03 18:47:19,25787,1,28.506546651,-0.296205475446
2012-11-03 18:47:20,25788,1,28.6497758132,0.143229162202
2012-11-03 18:47:21,25789,1,29.1398800759,0.490104262649
2012-11-03 18:47:22,25790,1,29.8831837463,0.743303670387
2012-11-03 18:47:23,25791,1,30.7784218385,0.895238092262
2012-11-03 18:47:24,25792,1,31.7063234948,0.92790165625
2012-11-03 18:47:25,25793,1,32.5617548854,0.855431390625
2012-11-03 18:47:26,25794,1,33.285564369,0.723809483631
2012-11-03 18:47:27,25795,1,33.8700139025,0.584449533482
2012-11-03 18:47:28,25796,1,34.3365319725,0.46651806994
2012-11-03 18:47:29,25797,1,34.6982137024,0.361681729911
2012-11-03 18:47:30,25798,1,34.9466513594,0.248437656994
2012-11-03 18:47:31,25799,1,35.0711307604,0.124479401042
2012-11-03 18:47:32,25800,1,35.0842263036,0.0130955431547
2012-11-03 18:47:33,25801,1,35.0355657649,-0.0486605386904
2012-11-03 18:47:34,25802,1,35.0022323028,-0.0333334620536
2012-11-03 18:47:35,25803,1,35.0571426868,0.0549103839286
2012-11-03 18:47:36,25804,1,35.2273061384,0.170163451637
2012-11-03 18:47:37,25805,1,35.4560263839,0.228720245536
2012-11-03 18:47:38,25806,1,35.5973211815,0.141294797619
2012-11-03 18:47:39,25807,1,35.4587796384,-0.138541543155
2012-11-03 18:47:40,25808,1,34.8632439308,-0.595535707589
2012-11-03 18:47:41,25809,1,33.7024551912,-1.16078873958
2012-11-03 18:47:42,25810,1,31.9888391243,-1.71361606696
2012-11-03 18:47:43,25811,1,29.8955355982,-2.09330352604
2012-11-03 18:47:44,25812,1,27.7604165424,-2.1351190558
2012-11-03 18:47:45,25813,1,26.0305057545,-1.72991078795
2012-11-03 18:47:46,25814,1,25.11488066,-0.915625094494
2012-11-03 18:47:47,25815,1,25.1863835476,0.0715028876488
2012-11-03 18:47:48,25816,1,26.0757436235,0.889360075893
2012-11-03 18:47:49,25817,1,27.3665174501,1.29077382664
2012-11-03 18:47:50,25818,1,28.6377972195,1.27127976935
2012-11-03 18:47:51,25819,1,29.6689727225,1.03117550298
2012-11-03 18:47:52,25820,1,30.4768594189,0.807886696429
2012-11-03 18:47:53,25821,1,31.2151032329,0.738243813988
2012-11-03 18:47:54,25822,1,32.010787628,0.795684395089
2012-11-03 18:47:55,25823,1,32.8473947708,0.836607142857
2012-11-03 18:47:56,25824,1,33.6183769591,0.770982188244
2012-11-03 18:47:57,25825,1,34.2604901146,0.642113155506
2012-11-03 18:47:58,25826,1,34.7733622522,0.512872137649
2012-11-03 18:47:59,25827,1,35.1546123951,0.381250142857
2012-11-03 18:48:00,25828,1,35.3589279561,0.204315561012
2012-11-03 18:48:01,25829,1,35.2967999784,-0.0621279776786
2012-11-03 18:48:02,25830,1,34.9025291228,-0.394270855655
2012-11-03 18:48:03,25831,1,34.2394339368,-0.663095186012
2012-11-03 18:48:04,25832,1,33.5005203951,-0.738913541667
2012-11-03 18:48:05,25833,1,32.8767853921,-0.623735002976
2012-11-03 18:48:06,25834,1,32.4337049613,-0.443080430804
2012-11-03 18:48:07,25835,1,32.1046124911,-0.329092470238
2012-11-03 18:48:08,25836,1,31.7758921302,-0.328720360863
2012-11-03 18:48:09,25837,1,31.3784963772,-0.397395752976
2012-11-03 18:48:10,25838,1,30.922023381,-0.45647299628
2012-11-03 18:48:11,25839,1,30.4626485848,-0.459374796131
2012-11-03 18:48:12,25840,1,30.0662200826,-0.396428502232
2012-11-03 18:48:13,25841,1,29.8228420558,-0.243378026786
2012-11-03 18:48:14,25842,1,29.862499744,0.039657688244
2012-11-03 18:48:15,25843,1,30.2965027641,0.434003020089
2012-11-03 18:48:16,25844,1,31.1194195543,0.822916790179
2012-11-03 18:48:17,25845,1,32.1763392954,1.05691974107
2012-11-03 18:48:18,25846,1,33.2520833534,1.07574405804
2012-11-03 18:48:19,25847,1,34.2133928564,0.961309502976
2012-11-03 18:48:20,25848,1,35.0613839137,0.847991057292
2012-11-03 18:48:21,25849,1,35.8609374167,0.799553502976
2012-11-03 18:48:22,25850,1,36.6436009375,0.782663520833
2012-11-03 18:48:23,25851,1,37.3604162091,0.716815271577
2012-11-03 18:48:24,25852,1,37.9162940967,0.555877887649
2012-11-03 18:48:25,25853,1,38.2609370402,0.344642943452
2012-11-03 18:48:26,25854,1,38.4270829993,0.166145959077
2012-11-03 18:48:27,25855,1,38.4736604189,0.0465774196428
2012-11-03 18:48:28,25856,1,38.4223211354,-0.0513392834821
2012-11-03 18:48:29,25857,1,38.2613093013,-0.161011834077
2012-11-03 18:48:30,25858,1,38.0084820692,-0.252827232143
2012-11-03 18:48:31,25859,1,37.7633185104,-0.24516355878
2012-11-03 18:48:32,25860,1,37.670163776,-0.093154734375
2012-11-03 18:48:33,25861,1,37.8162946987,0.146130922619
2012-11-03 18:48:34,25862,1,38.1735863728,0.357291674107
2012-11-03 18:48:35,25863,1,38.616741125,0.443154752232
2012-11-03 18:48:36,25864,1,38.958333224,0.341592098958
2012-11-03 18:48:37,25865,1,38.9886900789,0.0303568549107
2012-11-03 18:48:38,25866,1,38.5565470007,-0.432143078125
2012-11-03 18:48:39,25867,1,37.6752225923,-0.881324408482
2012-11-03 18:48:40,25868,1,36.5684519859,-1.1067706064
2012-11-03 18:48:41,25869,1,35.5662201749,-1.00223181101
2012-11-03 18:48:42,25870,1,34.9072918333,-0.658928341518
2012-11-03 18:48:43,25871,1,34.623809689,-0.283482144345
2012-11-03 18:48:44,25872,1,34.5908481644,-0.0329615245536
2012-11-03 18:48:45,25873,1,34.6857883058,0.0949401413691
2012-11-03 18:48:46,25874,1,34.8852671458,0.19947884003
2012-11-03 18:48:47,25875,1,35.1781241213,0.292856975446
2012-11-03 18:48:48,25876,1,35.4591510156,0.281026894345
2012-11-03 18:48:49,25877,1,35.5646573504,0.105506334821
2012-11-03 18:48:50,25878,1,35.3658483237,-0.198809026786
2012-11-03 18:48:51,25879,1,34.8618308341,-0.504017489583
2012-11-03 18:48:52,25880,1,34.2210570729,-0.640773761161
2012-11-03 18:48:53,25881,1,33.655431785,-0.565625287947
2012-11-03 18:48:54,25882,1,33.2322170499,-0.423214735119
2012-11-03 18:48:55,25883,1,32.8463535863,-0.385863463542
2012-11-03 18:48:56,25884,1,32.3410707121,-0.505282874256
2012-11-03 18:48:57,25885,1,31.6188237887,-0.722246923363
2012-11-03 18:48:58,25886,1,30.6679311644,-0.950892624256
2012-11-03 18:48:59,25887,1,29.5114581786,-1.15647298586
2012-11-03 18:49:00,25888,1,28.1118303393,-1.39962783929
2012-11-03 18:49:01,25889,1,26.3232143028,-1.78861603646
2012-11-03 18:49:02,25890,1,23.9790922359,-2.34412206696
2012-11-03 18:49:03,25891,1,21.0476189308,-2.93147330506
2012-11-03 18:49:04,25892,1,17.7177825216,-3.32983640923
2012-11-03 18:49:05,25893,1,14.3810264896,-3.33675603199
2012-11-03 18:49:06,25894,1,11.5260413274,-2.8549851622
2012-11-03 18:49:07,25895,1,9.56376454092,-1.96227678646
2012-11-03 18:49:08,25896,1,8.65877943527,-0.904985105655
2012-11-03 18:49:09,25897,1,8.68377942634,0.0249999910714
2012-11-03 18:49:10,25898,1,9.29903237128,0.61525294494
2012-11-03 18:49:11,25899,1,10.0360858996,0.737053528274
2012-11-03 18:49:12,25900,1,10.4053566741,0.369270774554
2012-11-03 18:49:13,25901,1,10.1180798177,-0.287276856399
2012-11-03 18:49:14,25902,1,9.24412142932,-0.873958388393
2012-11-03 18:49:15,25903,1,8.11733571205,-1.12678571726
2012-11-03 18:49:16,25904,1,7.1054310067,-1.01190470536
2012-11-03 18:49:17,25905,1,6.39506402406,-0.710366982639
2012-11-03 18:49:18,25906,1,5.89213748934,-0.502926534722
2012-11-03 18:49:19,25907,1,5.35208292411,-0.540054565228
2012-11-03 18:49:20,25908,1,4.62864540179,-0.723437522321
2012-11-03 18:49:21,25909,1,3.77284182887,-0.855803572917
2012-11-03 18:49:22,25910,1,2.95944896131,-0.81339286756
2012-11-03 18:49:23,25911,1,2.42318896825,-0.536259993056
2012-11-03 18:49:24,25912,1,2.42390810689,0.00071913864087
2012-11-03 18:49:25,25913,1,3.13757374033,0.713665633433
2012-11-03 18:49:26,25914,1,4.54873455432,1.41116081399
2012-11-03 18:49:27,25915,1,6.4747020186,1.92596746429
2012-11-03 18:49:28,25916,1,8.67604147693,2.20133945833
2012-11-03 18:49:29,25917,1,10.9640375538,2.28799607688
2012-11-03 18:49:30,25918,1,13.2524799544,2.28844240055
2012-11-03 18:49:31,25919,1,15.526115782,2.27363582763
2012-11-03 18:49:32,25920,1,17.7825145365,2.25639875446
2012-11-03 18:49:33,25921,1,20.0020085826,2.21949404613
2012-11-03 18:49:34,25922,1,22.1406991086,2.13869052604
2012-11-03 18:49:35,25923,1,24.1418896711,2.0011905625
2012-11-03 18:49:36,25924,1,25.9650296481,1.82313997693
2012-11-03 18:49:37,25925,1,27.6308779092,1.66584826116
2012-11-03 18:49:38,25926,1,29.2232885848,1.5924106756
2012-11-03 18:49:39,25927,1,30.7959075424,1.57261895759
2012-11-03 18:49:40,25928,1,32.3071425461,1.51123500372
2012-11-03 18:49:41,25929,1,33.671130468,1.36398792187
2012-11-03 18:49:42,25930,1,34.8160706741,1.1449402061
2012-11-03 18:49:43,25931,1,35.6899542582,0.873883584077
2012-11-03 18:49:44,25932,1,36.2499986205,0.560044362351
2012-11-03 18:49:45,25933,1,36.4670372641,0.217038643601
2012-11-03 18:49:46,25934,1,36.3683767493,-0.0986605148809
2012-11-03 18:49:47,25935,1,36.0595228943,-0.308853854911
2012-11-03 18:49:48,25936,1,35.662871378,-0.396651516369
2012-11-03 18:49:49,25937,1,35.2439726704,-0.418898707589
2012-11-03 18:49:50,25938,1,34.7737345045,-0.470238165923
2012-11-03 18:49:51,25939,1,34.1080349732,-0.66569953125
2012-11-03 18:49:52,25940,1,33.0492551079,-1.05877986533
2012-11-03 18:49:53,25941,1,31.4997014769,-1.54955363095
2012-11-03 18:49:54,25942,1,29.5345229249,-1.96517855208
2012-11-03 18:49:55,25943,1,27.3155498222,-2.21897310268
2012-11-03 18:49:56,25944,1,24.9818446525,-2.33370516964
2012-11-03 18:49:57,25945,1,22.6209817872,-2.36086286533
2012-11-03 18:49:58,25946,1,20.3075146979,-2.31346708929
2012-11-03 18:49:59,25947,1,18.1432289896,-2.16428570833
2012-11-03 18:50:00,25948,1,16.2057288445,-1.93750014509
2012-11-03 18:50:01,25949,1,14.4336304464,-1.77209839807
2012-11-03 18:50:02,25950,1,12.6228416198,-1.81078882664
2012-11-03 18:50:03,25951,1,10.5616808557,-2.06116076414
2012-11-03 18:50:04,25952,1,8.15550530952,-2.40617554613
2012-11-03 18:50:05,25953,1,5.51681496503,-2.63869034449
2012-11-03 18:50:06,25954,1,3.07150264509,-2.44531231994
2012-11-03 18:50:07,25955,1,0.0,-3.07150264509
2012-11-03 18:50:32,25980,25,0.0,0.0
2012-11-03 18:50:33,25981,1,3.4840773497,3.4840773497
2012-11-03 18:50:34,25982,1,6.93348198661,3.4494046369
2012-11-03 18:50:35,25983,1,11.2465769993,4.31309501265
2012-11-03 18:50:36,25984,1,15.6387642731,4.39218727381
2012-11-03 18:50:37,25985,1,19.4794635818,3.84069930878
2012-11-03 18:50:38,25986,1,22.4893595097,3.00989592783
2012-11-03 18:50:39,25987,1,24.7779013958,2.28854188616
2012-11-03 18:50:40,25988,1,26.6415920945,1.86369069866
2012-11-03 18:50:41,25989,1,28.3182291734,1.67663707887
2012-11-03 18:50:42,25990,1,29.8928573162,1.57462814286
2012-11-03 18:50:43,25991,1,31.3220985685,1.42924125223
2012-11-03 18:50:44,25992,1,32.519345724,1.19724715551
2012-11-03 18:50:45,25993,1,33.4357147753,0.916369051339
2012-11-03 18:50:46,25994,1,34.0646580871,0.628943311756
2012-11-03 18:50:47,25995,1,34.4251489308,0.36049084375
2012-11-03 18:50:48,25996,1,34.5713540804,0.146205149553
2012-11-03 18:50:49,25997,1,34.5884670662,0.0171129858631
2012-11-03 18:50:50,25998,1,34.5766366801,-0.0118303861607
2012-11-03 18:50:51,25999,1,34.623958128,0.0473214479167
2012-11-03 18:50:52,26000,1,34.7546873743,0.13072924628
2012-11-03 18:50:53,26001,1,34.9139136443,0.159226270089
2012-11-03 18:50:54,26002,1,35.0171129888,0.103199344494
2012-11-03 18:50:55,26003,1,35.0245532113,0.0074402224702
2012-11-03 18:50:56,26004,1,35.0072909554,-0.0172622559524
2012-11-03 18:50:57,26005,1,35.1209811652,0.113690209821
2012-11-03 18:50:58,26006,1,35.4575882746,0.336607109375
2012-11-03 18:50:59,26007,1,35.9320676124,0.474479337798
2012-11-03 18:51:00,26008,1,36.3485112351,0.416443622768
2012-11-03 18:51:01,26009,1,36.5816957515,0.233184516369
2012-11-03 18:51:02,26010,1,36.6800587121,0.0983629605655
2012-11-03 18:51:03,26011,1,36.7999247143,0.119866002232
2012-11-03 18:51:04,26012,1,37.0673355171,0.267410802827
2012-11-03 18:51:05,26013,1,37.4928565216,0.425521004464
2012-11-03 18:51:06,26014,1,37.9866065937,0.493750072173
2012-11-03 18:51:07,26015,1,38.4143594033,0.427752809524
2012-11-03 18:51:08,26016,1,38.6290168646,0.214657461309
2012-11-03 18:51:09,26017,1,38.5334810893,-0.0955357752976
2012-11-03 18:51:10,26018,1,38.168079622,-0.365401467262
2012-11-03 18:51:11,26019,1,37.7003718274,-0.467707794643
2012-11-03 18:51:12,26020,1,37.3004466429,-0.399925184524
2012-11-03 18:51:13,26021,1,36.9988841853,-0.301562457589
2012-11-03 18:51:14,26022,1,36.6558780164,-0.343006168899
2012-11-03 18:51:15,26023,1,36.0604165379,-0.595461478423
2012-11-03 18:51:16,26024,1,35.0316219263,-1.02879461161
2012-11-03 18:51:17,26025,1,33.5046875454,-1.52693438095
2012-11-03 18:51:18,26026,1,31.6163691637,-1.8883183817
2012-11-03 18:51:19,26027,1,29.6583333482,-1.95803581548
2012-11-03 18:51:20,26028,1,27.9001486131,-1.75818473512
2012-11-03 18:51:21,26029,1,26.4497763728,-1.45037224033
2012-11-03 18:51:22,26030,1,25.2180797522,-1.23169662054
2012-11-03 18:51:23,26031,1,23.9815468504,-1.23653290179
2012-11-03 18:51:24,26032,1,22.5142104531,-1.46733639732
2012-11-03 18:51:25,26033,1,20.6853414487,-1.82886900446
2012-11-03 18:51:26,26034,1,18.4573441448,-2.22799730389
2012-11-03 18:51:27,26035,1,15.8477035452,-2.6096405996
2012-11-03 18:51:28,26036,1,12.9463324126,-2.90137113255
2012-11-03 18:51:29,26037,1,9.97761428997,-2.96871812266
2012-11-03 18:51:30,26038,1,7.29193192772,-2.68568236224
2012-11-03 18:51:31,26039,1,5.22718928805,-2.06474263967
2012-11-03 18:51:32,26040,1,3.94304831016,-1.28414097789
2012-11-03 18:51:33,26041,1,3.34720447555,-0.595843834609
2012-11-03 18:51:34,26042,1,3.14736395823,-0.199840517326
2012-11-03 18:51:35,26043,1,3.04058249787,-0.106781460353
2012-11-03 18:51:36,26044,1,2.98010204826,-0.0604804496174
2012-11-03 18:51:37,26045,1,3.30910924118,0.329007192921
2012-11-03 18:51:38,26046,1,4.55934299841,1.25023375723
2012-11-03 18:51:39,26047,1,7.02227866082,2.46293566241
2012-11-03 18:51:40,26048,1,10.4732776468,3.45099898597
2012-11-03 18:51:41,26049,1,14.275243917,3.8019662702
2012-11-03 18:51:42,26050,1,17.7595125426,3.48426862564
2012-11-03 18:51:43,26051,1,20.5739789192,2.81446637659
2012-11-03 18:51:44,26052,1,22.6995528884,2.12557396918
2012-11-03 18:51:45,26053,1,24.2121273051,1.51257441667
2012-11-03 18:51:46,26054,1,25.1405499658,0.928422660714
2012-11-03 18:51:47,26055,1,25.5211452899,0.380595324107
2012-11-03 18:51:48,26056,1,25.474240632,-0.046904657887
2012-11-03 18:51:49,26057,1,25.1706841205,-0.303556511458
2012-11-03 18:51:50,26058,1,24.7326929696,-0.437991150893
2012-11-03 18:51:51,26059,1,24.1963535379,-0.536339431697
2012-11-03 18:51:52,26060,1,23.554180807,-0.642172730952
2012-11-03 18:51:53,26061,1,22.8083921268,-0.745788680208
2012-11-03 18:51:54,26062,1,21.9685708332,-0.839821293601
2012-11-03 18:51:55,26063,1,20.9374549131,-1.03111592009
2012-11-03 18:51:56,26064,1,19.4169415704,-1.52051334271
2012-11-03 18:51:57,26065,1,17.0683626454,-2.348578925
2012-11-03 18:51:58,26066,1,13.8187494874,-3.24961315804
2012-11-03 18:51:59,26067,1,9.99163642024,-3.82711306711
2012-11-03 18:52:00,26068,1,6.20096691146,-3.79066950878
2012-11-03 18:52:01,26069,1,3.16206826905,-3.03889864241
2012-11-03 18:52:02,26070,1,0.0,-3.16206826905
2012-11-03 18:52:57,26125,55,0.0,0.0
2012-11-03 18:52:58,26126,1,4.4395459814,4.4395459814
2012-11-03 18:52:59,26127,1,8.80319916964,4.36365318824
2012-11-03 18:53:00,26128,1,14.1862348579,5.38303568824
2012-11-03 18:53:01,26129,1,19.6956099412,5.50937508333
2012-11-03 18:53:02,26130,1,24.7561011711,5.06049122991
2012-11-03 18:53:03,26131,1,29.3159971094,4.55989593824
2012-11-03 18:53:04,26132,1,33.6869047582,4.37090764881
2012-11-03 18:53:05,26133,1,38.0806544137,4.39374965551
2012-11-03 18:53:06,26134,1,42.3508919926,4.27023757887
2012-11-03 18:53:07,26135,1,46.1488082128,3.79791622024
2012-11-03 18:53:08,26136,1,49.2029747716,3.05416655878
2012-11-03 18:53:09,26137,1,51.5070673579,2.30409258631
2012-11-03 18:53:10,26138,1,53.3097465357,1.80267917783
2012-11-03 18:53:11,26139,1,54.9211310357,1.6113845
2012-11-03 18:53:12,26140,1,56.5436015052,1.62247046949
2012-11-03 18:53:13,26141,1,58.2368305179,1.69322901265
2012-11-03 18:53:14,26142,1,59.9708332091,1.73400269122
2012-11-03 18:53:15,26143,1,61.6676336481,1.69680043899
2012-11-03 18:53:16,26144,1,63.1799104702,1.51227682217
2012-11-03 18:53:17,26145,1,64.339136808,1.1592263378
2012-11-03 18:53:18,26146,1,65.1004463624,0.761309554316
2012-11-03 18:53:19,26147,1,65.5865323668,0.486086004464
2012-11-03 18:53:20,26148,1,65.9944187679,0.407886401042
2012-11-03 18:53:21,26149,1,66.4658470007,0.471428232887
2012-11-03 18:53:22,26150,1,66.9938231994,0.527976198661
2012-11-03 18:53:23,26151,1,67.4729157664,0.479092566964
2012-11-03 18:53:24,26152,1,67.8349696912,0.362053924851
2012-11-03 18:53:25,26153,1,68.0694935588,0.23452386756
2012-11-03 18:53:26,26154,1,68.1594485789,0.0899550200892
2012-11-03 18:53:27,26155,1,68.0759658504,-0.0834827284226
2012-11-03 18:53:28,26156,1,67.7957568676,-0.280208982887
2012-11-03 18:53:29,26157,1,67.2870510975,-0.508705770089
2012-11-03 18:53:30,26158,1,66.5236583594,-0.763392738095
2012-11-03 18:53:31,26159,1,65.5342244427,-0.989433916667
2012-11-03 18:53:32,26160,1,64.4278264167,-1.10639802604
2012-11-03 18:53:33,26161,1,63.3892109926,-1.03861542411
2012-11-03 18:53:34,26162,1,62.6214286146,-0.767782377976
2012-11-03 18:53:35,26163,1,62.2172621124,-0.404166502232
2012-11-03 18:53:36,26164,1,62.088690779,-0.128571333333
2012-11-03 18:53:37,26165,1,62.0620538371,-0.0266369419643
2012-11-03 18:53:38,26166,1,62.0267857634,-0.0352680736607
2012-11-03 18:53:39,26167,1,61.9762646927,-0.0505210706846
2012-11-03 18:53:40,26168,1,61.9296872262,-0.0465774665178
2012-11-03 18:53:41,26169,1,61.8574402835,-0.0722469427084
2012-11-03 18:53:42,26170,1,61.7009672202,-0.156473063244
2012-11-03 18:53:43,26171,1,61.4406994888,-0.260267731399
2012-11-03 18:53:44,26172,1,61.1281251771,-0.312574311756
2012-11-03 18:53:45,26173,1,60.8413693185,-0.286755858631
2012-11-03 18:53:46,26174,1,60.5943455588,-0.247023759673
2012-11-03 18:53:47,26175,1,60.3120538065,-0.282291752232
2012-11-03 18:53:48,26176,1,59.8956845223,-0.416369284226
2012-11-03 18:53:49,26177,1,59.2793895848,-0.6162949375
2012-11-03 18:53:50,26178,1,58.4600441414,-0.819345443452
2012-11-03 18:53:51,26179,1,57.5162941205,-0.943750020833
2012-11-03 18:53:52,26180,1,56.5773805662,-0.938913554315
2012-11-03 18:53:53,26181,1,55.7715771786,-0.805803387649
2012-11-03 18:53:54,26182,1,55.2170385885,-0.55453859003
2012-11-03 18:53:55,26183,1,55.0101188876,-0.206919700893
2012-11-03 18:53:56,26184,1,55.1531991094,0.143080221726
2012-11-03 18:53:57,26185,1,55.4951633475,0.341964238095
2012-11-03 18:53:58,26186,1,55.7968747403,0.301711392857
2012-11-03 18:53:59,26187,1,55.8958331719,0.0989584315476
2012-11-03 18:54:00,26188,1,55.8235861503,-0.0722470215774
2012-11-03 18:54:01,26189,1,55.7522319249,-0.0713542254464
2012-11-03 18:54:02,26190,1,55.8047617009,0.0525297760417
2012-11-03 18:54:03,26191,1,55.9468749167,0.142113215774
2012-11-03 18:54:04,26192,1,56.0877232083,0.140848291667
2012-11-03 18:54:05,26193,1,56.2241070327,0.136383824405
2012-11-03 18:54:06,26194,1,56.4394341808,0.215327148066
2012-11-03 18:54:07,26195,1,56.7999250528,0.360490872024
2012-11-03 18:54:08,26196,1,57.2874993951,0.487574342262
2012-11-03 18:54:09,26197,1,57.8164428824,0.528943487351
2012-11-03 18:54:10,26198,1,58.2888387121,0.472395829613
2012-11-03 18:54:11,26199,1,58.6260409695,0.33720225744
2012-11-03 18:54:12,26200,1,58.7488830134,0.122842043899
2012-11-03 18:54:13,26201,1,58.5563232522,-0.192559761161
2012-11-03 18:54:14,26202,1,57.9592249048,-0.59709834747
2012-11-03 18:54:15,26203,1,56.9308767664,-1.02834813839
2012-11-03 18:54:16,26204,1,55.5303561793,-1.40052058705
2012-11-03 18:54:17,26205,1,53.9095975365,-1.62075864286
2012-11-03 18:54:18,26206,1,52.2816215781,-1.62797595833
2012-11-03 18:54:19,26207,1,50.8453122247,-1.43630935342
2012-11-03 18:54:20,26208,1,49.7386903653,-1.10662185937
2012-11-03 18:54:21,26209,1,49.0374256406,-0.701264724702
2012-11-03 18:54:22,26210,1,48.7447173259,-0.292708314732
2012-11-03 18:54:23,26211,1,48.777380808,0.0326634821428
2012-11-03 18:54:24,26212,1,48.9834816719,0.206100863839
2012-11-03 18:54:25,26213,1,49.1872016845,0.203720012649
2012-11-03 18:54:26,26214,1,49.2537195424,0.0665178578869
2012-11-03 18:54:27,26215,1,49.1485857582,-0.105133784226
2012-11-03 18:54:28,26216,1,48.9317703958,-0.216815362351
2012-11-03 18:54:29,26217,1,48.6787198237,-0.253050572173
2012-11-03 18:54:30,26218,1,48.4168894464,-0.261830377232
2012-11-03 18:54:31,26219,1,48.1504459405,-0.266443505952
2012-11-03 18:54:32,26220,1,47.8991065179,-0.251339422619
2012-11-03 18:54:33,26221,1,47.66867475,-0.230431767857
2012-11-03 18:54:34,26222,1,47.4287936295,-0.239881120536
2012-11-03 18:54:35,26223,1,47.1530496443,-0.275743985119
2012-11-03 18:54:36,26224,1,46.8783475796,-0.274702064732
2012-11-03 18:54:37,26225,1,46.7534223891,-0.124925190476
2012-11-03 18:54:38,26226,1,46.9963542098,0.242931820684
2012-11-03 18:54:39,26227,1,47.7335565923,0.737202382441
2012-11-03 18:54:40,26228,1,48.8915920759,1.15803548363
2012-11-03 18:54:41,26229,1,50.2540173914,1.36242531548
2012-11-03 18:54:42,26230,1,51.5857136481,1.3316962567
2012-11-03 18:54:43,26231,1,52.7180796771,1.13236602902
2012-11-03 18:54:44,26232,1,53.5802820454,0.862202368304
2012-11-03 18:54:45,26233,1,54.1870527835,0.606770738095
2012-11-03 18:54:46,26234,1,54.6063978467,0.419345063244
2012-11-03 18:54:47,26235,1,54.9401030417,0.33370519494
2012-11-03 18:54:48,26236,1,55.2877219836,0.347618941964
2012-11-03 18:54:49,26237,1,55.6747754874,0.38705350372
2012-11-03 18:54:50,26238,1,56.0344480841,0.359672596726
2012-11-03 18:54:51,26239,1,56.2821415937,0.247693509673
2012-11-03 18:54:52,26240,1,56.3943441086,0.112202514881
2012-11-03 18:54:53,26241,1,56.4165168943,0.0221727857142
2012-11-03 18:54:54,26242,1,56.403421811,-0.0130950833333
2012-11-03 18:54:55,26243,1,56.3541659695,-0.0492558415179
2012-11-03 18:54:56,26244,1,56.2072909955,-0.146874973958
2012-11-03 18:54:57,26245,1,55.903273029,-0.304017966518
2012-11-03 18:54:58,26246,1,55.4480644613,-0.455208567708
2012-11-03 18:54:59,26247,1,54.9093737634,-0.538690697917
2012-11-03 18:55:00,26248,1,54.3847457701,-0.524627993304
2012-11-03 18:55:01,26249,1,53.9787192307,-0.406026539435
2012-11-03 18:55:02,26250,1,53.7457582626,-0.232960968006
2012-11-03 18:55:03,26251,1,53.6472465513,-0.0985117113095
2012-11-03 18:55:04,26252,1,53.5963536711,-0.0508928802083
2012-11-03 18:55:05,26253,1,53.5350440714,-0.0613095997024
2012-11-03 18:55:06,26254,1,53.473065,-0.0619790714286
2012-11-03 18:55:07,26255,1,53.45744034,-0.0156246599702
2012-11-03 18:55:08,26256,1,53.4955359933,0.0380956532738
2012-11-03 18:55:09,26257,1,53.5354915722,0.039955578869
2012-11-03 18:55:10,26258,1,53.5380212813,0.0025297090774
2012-11-03 18:55:11,26259,1,53.54806575,0.01004446875
2012-11-03 18:55:12,26260,1,53.6718751265,0.123809376488
2012-11-03 18:55:13,26261,1,53.962946433,0.291071306548
2012-11-03 18:55:14,26262,1,54.3448659055,0.38191947247
2012-11-03 18:55:15,26263,1,54.6705353199,0.325669414435
2012-11-03 18:55:16,26264,1,54.8438982396,0.173362919643
2012-11-03 18:55:17,26265,1,54.8882434762,0.0443452366072
2012-11-03 18:55:18,26266,1,54.9315471979,0.0433037217262
2012-11-03 18:55:19,26267,1,55.1310265327,0.199479334821
2012-11-03 18:55:20,26268,1,55.596577224,0.46555069122
2012-11-03 18:55:21,26269,1,56.3605653579,0.763988133929
2012-11-03 18:55:22,26270,1,57.3787945595,1.01822920164
2012-11-03 18:55:23,26271,1,58.5506696042,1.17187504464
2012-11-03 18:55:24,26272,1,59.7427827411,1.1921131369
2012-11-03 18:55:25,26273,1,60.7936756473,1.05089290625
2012-11-03 18:55:26,26274,1,61.5479167634,0.754241116071
2012-11-03 18:55:27,26275,1,61.9368304241,0.388913660714
2012-11-03 18:55:28,26276,1,62.0360862284,0.0992558043154
2012-11-03 18:55:29,26277,1,62.0505949397,0.0145087113096
2012-11-03 18:55:30,26278,1,62.2075888237,0.156993883929
2012-11-03 18:55:31,26279,1,62.6217257121,0.414136888393
2012-11-03 18:55:32,26280,1,63.2549102872,0.633184575149
2012-11-03 18:55:33,26281,1,63.9754459241,0.720535636905
2012-11-03 18:55:34,26282,1,64.6561004174,0.680654493304
2012-11-03 18:55:35,26283,1,65.2484364524,0.59233603497
2012-11-03 18:55:36,26284,1,65.759969221,0.511532768601
2012-11-03 18:55:37,26285,1,66.1917405722,0.43177135119
2012-11-03 18:55:38,26286,1,66.5322175923,0.340477020089
2012-11-03 18:55:39,26287,1,66.7746289338,0.242411341518
2012-11-03 18:55:40,26288,1,66.925224093,0.150595159226
2012-11-03 18:55:41,26289,1,66.9941964732,0.0689723802083
2012-11-03 18:55:42,26290,1,66.9560257247,-0.0381707485119
2012-11-03 18:55:43,26291,1,66.7488821287,-0.207143595982
2012-11-03 18:55:44,26292,1,66.3453107135,-0.403571415178
2012-11-03 18:55:45,26293,1,65.7947905722,-0.550520141369
2012-11-03 18:55:46,26294,1,65.1871277701,-0.607662802083
2012-11-03 18:55:47,26295,1,64.5994795216,-0.587648248512
2012-11-03 18:55:48,26296,1,64.0796878906,-0.519791630952
2012-11-03 18:55:49,26297,1,63.6548363743,-0.424851516369
2012-11-03 18:55:50,26298,1,63.3249252842,-0.32991109003
2012-11-03 18:55:51,26299,1,63.0371274561,-0.287797828125
2012-11-03 18:55:52,26300,1,62.7004458869,-0.336681569196
2012-11-03 18:55:53,26301,1,62.2574400141,-0.443005872768
2012-11-03 18:55:54,26302,1,61.7119044271,-0.545535587054
2012-11-03 18:55:55,26303,1,61.0688986287,-0.643005798363
2012-11-03 18:55:56,26304,1,60.2973213132,-0.771577315476
2012-11-03 18:55:57,26305,1,59.3540919479,-0.943229365327
2012-11-03 18:55:58,26306,1,58.186531971,-1.16755997693
2012-11-03 18:55:59,26307,1,56.7256684516,-1.46086351935
2012-11-03 18:56:00,26308,1,54.9449392262,-1.78072922545
2012-11-03 18:56:01,26309,1,52.9481390446,-1.99680018155
2012-11-03 18:56:02,26310,1,50.9787200848,-1.96941895982
2012-11-03 18:56:03,26311,1,49.3156254449,-1.66309463988
2012-11-03 18:56:04,26312,1,48.1451643609,-1.17046108408
2012-11-03 18:56:05,26313,1,47.4843754315,-0.660788929316
2012-11-03 18:56:06,26314,1,47.1653272708,-0.319048160714
2012-11-03 18:56:07,26315,1,46.8978416429,-0.267485627976
2012-11-03 18:56:08,26316,1,46.3508176042,-0.54702403869
2012-11-03 18:56:09,26317,1,45.2037194249,-1.14709817932
2012-11-03 18:56:10,26318,1,43.2680052753,-1.93571414955
2012-11-03 18:56:11,26319,1,40.6438982269,-2.62410704836
2012-11-03 18:56:12,26320,1,37.6948654918,-2.94903273512
2012-11-03 18:56:13,26321,1,34.8069934531,-2.88787203869
2012-11-03 18:56:14,26322,1,32.1373506548,-2.66964279836
2012-11-03 18:56:15,26323,1,29.5311007664,-2.60624988839
2012-11-03 18:56:16,26324,1,26.6267109844,-2.90438978199
2012-11-03 18:56:17,26325,1,23.1002973482,-3.52641363616
2012-11-03 18:56:18,26326,1,18.9443449464,-4.15595240179
2012-11-03 18:56:19,26327,1,14.5399549799,-4.40438996652
2012-11-03 18:56:20,26328,1,10.4153269487,-4.12462803125
2012-11-03 18:56:21,26329,1,6.9336305744,-3.48169637426
2012-11-03 18:56:22,26330,1,4.19255928051,-2.7410712939
2012-11-03 18:56:23,26331,1,2.1984373817,-1.99412189881
2012-11-03 18:56:24,26332,1,0.0,-2.1984373817
2012-11-03 18:56:44,26352,20,0.0,0.0
2012-11-03 18:56:45,26353,1,3.28169624479,3.28169624479
2012-11-03 18:56:46,26354,1,6.63244028423,3.35074403943
2012-11-03 18:56:47,26355,1,10.9259671429,4.29352685863
2012-11-03 18:56:48,26356,1,15.4562499725,4.53028282961
2012-11-03 18:56:49,26357,1,19.5808035871,4.12455361458
2012-11-03 18:56:50,26358,1,22.9075148579,3.32671127083
2012-11-03 18:56:51,26359,1,25.3206843713,2.41316951339
2012-11-03 18:56:52,26360,1,26.8090770394,1.48839266815
2012-11-03 18:56:53,26361,1,27.3143596004,0.505282561012
2012-11-03 18:56:54,26362,1,26.7220976079,-0.59226199256
2012-11-03 18:56:55,26363,1,24.8897315826,-1.8323660253
2012-11-03 18:56:56,26364,1,21.7226930357,-3.16703854687
2012-11-03 18:56:57,26365,1,17.3939729345,-4.32872010119
2012-11-03 18:56:58,26366,1,12.5776783452,-4.81629458929
2012-11-03 18:56:59,26367,1,8.39531222842,-4.18236611682
2012-11-03 18:57:00,26368,1,5.92953828497,-2.46577394345
2012-11-03 18:57:01,26369,1,5.57767797991,-0.35186030506
2012-11-03 18:57:02,26370,1,6.82157661384,1.24389863393
2012-11-03 18:57:03,26371,1,8.66242473065,1.84084811682
2012-11-03 18:57:04,26372,1,10.3066211994,1.64419646875
2012-11-03 18:57:05,26373,1,11.5698654345,1.26324423512
2012-11-03 18:57:06,26374,1,12.781175221,1.21130978646
2012-11-03 18:57:07,26375,1,14.2659224777,1.4847472567
2012-11-03 18:57:08,26376,1,15.8523809405,1.5864584628
2012-11-03 18:57:09,26377,1,16.8898065305,1.03742559003
2012-11-03 18:57:10,26378,1,16.7434522366,-0.146354293899
2012-11-03 18:57:11,26379,1,15.3242556205,-1.41919661607
2012-11-03 18:57:12,26380,1,13.2259667545,-2.09828886607
2012-11-03 18:57:13,26381,1,11.327603529,-1.89836322545
2012-11-03 18:57:14,26382,1,10.2020082076,-1.12559532143
2012-11-03 18:57:15,26383,1,9.87053495164,-0.331473255952
2012-11-03 18:57:16,26384,1,10.042781974,0.172247022321
2012-11-03 18:57:17,26385,1,10.489136189,0.44635421503
2012-11-03 18:57:18,26386,1,11.1569190193,0.667782830357
2012-11-03 18:57:19,26387,1,12.0203119628,0.863392943452
2012-11-03 18:57:20,26388,1,12.9404756882,0.920163725446
2012-11-03 18:57:21,26389,1,13.6799846213,0.739508933036
2012-11-03 18:57:22,26390,1,14.0257435848,0.345758963542
2012-11-03 18:57:23,26391,1,13.9369787917,-0.0887647931547
2012-11-03 18:57:24,26392,1,13.5571425796,-0.379836212054
2012-11-03 18:57:25,26393,1,13.0233628638,-0.533779715774
2012-11-03 18:57:26,26394,1,12.2828122269,-0.740550636905
2012-11-03 18:57:27,26395,1,11.1244043579,-1.15840786905
2012-11-03 18:57:28,26396,1,9.41964227232,-1.70476208557
2012-11-03 18:57:29,26397,1,7.3903266183,-2.02931565402
2012-11-03 18:57:30,26398,1,5.64404671875,-1.74627989955
2012-11-03 18:57:31,26399,1,4.87678476488,-0.767261953869
2012-11-03 18:57:32,26400,1,5.4343741436,0.55758937872
2012-11-03 18:57:33,26401,1,7.0897315119,1.6553573683
2012-11-03 18:57:34,26402,1,9.23563951488,2.14590800298
2012-11-03 18:57:35,26403,1,11.2904016034,2.05476208854
2012-11-03 18:57:36,26404,1,12.9694939077,1.67909230432
2012-11-03 18:57:37,26405,1,14.283853971,1.31436006324
2012-11-03 18:57:38,26406,1,15.3383925789,1.05453860789
2012-11-03 18:57:39,26407,1,16.1551335528,0.816740973958
2012-11-03 18:57:40,26408,1,16.6854905647,0.530357011905
2012-11-03 18:57:41,26409,1,16.905133285,0.219642720238
2012-11-03 18:57:42,26410,1,16.8424844211,-0.0626488638392
2012-11-03 18:57:43,26411,1,16.5568446436,-0.28563977753
2012-11-03 18:57:44,26412,1,16.1252228385,-0.431621805059
2012-11-03 18:57:45,26413,1,15.6444194509,-0.480803387649
2012-11-03 18:57:46,26414,1,15.2061010409,-0.43831840997
2012-11-03 18:57:47,26415,1,14.8284224122,-0.37767862872
2012-11-03 18:57:48,26416,1,14.4052080878,-0.423214324405
2012-11-03 18:57:49,26417,1,13.7287944345,-0.676413653274
2012-11-03 18:57:50,26418,1,12.6106397262,-1.11815470833
2012-11-03 18:57:51,26419,1,11.0517855246,-1.55885420164
2012-11-03 18:57:52,26420,1,9.29553537872,-1.75625014583
2012-11-03 18:57:53,26421,1,7.70662152009,-1.58891385863
2012-11-03 18:57:54,26422,1,6.5983625,-1.10825902009
2012-11-03 18:57:55,26423,1,6.06326825099,-0.535094249008
2012-11-03 18:57:56,26424,1,5.89097163889,-0.172296612103
2012-11-03 18:57:57,26425,1,5.71889821131,-0.172073427579
2012-11-03 18:57:58,26426,1,5.296229562,-0.422668649306
2012-11-03 18:57:59,26427,1,4.61373956895,-0.682489993056
2012-11-03 18:58:00,26428,1,3.85825858854,-0.755480980407
2012-11-03 18:58:01,26429,1,3.25136393328,-0.606894655258
2012-11-03 18:58:02,26430,1,2.87810016865,-0.373263764633
2012-11-03 18:58:03,26431,1,2.67209822545,-0.206001943204
2012-11-03 18:58:04,26432,1,2.54556052406,-0.126537701389
2012-11-03 18:58:05,26433,1,2.44335317684,-0.102207347222
2012-11-03 18:58:06,26434,1,2.25535714732,-0.187996029514
2012-11-03 18:58:07,26435,1,1.82554564608,-0.42981150124
2012-11-03 18:58:08,26436,1,1.2254216348,-0.600124011285
2012-11-03 18:58:09,26437,1,0.0,-1.2254216348
2012-11-03 19:05:15,26863,426,0.0,0.0
2012-11-03 19:05:16,26864,1,3.92787669841,3.92787669841
2012-11-03 19:05:17,26865,1,6.33839251786,2.41051581944
2012-11-03 19:05:18,26866,1,8.13511877455,1.7967262567
2012-11-03 19:05:19,26867,1,8.95252959003,0.817410815476
2012-11-03 19:05:20,26868,1,9.13005937128,0.17752978125
2012-11-03 19:05:21,26869,1,9.29479142448,0.164732053199
2012-11-03 19:05:22,26870,1,9.81971688839,0.524925463914
2012-11-03 19:05:23,26871,1,10.5159221496,0.696205261161
2012-11-03 19:05:24,26872,1,10.8333328274,0.317410677827
2012-11-03 19:05:25,26873,1,10.4613090171,-0.372023810268
2012-11-03 19:05:26,26874,1,9.76666616369,-0.694642853423
2012-11-03 19:05:27,26875,1,9.54821378051,-0.218452383185
2012-11-03 19:05:28,26876,1,10.2954608103,0.747247029762
2012-11-03 19:05:29,26877,1,11.6822912016,1.38683039137
2012-11-03 19:05:30,26878,1,12.7854906629,1.10319946131
2012-11-03 19:05:31,26879,1,12.8271573743,0.0416667113096
2012-11-03 19:05:32,26880,1,11.7302079621,-1.0969494122
2012-11-03 19:05:33,26881,1,10.0497763341,-1.68043162798
2012-11-03 19:05:34,26882,1,8.56525241667,-1.48452391741
2012-11-03 19:05:35,26883,1,7.96644285789,-0.59880955878
2012-11-03 19:05:36,26884,1,8.69166615402,0.725223296131
2012-11-03 19:05:37,26885,1,10.7937496228,2.10208346875
2012-11-03 19:05:38,26886,1,13.8729163891,3.07916676637
2012-11-03 19:05:39,26887,1,17.2280503512,3.35513396205
2012-11-03 19:05:40,26888,1,20.1595235632,2.93147321205
2012-11-03 19:05:41,26889,1,22.1986604673,2.03913690402
2012-11-03 19:05:42,26890,1,23.1759670216,0.977306554316
2012-11-03 19:05:43,26891,1,23.1587795179,-0.0171875037203
2012-11-03 19:05:44,26892,1,22.3513390052,-0.807440512649
2012-11-03 19:05:45,26893,1,21.0416663028,-1.30967270238
2012-11-03 19:05:46,26894,1,19.529910215,-1.5117560878
2012-11-03 19:05:47,26895,1,17.9784219479,-1.55148826711
2012-11-03 19:05:48,26896,1,16.3187491868,-1.65967276116
2012-11-03 19:05:49,26897,1,14.3641360513,-1.95461313542
2012-11-03 19:05:50,26898,1,12.0496271749,-2.31450887649
2012-11-03 19:05:51,26899,1,9.58846654688,-2.46116062798
2012-11-03 19:05:52,26900,1,7.43720175967,-2.1512647872
2012-11-03 19:05:53,26901,1,6.10133875,-1.33586300967
2012-11-03 19:05:54,26902,1,5.92276736979,-0.178571380208
2012-11-03 19:05:55,26903,1,7.01525248214,1.09248511235
2012-11-03 19:05:56,26904,1,9.30848159598,2.29322911384
2012-11-03 19:05:57,26905,1,12.5583327433,3.24985114732
2012-11-03 19:05:58,26906,1,16.3715024219,3.81316967857
2012-11-03 19:05:59,26907,1,20.3145084732,3.94300605134
2012-11-03 19:06:00,26908,1,24.0336305833,3.71912211012
2012-11-03 19:06:01,26909,1,27.3289431287,3.29531254539
2012-11-03 19:06:02,26910,1,30.1475443207,2.81860119196
2012-11-03 19:06:03,26911,1,32.4885412872,2.34099696652
2012-11-03 19:06:04,26912,1,34.3272316875,1.8386904003
2012-11-03 19:06:05,26913,1,35.6250739323,1.29784224479
2012-11-03 19:06:06,26914,1,36.3635412418,0.738467309524
2012-11-03 19:06:07,26915,1,36.5498508222,0.186309580357
2012-11-03 19:06:08,26916,1,36.197246686,-0.352604136161
2012-11-03 19:06:09,26917,1,35.3010413393,-0.896205346726
2012-11-03 19:06:10,26918,1,33.8412199368,-1.45982140253
2012-11-03 19:06:11,26919,1,31.8366813058,-2.00453863095
2012-11-03 19:06:12,26920,1,29.4074402783,-2.42924102753
2012-11-03 19:06:13,26921,1,26.7328866927,-2.67455358557
2012-11-03 19:06:14,26922,1,23.9014878512,-2.83139884152
2012-11-03 19:06:15,26923,1,20.8185265387,-3.0829613125
2012-11-03 19:06:16,26924,1,17.3387646354,-3.47976190327
2012-11-03 19:06:17,26925,1,13.5595979221,-3.77916671329
2012-11-03 19:06:18,26926,1,9.91897283346,-3.64062508867
2012-11-03 19:06:19,26927,1,6.91897278274,-3.00000005072
2012-11-03 19:06:20,26928,1,4.80163651922,-2.11733626352
2012-11-03 19:06:21,26929,1,3.48831817088,-1.31331834834
2012-11-03 19:06:22,26930,1,2.73712776935,-0.751190401538
2012-11-03 19:06:23,26931,1,2.33891346974,-0.398214299603
2012-11-03 19:06:24,26932,1,2.17060978993,-0.168303679812
2012-11-03 19:06:25,26933,1,2.1621274814,-0.00848230853175
2012-11-03 19:06:26,26934,1,2.40959754266,0.24747006126
2012-11-03 19:06:27,26935,1,3.26740989335,0.857812350694
2012-11-03 19:06:28,26936,1,5.11569851414,1.84828862078
2012-11-03 19:06:29,26937,1,8.03162119816,2.91592268403
2012-11-03 19:06:30,26938,1,11.7125737806,3.68095258247
2012-11-03 19:06:31,26939,1,15.6461305856,3.93355680494
2012-11-03 19:06:32,26940,1,19.3788688689,3.73273828336
2012-11-03 19:06:33,26941,1,22.67224688,3.29337801104
2012-11-03 19:06:34,26942,1,25.4241068988,2.75186001885
2012-11-03 19:06:35,26943,1,27.5517853356,2.12767843676
2012-11-03 19:06:36,26944,1,29.0081096801,1.45632434449
2012-11-03 19:06:37,26945,1,29.8335561696,0.825446489583
2012-11-03 19:06:38,26946,1,30.1677824989,0.334226329241
2012-11-03 19:06:39,26947,1,30.2456099829,0.077827484003
2012-11-03 19:06:40,26948,1,30.350743849,0.105133866071
2012-11-03 19:06:41,26949,1,30.7066215499,0.355877700893
2012-11-03 19:06:42,26950,1,31.3622759475,0.655654397693
2012-11-03 19:06:43,26951,1,32.1522310833,0.789955135789
2012-11-03 19:06:44,26952,1,32.7955347377,0.64330365439
2012-11-03 19:06:45,26953,1,33.0816214055,0.286086667783
2012-11-03 19:06:46,26954,1,32.9745533661,-0.107068039435
2012-11-03 19:06:47,26955,1,32.5968750052,-0.377678360863
2012-11-03 19:06:48,26956,1,32.1592261417,-0.437648863467
2012-11-03 19:06:49,26957,1,31.8532735789,-0.305952562872
2012-11-03 19:06:50,26958,1,31.7821424368,-0.071131142113
2012-11-03 19:06:51,26959,1,31.9641363155,0.18199387872
2012-11-03 19:06:52,26960,1,32.327603442,0.363467126488
2012-11-03 19:06:53,26961,1,32.7307283616,0.403124919643
2012-11-03 19:06:54,26962,1,33.0573652626,0.326636901042
2012-11-03 19:06:55,26963,1,33.2782730625,0.220907799851
2012-11-03 19:06:56,26964,1,33.413987401,0.135714338542
2012-11-03 19:06:57,26965,1,33.4363832143,0.022395813244
2012-11-03 19:06:58,26966,1,33.1597462381,-0.27663697619
2012-11-03 19:06:59,26967,1,32.2403265379,-0.919419700149
2012-11-03 19:07:00,26968,1,30.3383920112,-1.90193452679
2012-11-03 19:07:01,26969,1,27.3013384881,-3.03705352307
2012-11-03 19:07:02,26970,1,23.2341510677,-4.06718742039
2012-11-03 19:07:03,26971,1,18.4514130655,-4.78273800223
2012-11-03 19:07:04,26972,1,13.3743298199,-5.07708324554
2012-11-03 19:07:05,26973,1,8.49888348214,-4.8754463378
2012-11-03 19:07:06,26974,1,4.47105623065,-4.02782725149
2012-11-03 19:07:07,26975,1,0.0,-4.47105623065
2012-11-03 19:08:45,27073,98,0.0,0.0
2012-11-03 19:08:46,27074,1,4.25148793452,4.25148793452
2012-11-03 19:08:47,27075,1,8.57306514509,4.32157721057
2012-11-03 19:08:48,27076,1,13.9353417932,5.36227664807
2012-11-03 19:08:49,27077,1,19.2235114263,5.28816963318
2012-11-03 19:08:50,27078,1,23.6162198497,4.39270842336
2012-11-03 19:08:51,27079,1,26.8587794717,3.24255962202
2012-11-03 19:08:52,27080,1,29.1496277597,2.29084828795
2012-11-03 19:08:53,27081,1,30.7460564219,1.5964286622
2012-11-03 19:08:54,27082,1,31.7463541763,1.00029775446
2012-11-03 19:08:55,27083,1,32.1831102656,0.436756089286
2012-11-03 19:08:56,27084,1,32.1156251979,-0.0674850677083
2012-11-03 19:08:57,27085,1,31.5940477254,-0.52157747247
2012-11-03 19:08:58,27086,1,30.6344492976,-0.959598427827
2012-11-03 19:08:59,27087,1,29.2531246213,-1.38132467634
2012-11-03 19:09:00,27088,1,27.4749993579,-1.77812526339
2012-11-03 19:09:01,27089,1,25.2955348951,-2.1794644628
2012-11-03 19:09:02,27090,1,22.6764872351,-2.61904765997
2012-11-03 19:09:03,27091,1,19.6014872909,-3.0749999442
2012-11-03 19:09:04,27092,1,16.135564753,-3.46592253795
2012-11-03 19:09:05,27093,1,12.4491065104,-3.68645824256
2012-11-03 19:09:06,27094,1,8.79508877827,-3.65401773214
2012-11-03 19:09:07,27095,1,5.47187465774,-3.32321412054
2012-11-03 19:09:08,27096,1,2.84769327753,-2.62418138021
2012-11-03 19:09:09,27097,1,0.0,-2.84769327753
2012-11-03 19:09:28,27116,19,0.0,0.0
2012-11-03 19:09:29,27117,1,3.90870535789,3.90870535789
2012-11-03 19:09:30,27118,1,7.87276786533,3.96406250744
2012-11-03 19:09:31,27119,1,12.8386904888,4.96592262351
2012-11-03 19:09:32,27120,1,17.8933035499,5.05461306101
2012-11-03 19:09:33,27121,1,22.3526784286,4.45937487872
2012-11-03 19:09:34,27122,1,26.0165918891,3.66391346057
2012-11-03 19:09:35,27123,1,29.039285035,3.02269314583
2012-11-03 19:09:36,27124,1,31.555802619,2.51651758408
2012-11-03 19:09:37,27125,1,33.5278263378,1.97202371875
2012-11-03 19:09:38,27126,1,34.892484218,1.36465788021
2012-11-03 19:09:39,27127,1,35.690029131,0.797544912946
2012-11-03 19:09:40,27128,1,36.0473954457,0.357366314732
2012-11-03 19:09:41,27129,1,36.1121276987,0.0647322529762
2012-11-03 19:09:42,27130,1,36.0207586094,-0.0913690892857
2012-11-03 19:09:43,27131,1,35.9250739926,-0.0956846168155
2012-11-03 19:09:44,27132,1,35.9907733817,0.0656993891369
2012-11-03 19:09:45,27133,1,36.3177823683,0.327008986607
2012-11-03 19:09:46,27134,1,36.8792407336,0.561458365327
2012-11-03 19:09:47,27135,1,37.5543151042,0.675074370536
2012-11-03 19:09:48,27136,1,38.2125739874,0.658258883185
2012-11-03 19:09:49,27137,1,38.7688984241,0.556324436756
2012-11-03 19:09:50,27138,1,39.1887646101,0.419866186012
2012-11-03 19:09:51,27139,1,39.4787944278,0.290029817708
2012-11-03 19:09:52,27140,1,39.6656990491,0.18690462128
2012-11-03 19:09:53,27141,1,39.7811749323,0.115475883185
2012-11-03 19:09:54,27142,1,39.8744037805,0.0932288482143
2012-11-03 19:09:55,27143,1,39.9973202693,0.122916488839
2012-11-03 19:09:56,27144,1,40.1584809963,0.161160726935
2012-11-03 19:09:57,27145,1,40.3084067269,0.149925730655
2012-11-03 19:09:58,27146,1,40.3659961577,0.0575894308036
2012-11-03 19:09:59,27147,1,40.2783474077,-0.08764875
2012-11-03 19:10:00,27148,1,40.0711300826,-0.207217325149
2012-11-03 19:10:01,27149,1,39.8147311406,-0.256398941964
2012-11-03 19:10:02,27150,1,39.5298352091,-0.284895931548
2012-11-03 19:10:03,27151,1,39.1261893772,-0.403645831845
2012-11-03 19:10:04,27152,1,38.4358620878,-0.690327289434
2012-11-03 19:10:05,27153,1,37.3313235193,-1.10453856845
2012-11-03 19:10:06,27154,1,35.8365319516,-1.49479156771
2012-11-03 19:10:07,27155,1,34.1470975007,-1.68943445089
2012-11-03 19:10:08,27156,1,32.5520827024,-1.59501479836
2012-11-03 19:10:09,27157,1,31.291889375,-1.26019332738
2012-11-03 19:10:10,27158,1,30.4385413363,-0.853348038691
2012-11-03 19:10:11,27159,1,29.9242558162,-0.514285520089
2012-11-03 19:10:12,27160,1,29.7241815417,-0.200074274554
2012-11-03 19:10:13,27161,1,29.9883928125,0.264211270833
2012-11-03 19:10:14,27162,1,30.9392110037,0.95081819122
2012-11-03 19:10:15,27163,1,32.6280498854,1.6888388817
2012-11-03 19:10:16,27164,1,34.7877221458,2.15967226042
2012-11-03 19:10:17,27165,1,36.9100433951,2.12232124926
2012-11-03 19:10:18,27166,1,38.5153261153,1.60528272024
2012-11-03 19:10:19,27167,1,39.4043142597,0.888988144345
2012-11-03 19:10:20,27168,1,39.6677071548,0.263392895089
2012-11-03 19:10:21,27169,1,39.4982131168,-0.169494037946
2012-11-03 19:10:22,27170,1,39.0392101734,-0.459002943452
2012-11-03 19:10:23,27171,1,38.3774543155,-0.661755857887
2012-11-03 19:10:24,27172,1,37.5997014665,-0.777752848958
2012-11-03 19:10:25,27173,1,36.8140617009,-0.785639765625
2012-11-03 19:10:26,27174,1,36.1125736741,-0.701488026786
2012-11-03 19:10:27,27175,1,35.5020826213,-0.610491052827
2012-11-03 19:10:28,27176,1,34.8876481324,-0.614434488839
2012-11-03 19:10:29,27177,1,34.1607881161,-0.726860016369
2012-11-03 19:10:30,27178,1,33.2887644308,-0.872023685268
2012-11-03 19:10:31,27179,1,32.3188984167,-0.969866014137
2012-11-03 19:10:32,27180,1,31.3511900216,-0.967708395089
2012-11-03 19:10:33,27181,1,30.5121273869,-0.839062634673
2012-11-03 19:10:34,27182,1,29.9280499256,-0.58407746131
2012-11-03 19:10:35,27183,1,29.7081838817,-0.219866043899
2012-11-03 19:10:36,27184,1,29.9082583534,0.200074471726
2012-11-03 19:10:37,27185,1,30.4727673304,0.564508976935
2012-11-03 19:10:38,27186,1,31.2209072061,0.748139875744
2012-11-03 19:10:39,27187,1,31.9186749412,0.697767735119
2012-11-03 19:10:40,27188,1,32.3974693787,0.4787944375
2012-11-03 19:10:41,27189,1,32.6172609263,0.219791547619
2012-11-03 19:10:42,27190,1,32.62202291,0.0047619836309
2012-11-03 19:10:43,27191,1,32.4505201548,-0.171502755208
2012-11-03 19:10:44,27192,1,32.1052078631,-0.345312291667
2012-11-03 19:10:45,27193,1,31.6239579345,-0.481249928571
2012-11-03 19:10:46,27194,1,31.1733626451,-0.450595289435
2012-11-03 19:10:47,27195,1,31.019344715,-0.154017930059
2012-11-03 19:10:48,27196,1,31.3606393065,0.341294591518
2012-11-03 19:10:49,27197,1,32.1806541086,0.820014802083
2012-11-03 19:10:50,27198,1,33.2635408482,1.08288673958
2012-11-03 19:10:51,27199,1,34.3476179888,1.08407714063
2012-11-03 19:10:52,27200,1,35.2658469129,0.918228924107
2012-11-03 19:10:53,27201,1,35.9793140179,0.713467104911
2012-11-03 19:10:54,27202,1,36.5230640275,0.543750009673
2012-11-03 19:10:55,27203,1,36.9389124353,0.415848407738
2012-11-03 19:10:56,27204,1,37.2551329397,0.316220504464
2012-11-03 19:10:57,27205,1,37.4723949993,0.217262059524
2012-11-03 19:10:58,27206,1,37.4938235052,0.0214285059524
2012-11-03 19:10:59,27207,1,37.1064720937,-0.387351411458
2012-11-03 19:11:00,27208,1,36.1463528452,-0.960119248512
2012-11-03 19:11:01,27209,1,34.7117545833,-1.4345982619
2012-11-03 19:11:02,27210,1,33.177305308,-1.5344492753
2012-11-03 19:11:03,27211,1,31.9783472351,-1.19895807292
2012-11-03 19:11:04,27212,1,31.3446421957,-0.633705039434
2012-11-03 19:11:05,27213,1,31.205579994,-0.139062201637
2012-11-03 19:11:06,27214,1,31.3598956949,0.154315700893
2012-11-03 19:11:07,27215,1,31.7192708237,0.35937512872
2012-11-03 19:11:08,27216,1,32.3323660878,0.613095264137
2012-11-03 19:11:09,27217,1,33.2043898199,0.872023732143
2012-11-03 19:11:10,27218,1,34.1953122902,0.990922470238
2012-11-03 19:11:11,27219,1,35.0966514293,0.901339139137
2012-11-03 19:11:12,27220,1,35.7460561272,0.649404697917
2012-11-03 19:11:13,27221,1,36.0796871384,0.333631011161
2012-11-03 19:11:14,27222,1,36.104017622,0.0243304836309
2012-11-03 19:11:15,27223,1,35.8264135342,-0.277604087798
2012-11-03 19:11:16,27224,1,35.2452379256,-0.581175608631
2012-11-03 19:11:17,27225,1,34.4061009635,-0.839136962054
2012-11-03 19:11:18,27226,1,33.4195681815,-0.986532781994
2012-11-03 19:11:19,27227,1,32.3930056667,-1.02656251488
2012-11-03 19:11:20,27228,1,31.3458330394,-1.04717262723
2012-11-03 19:11:21,27229,1,30.2300592225,-1.11577381696
2012-11-03 19:11:22,27230,1,29.0651782857,-1.16488093676
2012-11-03 19:11:23,27231,1,28.0237348631,-1.04144342262
2012-11-03 19:11:24,27232,1,27.3319193981,-0.69181546503
2012-11-03 19:11:25,27233,1,27.0442705796,-0.287648818452
2012-11-03 19:11:26,27234,1,26.9497765365,-0.0944940431548
2012-11-03 19:11:27,27235,1,26.7700146778,-0.179761858631
2012-11-03 19:11:28,27236,1,26.365401631,-0.404613046875
2012-11-03 19:11:29,27237,1,25.6705355179,-0.694866113095
2012-11-03 19:11:30,27238,1,24.5729163266,-1.09761919122
2012-11-03 19:11:31,27239,1,22.9534221496,-1.61949417708
2012-11-03 19:11:32,27240,1,20.8175590469,-2.13586310268
2012-11-03 19:11:33,27241,1,18.3931543802,-2.42440466667
2012-11-03 19:11:34,27242,1,16.0402526905,-2.35290168973
2012-11-03 19:11:35,27243,1,14.0159223683,-2.02433032217
2012-11-03 19:11:36,27244,1,12.3986604702,-1.61726189807
2012-11-03 19:11:37,27245,1,11.1918152679,-1.20684520238
2012-11-03 19:11:38,27246,1,10.3596724613,-0.832142806548
2012-11-03 19:11:39,27247,1,9.79873496652,-0.560937494792
2012-11-03 19:11:40,27248,1,9.3522319375,-0.446503029018
2012-11-03 19:11:41,27249,1,8.82886876265,-0.523363174851
2012-11-03 19:11:42,27250,1,8.05699367411,-0.771875088542
2012-11-03 19:11:43,27251,1,7.0632435811,-0.993750093006
2012-11-03 19:11:44,27252,1,6.24501432813,-0.818229252976
2012-11-03 19:11:45,27253,1,6.27068392708,0.0256695989583
2012-11-03 19:11:46,27254,1,7.65937444568,1.3886905186
2012-11-03 19:11:47,27255,1,10.3474697894,2.68809534375
2012-11-03 19:11:48,27256,1,13.656844872,3.30937508259
2012-11-03 19:11:49,27257,1,16.7558776116,3.09903273958
2012-11-03 19:11:50,27258,1,19.2115322946,2.45565468304
2012-11-03 19:11:51,27259,1,21.1433774211,1.93184512649
2012-11-03 19:11:52,27260,1,22.9404755632,1.79709814211
2012-11-03 19:11:53,27261,1,24.8889130662,1.94843750298
2012-11-03 19:11:54,27262,1,27.0052821473,2.1163690811
2012-11-03 19:11:55,27263,1,29.1011154524,2.09583330506
2012-11-03 19:11:56,27264,1,30.9104903467,1.80937489435
2012-11-03 19:11:57,27265,1,32.1910706533,1.28058030655
2012-11-03 19:11:58,27266,1,32.8369785238,0.645907870536
2012-11-03 19:11:59,27267,1,32.9373508147,0.100372290923
2012-11-03 19:12:00,27268,1,32.6999998594,-0.237350955357
2012-11-03 19:12:01,27269,1,32.3328868475,-0.367113011905
2012-11-03 19:12:02,27270,1,31.9820683438,-0.35081850372
2012-11-03 19:12:03,27271,1,31.7343748051,-0.247693538691
2012-11-03 19:12:04,27272,1,31.6683776935,-0.0659971116071
2012-11-03 19:12:05,27273,1,31.8730650536,0.204687360119
2012-11-03 19:12:06,27274,1,32.3493297589,0.476264705357
2012-11-03 19:12:07,27275,1,32.8969487121,0.547618953125
2012-11-03 19:12:08,27276,1,33.1671868594,0.270238147321
2012-11-03 19:12:09,27277,1,32.8108625952,-0.356324264137
2012-11-03 19:12:10,27278,1,31.5773061763,-1.2335564189
2012-11-03 19:12:11,27279,1,29.4394342083,-2.13787196801
2012-11-03 19:12:12,27280,1,26.6929312188,-2.74650298958
2012-11-03 19:12:13,27281,1,23.8336305789,-2.85930063988
2012-11-03 19:12:14,27282,1,21.3248507693,-2.50877980952
2012-11-03 19:12:15,27283,1,19.4358626592,-1.88898811012
2012-11-03 19:12:16,27284,1,18.1747764122,-1.26108624702
2012-11-03 19:12:17,27285,1,17.3817705826,-0.793005829613
2012-11-03 19:12:18,27286,1,16.9067706771,-0.474999905506
2012-11-03 19:12:19,27287,1,16.6814730618,-0.225297615327
2012-11-03 19:12:20,27288,1,16.7106396741,0.0291666123511
2012-11-03 19:12:21,27289,1,17.0367557083,0.326116034226
2012-11-03 19:12:22,27290,1,17.6639134412,0.627157732887
2012-11-03 19:12:23,27291,1,18.5300592463,0.86614580506
2012-11-03 19:12:24,27292,1,19.5669639182,1.03690467187
2012-11-03 19:12:25,27293,1,20.7786453371,1.2116814189
2012-11-03 19:12:26,27294,1,22.2884666369,1.50982129985
2012-11-03 19:12:27,27295,1,24.2787938943,1.99032725744
2012-11-03 19:12:28,27296,1,26.8261895915,2.54739569717
2012-11-03 19:12:29,27297,1,29.8065465915,2.980357
2012-11-03 19:12:30,27298,1,32.9287935372,3.12224694568
2012-11-03 19:12:31,27299,1,35.8142846897,2.88549115253
2012-11-03 19:12:32,27300,1,38.1496271778,2.3353424881
2012-11-03 19:12:33,27301,1,39.8648059814,1.71517880357
2012-11-03 19:12:34,27302,1,41.1219489583,1.25714297693
2012-11-03 19:12:35,27303,1,42.1183775186,0.996428560268
2012-11-03 19:12:36,27304,1,42.9233625774,0.80498505878
2012-11-03 19:12:37,27305,1,43.4686751347,0.545312557292
2012-11-03 19:12:38,27306,1,43.6881694635,0.219494328869
2012-11-03 19:12:39,27307,1,43.6622026317,-0.0259668318453
2012-11-03 19:12:40,27308,1,43.5811018527,-0.0811007790178
2012-11-03 19:12:41,27309,1,43.6029770952,0.0218752425595
2012-11-03 19:12:42,27310,1,43.7874264725,0.184449377232
2012-11-03 19:12:43,27311,1,44.083259503,0.295833030506
2012-11-03 19:12:44,27312,1,44.340699529,0.257440026042
2012-11-03 19:12:45,27313,1,44.4008925952,0.0601930662202
2012-11-03 19:12:46,27314,1,44.1927823155,-0.208110279762
2012-11-03 19:12:47,27315,1,43.7646574107,-0.428124904762
2012-11-03 19:12:48,27316,1,43.2781249435,-0.486532467262
2012-11-03 19:12:49,27317,1,42.9233633274,-0.354761616071
2012-11-03 19:12:50,27318,1,42.7742563512,-0.14910697619
2012-11-03 19:12:51,27319,1,42.7546135156,-0.0196428355655
2012-11-03 19:12:52,27320,1,42.7232890067,-0.0313245089286
2012-11-03 19:12:53,27321,1,42.5455357946,-0.177753212053
2012-11-03 19:12:54,27322,1,42.1392854963,-0.406250298363
2012-11-03 19:12:55,27323,1,41.4807287507,-0.658556745536
2012-11-03 19:12:56,27324,1,40.542335904,-0.938392846726
2012-11-03 19:12:57,27325,1,39.2801337143,-1.26220218973
2012-11-03 19:12:58,27326,1,37.710639904,-1.56949381027
2012-11-03 19:12:59,27327,1,35.9537947626,-1.75684514137
2012-11-03 19:13:00,27328,1,34.1924106957,-1.76138406696
2012-11-03 19:13:01,27329,1,32.5783479286,-1.61406276711
2012-11-03 19:13:02,27330,1,31.1337048415,-1.44464308705
2012-11-03 19:13:03,27331,1,29.7373505417,-1.39635429985
2012-11-03 19:13:04,27332,1,28.210713599,-1.52663694271
2012-11-03 19:13:05,27333,1,26.4160707894,-1.79464280952
2012-11-03 19:13:06,27334,1,24.3184518311,-2.09761895833
2012-11-03 19:13:07,27335,1,21.9892852545,-2.32916657664
2012-11-03 19:13:08,27336,1,19.5123508185,-2.47693443601
2012-11-03 19:13:09,27337,1,16.8647765021,-2.64757431637
2012-11-03 19:13:10,27338,1,13.9521873019,-2.91258920022
2012-11-03 19:13:11,27339,1,10.8061754531,-3.14601184874
2012-11-03 19:13:12,27340,1,7.72203850826,-3.08413694487
2012-11-03 19:13:13,27341,1,5.16629429315,-2.5557442151
2012-11-03 19:13:14,27342,1,3.50574347515,-1.66055081801
2012-11-03 19:13:15,27343,1,2.77610045491,-0.729643020238
2012-11-03 19:13:16,27344,1,2.69656172314,-0.0795387317708
2012-11-03 19:13:17,27345,1,2.90278202321,0.206220300074
2012-11-03 19:13:18,27346,1,3.16016308132,0.25738105811
2012-11-03 19:13:19,27347,1,3.38616021429,0.225997132961
2012-11-03 19:13:20,27348,1,3.55434484725,0.168184632961
2012-11-03 19:13:21,27349,1,3.71685983393,0.162514986682
2012-11-03 19:13:22,27350,1,4.17017834829,0.45331851436
2012-11-03 19:13:23,27351,1,5.40871997515,1.23854162686
2012-11-03 19:13:24,27352,1,7.73621981577,2.32749984062
2012-11-03 19:13:25,27353,1,10.9438981555,3.20767833973
2012-11-03 19:13:26,27354,1,14.3871122306,3.44321407507
2012-11-03 19:13:27,27355,1,17.4143591689,3.02724693832
2012-11-03 19:13:28,27356,1,19.8306985478,2.41633937894
2012-11-03 19:13:29,27357,1,21.9255499637,2.09485141585
2012-11-03 19:13:30,27358,1,24.0441216295,2.11857166577
2012-11-03 19:13:31,27359,1,26.2578122292,2.2136905997
2012-11-03 19:13:32,27360,1,28.4287943229,2.17098209375
2012-11-03 19:13:33,27361,1,30.4216513222,1.99285699926
2012-11-03 19:13:34,27362,1,32.1820679226,1.76041660045
2012-11-03 19:13:35,27363,1,33.6764876689,1.49441974628
2012-11-03 19:13:36,27364,1,34.8537944301,1.17730676116
2012-11-03 19:13:37,27365,1,35.7028273683,0.849032938244
2012-11-03 19:13:38,27366,1,36.3187500655,0.615922697173
2012-11-03 19:13:39,27367,1,36.8752232009,0.556473135417
2012-11-03 19:13:40,27368,1,37.4972468408,0.622023639881
2012-11-03 19:13:41,27369,1,38.1534966436,0.656249802827
2012-11-03 19:13:42,27370,1,38.6969487924,0.54345214881
2012-11-03 19:13:43,27371,1,39.0074396146,0.310490822173
2012-11-03 19:13:44,27372,1,39.0836298929,0.0761902782738
2012-11-03 19:13:45,27373,1,39.0257428899,-0.0578870029761
2012-11-03 19:13:46,27374,1,38.9490316116,-0.0767112782739
2012-11-03 19:13:47,27375,1,38.9035704606,-0.0454611510416
2012-11-03 19:13:48,27376,1,38.858407003,-0.0451634575893
2012-11-03 19:13:49,27377,1,38.7397316793,-0.118675323661
2012-11-03 19:13:50,27378,1,38.4885415045,-0.251190174851
2012-11-03 19:13:51,27379,1,38.0995537106,-0.388987793899
2012-11-03 19:13:52,27380,1,37.613690875,-0.485862835565
2012-11-03 19:13:53,27381,1,37.1052833073,-0.508407567708
2012-11-03 19:13:54,27382,1,36.691667282,-0.413616025298
2012-11-03 19:13:55,27383,1,36.5131701964,-0.178497085566
2012-11-03 19:13:56,27384,1,36.6684528103,0.155282613839
2012-11-03 19:13:57,27385,1,37.1574407738,0.488987963542
2012-11-03 19:13:58,27386,1,37.8603424598,0.702901686012
2012-11-03 19:13:59,27387,1,38.5665923549,0.706249895089
2012-11-03 19:14:00,27388,1,39.0732142292,0.506621874256
2012-11-03 19:14:01,27389,1,39.2861605275,0.212946298363
2012-11-03 19:14:02,27390,1,39.1833331153,-0.102827412202
2012-11-03 19:14:03,27391,1,38.6552081868,-0.528124928572
2012-11-03 19:14:04,27392,1,37.4694196146,-1.18578857217
2012-11-03 19:14:05,27393,1,35.4868304055,-1.98258920908
2012-11-03 19:14:06,27394,1,32.9084821875,-2.57834821801
2012-11-03 19:14:07,27395,1,30.2710565632,-2.63742562426
2012-11-03 19:14:08,27396,1,28.1524553579,-2.11860120536
2012-11-03 19:14:09,27397,1,26.8309523437,-1.32150301414
2012-11-03 19:14:10,27398,1,26.240624875,-0.59032746875
2012-11-03 19:14:11,27399,1,26.2488837091,0.0082588340774
2012-11-03 19:14:12,27400,1,26.8821426049,0.633258895833
2012-11-03 19:14:13,27401,1,28.2392855112,1.35714290625
2012-11-03 19:14:14,27402,1,30.2597468705,2.02046135938
2012-11-03 19:14:15,27403,1,32.6485860707,2.38883920015
2012-11-03 19:14:16,27404,1,35.0203864368,2.37180036607
2012-11-03 19:14:17,27405,1,37.1066213757,2.08623493899
2012-11-03 19:14:18,27406,1,38.8668892701,1.76026789435
2012-11-03 19:14:19,27407,1,40.4160710074,1.54918173735
2012-11-03 19:14:20,27408,1,41.8486604494,1.43258944196
2012-11-03 19:14:21,27409,1,43.1623509501,1.31369050074
2012-11-03 19:14:22,27410,1,44.2953865871,1.1330356369
2012-11-03 19:14:23,27411,1,45.1632436295,0.867857042411
2012-11-03 19:14:24,27412,1,45.7046125908,0.54136896131
2012-11-03 19:14:25,27413,1,45.9226184673,0.218005876488
2012-11-03 19:14:26,27414,1,45.8520083207,-0.0706101465774
2012-11-03 19:14:27,27415,1,45.5308774189,-0.321130901786
2012-11-03 19:14:28,27416,1,45.0468744717,-0.484002947173
2012-11-03 19:14:29,27417,1,44.565773151,-0.481101320685
2012-11-03 19:14:30,27418,1,44.2798353847,-0.285937766369
2012-11-03 19:14:31,27419,1,44.306248869,0.026413484375
2012-11-03 19:14:32,27420,1,44.5915911644,0.285342295387
2012-11-03 19:14:33,27421,1,44.9225437887,0.330952624256
2012-11-03 19:14:34,27422,1,45.0798356994,0.157291910714
2012-11-03 19:14:35,27423,1,44.9976185298,-0.0822171696429
2012-11-03 19:14:36,27424,1,44.7795381481,-0.218080381696
2012-11-03 19:14:37,27425,1,44.5848208534,-0.194717294643
2012-11-03 19:14:38,27426,1,44.5018595603,-0.0829612931547
2012-11-03 19:14:39,27427,1,44.5054310595,0.0035714992559
2012-11-03 19:14:40,27428,1,44.5043150774,-0.0011159821428
2012-11-03 19:14:41,27429,1,44.4174103437,-0.086904733631
2012-11-03 19:14:42,27430,1,44.2258923862,-0.191517957589
2012-11-03 19:14:43,27431,1,43.9749249249,-0.25096746131
2012-11-03 19:14:44,27432,1,43.723139026,-0.25178589881
2012-11-03 19:14:45,27433,1,43.4921865655,-0.230952460565
2012-11-03 19:14:46,27434,1,43.2679306548,-0.224255910714
2012-11-03 19:14:47,27435,1,43.0258920737,-0.242038581101
2012-11-03 19:14:48,27436,1,42.7383921525,-0.287499921131
2012-11-03 19:14:49,27437,1,42.3863832284,-0.352008924107
2012-11-03 19:14:50,27438,1,41.9859367634,-0.40044646503
2012-11-03 19:14:51,27439,1,41.5855646749,-0.400372088542
2012-11-03 19:14:52,27440,1,41.2284217388,-0.357142936012
2012-11-03 19:14:53,27441,1,40.8930794673,-0.335342271577
2012-11-03 19:14:54,27442,1,40.438020035,-0.455059432292
2012-11-03 19:14:55,27443,1,39.6518594182,-0.786160616815
2012-11-03 19:14:56,27444,1,38.4168892121,-1.2349702061
2012-11-03 19:14:57,27445,1,36.818302907,-1.59858630506
2012-11-03 19:14:58,27446,1,35.1076630632,-1.71063984375
2012-11-03 19:14:59,27447,1,33.5703863571,-1.5372767061
2012-11-03 19:15:00,27448,1,32.3991066674,-1.17127968973
2012-11-03 19:15:01,27449,1,31.6791662009,-0.719940466518
2012-11-03 19:15:02,27450,1,31.4399548475,-0.239211353423
2012-11-03 19:15:03,27451,1,31.6459071949,0.20595234747
2012-11-03 19:15:04,27452,1,32.1616066466,0.515699451637
2012-11-03 19:15:05,27453,1,32.7893597798,0.627753133185
2012-11-03 19:15:06,27454,1,33.3805802604,0.591220480655
2012-11-03 19:15:07,27455,1,33.9328126808,0.552232420387
2012-11-03 19:15:08,27456,1,34.561756372,0.62894369122
2012-11-03 19:15:09,27457,1,35.3631701749,0.801413802827
2012-11-03 19:15:10,27458,1,36.3071433132,0.943973138393
2012-11-03 19:15:11,27459,1,37.2618305417,0.954687228423
2012-11-03 19:15:12,27460,1,38.10193434,0.840103798363
2012-11-03 19:15:13,27461,1,38.7612346689,0.659300328869
2012-11-03 19:15:14,27462,1,39.1953864278,0.434151758929
2012-11-03 19:15:15,27463,1,39.3668151384,0.171428710566
2012-11-03 19:15:16,27464,1,39.2656247321,-0.10119040625
2012-11-03 19:15:17,27465,1,38.8981394665,-0.367485265625
2012-11-03 19:15:18,27466,1,38.2645082775,-0.633631188988
2012-11-03 19:15:19,27467,1,37.3584070104,-0.906101267113
2012-11-03 19:15:20,27468,1,36.2102672939,-1.14813971652
2012-11-03 19:15:21,27469,1,34.9782735,-1.2319937939
2012-11-03 19:15:22,27470,1,33.959226006,-1.01904749405
2012-11-03 19:15:23,27471,1,33.4473211451,-0.511904860863
2012-11-03 19:15:24,27472,1,33.5869042604,0.139583115327
2012-11-03 19:15:25,27473,1,34.3289428266,0.74203856622
2012-11-03 19:15:26,27474,1,35.4706839933,1.14174116667
2012-11-03 19:15:27,27475,1,36.7427824784,1.27209848512
2012-11-03 19:15:28,27476,1,37.8892857716,1.14650329315
2012-11-03 19:15:29,27477,1,38.7232889725,0.834003200893
2012-11-03 19:15:30,27478,1,39.165178901,0.441889928571
2012-11-03 19:15:31,27479,1,39.2240329717,0.0588540706845
2012-11-03 19:15:32,27480,1,38.9558780417,-0.26815493006
2012-11-03 19:15:33,27481,1,38.4588540045,-0.497024037202
2012-11-03 19:15:34,27482,1,37.8686007574,-0.590253247024
2012-11-03 19:15:35,27483,1,37.3382433661,-0.530357391369
2012-11-03 19:15:36,27484,1,37.0058771481,-0.332366218006
2012-11-03 19:15:37,27485,1,36.9377224018,-0.0681547462798
2012-11-03 19:15:38,27486,1,37.0959070714,0.158184669643
2012-11-03 19:15:39,27487,1,37.3534220856,0.257515014137
2012-11-03 19:15:40,27488,1,37.5405500685,0.187127982887
2012-11-03 19:15:41,27489,1,37.528942843,-0.0116072254464
2012-11-03 19:15:42,27490,1,37.3036451667,-0.225297676339
2012-11-03 19:15:43,27491,1,36.9593743147,-0.344270851935
2012-11-03 19:15:44,27492,1,36.6220230231,-0.337351291667
2012-11-03 19:15:45,27493,1,36.3478412202,-0.274181802827
2012-11-03 19:15:46,27494,1,36.0992546257,-0.248586594494
2012-11-03 19:15:47,27495,1,35.8268586875,-0.272395938244
2012-11-03 19:15:48,27496,1,35.5552814665,-0.271577220982
2012-11-03 19:15:49,27497,1,35.390252032,-0.165029434524
2012-11-03 19:15:50,27498,1,35.4432285499,0.0529765178572
2012-11-03 19:15:51,27499,1,35.715773439,0.272544889137
2012-11-03 19:15:52,27500,1,36.0715772225,0.355803783482
2012-11-03 19:15:53,27501,1,36.3654018564,0.293824633929
2012-11-03 19:15:54,27502,1,36.5659229018,0.200521045387
2012-11-03 19:15:55,27503,1,36.7269349092,0.161012007441
2012-11-03 19:15:56,27504,1,36.8984377574,0.171502848214
2012-11-03 19:15:57,27505,1,37.1011159159,0.202678158482
2012-11-03 19:15:58,27506,1,37.3581838266,0.257067910714
2012-11-03 19:15:59,27507,1,37.7033471481,0.345163321429
2012-11-03 19:16:00,27508,1,38.1223947701,0.419047622024
2012-11-03 19:16:01,27509,1,38.5063236629,0.383928892857
2012-11-03 19:16:02,27510,1,38.7024550238,0.196131360863
2012-11-03 19:16:03,27511,1,38.6368303378,-0.0656246860119
2012-11-03 19:16:04,27512,1,38.4055805476,-0.231249790179
2012-11-03 19:16:05,27513,1,38.2180062857,-0.187574261905
2012-11-03 19:16:06,27514,1,38.2174110781,-0.000595207589306
2012-11-03 19:16:07,27515,1,38.3896579576,0.172246879464
2012-11-03 19:16:08,27516,1,38.632366026,0.242708068452
2012-11-03 19:16:09,27517,1,38.8502229702,0.217856944196
2012-11-03 19:16:10,27518,1,39.0133182314,0.163095261161
2012-11-03 19:16:11,27519,1,39.1641368787,0.150818647321
2012-11-03 19:16:12,27520,1,39.3409227374,0.176785858631
2012-11-03 19:16:13,27521,1,39.5081845201,0.167261782738
2012-11-03 19:16:14,27522,1,39.5942704189,0.0860858988095
2012-11-03 19:16:15,27523,1,39.5801330625,-0.0141373563988
2012-11-03 19:16:16,27524,1,39.5401031198,-0.0400299427083
2012-11-03 19:16:17,27525,1,39.5946419539,0.0545388340773
2012-11-03 19:16:18,27526,1,39.8157731443,0.221131190476
2012-11-03 19:16:19,27527,1,40.1733625246,0.357589380208
2012-11-03 19:16:20,27528,1,40.5479904457,0.374627921131
2012-11-03 19:16:21,27529,1,40.7691213832,0.2211309375
2012-11-03 19:16:22,27530,1,40.6496274747,-0.119493908482
2012-11-03 19:16:23,27531,1,40.0202377783,-0.629389696429
2012-11-03 19:16:24,27532,1,38.7580354725,-1.2622023058
2012-11-03 19:16:25,27533,1,36.7840026935,-1.97403277902
2012-11-03 19:16:26,27534,1,34.0529014479,-2.73110124554
2012-11-03 19:16:27,27535,1,30.5479535327,-3.50494791518
2012-11-03 19:16:28,27536,1,26.2572355662,-4.29071796652
2012-11-03 19:16:29,27537,1,21.2536083713,-5.00362719494
2012-11-03 19:16:30,27538,1,15.9150109516,-5.33859741964
2012-11-03 19:16:31,27539,1,10.9523808304,-4.96263012128
2012-11-03 19:16:32,27540,1,7.08578865476,-3.8665921756
2012-11-03 19:16:33,27541,1,4.67418155208,-2.41160710268
2012-11-03 19:16:34,27542,1,3.55712426265,-1.11705728943
2012-11-03 19:16:35,27543,1,3.19181547793,-0.365308784722
2012-11-03 19:16:36,27544,1,3.03995535875,-0.151860119172
2012-11-03 19:16:37,27545,1,2.85915178943,-0.18080356932
2012-11-03 19:16:38,27546,1,2.65024181535,-0.208909974082
2012-11-03 19:16:39,27547,1,2.47336307044,-0.176878744916
2012-11-03 19:16:40,27548,1,2.36830348512,-0.105059585317
2012-11-03 19:16:41,27549,1,2.34702361781,-0.0212798673115
2012-11-03 19:16:42,27550,1,2.39004802654,0.0430244087302
2012-11-03 19:16:43,27551,1,2.46447121801,0.0744231914682
2012-11-03 19:16:44,27552,1,2.58457893552,0.12010771751
2012-11-03 19:16:45,27553,1,2.85576558532,0.271186649802
2012-11-03 19:16:46,27554,1,3.4177075744,0.561941989087
2012-11-03 19:16:47,27555,1,4.32514820784,0.907440633433
2012-11-03 19:16:48,27556,1,5.48110078733,1.15595257949
2012-11-03 19:16:49,27557,1,6.65585290575,1.17475211843
2012-11-03 19:16:50,27558,1,7.55631176935,0.900458863591
2012-11-03 19:16:51,27559,1,7.92663662847,0.370324859127
2012-11-03 19:16:52,27560,1,7.66392573053,-0.262710897941
2012-11-03 19:16:53,27561,1,6.88343207192,-0.780493658606
2012-11-03 19:16:54,27562,1,5.86584763393,-1.017584438
2012-11-03 19:16:55,27563,1,4.903769187,-0.962078446925
2012-11-03 19:16:56,27564,1,4.13834262698,-0.76542656002
2012-11-03 19:16:57,27565,1,3.54203819196,-0.59630443502
2012-11-03 19:16:58,27566,1,3.13792126066,-0.4041169313
2012-11-03 19:16:59,27567,1,3.1948161255,0.0568948648313
2012-11-03 19:17:00,27568,1,4.04419596503,0.849379839534
2012-11-03 19:17:01,27569,1,5.67862036334,1.63442439831
2012-11-03 19:17:02,27570,1,7.62900462736,1.95038426401
2012-11-03 19:17:03,27571,1,9.29642774628,1.66742311892
2012-11-03 19:17:04,27572,1,10.4211427112,1.12471496491
2012-11-03 19:17:05,27573,1,11.2161702579,0.795027546751
2012-11-03 19:17:06,27574,1,12.0468004472,0.830630189236
2012-11-03 19:17:07,27575,1,13.0468749851,1.00007453795
2012-11-03 19:17:08,27576,1,14.0808780015,1.03400301637
2012-11-03 19:17:09,27577,1,14.9757440313,0.894866029762
2012-11-03 19:17:10,27578,1,15.6551337738,0.679389742559
2012-11-03 19:17:11,27579,1,16.0920383088,0.43690453497
2012-11-03 19:17:12,27580,1,16.2864577269,0.194419418155
2012-11-03 19:17:13,27581,1,16.3055052567,0.0190475297619
2012-11-03 19:17:14,27582,1,16.2706839286,-0.034821328125
2012-11-03 19:17:15,27583,1,16.2906245937,0.0199406651786
2012-11-03 19:17:16,27584,1,16.3981395685,0.107514974702
2012-11-03 19:17:17,27585,1,16.5559519747,0.15781240625
2012-11-03 19:17:18,27586,1,16.7425589286,0.186606953869
2012-11-03 19:17:19,27587,1,16.9883921615,0.245833232887
2012-11-03 19:17:20,27588,1,17.2963535618,0.307961400298
2012-11-03 19:17:21,27589,1,17.5708329583,0.274479396577
2012-11-03 19:17:22,27590,1,17.6608629435,0.0900299851191
2012-11-03 19:17:23,27591,1,17.478050535,-0.182812408482
2012-11-03 19:17:24,27592,1,17.0666665543,-0.411383980655
2012-11-03 19:17:25,27593,1,16.5626485967,-0.504017957589
2012-11-03 19:17:26,27594,1,16.0985116458,-0.464136950893
2012-11-03 19:17:27,27595,1,15.7212051429,-0.377306502976
2012-11-03 19:17:28,27596,1,15.3742558318,-0.346949311012
2012-11-03 19:17:29,27597,1,14.9656249286,-0.408630903274
2012-11-03 19:17:30,27598,1,14.4334820238,-0.532142904762
2012-11-03 19:17:31,27599,1,13.7502974129,-0.683184610863
2012-11-03 19:17:32,27600,1,12.9282735603,-0.822023852678
2012-11-03 19:17:33,27601,1,12.0258926049,-0.902380955357
2012-11-03 19:17:34,27602,1,11.0853419762,-0.94055062872
2012-11-03 19:17:35,27603,1,10.0757436674,-1.00959830878
2012-11-03 19:17:36,27604,1,8.95781202827,-1.11793163914
2012-11-03 19:17:37,27605,1,7.77477631399,-1.18303571429
2012-11-03 19:17:38,27606,1,6.64434485789,-1.1304314561
2012-11-03 19:17:39,27607,1,5.69218721577,-0.952157642113
2012-11-03 19:17:40,27608,1,4.98288665923,-0.709300556548
2012-11-03 19:17:41,27609,1,4.50558011235,-0.477306546875
2012-11-03 19:17:42,27610,1,4.24040154539,-0.265178566964
2012-11-03 19:17:43,27611,1,4.17514857217,-0.0652529732143
2012-11-03 19:17:44,27612,1,4.24441935491,0.0692707827381
2012-11-03 19:17:45,27613,1,4.35104125,0.106621895089
2012-11-03 19:17:46,27614,1,4.4619786131,0.110937363095
2012-11-03 19:17:47,27615,1,4.61882380283,0.156845189732
2012-11-03 19:17:48,27616,1,4.83563932664,0.21681552381
2012-11-03 19:17:49,27617,1,5.00498465253,0.169345325893
2012-11-03 19:17:50,27618,1,4.94151748214,-0.0634671703869
2012-11-03 19:17:51,27619,1,4.55989554167,-0.381621940476
2012-11-03 19:17:52,27620,1,4.01183014732,-0.548065394345
2012-11-03 19:17:53,27621,1,3.60052071801,-0.411309429315
2012-11-03 19:17:54,27622,1,3.53013390253,-0.0703868154762
2012-11-03 19:17:55,27623,1,3.75639882664,0.226264924107
2012-11-03 19:17:56,27624,1,4.06249998214,0.306101155506
2012-11-03 19:17:57,27625,1,4.24858615625,0.186086174107
2012-11-03 19:17:58,27626,1,4.28087760119,0.0322914449405
2012-11-03 19:17:59,27627,1,4.27812439807,-0.002753203125
2012-11-03 19:18:00,27628,1,4.36443379241,0.0863093943452
2012-11-03 19:18:01,27629,1,4.57410642113,0.20967262872
2012-11-03 19:18:02,27630,1,4.86510353274,0.290997111607
2012-11-03 19:18:03,27631,1,5.15446370833,0.289360175595
2012-11-03 19:18:04,27632,1,5.34717203423,0.192708325893
2012-11-03 19:18:05,27633,1,5.37998452827,0.0328124940476
2012-11-03 19:18:06,27634,1,5.29226136012,-0.0877231681548
2012-11-03 19:18:07,27635,1,5.27559477976,-0.0166665803571
2012-11-03 19:18:08,27636,1,5.59784189137,0.322247111607
2012-11-03 19:18:09,27637,1,6.40669610268,0.80885421131
2012-11-03 19:18:10,27638,1,7.58742526711,1.18072916443
2012-11-03 19:18:11,27639,1,8.83563954762,1.24821428051
2012-11-03 19:18:12,27640,1,9.88549073958,1.04985119196
2012-11-03 19:18:13,27641,1,10.6443448981,0.758854158482
2012-11-03 19:18:14,27642,1,11.1043151436,0.459970245536
2012-11-03 19:18:15,27643,1,11.2101931622,0.105878018601
2012-11-03 19:18:16,27644,1,10.9039432083,-0.306249953869
2012-11-03 19:18:17,27645,1,10.2722467917,-0.631696416667
2012-11-03 19:18:18,27646,1,9.57514852307,-0.697098268601
2012-11-03 19:18:19,27647,1,9.10520791667,-0.469940606399
2012-11-03 19:18:20,27648,1,9.0023804003,-0.102827516369
2012-11-03 19:18:21,27649,1,9.19337738095,0.190996980655
2012-11-03 19:18:22,27650,1,9.5096720692,0.316294688244
2012-11-03 19:18:23,27651,1,9.80550545015,0.295833380952
2012-11-03 19:18:24,27652,1,9.9290917619,0.123586311756
2012-11-03 19:18:25,27653,1,9.68184472693,-0.24724703497
2012-11-03 19:18:26,27654,1,8.91019298884,-0.771651738095
2012-11-03 19:18:27,27655,1,7.65081812574,-1.2593748631
2012-11-03 19:18:28,27656,1,6.17135397768,-1.47946414807
2012-11-03 19:18:29,27657,1,4.83898790997,-1.33236606771
2012-11-03 19:18:30,27658,1,3.90178538393,-0.937202526042
2012-11-03 19:18:31,27659,1,3.34218698958,-0.559598394345
2012-11-03 19:18:32,27660,1,2.89784165848,-0.444345331101
2012-11-03 19:18:33,27661,1,2.27336254836,-0.624479110119
2012-11-03 19:18:34,27662,1,1.45825856548,-0.815103982887
2012-11-03 19:18:35,27663,1,0.0,-1.45825856548
2012-11-03 19:54:36,29824,2161,0.0,0.0
2012-11-03 19:54:37,29825,1,1.8428571369,1.8428571369
2012-11-03 19:54:38,29826,1,3.11711296503,1.27425582813
2012-11-03 19:54:39,29827,1,4.36227645982,1.24516349479
2012-11-03 19:54:40,29828,1,5.42224651265,1.05997005283
2012-11-03 19:54:41,29829,1,6.28601126786,0.863764755208
2012-11-03 19:54:42,29830,1,6.92075824107,0.634746973214
2012-11-03 19:54:43,29831,1,7.27362283278,0.352864591704
2012-11-03 19:54:44,29832,1,7.31192272517,0.0382998923921
2012-11-03 19:54:45,29833,1,7.03381641127,-0.278106313895
2012-11-03 19:54:46,29834,1,6.48390955571,-0.549906855562
2012-11-03 19:54:47,29835,1,5.76175568304,-0.722153872675
2012-11-03 19:54:48,29836,1,5.00781232143,-0.753943361607
2012-11-03 19:54:49,29837,1,4.35714268601,-0.650669635417
2012-11-03 19:54:50,29838,1,3.86954960705,-0.487593078962
2012-11-03 19:54:51,29839,1,3.50409189621,-0.365457710844
2012-11-03 19:54:52,29840,1,3.17447866815,-0.329613228051
2012-11-03 19:54:53,29841,1,2.83444877567,-0.340029892485
2012-11-03 19:54:54,29842,1,2.53788986691,-0.296558908761
2012-11-03 19:54:55,29843,1,2.4491062753,-0.0887835916109
2012-11-03 19:54:56,29844,1,2.77499909449,0.325892819196
2012-11-03 19:54:57,29845,1,3.62693369643,0.851934601935
2012-11-03 19:54:58,29846,1,4.9183959175,1.29146222108
2012-11-03 19:54:59,29847,1,6.40822123382,1.48982531631
2012-11-03 19:55:00,29848,1,7.83636492141,1.42814368759
2012-11-03 19:55:01,29849,1,9.00933738746,1.17297246605
2012-11-03 19:55:02,29850,1,9.80996980878,0.800632421317
2012-11-03 19:55:03,29851,1,10.1858627165,0.375892907738
2012-11-03 19:55:04,29852,1,10.139136651,-0.0467260654762
2012-11-03 19:55:05,29853,1,9.72760405432,-0.411532596726
2012-11-03 19:55:06,29854,1,9.04456843452,-0.683035619792
2012-11-03 19:55:07,29855,1,8.16532735565,-0.879241078869
2012-11-03 19:55:08,29856,1,7.17455341741,-0.990773938244
2012-11-03 19:55:09,29857,1,6.28943417932,-0.885119238095
2012-11-03 19:55:10,29858,1,5.89493999479,-0.394494184524
2012-11-03 19:55:11,29859,1,6.4121275,0.517187505208
2012-11-03 19:55:12,29860,1,8.07983596801,1.66770846801
2012-11-03 19:55:13,29861,1,10.7702378988,2.6904019308
2012-11-03 19:55:14,29862,1,14.0098212723,3.23958337351
2012-11-03 19:55:15,29863,1,17.2228420521,3.21302077976
2012-11-03 19:55:16,29864,1,19.9860860558,2.76324400372
2012-11-03 19:55:17,29865,1,22.1471723996,2.16108634375
2012-11-03 19:55:18,29866,1,23.7787201146,1.63154771503
2012-11-03 19:55:19,29867,1,25.0254463996,1.24672628497
2012-11-03 19:55:20,29868,1,26.0043154866,0.978869087053
2012-11-03 19:55:21,29869,1,26.7924850982,0.788169611607
2012-11-03 19:55:22,29870,1,27.4081844129,0.615699314732
2012-11-03 19:55:23,29871,1,27.8102676116,0.402083198661
2012-11-03 19:55:24,29872,1,27.9656245833,0.155356971726
2012-11-03 19:55:25,29873,1,27.9072910722,-0.0583335111607
2012-11-03 19:55:26,29874,1,27.700073683,-0.207217389137
2012-11-03 19:55:27,29875,1,27.3451629196,-0.354910763393
2012-11-03 19:55:28,29876,1,26.7288682835,-0.616294636161
2012-11-03 19:55:29,29877,1,25.6406242805,-1.08824400298
2012-11-03 19:55:30,29878,1,23.8154011548,-1.82522312574
2012-11-03 19:55:31,29879,1,21.0216512827,-2.79374987202
2012-11-03 19:55:32,29880,1,17.2061752262,-3.81547605655
2012-11-03 19:55:33,29881,1,12.6332586555,-4.57291657068
2012-11-03 19:55:34,29882,1,7.94784204018,-4.68541661533
2012-11-03 19:55:35,29883,1,4.091368875,-3.85647316518
2012-11-03 19:55:36,29884,1,0.0,-4.091368875
2012-11-03 19:56:44,29952,68,0.0,0.0
2012-11-03 19:56:45,29953,1,4.73095227083,4.73095227083
2012-11-03 19:56:46,29954,1,8.10081822173,3.36986595089
2012-11-03 19:56:47,29955,1,11.3233626927,3.22254447098
2012-11-03 19:56:48,29956,1,13.7936750067,2.47031231399
2012-11-03 19:56:49,29957,1,15.5340022188,1.74032721205
2012-11-03 19:56:50,29958,1,16.9630943423,1.42909212351
2012-11-03 19:56:51,29959,1,18.5808025893,1.61770824702
2012-11-03 19:56:52,29960,1,20.7648055766,2.18400298735
2012-11-03 19:56:53,29961,1,23.675817596,2.91101201935
2012-11-03 19:56:54,29962,1,27.1842254821,3.50840788616
2012-11-03 19:56:55,29963,1,30.9433773943,3.7591519122
2012-11-03 19:56:56,29964,1,34.6110858512,3.66770845685
2012-11-03 19:56:57,29965,1,37.9737347976,3.36264894643
2012-11-03 19:56:58,29966,1,40.9100444397,2.93630964211
2012-11-03 19:56:59,29967,1,43.348660567,2.43861612723
2012-11-03 19:57:00,29968,1,45.2881694702,1.93950890327
2012-11-03 19:57:01,29969,1,46.8140622813,1.52589281101
2012-11-03 19:57:02,29970,1,48.0632438847,1.24918160342
2012-11-03 19:57:03,29971,1,49.1709821496,1.10773826488
2012-11-03 19:57:04,29972,1,50.2366816667,1.06569951711
2012-11-03 19:57:05,29973,1,51.3017113304,1.06502966369
2012-11-03 19:57:06,29974,1,52.329984869,1.02827353869
2012-11-03 19:57:07,29975,1,53.1992554286,0.869270559524
2012-11-03 19:57:08,29976,1,53.7470975833,0.547842154762
2012-11-03 19:57:09,29977,1,53.8784221146,0.13132453125
2012-11-03 19:57:10,29978,1,53.6299848765,-0.248437238095
2012-11-03 19:57:11,29979,1,53.1316219606,-0.498362915923
2012-11-03 19:57:12,29980,1,52.5335564152,-0.598065545387
2012-11-03 19:57:13,29981,1,51.9468746183,-0.586681796875
2012-11-03 19:57:14,29982,1,51.3948655119,-0.552009106399
2012-11-03 19:57:15,29983,1,50.8050590022,-0.589806509673
2012-11-03 19:57:16,29984,1,50.0589281949,-0.746130807292
2012-11-03 19:57:17,29985,1,49.0706842054,-0.988243989583
2012-11-03 19:57:18,29986,1,47.8581097277,-1.21257447768
2012-11-03 19:57:19,29987,1,46.5511156362,-1.30699409152
2012-11-03 19:57:20,29988,1,45.3127229293,-1.23839270685
2012-11-03 19:57:21,29989,1,44.2430803356,-1.06964259375
2012-11-03 19:57:22,29990,1,43.3269346049,-0.916145730655
2012-11-03 19:57:23,29991,1,42.4127975126,-0.914137092262
2012-11-03 19:57:24,29992,1,41.2394340967,-1.17336341592
2012-11-03 19:57:25,29993,1,39.5285707798,-1.71086331696
2012-11-03 19:57:26,29994,1,37.09642791,-2.43214286979
2012-11-03 19:57:27,29995,1,33.9300590231,-3.1663688869
2012-11-03 19:57:28,29996,1,30.1976187307,-3.73244029241
2012-11-03 19:57:29,29997,1,26.1991812753,-3.99843745536
2012-11-03 19:57:30,29998,1,22.3240323356,-3.87514893973
2012-11-03 19:57:31,29999,1,19.037573811,-3.28645852455
2012-11-03 19:57:32,30000,1,16.8286451406,-2.20892867039
2012-11-03 19:57:33,30001,1,16.0793148356,-0.749330305059
2012-11-03 19:57:34,30002,1,16.9107881935,0.831473357887
2012-11-03 19:57:35,30003,1,19.1013389293,2.19055073586
2012-11-03 19:57:36,30004,1,22.1610116049,3.0596726756
2012-11-03 19:57:37,30005,1,25.5473954375,3.38638383259
2012-11-03 19:57:38,30006,1,28.8794636295,3.33206819196
2012-11-03 19:57:39,30007,1,32.0095228333,3.13005920387
2012-11-03 19:57:40,30008,1,34.9310256057,2.92150277232
2012-11-03 19:57:41,30009,1,37.62611491,2.69508930432
2012-11-03 19:57:42,30010,1,40.0047609576,2.37864604762
2012-11-03 19:57:43,30011,1,41.9799844807,1.97522352307
2012-11-03 19:57:44,30012,1,43.571428247,1.59144376637
2012-11-03 19:57:45,30013,1,44.9111606763,1.33973242932
2012-11-03 19:57:46,30014,1,46.1371281786,1.22596750223
2012-11-03 19:57:47,30015,1,47.2877979665,1.15066978795
2012-11-03 19:57:48,30016,1,48.305357529,1.0175595625
2012-11-03 19:57:49,30017,1,49.1175599159,0.812202386905
2012-11-03 19:57:50,30018,1,49.7069944732,0.589434557292
2012-11-03 19:57:51,30019,1,50.1235123438,0.416517870536
2012-11-03 19:57:52,30020,1,50.4456104568,0.322098113095
2012-11-03 19:57:53,30021,1,50.7338542924,0.288243835565
2012-11-03 19:57:54,30022,1,51.0075148162,0.27366052381
2012-11-03 19:57:55,30023,1,51.231919535,0.22440471875
2012-11-03 19:57:56,30024,1,51.3073660655,0.075446530506
2012-11-03 19:57:57,30025,1,51.0744792969,-0.232886768601
2012-11-03 19:57:58,30026,1,50.3545388743,-0.719940422619
2012-11-03 19:57:59,30027,1,49.034672747,-1.31986612723
2012-11-03 19:58:00,30028,1,47.1607887292,-1.87388401786
2012-11-03 19:58:01,30029,1,44.9399553631,-2.22083336607
2012-11-03 19:58:02,30030,1,42.629836349,-2.31011901414
2012-11-03 19:58:03,30031,1,40.4279762507,-2.20186009821
2012-11-03 19:58:04,30032,1,38.4142856964,-2.01369055432
2012-11-03 19:58:05,30033,1,36.5233628854,-1.89092281101
2012-11-03 19:58:06,30034,1,34.5866066875,-1.93675619792
2012-11-03 19:58:07,30035,1,32.4481392307,-2.13846745685
2012-11-03 19:58:08,30036,1,30.0740320179,-2.3741072128
2012-11-03 19:58:09,30037,1,27.5733623869,-2.50066963095
2012-11-03 19:58:10,30038,1,25.0880945186,-2.4852678683
2012-11-03 19:58:11,30039,1,22.6578117158,-2.43028280283
2012-11-03 19:58:12,30040,1,20.2112342731,-2.44657744271
2012-11-03 19:58:13,30041,1,17.6453754266,-2.56585884651
2012-11-03 19:58:14,30042,1,14.8952054114,-2.7501700152
2012-11-03 19:58:15,30043,1,11.9909856728,-2.90421973852
2012-11-03 19:58:16,30044,1,9.10234843219,-2.88863724065
2012-11-03 19:58:17,30045,1,6.52896420493,-2.57338422725
2012-11-03 19:58:18,30046,1,4.58762721769,-1.94133698724
2012-11-03 19:58:19,30047,1,3.42182170121,-1.16580551648
2012-11-03 19:58:20,30048,1,2.89142216412,-0.530399537096
2012-11-03 19:58:21,30049,1,2.67487246014,-0.216549703975
2012-11-03 19:58:22,30050,1,2.52735970206,-0.147512758078
2012-11-03 19:58:23,30051,1,2.48700042815,-0.0403592739158
2012-11-03 19:58:24,30052,1,2.8622555354,0.375255107249
2012-11-03 19:58:25,30053,1,4.03283376966,1.17057823427
2012-11-03 19:58:26,30054,1,6.19737454358,2.16454077392
2012-11-03 19:58:27,30055,1,9.19467458418,2.9973000406
2012-11-03 19:58:28,30056,1,12.548522188,3.35384760385
2012-11-03 19:58:29,30057,1,15.7452695001,3.19674731207
2012-11-03 19:58:30,30058,1,18.5026887178,2.75741921769
2012-11-03 19:58:31,30059,1,20.8190472731,2.31635855527
2012-11-03 19:58:32,30060,1,22.8442706726,2.02522339955
2012-11-03 19:58:33,30061,1,24.7343749717,1.89010429911
2012-11-03 19:58:34,30062,1,26.562351218,1.82797624628
2012-11-03 19:58:35,30063,1,28.2872768147,1.72492559673
2012-11-03 19:58:36,30064,1,29.8017856466,1.51450883185
2012-11-03 19:58:37,30065,1,31.0299103914,1.22812474479
2012-11-03 19:58:38,30066,1,32.0075142381,0.977603846726
2012-11-03 19:58:39,30067,1,32.9030497634,0.895535525298
2012-11-03 19:58:40,30068,1,33.9257432314,1.02269346801
2012-11-03 19:58:41,30069,1,35.1622017024,1.23645847098
2012-11-03 19:58:42,30070,1,36.5121274405,1.3499257381
2012-11-03 19:58:43,30071,1,37.7825888289,1.27046138839
2012-11-03 19:58:44,30072,1,38.8281245789,1.04553575
2012-11-03 19:58:45,30073,1,39.6255948698,0.797470290923
2012-11-03 19:58:46,30074,1,40.2612348266,0.635639956845
2012-11-03 19:58:47,30075,1,40.869196221,0.607961394345
2012-11-03 19:58:48,30076,1,41.55818441,0.688988188988
2012-11-03 19:58:49,30077,1,42.3561755335,0.797991123512
2012-11-03 19:58:50,30078,1,43.2136159546,0.857440421131
2012-11-03 19:58:51,30079,1,44.0526783304,0.839062375744
2012-11-03 19:58:52,30080,1,44.8162199092,0.763541578869
2012-11-03 19:58:53,30081,1,45.5072168921,0.690996982887
2012-11-03 19:58:54,30082,1,46.1880947567,0.680877864583
2012-11-03 19:58:55,30083,1,46.9068445074,0.718749750744
2012-11-03 19:58:56,30084,1,47.6226924628,0.715847955357
2012-11-03 19:58:57,30085,1,48.2191209829,0.596428520089
2012-11-03 19:58:58,30086,1,48.5790914464,0.359970463542
2012-11-03 19:58:59,30087,1,48.6494786868,0.0703872403274
2012-11-03 19:59:00,30088,1,48.4499997381,-0.199478948661
2012-11-03 19:59:01,30089,1,48.0169640394,-0.433035698661
2012-11-03 19:59:02,30090,1,47.3492555536,-0.667708485863
2012-11-03 19:59:03,30091,1,46.4406987396,-0.908556813988
2012-11-03 19:59:04,30092,1,45.3312490565,-1.10944968304
2012-11-03 19:59:05,30093,1,44.0654751124,-1.2657739442
2012-11-03 19:59:06,30094,1,42.6401031808,-1.42537193155
2012-11-03 19:59:07,30095,1,41.0648057969,-1.57529738393
2012-11-03 19:59:08,30096,1,39.465698843,-1.59910695387
2012-11-03 19:59:09,30097,1,38.088466718,-1.377232125
2012-11-03 19:59:10,30098,1,37.1760410424,-0.912425675595
2012-11-03 19:59:11,30099,1,36.8283476079,-0.347693434524
2012-11-03 19:59:12,30100,1,36.9803567217,0.152009113839
2012-11-03 19:59:13,30101,1,37.4927081302,0.512351408482
2012-11-03 19:59:14,30102,1,38.2168898028,0.724181672619
2012-11-03 19:59:15,30103,1,38.9893600967,0.772470293899
2012-11-03 19:59:16,30104,1,39.6359375372,0.646577440476
2012-11-03 19:59:17,30105,1,40.0303572545,0.394419717262
2012-11-03 19:59:18,30106,1,40.1560269286,0.125669674107
2012-11-03 19:59:19,30107,1,40.0928571927,-0.0631697358631
2012-11-03 19:59:20,30108,1,39.9502974546,-0.142559738095
2012-11-03 19:59:21,30109,1,39.8447169085,-0.105580546131
2012-11-03 19:59:22,30110,1,39.9005948601,0.0558779516369
2012-11-03 19:59:23,30111,1,40.1938241183,0.293229258185
2012-11-03 19:59:24,30112,1,40.6803568854,0.486532767113
2012-11-03 19:59:25,30113,1,41.1974698103,0.517112924851
2012-11-03 19:59:26,30114,1,41.5591509874,0.361681177083
2012-11-03 19:59:27,30115,1,41.6920374814,0.132886494048
2012-11-03 19:59:28,30116,1,41.6798348929,-0.0122025885417
2012-11-03 19:59:29,30117,1,41.6503707284,-0.0294641644345
2012-11-03 19:59:30,30118,1,41.6398055789,-0.0105651495536
2012-11-03 19:59:31,30119,1,41.5935261057,-0.0462794732142
2012-11-03 19:59:32,30120,1,41.4689726481,-0.124553457589
2012-11-03 19:59:33,30121,1,41.2779755871,-0.190997061012
2012-11-03 19:59:34,30122,1,41.0075886116,-0.270386975446
2012-11-03 19:59:35,30123,1,40.5485856384,-0.459002973214
2012-11-03 19:59:36,30124,1,39.7323654576,-0.816220180804
2012-11-03 19:59:37,30125,1,38.387499404,-1.34486605357
2012-11-03 19:59:38,30126,1,36.3506690156,-2.03683038839
2012-11-03 19:59:39,30127,1,33.4869785342,-2.8636904814
2012-11-03 19:59:40,30128,1,29.7432286124,-3.74374992188
2012-11-03 19:59:41,30129,1,25.220287287,-4.5229413254
2012-11-03 19:59:42,30130,1,20.2133429675,-5.00694431944
2012-11-03 19:59:43,30131,1,15.1587051183,-5.05463784921
2012-11-03 19:59:44,30132,1,10.5390622515,-4.61964286682
2012-11-03 19:59:45,30133,1,6.79605629167,-3.74300595982
2012-11-03 19:59:46,30134,1,4.24486585714,-2.55119043452
2012-11-03 19:59:47,30135,1,3.0550346002,-1.18983125694
2012-11-03 19:59:48,30136,1,3.26661703447,0.211582434276
2012-11-03 19:59:49,30137,1,4.71748512798,1.4508680935
2012-11-03 19:59:50,30138,1,6.97046128199,2.25297615402
2012-11-03 19:59:51,30139,1,9.40543143229,2.4349701503
2012-11-03 19:59:52,30140,1,11.4636158631,2.0581844308
2012-11-03 19:59:53,30141,1,12.929811223,1.46619535987
2012-11-03 19:59:54,30142,1,14.0366315754,1.10682035243
2012-11-03 19:59:55,30143,1,15.2184518854,1.18182031002
2012-11-03 19:59:56,30144,1,16.7203118251,1.50185993973
2012-11-03 19:59:57,30145,1,18.4167402128,1.69642838765
2012-11-03 19:59:58,30146,1,19.8971716801,1.48043146726
2012-11-03 19:59:59,30147,1,20.68266284,0.78549115997
2012-11-03 20:00:00,30148,1,20.4691957649,-0.213467075149
2012-11-03 20:00:01,30149,1,19.2646572113,-1.20453855357
2012-11-03 20:00:02,30150,1,17.3441958988,-1.9204613125
2012-11-03 20:00:03,30151,1,15.1566213929,-2.18757450595
2012-11-03 20:00:04,30152,1,13.263689785,-1.89293160789
2012-11-03 20:00:05,30153,1,12.1893595193,-1.07433026563
2012-11-03 20:00:06,30154,1,12.1953865246,0.0060270052084
2012-11-03 20:00:07,30155,1,13.1712796057,0.975893081101
2012-11-03 20:00:08,30156,1,14.7008928326,1.52961322693
2012-11-03 20:00:09,30157,1,16.2686012046,1.56770837202
2012-11-03 20:00:10,30158,1,17.4487351339,1.18013392932
2012-11-03 20:00:11,30159,1,17.8651041729,0.416369038938
2012-11-03 20:00:12,30160,1,17.1042410373,-0.760863135541
2012-11-03 20:00:13,30161,1,14.9422617835,-2.16197925384
2012-11-03 20:00:14,30162,1,11.6942706122,-3.24799117125
2012-11-03 20:00:15,30163,1,8.19620507044,-3.49806554179
2012-11-03 20:00:16,30164,1,5.35892826414,-2.8372768063
2012-11-03 20:00:17,30165,1,3.65260384846,-1.70632441567
2012-11-03 20:00:18,30166,1,2.92098176389,-0.731622084573
2012-11-03 20:00:19,30167,1,2.71316913616,-0.207812627728
2012-11-03 20:00:20,30168,1,2.82909163343,0.115922497272
2012-11-03 20:00:21,30169,1,3.47284160764,0.643749974206
2012-11-03 20:00:22,30170,1,4.93563930208,1.46279769444
2012-11-03 20:00:23,30171,1,7.29449358507,2.35885428299
2012-11-03 20:00:24,30172,1,10.3541663037,3.05967271863
2012-11-03 20:00:25,30173,1,13.7669639695,3.4127976658
2012-11-03 20:00:26,30174,1,17.2409967,3.47403273053
2012-11-03 20:00:27,30175,1,20.6026782036,3.3616815036
2012-11-03 20:00:28,30176,1,23.6810263356,3.07834813194
2012-11-03 20:00:29,30177,1,26.2780500372,2.59702370164
2012-11-03 20:00:30,30178,1,28.2398803155,1.96183027827
2012-11-03 20:00:31,30179,1,29.4970231689,1.25714285342
2012-11-03 20:00:32,30180,1,30.0944934918,0.597470322917
2012-11-03 20:00:33,30181,1,30.1892108996,0.0947174077381
2012-11-03 20:00:34,30182,1,29.9792407932,-0.209970106399
2012-11-03 20:00:35,30183,1,29.6224700104,-0.356770782738
2012-11-03 20:00:36,30184,1,29.1800592455,-0.442410764881
2012-11-03 20:00:37,30185,1,28.6135412567,-0.566517988839
2012-11-03 20:00:38,30186,1,27.8386155156,-0.774925741071
2012-11-03 20:00:39,30187,1,26.755282096,-1.08333341964
2012-11-03 20:00:40,30188,1,25.2303565007,-1.52492559524
2012-11-03 20:00:41,30189,1,23.1055053981,-2.12485110268
2012-11-03 20:00:42,30190,1,20.284449,-2.82105639807
2012-11-03 20:00:43,30191,1,16.8727675751,-3.41168142485
2012-11-03 20:00:44,30192,1,13.2423360365,-3.63043153869
2012-11-03 20:00:45,30193,1,9.91065439643,-3.33168164003
2012-11-03 20:00:46,30194,1,7.30444893951,-2.60620545692
2012-11-03 20:00:47,30195,1,5.57589235565,-1.72855658385
2012-11-03 20:00:48,30196,1,4.58790129323,-0.987991062426
2012-11-03 20:00:49,30197,1,4.06160662798,-0.526294665253
2012-11-03 20:00:50,30198,1,3.74809462768,-0.313512000298
2012-11-03 20:00:51,30199,1,3.50703796458,-0.241056663095
2012-11-03 20:00:52,30200,1,3.29624923132,-0.210788733259
2012-11-03 20:00:53,30201,1,3.11516297708,-0.181086254241
2012-11-03 20:00:54,30202,1,2.95507379561,-0.160089181473
2012-11-03 20:00:55,30203,1,2.80163640327,-0.153437392336
2012-11-03 20:00:56,30204,1,2.65482102954,-0.146815373735
2012-11-03 20:00:57,30205,1,2.4966663689,-0.15815466064
2012-11-03 20:00:58,30206,1,2.23333313318,-0.263333235714
2012-11-03 20:00:59,30207,1,1.74874988452,-0.484583248661
2012-11-03 20:01:00,30208,1,1.13532732865,-0.613422555878
2012-11-03 20:01:01,30209,1,0.0,-1.13532732865
2012-11-03 20:06:22,30530,321,0.0,0.0
2012-11-03 20:06:23,30531,1,3.44736603527,3.44736603527
2012-11-03 20:06:24,30532,1,5.79717249405,2.34980645878
2012-11-03 20:06:25,30533,1,7.89017835193,2.09300585789
2012-11-03 20:06:26,30534,1,9.38459795908,1.49441960714
2012-11-03 20:06:27,30535,1,10.4560265692,1.07142861012
2012-11-03 20:06:28,30536,1,11.5419641265,1.08593755729
2012-11-03 20:06:29,30537,1,13.0197915126,1.47782738616
2012-11-03 20:06:30,30538,1,14.9854164546,1.96562494196
2012-11-03 20:06:31,30539,1,17.2163687582,2.23095230357
2012-11-03 20:06:32,30540,1,19.2965770432,2.08020828497
2012-11-03 20:06:33,30541,1,20.8725443028,1.57596725967
2012-11-03 20:06:34,30542,1,21.8955353876,1.02299108482
2012-11-03 20:06:35,30543,1,22.5931544249,0.697619037202
2012-11-03 20:06:36,30544,1,23.1973210551,0.604166630208
2012-11-03 20:06:37,30545,1,23.746725776,0.549404720982
2012-11-03 20:06:38,30546,1,24.1305055208,0.383779744792
2012-11-03 20:06:39,30547,1,24.2661454241,0.135639903274
2012-11-03 20:06:40,30548,1,24.2134668862,-0.0526785379464
2012-11-03 20:06:41,30549,1,24.1251484338,-0.0883184523809
2012-11-03 20:06:42,30550,1,24.1400293527,0.0148809188988
2012-11-03 20:06:43,30551,1,24.3555055223,0.215476169643
2012-11-03 20:06:44,30552,1,24.8291662574,0.473660735119
2012-11-03 20:06:45,30553,1,25.51696391,0.68779765253
2012-11-03 20:06:46,30554,1,26.1970234338,0.68005952381
2012-11-03 20:06:47,30555,1,26.4822912574,0.285267823661
2012-11-03 20:06:48,30556,1,25.964508497,-0.517782760417
2012-11-03 20:06:49,30557,1,24.4030501808,-1.56145831622
2012-11-03 20:06:50,30558,1,21.7786454598,-2.62440472098
2012-11-03 20:06:51,30559,1,18.2302079978,-3.54843746205
2012-11-03 20:06:52,30560,1,14.0877228943,-4.14248510342
2012-11-03 20:06:53,30561,1,9.97157704539,-4.11614584896
2012-11-03 20:06:54,30562,1,6.71986569792,-3.25171134747
2012-11-03 20:06:55,30563,1,5.07805018229,-1.64181551562
2012-11-03 20:06:56,30564,1,5.31711267039,0.239062488095
2012-11-03 20:06:57,30565,1,7.10245495238,1.78534228199
2012-11-03 20:06:58,30566,1,9.77633887426,2.67388392188
2012-11-03 20:06:59,30567,1,12.7505203311,2.97418145685
2012-11-03 20:07:00,30568,1,15.6494785313,2.89895820015
2012-11-03 20:07:01,30569,1,18.2112344278,2.56175589658
2012-11-03 20:07:02,30570,1,20.1551333333,1.94389890551
2012-11-03 20:07:03,30571,1,21.1962049494,1.04107161607
2012-11-03 20:07:04,30572,1,21.1733628251,-0.022842124256
2012-11-03 20:07:05,30573,1,20.1020086533,-1.07135417188
2012-11-03 20:07:06,30574,1,18.157886503,-1.9441221503
2012-11-03 20:07:07,30575,1,15.7028268348,-2.45505966815
2012-11-03 20:07:08,30576,1,13.2762642515,-2.42656258333
2012-11-03 20:07:09,30577,1,11.4953862366,-1.78087801488
2012-11-03 20:07:10,30578,1,10.9096719003,-0.58571433631
2012-11-03 20:07:11,30579,1,11.7995527753,0.889880875
2012-11-03 20:07:12,30580,1,14.0156241481,2.21607137277
2012-11-03 20:07:13,30581,1,17.0309515677,3.01532741964
2012-11-03 20:07:14,30582,1,20.1677076622,3.13675609449
2012-11-03 20:07:15,30583,1,22.8616810469,2.69397338467
2012-11-03 20:07:16,30584,1,24.8547615342,1.99308048735
2012-11-03 20:07:17,30585,1,26.1845979308,1.32983639658
2012-11-03 20:07:18,30586,1,26.9976188475,0.813020916667
2012-11-03 20:07:19,30587,1,27.4045385863,0.406919738839
2012-11-03 20:07:20,30588,1,27.4960564903,0.0915179040179
2012-11-03 20:07:21,30589,1,27.4096724754,-0.086384014881
2012-11-03 20:07:22,30590,1,27.32380916,-0.0858633154762
2012-11-03 20:07:23,30591,1,27.3982880543,0.0744788943453
2012-11-03 20:07:24,30592,1,27.7069931897,0.308705135417
2012-11-03 20:07:25,30593,1,28.1910704792,0.484077289435
2012-11-03 20:07:26,30594,1,28.6959068378,0.504836358631
2012-11-03 20:07:27,30595,1,29.0708325692,0.374925731399
2012-11-03 20:07:28,30596,1,29.2293892894,0.158556720238
2012-11-03 20:07:29,30597,1,29.1581841138,-0.0712051755952
2012-11-03 20:07:30,30598,1,28.9044640432,-0.253720070685
2012-11-03 20:07:31,30599,1,28.5329612054,-0.371502837798
2012-11-03 20:07:32,30600,1,28.0884672455,-0.444493959821
2012-11-03 20:07:33,30601,1,27.6058779509,-0.482589294643
2012-11-03 20:07:34,30602,1,27.0908480603,-0.515029890625
2012-11-03 20:07:35,30603,1,26.4075889427,-0.68325911756
2012-11-03 20:07:36,30604,1,25.2119042857,-1.19568465699
2012-11-03 20:07:37,30605,1,23.0906989263,-2.12120535938
2012-11-03 20:07:38,30606,1,19.8380948564,-3.25260406994
2012-11-03 20:07:39,30607,1,15.6738092381,-4.1642856183
2012-11-03 20:07:40,30608,1,11.2573658207,-4.41644341741
2012-11-03 20:07:41,30609,1,7.4587051131,-3.79866070759
2012-11-03 20:07:42,30610,1,5.00305038839,-2.4556547247
2012-11-03 20:07:43,30611,1,4.1577379442,-0.845312444196
2012-11-03 20:07:44,30612,1,4.60855639807,0.450818453869
2012-11-03 20:07:45,30613,1,5.6504461808,1.04188978274
2012-11-03 20:07:46,30614,1,6.61331803646,0.962871855655
2012-11-03 20:07:47,30615,1,7.24858574405,0.635267707589
2012-11-03 20:07:48,30616,1,7.79546070164,0.546874957589
2012-11-03 20:07:49,30617,1,8.62321376711,0.827753065476
2012-11-03 20:07:50,30618,1,9.78035680283,1.15714303571
2012-11-03 20:07:51,30619,1,10.9165177113,1.13616090848
2012-11-03 20:07:52,30620,1,11.5664434338,0.64992572247
2012-11-03 20:07:53,30621,1,11.4392856942,-0.127157739583
2012-11-03 20:07:54,30622,1,10.4976933013,-0.941592392857
2012-11-03 20:07:55,30623,1,8.90267823363,-1.59501506771
2012-11-03 20:07:56,30624,1,6.97626440253,-1.9264138311
2012-11-03 20:07:57,30625,1,5.16644293527,-1.80982146726
2012-11-03 20:07:58,30626,1,3.93430013244,-1.23214280283
2012-11-03 20:07:59,30627,1,3.54746986756,-0.386830264881
2012-11-03 20:08:00,30628,1,3.8853419375,0.33787206994
2012-11-03 20:08:01,30629,1,4.48467224851,0.599330311012
2012-11-03 20:08:02,30630,1,4.81398763318,0.329315384673
2012-11-03 20:08:03,30631,1,4.50483579762,-0.309151835565
2012-11-03 20:08:04,30632,1,3.49174060714,-1.01309519048
2012-11-03 20:08:05,30633,1,2.13757407552,-1.35416653162
2012-11-03 20:08:06,30634,1,0.0,-2.13757407552
2012-11-03 20:18:08,31236,602,0.0,0.0
2012-11-03 20:18:09,31237,1,2.37507411235,2.37507411235
2012-11-03 20:18:10,31238,1,4.09040144792,1.71532733557
2012-11-03 20:18:11,31239,1,5.72440449405,1.63400304613
2012-11-03 20:18:12,31240,1,6.91495518304,1.19055068899
2012-11-03 20:18:13,31241,1,7.62797599628,0.713020813244
2012-11-03 20:18:14,31242,1,8.00513359189,0.37715759561
2012-11-03 20:18:15,31243,1,8.21904715179,0.213913559896
2012-11-03 20:18:16,31244,1,8.40096679315,0.181919641369
2012-11-03 20:18:17,31245,1,8.61703832143,0.216071528274
2012-11-03 20:18:18,31246,1,8.87492528646,0.25788696503
2012-11-03 20:18:19,31247,1,9.15327340774,0.27834812128
2012-11-03 20:18:20,31248,1,9.42663627679,0.273362869048
2012-11-03 20:18:21,31249,1,9.67790092932,0.25126465253
2012-11-03 20:18:22,31250,1,9.91540083333,0.237499904018
2012-11-03 20:18:23,31251,1,10.1825884226,0.267187589286
2012-11-03 20:18:24,31252,1,10.5284963914,0.34590796875
2012-11-03 20:18:25,31253,1,10.9666663006,0.438169909226
2012-11-03 20:18:26,31254,1,11.4819938653,0.515327564732
2012-11-03 20:18:27,31255,1,12.063318311,0.581324445684
2012-11-03 20:18:28,31256,1,12.69769325,0.634374938988
2012-11-03 20:18:29,31257,1,13.3200890045,0.622395754464
2012-11-03 20:18:30,31258,1,13.7659966905,0.445907686012
2012-11-03 20:18:31,31259,1,13.8084817671,0.0424850766369
2012-11-03 20:18:32,31260,1,13.3006691927,-0.507812574405
2012-11-03 20:18:33,31261,1,12.2874250439,-1.01324414881
2012-11-03 20:18:34,31262,1,10.9770082961,-1.31041674777
2012-11-03 20:18:35,31263,1,9.69002908408,-1.28697921205
2012-11-03 20:18:36,31264,1,8.90044574107,-0.789583343006
2012-11-03 20:18:37,31265,1,9.20788626786,0.307440526786
2012-11-03 20:18:38,31266,1,11.0734369874,1.86555071949
2012-11-03 20:18:39,31267,1,14.4836306205,3.41019363318
2012-11-03 20:18:40,31268,1,18.850892718,4.36726209747
2012-11-03 20:18:41,31269,1,23.2918898601,4.44099714211
2012-11-03 20:18:42,31270,1,27.1190475588,3.82715769866
2012-11-03 20:18:43,31271,1,30.1241813058,3.00513374702
2012-11-03 20:18:44,31272,1,32.4389876577,2.31480635193
2012-11-03 20:18:45,31273,1,34.2474697262,1.80848206845
2012-11-03 20:18:46,31274,1,35.6659965856,1.41852685937
2012-11-03 20:18:47,31275,1,36.763987776,1.09799119048
2012-11-03 20:18:48,31276,1,37.5863836458,0.822395869792
2012-11-03 20:18:49,31277,1,38.1616067924,0.575223146577
2012-11-03 20:18:50,31278,1,38.5095233936,0.34791660119
2012-11-03 20:18:51,31279,1,38.6549103683,0.145386974702
2012-11-03 20:18:52,31280,1,38.6605653356,0.0056549672619
2012-11-03 20:18:53,31281,1,38.6110863125,-0.0494790230655
2012-11-03 20:18:54,31282,1,38.5109373624,-0.100148950149
2012-11-03 20:18:55,31283,1,38.2362345454,-0.274702816964
2012-11-03 20:18:56,31284,1,37.6222459695,-0.613988575893
2012-11-03 20:18:57,31285,1,36.5788678073,-1.0433781622
2012-11-03 20:18:58,31286,1,35.1202371042,-1.45863070313
2012-11-03 20:18:59,31287,1,33.2921869978,-1.8280501064
2012-11-03 20:19:00,31288,1,31.0776784509,-2.21450854687
2012-11-03 20:19:01,31289,1,28.3979166287,-2.67976182217
2012-11-03 20:19:02,31290,1,25.2175593326,-3.18035729613
2012-11-03 20:19:03,31291,1,21.6284966146,-3.58906271801
2012-11-03 20:19:04,31292,1,17.8338536042,-3.79464301042
2012-11-03 20:19:05,31293,1,14.0844116053,-3.74944199888
2012-11-03 20:19:06,31294,1,10.6200701404,-3.46434146484
2012-11-03 20:19:07,31295,1,7.63426289769,-2.98580724275
2012-11-03 20:19:08,31296,1,5.27241391164,-2.36184898605
2012-11-03 20:19:09,31297,1,3.61595919829,-1.65645471336
2012-11-03 20:19:10,31298,1,2.6390803923,-0.97687880599
2012-11-03 20:19:11,31299,1,2.21063920499,-0.428441187314
2012-11-03 20:19:12,31300,1,2.13669963765,-0.0739395673363
2012-11-03 20:19:13,31301,1,2.20550565141,0.0688060137649
2012-11-03 20:19:14,31302,1,2.26253706901,0.0570314175967
2012-11-03 20:19:15,31303,1,2.27273061719,0.0101935481771
2012-11-03 20:19:16,31304,1,2.28993675577,0.0172061385789
2012-11-03 20:19:17,31305,1,2.37793899368,0.0880022379092
2012-11-03 20:19:18,31306,1,2.56063988337,0.182700889695
2012-11-03 20:19:19,31307,1,2.81398809561,0.25334821224
2012-11-03 20:19:20,31308,1,3.09406622024,0.280078124628
2012-11-03 20:19:21,31309,1,3.37399553571,0.279929315476
2012-11-03 20:19:22,31310,1,3.65,0.276004464286
2012-11-03 20:19:23,31311,1,3.92332589435,0.273325894345
2012-11-03 20:19:24,31312,1,4.18420759747,0.260881703125
2012-11-03 20:19:25,31313,1,4.41915923735,0.234951639881
2012-11-03 20:19:26,31314,1,4.68670011756,0.267540880208
2012-11-03 20:19:27,31315,1,5.22328853125,0.53658841369
2012-11-03 20:19:28,31316,1,6.39263358929,1.16934505804
2012-11-03 20:19:29,31317,1,8.43935964211,2.04672605283
2012-11-03 20:19:30,31318,1,11.3062680893,2.86690844717
2012-11-03 20:19:31,31319,1,14.6888016168,3.38253352753
2012-11-03 20:19:32,31320,1,18.2092815781,3.52047996131
2012-11-03 20:19:33,31321,1,21.53470941,3.32542783185
2012-11-03 20:19:34,31322,1,24.3499251689,2.81521575893
2012-11-03 20:19:35,31323,1,26.2625739903,1.91264882143
2012-11-03 20:19:36,31324,1,26.8634668817,0.600892891369
2012-11-03 20:19:37,31325,1,25.9544639442,-0.9090029375
2012-11-03 20:19:38,31326,1,23.6523806629,-2.30208328125
2012-11-03 20:19:39,31327,1,20.2696426496,-3.38273801339
2012-11-03 20:19:40,31328,1,16.2050966157,-4.06454603385
2012-11-03 20:19:41,31329,1,11.9529761228,-4.25212049293
2012-11-03 20:19:42,31330,1,8.09546117113,-3.85751495164
2012-11-03 20:19:43,31331,1,5.20044615179,-2.89501501935
2012-11-03 20:19:44,31332,1,3.65264099814,-1.54780515365
2012-11-03 20:19:45,31333,1,3.47425560193,-0.178385396205
2012-11-03 20:19:46,31334,1,4.2847839974,0.810528395461
2012-11-03 20:19:47,31335,1,5.51956835863,1.23478436124
2012-11-03 20:19:48,31336,1,6.76473209524,1.24516373661
2012-11-03 20:19:49,31337,1,7.94002965402,1.17529755878
2012-11-03 20:19:50,31338,1,9.19036437984,1.25033472582
2012-11-03 20:19:51,31339,1,10.5524550729,1.36209069308
2012-11-03 20:19:52,31340,1,11.7001484405,1.14769336756
2012-11-03 20:19:53,31341,1,12.0652152798,0.365066839286
2012-11-03 20:19:54,31342,1,11.2510409985,-0.81417428125
2012-11-03 20:19:55,31343,1,9.36678981895,-1.88425117956
2012-11-03 20:19:56,31344,1,6.98960715203,-2.37718266691
2012-11-03 20:19:57,31345,1,4.80256597619,-2.18704117584
2012-11-03 20:19:58,31346,1,3.24330271131,-1.55926326488
2012-11-03 20:19:59,31347,1,2.39430740476,-0.848995306548
2012-11-03 20:20:00,31348,1,2.08102642336,-0.313280981399
2012-11-03 20:20:01,31349,1,2.05243041195,-0.0285960114087
2012-11-03 20:20:02,31350,1,2.09481641096,0.0423859990079
2012-11-03 20:20:03,31351,1,2.01848948437,-0.0763269265873
2012-11-03 20:20:04,31352,1,1.67232126711,-0.346168217262
2012-11-03 20:20:05,31353,1,1.10487335677,-0.567447910342
2012-11-03 20:20:06,31354,1,0.0,-1.10487335677
2012-11-03 20:21:36,31444,90,0.0,0.0
2012-11-03 20:21:37,31445,1,1.24278878131,1.24278878131
2012-11-03 20:21:38,31446,1,1.89103401749,0.648245236173
2012-11-03 20:21:39,31447,1,2.32691567094,0.43588165346
2012-11-03 20:21:40,31448,1,2.53716483891,0.210249167969
2012-11-03 20:21:41,31449,1,2.7401036942,0.202938855283
2012-11-03 20:21:42,31450,1,3.23813188802,0.498028193824
2012-11-03 20:21:43,31451,1,4.25671453218,1.01858264416
2012-11-03 20:21:44,31452,1,5.69825115662,1.44153662444
2012-11-03 20:21:45,31453,1,7.02248869141,1.32423753478
2012-11-03 20:21:46,31454,1,7.50985860379,0.487369912388
2012-11-03 20:21:47,31455,1,6.79685641574,-0.713002188058
2012-11-03 20:21:48,31456,1,5.2280878099,-1.56876860584
2012-11-03 20:21:49,31457,1,3.65572913244,-1.57235867746
2012-11-03 20:21:50,31458,1,2.8591516622,-0.796577470238
2012-11-03 20:21:51,31459,1,3.1277527619,0.268601099702
2012-11-03 20:21:52,31460,1,4.30215748065,1.17440471875
2012-11-03 20:21:53,31461,1,6.10729140997,1.80513392932
2012-11-03 20:21:54,31462,1,8.41577356101,2.30848215104
2012-11-03 20:21:55,31463,1,11.21562475,2.79985118899
2012-11-03 20:21:56,31464,1,14.3603420089,3.14471725893
2012-11-03 20:21:57,31465,1,17.4007437991,3.04040179018
2012-11-03 20:21:58,31466,1,19.7103420201,2.30959822098
2012-11-03 20:21:59,31467,1,20.7797616525,1.06941963244
2012-11-03 20:22:00,31468,1,20.4005949449,-0.379166707589
2012-11-03 20:22:01,31469,1,18.6485115655,-1.75208337946
2012-11-03 20:22:02,31470,1,15.7651782284,-2.88333333705
2012-11-03 20:22:03,31471,1,12.0747020908,-3.69047613765
2012-11-03 20:22:04,31472,1,8.03906229688,-4.0356397939
2012-11-03 20:22:05,31473,1,4.38675583333,-3.65230646354
2012-11-03 20:22:06,31474,1,0.0,-4.38675583333
2012-11-03 20:22:44,31512,38,0.0,0.0
2012-11-03 20:22:45,31513,1,3.0264132872,3.0264132872
2012-11-03 20:22:46,31514,1,5.60118988616,2.57477659896
2012-11-03 20:22:47,31515,1,8.36919571875,2.76800583259
2012-11-03 20:22:48,31516,1,10.5695676525,2.20037193378
2012-11-03 20:22:49,31517,1,11.8169633899,1.24739573735
2012-11-03 20:22:50,31518,1,12.1430794144,0.326116024553
2012-11-03 20:22:51,31519,1,11.8938979546,-0.249181459821
2012-11-03 20:22:52,31520,1,11.4594487738,-0.434449180804
2012-11-03 20:22:53,31521,1,11.0725442768,-0.386904497024
2012-11-03 20:22:54,31522,1,10.8945682686,-0.177976008185
2012-11-03 20:22:55,31523,1,11.2055802091,0.311011940476
2012-11-03 20:22:56,31524,1,12.3796128869,1.17403267783
2012-11-03 20:22:57,31525,1,14.6164431987,2.23683031176
2012-11-03 20:22:58,31526,1,17.6998509725,3.08340777381
2012-11-03 20:22:59,31527,1,21.037871907,3.33802093452
2012-11-03 20:23:00,31528,1,23.9936755707,2.95580366369
2012-11-03 20:23:01,31529,1,26.2555059271,2.2618303564
2012-11-03 20:23:02,31530,1,27.9151040179,1.65959809077
2012-11-03 20:23:03,31531,1,29.2255948899,1.31049087202
2012-11-03 20:23:04,31532,1,30.3508179241,1.12522303423
2012-11-03 20:23:05,31533,1,31.298139311,0.947321386905
2012-11-03 20:23:06,31534,1,31.9808031682,0.682663857143
2012-11-03 20:23:07,31535,1,32.3421129762,0.361309808036
2012-11-03 20:23:08,31536,1,32.4581846265,0.116071650298
2012-11-03 20:23:09,31537,1,32.5292412649,0.0710566383929
2012-11-03 20:23:10,31538,1,32.7808037738,0.251562508929
2012-11-03 20:23:11,31539,1,33.3285715818,0.547767808036
2012-11-03 20:23:12,31540,1,34.0719493951,0.743377813244
2012-11-03 20:23:13,31541,1,34.7433776257,0.671428230655
2012-11-03 20:23:14,31542,1,35.0854158594,0.342038233631
2012-11-03 20:23:15,31543,1,34.9736595193,-0.11175634003
2012-11-03 20:23:16,31544,1,34.4636890729,-0.509970446428
2012-11-03 20:23:17,31545,1,33.7854895885,-0.678199484375
2012-11-03 20:23:18,31546,1,33.2230639576,-0.562425630952
2012-11-03 20:23:19,31547,1,32.9445669234,-0.278497034226
2012-11-03 20:23:20,31548,1,32.877974721,-0.066592202381
2012-11-03 20:23:21,31549,1,32.6677814353,-0.210193285714
2012-11-03 20:23:22,31550,1,31.8193441525,-0.848437282738
2012-11-03 20:23:23,31551,1,29.9965020625,-1.82284209003
2012-11-03 20:23:24,31552,1,27.1977670655,-2.79873499702
2012-11-03 20:23:25,31553,1,23.6513014204,-3.54646564509
2012-11-03 20:23:26,31554,1,19.5998506838,-4.05145073661
2012-11-03 20:23:27,31555,1,15.2386157433,-4.36123494048
2012-11-03 20:23:28,31556,1,10.8072171109,-4.43139863244
2012-11-03 20:23:29,31557,1,6.68169639881,-4.12552071205
2012-11-03 20:23:30,31558,1,3.4020089375,-3.27968746131
2012-11-03 20:23:31,31559,1,0.0,-3.4020089375
2012-11-03 20:23:50,31578,19,0.0,0.0
2012-11-03 20:23:51,31579,1,3.25896563318,3.25896563318
2012-11-03 20:23:52,31580,1,6.22805037128,2.9690847381
2012-11-03 20:23:53,31581,1,9.78720209003,3.55915171875
2012-11-03 20:23:54,31582,1,13.3623508571,3.57514876711
2012-11-03 20:23:55,31583,1,16.5397317723,3.17738091518
2012-11-03 20:23:56,31584,1,19.0784965699,2.53876479762
2012-11-03 20:23:57,31585,1,20.8692702366,1.79077366667
2012-11-03 20:23:58,31586,1,21.788912971,0.919642734375
2012-11-03 20:23:59,31587,1,21.6609367664,-0.127976204613
2012-11-03 20:24:00,31588,1,20.4281243609,-1.23281240551
2012-11-03 20:24:01,31589,1,18.3327375967,-2.09538676414
2012-11-03 20:24:02,31590,1,15.9572912976,-2.37544629911
2012-11-03 20:24:03,31591,1,14.0798360275,-1.87745527009
2012-11-03 20:24:04,31592,1,13.3375741607,-0.742261866815
2012-11-03 20:24:05,31593,1,13.9023063058,0.564732145089
2012-11-03 20:24:06,31594,1,15.4412199844,1.53891367857
2012-11-03 20:24:07,31595,1,17.3485860588,1.9073660744
2012-11-03 20:24:08,31596,1,18.9827378854,1.63415182664
2012-11-03 20:24:09,31597,1,19.8094492455,0.826711360119
2012-11-03 20:24:10,31598,1,19.585565317,-0.223883928571
2012-11-03 20:24:11,31599,1,18.5102676488,-1.07529766815
2012-11-03 20:24:12,31600,1,17.1432289226,-1.36703872619
2012-11-03 20:24:13,31601,1,16.1796128445,-0.963616078125
2012-11-03 20:24:14,31602,1,16.1880205476,0.008407703125
2012-11-03 20:24:15,31603,1,17.3403269993,1.15230645164
2012-11-03 20:24:16,31604,1,19.3752227374,2.0348957381
2012-11-03 20:24:17,31605,1,21.82671084,2.45148810268
2012-11-03 20:24:18,31606,1,24.2227675171,2.39605667708
2012-11-03 20:24:19,31607,1,26.2094492098,1.98668169271
2012-11-03 20:24:20,31608,1,27.64389866,1.43444945015
2012-11-03 20:24:21,31609,1,28.5456843185,0.901785658482
2012-11-03 20:24:22,31610,1,28.9834818534,0.43779753497
2012-11-03 20:24:23,31611,1,29.0412198936,0.0577380401786
2012-11-03 20:24:24,31612,1,28.8121276302,-0.229092263393
2012-11-03 20:24:25,31613,1,28.3702377976,-0.441889832589
2012-11-03 20:24:26,31614,1,27.7481396659,-0.622098131697
2012-11-03 20:24:27,31615,1,26.9499254836,-0.798214182292
2012-11-03 20:24:28,31616,1,25.9997023527,-0.950223130952
2012-11-03 20:24:29,31617,1,24.9421874769,-1.05751487574
2012-11-03 20:24:30,31618,1,23.7429314405,-1.19925603646
2012-11-03 20:24:31,31619,1,22.211160465,-1.53177097545
2012-11-03 20:24:32,31620,1,20.0694192269,-2.1417412381
2012-11-03 20:24:33,31621,1,17.1359369375,-2.93348228943
2012-11-03 20:24:34,31622,1,13.5046868564,-3.6312500811
2012-11-03 20:24:35,31623,1,9.57574340699,-3.9289434494
2012-11-03 20:24:36,31624,1,5.89687445759,-3.6788689494
2012-11-03 20:24:37,31625,1,3.00535678423,-2.89151767336
2012-11-03 20:24:38,31626,1,0.0,-3.00535678423
2012-11-03 20:25:25,31673,47,0.0,0.0
2012-11-03 20:25:26,31674,1,2.59985103795,2.59985103795
2012-11-03 20:25:27,31675,1,4.87388360193,2.27403256399
2012-11-03 20:25:28,31676,1,7.45223163839,2.57834803646
2012-11-03 20:25:29,31677,1,9.97715713616,2.52492549777
2012-11-03 20:25:30,31678,1,12.5539428512,2.57678571503
2012-11-03 20:25:31,31679,1,15.4877226749,2.93377982366
2012-11-03 20:25:32,31680,1,18.7969489442,3.30922626935
2012-11-03 20:25:33,31681,1,21.9963537679,3.19940482366
2012-11-03 20:25:34,31682,1,24.4014876972,2.40513392932
2012-11-03 20:25:35,31683,1,25.6721721228,1.2706844256
2012-11-03 20:25:36,31684,1,26.0302820655,0.358109942708
2012-11-03 20:25:37,31685,1,25.9561747723,-0.0741072931548
2012-11-03 20:25:38,31686,1,25.7936747731,-0.162499999256
2012-11-03 20:25:39,31687,1,25.6747017388,-0.118973034226
2012-11-03 20:25:40,31688,1,25.6293895052,-0.045312233631
2012-11-03 20:25:41,31689,1,25.6340772381,0.0046877328869
2012-11-03 20:25:42,31690,1,25.6213541481,-0.0127230900297
2012-11-03 20:25:43,31691,1,25.5264880722,-0.0948660758929
2012-11-03 20:25:44,31692,1,25.3481397656,-0.178348306548
2012-11-03 20:25:45,31693,1,25.1602676458,-0.187872119792
2012-11-03 20:25:46,31694,1,25.0395086778,-0.120758968006
2012-11-03 20:25:47,31695,1,24.9753717716,-0.06413690625
2012-11-03 20:25:48,31696,1,24.8456842396,-0.129687531994
2012-11-03 20:25:49,31697,1,24.4307287917,-0.414955447917
2012-11-03 20:25:50,31698,1,23.4414429784,-0.989285813244
2012-11-03 20:25:51,31699,1,21.602826869,-1.83861610937
2012-11-03 20:25:52,31700,1,18.7749995305,-2.82782733854
2012-11-03 20:25:53,31701,1,15.0796127135,-3.69538681696
2012-11-03 20:25:54,31702,1,11.0187497068,-4.0608630067
2012-11-03 20:25:55,31703,1,7.44092241071,-3.57782729613
2012-11-03 20:25:56,31704,1,5.2450891756,-2.19583323512
2012-11-03 20:25:57,31705,1,4.99650294643,-0.248586229167
2012-11-03 20:25:58,31706,1,6.70714282589,1.71063987946
2012-11-03 20:25:59,31707,1,9.89248500074,3.18534217485
2012-11-03 20:26:00,31708,1,13.8341515677,3.94166656696
2012-11-03 20:26:01,31709,1,17.81867534,3.98452377232
2012-11-03 20:26:02,31710,1,21.2073658564,3.38869051637
2012-11-03 20:26:03,31711,1,23.442187346,2.23482148958
2012-11-03 20:26:04,31712,1,24.1313986533,0.689211307292
2012-11-03 20:26:05,31713,1,23.1799104621,-0.95148819122
2012-11-03 20:26:06,31714,1,20.8475442626,-2.3323661994
2012-11-03 20:26:07,31715,1,17.6980650357,-3.14947922693
2012-11-03 20:26:08,31716,1,14.4618299717,-3.23623506399
2012-11-03 20:26:09,31717,1,11.8716515357,-2.59017843601
2012-11-03 20:26:10,31718,1,10.5320683363,-1.3395831994
2012-11-03 20:26:11,31719,1,10.7953124353,0.263244098958
2012-11-03 20:26:12,31720,1,12.6259671443,1.83065470908
2012-11-03 20:26:13,31721,1,15.544345032,2.91837788765
2012-11-03 20:26:14,31722,1,18.7496277269,3.20528269494
2012-11-03 20:26:15,31723,1,21.4301336763,2.6805059494
2012-11-03 20:26:16,31724,1,23.110862811,1.68072913467
2012-11-03 20:26:17,31725,1,23.7963537932,0.685490982143
2012-11-03 20:26:18,31726,1,23.8132435804,0.0168897872023
2012-11-03 20:26:19,31727,1,23.5029012798,-0.310342300595
2012-11-03 20:26:20,31728,1,23.0042405744,-0.498660705357
2012-11-03 20:26:21,31729,1,22.2611602202,-0.743080354167
2012-11-03 20:26:22,31730,1,21.1953863661,-1.06577385417
2012-11-03 20:26:23,31731,1,19.8608624687,-1.33452389732
2012-11-03 20:26:24,31732,1,18.4640617872,-1.39680068155
2012-11-03 20:26:25,31733,1,17.3008176912,-1.16324409598
2012-11-03 20:26:26,31734,1,16.6886897135,-0.612127977679
2012-11-03 20:26:27,31735,1,16.8889129799,0.200223266369
2012-11-03 20:26:28,31736,1,18.0212791376,1.13236615774
2012-11-03 20:26:29,31737,1,20.0127226436,1.99144350595
2012-11-03 20:26:30,31738,1,22.5854160811,2.5726934375
2012-11-03 20:26:31,31739,1,25.3135410424,2.72812496131
2012-11-03 20:26:32,31740,1,27.7807285357,2.4671874933
2012-11-03 20:26:33,31741,1,29.7362345223,1.95550598661
2012-11-03 20:26:34,31742,1,31.1345976734,1.39836315104
2012-11-03 20:26:35,31743,1,32.0762644092,0.941666735863
2012-11-03 20:26:36,31744,1,32.6724698624,0.596205453125
2012-11-03 20:26:37,31745,1,32.8576634435,0.185193581101
2012-11-03 20:26:38,31746,1,32.3072171496,-0.550446293899
2012-11-03 20:26:39,31747,1,30.5850594993,-1.7221576503
2012-11-03 20:26:40,31748,1,27.4014731845,-3.18358631473
2012-11-03 20:26:41,31749,1,22.8308778579,-4.57059532664
2012-11-03 20:26:42,31750,1,17.4501783519,-5.38069950595
2012-11-03 20:26:43,31751,1,12.2344491429,-5.21572920908
2012-11-03 20:26:44,31752,1,8.10879442336,-4.12565471949
2012-11-03 20:26:45,31753,1,5.4949998817,-2.61379454167
2012-11-03 20:26:46,31754,1,4.25168151637,-1.24331836533
2012-11-03 20:26:47,31755,1,3.97540175446,-0.276279761905
2012-11-03 20:26:48,31756,1,4.32211297842,0.346711223958
2012-11-03 20:26:49,31757,1,5.07885395387,0.756740975446
2012-11-03 20:26:50,31758,1,6.05230629167,0.973452337798
2012-11-03 20:26:51,31759,1,7.05793129762,1.00562500595
2012-11-03 20:26:52,31760,1,8.09308011161,1.03514881399
2012-11-03 20:26:53,31761,1,9.39398780432,1.30090769271
2012-11-03 20:26:54,31762,1,11.115237721,1.72124991667
2012-11-03 20:26:55,31763,1,12.9349698155,1.81973209449
2012-11-03 20:26:56,31764,1,14.0933775677,1.15840775223
2012-11-03 20:26:57,31765,1,13.8831097128,-0.210267854911
2012-11-03 20:26:58,31766,1,12.1768596228,-1.70625009003
2012-11-03 20:26:59,31767,1,9.5507433817,-2.62611624107
2012-11-03 20:27:00,31768,1,6.90498430208,-2.64575907961
2012-11-03 20:27:01,31769,1,4.94464200595,-1.96034229613
2012-11-03 20:27:02,31770,1,3.89955280878,-1.04508919717
2012-11-03 20:27:03,31771,1,3.5345231756,-0.365029633185
2012-11-03 20:27:04,31772,1,3.33779708557,-0.19672609003
2012-11-03 20:27:05,31773,1,2.82440431696,-0.513392768601
2012-11-03 20:27:06,31774,1,1.90751456399,-0.916889752976
2012-11-03 20:27:07,31775,1,0.0,-1.90751456399
2012-11-03 20:27:32,31800,25,0.0,0.0
2012-11-03 20:27:33,31801,1,1.38720222173,1.38720222173
2012-11-03 20:27:34,31802,1,2.03883896875,0.651636747024
2012-11-03 20:27:35,31803,1,2.14032696875,0.101488
2012-11-03 20:27:36,31804,1,1.59546095908,-0.544866009673
2012-11-03 20:27:37,31805,1,0.0,-1.59546095908
2012-11-03 21:48:41,36669,4864,0.0,0.0
2012-11-03 21:48:42,36670,1,3.05141349479,3.05141349479
2012-11-03 21:48:43,36671,1,5.71629435491,2.66488086012
2012-11-03 21:48:44,36672,1,8.5745532433,2.85825888839
2012-11-03 21:48:45,36673,1,10.799106811,2.22455356771
2012-11-03 21:48:46,36674,1,11.8258925171,1.0267857061
2012-11-03 21:48:47,36675,1,11.5360115737,-0.289880943452
2012-11-03 21:48:48,36676,1,10.3444937626,-1.19151781101
2012-11-03 21:48:49,36677,1,9.0451634442,-1.29933031845
2012-11-03 21:48:50,36678,1,8.47864556101,-0.566517883185
2012-11-03 21:48:51,36679,1,9.21874962574,0.740104064732
2012-11-03 21:48:52,36680,1,11.3691959226,2.15044629687
2012-11-03 21:48:53,36681,1,14.5702375067,3.20104158408
2012-11-03 21:48:54,36682,1,18.25044584,3.68020833333
2012-11-03 21:48:55,36683,1,21.9103416897,3.6598958497
2012-11-03 21:48:56,36684,1,25.2146571086,3.3043154189
2012-11-03 21:48:57,36685,1,27.962201622,2.74754451339
2012-11-03 21:48:58,36686,1,30.082141997,2.119940375
2012-11-03 21:48:59,36687,1,31.6204604955,1.53831849851
2012-11-03 21:49:00,36688,1,32.6760410744,1.05558057887
2012-11-03 21:49:01,36689,1,33.3560264621,0.679985387649
2012-11-03 21:49:02,36690,1,33.7718004085,0.415773946429
2012-11-03 21:49:03,36691,1,34.0317706205,0.259970212054
2012-11-03 21:49:04,36692,1,34.2144342746,0.182663654018
2012-11-03 21:49:05,36693,1,34.3508183237,0.136384049107
2012-11-03 21:49:06,36694,1,34.4374257098,0.0866073861607
2012-11-03 21:49:07,36695,1,34.4463543884,0.0089286785715
2012-11-03 21:49:08,36696,1,34.3252976019,-0.121056786458
2012-11-03 21:49:09,36697,1,34.0113834234,-0.313914178571
2012-11-03 21:49:10,36698,1,33.4360109844,-0.575372438988
2012-11-03 21:49:11,36699,1,32.5433769621,-0.892634022321
2012-11-03 21:49:12,36700,1,31.3247015655,-1.21867539658
2012-11-03 21:49:13,36701,1,29.7302077887,-1.59449377679
2012-11-03 21:49:14,36702,1,27.5243299978,-2.20587779092
2012-11-03 21:49:15,36703,1,24.4002229472,-3.1241070506
2012-11-03 21:49:16,36704,1,20.358109881,-4.04211306622
2012-11-03 21:49:17,36705,1,15.995609843,-4.36250003795
2012-11-03 21:49:18,36706,1,12.4194192693,-3.57619057366
2012-11-03 21:49:19,36707,1,10.717187026,-1.7022322433
2012-11-03 21:49:20,36708,1,11.3126482976,0.595461271577
2012-11-03 21:49:21,36709,1,13.7613834591,2.44873516146
2012-11-03 21:49:22,36710,1,17.1253716421,3.36398818304
2012-11-03 21:49:23,36711,1,20.5239580402,3.39858639807
2012-11-03 21:49:24,36712,1,23.4592259821,2.93526794196
2012-11-03 21:49:25,36713,1,25.8051338185,2.34590783631
2012-11-03 21:49:26,36714,1,27.5895088988,1.78437508036
2012-11-03 21:49:27,36715,1,28.8124999688,1.22299106994
2012-11-03 21:49:28,36716,1,29.4560266674,0.643526698661
2012-11-03 21:49:29,36717,1,29.6083331138,0.152306446429
2012-11-03 21:49:30,36718,1,29.5139134301,-0.0944196837798
2012-11-03 21:49:31,36719,1,29.4764878839,-0.0374255461309
2012-11-03 21:49:32,36720,1,29.6919641815,0.215476297619
2012-11-03 21:49:33,36721,1,30.1459076875,0.453943505952
2012-11-03 21:49:34,36722,1,30.6824402894,0.536532601934
2012-11-03 21:49:35,36723,1,31.1768595923,0.494419302827
2012-11-03 21:49:36,36724,1,31.6212788557,0.444419263393
2012-11-03 21:49:37,36725,1,32.0614572083,0.440178352679
2012-11-03 21:49:38,36726,1,32.4924840089,0.431026800595
2012-11-03 21:49:39,36727,1,32.8462788177,0.35379480878
2012-11-03 21:49:40,36728,1,33.0662938661,0.220015048363
2012-11-03 21:49:41,36729,1,33.1407731376,0.0744792715774
2012-11-03 21:49:42,36730,1,33.0772315632,-0.0635415744048
2012-11-03 21:49:43,36731,1,32.8931542798,-0.184077283482
2012-11-03 21:49:44,36732,1,32.6187495751,-0.274404704613
2012-11-03 21:49:45,36733,1,32.2931543512,-0.325595223958
2012-11-03 21:49:46,36734,1,31.9356394963,-0.357514854911
2012-11-03 21:49:47,36735,1,31.4697169695,-0.465922526786
2012-11-03 21:49:48,36736,1,30.6822171109,-0.787499858631
2012-11-03 21:49:49,36737,1,29.2940475536,-1.38816955729
2012-11-03 21:49:50,36738,1,27.0560266749,-2.23802087872
2012-11-03 21:49:51,36739,1,23.801413442,-3.25461323289
2012-11-03 21:49:52,36740,1,19.5856394955,-4.21577394643
2012-11-03 21:49:53,36741,1,14.926115631,-4.65952386458
2012-11-03 21:49:54,36742,1,10.816963907,-4.10915172396
2012-11-03 21:49:55,36743,1,8.33653249405,-2.48043141295
2012-11-03 21:49:56,36744,1,8.08854152307,-0.247990970982
2012-11-03 21:49:57,36745,1,9.8682289881,1.77968746503
2012-11-03 21:49:58,36746,1,12.8569192731,2.98869028497
2012-11-03 21:49:59,36747,1,16.2205350841,3.36361581101
2012-11-03 21:50:00,36748,1,19.5422610804,3.32172599628
2012-11-03 21:50:01,36749,1,22.761159846,3.21889876562
2012-11-03 21:50:02,36750,1,25.8677819769,3.10662213095
2012-11-03 21:50:03,36751,1,28.7534220603,2.88564008333
2012-11-03 21:50:04,36752,1,31.2850442902,2.53162222991
2012-11-03 21:50:05,36753,1,33.4151783504,2.13013406027
2012-11-03 21:50:06,36754,1,35.2062498006,1.79107145015
2012-11-03 21:50:07,36755,1,36.7526038646,1.54635406399
2012-11-03 21:50:08,36756,1,38.0811751205,1.32857125595
2012-11-03 21:50:09,36757,1,39.1696422552,1.08846713467
2012-11-03 21:50:10,36758,1,40.0186749665,0.84903271131
2012-11-03 21:50:11,36759,1,40.6675589628,0.64888399628
2012-11-03 21:50:12,36760,1,41.1970977671,0.529538804316
2012-11-03 21:50:13,36761,1,41.7014132872,0.504315520089
2012-11-03 21:50:14,36762,1,42.2281245283,0.526711241071
2012-11-03 21:50:15,36763,1,42.7713536183,0.54322909003
2012-11-03 21:50:16,36764,1,43.2912197135,0.519866095238
2012-11-03 21:50:17,36765,1,43.7607883281,0.469568614583
2012-11-03 21:50:18,36766,1,44.2397320379,0.478943709821
2012-11-03 21:50:19,36767,1,44.8151787061,0.575446668155
2012-11-03 21:50:20,36768,1,45.4572919353,0.642113229167
2012-11-03 21:50:21,36769,1,46.0323663519,0.575074416667
2012-11-03 21:50:22,36770,1,46.4272323504,0.394865998512
2012-11-03 21:50:23,36771,1,46.6164435729,0.18921122247
2012-11-03 21:50:24,36772,1,46.661904846,0.0454612730654
2012-11-03 21:50:25,36773,1,46.6356400097,-0.0262648363095
2012-11-03 21:50:26,36774,1,46.5278275707,-0.107812438988
2012-11-03 21:50:27,36775,1,46.2748512961,-0.252976274554
2012-11-03 21:50:28,36776,1,45.8229908943,-0.451860401786
2012-11-03 21:50:29,36777,1,45.105282253,-0.717708641369
2012-11-03 21:50:30,36778,1,44.0293148899,-1.0759673631
2012-11-03 21:50:31,36779,1,42.5459073438,-1.48340754613
2012-11-03 21:50:32,36780,1,40.7317707746,-1.8141365692
2012-11-03 21:50:33,36781,1,38.8029019092,-1.92886886533
2012-11-03 21:50:34,36782,1,36.9927827292,-1.81011918006
2012-11-03 21:50:35,36783,1,35.3625740737,-1.63020865551
2012-11-03 21:50:36,36784,1,33.7333327277,-1.62924134598
2012-11-03 21:50:37,36785,1,31.8127969159,-1.92053581176
2012-11-03 21:50:38,36786,1,29.4058029278,-2.4069939881
2012-11-03 21:50:39,36787,1,26.5423357946,-2.86346713318
2012-11-03 21:50:40,36788,1,23.4254460521,-3.11688974256
2012-11-03 21:50:41,36789,1,20.2556545253,-3.16979152679
2012-11-03 21:50:42,36790,1,17.1070683393,-3.14858618601
2012-11-03 21:50:43,36791,1,13.9620535067,-3.14501483259
2012-11-03 21:50:44,36792,1,10.8169641667,-3.14508934003
2012-11-03 21:50:45,36793,1,7.73422597842,-3.08273818824
2012-11-03 21:50:46,36794,1,4.87343725149,-2.86078872693
2012-11-03 21:50:47,36795,1,2.58497003646,-2.28846721503
2012-11-03 21:50:48,36796,1,0.0,-2.58497003646
2012-11-03 21:51:09,36817,21,0.0,0.0
2012-11-03 21:51:10,36818,1,4.8748508192,4.8748508192
2012-11-03 21:51:11,36819,1,8.87425532292,3.99940450372
2012-11-03 21:51:12,36820,1,13.266144974,4.39188965104
2012-11-03 21:51:13,36821,1,17.3924841295,4.12633915551
2012-11-03 21:51:14,36822,1,21.0305049643,3.63802083482
2012-11-03 21:51:15,36823,1,24.1911449799,3.16064001562
2012-11-03 21:51:16,36824,1,26.8764130625,2.68526808259
2012-11-03 21:51:17,36825,1,29.0165174539,2.14010439137
2012-11-03 21:51:18,36826,1,30.5475443765,1.53102692262
2012-11-03 21:51:19,36827,1,31.4985860699,0.951041693452
2012-11-03 21:51:20,36828,1,32.0571425707,0.558556500744
2012-11-03 21:51:21,36829,1,32.5316960841,0.474553513393
2012-11-03 21:51:22,36830,1,33.1629460826,0.631249998512
2012-11-03 21:51:23,36831,1,33.9431545149,0.780208432292
2012-11-03 21:51:24,36832,1,34.6098213527,0.666666837798
2012-11-03 21:51:25,36833,1,34.8386905119,0.228869159226
2012-11-03 21:51:26,36834,1,34.5104910119,-0.3281995
2012-11-03 21:51:27,36835,1,33.8087794137,-0.701711598214
2012-11-03 21:51:28,36836,1,33.0732880729,-0.735491340774
2012-11-03 21:51:29,36837,1,32.5994785357,-0.473809537202
2012-11-03 21:51:30,36838,1,32.5279014382,-0.0715770974702
2012-11-03 21:51:31,36839,1,32.7998512217,0.271949783482
2012-11-03 21:51:32,36840,1,33.185640122,0.385788900298
2012-11-03 21:51:33,36841,1,33.4441965893,0.258556467262
2012-11-03 21:51:34,36842,1,33.5227677388,0.0785711495536
2012-11-03 21:51:35,36843,1,33.594419279,0.0716515401786
2012-11-03 21:51:36,36844,1,33.8991811421,0.304761863095
2012-11-03 21:51:37,36845,1,34.5533479449,0.654166802827
2012-11-03 21:51:38,36846,1,35.4857886049,0.93244065997
2012-11-03 21:51:39,36847,1,36.5250744568,1.03928585193
2012-11-03 21:51:40,36848,1,37.5281995484,1.00312509152
2012-11-03 21:51:41,36849,1,38.4313246384,0.90312509003
2012-11-03 21:51:42,36850,1,39.221056811,0.789732172619
2012-11-03 21:51:43,36851,1,39.900744122,0.679687311012
2012-11-03 21:51:44,36852,1,40.4665174829,0.565773360863
2012-11-03 21:51:45,36853,1,40.8775288616,0.41101137872
2012-11-03 21:51:46,36854,1,41.0758916302,0.198362768601
2012-11-03 21:51:47,36855,1,41.0539422396,-0.021949390625
2012-11-03 21:51:48,36856,1,40.8581835439,-0.195758695685
2012-11-03 21:51:49,36857,1,40.5320676949,-0.326115848958
2012-11-03 21:51:50,36858,1,40.0890618698,-0.443005825149
2012-11-03 21:51:51,36859,1,39.5248506875,-0.564211182292
2012-11-03 21:51:52,36860,1,38.8581098601,-0.666740827381
2012-11-03 21:51:53,36861,1,38.17068459,-0.687425270089
2012-11-03 21:51:54,36862,1,37.5596729159,-0.611011674107
2012-11-03 21:51:55,36863,1,37.0174110298,-0.542261886161
2012-11-03 21:51:56,36864,1,36.3979912225,-0.619419807292
2012-11-03 21:51:57,36865,1,35.5341516994,-0.863839523065
2012-11-03 21:51:58,36866,1,34.3525294881,-1.18162221131
2012-11-03 21:51:59,36867,1,32.8487347708,-1.50379471726
2012-11-03 21:52:00,36868,1,30.9900294479,-1.85870532292
2012-11-03 21:52:01,36869,1,28.6784968192,-2.31153262872
2012-11-03 21:52:02,36870,1,25.8331100089,-2.84538681027
2012-11-03 21:52:03,36871,1,22.5253272583,-3.3077827506
2012-11-03 21:52:04,36872,1,18.9706545538,-3.55467270454
2012-11-03 21:52:05,36873,1,15.3672616481,-3.60339290573
2012-11-03 21:52:06,36874,1,11.8680652551,-3.49919639293
2012-11-03 21:52:07,36875,1,8.71666652679,-3.15139872835
2012-11-03 21:52:08,36876,1,6.2471576506,-2.46950887619
2012-11-03 21:52:09,36877,1,4.69049096101,-1.55666668958
2012-11-03 21:52:10,36878,1,3.99733611615,-0.693154844866
2012-11-03 21:52:11,36879,1,3.84781220372,-0.149523912426
2012-11-03 21:52:12,36880,1,3.87599662478,0.0281844210566
2012-11-03 21:52:13,36881,1,3.88124949851,0.00525287373511
2012-11-03 21:52:14,36882,1,3.81254403519,-0.0687054633185
2012-11-03 21:52:15,36883,1,3.74087726949,-0.0716667656994
2012-11-03 21:52:16,36884,1,3.98368971049,0.242812440997
2012-11-03 21:52:17,36885,1,5.01486530461,1.03117559412
2012-11-03 21:52:18,36886,1,7.02337724301,2.00851193839
2012-11-03 21:52:19,36887,1,9.64776716295,2.62438991994
2012-11-03 21:52:20,36888,1,12.2236749368,2.57590777388
2012-11-03 21:52:21,36889,1,14.3028267589,2.0791518221
2012-11-03 21:52:22,36890,1,16.0058327468,1.70300598787
2012-11-03 21:52:23,36891,1,17.8565172833,1.85068453653
2012-11-03 21:52:24,36892,1,20.2604904799,2.40397319658
2012-11-03 21:52:25,36893,1,23.2141363088,2.95364582887
2012-11-03 21:52:26,36894,1,26.3941958929,3.18005958408
2012-11-03 21:52:27,36895,1,29.3270829226,2.93288702976
2012-11-03 21:52:28,36896,1,31.5670383899,2.23995546726
2012-11-03 21:52:29,36897,1,32.9543895484,1.38735115848
2012-11-03 21:52:30,36898,1,33.7703119308,0.81592238244
2012-11-03 21:52:31,36899,1,34.5668145283,0.79650259747
2012-11-03 21:52:32,36900,1,35.7666653452,1.19985081696
2012-11-03 21:52:33,36901,1,37.364805006,1.59813966071
2012-11-03 21:52:34,36902,1,38.9838525967,1.61904759077
2012-11-03 21:52:35,36903,1,40.2175580476,1.23370545089
2012-11-03 21:52:36,36904,1,40.939954026,0.722395978423
2012-11-03 21:52:37,36905,1,41.3349690387,0.395015012649
2012-11-03 21:52:38,36906,1,41.6904006295,0.355431590774
2012-11-03 21:52:39,36907,1,42.1778261741,0.487425544643
2012-11-03 21:52:40,36908,1,42.767483849,0.589657674851
2012-11-03 21:52:41,36909,1,43.2822160141,0.514732165179
2012-11-03 21:52:42,36910,1,43.5369036979,0.25468768378
2012-11-03 21:52:43,36911,1,43.4634665469,-0.0734371510417
2012-11-03 21:52:44,36912,1,43.1320681443,-0.33139840253
2012-11-03 21:52:45,36913,1,42.6866815484,-0.445386595982
2012-11-03 21:52:46,36914,1,42.2674107969,-0.419270751488
2012-11-03 21:52:47,36915,1,41.9627975201,-0.304613276786
2012-11-03 21:52:48,36916,1,41.7664430595,-0.196354460566
2012-11-03 21:52:49,36917,1,41.549850651,-0.216592408482
2012-11-03 21:52:50,36918,1,41.1706096823,-0.37924096875
2012-11-03 21:52:51,36919,1,40.6495533653,-0.521056316964
2012-11-03 21:52:52,36920,1,40.178869032,-0.470684333333
2012-11-03 21:52:53,36921,1,39.9619792039,-0.216889828125
2012-11-03 21:52:54,36922,1,40.0537201689,0.0917409650298
2012-11-03 21:52:55,36923,1,40.3182288624,0.264508693452
2012-11-03 21:52:56,36924,1,40.5575886912,0.239359828869
2012-11-03 21:52:57,36925,1,40.6732878594,0.115699168155
2012-11-03 21:52:58,36926,1,40.6619782329,-0.0113096264881
2012-11-03 21:52:59,36927,1,40.5052818363,-0.156696396577
2012-11-03 21:53:00,36928,1,40.1481390915,-0.357142744792
2012-11-03 21:53:01,36929,1,39.5789427939,-0.569196297619
2012-11-03 21:53:02,36930,1,38.8648059829,-0.714136811012
2012-11-03 21:53:03,36931,1,38.0888386979,-0.77596728497
2012-11-03 21:53:04,36932,1,37.2895825484,-0.799256149554
2012-11-03 21:53:05,36933,1,36.4907727418,-0.798809806548
2012-11-03 21:53:06,36934,1,35.7872011406,-0.70357160119
2012-11-03 21:53:07,36935,1,35.3560255967,-0.431175543899
2012-11-03 21:53:08,36936,1,35.3415912783,-0.0144343184524
2012-11-03 21:53:09,36937,1,35.7517105186,0.410119240327
2012-11-03 21:53:10,36938,1,36.4826630298,0.730952511161
2012-11-03 21:53:11,36939,1,37.4098209271,0.927157897321
2012-11-03 21:53:12,36940,1,38.4438985,1.03407757292
2012-11-03 21:53:13,36941,1,39.524553381,1.08065488095
2012-11-03 21:53:14,36942,1,40.587499817,1.06294643601
2012-11-03 21:53:15,36943,1,41.5608628244,0.97336300744
2012-11-03 21:53:16,36944,1,42.3906245714,0.829761747024
2012-11-03 21:53:17,36945,1,43.0658476272,0.675223055803
2012-11-03 21:53:18,36946,1,43.6127225253,0.546874898065
2012-11-03 21:53:19,36947,1,44.0355647664,0.422842241071
2012-11-03 21:53:20,36948,1,44.2787940454,0.243229279018
2012-11-03 21:53:21,36949,1,44.2766365766,-0.00215746875
2012-11-03 21:53:22,36950,1,44.0298362969,-0.246800279762
2012-11-03 21:53:23,36951,1,43.6485864554,-0.381249841518
2012-11-03 21:53:24,36952,1,43.3110863207,-0.337500134673
2012-11-03 21:53:25,36953,1,43.1154013884,-0.195684932292
2012-11-03 21:53:26,36954,1,42.9920377626,-0.123363625744
2012-11-03 21:53:27,36955,1,42.8118289993,-0.180208763393
2012-11-03 21:53:28,36956,1,42.5290907448,-0.282738254464
2012-11-03 21:53:29,36957,1,42.1987337374,-0.330357007441
2012-11-03 21:53:30,36958,1,41.9100436138,-0.288690123512
2012-11-03 21:53:31,36959,1,41.7059517872,-0.204091826637
2012-11-03 21:53:32,36960,1,41.5496277188,-0.156324068452
2012-11-03 21:53:33,36961,1,41.3861605528,-0.163467165923
2012-11-03 21:53:34,36962,1,41.2143598073,-0.171800745536
2012-11-03 21:53:35,36963,1,41.0630946808,-0.151265126488
2012-11-03 21:53:36,36964,1,40.9296868199,-0.133407860863
2012-11-03 21:53:37,36965,1,40.7800589278,-0.149627892113
2012-11-03 21:53:38,36966,1,40.5779757418,-0.202083186012
2012-11-03 21:53:39,36967,1,40.3014132552,-0.276562486607
2012-11-03 21:53:40,36968,1,39.9540172716,-0.347395983631
2012-11-03 21:53:41,36969,1,39.5153266198,-0.438690651786
2012-11-03 21:53:42,36970,1,38.8681539457,-0.647172674107
2012-11-03 21:53:43,36971,1,37.8561004643,-1.0120534814
2012-11-03 21:53:44,36972,1,36.4194934658,-1.43660699851
2012-11-03 21:53:45,36973,1,34.6272316823,-1.79226178348
2012-11-03 21:53:46,36974,1,32.5682288088,-2.05900287351
2012-11-03 21:53:47,36975,1,30.2168896027,-2.3513392061
2012-11-03 21:53:48,36976,1,27.4439729345,-2.77291666815
2012-11-03 21:53:49,36977,1,24.2044639122,-3.23950902232
2012-11-03 21:53:50,36978,1,20.6846721488,-3.51979176339
2012-11-03 21:53:51,36979,1,17.2022812743,-3.4823908745
2012-11-03 21:53:52,36980,1,13.9638637071,-3.23841756721
2012-11-03 21:53:53,36981,1,10.9831098333,-2.98075387376
2012-11-03 21:53:54,36982,1,8.2501237557,-2.73298607763
2012-11-03 21:53:55,36983,1,5.90627455084,-2.34384920486
2012-11-03 21:53:56,36984,1,4.1874997872,-1.71877476364
2012-11-03 21:53:57,36985,1,3.19937983681,-0.988119950397
2012-11-03 21:53:58,36986,1,2.7798610754,-0.419518761409
2012-11-03 21:53:59,36987,1,2.63497024256,-0.144890832837
2012-11-03 21:54:00,36988,1,2.69290675273,0.0579365101686
2012-11-03 21:54:01,36989,1,3.31460813641,0.621701383681
2012-11-03 21:54:02,36990,1,5.02678571429,1.71217757788
2012-11-03 21:54:03,36991,1,8.02155258085,2.99476686657
2012-11-03 21:54:04,36992,1,11.9575396892,3.93598710838
2012-11-03 21:54:05,36993,1,16.1767857173,4.21924602803
2012-11-03 21:54:06,36994,1,20.104960275,3.92817455779
2012-11-03 21:54:07,36995,1,23.5358877674,3.43092749231
2012-11-03 21:54:08,36996,1,26.5585563638,3.02266859648
2012-11-03 21:54:09,36997,1,29.2927826094,2.73422624554
2012-11-03 21:54:10,36998,1,31.7969494144,2.50416680506
2012-11-03 21:54:11,36999,1,34.1031251019,2.3061756875
2012-11-03 21:54:12,37000,1,36.1787946763,2.0756695744
2012-11-03 21:54:13,37001,1,37.9092260171,1.73043134077
2012-11-03 21:54:14,37002,1,39.2139132999,1.30468728274
2012-11-03 21:54:15,37003,1,40.1709072321,0.956993932292
2012-11-03 21:54:16,37004,1,40.9898804643,0.818973232143
2012-11-03 21:54:17,37005,1,41.8380204219,0.848139957589
2012-11-03 21:54:18,37006,1,42.6732883132,0.835267891369
2012-11-03 21:54:19,37007,1,43.2796127121,0.60632439881
2012-11-03 21:54:20,37008,1,43.5171127247,0.237500012649
2012-11-03 21:54:21,37009,1,43.5061752835,-0.0109374412203
2012-11-03 21:54:22,37010,1,43.513690282,0.0075149985119
2012-11-03 21:54:23,37011,1,43.7050594635,0.191369181548
2012-11-03 21:54:24,37012,1,44.0616815238,0.356622060268
2012-11-03 21:54:25,37013,1,44.4989581823,0.437276658482
2012-11-03 21:54:26,37014,1,44.9831841421,0.484225959821
2012-11-03 21:54:27,37015,1,45.4941214568,0.510937314732
2012-11-03 21:54:28,37016,1,45.9205351332,0.426413676339
2012-11-03 21:54:29,37017,1,46.0749995759,0.154464442708
2012-11-03 21:54:30,37018,1,45.8251486138,-0.249850962054
2012-11-03 21:54:31,37019,1,45.1827380744,-0.642410539435
2012-11-03 21:54:32,37020,1,44.2701636868,-0.912574387649
2012-11-03 21:54:33,37021,1,43.2063242552,-1.06383943155
2012-11-03 21:54:34,37022,1,42.0101186741,-1.1962055811
2012-11-03 21:54:35,37023,1,40.5851928519,-1.42492582217
2012-11-03 21:54:36,37024,1,38.7273057984,-1.85788705357
2012-11-03 21:54:37,37025,1,36.1481391503,-2.57916664807
2012-11-03 21:54:38,37026,1,32.6386899167,-3.50944923363
2012-11-03 21:54:39,37027,1,28.26607109,-4.37261882664
2012-11-03 21:54:40,37028,1,23.3652528289,-4.90081826116
2012-11-03 21:54:41,37029,1,18.4302827113,-4.93497011756
2012-11-03 21:54:42,37030,1,14.054166686,-4.3761160253
2012-11-03 21:54:43,37031,1,10.8076637113,-3.2465029747
2012-11-03 21:54:44,37032,1,9.0625743817,-1.74508932961
2012-11-03 21:54:45,37033,1,8.87031234524,-0.192262036458
2012-11-03 21:54:46,37034,1,9.91674069643,1.04642835119
2012-11-03 21:54:47,37035,1,11.6420380885,1.72529739211
2012-11-03 21:54:48,37036,1,13.5033474829,1.86130939435
2012-11-03 21:54:49,37037,1,15.1354159464,1.63206846354
2012-11-03 21:54:50,37038,1,16.338987468,1.20357152158
2012-11-03 21:54:51,37039,1,17.007365497,0.668378029018
2012-11-03 21:54:52,37040,1,17.0478416347,0.0404761376488
2012-11-03 21:54:53,37041,1,16.3834070193,-0.664434615327
2012-11-03 21:54:54,37042,1,15.0734367753,-1.30997024405
2012-11-03 21:54:55,37043,1,13.4108624993,-1.66257427604
2012-11-03 21:54:56,37044,1,11.8564728103,-1.55438968899
2012-11-03 21:54:57,37045,1,10.8264878199,-1.02998499033
2012-11-03 21:54:58,37046,1,10.4643598378,-0.362127982143
2012-11-03 21:54:59,37047,1,10.5656246272,0.101264789435
2012-11-03 21:55:00,37048,1,10.7386900506,0.173065423363
2012-11-03 21:55:01,37049,1,10.6791662939,-0.0595237566964
2012-11-03 21:55:02,37050,1,10.331324125,-0.347842168899
2012-11-03 21:55:03,37051,1,9.86369020759,-0.467633917411
2012-11-03 21:55:04,37052,1,9.53474662426,-0.328943583333
2012-11-03 21:55:05,37053,1,9.50557972545,-0.0291668988095
2012-11-03 21:55:06,37054,1,9.71577295833,0.210193232887
2012-11-03 21:55:07,37055,1,9.9773055997,0.261532641369
2012-11-03 21:55:08,37056,1,10.1983621949,0.221056595238
2012-11-03 21:55:09,37057,1,10.4782730454,0.279910850446
2012-11-03 21:55:10,37058,1,11.0074398847,0.529166839286
2012-11-03 21:55:11,37059,1,11.9035710186,0.896131133929
2012-11-03 21:55:12,37060,1,13.0891366607,1.18556564211
2012-11-03 21:55:13,37061,1,14.2906992939,1.20156263318
2012-11-03 21:55:14,37062,1,15.1961309315,0.905431637649
2012-11-03 21:55:15,37063,1,15.5982142976,0.402083366071
2012-11-03 21:55:16,37064,1,15.356770811,-0.241443486607
2012-11-03 21:55:17,37065,1,14.3238094048,-1.03296140625
2012-11-03 21:55:18,37066,1,12.4031991481,-1.9206102567
2012-11-03 21:55:19,37067,1,9.67113056845,-2.73206857961
2012-11-03 21:55:20,37068,1,6.48288648289,-3.18824408557
2012-11-03 21:55:21,37069,1,3.51793121429,-2.9649552686
2012-11-03 21:55:22,37070,1,0.0,-3.51793121429
2012-11-03 21:57:19,37187,117,0.0,0.0
2012-11-03 21:57:20,37188,1,1.78675579092,1.78675579092
2012-11-03 21:57:21,37189,1,3.19910689062,1.4123510997
2012-11-03 21:57:22,37190,1,4.76093713393,1.5618302433
2012-11-03 21:57:23,37191,1,6.15885366146,1.39791652753
2012-11-03 21:57:24,37192,1,7.24709757217,1.08824391071
2012-11-03 21:57:25,37193,1,7.94650228348,0.69940471131
2012-11-03 21:57:26,37194,1,8.2401779747,0.29367569122
2012-11-03 21:57:27,37195,1,8.19322875074,-0.0469492239583
2012-11-03 21:57:28,37196,1,7.87886876786,-0.314359982887
2012-11-03 21:57:29,37197,1,7.38028250074,-0.498586267113
2012-11-03 21:57:30,37198,1,6.90424083333,-0.476041667411
2012-11-03 21:57:31,37199,1,6.73787177976,-0.166369053571
2012-11-03 21:57:32,37200,1,7.05446400149,0.316592221726
2012-11-03 21:57:33,37201,1,7.82180021503,0.767336213542
2012-11-03 21:57:34,37202,1,8.84010369494,1.01830347991
2012-11-03 21:57:35,37203,1,9.79754417262,0.957440477679
2012-11-03 21:57:36,37204,1,10.3667406979,0.569196525298
2012-11-03 21:57:37,37205,1,10.3883181711,0.0215774732143
2012-11-03 21:57:38,37206,1,9.99449376116,-0.39382440997
2012-11-03 21:57:39,37207,1,9.50677046429,-0.487723296875
2012-11-03 21:57:40,37208,1,9.1935263564,-0.313244107887
2012-11-03 21:57:41,37209,1,9.11235077083,-0.0811755855655
2012-11-03 21:57:42,37210,1,9.16398772024,0.0516369494048
2012-11-03 21:57:43,37211,1,9.26867525818,0.104687537946
2012-11-03 21:57:44,37212,1,9.44449372098,0.175818462798
2012-11-03 21:57:45,37213,1,9.71063954241,0.266145821429
2012-11-03 21:57:46,37214,1,9.95163657366,0.24099703125
2012-11-03 21:57:47,37215,1,9.91860090699,-0.0330356666667
2012-11-03 21:57:48,37216,1,9.40305035565,-0.515550551339
2012-11-03 21:57:49,37217,1,8.42321401935,-0.97983633631
2012-11-03 21:57:50,37218,1,7.27090733333,-1.15230668601
2012-11-03 21:57:51,37219,1,6.41986543824,-0.851041895089
2012-11-03 21:57:52,37220,1,6.3470973631,-0.0727680751488
2012-11-03 21:57:53,37221,1,7.33407643304,0.98697906994
2012-11-03 21:57:54,37222,1,9.34583243304,2.011756
2012-11-03 21:57:55,37223,1,12.0631688787,2.71733644568
2012-11-03 21:57:56,37224,1,15.0590023847,2.99583350595
2012-11-03 21:57:57,37225,1,17.9916662567,2.93266387202
2012-11-03 21:57:58,37226,1,20.6746277321,2.68296147545
2012-11-03 21:57:59,37227,1,23.0231397686,2.34851203646
2012-11-03 21:58:00,37228,1,24.9787946153,1.95565484673
2012-11-03 21:58:01,37229,1,26.4934523869,1.51465777158
2012-11-03 21:58:02,37230,1,27.5952381049,1.10178571801
2012-11-03 21:58:03,37231,1,28.4394345372,0.844196432292
2012-11-03 21:58:04,37232,1,29.212872029,0.773437491815
2012-11-03 21:58:05,37233,1,29.9916666057,0.778794576637
2012-11-03 21:58:06,37234,1,30.7418896853,0.750223079613
2012-11-03 21:58:07,37235,1,31.4095978437,0.667708158482
2012-11-03 21:58:08,37236,1,31.9790916808,0.569493837054
2012-11-03 21:58:09,37237,1,32.4846717939,0.505580113095
2012-11-03 21:58:10,37238,1,32.9633174241,0.478645630208
2012-11-03 21:58:11,37239,1,33.4192697783,0.455952354167
2012-11-03 21:58:12,37240,1,33.8758176339,0.456547855655
2012-11-03 21:58:13,37241,1,34.3833329278,0.507515293899
2012-11-03 21:58:14,37242,1,34.9307291086,0.547396180804
2012-11-03 21:58:15,37243,1,35.4276042195,0.496875110863
2012-11-03 21:58:16,37244,1,35.7717261711,0.344121951637
2012-11-03 21:58:17,37245,1,35.9020087812,0.130282610119
2012-11-03 21:58:18,37246,1,35.8485859918,-0.0534227894345
2012-11-03 21:58:19,37247,1,35.7124994375,-0.136086554315
2012-11-03 21:58:20,37248,1,35.5522313274,-0.160268110119
2012-11-03 21:58:21,37249,1,35.366219317,-0.186012010417
2012-11-03 21:58:22,37250,1,35.1463533869,-0.219865930059
2012-11-03 21:58:23,37251,1,34.8419638021,-0.304389584822
2012-11-03 21:58:24,37252,1,34.3641366615,-0.477827140625
2012-11-03 21:58:25,37253,1,33.6831843512,-0.680952310268
2012-11-03 21:58:26,37254,1,32.840103939,-0.843080412202
2012-11-03 21:58:27,37255,1,31.8832586012,-0.956845337798
2012-11-03 21:58:28,37256,1,30.8140620484,-1.06919655283
2012-11-03 21:58:29,37257,1,29.530505349,-1.2835566994
2012-11-03 21:58:30,37258,1,27.8429308214,-1.68757452753
2012-11-03 21:58:31,37259,1,25.5712790305,-2.27165179092
2012-11-03 21:58:32,37260,1,22.6337791644,-2.93749986607
2012-11-03 21:58:33,37261,1,19.1372763817,-3.49650278274
2012-11-03 21:58:34,37262,1,15.4260413929,-3.71123498884
2012-11-03 21:58:35,37263,1,11.9945681793,-3.43147321354
2012-11-03 21:58:36,37264,1,9.29404725595,-2.70052092336
2012-11-03 21:58:37,37265,1,7.52276739211,-1.77127986384
2012-11-03 21:58:38,37266,1,6.57276731101,-0.950000081101
2012-11-03 21:58:39,37267,1,6.20267796875,-0.370089342262
2012-11-03 21:58:40,37268,1,6.19285653943,-0.00982142931548
2012-11-03 21:58:41,37269,1,6.35282686905,0.159970329613
2012-11-03 21:58:42,37270,1,6.51376454092,0.160937671875
2012-11-03 21:58:43,37271,1,6.53296115551,0.0191966145833
2012-11-03 21:58:44,37272,1,6.29747020833,-0.235490947173
2012-11-03 21:58:45,37273,1,5.76927084449,-0.528199363839
2012-11-03 21:58:46,37274,1,5.01116072247,-0.758110122024
2012-11-03 21:58:47,37275,1,4.15119047768,-0.859970244792
2012-11-03 21:58:48,37276,1,3.32113095387,-0.83005952381
2012-11-03 21:58:49,37277,1,2.5676339375,-0.753497016369
2012-11-03 21:58:50,37278,1,1.82901787946,-0.738616058036
2012-11-03 21:58:51,37279,1,1.11309525967,-0.715922619792
2012-11-03 21:58:52,37280,1,0.0,-1.11309525967
2012-11-03 22:07:05,37773,493,0.0,0.0
2012-11-03 22:07:06,37774,1,2.81994007366,2.81994007366
2012-11-03 22:07:07,37775,1,5.78333273661,2.96339266295
2012-11-03 22:07:08,37776,1,9.72522250149,3.94188976488
2012-11-03 22:07:09,37777,1,14.1165915045,4.39136900298
2012-11-03 22:07:10,37778,1,18.4149545923,4.2983630878
2012-11-03 22:07:11,37779,1,22.2853415112,3.8703869189
2012-11-03 22:07:12,37780,1,25.7000736912,3.41473218006
2012-11-03 22:07:13,37781,1,28.810416,3.11034230878
2012-11-03 22:07:14,37782,1,31.7090767515,2.89866075149
2012-11-03 22:07:15,37783,1,34.3260410729,2.61696432143
2012-11-03 22:07:16,37784,1,36.5436750647,2.21763399182
2012-11-03 22:07:17,37785,1,38.359672192,1.81599712723
2012-11-03 22:07:18,37786,1,39.8951633668,1.53549117485
2012-11-03 22:07:19,37787,1,41.2626485268,1.36748515997
2012-11-03 22:07:20,37788,1,42.4648806555,1.20223212872
2012-11-03 22:07:21,37789,1,43.4292407813,0.964360125744
2012-11-03 22:07:22,37790,1,44.1305801436,0.701339362351
2012-11-03 22:07:23,37791,1,44.6749998981,0.544419754464
2012-11-03 22:07:24,37792,1,45.2430058824,0.568005984375
2012-11-03 22:07:25,37793,1,45.9345236124,0.691517729911
2012-11-03 22:07:26,37794,1,46.6968746116,0.762350999256
2012-11-03 22:07:27,37795,1,47.4087048869,0.711830275298
2012-11-03 22:07:28,37796,1,47.9859370908,0.577232203869
2012-11-03 22:07:29,37797,1,48.4134669278,0.427529837054
2012-11-03 22:07:30,37798,1,48.7248507991,0.31138387128
2012-11-03 22:07:31,37799,1,48.9441214338,0.219270634673
2012-11-03 22:07:32,37800,1,49.0428563668,0.0987349330357
2012-11-03 22:07:33,37801,1,48.9762640737,-0.0665922931548
2012-11-03 22:07:34,37802,1,48.7211302574,-0.25513381622
2012-11-03 22:07:35,37803,1,48.2464280298,-0.474702227679
2012-11-03 22:07:36,37804,1,47.5029013705,-0.743526659226
2012-11-03 22:07:37,37805,1,46.4767110149,-1.02619035565
2012-11-03 22:07:38,37806,1,45.230133782,-1.24657723289
2012-11-03 22:07:39,37807,1,43.8802083058,-1.34992547619
2012-11-03 22:07:40,37808,1,42.5279761674,-1.35223213839
2012-11-03 22:07:41,37809,1,41.1860117879,-1.34196437946
2012-11-03 22:07:42,37810,1,39.7418152671,-1.44419652083
2012-11-03 22:07:43,37811,1,37.9418896324,-1.79992563467
2012-11-03 22:07:44,37812,1,35.4763390015,-2.46555063095
2012-11-03 22:07:45,37813,1,32.2697912894,-3.20654771205
2012-11-03 22:07:46,37814,1,28.7694191384,-3.50037215104
2012-11-03 22:07:47,37815,1,25.883035131,-2.88638400744
2012-11-03 22:07:48,37816,1,24.5270827396,-1.35595239137
2012-11-03 22:07:49,37817,1,25.0912196124,0.564136872768
2012-11-03 22:07:50,37818,1,27.2498504643,2.15863085193
2012-11-03 22:07:51,37819,1,30.261011128,3.01116066369
2012-11-03 22:07:52,37820,1,33.4250737567,3.16406262872
2012-11-03 22:07:53,37821,1,36.3429311771,2.91785742039
2012-11-03 22:07:54,37822,1,38.8998511019,2.55691992485
2012-11-03 22:07:55,37823,1,41.1073661071,2.20751500521
2012-11-03 22:07:56,37824,1,42.9994790818,1.8921129747
2012-11-03 22:07:57,37825,1,44.6295383132,1.6300592314
2012-11-03 22:07:58,37826,1,46.0632433653,1.43370505208
2012-11-03 22:07:59,37827,1,47.3476181875,1.28437482217
2012-11-03 22:08:00,37828,1,48.499701561,1.15208337351
2012-11-03 22:08:01,37829,1,49.5179309122,1.01822935119
2012-11-03 22:08:02,37830,1,50.4112345528,0.893303640625
2012-11-03 22:08:03,37831,1,51.2082581451,0.797023592262
2012-11-03 22:08:04,37832,1,51.9169631406,0.708704995536
2012-11-03 22:08:05,37833,1,52.4942695134,0.577306372768
2012-11-03 22:08:06,37834,1,52.8815465,0.387276986607
2012-11-03 22:08:07,37835,1,53.0756689665,0.194122466518
2012-11-03 22:08:08,37836,1,53.1548360387,0.0791670721726
2012-11-03 22:08:09,37837,1,53.2152529263,0.0604168876488
2012-11-03 22:08:10,37838,1,53.29486609,0.0796131636905
2012-11-03 22:08:11,37839,1,53.3722470499,0.0773809598214
2012-11-03 22:08:12,37840,1,53.4061012106,0.0338541607143
2012-11-03 22:08:13,37841,1,53.3638392664,-0.0422619441965
2012-11-03 22:08:14,37842,1,53.2441962835,-0.119642982887
2012-11-03 22:08:15,37843,1,53.0730650781,-0.171131205357
2012-11-03 22:08:16,37844,1,52.8526778065,-0.220387271577
2012-11-03 22:08:17,37845,1,52.5414423155,-0.311235491071
2012-11-03 22:08:18,37846,1,52.1334064234,-0.408035892113
2012-11-03 22:08:19,37847,1,51.7020822046,-0.43132421875
2012-11-03 22:08:20,37848,1,51.2287940082,-0.473288196429
2012-11-03 22:08:21,37849,1,50.3694939152,-0.859300093006
2012-11-03 22:08:22,37850,1,48.5169643869,-1.85252952827
2012-11-03 22:08:23,37851,1,45.200297651,-3.31666673586
2012-11-03 22:08:24,37852,1,40.474478974,-4.72581867708
2012-11-03 22:08:25,37853,1,34.9381692493,-5.5363097247
2012-11-03 22:08:26,37854,1,29.3290917879,-5.60907746131
2012-11-03 22:08:27,37855,1,24.0557286972,-5.27336309077
2012-11-03 22:08:28,37856,1,19.1132436064,-4.94248509077
2012-11-03 22:08:29,37857,1,14.3835561726,-4.72968743378
2012-11-03 22:08:30,37858,1,9.91904736533,-4.46450880729
2012-11-03 22:08:31,37859,1,5.98950880804,-3.92953855729
2012-11-03 22:08:32,37860,1,3.00461306548,-2.98489574256
2012-11-03 22:08:33,37861,1,0.0,-3.00461306548
2012-11-03 22:09:03,37891,30,0.0,0.0
2012-11-03 22:09:04,37892,1,4.11577362798,4.11577362798
2012-11-03 22:09:05,37893,1,8.29791631324,4.18214268527
2012-11-03 22:09:06,37894,1,13.4495530952,5.15163678199
2012-11-03 22:09:07,37895,1,18.5521572664,5.10260417113
2012-11-03 22:09:08,37896,1,22.9095978371,4.35744057068
2012-11-03 22:09:09,37897,1,26.4279014628,3.51830362574
2012-11-03 22:09:10,37898,1,29.4162198571,2.98831839435
2012-11-03 22:09:11,37899,1,32.1116810863,2.69546122917
2012-11-03 22:09:12,37900,1,34.4988835037,2.38720241741
2012-11-03 22:09:13,37901,1,36.5108628036,2.01197929985
2012-11-03 22:09:14,37902,1,38.1861604911,1.6752976875
2012-11-03 22:09:15,37903,1,39.6307288735,1.44456838244
2012-11-03 22:09:16,37904,1,40.9297614978,1.29903262426
2012-11-03 22:09:17,37905,1,42.0929310952,1.16316959747
2012-11-03 22:09:18,37906,1,43.0690471637,0.976116068452
2012-11-03 22:09:19,37907,1,43.8266363445,0.757589180803
2012-11-03 22:09:20,37908,1,44.4089277619,0.582291417411
2012-11-03 22:09:21,37909,1,44.9055049144,0.49657715253
2012-11-03 22:09:22,37910,1,45.3813977307,0.47589281622
2012-11-03 22:09:23,37911,1,45.8288681347,0.447470404018
2012-11-03 22:09:24,37912,1,46.1872761815,0.358408046875
2012-11-03 22:09:25,37913,1,46.4091515424,0.221875360863
2012-11-03 22:09:26,37914,1,46.5011161689,0.0919646264881
2012-11-03 22:09:27,37915,1,46.5200896518,0.0189734828869
2012-11-03 22:09:28,37916,1,46.5381701302,0.0180804784226
2012-11-03 22:09:29,37917,1,46.5917415372,0.0535714069941
2012-11-03 22:09:30,37918,1,46.6588546094,0.0671130721726
2012-11-03 22:09:31,37919,1,46.6720987009,0.0132440915179
2012-11-03 22:09:32,37920,1,46.5463546213,-0.125744079613
2012-11-03 22:09:33,37921,1,46.2308781362,-0.315476485119
2012-11-03 22:09:34,37922,1,45.7499252098,-0.480952926339
2012-11-03 22:09:35,37923,1,45.1859365848,-0.563988625
2012-11-03 22:09:36,37924,1,44.6343738683,-0.551562716518
2012-11-03 22:09:37,37925,1,44.1611596935,-0.473214174851
2012-11-03 22:09:38,37926,1,43.7791657976,-0.381993895833
2012-11-03 22:09:39,37927,1,43.4526032463,-0.326562551339
2012-11-03 22:09:40,37928,1,43.1172608095,-0.335342436756
2012-11-03 22:09:41,37929,1,42.7372012626,-0.380059546875
2012-11-03 22:09:42,37930,1,42.3699396019,-0.367261660714
2012-11-03 22:09:43,37931,1,42.144791119,-0.225148482887
2012-11-03 22:09:44,37932,1,42.1727674271,0.0279763080357
2012-11-03 22:09:45,37933,1,42.470907099,0.298139671875
2012-11-03 22:09:46,37934,1,42.936308529,0.46540143006
2012-11-03 22:09:47,37935,1,43.411605968,0.475297438988
2012-11-03 22:09:48,37936,1,43.8049841176,0.393378149554
2012-11-03 22:09:49,37937,1,44.1374994501,0.332515332589
2012-11-03 22:09:50,37938,1,44.4961308795,0.358631429316
2012-11-03 22:09:51,37939,1,44.9503721607,0.45424128125
2012-11-03 22:09:52,37940,1,45.4656993676,0.515327206845
2012-11-03 22:09:53,37941,1,45.9048358817,0.439136514137
2012-11-03 22:09:54,37942,1,46.1651778251,0.260341943452
2012-11-03 22:09:55,37943,1,46.289656939,0.124479113839
2012-11-03 22:09:56,37944,1,46.4090768036,0.119419864583
2012-11-03 22:09:57,37945,1,46.6081098891,0.199033085565
2012-11-03 22:09:58,37946,1,46.8640625588,0.255952669643
2012-11-03 22:09:59,37947,1,47.1011162403,0.237053681548
2012-11-03 22:10:00,37948,1,47.2888393609,0.187723120536
2012-11-03 22:10:01,37949,1,47.4678570022,0.179017641369
2012-11-03 22:10:02,37950,1,47.6896574003,0.221800398065
2012-11-03 22:10:03,37951,1,47.96778234,0.278124939732
2012-11-03 22:10:04,37952,1,48.2970235067,0.329241166667
2012-11-03 22:10:05,37953,1,48.6918152879,0.39479178125
2012-11-03 22:10:06,37954,1,49.1749253869,0.483110098958
2012-11-03 22:10:07,37955,1,49.7406246607,0.565699273809
2012-11-03 22:10:08,37956,1,50.3462049263,0.605580265625
2012-11-03 22:10:09,37957,1,50.9238835632,0.577678636905
2012-11-03 22:10:10,37958,1,51.4088540171,0.484970453869
2012-11-03 22:10:11,37959,1,51.7740328036,0.365178786458
2012-11-03 22:10:12,37960,1,52.038318561,0.26428575744
2012-11-03 22:10:13,37961,1,52.2563243527,0.218005791667
2012-11-03 22:10:14,37962,1,52.4864580246,0.230133671875
2012-11-03 22:10:15,37963,1,52.7370530543,0.250595029762
2012-11-03 22:10:16,37964,1,52.9546125156,0.217559461309
2012-11-03 22:10:17,37965,1,53.0685262991,0.113913783482
2012-11-03 22:10:18,37966,1,53.0525294591,-0.0159968400297
2012-11-03 22:10:19,37967,1,52.9683778862,-0.0841515729167
2012-11-03 22:10:20,37968,1,52.9247769211,-0.0436009650297
2012-11-03 22:10:21,37969,1,52.9739586815,0.0491817604166
2012-11-03 22:10:22,37970,1,53.0750748966,0.10111621503
2012-11-03 22:10:23,37971,1,53.1398070722,0.0647321755952
2012-11-03 22:10:24,37972,1,53.0951641287,-0.0446429434524
2012-11-03 22:10:25,37973,1,52.9423365796,-0.152827549107
2012-11-03 22:10:26,37974,1,52.7618304412,-0.180506138393
2012-11-03 22:10:27,37975,1,52.6422617961,-0.119568645089
2012-11-03 22:10:28,37976,1,52.625594901,-0.0166668950892
2012-11-03 22:10:29,37977,1,52.7201630975,0.0945681964285
2012-11-03 22:10:30,37978,1,52.9107878452,0.190624747768
2012-11-03 22:10:31,37979,1,53.1376477641,0.226859918899
2012-11-03 22:10:32,37980,1,53.3097459174,0.172098153274
2012-11-03 22:10:33,37981,1,53.3541656845,0.0444197671131
2012-11-03 22:10:34,37982,1,53.2383921101,-0.115773574405
2012-11-03 22:10:35,37983,1,52.986680994,-0.251711116071
2012-11-03 22:10:36,37984,1,52.6975441168,-0.289136877232
2012-11-03 22:10:37,37985,1,52.4814725513,-0.216071565476
2012-11-03 22:10:38,37986,1,52.3674098943,-0.114062656994
2012-11-03 22:10:39,37987,1,52.3072908467,-0.060119047619
2012-11-03 22:10:40,37988,1,52.239657128,-0.06763371875
2012-11-03 22:10:41,37989,1,52.1290919643,-0.110565163691
2012-11-03 22:10:42,37990,1,51.9796874874,-0.149404476934
2012-11-03 22:10:43,37991,1,51.8044644851,-0.175223002232
2012-11-03 22:10:44,37992,1,51.5787949472,-0.225669537946
2012-11-03 22:10:45,37993,1,51.2700894948,-0.308705452381
2012-11-03 22:10:46,37994,1,50.910416526,-0.35967296875
2012-11-03 22:10:47,37995,1,50.5889130484,-0.321503477679
2012-11-03 22:10:48,37996,1,50.3728412076,-0.216071840774
2012-11-03 22:10:49,37997,1,50.2697905082,-0.103050699405
2012-11-03 22:10:50,37998,1,50.259299622,-0.0104908861607
2012-11-03 22:10:51,37999,1,50.2882432679,0.0289436458333
2012-11-03 22:10:52,38000,1,50.1555051339,-0.132738133928
2012-11-03 22:10:53,38001,1,49.4549841042,-0.700521029762
2012-11-03 22:10:54,38002,1,47.7789423371,-1.67604176711
2012-11-03 22:10:55,38003,1,45.0215764003,-2.75736593676
2012-11-03 22:10:56,38004,1,41.4633921815,-3.55818421875
2012-11-03 22:10:57,38005,1,37.5580353222,-3.90535685937
2012-11-03 22:10:58,38006,1,33.5889878199,-3.96904750223
2012-11-03 22:10:59,38007,1,29.4974699598,-4.09151786012
2012-11-03 22:11:00,38008,1,25.0706842493,-4.42678571057
2012-11-03 22:11:01,38009,1,20.2783479628,-4.79233628646
2012-11-03 22:11:02,38010,1,15.3756693638,-4.90267859896
2012-11-03 22:11:03,38011,1,10.727306183,-4.6483631808
2012-11-03 22:11:04,38012,1,6.65074363244,-4.0765625506
2012-11-03 22:11:05,38013,1,3.48340739286,-3.16733623958
2012-11-03 22:11:06,38014,1,0.0,-3.48340739286
2012-11-03 22:11:29,38037,23,0.0,0.0
2012-11-03 22:11:30,38038,1,4.32685993304,4.32685993304
2012-11-03 22:11:31,38039,1,8.44873479464,4.12187486161
2012-11-03 22:11:32,38040,1,13.3391364211,4.89040162649
2012-11-03 22:11:33,38041,1,17.9892850885,4.65014866741
2012-11-03 22:11:34,38042,1,21.8169635528,3.82767846429
2012-11-03 22:11:35,38043,1,24.8519337217,3.0349701689
2012-11-03 22:11:36,38044,1,27.4825140685,2.63058034673
2012-11-03 22:11:37,38045,1,30.0160707098,2.53355664137
2012-11-03 22:11:38,38046,1,32.5078119725,2.49174126265
2012-11-03 22:11:39,38047,1,34.8796871384,2.37187516592
2012-11-03 22:11:40,38048,1,37.0559519985,2.17626486012
2012-11-03 22:11:41,38049,1,38.995386311,1.9394343125
2012-11-03 22:11:42,38050,1,40.6583325603,1.66294624926
2012-11-03 22:11:43,38051,1,42.0207582165,1.36242565625
2012-11-03 22:11:44,38052,1,43.1336304591,1.11287224256
2012-11-03 22:11:45,38053,1,44.0977674457,0.964136986607
2012-11-03 22:11:46,38054,1,44.9816958043,0.883928358631
2012-11-03 22:11:47,38055,1,45.7898799821,0.808184177827
2012-11-03 22:11:48,38056,1,46.4874988408,0.697618858631
2012-11-03 22:11:49,38057,1,47.0604899903,0.572991149554
2012-11-03 22:11:50,38058,1,47.5421122314,0.481622241071
2012-11-03 22:11:51,38059,1,47.9664427731,0.424330541667
2012-11-03 22:11:52,38060,1,48.3476184576,0.381175684524
2012-11-03 22:11:53,38061,1,48.709374436,0.361755978423
2012-11-03 22:11:54,38062,1,49.0694934687,0.360119032738
2012-11-03 22:11:55,38063,1,49.3939725439,0.324479075149
2012-11-03 22:11:56,38064,1,49.6081836793,0.214211135417
2012-11-03 22:11:57,38065,1,49.6541656213,0.0459819419643
2012-11-03 22:11:58,38066,1,49.5305047202,-0.123660901042
2012-11-03 22:11:59,38067,1,49.2863825811,-0.244122139137
2012-11-03 22:12:00,38068,1,48.9755195439,-0.310863037202
2012-11-03 22:12:01,38069,1,48.6142103073,-0.361309236607
2012-11-03 22:12:02,38070,1,48.1909221019,-0.423288205357
2012-11-03 22:12:03,38071,1,47.7070684918,-0.483853610119
2012-11-03 22:12:04,38072,1,47.1758933311,-0.531175160714
2012-11-03 22:12:05,38073,1,46.5410720744,-0.634821256696
2012-11-03 22:12:06,38074,1,45.6046136131,-0.93645846131
2012-11-03 22:12:07,38075,1,44.1007441957,-1.50386941741
2012-11-03 22:12:08,38076,1,41.8777526741,-2.22299152158
2012-11-03 22:12:09,38077,1,39.0242552969,-2.85349737723
2012-11-03 22:12:10,38078,1,35.811383096,-3.21287220089
2012-11-03 22:12:11,38079,1,32.4400289033,-3.37135419271
2012-11-03 22:12:12,38080,1,28.887499189,-3.55252971429
2012-11-03 22:12:13,38081,1,25.144939744,-3.74255944494
2012-11-03 22:12:14,38082,1,21.5584071481,-3.58653259598
2012-11-03 22:12:15,38083,1,18.822023439,-2.73638370908
2012-11-03 22:12:16,38084,1,17.6348956838,-1.18712775521
2012-11-03 22:12:17,38085,1,18.3029017619,0.668006078125
2012-11-03 22:12:18,38086,1,20.5824404621,2.27953870015
2012-11-03 22:12:19,38087,1,23.8854909978,3.30305053571
2012-11-03 22:12:20,38088,1,27.5887647083,3.70327371057
2012-11-03 22:12:21,38089,1,31.1937497046,3.60498499628
2012-11-03 22:12:22,38090,1,34.391145468,3.19739576339
2012-11-03 22:12:23,38091,1,37.0761157686,2.6849703006
2012-11-03 22:12:24,38092,1,39.2601933192,2.1840775506
2012-11-03 22:12:25,38093,1,40.9468750469,1.68668172768
2012-11-03 22:12:26,38094,1,42.1037203921,1.15684534524
2012-11-03 22:12:27,38095,1,42.7342263594,0.630505967262
2012-11-03 22:12:28,38096,1,42.9303572798,0.196130920387
2012-11-03 22:12:29,38097,1,42.8244792597,-0.105878020089
2012-11-03 22:12:30,38098,1,42.4985863356,-0.325892924107
2012-11-03 22:12:31,38099,1,41.9756695878,-0.522916747768
2012-11-03 22:12:32,38100,1,41.3010415952,-0.67462799256
2012-11-03 22:12:33,38101,1,40.5800595908,-0.720982004464
2012-11-03 22:12:34,38102,1,39.9154021257,-0.66465746503
2012-11-03 22:12:35,38103,1,39.3279767879,-0.587425337798
2012-11-03 22:12:36,38104,1,38.7524560536,-0.575520734375
2012-11-03 22:12:37,38105,1,38.1356405134,-0.616815540179
2012-11-03 22:12:38,38106,1,37.5314737455,-0.604166767857
2012-11-03 22:12:39,38107,1,37.0611612507,-0.470312494792
2012-11-03 22:12:40,38108,1,36.8165185387,-0.244642712054
2012-11-03 22:12:41,38109,1,36.833631779,0.0171132403274
2012-11-03 22:12:42,38110,1,37.1061763512,0.272544572173
2012-11-03 22:12:43,38111,1,37.5923367061,0.486160354911
2012-11-03 22:12:44,38112,1,38.2130951362,0.62075843006
2012-11-03 22:12:45,38113,1,38.8363834211,0.62328828497
2012-11-03 22:12:46,38114,1,39.2901779219,0.453794500744
2012-11-03 22:12:47,38115,1,39.4537941592,0.163616237351
2012-11-03 22:12:48,38116,1,39.3555802351,-0.0982139241072
2012-11-03 22:12:49,38117,1,39.1476192522,-0.207960982887
2012-11-03 22:12:50,38118,1,38.9848217061,-0.162797546131
2012-11-03 22:12:51,38119,1,38.9514137217,-0.033407984375
2012-11-03 22:12:52,38120,1,39.0698656637,0.118451941964
2012-11-03 22:12:53,38121,1,39.3406241815,0.270758517857
2012-11-03 22:12:54,38122,1,39.7625733549,0.421949173363
2012-11-03 22:12:55,38123,1,40.3081834211,0.54561006622
2012-11-03 22:12:56,38124,1,40.9139126518,0.605729230655
2012-11-03 22:12:57,38125,1,41.5232133921,0.609300740327
2012-11-03 22:12:58,38126,1,42.1174100097,0.594196617559
2012-11-03 22:12:59,38127,1,42.7065471116,0.589137101935
2012-11-03 22:13:00,38128,1,43.290475869,0.58392875744
2012-11-03 22:13:01,38129,1,43.817856974,0.527381104911
2012-11-03 22:13:02,38130,1,44.2177826949,0.399925720982
2012-11-03 22:13:03,38131,1,44.486086401,0.268303706101
2012-11-03 22:13:04,38132,1,44.7180062024,0.231919801339
2012-11-03 22:13:05,38133,1,45.058705785,0.340699582589
2012-11-03 22:13:06,38134,1,45.6139142783,0.555208493304
2012-11-03 22:13:07,38135,1,46.3699411109,0.756026832589
2012-11-03 22:13:08,38136,1,47.1920391503,0.822098039435
2012-11-03 22:13:09,38137,1,47.9315476436,0.739508493304
2012-11-03 22:13:10,38138,1,48.5357137284,0.604166084821
2012-11-03 22:13:11,38139,1,49.0432281176,0.507514389137
2012-11-03 22:13:12,38140,1,49.5197903973,0.476562279762
2012-11-03 22:13:13,38141,1,50.0125732031,0.492782805804
2012-11-03 22:13:14,38142,1,50.5149543847,0.502381181548
2012-11-03 22:13:15,38143,1,50.9741807731,0.459226388393
2012-11-03 22:13:16,38144,1,51.35967191,0.385491136905
2012-11-03 22:13:17,38145,1,51.7091510811,0.349479171131
2012-11-03 22:13:18,38146,1,52.0906987522,0.381547671131
2012-11-03 22:13:19,38147,1,52.5139875506,0.423288798363
2012-11-03 22:13:20,38148,1,52.8857138147,0.371726264137
2012-11-03 22:13:21,38149,1,53.0674845885,0.18177077381
2012-11-03 22:13:22,38150,1,52.9855647582,-0.0819198303572
2012-11-03 22:13:23,38151,1,52.6877223132,-0.29784244494
2012-11-03 22:13:24,38152,1,52.2834068266,-0.404315486607
2012-11-03 22:13:25,38153,1,51.8400290766,-0.44337775
2012-11-03 22:13:26,38154,1,51.3791663118,-0.460862764881
2012-11-03 22:13:27,38155,1,50.952529619,-0.426636692708
2012-11-03 22:13:28,38156,1,50.6518599732,-0.300669645833
2012-11-03 22:13:29,38157,1,50.5340771138,-0.117782859375
2012-11-03 22:13:30,38158,1,50.5634669152,0.0293898013393
2012-11-03 22:13:31,38159,1,50.6401038147,0.0766368995535
2012-11-03 22:13:32,38160,1,50.689731744,0.0496279293155
2012-11-03 22:13:33,38161,1,50.7029012024,0.0131694583334
2012-11-03 22:13:34,38162,1,50.6717253199,-0.0311758824405
2012-11-03 22:13:35,38163,1,50.5397310268,-0.131994293155
2012-11-03 22:13:36,38164,1,50.2552815439,-0.284449482887
2012-11-03 22:13:37,38165,1,49.8466506458,-0.408630898066
2012-11-03 22:13:38,38166,1,49.4148798929,-0.431770752976
2012-11-03 22:13:39,38167,1,49.054760939,-0.360118953869
2012-11-03 22:13:40,38168,1,48.7857878594,-0.268973079613
2012-11-03 22:13:41,38169,1,48.5585558802,-0.227231979167
2012-11-03 22:13:42,38170,1,48.3302822269,-0.228273653274
2012-11-03 22:13:43,38171,1,48.1238834985,-0.206398728423
2012-11-03 22:13:44,38172,1,47.9911453378,-0.132738160714
2012-11-03 22:13:45,38173,1,47.926412994,-0.06473234375
2012-11-03 22:13:46,38174,1,47.8546865967,-0.0717263973214
2012-11-03 22:13:47,38175,1,47.7055049955,-0.14918160119
2012-11-03 22:13:48,38176,1,47.461234308,-0.2442706875
2012-11-03 22:13:49,38177,1,47.1415917076,-0.319642600446
2012-11-03 22:13:50,38178,1,46.7831098051,-0.35848190253
2012-11-03 22:13:51,38179,1,46.4270831719,-0.356026633185
2012-11-03 22:13:52,38180,1,46.1127975543,-0.314285617559
2012-11-03 22:13:53,38181,1,45.8889881228,-0.223809431548
2012-11-03 22:13:54,38182,1,45.8016369583,-0.0873511644346
2012-11-03 22:13:55,38183,1,45.8520088549,0.0503718965774
2012-11-03 22:13:56,38184,1,45.9943449643,0.142336109375
2012-11-03 22:13:57,38185,1,46.1751484561,0.180803491815
2012-11-03 22:13:58,38186,1,46.3632438222,0.188095366071
2012-11-03 22:13:59,38187,1,46.5546131042,0.191369281994
2012-11-03 22:14:00,38188,1,46.7459822984,0.191369194196
2012-11-03 22:14:01,38189,1,46.8926340298,0.146651731399
2012-11-03 22:14:02,38190,1,46.9107142098,0.0180801800595
2012-11-03 22:14:03,38191,1,46.7484372879,-0.162276921875
2012-11-03 22:14:04,38192,1,46.4533479561,-0.295089331845
2012-11-03 22:14:05,38193,1,46.1486604152,-0.304687540923
2012-11-03 22:14:06,38194,1,45.9239579442,-0.224702470982
2012-11-03 22:14:07,38195,1,45.7434519301,-0.180506014137
2012-11-03 22:14:08,38196,1,45.4776782106,-0.265773719494
2012-11-03 22:14:09,38197,1,45.0212796778,-0.456398532738
2012-11-03 22:14:10,38198,1,44.3348961079,-0.686383569941
2012-11-03 22:14:11,38199,1,43.3532743207,-0.981621787202
2012-11-03 22:14:12,38200,1,41.9051343914,-1.44813992932
2012-11-03 22:14:13,38201,1,39.8002233609,-2.10491103051
2012-11-03 22:14:14,38202,1,37.0144342656,-2.78578909524
2012-11-03 22:14:15,38203,1,33.7520827894,-3.26235147619
2012-11-03 22:14:16,38204,1,30.3015618943,-3.45052089509
2012-11-03 22:14:17,38205,1,26.8014131838,-3.50014871057
2012-11-03 22:14:18,38206,1,23.1139876786,-3.68742550521
2012-11-03 22:14:19,38207,1,18.9628715751,-4.15111610342
2012-11-03 22:14:20,38208,1,14.2569190952,-4.70595247991
2012-11-03 22:14:21,38209,1,9.33973158408,-4.91718751116
2012-11-03 22:14:22,38210,1,5.04650256176,-4.29322902232
2012-11-03 22:14:23,38211,1,0.0,-5.04650256176
2012-11-03 22:15:00,38248,37,0.0,0.0
2012-11-03 22:15:01,38249,1,5.21659213765,5.21659213765
2012-11-03 22:15:02,38250,1,9.18251468006,3.96592254241
2012-11-03 22:15:03,38251,1,13.2769342738,4.09441959375
2012-11-03 22:15:04,38252,1,16.8819937954,3.60505952158
2012-11-03 22:15:05,38253,1,20.0284223824,3.14642858705
2012-11-03 22:15:06,38254,1,23.0005949933,2.97217261086
2012-11-03 22:15:07,38255,1,25.9695681399,2.96897314658
2012-11-03 22:15:08,38256,1,28.8925590848,2.92299094494
2012-11-03 22:15:09,38257,1,31.6675589092,2.7749998244
2012-11-03 22:15:10,38258,1,34.2489574613,2.58139855208
2012-11-03 22:15:11,38259,1,36.5886892768,2.33973181548
2012-11-03 22:15:12,38260,1,38.614879503,2.02619022619
2012-11-03 22:15:13,38261,1,40.311754494,1.69687499107
2012-11-03 22:15:14,38262,1,41.7364571094,1.42470261533
2012-11-03 22:15:15,38263,1,42.9570675238,1.22061041443
2012-11-03 22:15:16,38264,1,44.0116807418,1.05461321801
2012-11-03 22:15:17,38265,1,44.9173353698,0.905654627976
2012-11-03 22:15:18,38266,1,45.6967994226,0.779464052827
2012-11-03 22:15:19,38267,1,46.3805046726,0.68370525
2012-11-03 22:15:20,38268,1,46.9772309256,0.596726252976
2012-11-03 22:15:21,38269,1,47.4411447314,0.463913805804
2012-11-03 22:15:22,38270,1,47.6766358884,0.235491156994
2012-11-03 22:15:23,38271,1,47.6162193147,-0.0604165736608
2012-11-03 22:15:24,38272,1,47.321502256,-0.29471705878
2012-11-03 22:15:25,38273,1,46.9919638869,-0.329538369048
2012-11-03 22:15:26,38274,1,46.8497766518,-0.142187235119
2012-11-03 22:15:27,38275,1,46.9951636012,0.145386949405
2012-11-03 22:15:28,38276,1,47.3560265551,0.360862953869
2012-11-03 22:15:29,38277,1,47.7779757693,0.421949214286
2012-11-03 22:15:30,38278,1,48.1727673036,0.394791534226
2012-11-03 22:15:31,38279,1,48.581249407,0.408482103423
2012-11-03 22:15:32,38280,1,49.0947166749,0.513467267857
2012-11-03 22:15:33,38281,1,49.7341512016,0.639434526786
2012-11-03 22:15:34,38282,1,50.4295381049,0.695386903274
2012-11-03 22:15:35,38283,1,51.0909220052,0.661383900298
2012-11-03 22:15:36,38284,1,51.645311817,0.554389811756
2012-11-03 22:15:37,38285,1,52.0271570082,0.38184519122
2012-11-03 22:15:38,38286,1,52.1942701533,0.167113145089
2012-11-03 22:15:39,38287,1,52.1629459159,-0.0313242373512
2012-11-03 22:15:40,38288,1,52.0296128132,-0.133333102678
2012-11-03 22:15:41,38289,1,51.9460564338,-0.0835563794643
2012-11-03 22:15:42,38290,1,52.0252231406,0.0791667068452
2012-11-03 22:15:43,38291,1,52.2602677723,0.235044631696
2012-11-03 22:15:44,38292,1,52.5447916213,0.284523848958
2012-11-03 22:15:45,38293,1,52.758184599,0.213392977679
2012-11-03 22:15:46,38294,1,52.8340776086,0.0758930096727
2012-11-03 22:15:47,38295,1,52.7667413787,-0.0673362299108
2012-11-03 22:15:48,38296,1,52.5903276473,-0.176413731399
2012-11-03 22:15:49,38297,1,52.385119218,-0.205208429315
2012-11-03 22:15:50,38298,1,52.2608631763,-0.124256041667
2012-11-03 22:15:51,38299,1,52.2832589308,0.0223957544643
2012-11-03 22:15:52,38300,1,52.4235118497,0.140252918899
2012-11-03 22:15:53,38301,1,52.5772320625,0.153720212798
2012-11-03 22:15:54,38302,1,52.6348957388,0.0576636763393
2012-11-03 22:15:55,38303,1,52.5660713177,-0.068824421131
2012-11-03 22:15:56,38304,1,52.4451635565,-0.120907761161
2012-11-03 22:15:57,38305,1,52.386309349,-0.0588542075893
2012-11-03 22:15:58,38306,1,52.4579611012,0.0716517522322
2012-11-03 22:15:59,38307,1,52.6661456443,0.208184543155
2012-11-03 22:16:00,38308,1,52.9748510737,0.308705429316
2012-11-03 22:16:01,38309,1,53.29940475,0.324553676339
2012-11-03 22:16:02,38310,1,53.5366072388,0.237202488839
2012-11-03 22:16:03,38311,1,53.6329614516,0.0963542127976
2012-11-03 22:16:04,38312,1,53.5924108274,-0.0405506242559
2012-11-03 22:16:05,38313,1,53.469642942,-0.122767885417
2012-11-03 22:16:06,38314,1,53.3630209531,-0.106621988839
2012-11-03 22:16:07,38315,1,53.317559744,-0.0454612090774
2012-11-03 22:16:08,38316,1,53.2543157909,-0.063243953125
2012-11-03 22:16:09,38317,1,53.0489586086,-0.205357182292
2012-11-03 22:16:10,38318,1,52.6415179263,-0.407440682292
2012-11-03 22:16:11,38319,1,52.0757438475,-0.565774078869
2012-11-03 22:16:12,38320,1,51.4593001354,-0.616443712054
2012-11-03 22:16:13,38321,1,50.8870528564,-0.572247279018
2012-11-03 22:16:14,38322,1,50.4145079658,-0.472544890625
2012-11-03 22:16:15,38323,1,50.0636892872,-0.350818678571
2012-11-03 22:16:16,38324,1,49.8192694621,-0.244419825149
2012-11-03 22:16:17,38325,1,49.6286443862,-0.190625075893
2012-11-03 22:16:18,38326,1,49.3968736332,-0.231770752976
2012-11-03 22:16:19,38327,1,49.0318440945,-0.365029538691
2012-11-03 22:16:20,38328,1,48.5293890565,-0.502455037946
2012-11-03 22:16:21,38329,1,47.9512643713,-0.578124685268
2012-11-03 22:16:22,38330,1,47.3477674948,-0.603496876488
2012-11-03 22:16:23,38331,1,46.77991025,-0.567857244792
2012-11-03 22:16:24,38332,1,46.3718742664,-0.408035983631
2012-11-03 22:16:25,38333,1,46.2651775238,-0.106696742559
2012-11-03 22:16:26,38334,1,46.4970224792,0.231844955357
2012-11-03 22:16:27,38335,1,46.9302812329,0.43325875372
2012-11-03 22:16:28,38336,1,47.3319925818,0.401711348958
2012-11-03 22:16:29,38337,1,47.5441208698,0.212128287946
2012-11-03 22:16:30,38338,1,47.5869040737,0.042783203869
2012-11-03 22:16:31,38339,1,47.600446096,0.0135420223214
2012-11-03 22:16:32,38340,1,47.6828122403,0.0823661443453
2012-11-03 22:16:33,38341,1,47.7822912619,0.0994790215774
2012-11-03 22:16:34,38342,1,47.7385411049,-0.0437501569941
2012-11-03 22:16:35,38343,1,47.4037940789,-0.334747026042
2012-11-03 22:16:36,38344,1,46.7162198385,-0.687574240327
2012-11-03 22:16:37,38345,1,45.6794641161,-1.03675572247
2012-11-03 22:16:38,38346,1,44.303645878,-1.3758182381
2012-11-03 22:16:39,38347,1,42.610714506,-1.69293137202
2012-11-03 22:16:40,38348,1,40.7346729836,-1.87604152232
2012-11-03 22:16:41,38349,1,39.0125004851,-1.72217249851
2012-11-03 22:16:42,38350,1,37.918452881,-1.09404760417
2012-11-03 22:16:43,38351,1,37.7695687277,-0.148884153274
2012-11-03 22:16:44,38352,1,38.3933778318,0.623809104167
2012-11-03 22:16:45,38353,1,39.153124503,0.759746671131
2012-11-03 22:16:46,38354,1,39.3616065937,0.208482090774
2012-11-03 22:16:47,38355,1,38.6563985067,-0.705208087054
2012-11-03 22:16:48,38356,1,37.0499999955,-1.60639851116
2012-11-03 22:16:49,38357,1,34.6979167307,-2.35208326488
2012-11-03 22:16:50,38358,1,31.6216764425,-3.07624028819
2012-11-03 22:16:51,38359,1,27.6950640557,-3.92661238678
2012-11-03 22:16:52,38360,1,22.9195678802,-4.77549617547
2012-11-03 22:16:53,38361,1,17.6852177293,-5.23435015092
2012-11-03 22:16:54,38362,1,12.7381444683,-4.94707326104
2012-11-03 22:16:55,38363,1,8.82693428199,-3.91121018626
2012-11-03 22:16:56,38364,1,6.29474184053,-2.53219244147
2012-11-03 22:16:57,38365,1,4.93531712822,-1.3594247123
2012-11-03 22:16:58,38366,1,4.24761854464,-0.687698583581
2012-11-03 22:16:59,38367,1,3.98231583457,-0.265302710069
2012-11-03 22:17:00,38368,1,4.45391799653,0.471602161954
2012-11-03 22:17:01,38369,1,6.1563238311,1.70240583457
2012-11-03 22:17:02,38370,1,9.11148267163,2.95515884053
2012-11-03 22:17:03,38371,1,12.7103914671,3.59890879551
2012-11-03 22:17:04,38372,1,16.1255948289,3.41520336173
2012-11-03 22:17:05,38373,1,18.8390124302,2.71341760131
2012-11-03 22:17:06,38374,1,20.8246770754,1.98566464521
2012-11-03 22:17:07,38375,1,22.2738834539,1.44920637847
2012-11-03 22:17:08,38376,1,23.2367555781,0.962872124256
2012-11-03 22:17:09,38377,1,23.5406247612,0.303869183036
2012-11-03 22:17:10,38378,1,22.8870534211,-0.65357134003
2012-11-03 22:17:11,38379,1,20.976487907,-1.91056551414
2012-11-03 22:17:12,38380,1,17.7534222857,-3.22306562128
2012-11-03 22:17:13,38381,1,13.7014132202,-4.05200906548
2012-11-03 22:17:14,38382,1,9.8429310372,-3.85848218304
2012-11-03 22:17:15,38383,1,7.27604120164,-2.56688983557
2012-11-03 22:17:16,38384,1,6.5313984003,-0.744642801339
2012-11-03 22:17:17,38385,1,7.30119007068,0.769791670387
2012-11-03 22:17:18,38386,1,8.80208287798,1.50089280729
2012-11-03 22:17:19,38387,1,10.4041661317,1.60208325372
2012-11-03 22:17:20,38388,1,11.9511898393,1.54702370759
2012-11-03 22:17:21,38389,1,13.5784962954,1.6273064561
2012-11-03 22:17:22,38390,1,15.3171123624,1.73861606696
2012-11-03 22:17:23,38391,1,16.9132434472,1.59613108482
2012-11-03 22:17:24,38392,1,17.9816960603,1.0684526131
2012-11-03 22:17:25,38393,1,18.2609373512,0.279241290923
2012-11-03 22:17:26,38394,1,17.7392856622,-0.521651688988
2012-11-03 22:17:27,38395,1,16.6168153765,-1.12247028571
2012-11-03 22:17:28,38396,1,15.1954610737,-1.42135430283
2012-11-03 22:17:29,38397,1,13.790326971,-1.40513410268
2012-11-03 22:17:30,38398,1,12.6531244018,-1.1372025692
2012-11-03 22:17:31,38399,1,11.8640617329,-0.789062668899
2012-11-03 22:17:32,38400,1,11.2818443802,-0.582217352679
2012-11-03 22:17:33,38401,1,10.658778942,-0.623065438244
2012-11-03 22:17:34,38402,1,9.81703801786,-0.841740924107
2012-11-03 22:17:35,38403,1,8.72418104836,-1.09285696949
2012-11-03 22:17:36,38404,1,7.46726154241,-1.25691950595
2012-11-03 22:17:37,38405,1,6.19464258482,-1.27261895759
2012-11-03 22:17:38,38406,1,5.06220214955,-1.13244043527
2012-11-03 22:17:39,38407,1,4.19226163988,-0.869940509673
2012-11-03 22:17:40,38408,1,3.63370495238,-0.5585566875
2012-11-03 22:17:41,38409,1,3.34188924628,-0.291815706101
2012-11-03 22:17:42,38410,1,3.21919557217,-0.122693674107
2012-11-03 22:17:43,38411,1,3.19315381771,-0.0260417544643
2012-11-03 22:17:44,38412,1,3.24895747991,0.0558036622024
2012-11-03 22:17:45,38413,1,3.37745468676,0.128497206845
2012-11-03 22:17:46,38414,1,3.51153220833,0.134077521577
2012-11-03 22:17:47,38415,1,3.54746975074,0.0359375424107
2012-11-03 22:17:48,38416,1,3.42738045238,-0.120089298363
2012-11-03 22:17:49,38417,1,3.18861557366,-0.23876487872
2012-11-03 22:17:50,38418,1,2.95788645312,-0.230729120536
2012-11-03 22:17:51,38419,1,2.91063946949,-0.0472469836309
2012-11-03 22:17:52,38420,1,3.19226145089,0.281621981399
2012-11-03 22:17:53,38421,1,3.82671075521,0.634449304315
2012-11-03 22:17:54,38422,1,4.69955297991,0.872842224702
2012-11-03 22:17:55,38423,1,5.65156199405,0.952009014137
2012-11-03 22:17:56,38424,1,6.56354129539,0.911979301339
2012-11-03 22:17:57,38425,1,7.32924076488,0.765699469494
2012-11-03 22:17:58,38426,1,7.80675329991,0.477512535027
2012-11-03 22:17:59,38427,1,7.84114533854,0.0343920386332
2012-11-03 22:18:00,38428,1,7.33798586991,-0.503159468636
2012-11-03 22:18:01,38429,1,6.36961352639,-0.968372343521
2012-11-03 22:18:02,38430,1,5.20990076511,-1.15971276128
2012-11-03 22:18:03,38431,1,4.17933748678,-1.03056327833
2012-11-03 22:18:04,38432,1,3.46198964778,-0.717347839
2012-11-03 22:18:05,38433,1,3.08100861092,-0.380981036859
2012-11-03 22:18:06,38434,1,2.9479728944,-0.133035716518
2012-11-03 22:18:07,38435,1,2.92219451133,-0.02577838307
2012-11-03 22:18:08,38436,1,2.90313544689,-0.019059064446
2012-11-03 22:18:09,38437,1,2.86922976923,-0.0339056776557
2012-11-03 22:18:10,38438,1,2.83076823077,-0.0384615384615
2012-11-03 22:18:11,38439,1,2.79254707543,-0.0382211553342
2012-11-03 22:18:12,38440,1,2.75570526471,-0.0368418107257
2012-11-03 22:18:13,38441,1,2.72330484816,-0.0324004165522
2012-11-03 22:18:14,38442,1,2.6937661934,-0.0295386547619
2012-11-03 22:18:15,38443,1,2.62562014166,-0.0681460517399
2012-11-03 22:18:16,38444,1,2.40019968807,-0.225420453583
2012-11-03 22:18:17,38445,1,1.89705491049,-0.503144777587
2012-11-03 22:18:18,38446,1,1.22733499445,-0.669719916037
2012-11-03 22:18:19,38447,1,0.0,-1.22733499445
2012-11-03 22:29:17,39105,658,0.0,0.0
2012-11-03 22:29:18,39106,1,3.67311985262,3.67311985262
2012-11-03 22:29:19,39107,1,6.65385041071,2.98073055809
2012-11-03 22:29:20,39108,1,9.8372766622,3.18342625149
2012-11-03 22:29:21,39109,1,12.5911642202,2.75388755804
2012-11-03 22:29:22,39110,1,14.5272690878,1.93610486756
2012-11-03 22:29:23,39111,1,15.4641552507,0.936886162946
2012-11-03 22:29:24,39112,1,15.4030875543,-0.0610676964285
2012-11-03 22:29:25,39113,1,14.5319751957,-0.871112358631
2012-11-03 22:29:26,39114,1,13.1757065588,-1.3562686369
2012-11-03 22:29:27,39115,1,11.7017853795,-1.47392117932
2012-11-03 22:29:28,39116,1,10.4706097403,-1.23117563914
2012-11-03 22:29:29,39117,1,9.76800553795,-0.702604202381
2012-11-03 22:29:30,39118,1,9.64977635938,-0.118229178571
2012-11-03 22:29:31,39119,1,9.87418113765,0.224404778274
2012-11-03 22:29:32,39120,1,10.0573656622,0.183184524554
2012-11-03 22:29:33,39121,1,9.91391322842,-0.14345243378
2012-11-03 22:29:34,39122,1,9.40803516815,-0.505878060268
2012-11-03 22:29:35,39123,1,8.72730595238,-0.680729215774
2012-11-03 22:29:36,39124,1,8.08928515848,-0.638020793899
2012-11-03 22:29:37,39125,1,7.58578823363,-0.503496924851
2012-11-03 22:29:38,39126,1,7.23296093229,-0.352827301339
2012-11-03 22:29:39,39127,1,7.07537168899,-0.157589243304
2012-11-03 22:29:40,39128,1,7.15386875967,0.0784970706845
2012-11-03 22:29:41,39129,1,7.39308014881,0.239211389137
2012-11-03 22:29:42,39130,1,7.54962786235,0.156547713542
2012-11-03 22:29:43,39131,1,7.32924100298,-0.220386859375
2012-11-03 22:29:44,39132,1,6.64873500521,-0.680505997768
2012-11-03 22:29:45,39133,1,5.8054313378,-0.843303667411
2012-11-03 22:29:46,39134,1,5.37968720536,-0.42574413244
2012-11-03 22:29:47,39135,1,5.92700858929,0.547321383929
2012-11-03 22:29:48,39136,1,7.65468715997,1.72767857068
2012-11-03 22:29:49,39137,1,10.324181221,2.66949406101
2012-11-03 22:29:50,39138,1,13.4043151406,3.08013391964
2012-11-03 22:29:51,39139,1,16.3123508222,2.90803568155
2012-11-03 22:29:52,39140,1,18.6730650595,2.36071423735
2012-11-03 22:29:53,39141,1,20.4493298839,1.7762648244
2012-11-03 22:29:54,39142,1,21.7781244963,1.32879461235
2012-11-03 22:29:55,39143,1,22.6688983415,0.890773845238
2012-11-03 22:29:56,39144,1,22.8145085588,0.145610217262
2012-11-03 22:29:57,39145,1,21.7012646064,-1.11324395238
2012-11-03 22:29:58,39146,1,19.1329610342,-2.56830357217
2012-11-03 22:29:59,39147,1,15.7571424464,-3.3758185878
2012-11-03 22:30:00,39148,1,12.9124249933,-2.84471745312
2012-11-03 22:30:01,39149,1,11.8563981124,-1.05602688095
2012-11-03 22:30:02,39150,1,13.0693446302,1.21294651786
2012-11-03 22:30:03,39151,1,16.1092258051,3.03988117485
2012-11-03 22:30:04,39152,1,20.0427825893,3.93355678423
2012-11-03 22:30:05,39153,1,24.0598958497,4.01711326042
2012-11-03 22:30:06,39154,1,27.7414435305,3.6815476808
2012-11-03 22:30:07,39155,1,30.9331845625,3.19174103199
2012-11-03 22:30:08,39156,1,33.5995534606,2.66636889807
2012-11-03 22:30:09,39157,1,35.8295382865,2.22998482589
2012-11-03 22:30:10,39158,1,37.8436748132,2.01413652679
2012-11-03 22:30:11,39159,1,39.8747013304,2.03102651711
2012-11-03 22:30:12,39160,1,41.9961298996,2.1214285692
2012-11-03 22:30:13,39161,1,44.0353414792,2.03921157961
2012-11-03 22:30:14,39162,1,45.6514133281,1.61607184896
2012-11-03 22:30:15,39163,1,46.5579613013,0.906547973214
2012-11-03 22:30:16,39164,1,46.7238840387,0.165922737351
2012-11-03 22:30:17,39165,1,46.395089314,-0.328794724702
2012-11-03 22:30:18,39166,1,45.9447171689,-0.450372145089
2012-11-03 22:30:19,39167,1,45.6640623579,-0.280654811012
2012-11-03 22:30:20,39168,1,45.6497022924,-0.0143600654762
2012-11-03 22:30:21,39169,1,45.8676339643,0.217931671875
2012-11-03 22:30:22,39170,1,46.2875001429,0.419866178571
2012-11-03 22:30:23,39171,1,46.9325894561,0.645089313244
2012-11-03 22:30:24,39172,1,47.8218007366,0.889211280506
2012-11-03 22:30:25,39173,1,48.8875745045,1.06577376786
2012-11-03 22:30:26,39174,1,49.9624256362,1.0748511317
2012-11-03 22:30:27,39175,1,50.8636903988,0.901264762649
2012-11-03 22:30:28,39176,1,51.5012646213,0.63757422247
2012-11-03 22:30:29,39177,1,51.8930799494,0.391815328125
2012-11-03 22:30:30,39178,1,52.0855650759,0.192485126488
2012-11-03 22:30:31,39179,1,52.0941961994,0.0086311235119
2012-11-03 22:30:32,39180,1,51.920386907,-0.173809292411
2012-11-03 22:30:33,39181,1,51.5946430446,-0.325743862351
2012-11-03 22:30:34,39182,1,51.1916669658,-0.402976078869
2012-11-03 22:30:35,39183,1,50.7917414338,-0.399925531994
2012-11-03 22:30:36,39184,1,50.4377235841,-0.354017849702
2012-11-03 22:30:37,39185,1,50.161607407,-0.276116177083
2012-11-03 22:30:38,39186,1,50.016592276,-0.145015130952
2012-11-03 22:30:39,39187,1,50.0534223222,0.0368300461309
2012-11-03 22:30:40,39188,1,50.2995530461,0.246130723958
2012-11-03 22:30:41,39189,1,50.7392850818,0.439732035714
2012-11-03 22:30:42,39190,1,51.2825886079,0.543303526042
2012-11-03 22:30:43,39191,1,51.7777522626,0.495163654762
2012-11-03 22:30:44,39192,1,52.0660706369,0.288318374256
2012-11-03 22:30:45,39193,1,52.0665913527,0.000520715773803
2012-11-03 22:30:46,39194,1,51.8534216838,-0.213169668899
2012-11-03 22:30:47,39195,1,51.6105647195,-0.242856964286
2012-11-03 22:30:48,39196,1,51.4927822946,-0.117782424851
2012-11-03 22:30:49,39197,1,51.5494789442,0.0566966495535
2012-11-03 22:30:50,39198,1,51.7456842046,0.196205260417
2012-11-03 22:30:51,39199,1,52.025966497,0.280282292411
2012-11-03 22:30:52,39200,1,52.3534956741,0.327529177083
2012-11-03 22:30:53,39201,1,52.6693434405,0.315847766369
2012-11-03 22:30:54,39202,1,52.8622004048,0.192856964286
2012-11-03 22:30:55,39203,1,52.8567688988,-0.0054315059524
2012-11-03 22:30:56,39204,1,52.7000726592,-0.156696239583
2012-11-03 22:30:57,39205,1,52.483480747,-0.216591912202
2012-11-03 22:30:58,39206,1,52.1968740893,-0.286606657738
2012-11-03 22:30:59,39207,1,51.7233626406,-0.473511448661
2012-11-03 22:31:00,39208,1,50.9779759866,-0.745386654018
2012-11-03 22:31:01,39209,1,50.0054313296,-0.972544656994
2012-11-03 22:31:02,39210,1,48.8919638765,-1.11346745313
2012-11-03 22:31:03,39211,1,47.5565470476,-1.33541682887
2012-11-03 22:31:04,39212,1,45.7103417076,-1.84620534003
2012-11-03 22:31:05,39213,1,43.1217257969,-2.58861591071
2012-11-03 22:31:06,39214,1,39.8684521808,-3.25327361607
2012-11-03 22:31:07,39215,1,36.2607886324,-3.60766354836
2012-11-03 22:31:08,39216,1,32.5680803281,-3.69270830432
2012-11-03 22:31:09,39217,1,28.8572915603,-3.71078876786
2012-11-03 22:31:10,39218,1,25.0836307388,-3.77366082143
2012-11-03 22:31:11,39219,1,21.2991068452,-3.7845238936
2012-11-03 22:31:12,39220,1,17.6871193632,-3.61198748206
2012-11-03 22:31:13,39221,1,14.3868878826,-3.30023148057
2012-11-03 22:31:14,39222,1,11.3991316493,-2.9877562333
2012-11-03 22:31:15,39223,1,8.70896969081,-2.6901619585
2012-11-03 22:31:16,39224,1,6.42545456093,-2.28351512988
2012-11-03 22:31:17,39225,1,4.74915665427,-1.67629790666
2012-11-03 22:31:18,39226,1,3.80742381862,-0.941732835648
2012-11-03 22:31:19,39227,1,3.51464925529,-0.292774563327
2012-11-03 22:31:20,39228,1,3.59965244841,0.0850031931217
2012-11-03 22:31:21,39229,1,3.78225815435,0.182605705936
2012-11-03 22:31:22,39230,1,3.9049432266,0.122685072255
2012-11-03 22:31:23,39231,1,3.99201321825,0.0870699916501
2012-11-03 22:31:24,39232,1,4.35893605423,0.366922835979
2012-11-03 22:31:25,39233,1,5.57873589418,1.21979983995
2012-11-03 22:31:26,39234,1,8.1134167438,2.53468084962
2012-11-03 22:31:27,39235,1,11.9276694361,3.81425269229
2012-11-03 22:31:28,39236,1,16.444823993,4.51715455688
2012-11-03 22:31:29,39237,1,20.883531161,4.43870716799
2012-11-03 22:31:30,39238,1,24.7528434277,3.8693122667
2012-11-03 22:31:31,39239,1,28.0291000401,3.27625661243
2012-11-03 22:31:32,39240,1,30.875073904,2.84597386392
2012-11-03 22:31:33,39241,1,33.3871275216,2.51205361756
2012-11-03 22:31:34,39242,1,35.6299847024,2.2428571808
2012-11-03 22:31:35,39243,1,37.7157733579,2.08578865551
2012-11-03 22:31:36,39244,1,39.7646572202,2.04888386235
2012-11-03 22:31:37,39245,1,41.7933030551,2.02864583482
2012-11-03 22:31:38,39246,1,43.6511901079,1.85788705283
2012-11-03 22:31:39,39247,1,45.119196279,1.46800617113
2012-11-03 22:31:40,39248,1,46.0932290699,0.974032790923
2012-11-03 22:31:41,39249,1,46.6470235156,0.553794445685
2012-11-03 22:31:42,39250,1,46.933779247,0.286755731399
2012-11-03 22:31:43,39251,1,47.0755947135,0.141815466518
2012-11-03 22:31:44,39252,1,47.1433032396,0.0677085260416
2012-11-03 22:31:45,39253,1,47.1899552329,0.0466519933036
2012-11-03 22:31:46,39254,1,47.265922494,0.0759672611607
2012-11-03 22:31:47,39255,1,47.3870531436,0.121130649554
2012-11-03 22:31:48,39256,1,47.4943443452,0.107291201637
2012-11-03 22:31:49,39257,1,47.4768588378,-0.0174855074405
2012-11-03 22:31:50,39258,1,47.2687485618,-0.208110276042
2012-11-03 22:31:51,39259,1,46.9293141473,-0.339434414434
2012-11-03 22:31:52,39260,1,46.585862058,-0.343452089286
2012-11-03 22:31:53,39261,1,46.2774546101,-0.308407447917
2012-11-03 22:31:54,39262,1,45.9121273616,-0.365327248512
2012-11-03 22:31:55,39263,1,45.3996273289,-0.512500032738
2012-11-03 22:31:56,39264,1,44.7635408966,-0.636086432292
2012-11-03 22:31:57,39265,1,44.0967996376,-0.666741258929
2012-11-03 22:31:58,39266,1,43.4444928564,-0.65230678125
2012-11-03 22:31:59,39267,1,42.7580343497,-0.686458506696
2012-11-03 22:32:00,39268,1,41.9742546064,-0.783779743304
2012-11-03 22:32:01,39269,1,41.123734029,-0.850520577381
2012-11-03 22:32:02,39270,1,40.3000737009,-0.823660328125
2012-11-03 22:32:03,39271,1,39.5005204115,-0.799553289435
2012-11-03 22:32:04,39272,1,38.5456841354,-0.954836276042
2012-11-03 22:32:05,39273,1,37.1780500938,-1.36763404167
2012-11-03 22:32:06,39274,1,35.2415172738,-1.93653281994
2012-11-03 22:32:07,39275,1,32.7806541957,-2.46086307813
2012-11-03 22:32:08,39276,1,29.9694935818,-2.81116061384
2012-11-03 22:32:09,39277,1,26.9771574077,-2.99233617411
2012-11-03 22:32:10,39278,1,23.9110861042,-3.06607130357
2012-11-03 22:32:11,39279,1,20.8045633849,-3.10652271925
2012-11-03 22:32:12,39280,1,17.6193947728,-3.1851686121
2012-11-03 22:32:13,39281,1,14.3202379747,-3.29915679812
2012-11-03 22:32:14,39282,1,10.9837795476,-3.33645842708
2012-11-03 22:32:15,39283,1,7.84188962054,-3.14188992708
2012-11-03 22:32:16,39284,1,5.2627229933,-2.57916662723
2012-11-03 22:32:17,39285,1,3.71624491468,-1.54647807862
2012-11-03 22:32:18,39286,1,3.65689480556,-0.059350109127
2012-11-03 22:32:19,39287,1,5.30706845833,1.65017365278
2012-11-03 22:32:20,39288,1,8.50632442113,3.1992559628
2012-11-03 22:32:21,39289,1,12.7211309717,4.2148065506
2012-11-03 22:32:22,39290,1,17.2280505699,4.50691959821
2012-11-03 22:32:23,39291,1,21.4689234214,4.24087285144
2012-11-03 22:32:24,39292,1,25.3039181843,3.8349947629
2012-11-03 22:32:25,39293,1,28.8701629539,3.56624476959
2012-11-03 22:32:26,39294,1,32.2631687879,3.39300583408
2012-11-03 22:32:27,39295,1,35.4295379196,3.1663691317
2012-11-03 22:32:28,39296,1,38.2735112969,2.84397337723
2012-11-03 22:32:29,39297,1,40.7613089546,2.48779765774
2012-11-03 22:32:30,39298,1,42.9296867879,2.16837783333
2012-11-03 22:32:31,39299,1,44.8215020841,1.89181529613
2012-11-03 22:32:32,39300,1,46.4330347932,1.61153270908
2012-11-03 22:32:33,39301,1,47.7604903542,1.32745556101
2012-11-03 22:32:34,39302,1,48.8754460573,1.11495570312
2012-11-03 22:32:35,39303,1,49.9001487143,1.02470265699
2012-11-03 22:32:36,39304,1,50.9174106808,1.01726196652
2012-11-03 22:32:37,39305,1,51.9223212716,1.00491059077
2012-11-03 22:32:38,39306,1,52.8610115387,0.938690267113
2012-11-03 22:32:39,39307,1,53.7231393155,0.862127776786
2012-11-03 22:32:40,39308,1,54.5744785104,0.85133919494
2012-11-03 22:32:41,39309,1,55.4770827366,0.90260422619
2012-11-03 22:32:42,39310,1,56.3846721927,0.907589456101
2012-11-03 22:32:43,39311,1,57.1115325074,0.726860314732
2012-11-03 22:32:44,39312,1,57.4145087835,0.302976276042
2012-11-03 22:32:45,39313,1,57.1385414278,-0.275967355655
2012-11-03 22:32:46,39314,1,56.2954609196,-0.843080508185
2012-11-03 22:32:47,39315,1,55.0290918251,-1.26636909449
2012-11-03 22:32:48,39316,1,53.5354163229,-1.49367550223
2012-11-03 22:32:49,39317,1,51.9791664978,-1.55624982515
2012-11-03 22:32:50,39318,1,50.4247767626,-1.55438973512
2012-11-03 22:32:51,39319,1,48.8260416786,-1.59873508408
2012-11-03 22:32:52,39320,1,47.0731398579,-1.75290182068
2012-11-03 22:32:53,39321,1,45.0595237351,-2.01361612277
2012-11-03 22:32:54,39322,1,42.758928404,-2.3005953311
2012-11-03 22:32:55,39323,1,40.2650294695,-2.49389893452
2012-11-03 22:32:56,39324,1,37.7268597344,-2.53816973512
2012-11-03 22:32:57,39325,1,35.2166662426,-2.51019349182
2012-11-03 22:32:58,39326,1,32.6258180275,-2.59084821503
2012-11-03 22:32:59,39327,1,29.6693448281,-2.9564731994
2012-11-03 22:33:00,39328,1,26.0326632666,-3.63668156151
2012-11-03 22:33:01,39329,1,21.5805798915,-4.45208337512
2012-11-03 22:33:02,39330,1,16.5235114397,-5.05706845176
2012-11-03 22:33:03,39331,1,11.4609371137,-5.06257432602
2012-11-03 22:33:04,39332,1,7.18310984276,-4.27782727096
2012-11-03 22:33:05,39333,1,4.28087777083,-2.90223207192
2012-11-03 22:33:06,39334,1,2.84747001736,-1.43340775347
2012-11-03 22:33:07,39335,1,2.47503687326,-0.372433144097
2012-11-03 22:33:08,39336,1,2.62202331622,0.146986442956
2012-11-03 22:33:09,39337,1,3.20066897793,0.578645661706
2012-11-03 22:33:10,39338,1,4.76629382639,1.56562484846
2012-11-03 22:33:11,39339,1,7.94817615699,3.18188233061
2012-11-03 22:33:12,39340,1,12.7398800032,4.79170384623
2012-11-03 22:33:13,39341,1,18.3844113669,5.64453136372
2012-11-03 22:33:14,39342,1,23.8444934353,5.46008206833
2012-11-03 22:33:15,39343,1,28.4293894478,4.58489601252
2012-11-03 22:33:16,39344,1,32.091963816,3.66257436818
2012-11-03 22:33:17,39345,1,35.1603043445,3.06834052852
2012-11-03 22:33:18,39346,1,37.8918889278,2.73158458333
2012-11-03 22:33:19,39347,1,40.3549097582,2.46302083036
2012-11-03 22:33:20,39348,1,42.5584070558,2.20349729762
2012-11-03 22:33:21,39349,1,44.5293895692,1.97098251339
2012-11-03 22:33:22,39350,1,46.3223957329,1.79300616369
2012-11-03 22:33:23,39351,1,48.0143599777,1.69196424479
2012-11-03 22:33:24,39352,1,49.6436009033,1.6292409256
2012-11-03 22:33:25,39353,1,51.1579609591,1.5143600558
2012-11-03 22:33:26,39354,1,52.4653270818,1.30736612277
2012-11-03 22:33:27,39355,1,53.5026783586,1.03735127679
2012-11-03 22:33:28,39356,1,54.237871875,0.735193516369
2012-11-03 22:33:29,39357,1,54.6607885789,0.422916703869
2012-11-03 22:33:30,39358,1,54.7902528579,0.129464279018
2012-11-03 22:33:31,39359,1,54.6728420342,-0.117410823661
2012-11-03 22:33:32,39360,1,54.3918894375,-0.280952596726
2012-11-03 22:33:33,39361,1,54.0624249673,-0.329464470238
2012-11-03 22:33:34,39362,1,53.7747017991,-0.287723168155
2012-11-03 22:33:35,39363,1,53.550743817,-0.223957982143
2012-11-03 22:33:36,39364,1,53.3750002463,-0.175743570685
2012-11-03 22:33:37,39365,1,53.2558041079,-0.119196138393
2012-11-03 22:33:38,39366,1,53.2450153802,-0.0107887276786
2012-11-03 22:33:39,39367,1,53.3915181272,0.146502747024
2012-11-03 22:33:40,39368,1,53.6690476868,0.277529559524
2012-11-03 22:33:41,39369,1,53.9622767775,0.293229090774
2012-11-03 22:33:42,39370,1,54.1517857046,0.189508927083
2012-11-03 22:33:43,39371,1,54.2174850923,0.0656993876488
2012-11-03 22:33:44,39372,1,54.2483630164,0.0308779241071
2012-11-03 22:33:45,39373,1,54.3646575878,0.116294571429
2012-11-03 22:33:46,39374,1,54.6429312731,0.278273685268
2012-11-03 22:33:47,39375,1,55.0900292582,0.447097985119
2012-11-03 22:33:48,39376,1,55.6499247961,0.559895537947
2012-11-03 22:33:49,39377,1,56.2251477984,0.575223002232
2012-11-03 22:33:50,39378,1,56.7179305357,0.492782737351
2012-11-03 22:33:51,39379,1,57.0764872634,0.358556727678
2012-11-03 22:33:52,39380,1,57.2902523185,0.21376505506
2012-11-03 22:33:53,39381,1,57.3444933661,0.054241047619
2012-11-03 22:33:54,39382,1,57.228719346,-0.115774020089
2012-11-03 22:33:55,39383,1,56.9820673899,-0.246651956101
2012-11-03 22:33:56,39384,1,56.6648799531,-0.317187436756
2012-11-03 22:33:57,39385,1,56.2799844018,-0.384895551339
2012-11-03 22:33:58,39386,1,55.7587793728,-0.521205029018
2012-11-03 22:33:59,39387,1,55.0451634754,-0.713615897321
2012-11-03 22:34:00,39388,1,54.1870532954,-0.858110180059
2012-11-03 22:34:01,39389,1,53.306398343,-0.880654952381
2012-11-03 22:34:02,39390,1,52.5057285714,-0.800669771577
2012-11-03 22:34:03,39391,1,51.87738041,-0.628348161458
2012-11-03 22:34:04,39392,1,51.546353843,-0.331026566964
2012-11-03 22:34:05,39393,1,51.6115326815,0.0651788385416
2012-11-03 22:34:06,39394,1,52.0449405513,0.433407869792
2012-11-03 22:34:07,39395,1,52.6492558765,0.604315325149
2012-11-03 22:34:08,39396,1,53.1604162433,0.511160366816
2012-11-03 22:34:09,39397,1,53.4550588118,0.294642568452
2012-11-03 22:34:10,39398,1,53.6078860603,0.152827248512
2012-11-03 22:34:11,39399,1,53.7497014464,0.141815386161
2012-11-03 22:34:12,39400,1,53.9497012984,0.199999851934
2012-11-03 22:34:13,39401,1,54.1939719628,0.244270664434
2012-11-03 22:34:14,39402,1,54.4102665595,0.216294596726
2012-11-03 22:34:15,39403,1,54.5202369881,0.109970428571
2012-11-03 22:34:16,39404,1,54.4744784397,-0.0457585483631
2012-11-03 22:34:17,39405,1,54.2642853951,-0.210193044643
2012-11-03 22:34:18,39406,1,53.9293898676,-0.33489552753
2012-11-03 22:34:19,39407,1,53.5325150305,-0.396874837054
2012-11-03 22:34:20,39408,1,53.1106400677,-0.421874962798
2012-11-03 22:34:21,39409,1,52.6675597009,-0.443080366815
2012-11-03 22:34:22,39410,1,52.2161460551,-0.451413645833
2012-11-03 22:34:23,39411,1,51.8029020781,-0.413243976934
2012-11-03 22:34:24,39412,1,51.4889883095,-0.313913768601
2012-11-03 22:34:25,39413,1,51.3306546205,-0.158333688988
2012-11-03 22:34:26,39414,1,51.3526034539,0.0219488333333
2012-11-03 22:34:27,39415,1,51.5161445789,0.163541125
2012-11-03 22:34:28,39416,1,51.7522306332,0.236086054315
2012-11-03 22:34:29,39417,1,52.0147306823,0.262500049107
2012-11-03 22:34:30,39418,1,52.2672606034,0.252529921131
2012-11-03 22:34:31,39419,1,52.4768589442,0.209598340774
2012-11-03 22:34:32,39420,1,52.6476179509,0.170759006696
2012-11-03 22:34:33,39421,1,52.8090763713,0.161458420387
2012-11-03 22:34:34,39422,1,52.9776777656,0.168601394345
2012-11-03 22:34:35,39423,1,53.1465769092,0.168899143601
2012-11-03 22:34:36,39424,1,53.2773807686,0.130803859375
2012-11-03 22:34:37,39425,1,53.3088540402,0.0314732715774
2012-11-03 22:34:38,39426,1,53.2206098095,-0.0882442306548
2012-11-03 22:34:39,39427,1,53.0938982359,-0.126711573661
2012-11-03 22:34:40,39428,1,53.0851183519,-0.0087798839286
2012-11-03 22:34:41,39429,1,53.3256690811,0.240550729167
2012-11-03 22:34:42,39430,1,53.8464282835,0.520759202381
2012-11-03 22:34:43,39431,1,54.5840772768,0.737648993304
2012-11-03 22:34:44,39432,1,55.4386159635,0.854538686756
2012-11-03 22:34:45,39433,1,56.3344492054,0.895833241815
2012-11-03 22:34:46,39434,1,57.244865817,0.910416611607
2012-11-03 22:34:47,39435,1,58.1607140275,0.915848210565
2012-11-03 22:34:48,39436,1,59.0494789085,0.888764880952
2012-11-03 22:34:49,39437,1,59.8628717545,0.813392845982
2012-11-03 22:34:50,39438,1,60.5723211957,0.70944944122
2012-11-03 22:34:51,39439,1,61.1735862515,0.601265055804
2012-11-03 22:34:52,39440,1,61.6659228757,0.492336624256
2012-11-03 22:34:53,39441,1,62.0431553289,0.377232453125
2012-11-03 22:34:54,39442,1,62.2898072612,0.246651932292
2012-11-03 22:34:55,39443,1,62.3830363854,0.093229124256
2012-11-03 22:34:56,39444,1,62.3157743043,-0.0672620811012
2012-11-03 22:34:57,39445,1,62.1093007879,-0.206473516369
2012-11-03 22:34:58,39446,1,61.797321186,-0.311979601935
2012-11-03 22:34:59,39447,1,61.4177075967,-0.379613589286
2012-11-03 22:35:00,39448,1,61.0213530253,-0.396354571429
2012-11-03 22:35:01,39449,1,60.6670373839,-0.354315641369
2012-11-03 22:35:02,39450,1,60.3950881146,-0.271949269345
2012-11-03 22:35:03,39451,1,60.2058027374,-0.189285377232
2012-11-03 22:35:04,39452,1,60.0598209412,-0.145981796131
2012-11-03 22:35:05,39453,1,59.9024550729,-0.157365868304
2012-11-03 22:35:06,39454,1,59.7062497024,-0.196205370536
2012-11-03 22:35:07,39455,1,59.490401279,-0.215848423363
2012-11-03 22:35:08,39456,1,59.2896569829,-0.200744296131
2012-11-03 22:35:09,39457,1,59.1268592917,-0.16279769122
2012-11-03 22:35:10,39458,1,59.0204606369,-0.106398654762
2012-11-03 22:35:11,39459,1,58.9819935722,-0.0384670647322
2012-11-03 22:35:12,39460,1,59.0005203951,0.0185268229167
2012-11-03 22:35:13,39461,1,59.0452374963,0.0447171011905
2012-11-03 22:35:14,39462,1,59.0792402254,0.0340027291666
2012-11-03 22:35:15,39463,1,59.0816954122,0.002455186756
2012-11-03 22:35:16,39464,1,59.0658471689,-0.0158482433036
2012-11-03 22:35:17,39465,1,59.056248974,-0.0095981949405
2012-11-03 22:35:18,39466,1,59.0491804955,-0.0070684784226
2012-11-03 22:35:19,39467,1,59.013615003,-0.0355654925595
2012-11-03 22:35:20,39468,1,58.9233621563,-0.0902528467262
2012-11-03 22:35:21,39469,1,58.7740321153,-0.149330040923
2012-11-03 22:35:22,39470,1,58.578124747,-0.195907368304
2012-11-03 22:35:23,39471,1,58.3589285119,-0.219196235119
2012-11-03 22:35:24,39472,1,58.1434521696,-0.215476342262
2012-11-03 22:35:25,39473,1,57.9494785067,-0.193973662946
2012-11-03 22:35:26,39474,1,57.7803560201,-0.169122486607
2012-11-03 22:35:27,39475,1,57.6273796451,-0.152976375
2012-11-03 22:35:28,39476,1,57.4699393192,-0.157440325893
2012-11-03 22:35:29,39477,1,57.2860854621,-0.183853857143
2012-11-03 22:35:30,39478,1,57.0701630863,-0.215922375744
2012-11-03 22:35:31,39479,1,56.8344488891,-0.235714197173
2012-11-03 22:35:32,39480,1,56.6086304524,-0.225818436756
2012-11-03 22:35:33,39481,1,56.4423358259,-0.166294626488
2012-11-03 22:35:34,39482,1,56.3811006957,-0.0612351302084
2012-11-03 22:35:35,39483,1,56.4373506473,0.0562499516369
2012-11-03 22:35:36,39484,1,56.5902523921,0.152901744792
2012-11-03 22:35:37,39485,1,56.7913684546,0.2011160625
2012-11-03 22:35:38,39486,1,56.9749250134,0.18355655878
2012-11-03 22:35:39,39487,1,57.0811750112,0.106249997768
2012-11-03 22:35:40,39488,1,57.0637642872,-0.0174107239583
2012-11-03 22:35:41,39489,1,56.9020083832,-0.161755904018
2012-11-03 22:35:42,39490,1,56.6392852693,-0.262723113839
2012-11-03 22:35:43,39491,1,56.377157343,-0.262127926339
2012-11-03 22:35:44,39492,1,56.2015620558,-0.175595287202
2012-11-03 22:35:45,39493,1,56.1191214568,-0.0824405989584
2012-11-03 22:35:46,39494,1,56.059151035,-0.059970421875
2012-11-03 22:35:47,39495,1,55.9226180714,-0.136532963542
2012-11-03 22:35:48,39496,1,55.6033470521,-0.319271019345
2012-11-03 22:35:49,39497,1,54.9679303728,-0.635416679315
2012-11-03 22:35:50,39498,1,53.8939722887,-1.07395808408
2012-11-03 22:35:51,39499,1,52.3658476935,-1.52812459524
2012-11-03 22:35:52,39500,1,50.494196186,-1.87165150744
2012-11-03 22:35:53,39501,1,48.420981846,-2.07321434003
2012-11-03 22:35:54,39502,1,46.1880946176,-2.23288722842
2012-11-03 22:35:55,39503,1,43.6880198906,-2.50007472693
2012-11-03 22:35:56,39504,1,40.782216247,-2.9058036436
2012-11-03 22:35:57,39505,1,37.4692700238,-3.31294622321
2012-11-03 22:35:58,39506,1,33.8789429509,-3.59032707292
2012-11-03 22:35:59,39507,1,30.1121276994,-3.76681525149
2012-11-03 22:36:00,39508,1,26.1638390952,-3.94828860417
2012-11-03 22:36:01,39509,1,22.0013391205,-4.1624999747
2012-11-03 22:36:02,39510,1,17.6681546555,-4.33318446503
2012-11-03 22:36:03,39511,1,13.3567708051,-4.31138385045
2012-11-03 22:36:04,39512,1,9.43236604464,-3.92440476042
2012-11-03 22:36:05,39513,1,6.36034211458,-3.07202393006
2012-11-03 22:36:06,39514,1,4.61116037426,-1.74918174033
2012-11-03 22:36:07,39515,1,4.5716512686,-0.0395091056548
2012-11-03 22:36:08,39516,1,6.34501428125,1.77336301265
2012-11-03 22:36:09,39517,1,9.56309468378,3.21808040253
2012-11-03 22:36:10,39518,1,13.4923358624,3.92924117857
2012-11-03 22:36:11,39519,1,17.3651781629,3.8728423006
2012-11-03 22:36:12,39520,1,20.6573655774,3.29218741443
2012-11-03 22:36:13,39521,1,23.1920380647,2.53467248735
2012-11-03 22:36:14,39522,1,25.0774546771,1.88541661235
2012-11-03 22:36:15,39523,1,26.5525291339,1.47507445685
2012-11-03 22:36:16,39524,1,27.8637643073,1.31123517336
2012-11-03 22:36:17,39525,1,29.1970976004,1.33333329315
2012-11-03 22:36:18,39526,1,30.6070677359,1.40997013542
2012-11-03 22:36:19,39527,1,32.0016361146,1.39456837872
2012-11-03 22:36:20,39528,1,33.2527521778,1.25111606324
2012-11-03 22:36:21,39529,1,34.2912194472,1.03846726935
2012-11-03 22:36:22,39530,1,35.0691211875,0.777901740327
2012-11-03 22:36:23,39531,1,35.5272312374,0.458110049851
2012-11-03 22:36:24,39532,1,35.668079465,0.140848227679
2012-11-03 22:36:25,39533,1,35.6156242604,-0.0524552046131
2012-11-03 22:36:26,39534,1,35.5507435878,-0.0648806726191
2012-11-03 22:36:27,39535,1,35.5776040536,0.0268604657738
2012-11-03 22:36:28,39536,1,35.6608632656,0.0832592120536
2012-11-03 22:36:29,39537,1,35.7006698981,0.0398066324405
2012-11-03 22:36:30,39538,1,35.653422724,-0.0472471741072
2012-11-03 22:36:31,39539,1,35.5542408862,-0.0991818377976
2012-11-03 22:36:32,39540,1,35.446651343,-0.107589543155
2012-11-03 22:36:33,39541,1,35.3429309673,-0.103720375744
2012-11-03 22:36:34,39542,1,35.2299100402,-0.113020927083
2012-11-03 22:36:35,39543,1,35.0517104978,-0.178199542411
2012-11-03 22:36:36,39544,1,34.7085555781,-0.343154919643
2012-11-03 22:36:37,39545,1,34.149478122,-0.559077456101
2012-11-03 22:36:38,39546,1,33.5026032232,-0.64687489881
2012-11-03 22:36:39,39547,1,33.0861600327,-0.416443190476
2012-11-03 22:36:40,39548,1,33.2332585595,0.147098526786
2012-11-03 22:36:41,39549,1,34.0777528832,0.844494323661
2012-11-03 22:36:42,39550,1,35.4988840141,1.42113113095
2012-11-03 22:36:43,39551,1,37.2327381801,1.73385416592
2012-11-03 22:36:44,39552,1,39.0290921295,1.7963539494
2012-11-03 22:36:45,39553,1,40.7447167686,1.71562463914
2012-11-03 22:36:46,39554,1,42.3253711637,1.58065439509
2012-11-03 22:36:47,39555,1,43.7540911496,1.42871998586
2012-11-03 22:36:48,39556,1,45.0424095179,1.2883183683
2012-11-03 22:36:49,39557,1,46.2069184955,1.16450897768
2012-11-03 22:36:50,39558,1,47.2252965677,1.01837807217
2012-11-03 22:36:51,39559,1,48.0487341607,0.823437593006
2012-11-03 22:36:52,39560,1,48.6465021124,0.597767951637
2012-11-03 22:36:53,39561,1,49.0256688676,0.379166755208
2012-11-03 22:36:54,39562,1,49.2270081853,0.201339317708
2012-11-03 22:36:55,39563,1,49.2947908475,0.0677826622023
2012-11-03 22:36:56,39564,1,49.2273055744,-0.0674852730654
2012-11-03 22:36:57,39565,1,48.9491804821,-0.278125092262
2012-11-03 22:36:58,39566,1,48.3383174829,-0.610862999256
2012-11-03 22:36:59,39567,1,47.2840022396,-1.0543152433
2012-11-03 22:37:00,39568,1,45.7309517961,-1.55305044345
2012-11-03 22:37:01,39569,1,43.701264186,-2.02968761012
2012-11-03 22:37:02,39570,1,41.2674841124,-2.43378007366
2012-11-03 22:37:03,39571,1,38.4840017284,-2.78348238393
2012-11-03 22:37:04,39572,1,35.3872011726,-3.0968005558
2012-11-03 22:37:05,39573,1,32.0547609702,-3.33244020238
2012-11-03 22:37:06,39574,1,28.5883922426,-3.46636872768
2012-11-03 22:37:07,39575,1,25.0367555655,-3.55163667708
2012-11-03 22:37:08,39576,1,21.3590522773,-3.67770328819
2012-11-03 22:37:09,39577,1,17.4695929043,-3.88945937302
2012-11-03 22:37:10,39578,1,13.3971721347,-4.07242076959
2012-11-03 22:37:11,39579,1,9.44769278571,-3.94947934896
2012-11-03 22:37:12,39580,1,6.13154676339,-3.31614602232
2012-11-03 22:37:13,39581,1,3.95758830283,-2.17395846057
2012-11-03 22:37:14,39582,1,3.38129861508,-0.576289687748
2012-11-03 22:37:15,39583,1,4.73283644296,1.35153782788
2012-11-03 22:37:16,39584,1,7.94605592336,3.21321948041
2012-11-03 22:37:17,39585,1,12.4288686897,4.48281276637
2012-11-03 22:37:18,39586,1,17.2684522016,4.8395835119
2012-11-03 22:37:19,39587,1,21.6400295796,4.37157737798
2012-11-03 22:37:20,39588,1,25.233010589,3.59298100942
2012-11-03 22:37:21,39589,1,28.2851433938,3.05213280481
2012-11-03 22:37:22,39590,1,31.1284221161,2.84327872222
2012-11-03 22:37:23,39591,1,33.8225440997,2.69412198363
2012-11-03 22:37:24,39592,1,36.2276779077,2.40513380804
2012-11-03 22:37:25,39593,1,38.2567700186,2.02909211086
2012-11-03 22:37:26,39594,1,39.9717253214,1.71495530283
2012-11-03 22:37:27,39595,1,41.4686748266,1.49694950521
2012-11-03 22:37:28,39596,1,42.7482137426,1.27953891592
2012-11-03 22:37:29,39597,1,43.7302080543,0.981994311756
2012-11-03 22:37:30,39598,1,44.3753719182,0.645163863839
2012-11-03 22:37:31,39599,1,44.7647320446,0.389360126488
2012-11-03 22:37:32,39600,1,45.0153271756,0.250595130952
2012-11-03 22:37:33,39601,1,45.1395830193,0.12425584375
2012-11-03 22:37:34,39602,1,45.0613092202,-0.0782737991071
2012-11-03 22:37:35,39603,1,44.7412945179,-0.320014702381
2012-11-03 22:37:36,39604,1,44.2200893557,-0.521205162202
2012-11-03 22:37:37,39605,1,43.5275298296,-0.692559526042
2012-11-03 22:37:38,39606,1,42.5607141607,-0.966815668899
2012-11-03 22:37:39,39607,1,41.1264133519,-1.43430080878
2012-11-03 22:37:40,39608,1,39.1914430104,-1.93497034152
2012-11-03 22:37:41,39609,1,37.0573656912,-2.1340773192
2012-11-03 22:37:42,39610,1,35.2281247738,-1.82924091741
2012-11-03 22:37:43,39611,1,34.0928569576,-1.13526781622
2012-11-03 22:37:44,39612,1,33.6920382984,-0.400818659226
2012-11-03 22:37:45,39613,1,33.7394337664,0.047395468006
2012-11-03 22:37:46,39614,1,33.8430049063,0.103571139881
2012-11-03 22:37:47,39615,1,33.685266779,-0.157738127232
2012-11-03 22:37:48,39616,1,33.0480645915,-0.6372021875
2012-11-03 22:37:49,39617,1,31.7776035015,-1.27046109003
2012-11-03 22:37:50,39618,1,29.7864577589,-1.99114574256
2012-11-03 22:37:51,39619,1,27.1119041845,-2.6745535744
2012-11-03 22:37:52,39620,1,23.9837792158,-3.12812496875
2012-11-03 22:37:53,39621,1,20.8234370461,-3.16034216964
2012-11-03 22:37:54,39622,1,18.1503716533,-2.67306539286
2012-11-03 22:37:55,39623,1,16.3963538363,-1.75401781696
2012-11-03 22:37:56,39624,1,15.6841514606,-0.712202375744
2012-11-03 22:37:57,39625,1,15.7561752552,0.0720237946428
2012-11-03 22:37:58,39626,1,16.1372020417,0.381026786458
2012-11-03 22:37:59,39627,1,16.4150294658,0.277827424107
2012-11-03 22:38:00,39628,1,16.4862349025,0.071205436756
2012-11-03 22:38:01,39629,1,16.5865326198,0.100297717262
2012-11-03 22:38:02,39630,1,17.056175561,0.46964294122
2012-11-03 22:38:03,39631,1,18.0870535759,1.03087801488
2012-11-03 22:38:04,39632,1,19.650223221,1.56316964509
2012-11-03 22:38:05,39633,1,21.5483630982,1.89813987723
2012-11-03 22:38:06,39634,1,23.5247767939,1.97641369568
2012-11-03 22:38:07,39635,1,25.3854166778,1.86063988393
2012-11-03 22:38:08,39636,1,27.0386160417,1.65319936384
2012-11-03 22:38:09,39637,1,28.4559522269,1.41733618527
2012-11-03 22:38:10,39638,1,29.6399550156,1.18400278869
2012-11-03 22:38:11,39639,1,30.5915917433,0.951636727679
2012-11-03 22:38:12,39640,1,31.2811749874,0.689583244048
2012-11-03 22:38:13,39641,1,31.6863089568,0.405133969494
2012-11-03 22:38:14,39642,1,31.8427823155,0.156473358631
2012-11-03 22:38:15,39643,1,31.8211307001,-0.0216516153274
2012-11-03 22:38:16,39644,1,31.6677826257,-0.153348074405
2012-11-03 22:38:17,39645,1,31.3697916458,-0.297990979911
2012-11-03 22:38:18,39646,1,30.8532738214,-0.516517824405
2012-11-03 22:38:19,39647,1,30.0230654554,-0.830208366072
2012-11-03 22:38:20,39648,1,28.8256695305,-1.19739592485
2012-11-03 22:38:21,39649,1,27.2619045097,-1.56376502083
2012-11-03 22:38:22,39650,1,25.342931125,-1.91897338467
2012-11-03 22:38:23,39651,1,23.125148244,-2.21778288095
2012-11-03 22:38:24,39652,1,20.8406243988,-2.28452384524
2012-11-03 22:38:25,39653,1,18.9227673445,-1.91785705432
2012-11-03 22:38:26,39654,1,17.841219869,-1.08154747545
2012-11-03 22:38:27,39655,1,17.8573658036,0.0161459345238
2012-11-03 22:38:28,39656,1,18.8503717418,0.993005938244
2012-11-03 22:38:29,39657,1,20.3744787567,1.52410701488
2012-11-03 22:38:30,39658,1,21.9459815908,1.57150283408
2012-11-03 22:38:31,39659,1,23.3008178519,1.35483626116
2012-11-03 22:38:32,39660,1,24.4199399301,1.11912207812
2012-11-03 22:38:33,39661,1,25.3755947827,0.955654852679
2012-11-03 22:38:34,39662,1,26.1672614985,0.791666715774
2012-11-03 22:38:35,39663,1,26.6903269286,0.52306543006
2012-11-03 22:38:36,39664,1,26.8610113504,0.170684421875
2012-11-03 22:38:37,39665,1,26.7433773847,-0.117633965774
2012-11-03 22:38:38,39666,1,26.5189727083,-0.224404676339
2012-11-03 22:38:39,39667,1,26.3505948653,-0.168377843006
2012-11-03 22:38:40,39668,1,26.2926336153,-0.05796125
2012-11-03 22:38:41,39669,1,26.2915174881,-0.0011161272322
2012-11-03 22:38:42,39670,1,26.2223953661,-0.0691221220238
2012-11-03 22:38:43,39671,1,25.9300590134,-0.292336352679
2012-11-03 22:38:44,39672,1,25.3028269115,-0.627232101935
2012-11-03 22:38:45,39673,1,24.3680055707,-0.934821340774
2012-11-03 22:38:46,39674,1,23.3150294688,-1.05297610193
2012-11-03 22:38:47,39675,1,22.4049105045,-0.910118964286
2012-11-03 22:38:48,39676,1,21.8246278609,-0.580282643601
2012-11-03 22:38:49,39677,1,21.5681547344,-0.256473126488
2012-11-03 22:38:50,39678,1,21.4198660804,-0.148288654018
2012-11-03 22:38:51,39679,1,21.065624971,-0.354241109375
2012-11-03 22:38:52,39680,1,20.2665921384,-0.799032832589
2012-11-03 22:38:53,39681,1,18.9854164457,-1.28117569271
2012-11-03 22:38:54,39682,1,17.3606396205,-1.62477682515
2012-11-03 22:38:55,39683,1,15.5309521682,-1.82968745238
2012-11-03 22:38:56,39684,1,13.4955356004,-2.03541656771
2012-11-03 22:38:57,39685,1,11.1943451711,-2.30119042932
2012-11-03 22:38:58,39686,1,8.75200877381,-2.44233639732
2012-11-03 22:38:59,39687,1,6.60870502604,-2.14330374777
2012-11-03 22:39:00,39688,1,5.31316917411,-1.29553585193
2012-11-03 22:39:01,39689,1,5.14315425595,-0.170014918155
2012-11-03 22:39:02,39690,1,5.93958283929,0.796428583333
2012-11-03 22:39:03,39691,1,7.25565423065,1.31607139137
2012-11-03 22:39:04,39692,1,8.66354099628,1.40788676563
2012-11-03 22:39:05,39693,1,10.0142104576,1.35066946131
2012-11-03 22:39:06,39694,1,11.4453859658,1.43117550818
2012-11-03 22:39:07,39695,1,13.1642848557,1.71889888988
2012-11-03 22:39:08,39696,1,15.2413683743,2.0770835186
2012-11-03 22:39:09,39697,1,17.5415917746,2.3002234003
2012-11-03 22:39:10,39698,1,19.792856785,2.25126501042
2012-11-03 22:39:11,39699,1,21.7392853996,1.94642861458
2012-11-03 22:39:12,39700,1,23.2581841629,1.51889876339
2012-11-03 22:39:13,39701,1,24.3546870499,1.0965028869
2012-11-03 22:39:14,39702,1,25.0863089836,0.73162193378
2012-11-03 22:39:15,39703,1,25.5258922292,0.439583245536
2012-11-03 22:39:16,39704,1,25.7719486897,0.246056460565
2012-11-03 22:39:17,39705,1,25.9306539658,0.158705276042
2012-11-03 22:39:18,39706,1,26.0594485491,0.128794583333
2012-11-03 22:39:19,39707,1,26.1524545037,0.0930059546131
2012-11-03 22:39:20,39708,1,26.2017849539,0.0493304501488
2012-11-03 22:39:21,39709,1,26.2505202381,0.0487352842262
2012-11-03 22:39:22,39710,1,26.3633180476,0.112797809524
2012-11-03 22:39:23,39711,1,26.5615324985,0.198214450893
2012-11-03 22:39:24,39712,1,26.8087796138,0.247247115327
2012-11-03 22:39:25,39713,1,27.0606397299,0.251860116071
2012-11-03 22:39:26,39714,1,27.3065474122,0.245907682292
2012-11-03 22:39:27,39715,1,27.5414432098,0.234895797619
2012-11-03 22:39:28,39716,1,27.7110860655,0.169642855655
2012-11-03 22:39:29,39717,1,27.7259669807,0.0148809151786
2012-11-03 22:39:30,39718,1,27.5526037493,-0.173363231399
2012-11-03 22:39:31,39719,1,27.2584815394,-0.294122209822
2012-11-03 22:39:32,39720,1,26.9257433504,-0.332738188988
2012-11-03 22:39:33,39721,1,26.5470232031,-0.378720147321
2012-11-03 22:39:34,39722,1,26.021651404,-0.525371799107
2012-11-03 22:39:35,39723,1,25.2118302024,-0.809821201637
2012-11-03 22:39:36,39724,1,23.9936755774,-1.218154625
2012-11-03 22:39:37,39725,1,22.2780506124,-1.71562496503
2012-11-03 22:39:38,39726,1,20.012797593,-2.26525301935
2012-11-03 22:39:39,39727,1,17.2124254799,-2.8003721131
2012-11-03 22:39:40,39728,1,14.0306545536,-3.18177092634
2012-11-03 22:39:41,39729,1,10.8435264993,-3.18712805432
2012-11-03 22:39:42,39730,1,8.22373474182,-2.61979175744
2012-11-03 22:39:43,39731,1,6.69918104241,-1.5245536994
2012-11-03 22:39:44,39732,1,6.44486543601,-0.254315606399
2012-11-03 22:39:45,39733,1,7.18697847991,0.742113043899
2012-11-03 22:39:46,39734,1,8.42559461384,1.23861613393
2012-11-03 22:39:47,39735,1,9.81168101935,1.38608640551
2012-11-03 22:39:48,39736,1,11.3293149494,1.51763393006
2012-11-03 22:39:49,39737,1,13.1296868378,1.80037188839
2012-11-03 22:39:50,39738,1,15.2566955848,2.12700874702
2012-11-03 22:39:51,39739,1,17.5473204955,2.29062491071
2012-11-03 22:39:52,39740,1,19.7606389933,2.21331849777
2012-11-03 22:39:53,39741,1,21.772841468,2.0122024747
2012-11-03 22:39:54,39742,1,23.6121272307,1.83928576265
2012-11-03 22:39:55,39743,1,25.3361599628,1.72403273214
2012-11-03 22:39:56,39744,1,26.9466510246,1.61049106176
2012-11-03 22:39:57,39745,1,28.3997760751,1.4531250506
2012-11-03 22:39:58,39746,1,29.6503714487,1.25059537351
2012-11-03 22:39:59,39747,1,30.6937495618,1.0433781131
2012-11-03 22:40:00,39748,1,31.5593745558,0.865624994048
2012-11-03 22:40:01,39749,1,32.2507434256,0.691368869792
2012-11-03 22:40:02,39750,1,32.7180051399,0.467261714286
2012-11-03 22:40:03,39751,1,32.9119039397,0.193898799851
2012-11-03 22:40:04,39752,1,32.8453118743,-0.0665920654761
2012-11-03 22:40:05,39753,1,32.5838537671,-0.261458107143
2012-11-03 22:40:06,39754,1,32.2069936949,-0.376860072173
2012-11-03 22:40:07,39755,1,31.7950887842,-0.411904910714
2012-11-03 22:40:08,39756,1,31.4029755499,-0.392113234375
2012-11-03 22:40:09,39757,1,30.992335718,-0.410639831845
2012-11-03 22:40:10,39758,1,30.3604906533,-0.631845064732
2012-11-03 22:40:11,39759,1,29.1476931354,-1.21279751786
2012-11-03 22:40:12,39760,1,26.9962049948,-2.15148814062
2012-11-03 22:40:13,39761,1,23.7665918028,-3.22961319196
2012-11-03 22:40:14,39762,1,19.6473953289,-4.11919647396
2012-11-03 22:40:15,39763,1,15.1499250967,-4.49747023214
2012-11-03 22:40:16,39764,1,11.0035709278,-4.1463541689
2012-11-03 22:40:17,39765,1,7.91435957589,-3.08921135193
2012-11-03 22:40:18,39766,1,6.26287143155,-1.65148814435
2012-11-03 22:40:19,39767,1,5.92581785789,-0.337053573661
2012-11-03 22:40:20,39768,1,6.39337743155,0.467559573661
2012-11-03 22:40:21,39769,1,7.15305013021,0.759672698661
2012-11-03 22:40:22,39770,1,7.99828832589,0.845238195685
2012-11-03 22:40:23,39771,1,8.97150269792,0.973214372024
2012-11-03 22:40:24,39772,1,10.0699402031,1.09843750521
2012-11-03 22:40:25,39773,1,11.0717258199,1.00178561682
2012-11-03 22:40:26,39774,1,11.6536453222,0.581919502232
2012-11-03 22:40:27,39775,1,11.6182285722,-0.03541675
2012-11-03 22:40:28,39776,1,10.9622762262,-0.655952345982
2012-11-03 22:40:29,39777,1,9.7903269308,-1.17194929539
2012-11-03 22:40:30,39778,1,8.2582585625,-1.5320683683
2012-11-03 22:40:31,39779,1,6.59925558631,-1.65900297619
2012-11-03 22:40:32,39780,1,5.11733586086,-1.48191972545
2012-11-03 22:40:33,39781,1,4.07492504092,-1.04241081994
2012-11-03 22:40:34,39782,1,3.5583327381,-0.516592302827
2012-11-03 22:40:35,39783,1,3.45758874107,-0.100743997024
2012-11-03 22:40:36,39784,1,3.57366025893,0.116071517857
2012-11-03 22:40:37,39785,1,3.72008887946,0.146428620536
2012-11-03 22:40:38,39786,1,3.72492514435,0.00483626488095
2012-11-03 22:40:39,39787,1,3.40617505506,-0.318750089286
2012-11-03 22:40:40,39788,1,2.65900243973,-0.747172615327
2012-11-03 22:40:41,39789,1,1.66607104018,-0.992931399554
2012-11-03 22:40:42,39790,1,0.0,-1.66607104018
