timestamp,cycle_sec,timestep,speed_mph,accel_meters_ps
2012-08-02 15:01:23,0,60462,0.0,0.0
2012-08-02 15:01:24,1,1,3.03281206027,3.03281206027
2012-08-02 15:01:25,2,1,5.1322165878,2.09940452753
2012-08-02 15:01:26,3,1,7.05543075893,1.92321417113
2012-08-02 15:01:27,4,1,8.4482879494,1.39285719048
2012-08-02 15:01:28,5,1,9.32953810268,0.881250153274
2012-08-02 15:01:29,6,1,9.88530462016,0.555766517485
2012-08-02 15:01:30,7,1,10.242187099,0.356882478795
2012-08-02 15:01:31,8,1,10.3549102217,0.112723122768
2012-08-02 15:01:32,9,1,10.1356392537,-0.219270968006
2012-08-02 15:01:33,10,1,9.64538621949,-0.490253034226
2012-08-02 15:01:34,11,1,9.09910651711,-0.546279702381
2012-08-02 15:01:35,12,1,8.78913636979,-0.309970147321
2012-08-02 15:01:36,13,1,8.97202327976,0.18288690997
2012-08-02 15:01:37,14,1,9.67217199777,0.700148718006
2012-08-02 15:01:38,15,1,10.6918147552,1.01964275744
2012-08-02 15:01:39,16,1,11.8445676987,1.15275294345
2012-08-02 15:01:40,17,1,13.009002256,1.16443455729
2012-08-02 15:01:41,18,1,14.0497761176,1.04077386161
2012-08-02 15:01:42,19,1,14.8279011577,0.778125040179
2012-08-02 15:01:43,20,1,15.2137642909,0.385863133184
2012-08-02 15:01:44,21,1,15.1479161272,-0.0658481636905
2012-08-02 15:01:45,22,1,14.728347744,-0.419568383185
2012-08-02 15:01:46,23,1,14.125446061,-0.602901683036
2012-08-02 15:01:47,24,1,13.5390622641,-0.586383796875
2012-08-02 15:01:48,25,1,13.3436010469,-0.195461217262
2012-08-02 15:01:49,26,1,14.02961291,0.686011863095
2012-08-02 15:01:50,27,1,15.8679311734,1.83831826339
2012-08-02 15:01:51,28,1,18.6616065484,2.793675375
2012-08-02 15:01:52,29,1,21.7454606131,3.08385406473
2012-08-02 15:01:53,30,1,24.2871273393,2.54166672619
2012-08-02 15:01:54,31,1,25.7962048549,1.50907751563
2012-08-02 15:01:55,32,1,26.3604162537,0.564211398809
2012-08-02 15:01:56,33,1,26.3796126853,0.0191964315477
2012-08-02 15:01:57,34,1,26.232142436,-0.147470249256
2012-08-02 15:01:58,35,1,26.1902526101,-0.0418898258928
2012-08-02 15:01:59,36,1,26.3882437679,0.197991157738
2012-08-02 15:02:00,37,1,26.7988836503,0.41063988244
2012-08-02 15:02:01,38,1,27.3677079159,0.568824265625
2012-08-02 15:02:02,39,1,28.1299101094,0.762202193452
2012-08-02 15:02:03,40,1,29.1270082753,0.997098165923
2012-08-02 15:02:04,41,1,30.228347744,1.10133946875
2012-08-02 15:02:05,42,1,30.9889879048,0.760640160714
2012-08-02 15:02:06,43,1,30.7249255469,-0.264062357887
2012-08-02 15:02:07,44,1,28.9472468787,-1.77767866815
2012-08-02 15:02:08,45,1,25.8346722381,-3.11257464062
2012-08-02 15:02:09,46,1,22.1513759241,-3.68329631399
2012-08-02 15:02:10,47,1,18.7017851443,-3.44959077976
2012-08-02 15:02:11,48,1,16.0879460007,-2.6138391436
2012-08-02 15:02:12,49,1,14.7422616577,-1.34568434301
2012-08-02 15:02:13,50,1,14.6384299501,-0.103831707589
2012-08-02 15:02:14,51,1,15.0751487463,0.436718796131
2012-08-02 15:02:15,52,1,15.0690847024,-0.0060640438988
2012-08-02 15:02:16,53,1,14.0194938348,-1.04959086756
2012-08-02 15:02:17,54,1,12.216964032,-1.80252980283
2012-08-02 15:02:18,55,1,10.6957587121,-1.52120531994
2012-08-02 15:02:19,56,1,10.2704983512,-0.425260360863
2012-08-02 15:02:20,57,1,10.8397319821,0.569233630952
2012-08-02 15:02:21,58,1,11.7380950231,0.898363040923
2012-08-02 15:02:22,59,1,12.4098211815,0.671726158482
2012-08-02 15:02:23,60,1,12.6639878869,0.254166705357
2012-08-02 15:02:24,61,1,12.6087052024,-0.0552826845238
2012-08-02 15:02:25,62,1,12.5001486198,-0.108556582589
2012-08-02 15:02:26,63,1,12.581696093,0.0815474732143
2012-08-02 15:02:27,64,1,12.9412197329,0.359523639881
2012-08-02 15:02:28,65,1,13.4314726138,0.490252880952
2012-08-02 15:02:29,66,1,13.7635410722,0.332068458333
2012-08-02 15:02:30,67,1,13.735788154,-0.0277529181547
2012-08-02 15:02:31,68,1,13.3415173542,-0.394270799851
2012-08-02 15:02:32,69,1,12.6997018527,-0.641815501488
2012-08-02 15:02:33,70,1,11.9835559658,-0.716145886905
2012-08-02 15:02:34,71,1,11.3741065164,-0.609449449405
2012-08-02 15:02:35,72,1,11.0196421905,-0.354464325893
2012-08-02 15:02:36,73,1,11.0215766659,0.0019344754464
2012-08-02 15:02:37,74,1,11.3760409092,0.354464243304
2012-08-02 15:02:38,75,1,11.9541658973,0.578124988095
2012-08-02 15:02:39,76,1,12.6380945164,0.683928619048
2012-08-02 15:02:40,77,1,13.3700886912,0.731994174851
2012-08-02 15:02:41,78,1,14.0141364896,0.644047798363
2012-08-02 15:02:42,79,1,14.3297616674,0.315625177827
2012-08-02 15:02:43,80,1,14.1194195432,-0.210342124256
2012-08-02 15:02:44,81,1,13.3819195908,-0.737499952381
2012-08-02 15:02:45,82,1,12.3827379464,-0.999181644345
2012-08-02 15:02:46,83,1,11.4962049903,-0.886532956101
2012-08-02 15:02:47,84,1,10.9065470238,-0.589657966518
2012-08-02 15:02:48,85,1,10.5391361696,-0.367410854167
2012-08-02 15:02:49,86,1,10.2198653028,-0.319270866816
2012-08-02 15:02:50,87,1,9.79322844048,-0.426636862351
2012-08-02 15:02:51,88,1,9.19583270238,-0.597395738095
2012-08-02 15:02:52,89,1,8.4902524814,-0.705580220982
2012-08-02 15:02:53,90,1,7.76443416592,-0.725818315476
2012-08-02 15:02:54,91,1,7.06845207366,-0.695982092262
2012-08-02 15:02:55,92,1,6.50513352381,-0.563318549851
2012-08-02 15:02:56,93,1,6.21971666964,-0.285416854167
2012-08-02 15:02:57,94,1,6.27752903051,0.0578123608631
2012-08-02 15:02:58,95,1,6.68504391146,0.407514880952
2012-08-02 15:02:59,96,1,7.43355594643,0.74851203497
2012-08-02 15:03:00,97,1,8.41086268378,0.977306737351
2012-08-02 15:03:01,98,1,9.37060987798,0.959747194196
2012-08-02 15:03:02,99,1,10.0560266391,0.685416761161
2012-08-02 15:03:03,100,1,10.3732885446,0.317261905506
2012-08-02 15:03:04,101,1,10.437648599,0.0643600543154
2012-08-02 15:03:05,102,1,10.383779471,-0.0538691279762
2012-08-02 15:03:06,103,1,10.2263389412,-0.157440529762
2012-08-02 15:03:07,104,1,10.034225846,-0.192113095238
2012-08-02 15:03:08,105,1,10.1029758996,0.0687500535715
2012-08-02 15:03:09,106,1,10.8075890737,0.704613174107
2012-08-02 15:03:10,107,1,12.2494046094,1.44181553571
2012-08-02 15:03:11,108,1,13.9811754427,1.73177083333
2012-08-02 15:03:12,109,1,15.1792408594,1.19806541667
2012-08-02 15:03:13,110,1,15.2398806629,0.0606398035714
2012-08-02 15:03:14,111,1,14.1607139479,-1.07916671503
2012-08-02 15:03:15,112,1,12.4502228728,-1.71049107515
2012-08-02 15:03:16,113,1,10.8420383571,-1.60818451563
2012-08-02 15:03:17,114,1,9.87589251563,-0.966145841518
2012-08-02 15:03:18,115,1,9.57239549554,-0.303497020089
2012-08-02 15:03:19,116,1,9.61138364063,0.0389881450893
2012-08-02 15:03:20,117,1,9.74136884226,0.129985201637
2012-08-02 15:03:21,118,1,9.92224687426,0.180878031994
2012-08-02 15:03:22,119,1,10.2354908765,0.313244002232
2012-08-02 15:03:23,120,1,10.7237347775,0.488243901042
2012-08-02 15:03:24,121,1,11.276487619,0.552752841518
2012-08-02 15:03:25,122,1,11.7133923757,0.436904756696
2012-08-02 15:03:26,123,1,11.921577035,0.208184659226
2012-08-02 15:03:27,124,1,11.8475444821,-0.0740325528273
2012-08-02 15:03:28,125,1,11.5143600893,-0.333184392857
2012-08-02 15:03:29,126,1,11.1418899003,-0.372470188988
2012-08-02 15:03:30,127,1,11.0867559717,-0.0551339285714
2012-08-02 15:03:31,128,1,11.5532737798,0.466517808036
2012-08-02 15:03:32,129,1,12.4247022202,0.871428440476
2012-08-02 15:03:33,130,1,13.3774550126,0.952752792411
2012-08-02 15:03:34,131,1,14.0805054777,0.70305046503
2012-08-02 15:03:35,132,1,14.3258179807,0.245312502976
2012-08-02 15:03:36,133,1,14.0925591466,-0.233258834077
2012-08-02 15:03:37,134,1,13.5080353929,-0.58452375372
2012-08-02 15:03:38,135,1,12.7345234338,-0.773511959077
2012-08-02 15:03:39,136,1,11.9487346555,-0.785788778274
2012-08-02 15:03:40,137,1,11.3824400126,-0.566294642857
2012-08-02 15:03:41,138,1,11.2345234353,-0.147916577381
2012-08-02 15:03:42,139,1,11.5151038519,0.280580416667
2012-08-02 15:03:43,140,1,12.0139877225,0.498883870536
2012-08-02 15:03:44,141,1,12.4266363973,0.412648674851
2012-08-02 15:03:45,142,1,12.5471720193,0.120535622024
2012-08-02 15:03:46,143,1,12.3286452679,-0.218526751488
2012-08-02 15:03:47,144,1,11.7214281503,-0.60721711756
2012-08-02 15:03:48,145,1,10.6316217783,-1.08980637202
2012-08-02 15:03:49,146,1,9.20342250967,-1.4281992686
2012-08-02 15:03:50,147,1,7.9571427939,-1.24627971577
2012-08-02 15:03:51,148,1,7.45930047768,-0.49784231622
2012-08-02 15:03:52,149,1,7.88288669717,0.423586219494
2012-08-02 15:03:53,150,1,8.90178545982,1.01889876265
2012-08-02 15:03:54,151,1,10.0220979658,1.12031250595
2012-08-02 15:03:55,152,1,10.9677080945,0.94561012872
2012-08-02 15:03:56,153,1,11.6363092359,0.668601141369
2012-08-02 15:03:57,154,1,11.8950144628,0.258705226935
2012-08-02 15:03:58,155,1,11.7361601555,-0.158854307292
2012-08-02 15:03:59,156,1,11.4883178527,-0.247842302827
2012-08-02 15:04:00,157,1,11.6120530573,0.123735204613
2012-08-02 15:04:01,158,1,12.3260412909,0.713988233631
2012-08-02 15:04:02,159,1,13.4487348482,1.12269355729
2012-08-02 15:04:03,160,1,14.5472467857,1.0985119375
2012-08-02 15:04:04,161,1,15.2839282961,0.736681510417
2012-08-02 15:04:05,162,1,15.5781990372,0.294270741071
2012-08-02 15:04:06,163,1,15.4730649777,-0.105134059524
2012-08-02 15:04:07,164,1,15.0708326957,-0.402232281994
2012-08-02 15:04:08,165,1,14.5395082016,-0.531324494048
2012-08-02 15:04:09,166,1,13.9838534516,-0.55565475
2012-08-02 15:04:10,167,1,13.3402523438,-0.643601107887
2012-08-02 15:04:11,168,1,12.4047613274,-0.935491016369
2012-08-02 15:04:12,169,1,10.9977672738,-1.40699405357
2012-08-02 15:04:13,170,1,9.2314726317,-1.76629464211
2012-08-02 15:04:14,171,1,7.53526732366,-1.69620530804
2012-08-02 15:04:15,172,1,6.33110070089,-1.20416662277
2012-08-02 15:04:16,173,1,5.78110066071,-0.550000040179
2012-08-02 15:04:17,174,1,5.81681480952,0.0357141488095
2012-08-02 15:04:18,175,1,6.29672537872,0.479910569196
2012-08-02 15:04:19,176,1,7.13935927083,0.842633892113
2012-08-02 15:04:20,177,1,8.3065468631,1.16718759226
2012-08-02 15:04:21,178,1,9.67261841815,1.36607155506
2012-08-02 15:04:22,179,1,10.9723208579,1.29970243973
2012-08-02 15:04:23,180,1,11.8705351324,0.898214274554
2012-08-02 15:04:24,181,1,12.1156244174,0.24508928497
2012-08-02 15:04:25,182,1,11.7560262522,-0.359598165179
2012-08-02 15:04:26,183,1,11.2109370104,-0.545089241815
2012-08-02 15:04:27,184,1,11.0363089926,-0.174628017857
2012-08-02 15:04:28,185,1,11.6012642076,0.56495521503
2012-08-02 15:04:29,186,1,12.9038682299,1.30260402232
2012-08-02 15:04:30,187,1,14.5938235856,1.68995535565
2012-08-02 15:04:31,188,1,16.2313981741,1.63757458854
2012-08-02 15:04:32,189,1,17.5377972463,1.30639907217
2012-08-02 15:04:33,190,1,18.3805801719,0.842782925595
2012-08-02 15:04:34,191,1,18.700297471,0.319717299107
2012-08-02 15:04:35,192,1,18.5523807455,-0.147916725446
2012-08-02 15:04:36,193,1,18.1023063006,-0.450074444941
2012-08-02 15:04:37,194,1,17.541071215,-0.561235085565
2012-08-02 15:04:38,195,1,17.0584075841,-0.482663630952
2012-08-02 15:04:39,196,1,16.8456843676,-0.212723216518
2012-08-02 15:04:40,197,1,16.9934521302,0.147767762649
2012-08-02 15:04:41,198,1,17.3862347455,0.392782615327
2012-08-02 15:04:42,199,1,17.7950144449,0.408779699405
2012-08-02 15:04:43,200,1,18.041517436,0.246502991071
2012-08-02 15:04:44,201,1,18.0550591488,0.0135417127976
2012-08-02 15:04:45,202,1,17.8705353787,-0.184523770089
2012-08-02 15:04:46,203,1,17.5767853943,-0.293749984375
2012-08-02 15:04:47,204,1,17.2469490707,-0.329836323661
2012-08-02 15:04:48,205,1,16.9517853475,-0.295163723214
2012-08-02 15:04:49,206,1,16.7676335186,-0.184151828869
2012-08-02 15:04:50,207,1,16.6994786979,-0.0681548206845
2012-08-02 15:04:51,208,1,16.6303566034,-0.0691220944941
2012-08-02 15:04:52,209,1,16.3505202388,-0.279836364583
2012-08-02 15:04:53,210,1,15.6621273787,-0.688392860119
2012-08-02 15:04:54,211,1,14.5610857701,-1.10104160863
2012-08-02 15:04:55,212,1,13.3464281176,-1.21465765253
2012-08-02 15:04:56,213,1,12.4958329271,-0.850595190476
2012-08-02 15:04:57,214,1,12.3613090729,-0.134523854167
2012-08-02 15:04:58,215,1,12.9270827842,0.56577371131
2012-08-02 15:04:59,216,1,13.8651035729,0.93802078869
2012-08-02 15:05:00,217,1,14.7471720729,0.8820685
2012-08-02 15:05:01,218,1,15.1506691808,0.403497107887
2012-08-02 15:05:02,219,1,14.8228418527,-0.327827328125
2012-08-02 15:05:03,220,1,13.928273401,-0.894568451637
2012-08-02 15:05:04,221,1,13.011681128,-0.916592273066
2012-08-02 15:05:05,222,1,12.6758180439,-0.335863084077
2012-08-02 15:05:06,223,1,13.1877228051,0.511904761161
2012-08-02 15:05:07,224,1,14.186532276,0.998809470982
2012-08-02 15:05:08,225,1,14.9192702857,0.732738009673
2012-08-02 15:05:09,226,1,14.9203863043,0.0011160186012
2012-08-02 15:05:10,227,1,14.3020827798,-0.618303524554
2012-08-02 15:05:11,228,1,13.4426335119,-0.859449267857
2012-08-02 15:05:12,229,1,12.6371276882,-0.805505823661
2012-08-02 15:05:13,230,1,12.0090771421,-0.628050546131
2012-08-02 15:05:14,231,1,11.6141366563,-0.394940485863
2012-08-02 15:05:15,232,1,11.5424104598,-0.0717261964286
2012-08-02 15:05:16,233,1,11.8648807448,0.32247028497
2012-08-02 15:05:17,234,1,12.5590772619,0.694196517113
2012-08-02 15:05:18,235,1,13.5294642158,0.970386953869
2012-08-02 15:05:19,236,1,14.6386903624,1.10922614658
2012-08-02 15:05:20,237,1,15.7290920521,1.09040168973
2012-08-02 15:05:21,238,1,16.6226931577,0.893601105655
2012-08-02 15:05:22,239,1,17.1447169226,0.522023764881
2012-08-02 15:05:23,240,1,17.2568448966,0.112127973958
2012-08-02 15:05:24,241,1,17.0818449048,-0.174999991816
2012-08-02 15:05:25,242,1,16.6806544219,-0.401190482887
2012-08-02 15:05:26,243,1,15.9675591912,-0.713095230655
2012-08-02 15:05:27,244,1,14.9585562574,-1.00900293378
2012-08-02 15:05:28,245,1,13.9132438021,-1.04531245536
2012-08-02 15:05:29,246,1,13.1158479754,-0.797395826637
2012-08-02 15:05:30,247,1,12.6810264948,-0.434821480655
2012-08-02 15:05:31,248,1,12.645312119,-0.0357143757441
2012-08-02 15:05:32,249,1,13.0659965967,0.420684477679
2012-08-02 15:05:33,250,1,13.9169639115,0.850967314732
2012-08-02 15:05:34,251,1,14.9289431644,1.01197925298
2012-08-02 15:05:35,252,1,15.6158479345,0.686904770089
2012-08-02 15:05:36,253,1,15.6157734427,-7.44918155e-05
2012-08-02 15:05:37,254,1,15.07366025,-0.542113192708
2012-08-02 15:05:38,255,1,14.5644340231,-0.509226226934
2012-08-02 15:05:39,256,1,14.5809518802,0.0165178571428
2012-08-02 15:05:40,257,1,15.1241810067,0.543229126488
2012-08-02 15:05:41,258,1,15.7645082961,0.640327289435
2012-08-02 15:05:42,259,1,16.0909219308,0.326413634673
2012-08-02 15:05:43,260,1,16.0862344851,-0.0046874456846
2012-08-02 15:05:44,261,1,16.0474697396,-0.0387647455357
2012-08-02 15:05:45,262,1,16.2344490335,0.186979293899
2012-08-02 15:05:46,263,1,16.6694193274,0.434970293899
2012-08-02 15:05:47,264,1,17.2371276473,0.56770831994
2012-08-02 15:05:48,265,1,17.9142853408,0.677157693452
2012-08-02 15:05:49,266,1,18.794344817,0.88005947619
2012-08-02 15:05:50,267,1,19.8468001592,1.05245534226
2012-08-02 15:05:51,268,1,20.7912198646,0.944419705357
2012-08-02 15:05:52,269,1,21.2894342731,0.498214408482
2012-08-02 15:05:53,270,1,21.2090772247,-0.0803570483631
2012-08-02 15:05:54,271,1,20.7063986555,-0.502678569196
2012-08-02 15:05:55,272,1,20.108258715,-0.598139940476
2012-08-02 15:05:56,273,1,19.7351188006,-0.373139914435
2012-08-02 15:05:57,274,1,19.784598006,0.0494792053572
2012-08-02 15:05:58,275,1,20.2646575833,0.480059577381
2012-08-02 15:05:59,276,1,20.9977676674,0.733110084077
2012-08-02 15:06:00,277,1,21.7438240692,0.746056401786
2012-08-02 15:06:01,278,1,22.3609369948,0.617112925595
2012-08-02 15:06:02,279,1,22.8616065409,0.500669546131
2012-08-02 15:06:03,280,1,23.304612494,0.443005953125
2012-08-02 15:06:04,281,1,23.6493298162,0.344717322173
2012-08-02 15:06:05,282,1,23.7511900089,0.101860192708
2012-08-02 15:06:06,283,1,23.4813984048,-0.269791604167
2012-08-02 15:06:07,284,1,22.8447168943,-0.636681510417
2012-08-02 15:06:08,285,1,21.9973954643,-0.84732143006
2012-08-02 15:06:09,286,1,21.1346722076,-0.862723256696
2012-08-02 15:06:10,287,1,20.3840025045,-0.750669703125
2012-08-02 15:06:11,288,1,19.8429310424,-0.541071462054
2012-08-02 15:06:12,289,1,19.6576632158,-0.185267826637
2012-08-02 15:06:13,290,1,19.9634668862,0.305803670387
2012-08-02 15:06:14,291,1,20.7178568973,0.754390011161
2012-08-02 15:06:15,292,1,21.6409224643,0.923065566964
2012-08-02 15:06:16,293,1,22.3930802031,0.752157738839
2012-08-02 15:06:17,294,1,22.8392110945,0.446130891369
2012-08-02 15:06:18,295,1,23.1093003415,0.270089247024
2012-08-02 15:06:19,296,1,23.4031247872,0.293824445684
2012-08-02 15:06:20,297,1,23.7921873795,0.389062592262
2012-08-02 15:06:21,298,1,24.2052826682,0.413095288691
2012-08-02 15:06:22,299,1,24.5272320305,0.321949362351
2012-08-02 15:06:23,300,1,24.6688242031,0.141592172619
2012-08-02 15:06:24,301,1,24.5632437626,-0.105580440476
2012-08-02 15:06:25,302,1,24.1712049799,-0.392038782738
2012-08-02 15:06:26,303,1,23.5592256853,-0.611979294643
2012-08-02 15:06:27,304,1,22.9462791265,-0.61294655878
2012-08-02 15:06:28,305,1,22.6061749085,-0.340104218006
2012-08-02 15:06:29,306,1,22.69553509,0.0893601815477
2012-08-02 15:06:30,307,1,23.1643595893,0.468824499256
2012-08-02 15:06:31,308,1,23.8179310141,0.653571424851
2012-08-02 15:06:32,309,1,24.4531987381,0.635267723958
2012-08-02 15:06:33,310,1,24.9428563348,0.489657596726
2012-08-02 15:06:34,311,1,25.2287194301,0.285863095238
2012-08-02 15:06:35,312,1,25.2807285,0.0520090699405
2012-08-02 15:06:36,313,1,25.0686750632,-0.212053436756
2012-08-02 15:06:37,314,1,24.5581095945,-0.51056546875
2012-08-02 15:06:38,315,1,23.7529011607,-0.80520843378
2012-08-02 15:06:39,316,1,22.755877256,-0.997023904762
2012-08-02 15:06:40,317,1,21.759597494,-0.996279761905
2012-08-02 15:06:41,318,1,20.9653267455,-0.794270748512
2012-08-02 15:06:42,319,1,20.5049101793,-0.46041656622
2012-08-02 15:06:43,320,1,20.4089281176,-0.095982061756
2012-08-02 15:06:44,321,1,20.6293894821,0.220461364583
2012-08-02 15:06:45,322,1,21.0852674539,0.455877971726
2012-08-02 15:06:46,323,1,21.6808774836,0.595610029762
2012-08-02 15:06:47,324,1,22.2911452076,0.610267723958
2012-08-02 15:06:48,325,1,22.7643593899,0.473214182292
2012-08-02 15:06:49,326,1,22.9863831667,0.222023776786
2012-08-02 15:06:50,327,1,22.9473951071,-0.0389880595238
2012-08-02 15:06:51,328,1,22.7418892418,-0.205505865327
2012-08-02 15:06:52,329,1,22.5230649687,-0.218824273066
2012-08-02 15:06:53,330,1,22.4076633586,-0.115401610119
2012-08-02 15:06:54,331,1,22.3816962827,-0.0259670758928
2012-08-02 15:06:55,332,1,22.3521577128,-0.0295385699405
2012-08-02 15:06:56,333,1,22.2718749754,-0.0802827373512
2012-08-02 15:06:57,334,1,22.1424105975,-0.129464377976
2012-08-02 15:06:58,335,1,21.9648807329,-0.177529864583
2012-08-02 15:06:59,336,1,21.7584818824,-0.206398850446
2012-08-02 15:07:00,337,1,21.5284224063,-0.23005947619
2012-08-02 15:07:01,338,1,21.177232029,-0.351190377232
2012-08-02 15:07:02,339,1,20.5540177902,-0.623214238839
2012-08-02 15:07:03,340,1,19.582589131,-0.971428659226
2012-08-02 15:07:04,341,1,18.3306544293,-1.25193470164
2012-08-02 15:07:05,342,1,17.0621274993,-1.26852693006
2012-08-02 15:07:06,343,1,16.1345976957,-0.927529803571
2012-08-02 15:07:07,344,1,15.6986602448,-0.435937450893
2012-08-02 15:07:08,345,1,15.5601930774,-0.138467167411
2012-08-02 15:07:09,346,1,15.324925308,-0.235267769345
2012-08-02 15:07:10,347,1,14.6074402374,-0.717485070684
2012-08-02 15:07:11,348,1,13.2176336912,-1.38980654613
2012-08-02 15:07:12,349,1,11.2690721297,-1.94856156151
2012-08-02 15:07:13,350,1,9.11701350645,-2.15205862326
2012-08-02 15:07:14,351,1,7.17485075521,-1.94216275124
2012-08-02 15:07:15,352,1,5.74166628125,-1.43318447396
2012-08-02 15:07:16,353,1,4.91904736235,-0.822618918899
2012-08-02 15:07:17,354,1,4.6055802381,-0.313467124256
2012-08-02 15:07:18,355,1,4.55374501885,-0.051835219246
2012-08-02 15:07:19,356,1,4.50912700124,-0.0446180176091
2012-08-02 15:07:20,357,1,4.34055057068,-0.168576430556
2012-08-02 15:07:21,358,1,4.01279745982,-0.327753110863
2012-08-02 15:07:22,359,1,3.46941930357,-0.54337815625
2012-08-02 15:07:23,360,1,2.64330312946,-0.826116174107
2012-08-02 15:07:24,361,1,1.67766579266,-0.965637336806
2012-08-02 15:07:25,362,1,0.0,-1.67766579266
2012-08-02 15:18:27,1024,662,0.0,0.0
2012-08-02 15:18:28,1025,1,3.42083335342,3.42083335342
2012-08-02 15:18:29,1026,1,5.64732145238,2.22648809896
2012-08-02 15:18:30,1027,1,7.4311012061,1.78377975372
2012-08-02 15:18:31,1028,1,8.31525298214,0.884151776042
2012-08-02 15:18:32,1029,1,8.45729163244,0.142038650298
2012-08-02 15:18:33,1030,1,8.36223946503,-0.0950521674107
2012-08-02 15:18:34,1031,1,8.49248490253,0.1302454375
2012-08-02 15:18:35,1032,1,9.01778244048,0.525297537946
2012-08-02 15:18:36,1033,1,9.83206810789,0.814285667411
2012-08-02 15:18:37,1034,1,10.7223210908,0.890252982887
2012-08-02 15:18:38,1035,1,11.5226187612,0.800297670387
2012-08-02 15:18:39,1036,1,12.182886657,0.660267895833
2012-08-02 15:18:40,1037,1,12.7354907924,0.552604135417
2012-08-02 15:18:41,1038,1,13.2197912879,0.484300495536
2012-08-02 15:18:42,1039,1,13.6744042902,0.454613002232
2012-08-02 15:18:43,1040,1,14.1669638155,0.492559525298
2012-08-02 15:18:44,1041,1,14.7625740313,0.595610215774
2012-08-02 15:18:45,1042,1,15.4741068616,0.711532830357
2012-08-02 15:18:46,1043,1,16.2405503073,0.766443445685
2012-08-02 15:18:47,1044,1,16.9020085528,0.661458245536
2012-08-02 15:18:48,1045,1,17.2601930201,0.358184467262
2012-08-02 15:18:49,1046,1,17.2931543832,0.0329613630952
2012-08-02 15:18:50,1047,1,17.2728420097,-0.0203123735119
2012-08-02 15:18:51,1048,1,17.5247022247,0.25186021503
2012-08-02 15:18:52,1049,1,18.0691218713,0.544419646577
2012-08-02 15:18:53,1050,1,18.6095236012,0.540401729911
2012-08-02 15:18:54,1051,1,18.8775295112,0.26800590997
2012-08-02 15:18:55,1052,1,18.9180056972,0.0404761860119
2012-08-02 15:18:56,1053,1,19.0101187991,0.0921131019345
2012-08-02 15:18:57,1054,1,19.32812475,0.318005950893
2012-08-02 15:18:58,1055,1,19.7558033199,0.427678569941
2012-08-02 15:18:59,1056,1,20.0726932106,0.316889890625
2012-08-02 15:19:00,1057,1,20.2154015484,0.142708337798
2012-08-02 15:19:01,1058,1,20.2801336421,0.06473209375
2012-08-02 15:19:02,1059,1,20.3481394695,0.0680058273809
2012-08-02 15:19:03,1060,1,20.3980649204,0.0499254508929
2012-08-02 15:19:04,1061,1,20.3753713817,-0.0226935386905
2012-08-02 15:19:05,1062,1,20.2706094754,-0.10476190625
2012-08-02 15:19:06,1063,1,20.1106393185,-0.159970156994
2012-08-02 15:19:07,1064,1,19.9274549412,-0.183184377232
2012-08-02 15:19:08,1065,1,19.7563241555,-0.171130785714
2012-08-02 15:19:09,1066,1,19.636681442,-0.119642713542
2012-08-02 15:19:10,1067,1,19.5921874851,-0.0444939568453
2012-08-02 15:19:11,1068,1,19.6173362924,0.0251488072917
2012-08-02 15:19:12,1069,1,19.6884671205,0.071130828125
2012-08-02 15:19:13,1070,1,19.7697168929,0.0812497723214
2012-08-02 15:19:14,1071,1,19.8350440052,0.0653271123512
2012-08-02 15:19:15,1072,1,19.9067699769,0.0717259717262
2012-08-02 15:19:16,1073,1,20.0164425097,0.109672532738
2012-08-02 15:19:17,1074,1,20.1322907723,0.115848262649
2012-08-02 15:19:18,1075,1,20.1870527783,0.0547620059524
2012-08-02 15:19:19,1076,1,20.134969526,-0.0520832522321
2012-08-02 15:19:20,1077,1,19.9552820729,-0.179687453125
2012-08-02 15:19:21,1078,1,19.6842255677,-0.271056505208
2012-08-02 15:19:22,1079,1,19.4333327902,-0.25089277753
2012-08-02 15:19:23,1080,1,19.2962049115,-0.13712787872
2012-08-02 15:19:24,1081,1,19.2787198266,-0.0174850848214
2012-08-02 15:19:25,1082,1,19.3341513274,0.0554315007441
2012-08-02 15:19:26,1083,1,19.3886155677,0.0544642403273
2012-08-02 15:19:27,1084,1,19.3725441704,-0.0160713973214
2012-08-02 15:19:28,1085,1,19.2911454583,-0.0813987120536
2012-08-02 15:19:29,1086,1,19.2024550729,-0.0886903854166
2012-08-02 15:19:30,1087,1,19.1213539144,-0.0811011584822
2012-08-02 15:19:31,1088,1,19.0128717731,-0.108482141369
2012-08-02 15:19:32,1089,1,18.850074192,-0.162797581101
2012-08-02 15:19:33,1090,1,18.6371278542,-0.212946337798
2012-08-02 15:19:34,1091,1,18.4214285424,-0.215699311756
2012-08-02 15:19:35,1092,1,18.2765625089,-0.144866033482
2012-08-02 15:19:36,1093,1,18.1936755662,-0.0828869427084
2012-08-02 15:19:37,1094,1,18.0162201146,-0.177455451637
2012-08-02 15:19:38,1095,1,17.5852676376,-0.430952476935
2012-08-02 15:19:39,1096,1,16.9528271257,-0.632440511905
2012-08-02 15:19:40,1097,1,16.3903271644,-0.56249996131
2012-08-02 15:19:41,1098,1,16.1586307917,-0.231696372768
2012-08-02 15:19:42,1099,1,16.277604006,0.118973214286
2012-08-02 15:19:43,1100,1,16.5494045454,0.271800539434
2012-08-02 15:19:44,1101,1,16.7945681972,0.245163651786
2012-08-02 15:19:45,1102,1,17.0227676376,0.228199440476
2012-08-02 15:19:46,1103,1,17.3805802321,0.357812594494
2012-08-02 15:19:47,1104,1,17.9529017515,0.572321519345
2012-08-02 15:19:48,1105,1,18.6267113207,0.673809569196
2012-08-02 15:19:49,1106,1,19.1665178698,0.539806549107
2012-08-02 15:19:50,1107,1,19.4156993772,0.24918150744
2012-08-02 15:19:51,1108,1,19.4279760699,0.0122766927084
2012-08-02 15:19:52,1109,1,19.4143598624,-0.0136162075893
2012-08-02 15:19:53,1110,1,19.5281246131,0.113764750744
2012-08-02 15:19:54,1111,1,19.6458328914,0.117708278274
2012-08-02 15:19:55,1112,1,19.3465769955,-0.299255895833
2012-08-02 15:19:56,1113,1,18.2448658214,-1.10171117411
2012-08-02 15:19:57,1114,1,16.4829611935,-1.76190462798
2012-08-02 15:19:58,1115,1,14.7760416019,-1.70691959152
2012-08-02 15:19:59,1116,1,13.878571311,-0.897470290923
2012-08-02 15:20:00,1117,1,14.0822914606,0.203720149554
2012-08-02 15:20:01,1118,1,15.1149551094,1.03266364881
2012-08-02 15:20:02,1119,1,16.3728420164,1.25788690699
2012-08-02 15:20:03,1120,1,17.3563985298,0.983556513393
2012-08-02 15:20:04,1121,1,17.9379460179,0.581547488095
2012-08-02 15:20:05,1122,1,18.220311901,0.282365883185
2012-08-02 15:20:06,1123,1,18.3278266481,0.107514747024
2012-08-02 15:20:07,1124,1,18.3755945067,0.0477678586309
2012-08-02 15:20:08,1125,1,18.4203863021,0.0447917953869
2012-08-02 15:20:09,1126,1,18.3503716071,-0.0700146949404
2012-08-02 15:20:10,1127,1,17.9126485722,-0.43772303497
2012-08-02 15:20:11,1128,1,16.9238838274,-0.988764744792
2012-08-02 15:20:12,1129,1,15.5098213713,-1.4140624561
2012-08-02 15:20:13,1130,1,14.134672471,-1.3751489003
2012-08-02 15:20:14,1131,1,13.2844490714,-0.850223399553
2012-08-02 15:20:15,1132,1,13.0465024673,-0.237946604167
2012-08-02 15:20:16,1133,1,13.0523803557,0.0058778883929
2012-08-02 15:20:17,1134,1,12.8808029747,-0.171577380952
2012-08-02 15:20:18,1135,1,12.4732137106,-0.407589264137
2012-08-02 15:20:19,1136,1,12.1279011987,-0.345312511905
2012-08-02 15:20:20,1137,1,12.1416660387,0.0137648400298
2012-08-02 15:20:21,1138,1,12.5244040908,0.382738052083
2012-08-02 15:20:22,1139,1,13.0424100298,0.518005938988
2012-08-02 15:20:23,1140,1,13.4176332984,0.375223268601
2012-08-02 15:20:24,1141,1,13.4377227061,0.0200894077381
2012-08-02 15:20:25,1142,1,12.9857883199,-0.451934386161
2012-08-02 15:20:26,1143,1,12.0770086525,-0.908779667411
2012-08-02 15:20:27,1144,1,10.9025295179,-1.17447913467
2012-08-02 15:20:28,1145,1,9.81696403943,-1.08556547842
2012-08-02 15:20:29,1146,1,9.20052058482,-0.616443454613
2012-08-02 15:20:30,1147,1,9.26041641815,0.0598958333333
2012-08-02 15:20:31,1148,1,9.92566938616,0.665252968006
2012-08-02 15:20:32,1149,1,10.9063241473,0.980654761161
2012-08-02 15:20:33,1150,1,11.8793896667,0.973065519345
2012-08-02 15:20:34,1151,1,12.6488838065,0.769494139881
2012-08-02 15:20:35,1152,1,13.1825892567,0.533705450149
2012-08-02 15:20:36,1153,1,13.592633939,0.410044682292
2012-08-02 15:20:37,1154,1,14.0401785506,0.447544611607
2012-08-02 15:20:38,1155,1,14.5622766749,0.522098124256
2012-08-02 15:20:39,1156,1,15.0106396369,0.448362962054
2012-08-02 15:20:40,1157,1,15.1399549472,0.129315310268
2012-08-02 15:20:41,1158,1,14.7488833371,-0.391071610119
2012-08-02 15:20:42,1159,1,13.8464278073,-0.902455529762
2012-08-02 15:20:43,1160,1,12.6892104107,-1.15721739658
2012-08-02 15:20:44,1161,1,11.5904752478,-1.09873516295
2012-08-02 15:20:45,1162,1,10.7259664085,-0.864508839286
2012-08-02 15:20:46,1163,1,10.1206838504,-0.605282558036
2012-08-02 15:20:47,1164,1,9.71592212351,-0.404761726934
2012-08-02 15:20:48,1165,1,9.37358594196,-0.342336181548
2012-08-02 15:20:49,1166,1,8.89092234077,-0.48266360119
2012-08-02 15:20:50,1167,1,8.20877955952,-0.68214278125
2012-08-02 15:20:51,1168,1,7.60431533185,-0.604464227679
2012-08-02 15:20:52,1169,1,7.45379449479,-0.150520837054
2012-08-02 15:20:53,1170,1,7.8145086808,0.360714186012
2012-08-02 15:20:54,1171,1,8.35357101414,0.539062333333
2012-08-02 15:20:55,1172,1,8.60118991741,0.247618903274
2012-08-02 15:20:56,1173,1,8.31235058705,-0.288839330357
2012-08-02 15:20:57,1174,1,7.62685956622,-0.685491020833
2012-08-02 15:20:58,1175,1,6.77410668452,-0.852752881696
2012-08-02 15:20:59,1176,1,5.8790174933,-0.89508919122
2012-08-02 15:21:00,1177,1,5.24360086756,-0.635416625744
2012-08-02 15:21:01,1178,1,5.34702344048,0.103422572917
2012-08-02 15:21:02,1179,1,6.32715728348,0.980133843006
2012-08-02 15:21:03,1180,1,7.74791616071,1.42075887723
2012-08-02 15:21:04,1181,1,8.94188937128,1.19397321057
2012-08-02 15:21:05,1182,1,9.54010366815,0.598214296875
2012-08-02 15:21:06,1183,1,9.73102628869,0.190922620536
2012-08-02 15:21:07,1184,1,9.94546080804,0.214434519345
2012-08-02 15:21:08,1185,1,10.3520084323,0.406547624256
2012-08-02 15:21:09,1186,1,10.807960817,0.455952384673
2012-08-02 15:21:10,1187,1,11.1346720848,0.326711267857
2012-08-02 15:21:11,1188,1,11.2671124621,0.132440377232
2012-08-02 15:21:12,1189,1,11.2613088036,-0.0058036584822
2012-08-02 15:21:13,1190,1,11.2522314308,-0.0090773727678
2012-08-02 15:21:14,1191,1,11.3604904457,0.108259014881
2012-08-02 15:21:15,1192,1,11.6270827604,0.266592314732
2012-08-02 15:21:16,1193,1,11.9987344985,0.371651738095
2012-08-02 15:21:17,1194,1,12.3314724985,0.332738
2012-08-02 15:21:18,1195,1,12.4970974487,0.165624950149
2012-08-02 15:21:19,1196,1,12.5224695193,0.0253720706845
2012-08-02 15:21:20,1197,1,12.5406988214,0.0182293020834
2012-08-02 15:21:21,1198,1,12.6499251555,0.109226334077
2012-08-02 15:21:22,1199,1,12.8505204382,0.200595282738
2012-08-02 15:21:23,1200,1,13.0117554643,0.161235026042
2012-08-02 15:21:24,1201,1,12.9544636213,-0.0572918430059
2012-08-02 15:21:25,1202,1,12.6610854926,-0.29337812872
2012-08-02 15:21:26,1203,1,12.2976926012,-0.363392891369
2012-08-02 15:21:27,1204,1,12.0171867388,-0.280505862351
2012-08-02 15:21:28,1205,1,11.8392106823,-0.177976056548
2012-08-02 15:21:29,1206,1,11.6804310156,-0.158779666667
2012-08-02 15:21:30,1207,1,11.4592256897,-0.221205325893
2012-08-02 15:21:31,1208,1,11.2043149784,-0.25491071131
2012-08-02 15:21:32,1209,1,11.0505203705,-0.153794607887
2012-08-02 15:21:33,1210,1,11.1194192664,0.0688988958333
2012-08-02 15:21:34,1211,1,11.421353881,0.301934614583
2012-08-02 15:21:35,1212,1,11.8442705908,0.422916709821
2012-08-02 15:21:36,1213,1,12.2042408281,0.359970237351
2012-08-02 15:21:37,1214,1,12.3459074866,0.141666658482
2012-08-02 15:21:38,1215,1,12.2584074881,-0.0874999985119
2012-08-02 15:21:39,1216,1,12.0952378467,-0.163169641369
2012-08-02 15:21:40,1217,1,12.0248509338,-0.0703869129464
2012-08-02 15:21:41,1218,1,12.0584818854,0.0336309516369
2012-08-02 15:21:42,1219,1,12.0673360952,0.0088542098214
2012-08-02 15:21:43,1220,1,11.8787945208,-0.188541574405
2012-08-02 15:21:44,1221,1,11.2758184249,-0.602976095982
2012-08-02 15:21:45,1222,1,10.0862351362,-1.18958328869
2012-08-02 15:21:46,1223,1,8.41577379315,-1.67046134301
2012-08-02 15:21:47,1224,1,6.7320683058,-1.68370548735
2012-08-02 15:21:48,1225,1,5.69843713095,-1.03363117485
2012-08-02 15:21:49,1226,1,5.80587734524,0.107440214286
2012-08-02 15:21:50,1227,1,6.98258843378,1.17671108854
2012-08-02 15:21:51,1228,1,8.65557937872,1.67299094494
2012-08-02 15:21:52,1229,1,10.2718739807,1.61629460193
2012-08-02 15:21:53,1230,1,11.6128710112,1.34099703051
2012-08-02 15:21:54,1231,1,12.6626478423,1.0497768311
2012-08-02 15:21:55,1232,1,13.4046866183,0.742038776042
2012-08-02 15:21:56,1233,1,13.7647313579,0.360044739583
2012-08-02 15:21:57,1234,1,13.6680796481,-0.0966517098214
2012-08-02 15:21:58,1235,1,13.1115320781,-0.556547569941
2012-08-02 15:21:59,1236,1,12.1421868735,-0.969345204613
2012-08-02 15:22:00,1237,1,10.8297613162,-1.31242555729
2012-08-02 15:22:01,1238,1,9.36800541964,-1.46175589658
2012-08-02 15:22:02,1239,1,8.16577334226,-1.20223207738
2012-08-02 15:22:03,1240,1,7.68757399479,-0.47819934747
2012-08-02 15:22:04,1241,1,8.10863058705,0.421056592262
2012-08-02 15:22:05,1242,1,9.15037169643,1.04174110937
2012-08-02 15:22:06,1243,1,10.2729163527,1.12254465625
2012-08-02 15:22:07,1244,1,11.0058776116,0.732961258929
2012-08-02 15:22:08,1245,1,11.164062006,0.158184394345
2012-08-02 15:22:09,1246,1,10.8578118289,-0.306250177083
2012-08-02 15:22:10,1247,1,10.3363831086,-0.521428720238
2012-08-02 15:22:11,1248,1,9.81383842783,-0.522544680804
2012-08-02 15:22:12,1249,1,9.38839209152,-0.42544633631
2012-08-02 15:22:13,1250,1,9.05483571801,-0.333556373512
2012-08-02 15:22:14,1251,1,8.77671090253,-0.278124815476
2012-08-02 15:22:15,1252,1,8.55520805506,-0.22150284747
2012-08-02 15:22:16,1253,1,8.45491048512,-0.10029756994
2012-08-02 15:22:17,1254,1,8.60624976414,0.151339279018
2012-08-02 15:22:18,1255,1,9.12916638765,0.522916623512
2012-08-02 15:22:19,1256,1,9.94486570908,0.815699321429
2012-08-02 15:22:20,1257,1,10.6744042693,0.729538560268
2012-08-02 15:22:21,1258,1,10.8256689762,0.151264706845
2012-08-02 15:22:22,1259,1,10.1732878415,-0.652381134673
2012-08-02 15:22:23,1260,1,8.97150199777,-1.20178584375
2012-08-02 15:22:24,1261,1,7.72760314435,-1.24389885342
2012-08-02 15:22:25,1262,1,6.76904664211,-0.958556502232
2012-08-02 15:22:26,1263,1,6.08742475446,-0.681621887649
2012-08-02 15:22:27,1264,1,5.55788624926,-0.529538505208
2012-08-02 15:22:28,1265,1,5.19248459524,-0.365401654018
2012-08-02 15:22:29,1266,1,5.0813238817,-0.111160713542
2012-08-02 15:22:30,1267,1,5.14947854167,0.0681546599702
2012-08-02 15:22:31,1268,1,5.17537130506,0.0258927633929
2012-08-02 15:22:32,1269,1,5.08288619271,-0.0924851123512
2012-08-02 15:22:33,1270,1,5.07254401711,-0.0103421755952
2012-08-02 15:22:34,1271,1,5.38988037946,0.317336362351
2012-08-02 15:22:35,1272,1,6.00104104613,0.611160666667
2012-08-02 15:22:36,1273,1,6.57098142857,0.56994038244
2012-08-02 15:22:37,1274,1,6.78407662054,0.213095191964
2012-08-02 15:22:38,1275,1,6.63764808854,-0.146428531994
2012-08-02 15:22:39,1276,1,6.40438925595,-0.233258832589
2012-08-02 15:22:40,1277,1,6.40788636756,0.00349711160714
2012-08-02 15:22:41,1278,1,6.88288640402,0.475000036458
2012-08-02 15:22:42,1279,1,7.86264831696,0.979761912946
2012-08-02 15:22:43,1280,1,9.08110072545,1.21845240848
2012-08-02 15:22:44,1281,1,10.0849698229,1.00386909747
2012-08-02 15:22:45,1282,1,10.4531990365,0.368229213542
2012-08-02 15:22:46,1283,1,10.0083329978,-0.44486603869
2012-08-02 15:22:47,1284,1,9.06666634003,-0.941666657738
2012-08-02 15:22:48,1285,1,8.37418120759,-0.69248513244
2012-08-02 15:22:49,1286,1,8.55855620833,0.184375000744
2012-08-02 15:22:50,1287,1,9.68973184673,1.13117563839
2012-08-02 15:22:51,1288,1,11.3104908564,1.62075900967
2012-08-02 15:22:52,1289,1,12.7140623884,1.40357153199
2012-08-02 15:22:53,1290,1,13.3052083051,0.591145916667
2012-08-02 15:22:54,1291,1,12.8828868802,-0.422321424851
2012-08-02 15:22:55,1292,1,11.6433778624,-1.23950901786
2012-08-02 15:22:56,1293,1,10.0211306987,-1.62224716369
2012-08-02 15:22:57,1294,1,8.52656212128,-1.49456857738
2012-08-02 15:22:58,1295,1,7.50654718824,-1.02001493304
2012-08-02 15:22:59,1296,1,6.94352636756,-0.563020820685
2012-08-02 15:23:00,1297,1,6.58348172693,-0.360044640625
2012-08-02 15:23:01,1298,1,6.24241025446,-0.34107147247
2012-08-02 15:23:02,1299,1,5.90602627827,-0.33638397619
2012-08-02 15:23:03,1300,1,5.64464234598,-0.261383932292
2012-08-02 15:23:04,1301,1,5.5277525186,-0.116889827381
2012-08-02 15:23:05,1302,1,5.57938950521,0.0516369866071
2012-08-02 15:23:06,1303,1,5.81346693304,0.234077427827
2012-08-02 15:23:07,1304,1,6.23020799851,0.416741065476
2012-08-02 15:23:08,1305,1,6.6765621622,0.44635416369
2012-08-02 15:23:09,1306,1,6.89241041964,0.21584825744
2012-08-02 15:23:10,1307,1,6.84255931399,-0.0498511056548
2012-08-02 15:23:11,1308,1,6.81741060193,-0.0251487120536
2012-08-02 15:23:12,1309,1,7.11525291295,0.297842311012
2012-08-02 15:23:13,1310,1,7.77276774107,0.657514828125
2012-08-02 15:23:14,1311,1,8.59583308482,0.82306534375
2012-08-02 15:23:15,1312,1,9.32991033705,0.734077252232
2012-08-02 15:23:16,1313,1,9.86272278348,0.532812446429
2012-08-02 15:23:17,1314,1,10.317931131,0.45520834747
2012-08-02 15:23:18,1315,1,10.8417406607,0.523809529762
2012-08-02 15:23:19,1316,1,11.3210560856,0.479315424851
2012-08-02 15:23:20,1317,1,11.4628714777,0.141815392113
2012-08-02 15:23:21,1318,1,11.1039428571,-0.358928620536
2012-08-02 15:23:22,1319,1,10.3712048013,-0.732738055804
2012-08-02 15:23:23,1320,1,9.64776740179,-0.723437399554
2012-08-02 15:23:24,1321,1,9.36845201042,-0.279315391369
2012-08-02 15:23:25,1322,1,9.69538657589,0.326934565476
2012-08-02 15:23:26,1323,1,10.3925592054,0.697172629464
2012-08-02 15:23:27,1324,1,11.0188984754,0.626339270089
2012-08-02 15:23:28,1325,1,11.1492555841,0.130357108631
2012-08-02 15:23:29,1326,1,10.561681131,-0.587574453125
2012-08-02 15:23:30,1327,1,9.4651780997,-1.09650303125
2012-08-02 15:23:31,1328,1,8.44441914583,-1.02075895387
2012-08-02 15:23:32,1329,1,8.00900251265,-0.435416633185
2012-08-02 15:23:33,1330,1,8.20453828348,0.195535770833
2012-08-02 15:23:34,1331,1,8.59985078571,0.395312502232
2012-08-02 15:23:35,1332,1,8.63690426786,0.0370534821429
2012-08-02 15:23:36,1333,1,8.1030499628,-0.53385430506
2012-08-02 15:23:37,1334,1,7.24813914732,-0.854910815476
2012-08-02 15:23:38,1335,1,6.4674099881,-0.780729159226
2012-08-02 15:23:39,1336,1,6.03742499554,-0.42998499256
2012-08-02 15:23:40,1337,1,6.12537161235,0.0879466168155
2012-08-02 15:23:41,1338,1,6.83586285417,0.710491241815
2012-08-02 15:23:42,1339,1,8.14107128199,1.30520842783
2012-08-02 15:23:43,1340,1,9.7424849747,1.60141369271
2012-08-02 15:23:44,1341,1,11.0363093214,1.29382434673
2012-08-02 15:23:45,1342,1,11.3819937679,0.345684446428
2012-08-02 15:23:46,1343,1,10.5515621243,-0.830431643601
2012-08-02 15:23:47,1344,1,8.93504413616,-1.6165179881
2012-08-02 15:23:48,1345,1,7.27641304836,-1.6586310878
2012-08-02 15:23:49,1346,1,6.1847463311,-1.09166671726
2012-08-02 15:23:50,1347,1,5.84709761905,-0.337648712054
2012-08-02 15:23:51,1348,1,6.05505911458,0.207961495536
2012-08-02 15:23:52,1349,1,6.4261901994,0.371131084821
2012-08-02 15:23:53,1350,1,6.70729138542,0.281101186012
2012-08-02 15:23:54,1351,1,6.88437462574,0.177083240327
2012-08-02 15:23:55,1352,1,7.00513349628,0.120758870536
2012-08-02 15:23:56,1353,1,7.05714247842,0.0520089821429
2012-08-02 15:23:57,1354,1,7.00796105878,-0.0491814196429
2012-08-02 15:23:58,1355,1,6.82715759003,-0.18080346875
2012-08-02 15:23:59,1356,1,6.53147307143,-0.295684518601
2012-08-02 15:24:00,1357,1,6.22938963467,-0.302083436756
2012-08-02 15:24:01,1358,1,6.01577339509,-0.213616239583
2012-08-02 15:24:02,1359,1,5.88489527604,-0.130878119048
2012-08-02 15:24:03,1360,1,5.82886845089,-0.0560268251488
2012-08-02 15:24:04,1361,1,5.92871968973,0.0998512388393
2012-08-02 15:24:05,1362,1,6.294047125,0.365327435268
2012-08-02 15:24:06,1363,1,6.94144296354,0.647395838542
2012-08-02 15:24:07,1364,1,7.72023755134,0.778794587798
2012-08-02 15:24:08,1365,1,8.33735055804,0.617113006696
2012-08-02 15:24:09,1366,1,8.49709753051,0.15974697247
2012-08-02 15:24:10,1367,1,8.14449340699,-0.352604123512
2012-08-02 15:24:11,1368,1,7.60245485119,-0.542038555804
2012-08-02 15:24:12,1369,1,7.32529729539,-0.277157555804
2012-08-02 15:24:13,1370,1,7.52187481622,0.196577520833
2012-08-02 15:24:14,1371,1,8.08087778571,0.559002969494
2012-08-02 15:24:15,1372,1,8.69784192708,0.616964141369
2012-08-02 15:24:16,1373,1,9.06555012202,0.36770819494
2012-08-02 15:24:17,1374,1,9.08519297768,0.0196428556548
2012-08-02 15:24:18,1375,1,8.79806513467,-0.287127843006
2012-08-02 15:24:19,1376,1,8.1563986131,-0.641666521577
2012-08-02 15:24:20,1377,1,7.08995520089,-1.0664434122
2012-08-02 15:24:21,1378,1,5.70610098065,-1.38385422024
2012-08-02 15:24:22,1379,1,4.31852653348,-1.38757444717
2012-08-02 15:24:23,1380,1,3.38013371577,-0.938392817708
2012-08-02 15:24:24,1381,1,3.30438976042,-0.0757439553571
2012-08-02 15:24:25,1382,1,4.21123504762,0.906845287202
2012-08-02 15:24:26,1383,1,5.84732130952,1.6360862619
2012-08-02 15:24:27,1384,1,7.73080336533,1.8834820558
2012-08-02 15:24:28,1385,1,9.40148784598,1.67068448065
2012-08-02 15:24:29,1386,1,10.6148062954,1.2133184494
2012-08-02 15:24:30,1387,1,11.3316217381,0.716815442708
2012-08-02 15:24:31,1388,1,11.5903269993,0.258705261161
2012-08-02 15:24:32,1389,1,11.415326904,-0.175000095238
2012-08-02 15:24:33,1390,1,10.8350441734,-0.580282730655
2012-08-02 15:24:34,1391,1,9.99508894568,-0.839955227679
2012-08-02 15:24:35,1392,1,9.13422599554,-0.860862950149
2012-08-02 15:24:36,1393,1,8.40200877902,-0.732217216518
2012-08-02 15:24:37,1394,1,7.85394324851,-0.548065530506
2012-08-02 15:24:38,1395,1,7.58980626637,-0.264136982143
2012-08-02 15:24:39,1396,1,7.71175562054,0.121949354167
2012-08-02 15:24:40,1397,1,8.14501451042,0.433258889881
2012-08-02 15:24:41,1398,1,8.55290133185,0.407886821429
2012-08-02 15:24:42,1399,1,8.48340714137,-0.0694941904762
2012-08-02 15:24:43,1400,1,7.74851118527,-0.734895956101
2012-08-02 15:24:44,1401,1,6.67723140923,-1.07127977604
2012-08-02 15:24:45,1402,1,5.88697852902,-0.790252880208
2012-08-02 15:24:46,1403,1,5.82418105432,-0.0627974747024
2012-08-02 15:24:47,1404,1,6.51212760491,0.687946550595
2012-08-02 15:24:48,1405,1,7.59077348735,1.07864588244
2012-08-02 15:24:49,1406,1,8.55096693006,0.960193442708
2012-08-02 15:24:50,1407,1,9.01421097842,0.463244048363
2012-08-02 15:24:51,1408,1,8.88348185268,-0.130729125744
2012-08-02 15:24:52,1409,1,8.30706820833,-0.576413644345
2012-08-02 15:24:53,1410,1,7.52730631548,-0.779761892857
2012-08-02 15:24:54,1411,1,6.72142828497,-0.805878030506
2012-08-02 15:24:55,1412,1,5.92998470089,-0.791443584077
2012-08-02 15:24:56,1413,1,5.1545381317,-0.775446569196
2012-08-02 15:24:57,1414,1,4.53935951935,-0.615178612351
2012-08-02 15:24:58,1415,1,4.34866020164,-0.190699317708
2012-08-02 15:24:59,1416,1,4.70081808185,0.352157880208
2012-08-02 15:25:00,1417,1,5.39248484598,0.691666764137
2012-08-02 15:25:01,1418,1,5.99687472024,0.604389874256
2012-08-02 15:25:02,1419,1,6.14680022545,0.149925505208
2012-08-02 15:25:03,1420,1,5.81949358482,-0.327306640625
2012-08-02 15:25:04,1421,1,5.34307985119,-0.476413733631
2012-08-02 15:25:05,1422,1,5.08251436756,-0.260565483631
2012-08-02 15:25:06,1423,1,5.1600441369,0.0775297693452
2012-08-02 15:25:07,1424,1,5.43080310714,0.270758970238
2012-08-02 15:25:08,1425,1,5.65825855208,0.22745544494
2012-08-02 15:25:09,1426,1,5.74732114286,0.0890625907738
2012-08-02 15:25:10,1427,1,5.78020809077,0.0328869479167
2012-08-02 15:25:11,1428,1,5.84077356771,0.0605654769345
2012-08-02 15:25:12,1429,1,5.92678547098,0.0860119032738
2012-08-02 15:25:13,1430,1,6.00327357068,0.0764880997024
2012-08-02 15:25:14,1431,1,6.0670384122,0.0637648415179
2012-08-02 15:25:15,1432,1,6.17656209077,0.109523678571
2012-08-02 15:25:16,1433,1,6.38772262351,0.211160532738
2012-08-02 15:25:17,1434,1,6.68779689732,0.30007427381
2012-08-02 15:25:18,1435,1,7.0424843564,0.354687459077
2012-08-02 15:25:19,1436,1,7.41026709524,0.367782738839
2012-08-02 15:25:20,1437,1,7.68139805357,0.271130958333
2012-08-02 15:25:21,1438,1,7.67901714137,-0.00238091220238
2012-08-02 15:25:22,1439,1,7.24090074203,-0.438116399341
2012-08-02 15:25:23,1440,1,6.35015891582,-0.890741826212
2012-08-02 15:25:24,1441,1,5.21843059545,-1.13172832037
2012-08-02 15:25:25,1442,1,4.17545640242,-1.04297419303
2012-08-02 15:25:26,1443,1,3.46060717517,-0.714849227253
2012-08-02 15:25:27,1444,1,3.12547742156,-0.335129753614
2012-08-02 15:25:28,1445,1,3.05740774139,-0.0680696801658
2012-08-02 15:25:29,1446,1,3.07108771322,0.0136799718325
2012-08-02 15:25:30,1447,1,3.03999729943,-0.0310904137968
2012-08-02 15:25:31,1448,1,2.9535284848,-0.0864688146258
2012-08-02 15:25:32,1449,1,2.86484878008,-0.0886797047194
2012-08-02 15:25:33,1450,1,2.83373708897,-0.0311116911139
2012-08-02 15:25:34,1451,1,2.89029543187,0.0565583428997
2012-08-02 15:25:35,1452,1,3.0200467229,0.129751291029
2012-08-02 15:25:36,1453,1,3.19976600159,0.179719278699
2012-08-02 15:25:37,1454,1,3.41006552955,0.210299527955
2012-08-02 15:25:38,1455,1,3.5964917449,0.186426215349
2012-08-02 15:25:39,1456,1,3.67464849532,0.0781567504252
2012-08-02 15:25:40,1457,1,3.58296057664,-0.0916879186862
2012-08-02 15:25:41,1458,1,3.33072856399,-0.252232012649
2012-08-02 15:25:42,1459,1,3.02380910565,-0.306919458333
2012-08-02 15:25:43,1460,1,2.80089261161,-0.222916494048
2012-08-02 15:25:44,1461,1,2.71049096057,-0.0904016510417
2012-08-02 15:25:45,1462,1,2.70900295536,-0.00148800520834
2012-08-02 15:25:46,1463,1,2.76733631994,0.0583333645833
2012-08-02 15:25:47,1464,1,2.89412199479,0.126785674851
2012-08-02 15:25:48,1465,1,3.08764868601,0.19352669122
2012-08-02 15:25:49,1466,1,3.32261882664,0.234970140625
2012-08-02 15:25:50,1467,1,3.53407711905,0.211458292411
2012-08-02 15:25:51,1468,1,3.62023787574,0.0861607566964
2012-08-02 15:25:52,1469,1,3.52589274033,-0.0943451354167
2012-08-02 15:25:53,1470,1,3.30386902455,-0.222023715774
2012-08-02 15:25:54,1471,1,3.08244045759,-0.221428566964
2012-08-02 15:25:55,1472,1,2.98571414435,-0.0967263132441
2012-08-02 15:25:56,1473,1,3.03682998958,0.0511158452381
2012-08-02 15:25:57,1474,1,3.12901722619,0.0921872366071
2012-08-02 15:25:58,1475,1,3.13712712426,0.00810989806547
2012-08-02 15:25:59,1476,1,3.03749902307,-0.0996281011905
2012-08-02 15:26:00,1477,1,2.89665077307,-0.14084825
2012-08-02 15:26:01,1478,1,2.8066954189,-0.0899553541667
2012-08-02 15:26:02,1479,1,2.86160613318,0.0549107142857
2012-08-02 15:26:03,1480,1,3.10237993973,0.240773806548
2012-08-02 15:26:04,1481,1,3.40587699926,0.303497059524
2012-08-02 15:26:05,1482,1,3.46949319643,0.0636161971726
2012-08-02 15:26:06,1483,1,3.00007377679,-0.469419419643
2012-08-02 15:26:07,1484,1,2.01994010937,-0.980133667411
2012-08-02 15:26:08,1485,1,0.0,-2.01994010937
2012-08-02 15:26:09,1486,1,0.0,0.0
2012-08-02 15:26:10,1487,1,0.0,0.0
2012-08-02 15:26:11,1488,1,0.0,0.0
2012-08-02 15:26:12,1489,1,0.0,0.0
2012-08-02 15:26:13,1490,1,0.0,0.0
