timestamp,cycle_sec,timestep,speed_mph,accel_meters_ps
2012-04-06 16:18:13,0,53149,0.0,0.0
2012-04-06 16:18:14,1,1,1.64537167031,1.64537167031
2012-04-06 16:18:15,2,1,2.29032694643,0.644955276116
2012-04-06 16:18:16,3,1,2.51925557024,0.22892862381
2012-04-06 16:18:17,4,1,2.45574377351,-0.0635117967262
2012-04-06 16:18:18,5,1,2.41489560201,-0.040848171503
2012-04-06 16:18:19,6,1,2.52110090387,0.10620530186
2012-04-06 16:18:20,7,1,2.70687460915,0.185773705283
2012-04-06 16:18:21,8,1,2.89717211905,0.190297509896
2012-04-06 16:18:22,9,1,3.07682974799,0.179657628943
2012-04-06 16:18:23,10,1,3.25791595179,0.181086203795
2012-04-06 16:18:24,11,1,3.4618146997,0.203898747917
2012-04-06 16:18:25,12,1,3.69421801536,0.232403315662
2012-04-06 16:18:26,13,1,3.90403216451,0.209814149144
2012-04-06 16:18:27,14,1,4.00375708612,0.0997249216146
2012-04-06 16:18:28,15,1,3.94666647961,-0.0570906065104
2012-04-06 16:18:29,16,1,3.76767096708,-0.178995512537
2012-04-06 16:18:30,17,1,3.57688959539,-0.190781371689
2012-04-06 16:18:31,18,1,3.53925549613,-0.037634099256
2012-04-06 16:18:32,19,1,3.81904703832,0.279791542188
2012-04-06 16:18:33,20,1,4.50606334096,0.687016302641
2012-04-06 16:18:34,21,1,5.57924037091,1.07317702995
2012-04-06 16:18:35,22,1,6.90695606641,1.3277156955
2012-04-06 16:18:36,23,1,8.29374911942,1.38679305301
2012-04-06 16:18:37,24,1,9.58775944996,1.29401033054
2012-04-06 16:18:38,25,1,10.7482132809,1.16045383092
2012-04-06 16:18:39,26,1,11.7966507775,1.04843749665
2012-04-06 16:18:40,27,1,12.7462787537,0.94962797619
2012-04-06 16:18:41,28,1,13.5889870893,0.842708335566
2012-04-06 16:18:42,29,1,14.2994781942,0.710491104911
2012-04-06 16:18:43,30,1,14.8235110171,0.524032822917
2012-04-06 16:18:44,31,1,15.0531986488,0.229687631696
2012-04-06 16:18:45,32,1,14.8018099261,-0.251388722718
2012-04-06 16:18:46,33,1,13.8384048496,-0.963405076513
2012-04-06 16:18:47,34,1,12.0429313073,-1.79547354229
2012-04-06 16:18:48,35,1,9.59991308197,-2.44301822532
2012-04-06 16:18:49,36,1,7.0132191937,-2.58669388827
2012-04-06 16:18:50,37,1,4.8569195625,-2.1562996312
2012-04-06 16:18:51,38,1,3.454265688,-1.4026538745
2012-04-06 16:18:52,39,1,2.7371772443,-0.7170884437
2012-04-06 16:18:53,40,1,2.40885365848,-0.328323585813
2012-04-06 16:18:54,41,1,2.3084318621,-0.100421796379
2012-04-06 16:18:55,42,1,2.60376905605,0.295337193948
2012-04-06 16:18:56,43,1,3.56897244866,0.965203392609
2012-04-06 16:18:57,44,1,5.2254706255,1.65649817684
2012-04-06 16:18:58,45,1,7.25507156238,2.02960093688
2012-04-06 16:18:59,46,1,9.23883913988,1.9837675775
2012-04-06 16:19:00,47,1,10.9808655232,1.74202638331
2012-04-06 16:19:01,48,1,12.6088292651,1.62796374194
2012-04-06 16:19:02,49,1,14.3558033356,1.74697407044
2012-04-06 16:19:03,50,1,16.2884668519,1.93266351637
2012-04-06 16:19:04,51,1,18.2688982113,1.98043135938
2012-04-06 16:19:05,52,1,20.1096718504,1.84077363914
2012-04-06 16:19:06,53,1,21.7072908021,1.59761895164
2012-04-06 16:19:07,54,1,23.0555051295,1.34821432738
2012-04-06 16:19:08,55,1,24.1880946079,1.13258947842
2012-04-06 16:19:09,56,1,25.1360115335,0.947916925595
2012-04-06 16:19:10,57,1,25.9308777924,0.794866258929
2012-04-06 16:19:11,58,1,26.6164433125,0.685565520089
2012-04-06 16:19:12,59,1,27.2404015885,0.623958276042
2012-04-06 16:19:13,60,1,27.8505949546,0.610193366071
2012-04-06 16:19:14,61,1,28.4945680789,0.643973124256
2012-04-06 16:19:15,62,1,29.1985114397,0.703943360863
2012-04-06 16:19:16,63,1,29.9409964762,0.742485036458
2012-04-06 16:19:17,64,1,30.6442702359,0.703273759673
2012-04-06 16:19:18,65,1,31.1956095312,0.551339295387
2012-04-06 16:19:19,66,1,31.5058030379,0.310193506696
2012-04-06 16:19:20,67,1,31.5632435499,0.0574405119048
2012-04-06 16:19:21,68,1,31.4254458966,-0.137797653274
2012-04-06 16:19:22,69,1,31.1456838951,-0.279762001488
2012-04-06 16:19:23,70,1,30.6841510655,-0.461532829613
2012-04-06 16:19:24,71,1,29.8834814144,-0.800669651042
2012-04-06 16:19:25,72,1,28.5560261496,-1.32745526488
2012-04-06 16:19:26,73,1,26.6147316496,-1.9412945
2012-04-06 16:19:27,74,1,24.1266365335,-2.48809511607
2012-04-06 16:19:28,75,1,21.251338965,-2.87529756845
2012-04-06 16:19:29,76,1,18.1408478891,-3.11049107589
2012-04-06 16:19:30,77,1,14.9104907448,-3.23035714435
2012-04-06 16:19:31,78,1,11.6959818155,-3.21450892932
2012-04-06 16:19:32,79,1,8.68020795759,-3.01577385789
2012-04-06 16:19:33,80,1,6.01398764658,-2.66622031101
2012-04-06 16:19:34,81,1,3.75892811756,-2.25505952902
2012-04-06 16:19:35,82,1,2.00133893006,-1.7575891875
2012-04-06 16:19:36,83,1,0.0,-2.00133893006
2012-04-06 16:20:11,118,35,0.0,0.0
2012-04-06 16:20:12,119,1,1.71138342932,1.71138342932
2012-04-06 16:20:13,120,1,2.89367491667,1.18229148735
2012-04-06 16:20:14,121,1,4.01123440476,1.1175594881
2012-04-06 16:20:15,122,1,4.86004400744,0.848809602679
2012-04-06 16:20:16,123,1,5.44531196354,0.585267956101
2012-04-06 16:20:17,124,1,5.86041620461,0.415104241071
2012-04-06 16:20:18,125,1,6.25580316146,0.395386956845
2012-04-06 16:20:19,126,1,6.82098176935,0.565178607887
2012-04-06 16:20:20,127,1,7.68846692188,0.86748515253
2012-04-06 16:20:21,128,1,8.85550566146,1.16703873958
2012-04-06 16:20:22,129,1,10.237499785,1.38199412351
2012-04-06 16:20:23,130,1,11.7914433341,1.55394354911
2012-04-06 16:20:24,131,1,13.5619047277,1.7704613936
2012-04-06 16:20:25,132,1,15.592633933,2.03072920536
2012-04-06 16:20:26,133,1,17.8109375082,2.21830357515
2012-04-06 16:20:27,134,1,20.031770843,2.22083333482
2012-04-06 16:20:28,135,1,22.0770089397,2.04523809673
2012-04-06 16:20:29,136,1,23.8805803259,1.80357138616
2012-04-06 16:20:30,137,1,25.4880950789,1.60751475298
2012-04-06 16:20:31,138,1,26.9784222827,1.49032720387
2012-04-06 16:20:32,139,1,28.4040173921,1.42559510937
2012-04-06 16:20:33,140,1,29.7889131808,1.38489578869
2012-04-06 16:20:34,141,1,31.1468000528,1.35788687202
2012-04-06 16:20:35,142,1,32.4928565112,1.34605645833
2012-04-06 16:20:36,143,1,33.8442700997,1.35141358854
2012-04-06 16:20:37,144,1,35.2104903475,1.36622024777
2012-04-06 16:20:38,145,1,36.5874250528,1.37693470536
2012-04-06 16:20:39,146,1,37.956026468,1.36860141518
2012-04-06 16:20:40,147,1,39.281770567,1.32574409896
2012-04-06 16:20:41,148,1,40.5199400662,1.23816949926
2012-04-06 16:20:42,149,1,41.6066214762,1.08668140997
2012-04-06 16:20:43,150,1,42.4404756362,0.83385415997
2012-04-06 16:20:44,151,1,42.9148804479,0.474404811756
2012-04-06 16:20:45,152,1,42.9936751019,0.0787946540178
2012-04-06 16:20:46,153,1,42.7477673408,-0.245907761161
2012-04-06 16:20:47,154,1,42.3307286585,-0.417038682292
2012-04-06 16:20:48,155,1,41.9262644613,-0.404464197173
2012-04-06 16:20:49,156,1,41.6816961391,-0.244568322173
2012-04-06 16:20:50,157,1,41.6528271756,-0.0288689635417
2012-04-06 16:20:51,158,1,41.7980653065,0.145238130952
2012-04-06 16:20:52,159,1,42.021056433,0.222991126488
2012-04-06 16:20:53,160,1,42.2320684129,0.211011979911
2012-04-06 16:20:54,161,1,42.3971726205,0.165104207589
2012-04-06 16:20:55,162,1,42.5461309509,0.148958330357
2012-04-06 16:20:56,163,1,42.7350446362,0.188913685268
2012-04-06 16:20:57,164,1,43.0030506414,0.268006005208
2012-04-06 16:20:58,165,1,43.3630210097,0.359970368304
2012-04-06 16:20:59,166,1,43.8165181391,0.453497129464
2012-04-06 16:21:00,167,1,44.3588543772,0.542336238095
2012-04-06 16:21:01,168,1,44.9720981391,0.613243761905
2012-04-06 16:21:02,169,1,45.6258179821,0.653719843006
2012-04-06 16:21:03,170,1,46.2857134926,0.659895510417
2012-04-06 16:21:04,171,1,46.9215765007,0.635863008185
2012-04-06 16:21:05,172,1,47.5127224926,0.591145991815
2012-04-06 16:21:06,173,1,48.0370531138,0.52433062128
2012-04-06 16:21:07,174,1,48.4428568921,0.405803778274
2012-04-06 16:21:08,175,1,48.6438241659,0.20096727381
2012-04-06 16:21:09,176,1,48.5616066622,-0.0822175037202
2012-04-06 16:21:10,177,1,48.1822163795,-0.379390282738
2012-04-06 16:21:11,178,1,47.5735106548,-0.608705724702
2012-04-06 16:21:12,179,1,46.8451622894,-0.728348365327
2012-04-06 16:21:13,180,1,46.0886892269,-0.7564730625
2012-04-06 16:21:14,181,1,45.3328860491,-0.755803177827
2012-04-06 16:21:15,182,1,44.5035710268,-0.829315022321
2012-04-06 16:21:16,183,1,43.4186755141,-1.08489551265
2012-04-06 16:21:17,184,1,41.8874256205,-1.5312498936
2012-04-06 16:21:18,185,1,39.8543154628,-2.03311015774
2012-04-06 16:21:19,186,1,37.4360118296,-2.41830363318
2012-04-06 16:21:20,187,1,34.8255951205,-2.61041670908
2012-04-06 16:21:21,188,1,32.1705355216,-2.65505959896
2012-04-06 16:21:22,189,1,29.5095978772,-2.66093764435
2012-04-06 16:21:23,190,1,26.7889875878,-2.72061028943
2012-04-06 16:21:24,191,1,23.9228416265,-2.86614596131
2012-04-06 16:21:25,192,1,20.8444933616,-3.07834826488
2012-04-06 16:21:26,193,1,17.5466511131,-3.29784224851
2012-04-06 16:21:27,194,1,14.1150291287,-3.43162198438
2012-04-06 16:21:28,195,1,10.7305797738,-3.38444935491
2012-04-06 16:21:29,196,1,7.65624947173,-3.07433030208
2012-04-06 16:21:30,197,1,5.23459771131,-2.42165176042
2012-04-06 16:21:31,198,1,3.86852625074,-1.36607146057
2012-04-06 16:21:32,199,1,3.91488036607,0.0463541153274
2012-04-06 16:21:33,200,1,5.46785655357,1.5529761875
2012-04-06 16:21:34,201,1,8.21153220164,2.74367564807
2012-04-06 16:21:35,202,1,11.5507435513,3.3392113497
2012-04-06 16:21:36,203,1,14.9040917262,3.35334817485
2012-04-06 16:21:37,204,1,17.8962791243,2.99218739807
2012-04-06 16:21:38,205,1,20.3793891897,2.48311006548
2012-04-06 16:21:39,206,1,22.3382434561,1.95885426637
2012-04-06 16:21:40,207,1,23.7814728452,1.44322938914
2012-04-06 16:21:41,208,1,24.7290920759,0.947619230655
2012-04-06 16:21:42,209,1,25.25200875,0.522916674107
2012-04-06 16:21:43,210,1,25.4422615759,0.190252825893
2012-04-06 16:21:44,211,1,25.340029253,-0.102232322917
2012-04-06 16:21:45,212,1,24.9126482098,-0.427381043155
2012-04-06 16:21:46,213,1,24.1057286042,-0.806919605655
2012-04-06 16:21:47,214,1,22.9344489479,-1.17127965625
2012-04-06 16:21:48,215,1,21.5459817723,-1.3884671756
2012-04-06 16:21:49,216,1,20.1979907426,-1.34799102976
2012-04-06 16:21:50,217,1,19.1734371815,-1.02455356101
2012-04-06 16:21:51,218,1,18.6703121644,-0.503125017113
2012-04-06 16:21:52,219,1,18.7244787917,0.0541666272322
2012-04-06 16:21:53,220,1,19.2371275565,0.512648764881
2012-04-06 16:21:54,221,1,20.0648805216,0.82775296503
2012-04-06 16:21:55,222,1,21.0724698638,1.00758934226
2012-04-06 16:21:56,223,1,22.1322169777,1.05974711384
2012-04-06 16:21:57,224,1,23.0886902351,0.95647325744
2012-04-06 16:21:58,225,1,23.7281247158,0.639434480655
2012-04-06 16:21:59,226,1,23.8293895067,0.101264790923
2012-04-06 16:22:00,227,1,23.2785709978,-0.550818508929
2012-04-06 16:22:01,228,1,22.1351186265,-1.14345237128
2012-04-06 16:22:02,229,1,20.5857139055,-1.54940472098
2012-04-06 16:22:03,230,1,18.8029758571,-1.78273804836
2012-04-06 16:22:04,231,1,16.8289431741,-1.97403268304
2012-04-06 16:22:05,232,1,14.6164432128,-2.21249996131
2012-04-06 16:22:06,233,1,12.1726187746,-2.44382443824
2012-04-06 16:22:07,234,1,9.66331804315,-2.5093007314
2012-04-06 16:22:08,235,1,7.43281190104,-2.23050614211
2012-04-06 16:22:09,236,1,5.92328795908,-1.50952394196
2012-04-06 16:22:10,237,1,5.50297546726,-0.420312491815
2012-04-06 16:22:11,238,1,6.28950833854,0.78653287128
2012-04-06 16:22:12,239,1,8.08616027307,1.79665193452
2012-04-06 16:22:13,240,1,10.4941216287,2.40796135565
2012-04-06 16:22:14,241,1,13.11934475,2.62522312128
2012-04-06 16:22:15,242,1,15.7098951689,2.5905504189
2012-04-06 16:22:16,243,1,18.1370527545,2.42715758557
2012-04-06 16:22:17,244,1,20.2764128393,2.13936008482
2012-04-06 16:22:18,245,1,21.9581837626,1.68177092336
2012-04-06 16:22:19,246,1,23.0624249695,1.10424120685
2012-04-06 16:22:20,247,1,23.6034964985,0.541071529018
2012-04-06 16:22:21,248,1,23.6720233132,0.0685268147321
2012-04-06 16:22:22,249,1,23.3315470841,-0.340476229167
2012-04-06 16:22:23,250,1,22.5898059531,-0.741741130952
2012-04-06 16:22:24,251,1,21.4108624933,-1.17894345982
2012-04-06 16:22:25,252,1,19.7174102024,-1.69345229092
2012-04-06 16:22:26,253,1,17.4309520409,-2.28645816146
2012-04-06 16:22:27,254,1,14.5947171079,-2.83623493304
2012-04-06 16:22:28,255,1,11.4873511622,-3.10736594568
2012-04-06 16:22:29,256,1,8.55781251935,-2.92953864286
2012-04-06 16:22:30,257,1,6.19709823512,-2.36071428423
2012-04-06 16:22:31,258,1,4.56532735789,-1.63177087723
2012-04-06 16:22:32,259,1,3.59382424851,-0.971503109375
2012-04-06 16:22:33,260,1,3.11130914286,-0.482515105655
2012-04-06 16:22:34,261,1,2.96004403981,-0.151265103051
2012-04-06 16:22:35,262,1,2.98050525744,0.0204612176339
2012-04-06 16:22:36,263,1,2.97366009449,-0.00684516294643
2012-04-06 16:22:37,264,1,2.83407690923,-0.139583185268
2012-04-06 16:22:38,265,1,2.75967223996,-0.0744046692708
2012-04-06 16:22:39,266,1,3.25885376563,0.49918152567
2012-04-06 16:22:40,267,1,4.83415126972,1.57529750409
2012-04-06 16:22:41,268,1,7.57157672545,2.73742545573
2012-04-06 16:22:42,269,1,11.0357135432,3.46413681771
2012-04-06 16:22:43,270,1,14.5620528385,3.52633929539
2012-04-06 16:22:44,271,1,17.6640618657,3.10200902716
2012-04-06 16:22:45,272,1,20.2305798646,2.56651799888
2012-04-06 16:22:46,273,1,22.3746276049,2.14404774033
2012-04-06 16:22:47,274,1,24.134151465,1.75952386012
2012-04-06 16:22:48,275,1,25.374627651,1.24047618601
2012-04-06 16:22:49,276,1,25.917931221,0.54330356994
2012-04-06 16:22:50,277,1,25.6563240774,-0.261607143601
2012-04-06 16:22:51,278,1,24.5866067671,-1.06971731027
2012-04-06 16:22:52,279,1,22.8640620439,-1.72254472321
2012-04-06 16:22:53,280,1,20.8486602098,-2.01540183408
2012-04-06 16:22:54,281,1,19.041889378,-1.80677083185
2012-04-06 16:22:55,282,1,17.9250739092,-1.11681546875
2012-04-06 16:22:56,283,1,17.7581095796,-0.166964329613
2012-04-06 16:22:57,284,1,18.4305053199,0.672395740327
2012-04-06 16:22:58,285,1,19.5505945513,1.1200892314
2012-04-06 16:22:59,286,1,20.7599696094,1.20937505804
2012-04-06 16:23:00,287,1,21.9139875945,1.15401798512
2012-04-06 16:23:01,288,1,22.9789430394,1.06495544494
2012-04-06 16:23:02,289,1,23.9084073281,0.929464288691
2012-04-06 16:23:03,290,1,24.6311751741,0.722767845982
2012-04-06 16:23:04,291,1,25.1078121324,0.476636958333
2012-04-06 16:23:05,292,1,25.4263389993,0.318526866815
2012-04-06 16:23:06,293,1,25.7384669807,0.312127981399
2012-04-06 16:23:07,294,1,26.0255948631,0.28712788244
2012-04-06 16:23:08,295,1,26.0977673817,0.0721725186012
2012-04-06 16:23:09,296,1,25.8726929844,-0.225074397321
2012-04-06 16:23:10,297,1,25.5112347872,-0.361458197173
2012-04-06 16:23:11,298,1,25.2738837448,-0.237351042411
2012-04-06 16:23:12,299,1,25.3063986287,0.0325148839285
2012-04-06 16:23:13,300,1,25.540922253,0.234523624256
2012-04-06 16:23:14,301,1,25.7864576994,0.245535446429
2012-04-06 16:23:15,302,1,25.8854158475,0.0989581480654
2012-04-06 16:23:16,303,1,25.7372759695,-0.148139877976
2012-04-06 16:23:17,304,1,25.2470975461,-0.490178423363
2012-04-06 16:23:18,305,1,24.3772316094,-0.869865936756
2012-04-06 16:23:19,306,1,23.2040173274,-1.17321428199
2012-04-06 16:23:20,307,1,21.7776779487,-1.42633937872
2012-04-06 16:23:21,308,1,19.9505945595,-1.82708338914
2012-04-06 16:23:22,309,1,17.5166660439,-2.43392851562
2012-04-06 16:23:23,310,1,14.5537445109,-2.96292153299
2012-04-06 16:23:24,311,1,11.4988585985,-3.05488591245
2012-04-06 16:23:25,312,1,8.83764814658,-2.66121045188
2012-04-06 16:23:26,313,1,6.7762640439,-2.06138410268
2012-04-06 16:23:27,314,1,5.22544551935,-1.55081852455
2012-04-06 16:23:28,315,1,4.05770006659,-1.16774545275
2012-04-06 16:23:29,316,1,3.29580167256,-0.761898394035
2012-04-06 16:23:30,317,1,2.98103868291,-0.314762989645
2012-04-06 16:23:31,318,1,2.97736194996,-0.00367673294891
2012-04-06 16:23:32,319,1,3.06893565811,0.0915737081473
2012-04-06 16:23:33,320,1,3.17416258464,0.105226926525
2012-04-06 16:23:34,321,1,3.39110820945,0.216945624814
2012-04-06 16:23:35,322,1,3.93737548934,0.546267279886
2012-04-06 16:23:36,323,1,5.03059220821,1.09321671887
2012-04-06 16:23:37,324,1,6.72643176358,1.69583955537
2012-04-06 16:23:38,325,1,8.88723912984,2.16080736626
2012-04-06 16:23:39,326,1,11.2905688358,2.40332970592
2012-04-06 16:23:40,327,1,13.7422988278,2.451729992
2012-04-06 16:23:41,328,1,16.1619603235,2.41966149572
2012-04-06 16:23:42,329,1,18.5609744245,2.399014101
2012-04-06 16:23:43,330,1,20.9022317626,2.34125733817
2012-04-06 16:23:44,331,1,23.0619042835,2.15967252083
2012-04-06 16:23:45,332,1,24.9422614286,1.88035714509
2012-04-06 16:23:46,333,1,26.5333329874,1.59107155878
2012-04-06 16:23:47,334,1,27.879389715,1.34605672768
2012-04-06 16:23:48,335,1,29.0435267567,1.16413704167
2012-04-06 16:23:49,336,1,30.0875000513,1.04397329464
2012-04-06 16:23:50,337,1,31.0594495037,0.971949452381
2012-04-06 16:23:51,338,1,31.9920387946,0.932589290923
2012-04-06 16:23:52,339,1,32.9014137374,0.909374942708
2012-04-06 16:23:53,340,1,33.7886160045,0.887202267113
2012-04-06 16:23:54,341,1,34.648065276,0.859449271577
2012-04-06 16:23:55,342,1,35.4780502716,0.829984995536
2012-04-06 16:23:56,343,1,36.2811007009,0.803050429315
2012-04-06 16:23:57,344,1,37.0458325707,0.764731869792
2012-04-06 16:23:58,345,1,37.7268590603,0.681026489583
2012-04-06 16:23:59,346,1,38.2323648661,0.505505805804
2012-04-06 16:24:00,347,1,38.4154750387,0.183110172619
2012-04-06 16:24:01,348,1,38.1078859062,-0.307589132441
2012-04-06 16:24:02,349,1,37.2130943683,-0.894791537946
2012-04-06 16:24:03,350,1,35.7829604859,-1.43013388244
2012-04-06 16:24:04,351,1,34.0154753609,-1.767485125
2012-04-06 16:24:05,352,1,32.184895003,-1.83058035789
2012-04-06 16:24:06,353,1,30.5323652411,-1.6525297619
2012-04-06 16:24:07,354,1,29.176040817,-1.35632442411
2012-04-06 16:24:08,355,1,28.1095229695,-1.06651784747
2012-04-06 16:24:09,356,1,27.2688980551,-0.840624914435
2012-04-06 16:24:10,357,1,26.5948654405,-0.674032614583
2012-04-06 16:24:11,358,1,26.0693447098,-0.525520730655
2012-04-06 16:24:12,359,1,25.7295382366,-0.339806473214
2012-04-06 16:24:13,360,1,25.638913285,-0.0906249516369
2012-04-06 16:24:14,361,1,25.8369043542,0.197991069196
2012-04-06 16:24:15,362,1,26.3250739464,0.488169592262
2012-04-06 16:24:16,363,1,27.0834816369,0.758407690476
2012-04-06 16:24:17,364,1,28.0721721116,0.988690474702
2012-04-06 16:24:18,365,1,29.2198656049,1.1476934933
2012-04-06 16:24:19,366,1,30.432068032,1.21220242708
2012-04-06 16:24:20,367,1,31.6270829524,1.19501492039
2012-04-06 16:24:21,368,1,32.7708330327,1.14375008036
2012-04-06 16:24:22,369,1,33.8728421034,1.10200907068
2012-04-06 16:24:23,370,1,34.9438987842,1.0710566808
2012-04-06 16:24:24,371,1,35.9624256205,1.01852683631
2012-04-06 16:24:25,372,1,36.8934523631,0.93102674256
2012-04-06 16:24:26,373,1,37.7383183013,0.844865938244
2012-04-06 16:24:27,374,1,38.5488091525,0.810490851191
2012-04-06 16:24:28,375,1,39.3848952046,0.836086052083
2012-04-06 16:24:29,376,1,40.2589277433,0.87403253869
2012-04-06 16:24:30,377,1,41.1242550513,0.865327308036
2012-04-06 16:24:31,378,1,41.9241062924,0.799851241071
2012-04-06 16:24:32,379,1,42.6409962984,0.716890005952
2012-04-06 16:24:33,380,1,43.2901035945,0.649107296131
2012-04-06 16:24:34,381,1,43.8799102984,0.589806703869
2012-04-06 16:24:35,382,1,44.3827377887,0.502827490327
2012-04-06 16:24:36,383,1,44.737350875,0.354613086309
2012-04-06 16:24:37,384,1,44.8966513646,0.159300489583
2012-04-06 16:24:38,385,1,44.8854161615,-0.011235203125
2012-04-06 16:24:39,386,1,44.8043149747,-0.0811011867559
2012-04-06 16:24:40,387,1,44.7744043095,-0.0299106651786
2012-04-06 16:24:41,388,1,44.8686751503,0.0942708407738
2012-04-06 16:24:42,389,1,45.068526256,0.199851105655
2012-04-06 16:24:43,390,1,45.2731391987,0.204612942708
2012-04-06 16:24:44,391,1,45.3712045156,0.0980653169643
2012-04-06 16:24:45,392,1,45.3171865737,-0.0540179419643
2012-04-06 16:24:46,393,1,45.1450884591,-0.172098114583
2012-04-06 16:24:47,394,1,44.9447167641,-0.200371694941
2012-04-06 16:24:48,395,1,44.8398064725,-0.104910291667
2012-04-06 16:24:49,396,1,44.9444942359,0.104687763393
2012-04-06 16:24:50,397,1,45.3065477723,0.362053536458
2012-04-06 16:24:51,398,1,45.8843005171,0.577752744792
2012-04-06 16:24:52,399,1,46.5638389866,0.679538469494
2012-04-06 16:24:53,400,1,47.2081097448,0.644270758185
2012-04-06 16:24:54,401,1,47.716889596,0.50877985119
2012-04-06 16:24:55,402,1,48.0546873869,0.337797790923
2012-04-06 16:24:56,403,1,48.2447172574,0.190029870536
2012-04-06 16:24:57,404,1,48.360118939,0.115401681548
2012-04-06 16:24:58,405,1,48.5166661838,0.156547244792
2012-04-06 16:24:59,406,1,48.8446418437,0.32797565997
2012-04-06 16:25:00,407,1,49.4350431786,0.590401334821
2012-04-06 16:25:01,408,1,50.2960549055,0.861011726934
2012-04-06 16:25:02,409,1,51.3493288155,1.05327390997
2012-04-06 16:25:03,410,1,52.4630939308,1.11376511533
2012-04-06 16:25:04,411,1,53.5127221592,1.04962822842
2012-04-06 16:25:05,412,1,54.4371271577,0.924404998512
2012-04-06 16:25:06,413,1,55.2529011778,0.815774020089
2012-04-06 16:25:07,414,1,56.0324400446,0.779538866815
2012-04-06 16:25:08,415,1,56.8578121682,0.825372123512
2012-04-06 16:25:09,416,1,57.7505204382,0.892708270089
2012-04-06 16:25:10,417,1,58.6186749494,0.868154511161
2012-04-06 16:25:11,418,1,59.2671121198,0.648437170387
2012-04-06 16:25:12,419,1,59.4739571213,0.206845001488
2012-04-06 16:25:13,420,1,59.1173350714,-0.356622049851
2012-04-06 16:25:14,421,1,58.2723203638,-0.845014707589
2012-04-06 16:25:15,422,1,57.1677819174,-1.10453844643
2012-04-06 16:25:16,423,1,56.041070779,-1.12671113839
2012-04-06 16:25:17,424,1,55.0542404561,-0.986830322917
2012-04-06 16:25:18,425,1,54.3296868118,-0.724553644345
2012-04-06 16:25:19,426,1,53.9962045893,-0.33348222247
2012-04-06 16:25:20,427,1,54.1503712641,0.154166674851
2012-04-06 16:25:21,428,1,54.7769338504,0.626562586309
2012-04-06 16:25:22,429,1,55.7223208423,0.945386991816
2012-04-06 16:25:23,430,1,56.7651036421,1.04278279985
2012-04-06 16:25:24,431,1,57.7449400179,0.979836375744
2012-04-06 16:25:25,432,1,58.6303567403,0.88541672247
2012-04-06 16:25:26,433,1,59.4693447976,0.838988057292
2012-04-06 16:25:27,434,1,60.3093744033,0.840029605655
2012-04-06 16:25:28,435,1,61.1517105677,0.842336164434
2012-04-06 16:25:29,436,1,61.9347463289,0.783035761161
2012-04-06 16:25:30,437,1,62.5658477961,0.631101467262
2012-04-06 16:25:31,438,1,62.9861606198,0.420312823661
2012-04-06 16:25:32,439,1,63.1917411012,0.205580481399
2012-04-06 16:25:33,440,1,63.2078868006,0.0161456994047
2012-04-06 16:25:34,441,1,63.0758181116,-0.132068688988
2012-04-06 16:25:35,442,1,62.8551334375,-0.220684674107
2012-04-06 16:25:36,443,1,62.6200144308,-0.235119006696
2012-04-06 16:25:37,444,1,62.4380950104,-0.181919420387
2012-04-06 16:25:38,445,1,62.329613154,-0.108481856399
2012-04-06 16:25:39,446,1,62.2568455208,-0.0727676331846
2012-04-06 16:25:40,447,1,62.1666670476,-0.0901784732142
2012-04-06 16:25:41,448,1,62.0212800632,-0.145386984375
2012-04-06 16:25:42,449,1,61.8018601146,-0.219419948661
2012-04-06 16:25:43,450,1,61.5178566421,-0.28400347247
2012-04-06 16:25:44,451,1,61.193376942,-0.324479700149
2012-04-06 16:25:45,452,1,60.8308765945,-0.36250034747
2012-04-06 16:25:46,453,1,60.4128706131,-0.418005981399
2012-04-06 16:25:47,454,1,59.9392844658,-0.473586147321
2012-04-06 16:25:48,455,1,59.4500732366,-0.489211229167
2012-04-06 16:25:49,456,1,59.0099689583,-0.440104278274
2012-04-06 16:25:50,457,1,58.6629449874,-0.347023970982
2012-04-06 16:25:51,458,1,58.4054300923,-0.257514895089
2012-04-06 16:25:52,459,1,58.2206832574,-0.184746834821
2012-04-06 16:25:53,460,1,58.1309514115,-0.0897318459822
2012-04-06 16:25:54,461,1,58.1912195432,0.0602681316965
2012-04-06 16:25:55,462,1,58.4340024747,0.242782931548
2012-04-06 16:25:56,463,1,58.8469490551,0.412946580357
2012-04-06 16:25:57,464,1,59.392187314,0.545238258929
2012-04-06 16:25:58,465,1,59.9994046994,0.607217385417
2012-04-06 16:25:59,466,1,60.5459076429,0.546502943452
2012-04-06 16:26:00,467,1,60.8843747121,0.338467069196
2012-04-06 16:26:01,468,1,60.8969489018,0.0125741897321
2012-04-06 16:26:02,469,1,60.5485856979,-0.348363203869
2012-04-06 16:26:03,470,1,59.9343744025,-0.614211295387
2012-04-06 16:26:04,471,1,59.2450143408,-0.689360061756
2012-04-06 16:26:05,472,1,58.6302822158,-0.614732125
2012-04-06 16:26:06,473,1,58.1104905573,-0.519791658482
2012-04-06 16:26:07,474,1,57.6340769896,-0.476413567708
2012-04-06 16:26:08,475,1,57.190773689,-0.443303300595
2012-04-06 16:26:09,476,1,56.8647322991,-0.326041389881
2012-04-06 16:26:10,477,1,56.7854913482,-0.0792409508928
2012-04-06 16:26:11,478,1,57.0153275848,0.229836236607
2012-04-06 16:26:12,479,1,57.5005208341,0.485193249256
2012-04-06 16:26:13,480,1,58.1497765632,0.649255729167
2012-04-06 16:26:14,481,1,58.9229163274,0.773139764137
2012-04-06 16:26:15,482,1,59.8203121972,0.897395869792
2012-04-06 16:26:16,483,1,60.8280503542,1.00773815699
2012-04-06 16:26:17,484,1,61.9037198958,1.07566954167
2012-04-06 16:26:18,485,1,62.9909220432,1.08720214732
2012-04-06 16:26:19,486,1,64.0230648326,1.03214278943
2012-04-06 16:26:20,487,1,64.9235860164,0.90052118378
2012-04-06 16:26:21,488,1,65.6241075208,0.700521504464
2012-04-06 16:26:22,489,1,66.0906259301,0.466518409226
2012-04-06 16:26:23,490,1,66.3309533155,0.240327385417
2012-04-06 16:26:24,491,1,66.3807296384,0.0497763229167
2012-04-06 16:26:25,492,1,66.2916667872,-0.0890628511905
2012-04-06 16:26:26,493,1,66.1366073981,-0.155059389137
2012-04-06 16:26:27,494,1,66.0155512083,-0.121056189732
2012-04-06 16:26:28,495,1,66.0327387522,0.0171875438988
2012-04-06 16:26:29,496,1,66.2395090632,0.206770311012
2012-04-06 16:26:30,497,1,66.5893594442,0.349850380952
2012-04-06 16:26:31,498,1,66.967260686,0.377901241815
2012-04-06 16:26:32,499,1,67.2819928036,0.31473211756
2012-04-06 16:26:33,500,1,67.5323650737,0.250372270089
2012-04-06 16:26:34,501,1,67.791368157,0.259003083333
2012-04-06 16:26:35,502,1,68.1369780134,0.345609856399
2012-04-06 16:26:36,503,1,68.5917393051,0.454761291667
2012-04-06 16:26:37,504,1,69.1171105506,0.525371245536
2012-04-06 16:26:38,505,1,69.6559491801,0.538838629464
2012-04-06 16:26:39,506,1,70.1714995751,0.515550395089
2012-04-06 16:26:40,507,1,70.6535685112,0.482068936012
2012-04-06 16:26:41,508,1,71.0999981949,0.44642968378
2012-04-06 16:26:42,509,1,71.4920382515,0.392040056548
2012-04-06 16:26:43,510,1,71.7912209249,0.299182673363
2012-04-06 16:26:44,511,1,71.9624268876,0.171205962798
2012-04-06 16:26:45,512,1,71.9945698943,0.0321430066964
2012-04-06 16:26:46,513,1,71.9046144948,-0.0899553995535
2012-04-06 16:26:47,514,1,71.726117494,-0.178497000744
2012-04-06 16:26:48,515,1,71.4962069256,-0.229910568452
2012-04-06 16:26:49,516,1,71.2652546488,-0.230952276786
2012-04-06 16:26:50,517,1,71.1015640618,-0.163690587054
2012-04-06 16:26:51,518,1,71.0435279561,-0.0580361056547
2012-04-06 16:26:52,519,1,71.0453874263,0.0018594702381
2012-04-06 16:26:53,520,1,71.0158479874,-0.0295394389881
2012-04-06 16:26:54,521,1,70.9272313326,-0.0886166547619
2012-04-06 16:26:55,522,1,70.8375734025,-0.0896579300595
2012-04-06 16:26:56,523,1,70.7828861481,-0.0546872544643
2012-04-06 16:26:57,524,1,70.6887645826,-0.0941215654762
2012-04-06 16:26:58,525,1,70.4070684583,-0.281696124256
2012-04-06 16:26:59,526,1,69.8528273132,-0.554241145089
2012-04-06 16:27:00,527,1,69.1171126243,-0.735714688988
2012-04-06 16:27:01,528,1,68.4001478571,-0.716964767113
2012-04-06 16:27:02,529,1,67.8284957641,-0.571652093006
2012-04-06 16:27:03,530,1,67.3813230975,-0.447172666667
2012-04-06 16:27:04,531,1,66.9601179286,-0.421205168899
2012-04-06 16:27:05,532,1,66.4921123668,-0.468005561756
2012-04-06 16:27:06,533,1,66.0024551823,-0.489657184524
2012-04-06 16:27:07,534,1,65.6085570119,-0.393898170387
2012-04-06 16:27:08,535,1,65.4406259926,-0.167931019345
2012-04-06 16:27:09,536,1,65.5638403921,0.123214399554
2012-04-06 16:27:10,537,1,65.9500750112,0.386234619048
2012-04-06 16:27:11,538,1,66.4953865141,0.545311502976
2012-04-06 16:27:12,539,1,67.0621265067,0.56673999256
2012-04-06 16:27:13,540,1,67.5217239695,0.459597462798
2012-04-06 16:27:14,541,1,67.789357593,0.267633623512
2012-04-06 16:27:15,542,1,67.8533457396,0.0639881465774
2012-04-06 16:27:16,543,1,67.7895812098,-0.0637645297619
2012-04-06 16:27:17,544,1,67.7296116466,-0.059969563244
2012-04-06 16:27:18,545,1,67.7761155506,0.0465039040178
2012-04-06 16:27:19,546,1,67.9419646109,0.165849060268
2012-04-06 16:27:20,547,1,68.1852685454,0.243303934524
2012-04-06 16:27:21,548,1,68.481622596,0.296354050595
2012-04-06 16:27:22,549,1,68.8208337493,0.339211153274
2012-04-06 16:27:23,550,1,69.1296880856,0.30885433631
2012-04-06 16:27:24,551,1,69.2440486964,0.114360610863
2012-04-06 16:27:25,552,1,69.0143617671,-0.229686929316
2012-04-06 16:27:26,553,1,68.4578145201,-0.556547247024
2012-04-06 16:27:27,554,1,67.7844514866,-0.673363033482
2012-04-06 16:27:28,555,1,67.2444215938,-0.540029892857
2012-04-06 16:27:29,556,1,66.9380225692,-0.306399024554
2012-04-06 16:27:30,557,1,66.779540064,-0.158482505208
2012-04-06 16:27:31,558,1,66.632887747,-0.146652316964
2012-04-06 16:27:32,559,1,66.4516372478,-0.181250499256
2012-04-06 16:27:33,560,1,66.2936757292,-0.157961518601
2012-04-06 16:27:34,561,1,66.2422621972,-0.0514135319941
2012-04-06 16:27:35,562,1,66.3334827537,0.0912205565476
2012-04-06 16:27:36,563,1,66.5470989278,0.213616174107
2012-04-06 16:27:37,564,1,66.8421135112,0.295014583333
2012-04-06 16:27:38,565,1,67.1745534576,0.332439946429
2012-04-06 16:27:39,566,1,67.4840023988,0.30944894122
2012-04-06 16:27:40,567,1,67.706695654,0.222693255208
2012-04-06 16:27:41,568,1,67.8247016815,0.11800602753
2012-04-06 16:27:42,569,1,67.8851929851,0.0604913035714
2012-04-06 16:27:43,570,1,67.9637647039,0.07857171875
2012-04-06 16:27:44,571,1,68.1042410737,0.140476369792
2012-04-06 16:27:45,572,1,68.2833331667,0.179092093006
2012-04-06 16:27:46,573,1,68.4456094174,0.162276250744
2012-04-06 16:27:47,574,1,68.5732873214,0.127677904018
2012-04-06 16:27:48,575,1,68.6873492292,0.114061907738
2012-04-06 16:27:49,576,1,68.7810244271,0.0936751979166
2012-04-06 16:27:50,577,1,68.8007416124,0.0197171852679
2012-04-06 16:27:51,578,1,68.7081823051,-0.0925593072917
2012-04-06 16:27:52,579,1,68.5467241793,-0.161458125744
2012-04-06 16:27:53,580,1,68.4511883943,-0.0955357849703
2012-04-06 16:27:54,581,1,68.5827357054,0.131547311012
2012-04-06 16:27:55,582,1,69.0283455789,0.445609873512
2012-04-06 16:27:56,583,1,69.7438963817,0.715550802827
2012-04-06 16:27:57,584,1,70.5574388467,0.81354246503
2012-04-06 16:27:58,585,1,71.2194190372,0.661980190476
2012-04-06 16:27:59,586,1,71.5020833988,0.282664361607
2012-04-06 16:28:00,587,1,71.2950149293,-0.207068469494
2012-04-06 16:28:01,588,1,70.6316214494,-0.663393479911
2012-04-06 16:28:02,589,1,69.6418140751,-0.989807374256
2012-04-06 16:28:03,590,1,68.4662926354,-1.17552143973
2012-04-06 16:28:04,591,1,67.2081823475,-1.25811028795
2012-04-06 16:28:05,592,1,65.9681528542,-1.2400294933
2012-04-06 16:28:06,593,1,64.8796861384,-1.08846671577
2012-04-06 16:28:07,594,1,64.048585564,-0.831100574405
2012-04-06 16:28:08,595,1,63.4562497969,-0.592335767113
2012-04-06 16:28:09,596,1,62.952083494,-0.504166302827
2012-04-06 16:28:10,597,1,62.3556550238,-0.596428470238
2012-04-06 16:28:11,598,1,61.5867560469,-0.768898976934
2012-04-06 16:28:12,599,1,60.7154015089,-0.871354537946
2012-04-06 16:28:13,600,1,59.886457593,-0.828943915923
2012-04-06 16:28:14,601,1,59.2079602024,-0.678497390625
2012-04-06 16:28:15,602,1,58.7179303973,-0.490029805059
2012-04-06 16:28:16,603,1,58.4185259985,-0.29940439881
2012-04-06 16:28:17,604,1,58.3029015632,-0.115624435268
2012-04-06 16:28:18,605,1,58.3532739963,0.0503724330358
2012-04-06 16:28:19,606,1,58.5276787894,0.174404793155
2012-04-06 16:28:20,607,1,58.7556546793,0.227975889881
2012-04-06 16:28:21,608,1,58.9552078549,0.199553175595
2012-04-06 16:28:22,609,1,59.0566212775,0.101413422619
2012-04-06 16:28:23,610,1,59.0135408534,-0.0430804241072
2012-04-06 16:28:24,611,1,58.8056540506,-0.207886802827
2012-04-06 16:28:25,612,1,58.4351185186,-0.370535531994
2012-04-06 16:28:26,613,1,57.9158478348,-0.51927068378
2012-04-06 16:28:27,614,1,57.2840770804,-0.631770754464
2012-04-06 16:28:28,615,1,56.6412944062,-0.642782674107
2012-04-06 16:28:29,616,1,56.1637647738,-0.477529632441
2012-04-06 16:28:30,617,1,56.0177828542,-0.145981919643
2012-04-06 16:28:31,618,1,56.2338544896,0.216071635417
2012-04-06 16:28:32,619,1,56.6560271116,0.422172622024
2012-04-06 16:28:33,620,1,57.0280506711,0.372023559524
2012-04-06 16:28:34,621,1,57.1715027098,0.14345203869
2012-04-06 16:28:35,622,1,57.1130203266,-0.0584823831845
2012-04-06 16:28:36,623,1,57.0324398661,-0.0805804605655
2012-04-06 16:28:37,624,1,57.075148128,0.0427082619048
2012-04-06 16:28:38,625,1,57.2187492232,0.143601095238
2012-04-06 16:28:39,626,1,57.3234367046,0.104687481399
2012-04-06 16:28:40,627,1,57.2966511875,-0.0267855171131
2012-04-06 16:28:41,628,1,57.1968747924,-0.0997763950893
2012-04-06 16:28:42,629,1,57.1947174189,-0.00215737351191
2012-04-06 16:28:43,630,1,57.4504467068,0.255729287946
2012-04-06 16:28:44,631,1,58.0156251749,0.565178468006
2012-04-06 16:28:45,632,1,58.8323661548,0.816740979911
2012-04-06 16:28:46,633,1,59.8023811354,0.970014980655
2012-04-06 16:28:47,634,1,60.8377235833,1.03534244792
2012-04-06 16:28:48,635,1,61.8705360513,1.03281246801
2012-04-06 16:28:49,636,1,62.8454612024,0.974925151042
2012-04-06 16:28:50,637,1,63.7233622024,0.877901
2012-04-06 16:28:51,638,1,64.5278256243,0.804463421875
2012-04-06 16:28:52,639,1,65.3579589903,0.830133366071
2012-04-06 16:28:53,640,1,66.2850423445,0.927083354167
2012-04-06 16:28:54,641,1,67.2569922522,0.971949907738
2012-04-06 16:28:55,642,1,68.1361595357,0.879167283482
2012-04-06 16:28:56,643,1,68.8190468423,0.682887306548
2012-04-06 16:28:57,644,1,69.3401778058,0.521130963542
2012-04-06 16:28:58,645,1,69.8465763631,0.506398557292
2012-04-06 16:28:59,646,1,70.4324393676,0.585863004464
2012-04-06 16:29:00,647,1,71.0462789665,0.613839598958
2012-04-06 16:29:01,648,1,71.5901782366,0.543899270089
2012-04-06 16:29:02,649,1,72.0472468802,0.457068643601
2012-04-06 16:29:03,650,1,72.4748508564,0.42760397619
2012-04-06 16:29:04,651,1,72.9001481749,0.425297318452
2012-04-06 16:29:05,652,1,73.2526779546,0.352529779762
2012-04-06 16:29:06,653,1,73.4023808557,0.149702901042
2012-04-06 16:29:07,654,1,73.2610868646,-0.141293991071
2012-04-06 16:29:08,655,1,72.8517120246,-0.40937484003
2012-04-06 16:29:09,656,1,72.2195686272,-0.632143397321
2012-04-06 16:29:10,657,1,71.1884665677,-1.03110205952
2012-04-06 16:29:11,658,1,69.2723944821,-1.91607208557
2012-04-06 16:29:12,659,1,65.9834062098,-3.28898827232
2012-04-06 16:29:13,660,1,61.2626474643,-4.72075874554
2012-04-06 16:29:14,661,1,55.6267846749,-5.63586278943
2012-04-06 16:29:15,662,1,49.9516362016,-5.67514847321
2012-04-06 16:29:16,663,1,45.0380205089,-4.91361569271
2012-04-06 16:29:17,664,1,41.2535714836,-3.7844490253
2012-04-06 16:29:18,665,1,38.5319199033,-2.72165158036
2012-04-06 16:29:19,666,1,36.6135417932,-1.91837811012
2012-04-06 16:29:20,667,1,35.2198658259,-1.39367596726
2012-04-06 16:29:21,668,1,34.1146571704,-1.10520865551
2012-04-06 16:29:22,669,1,33.1316957411,-0.982961429316
2012-04-06 16:29:23,670,1,32.17038625,-0.961309491071
2012-04-06 16:29:24,671,1,31.182067869,-0.988318380952
2012-04-06 16:29:25,672,1,30.1796125521,-1.00245531696
2012-04-06 16:29:26,673,1,29.2305054412,-0.949107110863
2012-04-06 16:29:27,674,1,28.3966513378,-0.833854103423
2012-04-06 16:29:28,675,1,27.6737347381,-0.722916599702
2012-04-06 16:29:29,676,1,26.9915919256,-0.6821428125
2012-04-06 16:29:30,677,1,26.2550592344,-0.73653269122
2012-04-06 16:29:31,678,1,25.393898596,-0.861160638393
2012-04-06 16:29:32,679,1,24.4103421503,-0.983556445685
2012-04-06 16:29:33,680,1,23.3868303274,-1.02351182292
2012-04-06 16:29:34,681,1,22.4505952083,-0.936235119048
2012-04-06 16:29:35,682,1,21.7415177455,-0.709077462798
2012-04-06 16:29:36,683,1,21.3955354993,-0.34598224628
2012-04-06 16:29:37,684,1,21.5203866086,0.124851109375
2012-04-06 16:29:38,685,1,22.1495532321,0.629166623512
2012-04-06 16:29:39,686,1,23.1938240632,1.0442708311
2012-04-06 16:29:40,687,1,24.4402526443,1.2464285811
2012-04-06 16:29:41,688,1,25.6236603795,1.18340773512
2012-04-06 16:29:42,689,1,26.531472881,0.907812501488
2012-04-06 16:29:43,690,1,27.0662199129,0.534747031994
2012-04-06 16:29:44,691,1,27.2363091868,0.17008927381
2012-04-06 16:29:45,692,1,27.1264877202,-0.109821466518
2012-04-06 16:29:46,693,1,26.8848954122,-0.241592308036
2012-04-06 16:29:47,694,1,26.689359683,-0.195535729167
2012-04-06 16:29:48,695,1,26.676710936,-0.0126487470238
2012-04-06 16:29:49,696,1,26.9002973698,0.22358643378
2012-04-06 16:29:50,697,1,27.3522319933,0.451934623512
2012-04-06 16:29:51,698,1,27.9961308028,0.643898809524
2012-04-06 16:29:52,699,1,28.7751485573,0.779017754464
2012-04-06 16:29:53,700,1,29.6113091369,0.836160579613
2012-04-06 16:29:54,701,1,30.4083328914,0.797023754464
2012-04-06 16:29:55,702,1,31.0800591875,0.671726296131
2012-04-06 16:29:56,703,1,31.5931546443,0.513095456845
2012-04-06 16:29:57,704,1,31.9729910967,0.379836452381
2012-04-06 16:29:58,705,1,32.293452317,0.320461220238
2012-04-06 16:29:59,706,1,32.6826633802,0.389211063244
2012-04-06 16:30:00,707,1,33.291070968,0.608407587798
2012-04-06 16:30:01,708,1,34.2005205045,0.909449536458
2012-04-06 16:30:02,709,1,35.3392113631,1.13869085863
2012-04-06 16:30:03,710,1,36.4782742686,1.13906290551
2012-04-06 16:30:04,711,1,37.3483637054,0.870089436756
2012-04-06 16:30:05,712,1,37.7964289561,0.448065250744
2012-04-06 16:30:06,713,1,37.8333332187,0.0369042626488
2012-04-06 16:30:07,714,1,37.5706094635,-0.262723755208
2012-04-06 16:30:08,715,1,37.1521567582,-0.418452705357
2012-04-06 16:30:09,716,1,36.6975436868,-0.454613071429
2012-04-06 16:30:10,717,1,36.2529010647,-0.444642622024
2012-04-06 16:30:11,718,1,35.7942702999,-0.458630764881
2012-04-06 16:30:12,719,1,35.258035224,-0.536235075893
2012-04-06 16:30:13,720,1,34.534448904,-0.72358631994
2012-04-06 16:30:14,721,1,33.4660709658,-1.06837793824
2012-04-06 16:30:15,722,1,31.9202377232,-1.54583324256
2012-04-06 16:30:16,723,1,29.8763389948,-2.04389872842
2012-04-06 16:30:17,724,1,27.4385414219,-2.43779757292
2012-04-06 16:30:18,725,1,24.7898807574,-2.64866066443
2012-04-06 16:30:19,726,1,22.1281992597,-2.66168149777
2012-04-06 16:30:20,727,1,19.6175593385,-2.51063992113
2012-04-06 16:30:21,728,1,17.3976186763,-2.2199406622
2012-04-06 16:30:22,729,1,15.5970975856,-1.80052109077
2012-04-06 16:30:23,730,1,14.2761152552,-1.32098233036
2012-04-06 16:30:24,731,1,13.3752967604,-0.900818494792
2012-04-06 16:30:25,732,1,12.7637640833,-0.611532677083
2012-04-06 16:30:26,733,1,12.3242552336,-0.439508849702
2012-04-06 16:30:27,734,1,11.9869040938,-0.337351139881
2012-04-06 16:30:28,735,1,11.7238832976,-0.263020796131
2012-04-06 16:30:29,736,1,11.5487345647,-0.175148732887
2012-04-06 16:30:30,737,1,11.5120531585,-0.03668140625
2012-04-06 16:30:31,738,1,11.6627973765,0.150744218006
2012-04-06 16:30:32,739,1,11.9887647798,0.325967403274
2012-04-06 16:30:33,740,1,12.3901785208,0.401413741071
2012-04-06 16:30:34,741,1,12.7220980707,0.331919549851
2012-04-06 16:30:35,742,1,12.8824401071,0.160342036458
2012-04-06 16:30:36,743,1,12.8762642455,-0.0061758616072
2012-04-06 16:30:37,744,1,12.8124991756,-0.0637650699405
2012-04-06 16:30:38,745,1,12.8409217545,0.0284225788691
2012-04-06 16:30:39,746,1,13.0430051838,0.202083429315
2012-04-06 16:30:40,747,1,13.3292404747,0.286235290923
2012-04-06 16:30:41,748,1,13.4449400729,0.115699598214
2012-04-06 16:30:42,749,1,13.1148063147,-0.330133758185
2012-04-06 16:30:43,750,1,12.2432290231,-0.871577291667
2012-04-06 16:30:44,751,1,11.0197170737,-1.2235119494
2012-04-06 16:30:45,752,1,9.80319906473,-1.21651800893
2012-04-06 16:30:46,753,1,8.86287154762,-0.940327517113
2012-04-06 16:30:47,754,1,8.21376439955,-0.649107148065
2012-04-06 16:30:48,755,1,7.66830322545,-0.545461174107
2012-04-06 16:30:49,756,1,7.0253718631,-0.642931362351
2012-04-06 16:30:50,757,1,6.2276041369,-0.79776772619
2012-04-06 16:30:51,758,1,5.37172620982,-0.855877927083
2012-04-06 16:30:52,759,1,4.61614585268,-0.755580357143
2012-04-06 16:30:53,760,1,4.09233628125,-0.523809571429
2012-04-06 16:30:54,761,1,3.86004448884,-0.232291792411
2012-04-06 16:30:55,762,1,3.90394311086,0.0438986220238
2012-04-06 16:30:56,763,1,4.15215721949,0.248214108631
2012-04-06 16:30:57,764,1,4.49627915402,0.344121934524
2012-04-06 16:30:58,765,1,4.82343693452,0.327157780506
2012-04-06 16:30:59,766,1,5.06815434598,0.244717411458
2012-04-06 16:31:00,767,1,5.25424082366,0.186086477679
2012-04-06 16:31:01,768,1,5.48132425521,0.227083431548
2012-04-06 16:31:02,769,1,5.84888377604,0.367559520833
2012-04-06 16:31:03,770,1,6.37425573884,0.525371962798
2012-04-06 16:31:04,771,1,6.97038665625,0.596130917411
2012-04-06 16:31:05,772,1,7.50319919122,0.53281253497
2012-04-06 16:31:06,773,1,7.88541651265,0.382217321429
2012-04-06 16:31:07,774,1,8.12247008333,0.237053570685
2012-04-06 16:31:08,775,1,8.2770830878,0.154613004464
2012-04-06 16:31:09,776,1,8.40706807664,0.129984988839
2012-04-06 16:31:10,777,1,8.53630904911,0.12924097247
2012-04-06 16:31:11,778,1,8.66435961533,0.12805056622
2012-04-06 16:31:12,779,1,8.78504417634,0.120684561012
2012-04-06 16:31:13,780,1,8.89546089732,0.110416720982
2012-04-06 16:31:14,781,1,9.00022281027,0.104761912946
2012-04-06 16:31:15,782,1,9.11249954092,0.112276730655
2012-04-06 16:31:16,783,1,9.24947862574,0.136979084821
2012-04-06 16:31:17,784,1,9.42804999777,0.178571372024
2012-04-06 16:31:18,785,1,9.6630946436,0.235044645833
2012-04-06 16:31:19,786,1,9.96450839062,0.301413747024
2012-04-06 16:31:20,787,1,10.3331840618,0.368675671131
2012-04-06 16:31:21,788,1,10.770312093,0.43712803125
2012-04-06 16:31:22,789,1,11.3037942336,0.533482140625
2012-04-06 16:31:23,790,1,11.9855650126,0.681770779018
2012-04-06 16:31:24,791,1,12.8327375915,0.847172578869
2012-04-06 16:31:25,792,1,13.7776037009,0.944866109375
2012-04-06 16:31:26,793,1,14.6888389167,0.911235215774
2012-04-06 16:31:27,794,1,15.447097901,0.758258984375
2012-04-06 16:31:28,795,1,16.0203121287,0.573214227679
2012-04-06 16:31:29,796,1,16.4738834278,0.453571299107
2012-04-06 16:31:30,797,1,16.8946422634,0.420758835566
2012-04-06 16:31:31,798,1,17.3027523832,0.408110119792
2012-04-06 16:31:32,799,1,17.6331095826,0.330357199405
2012-04-06 16:31:33,800,1,17.7611602098,0.128050627232
2012-04-06 16:31:34,801,1,17.5052077969,-0.255952412946
2012-04-06 16:31:35,802,1,16.6546125022,-0.850595294643
2012-04-06 16:31:36,803,1,15.1069934524,-1.54761904985
2012-04-06 16:31:37,804,1,13.0059518735,-2.10104157887
2012-04-06 16:31:38,805,1,10.7151781957,-2.29077367783
2012-04-06 16:31:39,806,1,8.65282710193,-2.06235109375
2012-04-06 16:31:40,807,1,7.10319915551,-1.54962794643
2012-04-06 16:31:41,808,1,6.12254439881,-0.980654756696
2012-04-06 16:31:42,809,1,5.61584800595,-0.506696392857
2012-04-06 16:31:43,810,1,5.46949388839,-0.14635411756
2012-04-06 16:31:44,811,1,5.57462781696,0.105133928571
2012-04-06 16:31:45,812,1,5.79508907589,0.220461258929
2012-04-06 16:31:46,813,1,6.0081098683,0.213020792411
2012-04-06 16:31:47,814,1,6.20208307812,0.193973209821
2012-04-06 16:31:48,815,1,6.51562475,0.313541671875
2012-04-06 16:31:49,816,1,7.14077355283,0.625148802827
2012-04-06 16:31:50,817,1,8.16346700446,1.02269345164
2012-04-06 16:31:51,818,1,9.47589264435,1.31242563988
2012-04-06 16:31:52,819,1,10.787723099,1.31183045461
2012-04-06 16:31:53,820,1,11.7119791421,0.924256043155
2012-04-06 16:31:54,821,1,11.9084821176,0.196502975446
2012-04-06 16:31:55,822,1,11.2287944955,-0.679687622024
2012-04-06 16:31:56,823,1,9.81056513616,-1.41822935937
2012-04-06 16:31:57,824,1,8.06510364807,-1.7454614881
2012-04-06 16:31:58,825,1,6.49479105878,-1.57031258929
2012-04-06 16:31:59,826,1,5.4316958631,-1.06309519568
2012-04-06 16:32:00,827,1,4.91249958557,-0.51919627753
2012-04-06 16:32:01,828,1,4.76614559226,-0.146353993304
2012-04-06 16:32:02,829,1,4.79866057068,0.0325149784226
2012-04-06 16:32:03,830,1,4.91629446131,0.117633890625
2012-04-06 16:32:04,831,1,5.09925561682,0.182961155506
2012-04-06 16:32:05,832,1,5.2800590119,0.180803395089
2012-04-06 16:32:06,833,1,5.29493986979,0.0148808578869
2012-04-06 16:32:07,834,1,4.99784169643,-0.297098173363
2012-04-06 16:32:08,835,1,4.41369006176,-0.584151634673
2012-04-06 16:32:09,836,1,3.75014856845,-0.663541493304
2012-04-06 16:32:10,837,1,3.25014866443,-0.499999904018
2012-04-06 16:32:11,838,1,3.04389862128,-0.206250043155
2012-04-06 16:32:12,839,1,3.1686752567,0.124776635417
2012-04-06 16:32:13,840,1,3.69687453051,0.52819927381
2012-04-06 16:32:14,841,1,4.72559476265,1.02872023214
2012-04-06 16:32:15,842,1,6.1950889122,1.46949414955
2012-04-06 16:32:16,843,1,7.79092234598,1.59583343378
2012-04-06 16:32:17,844,1,9.08459793899,1.29367559301
2012-04-06 16:32:18,845,1,9.79367519494,0.709077255952
2012-04-06 16:32:19,846,1,9.92142798289,0.127752787946
2012-04-06 16:32:20,847,1,9.64739507292,-0.27403290997
2012-04-06 16:32:21,848,1,9.11666580804,-0.530729264881
2012-04-06 16:32:22,849,1,8.37455271949,-0.742113088542
2012-04-06 16:32:23,850,1,7.46205282068,-0.91249989881
2012-04-06 16:32:24,851,1,6.49761841964,-0.964434401042
2012-04-06 16:32:25,852,1,5.65200835789,-0.845610061756
2012-04-06 16:32:26,853,1,5.06770775149,-0.584300606399
2012-04-06 16:32:27,854,1,4.79955298735,-0.268154764137
2012-04-06 16:32:28,855,1,4.80639826786,0.00684528050595
2012-04-06 16:32:29,856,1,4.99709771354,0.190699445685
2012-04-06 16:32:30,857,1,5.3013387872,0.304241073661
2012-04-06 16:32:31,858,1,5.69144294643,0.390104159226
2012-04-06 16:32:32,859,1,6.13943405655,0.447991110119
2012-04-06 16:32:33,860,1,6.58244010268,0.443006046131
2012-04-06 16:32:34,861,1,6.92931519196,0.346875089286
2012-04-06 16:32:35,862,1,7.0973955811,0.168080389137
2012-04-06 16:32:36,863,1,7.08363070313,-0.0137648779762
2012-04-06 16:32:37,864,1,7.01897300967,-0.0646576934524
2012-04-06 16:32:38,865,1,7.12202369717,0.1030506875
2012-04-06 16:32:39,866,1,7.56294636161,0.440922664435
2012-04-06 16:32:40,867,1,8.33571412946,0.772767767857
2012-04-06 16:32:41,868,1,9.23913656548,0.903422436012
2012-04-06 16:32:42,869,1,10.0008179725,0.761681406994
2012-04-06 16:32:43,870,1,10.4559519063,0.45513393378
2012-04-06 16:32:44,871,1,10.6326633557,0.176711449405
2012-04-06 16:32:45,872,1,10.690624808,0.0579614523809
2012-04-06 16:32:46,873,1,10.795014689,0.104389880952
2012-04-06 16:32:47,874,1,11.031621689,0.236607
2012-04-06 16:32:48,875,1,11.3944191682,0.362797479167
2012-04-06 16:32:49,876,1,11.8122763058,0.417857137649
2012-04-06 16:32:50,877,1,12.1828865655,0.370610259673
2012-04-06 16:32:51,878,1,12.4160712738,0.233184708333
2012-04-06 16:32:52,879,1,12.4854910126,0.0694197388393
2012-04-06 16:32:53,880,1,12.447916564,-0.0375744486607
2012-04-06 16:32:54,881,1,12.4011902321,-0.0467263318452
2012-04-06 16:32:55,882,1,12.4269341042,0.0257438720238
2012-04-06 16:32:56,883,1,12.5721720588,0.145237954613
2012-04-06 16:32:57,884,1,12.8466511838,0.274479125
2012-04-06 16:32:58,885,1,13.2086304063,0.36197922247
2012-04-06 16:32:59,886,1,13.5732882366,0.364657830357
2012-04-06 16:33:00,887,1,13.8642853147,0.290997078125
2012-04-06 16:33:01,888,1,14.0808031235,0.21651780878
2012-04-06 16:33:02,889,1,14.3260410751,0.245237951637
2012-04-06 16:33:03,890,1,14.7421867753,0.416145700149
2012-04-06 16:33:04,891,1,15.3848206905,0.642633915179
2012-04-06 16:33:05,892,1,16.1563238028,0.771503112351
2012-04-06 16:33:06,893,1,16.8648805856,0.708556782738
2012-04-06 16:33:07,894,1,17.3549849754,0.490104389881
2012-04-06 16:33:08,895,1,17.5836308966,0.228645921131
2012-04-06 16:33:09,896,1,17.5758927106,-0.0077381860119
2012-04-06 16:33:10,897,1,17.3448657418,-0.23102696875
2012-04-06 16:33:11,898,1,16.8880947679,-0.456770973958
2012-04-06 16:33:12,899,1,16.2470232954,-0.64107147247
2012-04-06 16:33:13,900,1,15.5429310409,-0.704092254464
2012-04-06 16:33:14,901,1,14.9487346124,-0.594196428571
2012-04-06 16:33:15,902,1,14.6175590097,-0.331175602679
2012-04-06 16:33:16,903,1,14.6161453616,-0.0014136480655
2012-04-06 16:33:17,904,1,14.9171871622,0.301041800595
2012-04-06 16:33:18,905,1,15.4444194836,0.527232321429
2012-04-06 16:33:19,906,1,16.0984374702,0.654017986607
2012-04-06 16:33:20,907,1,16.7556547798,0.657217309524
2012-04-06 16:33:21,908,1,17.2748512031,0.519196423363
2012-04-06 16:33:22,909,1,17.4896577039,0.214806500744
2012-04-06 16:33:23,910,1,17.1978421384,-0.291815565476
2012-04-06 16:33:24,911,1,16.1885414524,-1.00930068601
2012-04-06 16:33:25,912,1,14.3282735536,-1.86026789881
2012-04-06 16:33:26,913,1,11.727827131,-2.60044642262
2012-04-06 16:33:27,914,1,8.84746999256,-2.88035713839
2012-04-06 16:33:28,915,1,6.32566935045,-2.52180064211
2012-04-06 16:33:29,916,1,4.63318414286,-1.69248520759
2012-04-06 16:33:30,917,1,3.84456802381,-0.788616119048
2012-04-06 16:33:31,918,1,3.69218712054,-0.152380903274
2012-04-06 16:33:32,919,1,3.87395804762,0.181770927083
2012-04-06 16:33:33,920,1,4.32522297321,0.451264925595
2012-04-06 16:33:34,921,1,5.1753717381,0.850148764881
2012-04-06 16:33:35,922,1,6.50632402381,1.33095228571
2012-04-06 16:33:36,923,1,8.20662158854,1.70029756473
2012-04-06 16:33:37,924,1,10.0345978289,1.82797624033
2012-04-06 16:33:38,925,1,11.7895086734,1.75491084449
2012-04-06 16:33:39,926,1,13.3918897686,1.60238109524
2012-04-06 16:33:40,927,1,14.8127976027,1.42090783408
2012-04-06 16:33:41,928,1,15.9898809353,1.17708333259
2012-04-06 16:33:42,929,1,16.8387647381,0.848883802827
2012-04-06 16:33:43,930,1,17.3165918876,0.477827149554
2012-04-06 16:33:44,931,1,17.4018594821,0.0852675944941
2012-04-06 16:33:45,932,1,16.9626479851,-0.439211497024
2012-04-06 16:33:46,933,1,15.7373503274,-1.22529765774
2012-04-06 16:33:47,934,1,13.5946420952,-2.14270823214
2012-04-06 16:33:48,935,1,10.8380946443,-2.75654745089
2012-04-06 16:33:49,936,1,8.1617555067,-2.67633913765
2012-04-06 16:33:50,937,1,6.22336273289,-1.93839277381
2012-04-06 16:33:51,938,1,5.24627943304,-0.977083299851
2012-04-06 16:33:52,939,1,5.00744015104,-0.238839281994
2012-04-06 16:33:53,940,1,5.1462050186,0.13876486756
2012-04-06 16:33:54,941,1,5.46889847693,0.322693458333
2012-04-06 16:33:55,942,1,5.97983601786,0.510937540923
2012-04-06 16:33:56,943,1,6.68630927307,0.706473255208
2012-04-06 16:33:57,944,1,7.4694938125,0.783184539435
2012-04-06 16:33:58,945,1,8.13080332738,0.661309514881
2012-04-06 16:33:59,946,1,8.49077352083,0.359970193452
2012-04-06 16:34:00,947,1,8.47819902976,-0.0125744910714
2012-04-06 16:34:01,948,1,8.20260369866,-0.275595331101
2012-04-06 16:34:02,949,1,7.93660663095,-0.265997067708
2012-04-06 16:34:03,950,1,7.97142809896,0.0348214680059
2012-04-06 16:34:04,951,1,8.45892820461,0.487500105655
2012-04-06 16:34:05,952,1,9.35870508408,0.899776879464
2012-04-06 16:34:06,953,1,10.4682288832,1.10952379911
2012-04-06 16:34:07,954,1,11.5041662567,1.03593737351
2012-04-06 16:34:08,955,1,12.219344686,0.715178429315
2012-04-06 16:34:09,956,1,12.4621273757,0.242782689732
2012-04-06 16:34:10,957,1,12.1601929048,-0.301934470982
2012-04-06 16:34:11,958,1,11.311234657,-0.848958247768
2012-04-06 16:34:12,959,1,9.99010375595,-1.32113090104
2012-04-06 16:34:13,960,1,8.37046089286,-1.6196428631
2012-04-06 16:34:14,961,1,6.76793111682,-1.60252977604
2012-04-06 16:34:15,962,1,5.60632402604,-1.16160709077
2012-04-06 16:34:16,963,1,5.24136879241,-0.364955233631
2012-04-06 16:34:17,964,1,5.76428559375,0.522916801339
2012-04-06 16:34:18,965,1,6.96093747247,1.19665187872
2012-04-06 16:34:19,966,1,8.46197917932,1.50104170685
2012-04-06 16:34:20,967,1,9.92723215551,1.46525297619
2012-04-06 16:34:21,968,1,11.0703868787,1.14315472321
2012-04-06 16:34:22,969,1,11.5721725067,0.501785627976
2012-04-06 16:34:23,970,1,11.1326634449,-0.439509061756
2012-04-06 16:34:24,971,1,9.70416625,-1.42849719494
2012-04-06 16:34:25,972,1,7.64895773735,-2.05520851265
2012-04-06 16:34:26,973,1,5.61919570015,-2.0297620372
2012-04-06 16:34:27,974,1,4.20319862946,-1.41599707068
2012-04-06 16:34:28,975,1,3.5991808192,-0.604017810268
2012-04-06 16:34:29,976,1,3.61227618973,0.0130953705357
2012-04-06 16:34:30,977,1,3.93816922619,0.325893036458
2012-04-06 16:34:31,978,1,4.38110094643,0.442931720238
2012-04-06 16:34:32,979,1,4.84873501488,0.467634068452
2012-04-06 16:34:33,980,1,5.27180057887,0.423065563988
2012-04-06 16:34:34,981,1,5.58221723661,0.310416657738
2012-04-06 16:34:35,982,1,5.78749984598,0.205282609375
2012-04-06 16:34:36,983,1,6.05282703795,0.265327191964
2012-04-06 16:34:37,984,1,6.5955352381,0.542708200149
2012-04-06 16:34:38,985,1,7.45029714211,0.854761904018
2012-04-06 16:34:39,986,1,8.41934486458,0.96904772247
2012-04-06 16:34:40,987,1,9.26294615402,0.843601289435
2012-04-06 16:34:41,988,1,9.88467233557,0.621726181548
2012-04-06 16:34:42,989,1,10.3586305409,0.473958205357
2012-04-06 16:34:43,990,1,10.817261346,0.458630805059
2012-04-06 16:34:44,991,1,11.313615465,0.496354119048
2012-04-06 16:34:45,992,1,11.8010411496,0.487425684524
2012-04-06 16:34:46,993,1,12.1826633557,0.381622206101
2012-04-06 16:34:47,994,1,12.2838540186,0.101190662946
2012-04-06 16:34:48,995,1,11.8582588713,-0.425595147321
2012-04-06 16:34:49,996,1,10.7648808512,-1.09337802009
2012-04-06 16:34:50,997,1,9.13020809598,-1.63467275521
2012-04-06 16:34:51,998,1,7.30840732292,-1.82180077307
2012-04-06 16:34:52,999,1,5.7033476183,-1.60505970461
2012-04-06 16:34:53,1000,1,4.58928498586,-1.11406263244
2012-04-06 16:34:54,1001,1,4.06160636756,-0.527678618304
2012-04-06 16:34:55,1002,1,4.13772248586,0.0761161183036
2012-04-06 16:34:56,1003,1,4.82232083259,0.684598346726
2012-04-06 16:34:57,1004,1,6.04397279911,1.22165196652
2012-04-06 16:34:58,1005,1,7.60796107068,1.56398827158
2012-04-06 16:34:59,1006,1,9.24107132217,1.63311025149
2012-04-06 16:35:00,1007,1,10.6758183958,1.43474707366
2012-04-06 16:35:01,1008,1,11.7352677426,1.05944934673
2012-04-06 16:35:02,1009,1,12.3308033229,0.595535580357
2012-04-06 16:35:03,1010,1,12.3562496213,0.0254462983631
2012-04-06 16:35:04,1011,1,11.6711305149,-0.685119106399
2012-04-06 16:35:05,1012,1,10.2578120789,-1.41331843601
2012-04-06 16:35:06,1013,1,8.3597466503,-1.89806542857
2012-04-06 16:35:07,1014,1,6.43058002827,-1.92916662202
2012-04-06 16:35:08,1015,1,4.91651754315,-1.51406248512
2012-04-06 16:35:09,1016,1,4.02172582589,-0.894791717262
2012-04-06 16:35:10,1017,1,3.64970188542,-0.372023940476
2012-04-06 16:35:11,1018,1,3.56294575223,-0.0867561331845
2012-04-06 16:35:12,1019,1,3.56912120759,0.00617545535715
2012-04-06 16:35:13,1020,1,3.5729902619,0.00386905431547
2012-04-06 16:35:14,1021,1,3.54181480952,-0.031175452381
2012-04-06 16:35:15,1022,1,3.47760363467,-0.0642111748512
2012-04-06 16:35:16,1023,1,3.41108578646,-0.0665178482143
2012-04-06 16:35:17,1024,1,3.39895771503,-0.0121280714286
2012-04-06 16:35:18,1025,1,3.50304987946,0.104092164435
2012-04-06 16:35:19,1026,1,3.74412126935,0.241071389881
2012-04-06 16:35:20,1027,1,4.06688912574,0.322767856399
2012-04-06 16:35:21,1028,1,4.36004388467,0.293154758929
2012-04-06 16:35:22,1029,1,4.51979091071,0.159747026042
2012-04-06 16:35:23,1030,1,4.50647250521,-0.013318405506
2012-04-06 16:35:24,1031,1,4.35647258854,-0.149999916667
2012-04-06 16:35:25,1032,1,4.15781192411,-0.198660664435
2012-04-06 16:35:26,1033,1,4.04002917708,-0.117782747024
2012-04-06 16:35:27,1034,1,4.1754458378,0.135416660714
2012-04-06 16:35:28,1035,1,4.70996969196,0.534523854167
2012-04-06 16:35:29,1036,1,5.6292406064,0.919270914435
2012-04-06 16:35:30,1037,1,6.696874625,1.0676340186
2012-04-06 16:35:31,1038,1,7.55684494643,0.859970321429
2012-04-06 16:35:32,1039,1,7.94947895685,0.392634010417
2012-04-06 16:35:33,1040,1,7.87150285938,-0.0779760974702
2012-04-06 16:35:34,1041,1,7.52016365774,-0.351339201637
2012-04-06 16:35:35,1042,1,7.08683036979,-0.433333287946
2012-04-06 16:35:36,1043,1,6.66354168452,-0.423288685268
2012-04-06 16:35:37,1044,1,6.36889877976,-0.294642904762
2012-04-06 16:35:38,1045,1,6.45357126935,0.0846724895833
2012-04-06 16:35:39,1046,1,7.15312466071,0.699553391369
2012-04-06 16:35:40,1047,1,8.4454608311,1.29233617039
2012-04-06 16:35:41,1048,1,10.0062494814,1.5607886503
2012-04-06 16:35:42,1049,1,11.420163221,1.41391373958
2012-04-06 16:35:43,1050,1,12.4909966503,1.07083342932
2012-04-06 16:35:44,1051,1,13.3567705528,0.86577390253
2012-04-06 16:35:45,1052,1,14.2628717909,0.906101238095
2012-04-06 16:35:46,1053,1,15.2797616384,1.01688984747
2012-04-06 16:35:47,1054,1,16.2638388757,0.984077237351
2012-04-06 16:35:48,1055,1,16.9936749643,0.729836088542
2012-04-06 16:35:49,1056,1,17.3223206176,0.328645653274
2012-04-06 16:35:50,1057,1,17.2561747366,-0.0661458809524
2012-04-06 16:35:51,1058,1,16.9120527671,-0.344121969494
2012-04-06 16:35:52,1059,1,16.4241808259,-0.48787194122
2012-04-06 16:35:53,1060,1,15.9177821124,-0.506398713542
2012-04-06 16:35:54,1061,1,15.5488090223,-0.36897309003
2012-04-06 16:35:55,1062,1,15.495312131,-0.053496891369
2012-04-06 16:35:56,1063,1,15.8409223415,0.345610210565
2012-04-06 16:35:57,1064,1,16.4597467731,0.618824431548
2012-04-06 16:35:58,1065,1,17.031324154,0.571577380952
2012-04-06 16:35:59,1066,1,17.203645622,0.172321468006
2012-04-06 16:36:00,1067,1,16.8344492894,-0.369196332589
2012-04-06 16:36:01,1068,1,16.1186755707,-0.71577371875
2012-04-06 16:36:02,1069,1,15.4434523542,-0.675223216518
2012-04-06 16:36:03,1070,1,15.1244046079,-0.31904774628
2012-04-06 16:36:04,1071,1,15.2897317984,0.165327190476
2012-04-06 16:36:05,1072,1,15.9359370171,0.64620521875
2012-04-06 16:36:06,1073,1,17.021279279,1.0853422619
2012-04-06 16:36:07,1074,1,18.4851931064,1.46391382738
2012-04-06 16:36:08,1075,1,20.1684522217,1.68325911533
2012-04-06 16:36:09,1076,1,21.7745535484,1.60610132664
2012-04-06 16:36:10,1077,1,23.0173363333,1.24278278497
2012-04-06 16:36:11,1078,1,23.8359374851,0.818601151786
2012-04-06 16:36:12,1079,1,24.4356397329,0.599702247768
2012-04-06 16:36:13,1080,1,25.1194936734,0.683853940476
2012-04-06 16:36:14,1081,1,26.0844487746,0.964955101191
2012-04-06 16:36:15,1082,1,27.3393593006,1.25491052604
2012-04-06 16:36:16,1083,1,28.7659217284,1.42656242783
2012-04-06 16:36:17,1084,1,30.2359366243,1.47001489583
2012-04-06 16:36:18,1085,1,31.6802818936,1.44434526935
2012-04-06 16:36:19,1086,1,33.0833324732,1.40305057961
2012-04-06 16:36:20,1087,1,34.4527520565,1.36941958333
2012-04-06 16:36:21,1088,1,35.8007430744,1.34799101786
2012-04-06 16:36:22,1089,1,37.1367549501,1.33601187574
2012-04-06 16:36:23,1090,1,38.4671865156,1.33043156548
2012-04-06 16:36:24,1091,1,39.7924098438,1.32522332812
2012-04-06 16:36:25,1092,1,41.1002225268,1.30781268304
2012-04-06 16:36:26,1093,1,42.3767851577,1.27656263095
2012-04-06 16:36:27,1094,1,43.6311005796,1.25431542187
2012-04-06 16:36:28,1095,1,44.8988086094,1.26770802976
2012-04-06 16:36:29,1096,1,46.2229153073,1.32410669792
2012-04-06 16:36:30,1097,1,47.6335548743,1.41063956696
2012-04-06 16:36:31,1098,1,49.1303555067,1.49680063244
2012-04-06 16:36:32,1099,1,50.6608617999,1.53050629315
2012-04-06 16:36:33,1100,1,52.0982877515,1.43742595164
2012-04-06 16:36:34,1101,1,53.2605646399,1.16227688839
2012-04-06 16:36:35,1102,1,54.0151775692,0.754612929316
2012-04-06 16:36:36,1103,1,54.3975434412,0.382365872024
2012-04-06 16:36:37,1104,1,54.6015613393,0.204017898066
2012-04-06 16:36:38,1105,1,54.8331093103,0.231547970982
2012-04-06 16:36:39,1106,1,55.1676335759,0.334524265625
2012-04-06 16:36:40,1107,1,55.5363094494,0.368675873512
2012-04-06 16:36:41,1108,1,55.8361606436,0.299851194196
2012-04-06 16:36:42,1109,1,56.0450146168,0.208853973214
2012-04-06 16:36:43,1110,1,56.232886343,0.18787172619
2012-04-06 16:36:44,1111,1,56.4816955372,0.248809194196
2012-04-06 16:36:45,1112,1,56.7921118966,0.310416359375
2012-04-06 16:36:46,1113,1,57.0400283371,0.247916440476
2012-04-06 16:36:47,1114,1,57.0196414167,-0.0203869203869
2012-04-06 16:36:48,1115,1,56.5547607515,-0.464880665179
2012-04-06 16:36:49,1116,1,55.6031243244,-0.951636427083
2012-04-06 16:36:50,1117,1,54.2819194122,-1.3212049122
2012-04-06 16:36:51,1118,1,52.7970982552,-1.48482115699
2012-04-06 16:36:52,1119,1,51.327529907,-1.46956834821
2012-04-06 16:36:53,1120,1,49.9183781644,-1.40915174256
2012-04-06 16:36:54,1121,1,48.4239585707,-1.49441959375
2012-04-06 16:36:55,1122,1,46.5674109397,-1.85654763095
2012-04-06 16:36:56,1123,1,44.0913691064,-2.47604183333
2012-04-06 16:36:57,1124,1,40.8685265662,-3.22284254018
2012-04-06 16:36:58,1125,1,36.9517852753,-3.91674129092
2012-04-06 16:36:59,1126,1,32.6046870238,-4.34709825149
2012-04-06 16:37:00,1127,1,28.2568448542,-4.34784216964
2012-04-06 16:37:01,1128,1,24.3572169405,-3.89962791369
2012-04-06 16:37:02,1129,1,21.1894341533,-3.1677827872
2012-04-06 16:37:03,1130,1,18.7253715565,-2.46406259673
2012-04-06 16:37:04,1131,1,16.6284965134,-2.09687504315
2012-04-06 16:37:05,1132,1,14.4985114368,-2.12998507664
2012-04-06 16:37:06,1133,1,12.2267853393,-2.27172609747
2012-04-06 16:37:07,1134,1,10.1312497113,-2.09553562798
2012-04-06 16:37:08,1135,1,8.71316939881,-1.4180803125
2012-04-06 16:37:09,1136,1,8.28110095536,-0.432068443452
2012-04-06 16:37:10,1137,1,8.79069915402,0.509598198661
2012-04-06 16:37:11,1138,1,9.96897292113,1.17827376711
2012-04-06 16:37:12,1139,1,11.5367556131,1.56778269196
2012-04-06 16:37:13,1140,1,13.3356395365,1.79888392336
2012-04-06 16:37:14,1141,1,15.2885413705,1.95290183408
2012-04-06 16:37:15,1142,1,17.2699402664,1.98139889583
2012-04-06 16:37:16,1143,1,19.0735117909,1.80357152455
2012-04-06 16:37:17,1144,1,20.5356398125,1.46212802158
2012-04-06 16:37:18,1145,1,21.6252975052,1.08965769271
2012-04-06 16:37:19,1146,1,22.4058033616,0.780505856399
2012-04-06 16:37:20,1147,1,22.9613092292,0.55550586756
2012-04-06 16:37:21,1148,1,23.2743300179,0.31302078869
2012-04-06 16:37:22,1149,1,23.0885413266,-0.18578869122
2012-04-06 16:37:23,1150,1,21.9877972924,-1.10074403423
2012-04-06 16:37:24,1151,1,19.712946093,-2.2748511994
2012-04-06 16:37:25,1152,1,16.4382436793,-3.27470241369
2012-04-06 16:37:26,1153,1,12.7954608929,-3.64278278646
2012-04-06 16:37:27,1154,1,9.63095190923,-3.16450898363
2012-04-06 16:37:28,1155,1,7.63057986012,-2.00037204911
2012-04-06 16:37:29,1156,1,7.04241024926,-0.588169610863
2012-04-06 16:37:30,1157,1,7.6380948244,0.595684575149
2012-04-06 16:37:31,1158,1,8.83288649554,1.19479167113
2012-04-06 16:37:32,1159,1,9.87425549554,1.041369
2012-04-06 16:37:33,1160,1,10.1767108088,0.302455313244
2012-04-06 16:37:34,1161,1,9.70580306473,-0.470907744048
2012-04-06 16:37:35,1162,1,9.02224653051,-0.683556534226
2012-04-06 16:37:36,1163,1,8.86086259598,-0.161383934524
2012-04-06 16:37:37,1164,1,9.57343695685,0.712574360863
2012-04-06 16:37:38,1165,1,10.8576630997,1.28422614286
2012-04-06 16:37:39,1166,1,11.9940470327,1.13638393304
2012-04-06 16:37:40,1167,1,12.3866066079,0.392559575149
2012-04-06 16:37:41,1168,1,11.915178067,-0.471428540923
2012-04-06 16:37:42,1169,1,10.8334816064,-1.08169646057
2012-04-06 16:37:43,1170,1,9.39538631027,-1.43809529613
2012-04-06 16:37:44,1171,1,7.62946368452,-1.76592262574
2012-04-06 16:37:45,1172,1,5.49746972917,-2.13199395536
2012-04-06 16:37:46,1173,1,3.26711275744,-2.23035697173
2012-04-06 16:37:47,1174,1,0.0,-3.26711275744
2012-04-06 17:14:19,3366,2192,0.0,0.0
2012-04-06 17:14:20,3367,1,1.65829612984,1.65829612984
2012-04-06 17:14:21,3368,1,2.35734747005,0.699051340216
2012-04-06 17:14:22,3369,1,2.67243299814,0.315085528088
2012-04-06 17:14:23,3370,1,2.60124614639,-0.0711868517485
2012-04-06 17:14:24,3371,1,2.42042380766,-0.180822338728
2012-04-06 17:14:25,3372,1,2.35595187649,-0.0644719311756
2012-04-06 17:14:26,3373,1,2.54207521987,0.186123343378
2012-04-06 17:14:27,3374,1,3.05500297042,0.512927750558
2012-04-06 17:14:28,3375,1,3.85457514546,0.799572175037
2012-04-06 17:14:29,3376,1,4.76601491462,0.911439769159
2012-04-06 17:14:30,3377,1,5.59706033966,0.831045425037
2012-04-06 17:14:31,3378,1,6.27230219401,0.675241854353
2012-04-06 17:14:32,3379,1,6.84601879204,0.573716598028
2012-04-06 17:14:33,3380,1,7.39717221131,0.551153419271
2012-04-06 17:14:34,3381,1,7.94047594568,0.543303734375
2012-04-06 17:14:35,3382,1,8.45386890476,0.513392959077
2012-04-06 17:14:36,3383,1,8.94933021057,0.495461305804
2012-04-06 17:14:37,3384,1,9.46986582738,0.520535616815
2012-04-06 17:14:38,3385,1,10.0366811719,0.566815344494
2012-04-06 17:14:39,3386,1,10.6316959524,0.595014780506
2012-04-06 17:14:40,3387,1,11.2218744896,0.590178537202
2012-04-06 17:14:41,3388,1,11.781249529,0.559375039435
2012-04-06 17:14:42,3389,1,12.292187122,0.510937593006
2012-04-06 17:14:43,3390,1,12.7387645952,0.446577473214
2012-04-06 17:14:44,3391,1,13.0726188036,0.333854208333
2012-04-06 17:14:45,3392,1,13.1398807024,0.0672618988096
2012-04-06 17:14:46,3393,1,12.6983628408,-0.441517861607
2012-04-06 17:14:47,3394,1,11.6015622937,-1.09680054712
2012-04-06 17:14:48,3395,1,9.94378708991,-1.65777520375
2012-04-06 17:14:49,3396,1,8.01212791369,-1.93165917622
2012-04-06 17:14:50,3397,1,6.15249241605,-1.85963549764
2012-04-06 17:14:51,3398,1,4.63400263864,-1.51848977741
2012-04-06 17:14:52,3399,1,3.56807981399,-1.06592282465
2012-04-06 17:14:53,3400,1,2.9491808874,-0.618898926587
2012-04-06 17:14:54,3401,1,2.70550531052,-0.243675576885
2012-04-06 17:14:55,3402,1,2.69613043973,-0.00937487078373
2012-04-06 17:14:56,3403,1,2.78028239484,0.0841519551091
2012-04-06 17:14:57,3404,1,2.91778254489,0.13750015005
2012-04-06 17:14:58,3405,1,3.15438979613,0.23660725124
2012-04-06 17:14:59,3406,1,3.55855652951,0.404166733383
2012-04-06 17:15:00,3407,1,4.20918899244,0.650632462922
2012-04-06 17:15:01,3408,1,5.16986603943,0.960677046999
2012-04-06 17:15:02,3409,1,6.40286445995,1.23299842051
2012-04-06 17:15:03,3410,1,7.72008906647,1.31722460652
2012-04-06 17:15:04,3411,1,8.86324379241,1.14315472594
2012-04-06 17:15:05,3412,1,9.66197895015,0.798735157738
2012-04-06 17:15:06,3413,1,10.1309522202,0.468973270089
2012-04-06 17:15:07,3414,1,10.4055057932,0.274553572917
2012-04-06 17:15:08,3415,1,10.558630744,0.153124950893
2012-04-06 17:15:09,3416,1,10.4801336845,-0.0784970595238
2012-04-06 17:15:10,3417,1,9.94121998735,-0.538913697173
2012-04-06 17:15:11,3418,1,8.76450864286,-1.17671134449
2012-04-06 17:15:12,3419,1,6.95074367262,-1.81376497024
2012-04-06 17:15:13,3420,1,4.73757396726,-2.21316970536
2012-04-06 17:15:14,3421,1,2.62864545759,-2.10892850967
2012-04-06 17:15:15,3422,1,0.0,-2.62864545759
2012-04-06 17:15:37,3444,22,0.0,0.0
2012-04-06 17:15:38,3445,1,2.02790160938,2.02790160938
2012-04-06 17:15:39,3446,1,3.31421108333,1.28630947396
2012-04-06 17:15:40,3447,1,4.39025277307,1.07604168973
2012-04-06 17:15:41,3448,1,5.00840761905,0.618154845982
2012-04-06 17:15:42,3449,1,5.23519338095,0.226785761905
2012-04-06 17:15:43,3450,1,5.30721714286,0.0720237619048
2012-04-06 17:15:44,3451,1,5.5665920558,0.259374912946
2012-04-06 17:15:45,3452,1,6.35386879836,0.78727674256
2012-04-06 17:15:46,3453,1,7.78965748586,1.4357886875
2012-04-06 17:15:47,3454,1,9.66644316667,1.8767856808
2012-04-06 17:15:48,3455,1,11.5999252135,1.93348204688
2012-04-06 17:15:49,3456,1,13.2786453549,1.67872014137
2012-04-06 17:15:50,3457,1,14.6081840476,1.32953869271
2012-04-06 17:15:51,3458,1,15.6851931079,1.07700906027
2012-04-06 17:15:52,3459,1,16.6583331741,0.97314006622
2012-04-06 17:15:53,3460,1,17.6167410469,0.958407872768
2012-04-06 17:15:54,3461,1,18.5836309695,0.966889922619
2012-04-06 17:15:55,3462,1,19.5520089077,0.968377938244
2012-04-06 17:15:56,3463,1,20.5005207158,0.948511808036
2012-04-06 17:15:57,3464,1,21.4084074896,0.90788677381
2012-04-06 17:15:58,3465,1,22.2784966496,0.87008915997
2012-04-06 17:15:59,3466,1,23.1356394159,0.857142766369
2012-04-06 17:16:00,3467,1,23.994865535,0.859226119048
2012-04-06 17:16:01,3468,1,24.8357136518,0.840848116816
2012-04-06 17:16:02,3469,1,25.6120528088,0.776339156994
2012-04-06 17:16:03,3470,1,26.2880199836,0.675967174851
2012-04-06 17:16:04,3471,1,26.8681539516,0.580133968006
2012-04-06 17:16:05,3472,1,27.3950886243,0.526934672619
2012-04-06 17:16:06,3473,1,27.9113833981,0.51629477381
2012-04-06 17:16:07,3474,1,28.4245530469,0.51316964881
2012-04-06 17:16:08,3475,1,28.9124249702,0.487871923363
2012-04-06 17:16:09,3476,1,29.347097494,0.434672523809
2012-04-06 17:16:10,3477,1,29.7145826131,0.367485119048
2012-04-06 17:16:11,3478,1,30.029389244,0.314806630952
2012-04-06 17:16:12,3479,1,30.3189726711,0.289583427083
2012-04-06 17:16:13,3480,1,30.5857138192,0.266741148065
2012-04-06 17:16:14,3481,1,30.8034222463,0.217708427083
2012-04-06 17:16:15,3482,1,30.9493301168,0.145907870536
2012-04-06 17:16:16,3483,1,31.0220981064,0.0727679895833
2012-04-06 17:16:17,3484,1,31.0354910112,0.0133929047619
2012-04-06 17:16:18,3485,1,31.0076635357,-0.0278274754464
2012-04-06 17:16:19,3486,1,30.952082994,-0.0555805416667
2012-04-06 17:16:20,3487,1,30.8720977344,-0.0799852596726
2012-04-06 17:16:21,3488,1,30.7654013095,-0.106696424851
2012-04-06 17:16:22,3489,1,30.6311008504,-0.134300459077
2012-04-06 17:16:23,3490,1,30.4648807626,-0.166220087798
2012-04-06 17:16:24,3491,1,30.2464284211,-0.218452341518
2012-04-06 17:16:25,3492,1,29.9299104754,-0.316517945685
2012-04-06 17:16:26,3493,1,29.4172615305,-0.51264894494
2012-04-06 17:16:27,3494,1,28.5080352396,-0.909226290923
2012-04-06 17:16:28,3495,1,26.9119786615,-1.59605657813
2012-04-06 17:16:29,3496,1,24.4010411935,-2.51093746801
2012-04-06 17:16:30,3497,1,20.9999623795,-3.40107881399
2012-04-06 17:16:31,3498,1,17.0255948631,-3.97436751637
2012-04-06 17:16:32,3499,1,12.9266365647,-4.09895829836
2012-04-06 17:16:33,3500,1,9.06711280283,-3.8595237619
2012-04-06 17:16:34,3501,1,5.66889858557,-3.39821421726
2012-04-06 17:16:35,3502,1,3.00275283482,-2.66614575074
2012-04-06 17:16:36,3503,1,0.0,-3.00275283482
2012-04-06 17:17:15,3542,39,0.0,0.0
2012-04-06 17:17:16,3543,1,3.52206082664,3.52206082664
2012-04-06 17:17:17,3544,1,5.87738059747,2.35531977083
2012-04-06 17:17:18,3545,1,7.98482094568,2.10744034821
2012-04-06 17:17:19,3546,1,9.4781245253,1.49330357961
2012-04-06 17:17:20,3547,1,10.4776782381,0.999553712798
2012-04-06 17:17:21,3548,1,11.292410529,0.814732290923
2012-04-06 17:17:22,3549,1,12.1883182649,0.895907735863
2012-04-06 17:17:23,3550,1,13.3156990357,1.12738077083
2012-04-06 17:17:24,3551,1,14.714210718,1.39851168229
2012-04-06 17:17:25,3552,1,16.3034963341,1.58928561607
2012-04-06 17:17:26,3553,1,17.9002225833,1.59672624926
2012-04-06 17:17:27,3554,1,19.3058774464,1.4056548631
2012-04-06 17:17:28,3555,1,20.3963536414,1.09047619494
2012-04-06 17:17:29,3556,1,21.1487344635,0.752380822173
2012-04-06 17:17:30,3557,1,21.6176330893,0.468898625744
2012-04-06 17:17:31,3558,1,21.8926329583,0.274999869048
2012-04-06 17:17:32,3559,1,22.0630198155,0.170386857143
2012-04-06 17:17:33,3560,1,22.1998501763,0.136830360863
2012-04-06 17:17:34,3561,1,22.3395823594,0.139732183036
2012-04-06 17:17:35,3562,1,22.4811003028,0.141517943452
2012-04-06 17:17:36,3563,1,22.6185260298,0.137425726934
2012-04-06 17:17:37,3564,1,22.7666660766,0.148140046875
2012-04-06 17:17:38,3565,1,22.9498507805,0.183184703869
2012-04-06 17:17:39,3566,1,23.1972467798,0.247395999256
2012-04-06 17:17:40,3567,1,23.5409969115,0.343750131696
2012-04-06 17:17:41,3568,1,23.984821401,0.443824489583
2012-04-06 17:17:42,3569,1,24.4933779821,0.508556581101
2012-04-06 17:17:43,3570,1,25.0311756034,0.53779762128
2012-04-06 17:17:44,3571,1,25.5875744129,0.556398809524
2012-04-06 17:17:45,3572,1,26.1590029807,0.571428567708
2012-04-06 17:17:46,3573,1,26.7239582991,0.564955318452
2012-04-06 17:17:47,3574,1,27.2351933341,0.51123503497
2012-04-06 17:17:48,3575,1,27.6379462121,0.402752877976
2012-04-06 17:17:49,3576,1,27.910416369,0.272470156994
2012-04-06 17:17:50,3577,1,28.0883181064,0.177901737351
2012-04-06 17:17:51,3578,1,28.2377972731,0.149479166667
2012-04-06 17:17:52,3579,1,28.4031991071,0.165401834077
2012-04-06 17:17:53,3580,1,28.5897319263,0.186532819196
2012-04-06 17:17:54,3581,1,28.7900296436,0.200297717262
2012-04-06 17:17:55,3582,1,29.0122767515,0.222247107887
2012-04-06 17:17:56,3583,1,29.2837797664,0.271503014881
2012-04-06 17:17:57,3584,1,29.6265625082,0.342782741815
2012-04-06 17:17:58,3585,1,30.0119047701,0.385342261905
2012-04-06 17:17:59,3586,1,30.3538690536,0.341964283482
2012-04-06 17:18:00,3587,1,30.5889136615,0.235044607887
2012-04-06 17:18:01,3588,1,30.7433778571,0.154464195685
2012-04-06 17:18:02,3589,1,30.8895830833,0.14620522619
2012-04-06 17:18:03,3590,1,31.0662198557,0.176636772322
2012-04-06 17:18:04,3591,1,31.2515620223,0.185342166667
2012-04-06 17:18:05,3592,1,31.3864578214,0.134895799107
2012-04-06 17:18:06,3593,1,31.4302078571,0.0437500357143
2012-04-06 17:18:07,3594,1,31.3968002195,-0.0334076376489
2012-04-06 17:18:08,3595,1,31.3304313036,-0.0663689159226
2012-04-06 17:18:09,3596,1,31.2700891376,-0.0603421659226
2012-04-06 17:18:10,3597,1,31.2403272314,-0.02976190625
2012-04-06 17:18:11,3598,1,31.2473955841,0.0070683526786
2012-04-06 17:18:12,3599,1,31.2742555804,0.0268599962797
2012-04-06 17:18:13,3600,1,31.2878715945,0.0136160141369
2012-04-06 17:18:14,3601,1,31.260267439,-0.0276041555059
2012-04-06 17:18:15,3602,1,31.1845233936,-0.0757440453869
2012-04-06 17:18:16,3603,1,31.0747019226,-0.109821470982
2012-04-06 17:18:17,3604,1,30.9578119993,-0.116889923363
2012-04-06 17:18:18,3605,1,30.8502971124,-0.107514886905
2012-04-06 17:18:19,3606,1,30.7146572448,-0.13563986756
2012-04-06 17:18:20,3607,1,30.4365322388,-0.278125005952
2012-04-06 17:18:21,3608,1,29.8627226711,-0.573809567708
2012-04-06 17:18:22,3609,1,28.875371433,-0.987351238095
2012-04-06 17:18:23,3610,1,27.428645247,-1.44672618601
2012-04-06 17:18:24,3611,1,25.5116066094,-1.91703863765
2012-04-06 17:18:25,3612,1,23.0984370022,-2.41316960714
2012-04-06 17:18:26,3613,1,20.1698790676,-2.92855793466
2012-04-06 17:18:27,3614,1,16.7924236122,-3.37745545536
2012-04-06 17:18:28,3615,1,13.1859908856,-3.6064327266
2012-04-06 17:18:29,3616,1,9.72908476495,-3.45690612067
2012-04-06 17:18:30,3617,1,6.84753051278,-2.88155425216
2012-04-06 17:18:31,3618,1,4.82118468994,-2.02634582285
2012-04-06 17:18:32,3619,1,3.66626743182,-1.15491725812
2012-04-06 17:18:33,3620,1,3.16737686939,-0.498890562432
2012-04-06 17:18:34,3621,1,3.00879330269,-0.158583566694
2012-04-06 17:18:35,3622,1,2.93768263805,-0.0711106646374
2012-04-06 17:18:36,3623,1,2.85068993655,-0.0869927015016
2012-04-06 17:18:37,3624,1,2.74380411255,-0.106885823999
2012-04-06 17:18:38,3625,1,2.62414772876,-0.119656383793
2012-04-06 17:18:39,3626,1,2.49120671665,-0.132941012108
2012-04-06 17:18:40,3627,1,2.39140287243,-0.0998038442235
2012-04-06 17:18:41,3628,1,2.48946154437,0.0980586719426
2012-04-06 17:18:42,3629,1,3.03000528774,0.540543743371
2012-04-06 17:18:43,3630,1,4.09435855195,1.0643532642
2012-04-06 17:18:44,3631,1,5.34956007806,1.25520152611
2012-04-06 17:18:45,3632,1,6.13387420292,0.784314124865
2012-04-06 17:18:46,3633,1,5.87669754031,-0.257176662608
2012-04-06 17:18:47,3634,1,4.52513506487,-1.35156247545
2012-04-06 17:18:48,3635,1,2.69702364025,-1.82811142461
2012-04-06 17:18:49,3636,1,0.0,-2.69702364025
2012-04-06 17:19:41,3688,52,0.0,0.0
2012-04-06 17:19:42,3689,1,3.16488069568,3.16488069568
2012-04-06 17:19:43,3690,1,5.89799072024,2.73311002455
2012-04-06 17:19:44,3691,1,9.03080318899,3.13281246875
2012-04-06 17:19:45,3692,1,12.0453121131,3.01450892411
2012-04-06 17:19:46,3693,1,14.7144340737,2.66912196057
2012-04-06 17:19:47,3694,1,17.0431541737,2.32872010007
2012-04-06 17:19:48,3695,1,19.129537971,2.08638379725
2012-04-06 17:19:49,3696,1,21.0376480424,1.90811007143
2012-04-06 17:19:50,3697,1,22.7741064189,1.73645837649
2012-04-06 17:19:51,3698,1,24.3412196079,1.56711318899
2012-04-06 17:19:52,3699,1,25.7636899427,1.42247033482
2012-04-06 17:19:53,3700,1,27.0750739494,1.3113840067
2012-04-06 17:19:54,3701,1,28.3052079278,1.23013397842
2012-04-06 17:19:55,3702,1,29.4662942366,1.16108630878
2012-04-06 17:19:56,3703,1,30.5376483564,1.07135411979
2012-04-06 17:19:57,3704,1,31.4785709189,0.9409225625
2012-04-06 17:19:58,3705,1,32.2716512329,0.793080313988
2012-04-06 17:19:59,3706,1,32.9606393289,0.688988095982
2012-04-06 17:20:00,3707,1,33.6377971496,0.677157820684
2012-04-06 17:20:01,3708,1,34.3813240781,0.743526928571
2012-04-06 17:20:02,3709,1,35.2073658802,0.826041802083
2012-04-06 17:20:03,3710,1,36.0754462946,0.868080414435
2012-04-06 17:20:04,3711,1,36.926562276,0.851115981399
2012-04-06 17:20:05,3712,1,37.7212793021,0.794717026042
2012-04-06 17:20:06,3713,1,38.4440468854,0.722767583333
2012-04-06 17:20:07,3714,1,39.0684514687,0.624404583333
2012-04-06 17:20:08,3715,1,39.5319931659,0.463541697173
2012-04-06 17:20:09,3716,1,39.7717999993,0.239806833333
2012-04-06 17:20:10,3717,1,39.8054313653,0.0336313660714
2012-04-06 17:20:11,3718,1,39.7639881957,-0.0414431696429
2012-04-06 17:20:12,3719,1,39.8160714807,0.0520832849703
2012-04-06 17:20:13,3720,1,40.0496276548,0.233556174107
2012-04-06 17:20:14,3721,1,40.4210557693,0.371428114583
2012-04-06 17:20:15,3722,1,40.8021567321,0.381100962798
2012-04-06 17:20:16,3723,1,41.0760407679,0.273884035714
2012-04-06 17:20:17,3724,1,41.2018594844,0.125818716518
2012-04-06 17:20:18,3725,1,41.2084072619,0.0065477775298
2012-04-06 17:20:19,3726,1,41.1504459077,-0.0579613541667
2012-04-06 17:20:20,3727,1,41.0626481674,-0.0877977403274
2012-04-06 17:20:21,3728,1,40.9219487314,-0.140699436012
2012-04-06 17:20:22,3729,1,40.6513387091,-0.270610022321
2012-04-06 17:20:23,3730,1,40.1849697976,-0.466368911458
2012-04-06 17:20:24,3731,1,39.5495531525,-0.635416645089
2012-04-06 17:20:25,3732,1,38.8768595037,-0.67269364881
2012-04-06 17:20:26,3733,1,38.2955347448,-0.581324758928
2012-04-06 17:20:27,3734,1,37.7796862068,-0.515848537947
2012-04-06 17:20:28,3735,1,37.1204599397,-0.659226267113
2012-04-06 17:20:29,3736,1,36.058927494,-1.06153244568
2012-04-06 17:20:30,3737,1,34.4461304196,-1.6127970744
2012-04-06 17:20:31,3738,1,32.3200148348,-2.12611558482
2012-04-06 17:20:32,3739,1,29.8727679933,-2.44724684152
2012-04-06 17:20:33,3740,1,27.3254464539,-2.54732153943
2012-04-06 17:20:34,3741,1,24.8113837597,-2.5140626942
2012-04-06 17:20:35,3742,1,22.3582586652,-2.45312509449
2012-04-06 17:20:36,3743,1,19.9351932262,-2.42306543899
2012-04-06 17:20:37,3744,1,17.5218748817,-2.41331834449
2012-04-06 17:20:38,3745,1,15.1779017612,-2.34397312054
2012-04-06 17:20:39,3746,1,13.0340029494,-2.14389881176
2012-04-06 17:20:40,3747,1,11.1851932984,-1.84880965104
2012-04-06 17:20:41,3748,1,9.59694906027,-1.5882442381
2012-04-06 17:20:42,3749,1,8.0996274933,-1.49732156696
2012-04-06 17:20:43,3750,1,6.46175546801,-1.6378720253
2012-04-06 17:20:44,3751,1,4.56651750223,-1.89523796577
2012-04-06 17:20:45,3752,1,2.66967987798,-1.89683762426
2012-04-06 17:20:46,3753,1,0.0,-2.66967987798
2012-04-06 17:21:31,3798,45,0.0,0.0
2012-04-06 17:21:32,3799,1,3.60505948735,3.60505948735
2012-04-06 17:21:33,3800,1,6.56361594643,2.95855645908
2012-04-06 17:21:34,3801,1,9.86391346949,3.30029752307
2012-04-06 17:21:35,3802,1,12.9993300967,3.13541662723
2012-04-06 17:21:36,3803,1,15.7751485952,2.77581849851
2012-04-06 17:21:37,3804,1,18.2097097024,2.43456110714
2012-04-06 17:21:38,3805,1,20.4231398162,2.21343011384
2012-04-06 17:21:39,3806,1,22.5287945268,2.10565471057
2012-04-06 17:21:40,3807,1,24.5648062991,2.03601177232
2012-04-06 17:21:41,3808,1,26.4925591466,1.92775284747
2012-04-06 17:21:42,3809,1,28.2436007597,1.7510416131
2012-04-06 17:21:43,3810,1,29.7799846994,1.53638393973
2012-04-06 17:21:44,3811,1,31.1163686235,1.33638392411
2012-04-06 17:21:45,3812,1,32.2786453624,1.16227673884
2012-04-06 17:21:46,3813,1,33.2518596429,0.973214280506
2012-04-06 17:21:47,3814,1,33.9841514338,0.732291790923
2012-04-06 17:21:48,3815,1,34.4346725007,0.450521066964
2012-04-06 17:21:49,3816,1,34.6091518914,0.174479390625
2012-04-06 17:21:50,3817,1,34.5725448475,-0.0366070438988
2012-04-06 17:21:51,3818,1,34.4444942009,-0.128050646577
2012-04-06 17:21:52,3819,1,34.3526785551,-0.0918156458333
2012-04-06 17:21:53,3820,1,34.3662943601,0.0136158050595
2012-04-06 17:21:54,3821,1,34.472916067,0.106621706845
2012-04-06 17:21:55,3822,1,34.59940391,0.126487843006
2012-04-06 17:21:56,3823,1,34.6598204851,0.0604165751488
2012-04-06 17:21:57,3824,1,34.6273800327,-0.0324404523809
2012-04-06 17:21:58,3825,1,34.5756687165,-0.0517113162202
2012-04-06 17:21:59,3826,1,34.645683503,0.0700147864583
2012-04-06 17:22:00,3827,1,34.9590019063,0.313318403274
2012-04-06 17:22:01,3828,1,35.5200139851,0.561012078869
2012-04-06 17:22:02,3829,1,36.1912197173,0.671205732143
2012-04-06 17:22:03,3830,1,36.7922617016,0.601041984375
2012-04-06 17:22:04,3831,1,37.2311009896,0.438839287946
2012-04-06 17:22:05,3832,1,37.5488833988,0.317782409226
2012-04-06 17:22:06,3833,1,37.860341317,0.311457918155
2012-04-06 17:22:07,3834,1,38.2438976689,0.383556351935
2012-04-06 17:22:08,3835,1,38.6741805543,0.430282885417
2012-04-06 17:22:09,3836,1,39.0552821042,0.381101549851
2012-04-06 17:22:10,3837,1,39.2898806466,0.234598542411
2012-04-06 17:22:11,3838,1,39.3074403021,0.0175596555059
2012-04-06 17:22:12,3839,1,39.0811753601,-0.226264941964
2012-04-06 17:22:13,3840,1,38.646353811,-0.434821549107
2012-04-06 17:22:14,3841,1,38.0793894643,-0.566964346726
2012-04-06 17:22:15,3842,1,37.4645084807,-0.614880983631
2012-04-06 17:22:16,3843,1,36.8688982366,-0.595610244048
2012-04-06 17:22:17,3844,1,36.3003712091,-0.56852702753
2012-04-06 17:22:18,3845,1,35.7025287284,-0.597842480655
2012-04-06 17:22:19,3846,1,35.015177529,-0.687351199405
2012-04-06 17:22:20,3847,1,34.2038682708,-0.811309258185
2012-04-06 17:22:21,3848,1,33.2407734129,-0.963094857887
2012-04-06 17:22:22,3849,1,32.1035712835,-1.13720212946
2012-04-06 17:22:23,3850,1,30.7865326421,-1.31703864137
2012-04-06 17:22:24,3851,1,29.314136753,-1.47239588914
2012-04-06 17:22:25,3852,1,27.7735116912,-1.54062506176
2012-04-06 17:22:26,3853,1,26.3025295141,-1.47098217708
2012-04-06 17:22:27,3854,1,24.9562497381,-1.34627977604
2012-04-06 17:22:28,3855,1,23.5478420045,-1.40840773363
2012-04-06 17:22:29,3856,1,21.6831099129,-1.86473209152
2012-04-06 17:22:30,3857,1,19.0339284591,-2.64918145387
2012-04-06 17:22:31,3858,1,15.6428570774,-3.3910713817
2012-04-06 17:22:32,3859,1,11.9968748504,-3.64598222693
2012-04-06 17:22:33,3860,1,8.74910680804,-3.24776804241
2012-04-06 17:22:34,3861,1,6.30126436533,-2.44784244271
2012-04-06 17:22:35,3862,1,4.69836249405,-1.60290187128
2012-04-06 17:22:36,3863,1,3.93861550893,-0.759746985119
2012-04-06 17:22:37,3864,1,4.20744001786,0.268824508929
2012-04-06 17:22:52,3879,15,5.6630204561,0.0970386958829
2012-04-06 17:22:53,3880,1,8.10111573661,2.43809528051
2012-04-06 17:22:54,3881,1,10.9645086391,2.86339290253
2012-04-06 17:22:55,3882,1,13.6758182374,2.71130959821
2012-04-06 17:22:56,3883,1,15.9815475022,2.30572926488
2012-04-06 17:22:57,3884,1,18.0058779487,2.02433044643
2012-04-06 17:22:58,3885,1,19.9715029866,1.96562503795
2012-04-06 17:22:59,3886,1,21.9375743824,1.96607139583
2012-04-06 17:23:00,3887,1,23.8166665476,1.87909216518
2012-04-06 17:23:01,3888,1,25.5074402225,1.69077367485
2012-04-06 17:23:02,3889,1,26.951264506,1.44382428348
2012-04-06 17:23:03,3890,1,28.1473953936,1.19613088765
2012-04-06 17:23:04,3891,1,29.1670382277,1.01964283408
2012-04-06 17:23:05,3892,1,30.11845191,0.951413682292
2012-04-06 17:23:06,3893,1,31.0728418229,0.954389912946
2012-04-06 17:23:07,3894,1,32.0219490677,0.949107244792
2012-04-06 17:23:08,3895,1,32.8859373281,0.863988260417
2012-04-06 17:23:09,3896,1,33.5444940655,0.658556737351
2012-04-06 17:23:10,3897,1,33.8686757396,0.324181674107
2012-04-06 17:23:11,3898,1,33.7632441897,-0.105431549851
2012-04-06 17:23:12,3899,1,33.221726247,-0.541517942708
2012-04-06 17:23:13,3900,1,32.3267112693,-0.895014977679
2012-04-06 17:23:14,3901,1,31.1701635573,-1.15654771205
2012-04-06 17:23:15,3902,1,29.7694194301,-1.40074412723
2012-04-06 17:23:16,3903,1,28.043303317,-1.7261161131
2012-04-06 17:23:17,3904,1,25.879315218,-2.16398809896
2012-04-06 17:23:18,3905,1,23.2495533266,-2.62976189137
2012-04-06 17:23:19,3906,1,20.2594491622,-2.99010416443
2012-04-06 17:23:20,3907,1,17.1048360238,-3.15461313839
2012-04-06 17:23:21,3908,1,13.9963537887,-3.10848223512
2012-04-06 17:23:22,3909,1,11.0944191719,-2.90193461682
2012-04-06 17:23:23,3910,1,8.47723163244,-2.61718753943
2012-04-06 17:23:24,3911,1,6.12879416741,-2.34843746503
2012-04-06 17:23:25,3912,1,3.99866034375,-2.13013382366
2012-04-06 17:23:26,3913,1,2.22946406176,-1.76919628199
2012-04-06 17:23:27,3914,1,0.0,-2.22946406176
2012-04-06 17:23:49,3936,22,0.0,0.0
2012-04-06 17:23:50,3937,1,4.78117556324,4.78117556324
2012-04-06 17:23:51,3938,1,8.70967249851,3.92849693527
2012-04-06 17:23:52,3939,1,12.9389134338,4.22924093527
2012-04-06 17:23:53,3940,1,16.7088537812,3.76994034747
2012-04-06 17:23:54,3941,1,19.762722779,3.05386899777
2012-04-06 17:23:55,3942,1,22.2147317604,2.4520089814
2012-04-06 17:23:56,3943,1,24.2567705439,2.04203878348
2012-04-06 17:23:57,3944,1,25.9938241726,1.73705362872
2012-04-06 17:23:58,3945,1,27.478868808,1.48504463542
2012-04-06 17:23:59,3946,1,28.7860115871,1.30714277902
2012-04-06 17:24:00,3947,1,30.0127971726,1.22678558557
2012-04-06 17:24:01,3948,1,31.232886314,1.22008914137
2012-04-06 17:24:02,3949,1,32.4487343698,1.2158480558
2012-04-06 17:24:03,3950,1,33.5790169561,1.13028258631
2012-04-06 17:24:04,3951,1,34.5043145067,0.925297550595
2012-04-06 17:24:05,3952,1,35.1502966912,0.645982184524
2012-04-06 17:24:06,3953,1,35.5328860662,0.382589375
2012-04-06 17:24:07,3954,1,35.7275289799,0.194642913691
2012-04-06 17:24:08,3955,1,35.808183721,0.0806547410714
2012-04-06 17:24:09,3956,1,35.8103414159,0.0021576949405
2012-04-06 17:24:10,3957,1,35.7320676793,-0.0782737366071
2012-04-06 17:24:11,3958,1,35.5578863638,-0.174181315476
2012-04-06 17:24:12,3959,1,35.2777526972,-0.280133666667
2012-04-06 17:24:13,3960,1,34.890327244,-0.387425453125
2012-04-06 17:24:14,3961,1,34.4032736615,-0.487053582589
2012-04-06 17:24:15,3962,1,33.8343747567,-0.568898904762
2012-04-06 17:24:16,3963,1,33.2087794293,-0.625595327381
2012-04-06 17:24:17,3964,1,32.5535710446,-0.655208384673
2012-04-06 17:24:18,3965,1,31.894865654,-0.658705390625
2012-04-06 17:24:19,3966,1,31.2601930193,-0.634672634673
2012-04-06 17:24:20,3967,1,30.6439727984,-0.616220220982
2012-04-06 17:24:21,3968,1,29.9203865246,-0.72358627381
2012-04-06 17:24:22,3969,1,28.8368300156,-1.08355650893
2012-04-06 17:24:23,3970,1,27.1657735186,-1.67105649702
2012-04-06 17:24:24,3971,1,24.8501485945,-2.31562492411
2012-04-06 17:24:25,3972,1,21.9875742865,-2.86257430804
2012-04-06 17:24:26,3973,1,18.7084821086,-3.27909217783
2012-04-06 17:24:27,3974,1,15.1259672664,-3.58251484226
2012-04-06 17:24:28,3975,1,11.4653273876,-3.66063987872
2012-04-06 17:24:29,3976,1,8.18720238244,-3.27812500521
2012-04-06 17:24:30,3977,1,5.82708333333,-2.36011904911
2012-04-06 17:24:31,3978,1,4.65290178571,-1.17418154762
2012-04-06 17:24:32,3979,1,4.48735119048,-0.165550595238
2012-04-06 17:24:33,3980,1,4.8552827381,0.367931547619
2012-04-06 17:24:34,3981,1,5.36703869048,0.511755952381
2012-04-06 17:24:35,3982,1,6.03995535863,0.672916668155
2012-04-06 17:24:36,3983,1,7.23184524628,1.19188988765
2012-04-06 17:24:37,3984,1,9.25974703497,2.02790178869
2012-04-06 17:24:38,3985,1,12.1021577068,2.84241067187
2012-04-06 17:24:39,3986,1,15.3803569821,3.2781992753
2012-04-06 17:24:40,3987,1,18.5718746555,3.19151767336
2012-04-06 17:24:41,3988,1,21.3194935714,2.74761891592
2012-04-06 17:24:42,3989,1,23.5630203549,2.24352678348
2012-04-06 17:24:43,3990,1,25.3863835469,1.82336319196
2012-04-06 17:24:44,3991,1,26.8281247158,1.4417411689
2012-04-06 17:24:45,3992,1,27.8484372545,1.02031253869
2012-04-06 17:24:46,3993,1,28.4025295171,0.554092262649
2012-04-06 17:24:47,3994,1,28.5102676153,0.107738098214
2012-04-06 17:24:48,3995,1,28.2662943988,-0.243973216518
2012-04-06 17:24:49,3996,1,27.8298360186,-0.436458380208
2012-04-06 17:24:50,3997,1,27.4220234353,-0.407812583333
2012-04-06 17:24:51,3998,1,27.2833329107,-0.138690524554
2012-04-06 17:24:52,3999,1,27.5846722121,0.301339301339
2012-04-06 17:24:53,4000,1,28.3383180528,0.753645840774
2012-04-06 17:24:54,4001,1,29.3794637924,1.04114573958
2012-04-06 17:24:55,4002,1,30.4735111964,1.09404740402
2012-04-06 17:24:56,4003,1,31.4590020313,0.985490834821
2012-04-06 17:24:57,4004,1,32.2793888542,0.820386822917
2012-04-06 17:24:58,4005,1,32.9123503073,0.632961453125
2012-04-06 17:24:59,4006,1,33.3164427835,0.40409247619
2012-04-06 17:25:00,4007,1,33.4646571324,0.148214348958
2012-04-06 17:25:01,4008,1,33.4212790491,-0.0433780833334
2012-04-06 17:25:02,4009,1,33.3527521927,-0.0685268563988
2012-04-06 17:25:03,4010,1,33.4311749576,0.078422764881
2012-04-06 17:25:04,4011,1,33.7224699204,0.291294962798
2012-04-06 17:25:05,4012,1,34.166071378,0.443601457589
2012-04-06 17:25:06,4013,1,34.6398064993,0.47373512128
2012-04-06 17:25:07,4014,1,35.0421872188,0.402380719494
2012-04-06 17:25:08,4015,1,35.3456840089,0.303496790179
2012-04-06 17:25:09,4016,1,35.5879458251,0.24226181622
2012-04-06 17:25:10,4017,1,35.8108625246,0.222916699405
2012-04-06 17:25:11,4018,1,36.0127227515,0.201860226934
2012-04-06 17:25:12,4019,1,36.1499996815,0.137276930059
2012-04-06 17:25:13,4020,1,36.1787944397,0.0287947581845
2012-04-06 17:25:14,4021,1,36.1061010074,-0.0726934322916
2012-04-06 17:25:15,4022,1,35.9845979301,-0.121503077381
2012-04-06 17:25:16,4023,1,35.8388388445,-0.145759085566
2012-04-06 17:25:17,4024,1,35.6380203281,-0.200818516369
2012-04-06 17:25:18,4025,1,35.3732139033,-0.264806424851
2012-04-06 17:25:19,4026,1,35.1210563586,-0.252157544643
2012-04-06 17:25:20,4027,1,34.9878718452,-0.133184513393
2012-04-06 17:25:21,4028,1,34.9886900506,0.000818205357106
2012-04-06 17:25:22,4029,1,34.9985112091,0.0098211584822
2012-04-06 17:25:23,4030,1,34.8452373824,-0.153273826637
2012-04-06 17:25:24,4031,1,34.4572168266,-0.388020555804
2012-04-06 17:25:25,4032,1,33.9061755312,-0.551041295387
2012-04-06 17:25:26,4033,1,33.307887058,-0.598288473214
2012-04-06 17:25:27,4034,1,32.7076638445,-0.600223213542
2012-04-06 17:25:28,4035,1,32.078199468,-0.629464376488
2012-04-06 17:25:29,4036,1,31.4137648497,-0.664434618304
2012-04-06 17:25:30,4037,1,30.7937498393,-0.620015010417
2012-04-06 17:25:31,4038,1,30.3324401332,-0.461309706101
2012-04-06 17:25:32,4039,1,30.0811750766,-0.251265056548
2012-04-06 17:25:33,4040,1,30.0029755841,-0.0781994925595
2012-04-06 17:25:34,4041,1,30.0366809903,0.03370540625
2012-04-06 17:25:35,4042,1,30.1761156667,0.139434676339
2012-04-06 17:25:36,4043,1,30.4892854368,0.313169770089
2012-04-06 17:25:37,4044,1,31.0580354107,0.568749973958
2012-04-06 17:25:38,4045,1,31.9019340298,0.843898619048
2012-04-06 17:25:39,4046,1,32.9545379554,1.0526039256
2012-04-06 17:25:40,4047,1,34.0775288936,1.12299093824
2012-04-06 17:25:41,4048,1,35.0947164807,1.01718758705
2012-04-06 17:25:42,4049,1,35.8688239122,0.774107431548
2012-04-06 17:25:43,4050,1,36.3766367202,0.507812808036
2012-04-06 17:25:44,4051,1,36.6910713445,0.314434624256
2012-04-06 17:25:45,4052,1,36.8848955766,0.193824232143
2012-04-06 17:25:46,4053,1,36.9688238519,0.0839282752976
2012-04-06 17:25:47,4054,1,36.931844471,-0.0369793809524
2012-04-06 17:25:48,4055,1,36.8264128787,-0.105431592262
2012-04-06 17:25:49,4056,1,36.7748504278,-0.0515624508928
2012-04-06 17:25:50,4057,1,36.8723950833,0.0975446555059
2012-04-06 17:25:51,4058,1,37.1090766071,0.23668152381
2012-04-06 17:25:52,4059,1,37.4025290491,0.293452441964
2012-04-06 17:25:53,4060,1,37.6798357753,0.27730672619
2012-04-06 17:25:54,4061,1,37.8988091704,0.218973395089
2012-04-06 17:25:55,4062,1,38.0029014769,0.104092306548
2012-04-06 17:25:56,4063,1,37.9033477626,-0.0995537142857
2012-04-06 17:25:57,4064,1,37.5388386094,-0.364509153274
2012-04-06 17:25:58,4065,1,36.943823622,-0.595014987351
2012-04-06 17:25:59,4066,1,36.2389130126,-0.704910609375
2012-04-06 17:26:00,4067,1,35.54761859,-0.691294422619
2012-04-06 17:26:01,4068,1,34.9120532619,-0.635565328125
2012-04-06 17:26:02,4069,1,34.2768597641,-0.635193497768
2012-04-06 17:26:03,4070,1,33.5553566287,-0.721503135417
2012-04-06 17:26:04,4071,1,32.7178565573,-0.837500071429
2012-04-06 17:26:05,4072,1,31.8290917582,-0.888764799107
2012-04-06 17:26:06,4073,1,31.0135412582,-0.8155505
2012-04-06 17:26:07,4074,1,30.3508180045,-0.66272325372
2012-04-06 17:26:08,4075,1,29.7518595216,-0.598958482887
2012-04-06 17:26:09,4076,1,28.9552820476,-0.796577473958
2012-04-06 17:26:10,4077,1,27.6909964189,-1.26428562872
2012-04-06 17:26:11,4078,1,25.8526781912,-1.83831822768
2012-04-06 17:26:12,4079,1,23.5127974695,-2.33988072173
2012-04-06 17:26:13,4080,1,20.7869047433,-2.72589272619
2012-04-06 17:26:14,4081,1,17.7225322271,-3.06437251625
2012-04-06 17:26:15,4082,1,14.3593686946,-3.36316353243
2012-04-06 17:26:16,4083,1,10.873772077,-3.48559661762
2012-04-06 17:26:17,4084,1,7.62403852858,-3.24973354843
2012-04-06 17:26:18,4085,1,5.02244485888,-2.6015936697
2012-04-06 17:26:19,4086,1,3.30721654911,-1.71522830977
2012-04-06 17:26:20,4087,1,2.42132857316,-0.885887975942
2012-04-06 17:26:21,4088,1,2.10603218037,-0.315296392795
2012-04-06 17:26:22,4089,1,2.07131620647,-0.0347159738963
2012-04-06 17:26:23,4090,1,2.11048419686,0.0391679903894
2012-04-06 17:26:24,4091,1,2.13808225236,0.0275980554935
2012-04-06 17:26:25,4092,1,2.1499995,0.0119172476438
2012-04-06 17:26:26,4093,1,2.15313698574,0.00313748573909
2012-04-06 17:26:27,4094,1,2.1321487332,-0.0209882525422
2012-04-06 17:26:28,4095,1,2.09401017969,-0.0381385535094
2012-04-06 17:26:29,4096,1,2.18697276978,0.0929625900918
2012-04-06 17:26:30,4097,1,2.74198883755,0.55501606777
2012-04-06 17:26:31,4098,1,4.08869009152,1.34670125397
2012-04-06 17:26:32,4099,1,6.29578320064,2.20709310913
2012-04-06 17:26:33,4100,1,9.10051403168,2.80473083104
2012-04-06 17:26:34,4101,1,12.0781616417,2.97764761006
2012-04-06 17:26:35,4102,1,14.9046932429,2.82653160113
2012-04-06 17:26:36,4103,1,17.4914554761,2.5867622332
2012-04-06 17:26:37,4104,1,19.8873508557,2.39589537959
2012-04-06 17:26:38,4105,1,22.1127229249,2.2253720692
2012-04-06 17:26:39,4106,1,24.123734904,2.01101197917
2012-04-06 17:26:40,4107,1,25.8653272641,1.74159236012
2012-04-06 17:26:41,4108,1,27.2528273549,1.38750009077
2012-04-06 17:26:42,4109,1,28.0804315647,0.827604209821
2012-04-06 17:26:43,4110,1,28.0566964107,-0.0237351540178
2012-04-06 17:26:44,4111,1,27.062871869,-0.993824541667
2012-04-06 17:26:45,4112,1,25.3787198564,-1.68415201265
2012-04-06 17:26:46,4113,1,23.5684517731,-1.81026808333
2012-04-06 17:26:47,4114,1,22.0877969152,-1.48065485789
2012-04-06 17:26:48,4115,1,20.9697910588,-1.1180058564
2012-04-06 17:26:49,4116,1,19.8758924754,-1.09389858333
2012-04-06 17:26:50,4117,1,18.4492557961,-1.42663667932
2012-04-06 17:26:51,4118,1,16.5922618817,-1.85699391443
2012-04-06 17:26:52,4119,1,14.4215774018,-2.17068447991
2012-04-06 17:26:53,4120,1,12.1004464494,-2.32113095238
2012-04-06 17:26:54,4121,1,9.81919640551,-2.2812500439
2012-04-06 17:26:55,4122,1,7.83794627232,-1.98125013318
2012-04-06 17:26:56,4123,1,6.39672581027,-1.44122046205
2012-04-06 17:26:57,4124,1,5.5390619003,-0.85766390997
2012-04-06 17:26:58,4125,1,5.04441895164,-0.494642948661
2012-04-06 17:26:59,4126,1,4.59062436756,-0.453794584077
2012-04-06 17:27:00,4127,1,4.04836255878,-0.54226180878
2012-04-06 17:27:01,4128,1,3.64702327827,-0.401339280506
2012-04-06 17:27:02,4129,1,3.85066901637,0.203645738095
2012-04-06 17:27:03,4130,1,5.02633856696,1.1756695506
2012-04-06 17:27:04,4131,1,7.17544571503,2.14910714807
2012-04-06 17:27:05,4132,1,9.95066901042,2.77522329539
2012-04-06 17:27:06,4133,1,12.8751482307,2.92447922024
2012-04-06 17:27:07,4134,1,15.5461303609,2.67098213021
2012-04-06 17:27:08,4135,1,17.7596720238,2.21354166295
2012-04-06 17:27:09,4136,1,19.5374994896,1.77782746577
2012-04-06 17:27:10,4137,1,21.0334818043,1.49598231473
2012-04-06 17:27:11,4138,1,22.4204611622,1.38697935789
2012-04-06 17:27:12,4139,1,23.8197916414,1.39933047917
2012-04-06 17:27:13,4140,1,25.233407715,1.41361607366
2012-04-06 17:27:14,4141,1,26.5440475104,1.31063979539
2012-04-06 17:27:15,4142,1,27.636160506,1.09211299554
2012-04-06 17:27:16,4143,1,28.5042407798,0.86808027381
2012-04-06 17:27:17,4144,1,29.2512645045,0.747023724702
2012-04-06 17:27:18,4145,1,30.0226185759,0.771354071429
2012-04-06 17:27:19,4146,1,30.9102673065,0.887648730655
2012-04-06 17:27:20,4147,1,31.8394339673,0.929166660714
2012-04-06 17:27:21,4148,1,32.5216513192,0.682217351935
2012-04-06 17:27:22,4149,1,32.5840770216,0.062425702381
2012-04-06 17:27:23,4150,1,31.8256693132,-0.758407708333
2012-04-06 17:27:24,4151,1,30.3792407016,-1.44642861161
2012-04-06 17:27:25,4152,1,28.6516364903,-1.72760421131
2012-04-06 17:27:26,4153,1,27.1136156481,-1.53802084226
2012-04-06 17:27:27,4154,1,26.0805055439,-1.03311010417
2012-04-06 17:27:28,4155,1,25.6191216049,-0.461383938988
2012-04-06 17:27:29,4156,1,25.6110858415,-0.0080357633928
2012-04-06 17:27:30,4157,1,25.846800093,0.235714251488
2012-04-06 17:27:31,4158,1,26.0663685781,0.219568485119
2012-04-06 17:27:32,4159,1,26.0138389092,-0.0525296688988
2012-04-06 17:27:33,4160,1,25.5397318638,-0.474107045387
2012-04-06 17:27:34,4161,1,24.6536455937,-0.886086270089
2012-04-06 17:27:35,4162,1,23.4449401905,-1.20870540327
2012-04-06 17:27:36,4163,1,21.9406246205,-1.50431556994
2012-04-06 17:27:37,4164,1,20.0446589645,-1.89596565608
2012-04-06 17:27:38,4165,1,17.6208660293,-2.4237929351
2012-04-06 17:27:39,4166,1,14.6683280933,-2.95253793609
2012-04-06 17:27:40,4167,1,11.4624170594,-3.20591103381
2012-04-06 17:27:41,4168,1,8.49864378183,-2.96377327761
2012-04-06 17:27:42,4169,1,6.22646266865,-2.27218111318
2012-04-06 17:27:43,4170,1,4.8038268664,-1.42263580225
2012-04-06 17:27:44,4171,1,4.06876555895,-0.735061307457
2012-04-06 17:27:45,4172,1,3.7000981937,-0.368667365245
2012-04-06 17:27:46,4173,1,3.424246677,-0.2758515167
2012-04-06 17:27:47,4174,1,3.11287928952,-0.311367387483
2012-04-06 17:27:48,4175,1,2.75815872222,-0.354720567295
2012-04-06 17:27:49,4176,1,2.48822651323,-0.269932208995
2012-04-06 17:27:50,4177,1,2.62325462021,0.135028106978
2012-04-06 17:27:51,4178,1,3.54704760293,0.923792982722
2012-04-06 17:27:52,4179,1,5.40916730746,1.86211970453
2012-04-06 17:27:53,4180,1,7.98423348074,2.57506617328
2012-04-06 17:27:54,4181,1,10.8310755384,2.84684205771
2012-04-06 17:27:55,4182,1,13.5702044022,2.73912886376
2012-04-06 17:27:56,4183,1,16.0542241739,2.48401977174
2012-04-06 17:27:57,4184,1,18.3091516086,2.25492743469
2012-04-06 17:27:58,4185,1,20.3333331897,2.0241815811
2012-04-06 17:27:59,4186,1,22.0137646384,1.68043144866
2012-04-06 17:28:00,4187,1,23.2266365342,1.21287189583
2012-04-06 17:28:01,4188,1,23.9355650469,0.708928512649
2012-04-06 17:28:02,4189,1,24.2014876771,0.265922630208
2012-04-06 17:28:03,4190,1,24.1676335126,-0.0338541644345
2012-04-06 17:28:04,4191,1,24.0409221607,-0.126711351934
2012-04-06 17:28:05,4192,1,24.0488090231,0.0078868623512
2012-04-06 17:28:06,4193,1,24.3676334204,0.318824397321
2012-04-06 17:28:07,4194,1,25.0441215238,0.676488103423
2012-04-06 17:28:08,4195,1,25.9603417567,0.916220232887
2012-04-06 17:28:09,4196,1,26.8809518668,0.920610110119
2012-04-06 17:28:10,4197,1,27.5650292902,0.684077423363
2012-04-06 17:28:11,4198,1,27.8662943051,0.301265014881
2012-04-06 17:28:12,4199,1,27.7558034122,-0.110490892857
2012-04-06 17:28:13,4200,1,27.2969493735,-0.458854038691
2012-04-06 17:28:14,4201,1,26.6271577493,-0.669791624256
2012-04-06 17:28:15,4202,1,25.9250744129,-0.70208333631
2012-04-06 17:28:16,4203,1,25.3482142872,-0.576860125744
2012-04-06 17:28:17,4204,1,24.9918154762,-0.356398811012
2012-04-06 17:28:18,4205,1,24.9021577396,-0.0896577366072
2012-04-06 17:28:19,4206,1,25.0900297686,0.187872029018
2012-04-06 17:28:20,4207,1,25.450595244,0.360565475446
2012-04-06 17:28:21,4208,1,25.6511160424,0.200520798363
2012-04-06 17:28:22,4209,1,25.2145832143,-0.436532828125
2012-04-06 17:28:23,4210,1,23.823586061,-1.39099715327
2012-04-06 17:28:24,4211,1,21.5671871243,-2.25639893676
2012-04-06 17:28:25,4212,1,18.9203120268,-2.64687509747
2012-04-06 17:28:26,4213,1,16.4694935,-2.45081852679
2012-04-06 17:28:27,4214,1,14.561978564,-1.90751493601
2012-04-06 17:28:28,4215,1,13.1636898743,-1.39828868973
2012-04-06 17:28:29,4216,1,12.0543893757,-1.10930049851
2012-04-06 17:28:30,4217,1,11.1574401406,-0.896949235119
2012-04-06 17:28:31,4218,1,10.6987349293,-0.45870521131
2012-04-06 17:28:32,4219,1,11.0485117515,0.349776822173
2012-04-06 17:28:33,4220,1,12.3781247969,1.32961304539
2012-04-06 17:28:34,4221,1,14.4742557031,2.09613090625
2012-04-06 17:28:35,4222,1,16.9007437924,2.42648808929
2012-04-06 17:28:36,4223,1,19.3159223705,2.41517857812
2012-04-06 17:28:37,4224,1,21.6197914196,2.30386904911
2012-04-06 17:28:38,4225,1,23.836383689,2.21659226935
2012-04-06 17:28:39,4226,1,25.9366069018,2.1002232128
2012-04-06 17:28:40,4227,1,27.8233627753,1.88675587351
2012-04-06 17:28:41,4228,1,29.4395828266,1.61622005134
2012-04-06 17:28:42,4229,1,30.829091561,1.38950873437
2012-04-06 17:28:43,4230,1,32.0980647314,1.26897317039
2012-04-06 17:28:44,4231,1,33.3302821667,1.23221743527
2012-04-06 17:28:45,4232,1,34.527752718,1.19747055134
2012-04-06 17:28:46,4233,1,35.6186012374,1.09084851935
2012-04-06 17:28:47,4234,1,36.516369314,0.897768076637
2012-04-06 17:28:48,4235,1,37.1872028118,0.670833497768
2012-04-06 17:28:49,4236,1,37.6651047351,0.477901923363
2012-04-06 17:28:50,4237,1,37.9889887507,0.323884015625
2012-04-06 17:28:51,4238,1,38.1420393363,0.153050585566
2012-04-06 17:28:52,4239,1,38.0717266771,-0.0703126592262
2012-04-06 17:28:53,4240,1,37.7528275826,-0.318899094494
2012-04-06 17:28:54,4241,1,37.2245535037,-0.528274078869
2012-04-06 17:28:55,4242,1,36.5776783772,-0.646875126488
2012-04-06 17:28:56,4243,1,35.9071427083,-0.670535668899
2012-04-06 17:28:57,4244,1,35.2751488214,-0.631993886905
2012-04-06 17:28:58,4245,1,34.6917412135,-0.583407607887
2012-04-06 17:28:59,4246,1,34.0645090402,-0.627232173363
2012-04-06 17:29:00,4247,1,33.1527529137,-0.911756126488
2012-04-06 17:29:01,4248,1,31.6352675685,-1.51748534524
2012-04-06 17:29:02,4249,1,29.2482137768,-2.38705379167
2012-04-06 17:29:03,4250,1,25.8606391935,-3.38757458333
2012-04-06 17:29:04,4251,1,21.5415914546,-4.31904773884
2012-04-06 17:29:05,4252,1,16.7096717589,-4.83191969568
2012-04-06 17:29:06,4253,1,12.1913682344,-4.51830352455
2012-04-06 17:29:07,4254,1,8.96480588318,-3.22656235119
2012-04-06 17:29:08,4255,1,7.68147271949,-1.28333316369
2012-04-06 17:29:09,4256,1,8.29642817188,0.614955452381
2012-04-06 17:29:10,4257,1,10.0965025722,1.8000744003
2012-04-06 17:29:11,4258,1,12.1390620432,2.04255947098
2012-04-06 17:29:12,4259,1,13.7037941518,1.56473210863
2012-04-06 17:29:13,4260,1,14.3910709293,0.68727677753
2012-04-06 17:29:14,4261,1,14.0635411362,-0.327529793155
2012-04-06 17:29:15,4262,1,12.8958327128,-1.16770842336
2012-04-06 17:29:16,4263,1,11.3382432909,-1.55758942187
2012-04-06 17:29:17,4264,1,9.86874911458,-1.46949417634
2012-04-06 17:29:18,4265,1,8.75364489807,-1.11510421652
2012-04-06 17:29:19,4266,1,7.97440387946,-0.779241018601
2012-04-06 17:29:20,4267,1,7.32306468229,-0.651339197173
2012-04-06 17:29:21,4268,1,6.56659150967,-0.756473172619
2012-04-06 17:29:22,4269,1,5.51830282068,-1.04828868899
2012-04-06 17:29:23,4270,1,4.08563918601,-1.43266363467
2012-04-06 17:29:24,4271,1,2.47589233929,-1.60974684673
2012-04-06 17:29:25,4272,1,0.0,-2.47589233929
2012-04-06 18:52:00,9227,4955,0.0,0.0
2012-04-06 18:52:01,9228,1,1.85509637723,1.85509637723
2012-04-06 18:52:02,9229,1,2.83258868006,0.977492302827
2012-04-06 18:52:03,9230,1,3.45063159821,0.618042918155
2012-04-06 18:52:04,9231,1,3.59516271354,0.144531115327
2012-04-06 18:52:05,9232,1,3.46975344494,-0.125409268601
2012-04-06 18:52:06,9233,1,3.29761803348,-0.172135411458
2012-04-06 18:52:07,9234,1,3.24196331324,-0.0556547202381
2012-04-06 18:52:08,9235,1,3.4266360253,0.184672712054
2012-04-06 18:52:09,9236,1,3.89527455283,0.46863852753
2012-04-06 18:52:10,9237,1,4.5840023564,0.688727803571
2012-04-06 18:52:11,9238,1,5.36744735268,0.78344499628
2012-04-06 18:52:12,9239,1,6.12499941592,0.757552063244
2012-04-06 18:52:13,9240,1,6.78999193527,0.664992519345
2012-04-06 18:52:14,9241,1,7.33898746429,0.548995529018
2012-04-06 18:52:15,9242,1,7.73199345238,0.393005988095
2012-04-06 18:52:16,9243,1,7.91480601339,0.182812561012
2012-04-06 18:52:17,9244,1,7.88831798512,-0.0264880282738
2012-04-06 18:52:18,9245,1,7.72514839955,-0.163169585565
2012-04-06 18:52:19,9246,1,7.51123475223,-0.213913647321
2012-04-06 18:52:20,9247,1,7.28117525967,-0.23005949256
2012-04-06 18:52:21,9248,1,6.9921127686,-0.289062491071
2012-04-06 18:52:22,9249,1,6.56316930283,-0.428943465774
2012-04-06 18:52:23,9250,1,5.96123477976,-0.601934523065
2012-04-06 18:52:24,9251,1,5.25974672768,-0.701488052083
2012-04-06 18:52:25,9252,1,4.61495514062,-0.644791587054
2012-04-06 18:52:26,9253,1,4.12790166815,-0.48705347247
2012-04-06 18:52:27,9254,1,3.67358627976,-0.454315388393
2012-04-06 18:52:28,9255,1,2.96622025372,-0.707366026042
2012-04-06 18:52:29,9256,1,1.96279763504,-1.00342261868
2012-04-06 18:52:30,9257,1,0.0,-1.96279763504
2012-04-06 18:52:43,9270,13,0.0,0.0
2012-04-06 18:52:44,9271,1,2.42202349107,2.42202349107
2012-04-06 18:52:45,9272,1,4.18087747098,1.75885397991
2012-04-06 18:52:46,9273,1,5.91964223884,1.73876476786
2012-04-06 18:52:47,9274,1,7.33891307068,1.41927083185
2012-04-06 18:52:48,9275,1,8.45706790699,1.11815483631
2012-04-06 18:52:49,9276,1,9.41889835231,0.961830445313
2012-04-06 18:52:50,9277,1,10.3389132872,0.920014934896
2012-04-06 18:52:51,9278,1,11.2567704211,0.917857133929
2012-04-06 18:52:52,9279,1,12.1872019144,0.930431493303
2012-04-06 18:52:53,9280,1,13.1465768787,0.959374964286
2012-04-06 18:52:54,9281,1,14.1284965558,0.981919677083
2012-04-06 18:52:55,9282,1,15.1123508192,0.983854263393
2012-04-06 18:52:56,9283,1,16.0895086488,0.977157829613
2012-04-06 18:52:57,9284,1,17.0533479412,0.963839292411
2012-04-06 18:52:58,9285,1,17.9895829643,0.936235023065
2012-04-06 18:52:59,9286,1,18.8902524702,0.900669505952
2012-04-06 18:53:00,9287,1,19.7654755952,0.875223125
2012-04-06 18:53:01,9288,1,20.638913096,0.873437500744
2012-04-06 18:53:02,9289,1,21.526338744,0.887425648065
2012-04-06 18:53:03,9290,1,22.4173358088,0.890997064732
2012-04-06 18:53:04,9291,1,23.2798358199,0.862500011161
2012-04-06 18:53:05,9292,1,24.0712792626,0.791443442708
2012-04-06 18:53:06,9293,1,24.7418149427,0.670535680059
2012-04-06 18:53:07,9294,1,25.2420381071,0.500223164435
2012-04-06 18:53:08,9295,1,25.5515618735,0.309523766369
2012-04-06 18:53:09,9296,1,25.7183029033,0.166741029762
2012-04-06 18:53:10,9297,1,25.8526778497,0.134374946429
2012-04-06 18:53:11,9298,1,26.043451619,0.190773769345
2012-04-06 18:53:12,9299,1,26.2709814092,0.227529790179
2012-04-06 18:53:13,9300,1,26.4175589271,0.146577517857
2012-04-06 18:53:14,9301,1,26.3624996265,-0.0550593005952
2012-04-06 18:53:15,9302,1,26.0709819881,-0.291517638393
2012-04-06 18:53:16,9303,1,25.6069940231,-0.46398796503
2012-04-06 18:53:17,9304,1,25.0709077507,-0.536086272322
2012-04-06 18:53:18,9305,1,24.5338541763,-0.537053574405
2012-04-06 18:53:19,9306,1,24.0251488177,-0.508705358631
2012-04-06 18:53:20,9307,1,23.5491815521,-0.475967265625
2012-04-06 18:53:21,9308,1,23.0877975833,-0.46138396875
2012-04-06 18:53:22,9309,1,22.5674105893,-0.520386994048
2012-04-06 18:53:23,9310,1,21.8032735885,-0.764137000744
2012-04-06 18:53:24,9311,1,20.507365811,-1.29590777753
2012-04-06 18:53:25,9312,1,18.4686009762,-2.03876483482
2012-04-06 18:53:26,9313,1,15.8396576176,-2.62894335863
2012-04-06 18:53:27,9314,1,13.2375743333,-2.60208328423
2012-04-06 18:53:28,9315,1,11.4626486905,-1.77492564286
2012-04-06 18:53:29,9316,1,11.0252974129,-0.43735127753
2012-04-06 18:53:30,9317,1,11.8639134412,0.838616028274
2012-04-06 18:53:31,9318,1,13.465550343,1.60163690179
2012-04-06 18:53:32,9319,1,15.2599699539,1.79441961086
2012-04-06 18:53:33,9320,1,16.924999625,1.66502967113
2012-04-06 18:53:34,9321,1,18.3927822656,1.46778264062
2012-04-06 18:53:35,9322,1,19.6954608043,1.30267853869
2012-04-06 18:53:36,9323,1,20.8604906064,1.16502980208
2012-04-06 18:53:37,9324,1,21.8970977984,1.03660719196
2012-04-06 18:53:38,9325,1,22.8126483996,0.91555060119
2012-04-06 18:53:39,9326,1,23.6083329152,0.795684515625
2012-04-06 18:53:40,9327,1,24.2697912634,0.661458348214
2012-04-06 18:53:41,9328,1,24.7908478043,0.521056540923
2012-04-06 18:53:42,9329,1,25.1975441473,0.406696343006
2012-04-06 18:53:43,9330,1,25.525966631,0.328422483631
2012-04-06 18:53:44,9331,1,25.7875736778,0.261607046875
2012-04-06 18:53:45,9332,1,25.9711302307,0.183556552827
2012-04-06 18:53:46,9333,1,26.0734368631,0.10230663244
2012-04-06 18:53:47,9334,1,26.1197911235,0.0463542604167
2012-04-06 18:53:48,9335,1,26.1366066778,0.0168155543155
2012-04-06 18:53:49,9336,1,26.0738091577,-0.0627975200893
2012-04-06 18:53:50,9337,1,25.7424848817,-0.331324276042
2012-04-06 18:53:51,9338,1,24.8506694926,-0.891815389137
2012-04-06 18:53:52,9339,1,23.1476188579,-1.70305063467
2012-04-06 18:53:53,9340,1,20.6060264457,-2.5415924122
2012-04-06 18:53:54,9341,1,17.5212792857,-3.08474715997
2012-04-06 18:53:55,9342,1,14.4080352329,-3.11324405283
2012-04-06 18:53:56,9343,1,11.7267853683,-2.68124986458
2012-04-06 18:53:57,9344,1,9.66413674405,-2.06264862426
2012-04-06 18:53:58,9345,1,8.14479163542,-1.51934510863
2012-04-06 18:53:59,9346,1,7.01703870313,-1.12775293229
2012-04-06 18:54:00,9347,1,6.20119049256,-0.815848210565
2012-04-06 18:54:01,9348,1,5.67142858408,-0.529761908482
2012-04-06 18:54:02,9349,1,5.35989580208,-0.311532781994
2012-04-06 18:54:03,9350,1,5.14241055357,-0.217485248512
2012-04-06 18:54:04,9351,1,4.92031215402,-0.222098399554
2012-04-06 18:54:05,9352,1,4.68787154241,-0.232440611607
2012-04-06 18:54:06,9353,1,4.50781202381,-0.180059518601
2012-04-06 18:54:07,9354,1,4.43660680283,-0.0712052209821
2012-04-06 18:54:08,9355,1,4.48474683557,0.0481400327381
2012-04-06 18:54:09,9356,1,4.62827366443,0.143526828869
2012-04-06 18:54:10,9357,1,4.83556523512,0.207291570685
2012-04-06 18:54:11,9358,1,5.0755204189,0.23995518378
2012-04-06 18:54:12,9359,1,5.29932979315,0.223809374256
2012-04-06 18:54:13,9360,1,5.4220976131,0.12276781994
2012-04-06 18:54:14,9361,1,5.34278222396,-0.0793153891369
2012-04-06 18:54:15,9362,1,5.01175557515,-0.33102664881
2012-04-06 18:54:16,9363,1,4.45744019866,-0.554315376488
2012-04-06 18:54:17,9364,1,3.70066940327,-0.756770795387
2012-04-06 18:54:18,9365,1,2.72380930729,-0.976860095982
2012-04-06 18:54:19,9366,1,1.66034209747,-1.06346720982
2012-04-06 18:54:20,9367,1,0.0,-1.66034209747
2012-04-06 18:58:05,9592,225,0.0,0.0
2012-04-06 18:58:06,9593,1,2.07819903571,2.07819903571
2012-04-06 18:58:07,9594,1,3.44873457366,1.37053553795
2012-04-06 18:58:08,9595,1,4.71629404464,1.26755947098
2012-04-06 18:58:09,9596,1,5.7708328192,1.05453877455
2012-04-06 18:58:10,9597,1,6.73563950372,0.964806684524
2012-04-06 18:58:11,9598,1,7.68110091146,0.945461407738
2012-04-06 18:58:12,9599,1,8.54211284449,0.861011933036
2012-04-06 18:58:13,9600,1,9.19218724926,0.650074404762
2012-04-06 18:58:14,9601,1,9.50409204911,0.311904799851
2012-04-06 18:58:15,9602,1,9.34821416369,-0.155877885417
2012-04-06 18:58:16,9603,1,8.61123509152,-0.736979072173
2012-04-06 18:58:17,9604,1,7.33869049182,-1.2725445997
2012-04-06 18:58:18,9605,1,5.90119045164,-1.43750004018
2012-04-06 18:58:19,9606,1,4.90528258036,-0.99590787128
2012-04-06 18:58:20,9607,1,4.801785375,-0.103497205357
2012-04-06 18:58:21,9608,1,5.52752928497,0.72574390997
2012-04-06 18:58:22,9609,1,6.51711258333,0.989583298363
2012-04-06 18:58:23,9610,1,7.07269298735,0.555580404018
2012-04-06 18:58:24,9611,1,6.80922578125,-0.263467206101
2012-04-06 18:58:25,9612,1,5.88593709301,-0.923288688244
2012-04-06 18:58:26,9613,1,4.88169596801,-1.004241125
2012-04-06 18:58:27,9614,1,4.39791613393,-0.483779834077
2012-04-06 18:58:28,9615,1,4.67715714137,0.27924100744
2012-04-06 18:58:29,9616,1,5.49985055283,0.822693411458
2012-04-06 18:58:30,9617,1,6.40654698884,0.906696436012
2012-04-06 18:58:31,9618,1,7.07708277679,0.670535787946
2012-04-06 18:58:32,9619,1,7.54694895312,0.469866176339
2012-04-06 18:58:33,9620,1,8.06212760045,0.515178647321
2012-04-06 18:58:34,9621,1,8.77455323661,0.712425636161
2012-04-06 18:58:35,9622,1,9.59940447247,0.824851235863
2012-04-06 18:58:36,9623,1,10.2508926436,0.651488171131
2012-04-06 18:58:37,9624,1,10.3508183408,0.0999256971726
2012-04-06 18:58:38,9625,1,9.64114580357,-0.709672537202
2012-04-06 18:58:39,9626,1,8.23526782589,-1.40587797768
2012-04-06 18:58:40,9627,1,6.66398797693,-1.57127984896
2012-04-06 18:58:41,9628,1,5.61674085342,-1.04724712351
2012-04-06 18:58:42,9629,1,5.54263367336,-0.0741071800595
2012-04-06 18:58:43,9630,1,6.40364561682,0.861011943452
2012-04-06 18:58:44,9631,1,7.7847468631,1.38110124628
2012-04-06 18:58:45,9632,1,9.22284210268,1.43809523958
2012-04-06 18:58:46,9633,1,10.4177825283,1.1949404256
2012-04-06 18:58:47,9634,1,11.2314729635,0.813690435268
2012-04-06 18:58:48,9635,1,11.6336306972,0.402157733631
2012-04-06 18:58:49,9636,1,11.6869045134,0.0532738162203
2012-04-06 18:58:50,9637,1,11.524702131,-0.16220238244
2012-04-06 18:58:51,9638,1,11.2837051042,-0.240997026786
2012-04-06 18:58:52,9639,1,11.0293896324,-0.254315471726
2012-04-06 18:58:53,9640,1,10.722544401,-0.306845231399
2012-04-06 18:58:54,9641,1,10.2301336763,-0.492410724702
2012-04-06 18:58:55,9642,1,9.37418125446,-0.855952421875
2012-04-06 18:58:56,9643,1,8.04977644792,-1.32440480655
2012-04-06 18:58:57,9644,1,6.41071394866,-1.63906249926
2012-04-06 18:58:58,9645,1,4.93329584115,-1.47741810751
2012-04-06 18:58:59,9646,1,4.12075867857,-0.812537162574
2012-04-06 18:59:00,9647,1,4.02031224033,-0.100446438244
2012-04-06 18:59:01,9648,1,4.08526755283,0.0649553125
2012-04-06 18:59:02,9649,1,3.6240324189,-0.461235133929
2012-04-06 18:59:03,9650,1,2.52246997991,-1.10156243899
2012-04-06 18:59:04,9651,1,0.0,-2.52246997991
2012-04-06 19:00:09,9716,65,0.0,0.0
2012-04-06 19:00:10,9717,1,3.42942676897,3.42942676897
2012-04-06 19:00:11,9718,1,5.89307995238,2.46365318341
2012-04-06 19:00:12,9719,1,8.34523768676,2.45215773438
2012-04-06 19:00:13,9720,1,10.3778270045,2.03258931771
2012-04-06 19:00:14,9721,1,11.9569936719,1.57916666741
2012-04-06 19:00:15,9722,1,13.1797614955,1.22276782366
2012-04-06 19:00:16,9723,1,14.1485858795,0.968824383929
2012-04-06 19:00:17,9724,1,14.9559519732,0.80736609375
2012-04-06 19:00:18,9725,1,15.6620532039,0.706101230655
2012-04-06 19:00:19,9726,1,16.2538686815,0.591815477679
2012-04-06 19:00:20,9727,1,16.6537197924,0.399851110863
2012-04-06 19:00:21,9728,1,16.7998506004,0.146130808036
2012-04-06 19:00:22,9729,1,16.7226927321,-0.0771578683035
2012-04-06 19:00:23,9730,1,16.5194932805,-0.203199451637
2012-04-06 19:00:24,9731,1,16.2669635618,-0.25252971875
2012-04-06 19:00:25,9732,1,15.9812493698,-0.285714191964
2012-04-06 19:00:26,9733,1,15.6406244665,-0.340624903274
2012-04-06 19:00:27,9734,1,15.2255947827,-0.41502968378
2012-04-06 19:00:28,9735,1,14.7152525707,-0.510342212054
2012-04-06 19:00:29,9736,1,14.0047614955,-0.710491075149
2012-04-06 19:00:30,9737,1,12.8653269159,-1.13943457961
2012-04-06 19:00:31,9738,1,11.1343744881,-1.73095242783
2012-04-06 19:00:32,9739,1,9.02767809449,-2.1066963936
2012-04-06 19:00:33,9740,1,7.16770799405,-1.85997010045
2012-04-06 19:00:34,9741,1,6.18608615179,-0.981621842262
2012-04-06 19:00:35,9742,1,6.26309521503,0.0770090632441
2012-04-06 19:00:36,9743,1,7.02596728423,0.762872069196
2012-04-06 19:00:37,9744,1,7.87901783557,0.853050551339
2012-04-06 19:00:38,9745,1,8.4524552061,0.573437370536
2012-04-06 19:00:39,9746,1,8.75357109524,0.301115889137
2012-04-06 19:00:40,9747,1,8.97313937351,0.219568278274
2012-04-06 19:00:41,9748,1,9.26912138467,0.295982011161
2012-04-06 19:00:42,9749,1,9.71554986756,0.446428482887
2012-04-06 19:00:43,9750,1,10.3187492329,0.603199365327
2012-04-06 19:00:44,9751,1,11.0162195097,0.697470276786
2012-04-06 19:00:45,9752,1,11.7069190521,0.690699542411
2012-04-06 19:00:46,9753,1,12.3161454308,0.60922637872
2012-04-06 19:00:47,9754,1,12.8136157976,0.497470366815
2012-04-06 19:00:48,9755,1,13.181398535,0.367782737351
2012-04-06 19:00:49,9756,1,13.3816960603,0.200297525298
2012-04-06 19:00:50,9757,1,13.3210560848,-0.0606399754465
2012-04-06 19:00:51,9758,1,12.830951875,-0.490104209821
2012-04-06 19:00:52,9759,1,11.7296869866,-1.10126488839
2012-04-06 19:00:53,9760,1,9.97328818304,-1.75639880357
2012-04-06 19:00:54,9761,1,7.80438941146,-2.16889877158
2012-04-06 19:00:55,9762,1,5.74062462574,-2.06376478571
2012-04-06 19:00:56,9763,1,4.31659201637,-1.42403260937
2012-04-06 19:00:57,9764,1,3.74508913095,-0.571502885417
2012-04-06 19:00:58,9765,1,3.81339270312,0.0683035721726
2012-04-06 19:00:59,9766,1,4.1058033564,0.292410653274
2012-04-06 19:01:00,9767,1,4.31488069717,0.209077340774
2012-04-06 19:01:01,9768,1,4.39330335342,0.07842265625
2012-04-06 19:01:02,9769,1,4.47704939617,0.0837460427489
2012-04-06 19:01:03,9770,1,4.65041258516,0.173363188988
2012-04-06 19:01:04,9771,1,4.78766231906,0.137249733902
2012-04-06 19:01:05,9772,1,4.6685807569,-0.119081562162
2012-04-06 19:01:06,9773,1,4.21089654802,-0.457684208874
2012-04-06 19:01:07,9774,1,3.551947421,-0.658949127029
2012-04-06 19:01:08,9775,1,2.95029000304,-0.601657417952
2012-04-06 19:01:09,9776,1,2.59729339536,-0.352996607684
2012-04-06 19:01:10,9777,1,2.48359611939,-0.113697275974
2012-04-06 19:01:11,9778,1,2.47085938143,-0.0127367379599
2012-04-06 19:01:12,9779,1,2.46025332752,-0.0106060539096
2012-04-06 19:01:13,9780,1,2.43453633617,-0.025716991342
2012-04-06 19:01:14,9781,1,2.39677253078,-0.0377638053977
2012-04-06 19:01:15,9782,1,2.34869352347,-0.0480790073052
2012-04-06 19:01:16,9783,1,2.33350823038,-0.0151852930871
2012-04-06 19:01:17,9784,1,2.48951485187,0.156006621483
2012-04-06 19:01:18,9785,1,3.03845307156,0.548938219697
2012-04-06 19:01:19,9786,1,4.14267398471,1.10422091315
2012-04-06 19:01:20,9787,1,5.71557040009,1.57289641538
2012-04-06 19:01:21,9788,1,7.40601275609,1.69044235599
2012-04-06 19:01:22,9789,1,8.82116426826,1.41515151218
2012-04-06 19:01:23,9790,1,9.79408098478,0.972916716518
2012-04-06 19:01:24,9791,1,10.4524549881,0.658374003314
2012-04-06 19:01:25,9792,1,10.9803568189,0.527901830853
2012-04-06 19:01:26,9793,1,11.2695680851,0.289211266121
2012-04-06 19:01:27,9794,1,10.9010412113,-0.36852687376
2012-04-06 19:01:28,9795,1,9.56837745685,-1.33266375446
2012-04-06 19:01:29,9796,1,7.4659220811,-2.10245537574
2012-04-06 19:01:30,9797,1,5.23660661756,-2.22931546354
2012-04-06 19:01:31,9798,1,3.61160662847,-1.62499998909
2012-04-06 19:01:32,9799,1,3.04092208284,-0.570684545635
2012-04-06 19:01:33,9800,1,3.52685955432,0.485937471478
2012-04-06 19:01:34,9801,1,4.75148756771,1.22462801339
2012-04-06 19:01:35,9802,1,6.31190436235,1.56041679464
2012-04-06 19:01:36,9803,1,7.86034202158,1.54843765923
2012-04-06 19:01:37,9804,1,9.19062485466,1.33028283309
2012-04-06 19:01:38,9805,1,10.2662944608,1.07566960615
2012-04-06 19:01:39,9806,1,11.1225443088,0.856249847966
2012-04-06 19:01:40,9807,1,11.755877471,0.633333162202
2012-04-06 19:01:41,9808,1,12.1288684457,0.372990974702
2012-04-06 19:01:42,9809,1,12.2438238021,0.114955356399
2012-04-06 19:01:43,9810,1,12.1740321905,-0.0697916116071
2012-04-06 19:01:44,9811,1,12.0199400045,-0.154092186012
2012-04-06 19:01:45,9812,1,11.8579609405,-0.161979063988
2012-04-06 19:01:46,9813,1,11.7338539226,-0.124107017857
2012-04-06 19:01:47,9814,1,11.6730653214,-0.0607886011904
2012-04-06 19:01:48,9815,1,11.6793153222,0.006250000744
2012-04-06 19:01:49,9816,1,11.7274551436,0.0481398214286
2012-04-06 19:01:50,9817,1,11.7427328874,0.0152777437996
2012-04-06 19:01:51,9818,1,11.5466267741,-0.196106113343
2012-04-06 19:01:52,9819,1,10.8586307969,-0.687995977183
2012-04-06 19:01:53,9820,1,9.49174088839,-1.36688990848
2012-04-06 19:01:54,9821,1,7.59680028348,-1.89494060491
2012-04-06 19:01:55,9822,1,5.67172574628,-1.9250745372
2012-04-06 19:01:56,9823,1,4.33938445437,-1.33234129191
2012-04-06 19:01:57,9824,1,4.01961770412,-0.319766750248
2012-04-06 19:01:58,9825,1,4.66480636607,0.645188661954
2012-04-06 19:01:59,9826,1,5.85342252827,1.1886161622
2012-04-06 19:02:00,9827,1,7.15245520089,1.29903267262
2012-04-06 19:02:01,9828,1,8.32418121503,1.17172601414
2012-04-06 19:02:02,9829,1,9.29704810243,0.972866887401
2012-04-06 19:02:03,9830,1,10.0388138827,0.741765780258
2012-04-06 19:02:04,9831,1,10.442186904,0.403373021329
2012-04-06 19:02:05,9832,1,10.3898060045,-0.0523808995536
2012-04-06 19:02:06,9833,1,9.93363044345,-0.456175561012
2012-04-06 19:02:07,9834,1,9.31138342932,-0.622247014137
2012-04-06 19:02:08,9835,1,8.77299061012,-0.538392819196
2012-04-06 19:02:09,9836,1,8.42313951116,-0.349851098958
2012-04-06 19:02:10,9837,1,8.22648781399,-0.196651697173
2012-04-06 19:02:11,9838,1,8.14508900595,-0.0813988080357
2012-04-06 19:02:12,9839,1,8.23229129167,0.0872022857143
2012-04-06 19:02:13,9840,1,8.57380904836,0.341517756696
2012-04-06 19:02:14,9841,1,9.16421084003,0.590401791667
2012-04-06 19:02:15,9842,1,9.84806513765,0.683854297619
2012-04-06 19:02:16,9843,1,10.368526596,0.520461458333
2012-04-06 19:02:17,9844,1,10.5084075878,0.139880991816
2012-04-06 19:02:18,9845,1,10.2354164278,-0.27299115997
2012-04-06 19:02:19,9846,1,9.73117522098,-0.504241206845
2012-04-06 19:02:20,9847,1,9.29121976339,-0.439955457589
2012-04-06 19:02:21,9848,1,9.16227628199,-0.128943481399
2012-04-06 19:02:22,9849,1,9.39851143824,0.23623515625
2012-04-06 19:02:23,9850,1,9.8505948244,0.452083386161
2012-04-06 19:02:24,9851,1,10.2995531622,0.448958337798
2012-04-06 19:02:25,9852,1,10.5992554955,0.299702333333
2012-04-06 19:02:26,9853,1,10.7293893802,0.130133884673
2012-04-06 19:02:27,9854,1,10.7581096109,0.0287202306548
2012-04-06 19:02:28,9855,1,10.767187,0.0090773891369
2012-04-06 19:02:29,9856,1,10.8104161629,0.0432291629464
2012-04-06 19:02:30,9857,1,10.8844737004,0.0740575374504
2012-04-06 19:02:31,9858,1,10.8474449774,-0.0370287229662
2012-04-06 19:02:32,9859,1,10.4017109487,-0.44573402877
2012-04-06 19:02:33,9860,1,9.30342231027,-1.09828863839
2012-04-06 19:02:34,9861,1,7.62812459301,-1.67529771726
2012-04-06 19:02:35,9862,1,5.81458270759,-1.81354188542
2012-04-06 19:02:36,9863,1,4.4980150568,-1.31656765079
2012-04-06 19:02:37,9864,1,4.2048850496,-0.293130007192
2012-04-06 19:02:38,9865,1,5.02797542336,0.82309037376
2012-04-06 19:02:39,9866,1,6.62187440997,1.59389898661
2012-04-06 19:02:40,9867,1,8.52574364881,1.90386923884
2012-04-06 19:02:41,9868,1,10.3827378266,1.85699417783
2012-04-06 19:02:42,9869,1,11.937524533,1.55478670635
2012-04-06 19:02:43,9870,1,12.9939480035,1.05642347049
2012-04-06 19:02:44,9871,1,13.4023059472,0.4083579437
2012-04-06 19:02:45,9872,1,13.1402522872,-0.26205365997
2012-04-06 19:02:46,9873,1,12.4409964301,-0.699255857143
2012-04-06 19:02:47,9874,1,11.7152525699,-0.725743860119
2012-04-06 19:02:48,9875,1,11.2653270685,-0.449925501488
2012-04-06 19:02:49,9876,1,11.1323656652,-0.132961403274
2012-04-06 19:02:50,9877,1,11.226338692,0.0939730267857
2012-04-06 19:02:51,9878,1,11.5012641935,0.274925501488
2012-04-06 19:02:52,9879,1,11.9499250015,0.448660808036
2012-04-06 19:02:53,9880,1,12.5015620937,0.551637092262
2012-04-06 19:02:54,9881,1,13.0027526652,0.501190571429
2012-04-06 19:02:55,9882,1,13.2994787671,0.296726101935
2012-04-06 19:02:56,9883,1,13.3338535774,0.0343748102679
2012-04-06 19:02:57,9884,1,13.1678564182,-0.165997159226
2012-04-06 19:02:58,9885,1,12.9093742731,-0.258482145089
2012-04-06 19:02:59,9886,1,12.6329606726,-0.276413600447
2012-04-06 19:03:00,9887,1,12.3802822016,-0.252678470982
2012-04-06 19:03:01,9888,1,12.1913685871,-0.188913614583
2012-04-06 19:03:02,9889,1,12.0956097158,-0.0957588712798
2012-04-06 19:03:03,9890,1,12.0860115357,-0.0095981800595
2012-04-06 19:03:04,9891,1,12.1244787924,0.0384672566964
2012-04-06 19:03:05,9892,1,12.1692704256,0.0447916331845
2012-04-06 19:03:06,9893,1,12.1938983862,0.0246279605655
2012-04-06 19:03:07,9894,1,12.1891365,-0.0047618861607
2012-04-06 19:03:08,9895,1,12.1520829234,-0.0370535766369
2012-04-06 19:03:09,9896,1,12.0748506949,-0.0772322284226
2012-04-06 19:03:10,9897,1,11.95595175,-0.11889894494
2012-04-06 19:03:11,9898,1,11.8300587969,-0.125892953125
2012-04-06 19:03:12,9899,1,11.7706093973,-0.0594493995536
2012-04-06 19:03:13,9900,1,11.8478416265,0.0772322291667
2012-04-06 19:03:14,9901,1,12.0870530365,0.23921140997
2012-04-06 19:03:15,9902,1,12.4619787113,0.374925674851
2012-04-06 19:03:16,9903,1,12.9164430469,0.454464335565
2012-04-06 19:03:17,9904,1,13.3868299494,0.47038690253
2012-04-06 19:03:18,9905,1,13.7610114464,0.374181497024
2012-04-06 19:03:19,9906,1,13.7899548512,0.0289434047619
2012-04-06 19:03:20,9907,1,13.1592256845,-0.630729166667
2012-04-06 19:03:21,9908,1,11.7763388259,-1.38288685863
2012-04-06 19:03:22,9909,1,9.92860821503,-1.84773061086
2012-04-06 19:03:23,9910,1,8.06847056399,-1.86013765104
2012-04-06 19:03:24,9911,1,6.4789058192,-1.58956474479
2012-04-06 19:03:25,9912,1,5.1737905439,-1.3051152753
2012-04-06 19:03:26,9913,1,4.0687125439,-1.105078
2012-04-06 19:03:27,9914,1,3.19194557068,-0.876766973214
2012-04-06 19:03:28,9915,1,2.71893598735,-0.473009583333
2012-04-06 19:03:29,9916,1,2.83497020833,0.116034220982
2012-04-06 19:03:30,9917,1,3.57860851414,0.743638305804
2012-04-06 19:03:31,9918,1,4.78067315179,1.20206463765
2012-04-06 19:03:32,9919,1,6.12466492932,1.34399177753
2012-04-06 19:03:33,9920,1,7.29272669048,1.16806176116
2012-04-06 19:03:34,9921,1,8.14118276116,0.848456070685
2012-04-06 19:03:35,9922,1,8.79373098586,0.652548224702
2012-04-06 19:03:36,9923,1,9.50881632515,0.715085339286
2012-04-06 19:03:37,9924,1,10.4139128698,0.905096544643
2012-04-06 19:03:38,9925,1,11.4083325141,0.994419644345
2012-04-06 19:03:39,9926,1,12.2894338914,0.881101377232
2012-04-06 19:03:40,9927,1,12.862201974,0.572768082589
2012-04-06 19:03:41,9928,1,12.9076633869,0.0454614129465
2012-04-06 19:03:42,9929,1,12.1682288021,-0.739434584821
2012-04-06 19:03:43,9930,1,10.5360113988,-1.63221740327
2012-04-06 19:03:44,9931,1,8.30662142411,-2.2293899747
2012-04-06 19:03:45,9932,1,6.1433774122,-2.1632440119
2012-04-06 19:03:46,9933,1,4.69107101414,-1.45230639807
2012-04-06 19:03:47,9934,1,4.17782713988,-0.513243874256
2012-04-06 19:03:48,9935,1,4.34494033259,0.167113192708
2012-04-06 19:03:49,9936,1,4.7209819628,0.376041630208
2012-04-06 19:03:50,9937,1,4.94449372024,0.22351175744
2012-04-06 19:03:51,9938,1,4.8709816436,-0.0735120766369
2012-04-06 19:03:52,9939,1,4.50743984673,-0.363541796875
2012-04-06 19:03:53,9940,1,3.96019273586,-0.547247110863
2012-04-06 19:03:54,9941,1,3.42514800967,-0.53504472619
2012-04-06 19:03:55,9942,1,3.07172529613,-0.353422713542
2012-04-06 19:03:56,9943,1,2.82365978571,-0.248065510417
2012-04-06 19:03:57,9944,1,2.37730574554,-0.446354040179
2012-04-06 19:03:58,9945,1,1.63095185045,-0.746353895089
2012-04-06 19:03:59,9946,1,0.0,-1.63095185045
2012-04-06 19:04:19,9966,20,0.0,0.0
2012-04-06 19:04:20,9967,1,2.29635401562,2.29635401562
2012-04-06 19:04:21,9968,1,3.64084801339,1.34449399777
2012-04-06 19:04:22,9969,1,4.48891341964,0.84806540625
2012-04-06 19:04:23,9970,1,4.43816927827,-0.0507441413691
2012-04-06 19:04:24,9971,1,3.53102637054,-0.907142907738
2012-04-06 19:04:25,9972,1,2.18995500521,-1.34107136533
2012-04-06 19:04:26,9973,1,0.0,-2.18995500521
2012-04-06 19:07:58,10185,212,0.0,0.0
2012-04-06 19:07:59,10186,1,0.999553041667,0.999553041667
2012-04-06 19:08:00,10187,1,1.49181467039,0.49226162872
2012-04-06 19:08:01,10188,1,1.80104069271,0.309226022321
2012-04-06 19:08:02,10189,1,1.90237997098,0.101339278274
2012-04-06 19:08:03,10190,1,2.00706759673,0.104687625744
2012-04-06 19:08:04,10191,1,2.369791,0.362723403274
2012-04-06 19:08:05,10192,1,3.17618998884,0.806398988839
2012-04-06 19:08:06,10193,1,4.44947880208,1.27328881324
2012-04-06 19:08:07,10194,1,6.00223182366,1.55275302158
2012-04-06 19:08:08,10195,1,7.5331097939,1.53087797024
2012-04-06 19:08:09,10196,1,8.80996991146,1.27686011756
2012-04-06 19:08:10,10197,1,9.77373479167,0.963764880208
2012-04-06 19:08:11,10198,1,10.4722466481,0.698511856399
2012-04-06 19:08:12,10199,1,10.9003715677,0.428124919643
2012-04-06 19:08:13,10200,1,10.9192703289,0.0188987611607
2012-04-06 19:08:14,10201,1,10.3287941399,-0.590476188988
2012-04-06 19:08:15,10202,1,9.05647272024,-1.27232141964
2012-04-06 19:08:16,10203,1,7.34114529911,-1.71532742113
2012-04-06 19:08:17,10204,1,5.68861543676,-1.65252986235
2012-04-06 19:08:18,10205,1,4.5626480811,-1.12596735565
2012-04-06 19:08:19,10206,1,4.09226118006,-0.470386901042
2012-04-06 19:08:20,10207,1,4.04352618452,-0.0487349955357
2012-04-06 19:08:21,10208,1,4.05052041518,0.00699423065476
2012-04-06 19:08:22,10209,1,3.8983628497,-0.152157565476
2012-04-06 19:08:23,10210,1,3.60133917485,-0.297023674851
2012-04-06 19:08:24,10211,1,3.25022319494,-0.351115979911
2012-04-06 19:08:25,10212,1,2.89494049479,-0.355282700149
2012-04-06 19:08:26,10213,1,2.63415176786,-0.260788726935
2012-04-06 19:08:27,10214,1,2.7076635372,0.0735117693452
2012-04-06 19:08:28,10215,1,3.35870498214,0.65104144494
2012-04-06 19:08:29,10216,1,4.60535653943,1.24665155729
2012-04-06 19:08:30,10217,1,6.18348140327,1.57812486384
2012-04-06 19:08:31,10218,1,7.70342188616,1.51994048289
2012-04-06 19:08:32,10219,1,8.90982082589,1.20639893973
2012-04-06 19:08:33,10220,1,9.86019303423,0.950372208333
2012-04-06 19:08:34,10221,1,10.8480652321,0.987872197917
2012-04-06 19:08:35,10222,1,12.1308034658,1.28273823363
2012-04-06 19:08:36,10223,1,13.7198660484,1.58906258259
2012-04-06 19:08:37,10224,1,15.3934523512,1.67358630283
2012-04-06 19:08:38,10225,1,16.8779760722,1.48452372098
2012-04-06 19:08:39,10226,1,18.0301337091,1.1521576369
2012-04-06 19:08:40,10227,1,18.8699402143,0.839806505208
2012-04-06 19:08:41,10228,1,19.4499253743,0.57998515997
2012-04-06 19:08:42,10229,1,19.7186754717,0.26875009747
2012-04-06 19:08:43,10230,1,19.5569196138,-0.161755857887
2012-04-06 19:08:44,10231,1,18.9358631057,-0.621056508185
2012-04-06 19:08:45,10232,1,17.9771577158,-0.958705389881
2012-04-06 19:08:46,10233,1,16.8572915476,-1.11986616815
2012-04-06 19:08:47,10234,1,15.6849699814,-1.17232156622
2012-04-06 19:08:48,10235,1,14.4401037813,-1.24486620015
2012-04-06 19:08:49,10236,1,13.0070828994,-1.43302088185
2012-04-06 19:08:50,10237,1,11.2867034938,-1.72037940558
2012-04-06 19:08:51,10238,1,9.29575864658,-1.99094484725
2012-04-06 19:08:52,10239,1,7.20765598147,-2.0881026651
2012-04-06 19:08:53,10240,1,5.32075854539,-1.88689743609
2012-04-06 19:08:54,10241,1,3.91863037917,-1.40212816622
2012-04-06 19:08:55,10242,1,3.10748438869,-0.811145990476
2012-04-06 19:08:56,10243,1,2.78140547463,-0.326078914063
2012-04-06 19:08:57,10244,1,2.72230583274,-0.0590996418899
2012-04-06 19:08:58,10245,1,2.73911397418,0.0168081414434
2012-04-06 19:08:59,10246,1,2.74598164137,0.0068676671875
2012-04-06 19:09:00,10247,1,2.73506656525,-0.0109150761161
2012-04-06 19:09:01,10248,1,2.71921101324,-0.0158555520089
2012-04-06 19:09:02,10249,1,2.72395070097,0.00473968772321
2012-04-06 19:09:03,10250,1,2.79318442158,0.0692337206101
2012-04-06 19:09:04,10251,1,2.96142849658,0.168244075
2012-04-06 19:09:05,10252,1,3.22165162128,0.260223124702
2012-04-06 19:09:06,10253,1,3.52359337269,0.301941751414
2012-04-06 19:09:07,10254,1,3.79977614583,0.27618277314
2012-04-06 19:09:08,10255,1,4.00250662076,0.202730474926
2012-04-06 19:09:09,10256,1,4.13063906339,0.128132442634
2012-04-06 19:09:10,10257,1,4.24434456473,0.113705501339
2012-04-06 19:09:11,10258,1,4.46339232589,0.219047761161
2012-04-06 19:09:12,10259,1,4.89367510417,0.430282778274
2012-04-06 19:09:13,10260,1,5.4800341808,0.586359076637
2012-04-06 19:09:14,10261,1,5.9366685532,0.456634372396
2012-04-06 19:09:15,10262,1,5.90617504018,-0.0304935130208
2012-04-06 19:09:16,10263,1,5.25522031287,-0.650954727307
2012-04-06 19:09:17,10264,1,4.21222690551,-1.04299340737
2012-04-06 19:09:18,10265,1,3.19888372842,-1.01334317708
2012-04-06 19:09:19,10266,1,2.5225940253,-0.676289703125
2012-04-06 19:09:20,10267,1,2.2042655372,-0.318328488095
2012-04-06 19:09:21,10268,1,2.07797569122,-0.126289845982
2012-04-06 19:09:22,10269,1,2.04461742113,-0.0333582700893
2012-04-06 19:09:23,10270,1,2.20515804092,0.160540619792
2012-04-06 19:09:24,10271,1,2.74836243155,0.543204390625
2012-04-06 19:09:25,10272,1,3.73062936607,0.982266934524
2012-04-06 19:09:26,10273,1,4.95638587835,1.22575651228
2012-04-06 19:09:27,10274,1,6.04754413839,1.09115826004
2012-04-06 19:09:28,10275,1,6.62769047135,0.580146332961
2012-04-06 19:09:29,10276,1,6.4975689747,-0.130121496652
2012-04-06 19:09:30,10277,1,5.734077,-0.763491974702
2012-04-06 19:09:31,10278,1,4.65528248958,-1.07879451042
2012-04-06 19:09:32,10279,1,3.6502975067,-1.00498498289
2012-04-06 19:09:33,10280,1,3.01004461979,-0.640252886905
2012-04-06 19:09:34,10281,1,2.85811009747,-0.151934522321
2012-04-06 19:09:35,10282,1,3.15483620238,0.296726104911
2012-04-06 19:09:36,10283,1,3.74732117783,0.592484975446
2012-04-06 19:09:37,10284,1,4.41770791071,0.670386732887
2012-04-06 19:09:38,10285,1,4.90357086161,0.485862950893
2012-04-06 19:09:39,10286,1,4.99352617783,0.0899553162202
2012-04-06 19:09:40,10287,1,4.6859369814,-0.307589196429
2012-04-06 19:09:41,10288,1,4.19694906473,-0.488987916667
2012-04-06 19:09:42,10289,1,3.78013378274,-0.416815281994
2012-04-06 19:09:43,10290,1,3.55662200521,-0.22351177753
2012-04-06 19:09:44,10291,1,3.49367557515,-0.0629464300595
2012-04-06 19:09:45,10292,1,3.51078853943,0.0171129642857
2012-04-06 19:09:46,10293,1,3.56882406696,0.0580355275298
2012-04-06 19:09:47,10294,1,3.6249251183,0.0561010513393
2012-04-06 19:09:48,10295,1,3.5796869881,-0.0452381302083
2012-04-06 19:09:49,10296,1,3.40096679539,-0.178720192708
2012-04-06 19:09:50,10297,1,3.26225156721,-0.138715228175
2012-04-06 19:09:51,10298,1,3.38670593428,0.124454367063
2012-04-06 19:09:52,10299,1,3.74345195759,0.356746023313
2012-04-06 19:09:53,10300,1,4.02224664435,0.278794686756
2012-04-06 19:09:54,10301,1,3.9148062381,-0.10744040625
2012-04-06 19:09:55,10302,1,3.42745504985,-0.487351188244
2012-04-06 19:09:56,10303,1,2.97750454266,-0.449950507192
2012-04-06 19:09:57,10304,1,3.09518790823,0.117683365575
2012-04-06 19:09:58,10305,1,3.99322846577,0.89804055754
2012-04-06 19:09:59,10306,1,5.52336239509,1.53013392932
2012-04-06 19:10:00,10307,1,7.44241013318,1.9190477381
2012-04-06 19:10:01,10308,1,9.56465733185,2.12224719866
2012-04-06 19:10:02,10309,1,11.7493796818,2.18472234995
2012-04-06 19:10:03,10310,1,13.8476435756,2.09826389385
2012-04-06 19:10:04,10311,1,15.6721722455,1.82452866989
2012-04-06 19:10:05,10312,1,17.0555798802,1.38340763467
2012-04-06 19:10:06,10313,1,17.947767381,0.892187500744
2012-04-06 19:10:07,10314,1,18.4186008475,0.470833466518
2012-04-06 19:10:08,10315,1,18.5648063936,0.146205546131
2012-04-06 19:10:09,10316,1,18.4437499747,-0.121056418899
2012-04-06 19:10:10,10317,1,18.0875743869,-0.356175587798
2012-04-06 19:10:11,10318,1,17.5214284591,-0.566145927827
2012-04-06 19:10:12,10319,1,16.7021574829,-0.81927097619
2012-04-06 19:10:13,10320,1,15.4340769955,-1.26808048735
2012-04-06 19:10:14,10321,1,13.4717257567,-1.96235123884
2012-04-06 19:10:15,10322,1,10.8825889115,-2.58913684524
2012-04-06 19:10:16,10323,1,8.33489555208,-2.54769335937
2012-04-06 19:10:17,10324,1,6.89635388988,-1.4385416622
2012-04-06 19:10:18,10325,1,7.39784185119,0.50148796131
2012-04-06 19:10:19,10326,1,9.87938927902,2.48154742783
2012-04-06 19:10:20,10327,1,13.6049100186,3.72552073958
2012-04-06 19:10:21,10328,1,17.6153267842,4.01041676562
2012-04-06 19:10:22,10329,1,21.2853418981,3.67001511384
2012-04-06 19:10:23,10330,1,24.4483629107,3.16302101265
2012-04-06 19:10:24,10331,1,27.1752973943,2.72693448363
2012-04-06 19:10:25,10332,1,29.5409965744,2.36569918006
2012-04-06 19:10:26,10333,1,31.5475439933,2.0065474189
2012-04-06 19:10:27,10334,1,33.156695747,1.60915175372
2012-04-06 19:10:28,10335,1,34.3343000104,1.17760426339
2012-04-06 19:10:29,10336,1,35.0732881964,0.738988186012
2012-04-06 19:10:30,10337,1,35.4039429382,0.330654741815
2012-04-06 19:10:31,10338,1,35.4038684226,-7.45156250019e-05
2012-04-06 19:10:32,10339,1,35.2157730632,-0.188095359375
2012-04-06 19:10:33,10340,1,35.0430050714,-0.172767991815
2012-04-06 19:10:34,10341,1,35.0787192113,0.0357141398809
2012-04-06 19:10:35,10342,1,35.4062489301,0.32752971875
2012-04-06 19:10:36,10343,1,35.9535704896,0.547321559524
2012-04-06 19:10:37,10344,1,36.4877225112,0.534152021577
2012-04-06 19:10:38,10345,1,36.6084072507,0.120684739583
2012-04-06 19:10:39,10346,1,35.8489579405,-0.759449310268
2012-04-06 19:10:40,10347,1,33.9552079182,-1.89375002232
2012-04-06 19:10:41,10348,1,31.1276037121,-2.8276042061
2012-04-06 19:10:42,10349,1,27.988020375,-3.13958333705
2012-04-06 19:10:43,10350,1,25.2930799256,-2.6949404494
2012-04-06 19:10:44,10351,1,23.5805055885,-1.71257433705
2012-04-06 19:10:45,10352,1,22.988913407,-0.591592181548
2012-04-06 19:10:46,10353,1,23.3476931793,0.358779772321
2012-04-06 19:10:47,10354,1,24.3349698743,0.987276694941
2012-04-06 19:10:48,10355,1,25.5504459204,1.21547604613
2012-04-06 19:10:49,10356,1,26.5841511488,1.03370522842
2012-04-06 19:10:50,10357,1,27.0784219286,0.494270779762
2012-04-06 19:10:51,10358,1,26.7276035231,-0.350818405506
2012-04-06 19:10:52,10359,1,25.3070679382,-1.42053558482
2012-04-06 19:10:53,10360,1,22.7530502604,-2.55401767783
2012-04-06 19:10:54,10361,1,19.2058034189,-3.54724684152
2012-04-06 19:10:55,10362,1,15.0049850908,-4.20081832812
2012-04-06 19:10:56,10363,1,10.6224702582,-4.38251483259
2012-04-06 19:10:57,10364,1,6.56294645908,-4.05952379911
2012-04-06 19:10:58,10365,1,3.37819943229,-3.18474702679
2012-04-06 19:10:59,10366,1,0.0,-3.37819943229
2012-04-06 19:12:27,10454,88,0.0,0.0
2012-04-06 19:12:28,10455,1,4.17924086682,4.17924086682
2012-04-06 19:12:29,10456,1,7.25245501711,3.0732141503
2012-04-06 19:12:30,10457,1,10.2358626042,2.98340758705
2012-04-06 19:12:31,10458,1,12.5545380156,2.31867541146
2012-04-06 19:12:32,10459,1,14.1718741399,1.61733612426
2012-04-06 19:12:33,10460,1,15.3473948862,1.17552074628
2012-04-06 19:12:34,10461,1,16.3806538988,1.03325901265
2012-04-06 19:12:35,10462,1,17.488541029,1.10788713021
2012-04-06 19:12:36,10463,1,18.7865323743,1.29799134524
2012-04-06 19:12:37,10464,1,20.288392715,1.50186034077
2012-04-06 19:12:38,10465,1,21.9084076875,1.62001497247
2012-04-06 19:12:39,10466,1,23.5031993036,1.59479161607
2012-04-06 19:12:40,10467,1,24.953719994,1.45052069048
2012-04-06 19:12:41,10468,1,26.2254460074,1.27172601339
2012-04-06 19:12:42,10469,1,27.3599696696,1.1345236622
2012-04-06 19:12:43,10470,1,28.4250737887,1.06510411905
2012-04-06 19:12:44,10471,1,29.4735857827,1.04851199405
2012-04-06 19:12:45,10472,1,30.519419346,1.04583356324
2012-04-06 19:12:46,10473,1,31.5142113251,0.994791979167
2012-04-06 19:12:47,10474,1,32.3485865543,0.834375229167
2012-04-06 19:12:48,10475,1,32.9047621488,0.556175594494
2012-04-06 19:12:49,10476,1,33.1082589777,0.203496828869
2012-04-06 19:12:50,10477,1,32.9441962522,-0.164062725446
2012-04-06 19:12:51,10478,1,32.470535433,-0.473660819196
2012-04-06 19:12:52,10479,1,31.7802825208,-0.690252912202
2012-04-06 19:12:53,10480,1,30.8666665908,-0.913615930059
2012-04-06 19:12:54,10481,1,29.5448660781,-1.32180051265
2012-04-06 19:12:55,10482,1,27.5886160543,-1.95625002381
2012-04-06 19:12:56,10483,1,24.990773692,-2.59784236235
2012-04-06 19:12:57,10484,1,22.0831098624,-2.90766382961
2012-04-06 19:12:58,10485,1,19.3143597321,-2.76875013021
2012-04-06 19:12:59,10486,1,16.8319936057,-2.48236612649
2012-04-06 19:13:00,10487,1,14.3236603274,-2.50833327827
2012-04-06 19:13:01,10488,1,11.3426336719,-2.98102665551
2012-04-06 19:13:02,10489,1,7.83124987946,-3.51138379241
2012-04-06 19:13:03,10490,1,4.39910710863,-3.43214277083
2012-04-06 19:13:04,10491,1,0.0,-4.39910710863
2012-04-06 19:13:19,10506,15,0.0,0.0
2012-04-06 19:13:20,10507,1,3.10647283631,3.10647283631
2012-04-06 19:13:21,10508,1,5.75639820461,2.6499253683
2012-04-06 19:13:22,10509,1,8.83005882217,3.07366061756
2012-04-06 19:13:23,10510,1,11.8103416622,2.98028284003
2012-04-06 19:13:24,10511,1,14.4905502247,2.6802085625
2012-04-06 19:13:25,10512,1,16.8836307649,2.39308054018
2012-04-06 19:13:26,10513,1,19.0920385067,2.20840774182
2012-04-06 19:13:27,10514,1,21.1856395558,2.09360104911
2012-04-06 19:13:28,10515,1,23.1353417984,1.94970224256
2012-04-06 19:13:29,10516,1,24.8339280603,1.6985862619
2012-04-06 19:13:30,10517,1,26.1946423586,1.36071429836
2012-04-06 19:13:31,10518,1,27.2461304568,1.05148809821
2012-04-06 19:13:32,10519,1,28.1257435022,0.879613045387
2012-04-06 19:13:33,10520,1,28.9866809152,0.860937412946
2012-04-06 19:13:34,10521,1,29.9173356243,0.930654709077
2012-04-06 19:13:35,10522,1,30.920386256,1.0030506317
2012-04-06 19:13:36,10523,1,31.9452375751,1.0248513192
2012-04-06 19:13:37,10524,1,32.9360860067,0.990848431548
2012-04-06 19:13:38,10525,1,33.8383184323,0.902232425595
2012-04-06 19:13:39,10526,1,34.5810270164,0.742708584077
2012-04-06 19:13:40,10527,1,35.1069199702,0.525892953869
2012-04-06 19:13:41,10528,1,35.4234377366,0.316517766369
2012-04-06 19:13:42,10529,1,35.5928571875,0.169419450893
2012-04-06 19:13:43,10530,1,35.6741070179,0.0812498303571
2012-04-06 19:13:44,10531,1,35.6830354926,0.0089284747024
2012-04-06 19:13:45,10532,1,35.5950889955,-0.0879464970238
2012-04-06 19:13:46,10533,1,35.385416285,-0.209672710565
2012-04-06 19:13:47,10534,1,35.071279285,-0.314137
2012-04-06 19:13:48,10535,1,34.7054310305,-0.365848254464
2012-04-06 19:13:49,10536,1,34.3343001265,-0.371130904018
2012-04-06 19:13:50,10537,1,33.9593002485,-0.374999877976
2012-04-06 19:13:51,10538,1,33.4843003921,-0.474999856399
2012-04-06 19:13:52,10539,1,32.6697915893,-0.814508802827
2012-04-06 19:13:53,10540,1,31.1659226406,-1.50386894866
2012-04-06 19:13:54,10541,1,28.6194941112,-2.54642852939
2012-04-06 19:13:55,10542,1,24.8254464345,-3.79404767671
2012-04-06 19:13:56,10543,1,19.9008927217,-4.9245537128
2012-04-06 19:13:57,10544,1,14.3517854315,-5.54910729018
2012-04-06 19:13:58,10545,1,8.95751453348,-5.39427089807
2012-04-06 19:13:59,10546,1,4.60223185714,-4.35528267634
2012-04-06 19:14:00,10547,1,0.0,-4.60223185714
2012-04-06 19:14:20,10567,20,0.0,0.0
2012-04-06 19:14:21,10568,1,4.07834818638,4.07834818638
2012-04-06 19:14:22,10569,1,7.79903262574,3.72068443936
2012-04-06 19:14:23,10570,1,12.2097468155,4.41071418973
2012-04-06 19:14:24,10571,1,16.506398561,4.29665174554
2012-04-06 19:14:25,10572,1,20.2196426131,3.71324405208
2012-04-06 19:14:26,10573,1,23.2529015126,3.03325889955
2012-04-06 19:14:27,10574,1,25.7485859018,2.49568438914
2012-04-06 19:14:28,10575,1,27.8963535253,2.14776762351
2012-04-06 19:14:29,10576,1,29.8266360439,1.9302825186
2012-04-06 19:14:30,10577,1,31.5940467091,1.76741066518
2012-04-06 19:14:31,10578,1,33.1857135536,1.59166684449
2012-04-06 19:14:32,10579,1,34.5543150357,1.36860148214
2012-04-06 19:14:33,10580,1,35.6694194211,1.11510438542
2012-04-06 19:14:34,10581,1,36.5396575335,0.870238112351
2012-04-06 19:14:35,10582,1,37.1927079375,0.653050404018
2012-04-06 19:14:36,10583,1,37.6362344293,0.443526491815
2012-04-06 19:14:37,10584,1,37.8400288199,0.203794390625
2012-04-06 19:14:38,10585,1,37.7720971957,-0.067931624256
2012-04-06 19:14:39,10586,1,37.4546122626,-0.317484933036
2012-04-06 19:14:40,10587,1,36.9729906421,-0.481621620536
2012-04-06 19:14:41,10588,1,36.4273809717,-0.545609670387
2012-04-06 19:14:42,10589,1,35.879911058,-0.54746991369
2012-04-06 19:14:43,10590,1,35.3598962902,-0.520014767857
2012-04-06 19:14:44,10591,1,34.9197176235,-0.440178666667
2012-04-06 19:14:45,10592,1,34.6517858519,-0.267931771577
2012-04-06 19:14:46,10593,1,34.6218004963,-0.0299853556547
2012-04-06 19:14:47,10594,1,34.8006694033,0.178868906994
2012-04-06 19:14:48,10595,1,35.0806545424,0.279985139137
2012-04-06 19:14:49,10596,1,35.3454612336,0.26480669122
2012-04-06 19:14:50,10597,1,35.5175595558,0.172098322173
2012-04-06 19:14:51,10598,1,35.5569195938,0.0393600379464
2012-04-06 19:14:52,10599,1,35.4415919457,-0.115327648066
2012-04-06 19:14:53,10600,1,35.1770826756,-0.264509270089
2012-04-06 19:14:54,10601,1,34.8300585365,-0.347024139137
2012-04-06 19:14:55,10602,1,34.5230642217,-0.306994314732
2012-04-06 19:14:56,10603,1,34.3713527857,-0.151711436012
2012-04-06 19:14:57,10604,1,34.4252219479,0.0538691622024
2012-04-06 19:14:58,10605,1,34.6664425595,0.241220611607
2012-04-06 19:14:59,10606,1,35.0374251987,0.370982639137
2012-04-06 19:15:00,10607,1,35.4726190521,0.435193853423
2012-04-06 19:15:01,10608,1,35.9240328787,0.451413826637
2012-04-06 19:15:02,10609,1,36.3569196421,0.432886763393
2012-04-06 19:15:03,10610,1,36.7147318728,0.357812230655
2012-04-06 19:15:04,10611,1,36.9122762522,0.197544379464
2012-04-06 19:15:05,10612,1,36.8766361027,-0.0356401495535
2012-04-06 19:15:06,10613,1,36.5972459129,-0.279390189732
2012-04-06 19:15:07,10614,1,36.1613825536,-0.435863359375
2012-04-06 19:15:08,10615,1,35.7319926153,-0.429389938244
2012-04-06 19:15:09,10616,1,35.4468737999,-0.285118815476
2012-04-06 19:15:10,10617,1,35.3391361153,-0.107737684524
2012-04-06 19:15:11,10618,1,35.3575144501,0.0183783348214
2012-04-06 19:15:12,10619,1,35.4249253259,0.0674108757441
2012-04-06 19:15:13,10620,1,35.4780503318,0.0531250059523
2012-04-06 19:15:14,10621,1,35.4898062626,0.0117559308036
2012-04-06 19:15:15,10622,1,35.460490785,-0.0293154776786
2012-04-06 19:15:16,10623,1,35.3918895677,-0.0686012172619
2012-04-06 19:15:17,10624,1,35.2803567567,-0.111532811012
2012-04-06 19:15:18,10625,1,35.1097465409,-0.170610215774
2012-04-06 19:15:19,10626,1,34.8514131086,-0.258333432292
2012-04-06 19:15:20,10627,1,34.515177901,-0.336235207589
2012-04-06 19:15:21,10628,1,34.194121247,-0.321056654018
2012-04-06 19:15:22,10629,1,34.02492466,-0.169196587054
2012-04-06 19:15:23,10630,1,34.1115316332,0.0866069732143
2012-04-06 19:15:24,10631,1,34.4855642783,0.374032645089
2012-04-06 19:15:25,10632,1,35.1135405461,0.627976267857
2012-04-06 19:15:26,10633,1,35.9319188125,0.818378266369
2012-04-06 19:15:27,10634,1,36.8623507277,0.930431915179
2012-04-06 19:15:28,10635,1,37.7932288847,0.930878156994
2012-04-06 19:15:29,10636,1,38.5892852679,0.796056383185
2012-04-06 19:15:30,10637,1,39.141591378,0.552306110119
2012-04-06 19:15:31,10638,1,39.3981385417,0.25654716369
2012-04-06 19:15:32,10639,1,39.358331811,-0.0398067306548
2012-04-06 19:15:33,10640,1,39.0575879754,-0.300743835565
2012-04-06 19:15:34,10641,1,38.5560259501,-0.501562025298
2012-04-06 19:15:35,10642,1,37.9220978594,-0.633928090774
2012-04-06 19:15:36,10643,1,37.1986606443,-0.72343721503
2012-04-06 19:15:37,10644,1,36.3761904301,-0.822470214286
2012-04-06 19:15:38,10645,1,35.4018599167,-0.974330513393
2012-04-06 19:15:39,10646,1,34.2113835521,-1.19047636458
2012-04-06 19:15:40,10647,1,32.7656989591,-1.44568459301
2012-04-06 19:15:41,10648,1,31.0740323512,-1.69166660789
2012-04-06 19:15:42,10649,1,29.1771574881,-1.8968748631
2012-04-06 19:15:43,10650,1,27.0979909554,-2.07916653274
2012-04-06 19:15:44,10651,1,24.8104166034,-2.28757435193
2012-04-06 19:15:45,10652,1,22.29613084,-2.51428576339
2012-04-06 19:15:46,10653,1,19.678496814,-2.61763402604
2012-04-06 19:15:47,10654,1,17.2895086324,-2.38898818155
2012-04-06 19:15:48,10655,1,15.5680800112,-1.72142862128
2012-04-06 19:15:49,10656,1,14.8255948936,-0.742485117559
2012-04-06 19:15:50,10657,1,14.9874997091,0.161904815476
2012-04-06 19:15:51,10658,1,15.5220980022,0.534598293155
2012-04-06 19:15:52,10659,1,15.7039879412,0.181889938988
2012-04-06 19:15:53,10660,1,15.0069120432,-0.697075898065
2012-04-06 19:15:54,10661,1,13.3262646644,-1.68064737872
2012-04-06 19:15:55,10662,1,10.9903792091,-2.33588545536
2012-04-06 19:15:56,10663,1,8.58013370908,-2.4102455
2012-04-06 19:15:57,10664,1,6.60522308929,-1.97491061979
2012-04-06 19:15:58,10665,1,5.28808032143,-1.31714276786
2012-04-06 19:15:59,10666,1,4.57621280208,-0.711867519345
2012-04-06 19:16:00,10667,1,4.24630953051,-0.329903271577
2012-04-06 19:16:01,10668,1,4.04799851339,-0.198311017113
2012-04-06 19:16:02,10669,1,3.83601190476,-0.211986608631
2012-04-06 19:16:03,10670,1,3.56524553571,-0.270766369048
2012-04-06 19:16:04,10671,1,3.27273809524,-0.292507440476
2012-04-06 19:16:05,10672,1,3.20369791667,-0.0690401785714
2012-04-06 19:16:06,10673,1,3.83260416667,0.62890625
2012-04-06 19:16:07,10674,1,5.56211309673,1.72950893006
2012-04-06 19:16:08,10675,1,8.38489584003,2.8227827433
2012-04-06 19:16:09,10676,1,11.8458556607,3.46095982068
2012-04-06 19:16:10,10677,1,15.3114583058,3.46560264509
2012-04-06 19:16:11,10678,1,18.3439061362,3.03244783036
2012-04-06 19:16:12,10679,1,20.8624551064,2.51854897024
2012-04-06 19:16:13,10680,1,22.9756692269,2.11321412054
2012-04-06 19:16:14,10681,1,24.7787940804,1.80312485342
2012-04-06 19:16:15,10682,1,26.3377225692,1.55892848884
2012-04-06 19:16:16,10683,1,27.7343743512,1.39665178199
2012-04-06 19:16:17,10684,1,29.0455351555,1.31116080432
2012-04-06 19:16:18,10685,1,30.2944936786,1.24895852307
2012-04-06 19:16:19,10686,1,31.4426337716,1.14814009301
2012-04-06 19:16:20,10687,1,32.4268600655,0.984226293899
2012-04-06 19:16:21,10688,1,33.2023808408,0.775520775298
2012-04-06 19:16:22,10689,1,33.7587051012,0.556324260417
2012-04-06 19:16:23,10690,1,34.1203121473,0.361607046131
2012-04-06 19:16:24,10691,1,34.3584074211,0.23809527381
2012-04-06 19:16:25,10692,1,34.5950147031,0.236607281994
2012-04-06 19:16:26,10693,1,34.9553571324,0.360342429315
2012-04-06 19:16:27,10694,1,35.4911460141,0.535788881696
2012-04-06 19:16:28,10695,1,36.1481402865,0.656994272321
2012-04-06 19:16:29,10696,1,36.8061017344,0.657961447917
2012-04-06 19:16:30,10697,1,37.3585569725,0.552455238095
2012-04-06 19:16:31,10698,1,37.7612351659,0.402678193452
2012-04-06 19:16:32,10699,1,38.0075888951,0.246353729167
2012-04-06 19:16:33,10700,1,38.0973207671,0.0897318720238
2012-04-06 19:16:34,10701,1,38.0560260871,-0.0412946800595
2012-04-06 19:16:35,10702,1,37.9462791287,-0.109746958333
2012-04-06 19:16:36,10703,1,37.8296124866,-0.116666642113
2012-04-06 19:16:37,10704,1,37.7364577388,-0.0931547477678
2012-04-06 19:16:38,10705,1,37.6828864397,-0.0535712991072
2012-04-06 19:16:39,10706,1,37.6957587262,0.0128722864584
2012-04-06 19:16:40,10707,1,37.778571471,0.0828127447916
2012-04-06 19:16:41,10708,1,37.811532814,0.032961343006
2012-04-06 19:16:42,10709,1,37.5210563981,-0.290476415923
2012-04-06 19:16:43,10710,1,36.6631691711,-0.857887226934
2012-04-06 19:16:44,10711,1,35.3041660119,-1.35900315923
2012-04-06 19:16:45,10712,1,33.8922612946,-1.41190471726
2012-04-06 19:16:46,10713,1,33.0061007292,-0.886160565476
2012-04-06 19:16:47,10714,1,32.9863091667,-0.0197915625
2012-04-06 19:16:48,10715,1,33.7565472961,0.770238129464
2012-04-06 19:16:49,10716,1,34.9602675134,1.20372021726
2012-04-06 19:16:50,10717,1,36.2423358624,1.28206834896
2012-04-06 19:16:51,10718,1,37.4113832693,1.16904740699
2012-04-06 19:16:52,10719,1,38.4149544204,1.00357115104
2012-04-06 19:16:53,10720,1,39.247841128,0.832886707589
2012-04-06 19:16:54,10721,1,39.9008173564,0.652976228423
2012-04-06 19:16:55,10722,1,40.3485854635,0.447768107143
2012-04-06 19:16:56,10723,1,40.549850593,0.201265129464
2012-04-06 19:16:57,10724,1,40.5017851734,-0.0480654196429
2012-04-06 19:16:58,10725,1,40.3508177589,-0.150967414435
2012-04-06 19:16:59,10726,1,40.3923353519,0.0415175930059
2012-04-06 19:17:00,10727,1,40.8508172507,0.45848189881
2012-04-06 19:17:01,10728,1,41.6518588341,0.801041583333
2012-04-06 19:17:02,10729,1,42.4508917091,0.799032875
2012-04-06 19:17:03,10730,1,42.8837044769,0.432812767857
2012-04-06 19:17:04,10731,1,42.8171124516,-0.0665920252976
2012-04-06 19:17:05,10732,1,42.3962047999,-0.420907651786
2012-04-06 19:17:06,10733,1,41.850148189,-0.546056610863
2012-04-06 19:17:07,10734,1,41.3006689308,-0.549479258184
2012-04-06 19:17:08,10735,1,40.7813981004,-0.519270830357
2012-04-06 19:17:09,10736,1,40.3340767604,-0.44732134003
2012-04-06 19:17:10,10737,1,40.016666093,-0.317410667411
2012-04-06 19:17:11,10738,1,39.8589279189,-0.157738174107
2012-04-06 19:17:12,10739,1,39.8209813475,-0.0379465714286
2012-04-06 19:17:13,10740,1,39.7840764829,-0.0369048645833
2012-04-06 19:17:14,10741,1,39.6051330089,-0.178943473958
2012-04-06 19:17:15,10742,1,39.1952372374,-0.409895771577
2012-04-06 19:17:16,10743,1,38.557886151,-0.63735108631
2012-04-06 19:17:17,10744,1,37.7732136265,-0.784672524554
2012-04-06 19:17:18,10745,1,36.9485113512,-0.824702275298
2012-04-06 19:17:19,10746,1,36.1941215885,-0.754389762649
2012-04-06 19:17:20,10747,1,35.6529758155,-0.541145773065
2012-04-06 19:17:21,10748,1,35.4994787939,-0.153497021577
2012-04-06 19:17:22,10749,1,35.8522317701,0.35275297619
2012-04-06 19:17:23,10750,1,36.685565119,0.833333348958
2012-04-06 19:17:24,10751,1,37.8328122202,1.14724710119
2012-04-06 19:17:25,10752,1,39.0772320305,1.24441981027
2012-04-06 19:17:26,10753,1,40.2564732344,1.17924120387
2012-04-06 19:17:27,10754,1,41.3015624628,1.04508922842
2012-04-06 19:17:28,10755,1,42.2075890045,0.906026541667
2012-04-06 19:17:29,10756,1,42.9991065387,0.791517534226
2012-04-06 19:17:30,10757,1,43.7180050826,0.718898543899
2012-04-06 19:17:31,10758,1,44.4063978862,0.688392803571
2012-04-06 19:17:32,10759,1,45.0752224844,0.668824598214
2012-04-06 19:17:33,10760,1,45.6992555268,0.624033042411
2012-04-06 19:17:34,10761,1,46.2511159353,0.551860408482
2012-04-06 19:17:35,10762,1,46.7161458921,0.465029956845
2012-04-06 19:17:36,10763,1,47.0720982448,0.355952352679
2012-04-06 19:17:37,10764,1,47.2851931763,0.213094931548
2012-04-06 19:17:38,10765,1,47.3258921659,0.0406989895833
2012-04-06 19:17:39,10766,1,47.1816210885,-0.144271077381
2012-04-06 19:17:40,10767,1,46.8669634435,-0.314657645089
2012-04-06 19:17:41,10768,1,46.4110114338,-0.455952009673
2012-04-06 19:17:42,10769,1,45.8336308914,-0.577380542411
2012-04-06 19:17:43,10770,1,45.1573662262,-0.676264665179
2012-04-06 19:17:44,10771,1,44.4241072991,-0.733258927083
2012-04-06 19:17:45,10772,1,43.6735864048,-0.750520894345
2012-04-06 19:17:46,10773,1,42.921056596,-0.75252980878
2012-04-06 19:17:47,10774,1,42.1602678318,-0.760788764137
2012-04-06 19:17:48,10775,1,41.3767111793,-0.78355665253
2012-04-06 19:17:49,10776,1,40.5652527329,-0.811458446429
2012-04-06 19:17:50,10777,1,39.7383924807,-0.826860252232
2012-04-06 19:17:51,10778,1,38.9145084085,-0.823884072173
2012-04-06 19:17:52,10779,1,38.1037940112,-0.810714397321
2012-04-06 19:17:53,10780,1,37.3074398214,-0.796354189732
2012-04-06 19:17:54,10781,1,36.5338536176,-0.773586203869
2012-04-06 19:17:55,10782,1,35.8059519881,-0.727901629464
2012-04-06 19:17:56,10783,1,35.0950889531,-0.71086303497
2012-04-06 19:17:57,10784,1,34.2090769814,-0.886011971726
2012-04-06 19:17:58,10785,1,32.8075887827,-1.40148819866
2012-04-06 19:17:59,10786,1,30.6332583743,-2.17433040848
2012-04-06 19:18:00,10787,1,27.7915173162,-2.84174105804
2012-04-06 19:18:01,10788,1,24.8013387731,-2.99017854315
2012-04-06 19:18:02,10789,1,22.3092256949,-2.49211307812
2012-04-06 19:18:03,10790,1,20.698734654,-1.61049104092
2012-04-06 19:18:04,10791,1,19.9504460119,-0.748288642113
2012-04-06 19:18:05,10792,1,19.8040174821,-0.146428529762
2012-04-06 19:18:06,10793,1,19.9575889457,0.153571463542
2012-04-06 19:18:07,10794,1,20.0976931615,0.140104215774
2012-04-06 19:18:08,10795,1,19.853124785,-0.244568376488
2012-04-06 19:18:09,10796,1,18.9116814293,-0.941443355655
2012-04-06 19:18:10,10797,1,17.2732886577,-1.63839277158
2012-04-06 19:18:11,10798,1,15.3318452507,-1.94144340699
2012-04-06 19:18:12,10799,1,13.6688244226,-1.66302082812
2012-04-06 19:18:13,10800,1,12.7517856845,-0.917038738095
2012-04-06 19:18:14,10801,1,12.751041506,-0.000744178571399
2012-04-06 19:18:15,10802,1,13.5632437016,0.812202195684
2012-04-06 19:18:16,10803,1,14.9637643981,1.40052069643
2012-04-06 19:18:17,10804,1,16.7200888043,1.75632440625
2012-04-06 19:18:18,10805,1,18.6279014479,1.9078126436
2012-04-06 19:18:19,10806,1,20.5347468757,1.90684542783
2012-04-06 19:18:20,10807,1,22.3483630409,1.81361616518
2012-04-06 19:18:21,10808,1,24.0107141488,1.66235110789
2012-04-06 19:18:22,10809,1,25.4816960677,1.4709819189
2012-04-06 19:18:23,10810,1,26.7566957991,1.2749997314
2012-04-06 19:18:24,10811,1,27.8780497418,1.12135394271
2012-04-06 19:18:25,10812,1,28.9113085387,1.03325879687
2012-04-06 19:18:26,10813,1,29.9084067113,0.997098172619
2012-04-06 19:18:27,10814,1,30.8893591257,0.980952414435
2012-04-06 19:18:28,10815,1,31.8503711592,0.961012033482
2012-04-06 19:18:29,10816,1,32.781026189,0.930655029762
2012-04-06 19:18:30,10817,1,33.6660712366,0.885045047619
2012-04-06 19:18:31,10818,1,34.4764139107,0.810342674107
2012-04-06 19:18:32,10819,1,35.1779765878,0.701562677083
2012-04-06 19:18:33,10820,1,35.7590775551,0.581100967262
2012-04-06 19:18:34,10821,1,36.2440472812,0.48496972619
2012-04-06 19:18:35,10822,1,36.6712789613,0.427231680059
2012-04-06 19:18:36,10823,1,37.0462788408,0.374999879464
2012-04-06 19:18:37,10824,1,37.3158475216,0.269568680804
2012-04-06 19:18:38,10825,1,37.4086305595,0.0927830379464
2012-04-06 19:18:39,10826,1,37.3074401763,-0.101190383185
2012-04-06 19:18:40,10827,1,37.0694936086,-0.237946567708
2012-04-06 19:18:41,10828,1,36.7929308817,-0.276562726935
2012-04-06 19:18:42,10829,1,36.5883175915,-0.204613290179
2012-04-06 19:18:43,10830,1,36.5560258385,-0.0322917529762
2012-04-06 19:18:44,10831,1,36.7544634144,0.198437575893
2012-04-06 19:18:45,10832,1,37.1886898393,0.434226424851
2012-04-06 19:18:46,10833,1,37.824999686,0.636309846726
2012-04-06 19:18:47,10834,1,38.6041666168,0.779166930804
2012-04-06 19:18:48,10835,1,39.4450892723,0.840922655506
2012-04-06 19:18:49,10836,1,40.2395087269,0.794419454613
2012-04-06 19:18:50,10837,1,40.8548359167,0.615327189732
2012-04-06 19:18:51,10838,1,41.1702377091,0.315401792411
2012-04-06 19:18:52,10839,1,41.1113837284,-0.0588539806548
2012-04-06 19:18:53,10840,1,40.6296130461,-0.481770682292
2012-04-06 19:18:54,10841,1,39.6409224539,-0.988690592262
2012-04-06 19:18:55,10842,1,37.9818446845,-1.65907776935
2012-04-06 19:18:56,10843,1,35.433332381,-2.54851230357
2012-04-06 19:18:57,10844,1,31.810862003,-3.62247037798
2012-04-06 19:18:58,10845,1,27.0620526518,-4.74880935119
2012-04-06 19:18:59,10846,1,21.3918148914,-5.67023776042
2012-04-06 19:19:00,10847,1,15.4386901942,-5.95312469717
2012-04-06 19:19:01,10848,1,10.2760415722,-5.16264862202
2012-04-06 19:19:02,10849,1,7.0133184442,-3.26272312798
2012-04-06 19:19:03,10850,1,6.21354164435,-0.799776799851
2012-04-06 19:19:04,10851,1,7.58980640179,1.37626475744
2012-04-06 19:19:05,10852,1,10.2231395491,2.63333314732
2012-04-06 19:19:06,10853,1,13.1394340164,2.91629446726
2012-04-06 19:19:07,10854,1,15.7804309085,2.64099689211
2012-04-06 19:19:08,10855,1,18.0354903437,2.25505943527
2012-04-06 19:19:09,10856,1,19.9847462567,1.94925591295
2012-04-06 19:19:10,10857,1,21.704389154,1.71964289732
2012-04-06 19:19:11,10858,1,23.2411452493,1.53675609524
2012-04-06 19:19:12,10859,1,24.6399549606,1.39880971131
2012-04-06 19:19:13,10860,1,25.9351187448,1.29516378423
2012-04-06 19:19:14,10861,1,27.1245531778,1.18943443304
2012-04-06 19:19:15,10862,1,28.1734368832,1.04888370536
2012-04-06 19:19:16,10863,1,29.0485110662,0.875074183036
2012-04-06 19:19:17,10864,1,29.7544633051,0.705952238839
2012-04-06 19:19:18,10865,1,30.3459810751,0.591517770089
2012-04-06 19:19:19,10866,1,30.899180436,0.553199360863
2012-04-06 19:19:20,10867,1,31.4565465938,0.557366157738
2012-04-06 19:19:21,10868,1,31.9999992411,0.543452647321
2012-04-06 19:19:22,10869,1,32.4867555149,0.48675627381
2012-04-06 19:19:23,10870,1,32.9072170126,0.420461497768
2012-04-06 19:19:24,10871,1,33.3014134129,0.394196400298
2012-04-06 19:19:25,10872,1,33.7220233534,0.420609940476
2012-04-06 19:19:26,10873,1,34.1781243996,0.456101046131
2012-04-06 19:19:27,10874,1,34.6078119293,0.429687529762
2012-04-06 19:19:28,10875,1,34.9144341012,0.306622171875
2012-04-06 19:19:29,10876,1,35.04419616,0.12976205878
2012-04-06 19:19:30,10877,1,35.0383183363,-0.0058778236607
2012-04-06 19:19:31,10878,1,35.022916721,-0.0154016153274
2012-04-06 19:19:32,10879,1,35.1385418936,0.115625172619
2012-04-06 19:19:33,10880,1,35.4448664196,0.306324526042
2012-04-06 19:19:34,10881,1,35.8888395722,0.44397315253
2012-04-06 19:19:35,10882,1,36.3670386354,0.478199063244
2012-04-06 19:19:36,10883,1,36.7941958683,0.427157232887
2012-04-06 19:19:37,10884,1,37.1239573609,0.329761492559
2012-04-06 19:19:38,10885,1,37.3373500885,0.213392727679
2012-04-06 19:19:39,10886,1,37.4010407493,0.0636906607142
2012-04-06 19:19:40,10887,1,37.2212048125,-0.179835936756
2012-04-06 19:19:41,10888,1,36.6223956406,-0.598809171875
2012-04-06 19:19:42,10889,1,35.3448660729,-1.27752956771
2012-04-06 19:19:43,10890,1,33.1188988438,-2.22596722917
2012-04-06 19:19:44,10891,1,29.8795386339,-3.23936020982
2012-04-06 19:19:45,10892,1,25.9733628564,-3.90617577753
2012-04-06 19:19:46,10893,1,22.1166662016,-3.85669665476
2012-04-06 19:19:47,10894,1,19.106770151,-3.0098960506
2012-04-06 19:19:48,10895,1,17.4985110804,-1.60825907068
2012-04-06 19:19:49,10896,1,17.4187491808,-0.0797618995535
2012-04-06 19:19:50,10897,1,18.5964278936,1.1776787128
2012-04-06 19:19:51,10898,1,20.5557286644,1.95930077083
2012-04-06 19:19:52,10899,1,22.807812128,2.25208346354
2012-04-06 19:19:53,10900,1,24.9755205417,2.16770841369
2012-04-06 19:19:54,10901,1,26.8780503824,1.90252984077
2012-04-06 19:19:55,10902,1,28.5281993266,1.6501489442
2012-04-06 19:19:56,10903,1,30.0265626042,1.49836327753
2012-04-06 19:19:57,10904,1,31.4543157106,1.4277531064
2012-04-06 19:19:58,10905,1,32.8357888876,1.38147317708
2012-04-06 19:19:59,10906,1,34.1566219993,1.32083311161
2012-04-06 19:20:00,10907,1,35.3994788646,1.24285686533
2012-04-06 19:20:01,10908,1,36.5640620305,1.16458316592
2012-04-06 19:20:02,10909,1,37.6624250967,1.09836306622
2012-04-06 19:20:03,10910,1,38.6945679271,1.03214283036
2012-04-06 19:20:04,10911,1,39.6153266808,0.92075875372
2012-04-06 19:20:05,10912,1,40.3401031525,0.724776471726
2012-04-06 19:20:06,10913,1,40.8090016994,0.468898546875
2012-04-06 19:20:07,10914,1,41.0334808274,0.224479127976
2012-04-06 19:20:08,10915,1,41.0770821481,0.0436013206845
2012-04-06 19:20:09,10916,1,41.0152518899,-0.0618302581846
2012-04-06 19:20:10,10917,1,40.9046864137,-0.11056547619
2012-04-06 19:20:11,10918,1,40.7679304948,-0.136755918899
2012-04-06 19:20:12,10919,1,40.604612221,-0.16331827381
2012-04-06 19:20:13,10920,1,40.4100440074,-0.194568213542
2012-04-06 19:20:14,10921,1,40.1921869509,-0.217857056548
2012-04-06 19:20:15,10922,1,39.9994040246,-0.192782926339
2012-04-06 19:20:16,10923,1,39.9154007336,-0.0840032909226
2012-04-06 19:20:17,10924,1,39.9696416592,0.0542409255952
2012-04-06 19:20:18,10925,1,40.0344483036,0.0648066443452
2012-04-06 19:20:19,10926,1,39.8499990335,-0.184449270089
2012-04-06 19:20:20,10927,1,39.1693443118,-0.680654721726
2012-04-06 19:20:21,10928,1,37.8532729249,-1.3160713869
2012-04-06 19:20:22,10929,1,35.8180796436,-2.03519328125
2012-04-06 19:20:23,10930,1,32.9054311079,-2.91264853571
2012-04-06 19:20:24,10931,1,28.852752724,-4.05267838393
2012-04-06 19:20:25,10932,1,23.5398062351,-5.31294648884
2012-04-06 19:20:26,10933,1,17.4045381451,-6.13526809003
2012-04-06 19:20:27,10934,1,11.5854903437,-5.81904780134
2012-04-06 19:20:28,10935,1,7.48623438393,-4.09925595982
2012-04-06 19:20:29,10936,1,6.00386845015,-1.48236593378
2012-04-06 19:20:30,10937,1,7.02611565923,1.02224720908
2012-04-06 19:20:31,10938,1,9.60171103646,2.57559537723
2012-04-06 19:20:32,10939,1,12.6067706071,3.00505957068
2012-04-06 19:20:33,10940,1,15.3360116265,2.72924101935
2012-04-06 19:20:34,10941,1,17.6171870915,2.28117546503
2012-04-06 19:20:35,10942,1,19.5482881414,1.93110104985
2012-04-06 19:20:36,10943,1,21.233704721,1.68541657961
2012-04-06 19:20:37,10944,1,22.7198654003,1.48616067932
2012-04-06 19:20:38,10945,1,24.0444933728,1.32462797247
2012-04-06 19:20:39,10946,1,25.2704606481,1.2259672753
2012-04-06 19:20:40,10947,1,26.4739576644,1.20349701637
2012-04-06 19:20:41,10948,1,27.7037939263,1.2298362619
2012-04-06 19:20:42,10949,1,28.9473206711,1.24352674479
2012-04-06 19:20:43,10950,1,30.1403266592,1.1930059881
2012-04-06 19:20:44,10951,1,31.2159964278,1.0756697686
2012-04-06 19:20:45,10952,1,32.1546870424,0.938690614583
2012-04-06 19:20:46,10953,1,32.993526404,0.838839361607
2012-04-06 19:20:47,10954,1,33.7822913527,0.788764948661
2012-04-06 19:20:48,10955,1,34.5338540446,0.751562691964
2012-04-06 19:20:49,10956,1,35.2274555677,0.693601523065
2012-04-06 19:20:50,10957,1,35.853051096,0.625595528274
2012-04-06 19:20:51,10958,1,36.4390630521,0.586011956101
2012-04-06 19:20:52,10959,1,37.0287206213,0.589657569197
2012-04-06 19:20:53,10960,1,37.632440631,0.603720009673
2012-04-06 19:20:54,10961,1,38.2184523333,0.586011702381
2012-04-06 19:20:55,10962,1,38.7526783125,0.534225979167
2012-04-06 19:20:56,10963,1,39.2399548415,0.487276529018
2012-04-06 19:20:57,10964,1,39.7203117865,0.48035694494
2012-04-06 19:20:58,10965,1,40.2044635982,0.484151811756
2012-04-06 19:20:59,10966,1,40.5911453601,0.386681761905
2012-04-06 19:21:00,10967,1,40.645312224,0.0541668638392
2012-04-06 19:21:01,10968,1,40.0732140878,-0.572098136161
2012-04-06 19:21:02,10969,1,38.6583331384,-1.4148809494
2012-04-06 19:21:03,10970,1,36.3468747984,-2.31145834003
2012-04-06 19:21:04,10971,1,33.1923361101,-3.15453868824
2012-04-06 19:21:05,10972,1,29.2602676198,-3.93206849033
2012-04-06 19:21:06,10973,1,24.6485859606,-4.61168165923
2012-04-06 19:21:07,10974,1,19.5795382344,-5.06904772619
2012-04-06 19:21:08,10975,1,14.4703120335,-5.10922620089
2012-04-06 19:21:09,10976,1,9.97291625298,-4.49739578051
2012-04-06 19:21:10,10977,1,6.88318411607,-3.0897321369
2012-04-06 19:21:11,10978,1,5.83898759598,-1.04419652009
2012-04-06 19:21:12,10979,1,6.99188925074,1.15290165476
2012-04-06 19:21:13,10980,1,9.89977609375,2.90788684301
2012-04-06 19:21:14,10981,1,13.7192702046,3.81949411086
2012-04-06 19:21:15,10982,1,17.6182286741,3.89895846949
2012-04-06 19:21:16,10983,1,21.1333329345,3.51510426042
2012-04-06 19:21:17,10984,1,24.184746596,3.05141366146
2012-04-06 19:21:18,10985,1,26.8311006161,2.64635402009
2012-04-06 19:21:19,10986,1,29.0891361161,2.2580355
2012-04-06 19:21:20,10987,1,30.9347460134,1.84560989732
2012-04-06 19:21:21,10988,1,32.3748500305,1.44010401711
2012-04-06 19:21:22,10989,1,33.4878708378,1.11302080729
2012-04-06 19:21:23,10990,1,34.4058768638,0.918006026042
2012-04-06 19:21:24,10991,1,35.2551329427,0.849256078869
2012-04-06 19:21:25,10992,1,36.0976926429,0.842559700149
2012-04-06 19:21:26,10993,1,36.9212048281,0.823512185268
2012-04-06 19:21:27,10994,1,37.679389779,0.758184950893
2012-04-06 19:21:28,10995,1,38.3268604888,0.647470709821
2012-04-06 19:21:29,10996,1,38.8166673095,0.489806820684
2012-04-06 19:21:30,10997,1,39.0969499643,0.280282654762
2012-04-06 19:21:31,10998,1,39.1349704591,0.0380204947917
2012-04-06 19:21:32,10999,1,38.9436010543,-0.191369404762
2012-04-06 19:21:33,11000,1,38.5826633318,-0.36093772247
2012-04-06 19:21:34,11001,1,38.1389876682,-0.44367566369
2012-04-06 19:21:35,11002,1,37.6953864844,-0.44360118378
2012-04-06 19:21:36,11003,1,37.303422157,-0.391964327381
2012-04-06 19:21:37,11004,1,36.9824398795,-0.32098227753
2012-04-06 19:21:38,11005,1,36.7176332024,-0.264806677083
2012-04-06 19:21:39,11006,1,36.3927076295,-0.324925572917
2012-04-06 19:21:40,11007,1,35.6887644063,-0.703943223214
2012-04-06 19:21:41,11008,1,34.1180058058,-1.57075860045
2012-04-06 19:21:42,11009,1,31.311384003,-2.80662180283
2012-04-06 19:21:43,11010,1,27.3831845952,-3.92819940774
2012-04-06 19:21:44,11011,1,22.9969493318,-4.38623526339
2012-04-06 19:21:45,11012,1,19.0270087225,-3.96994060938
2012-04-06 19:21:46,11013,1,16.1243300647,-2.90267865774
2012-04-06 19:21:47,11014,1,14.5040918787,-1.62023818601
2012-04-06 19:21:48,11015,1,13.9991810722,-0.504910806548
2012-04-06 19:21:49,11016,1,14.227231631,0.22805055878
2012-04-06 19:21:50,11017,1,14.6968001257,0.469568494792
2012-04-06 19:21:51,11018,1,14.8617555707,0.16495544494
2012-04-06 19:21:52,11019,1,14.2819193497,-0.579836220982
2012-04-06 19:21:53,11020,1,12.8557289583,-1.42619039137
2012-04-06 19:21:54,11021,1,10.8742558423,-1.98147311607
2012-04-06 19:21:55,11022,1,8.81971723214,-2.05453861012
2012-04-06 19:21:56,11023,1,7.10267854018,-1.71703869196
2012-04-06 19:21:57,11024,1,5.90446416741,-1.19821437277
2012-04-06 19:21:58,11025,1,5.15729144866,-0.74717271875
2012-04-06 19:21:59,11026,1,4.66562474479,-0.491666703869
2012-04-06 19:22:00,11027,1,4.28035692634,-0.385267818452
2012-04-06 19:22:01,11028,1,3.9648063869,-0.315550539435
2012-04-06 19:22:02,11029,1,3.76703853125,-0.197767855655
2012-04-06 19:22:03,11030,1,3.81532717262,0.0482886413691
2012-04-06 19:22:04,11031,1,4.2774551131,0.462127940476
2012-04-06 19:22:05,11032,1,5.19531224926,0.917857136161
2012-04-06 19:22:06,11033,1,6.31369019048,1.11837794122
2012-04-06 19:22:07,11034,1,7.11324366592,0.799553475446
2012-04-06 19:22:08,11035,1,7.13214238021,0.0188987142857
2012-04-06 19:22:09,11036,1,6.36249953199,-0.769642848214
2012-04-06 19:22:10,11037,1,5.31354133333,-1.04895819866
2012-04-06 19:22:11,11038,1,4.62983611756,-0.683705215774
2012-04-06 19:22:12,11039,1,4.62864564137,-0.00119047619047
2012-04-06 19:22:13,11040,1,5.18333299851,0.554687357143
2012-04-06 19:22:14,11041,1,6.00825845536,0.824925456845
2012-04-06 19:22:15,11042,1,6.97991023958,0.971651784226
2012-04-06 19:22:16,11043,1,8.1107139442,1.13080370461
2012-04-06 19:22:17,11044,1,9.23400277976,1.12328883557
2012-04-06 19:22:18,11045,1,9.85565460714,0.621651827381
2012-04-06 19:22:19,11046,1,9.47745515551,-0.378199451637
2012-04-06 19:22:20,11047,1,8.10431523512,-1.37313992039
2012-04-06 19:22:21,11048,1,6.38422594643,-1.72008928869
2012-04-06 19:22:22,11049,1,5.223511625,-1.16071432143
2012-04-06 19:22:23,11050,1,5.18891327976,-0.0345983452381
2012-04-06 19:22:24,11051,1,6.18110059301,0.992187313244
2012-04-06 19:22:25,11052,1,7.64799034673,1.46688975372
2012-04-06 19:22:26,11053,1,9.0645826131,1.41659226637
2012-04-06 19:22:27,11054,1,10.2072166295,1.14263401637
2012-04-06 19:22:28,11055,1,11.0875738326,0.880357203125
2012-04-06 19:22:29,11056,1,11.6874994129,0.599925580357
2012-04-06 19:22:30,11057,1,11.7670380595,0.0795386465774
2012-04-06 19:22:31,11058,1,11.0352672217,-0.731770837798
2012-04-06 19:22:32,11059,1,9.56019289137,-1.47507433036
2012-04-06 19:22:33,11060,1,7.92678529836,-1.63340759301
2012-04-06 19:22:34,11061,1,6.93430034449,-0.992484953869
2012-04-06 19:22:35,11062,1,7.07313976711,0.138839422619
2012-04-06 19:22:36,11063,1,8.20424104539,1.13110127827
2012-04-06 19:22:37,11064,1,9.74136906027,1.53712801488
2012-04-06 19:22:38,11065,1,11.1291666793,1.38779761905
2012-04-06 19:22:39,11066,1,12.1200892582,0.990922578869
2012-04-06 19:22:40,11067,1,12.7170385699,0.596949311756
2012-04-06 19:22:41,11068,1,13.0021574829,0.285118912946
2012-04-06 19:22:42,11069,1,13.029463907,0.0273064241071
2012-04-06 19:22:43,11070,1,12.8065471882,-0.22291671875
2012-04-06 19:22:44,11071,1,12.3244043438,-0.482142844494
2012-04-06 19:22:45,11072,1,11.6191960112,-0.705208332589
2012-04-06 19:22:46,11073,1,10.8432287001,-0.775967311012
2012-04-06 19:22:47,11074,1,10.2747762738,-0.568452426339
2012-04-06 19:22:48,11075,1,10.2167405945,-0.0580356793155
2012-04-06 19:22:49,11076,1,10.8059520432,0.589211448661
2012-04-06 19:22:50,11077,1,11.8421129442,1.03616090104
2012-04-06 19:22:51,11078,1,12.7921874799,0.950074535714
2012-04-06 19:22:52,11079,1,13.0431547433,0.250967263393
2012-04-06 19:22:53,11080,1,12.2808034256,-0.762351317708
2012-04-06 19:22:54,11081,1,10.7030502552,-1.57775317039
2012-04-06 19:22:55,11082,1,8.87418102902,-1.82886922619
2012-04-06 19:22:56,11083,1,7.35863034449,-1.51555068452
2012-04-06 19:22:57,11084,1,6.42522264881,-0.933407695685
2012-04-06 19:22:58,11085,1,5.99627934598,-0.428943302827
2012-04-06 19:22:59,11086,1,5.82849677753,-0.167782568452
2012-04-06 19:23:00,11087,1,5.72224688095,-0.106249896577
2012-04-06 19:23:01,11088,1,5.57614568557,-0.146101195387
2012-04-06 19:23:02,11089,1,5.335684275,-0.240461410565
2012-04-06 19:23:03,11090,1,4.95520795759,-0.380476317411
2012-04-06 19:23:04,11091,1,4.41337753557,-0.541830422024
2012-04-06 19:23:05,11092,1,3.76026744048,-0.653110095089
2012-04-06 19:23:06,11093,1,3.11747731763,-0.642790122842
2012-04-06 19:23:07,11094,1,2.60754056797,-0.509936749665
2012-04-06 19:23:08,11095,1,2.28435223936,-0.323188328609
2012-04-06 19:23:09,11096,1,2.11800908337,-0.16634315599
2012-04-06 19:23:10,11097,1,2.04284897984,-0.0751601035342
2012-04-06 19:23:11,11098,1,2.02216070227,-0.020688277567
2012-04-06 19:23:12,11099,1,2.05784903088,0.0356883286086
2012-04-06 19:23:13,11100,1,2.16258875685,0.104739725967
2012-04-06 19:23:14,11101,1,2.34021535603,0.177626599182
2012-04-06 19:23:15,11102,1,2.53587386544,0.195658509412
2012-04-06 19:23:16,11103,1,2.56764094725,0.031767081808
2012-04-06 19:23:17,11104,1,2.2106208577,-0.357020089546
2012-04-06 19:23:18,11105,1,1.50703092671,-0.70358993099
2012-04-06 19:23:19,11106,1,0.0,-1.50703092671
2012-04-06 20:23:16,14703,3597,0.0,0.0
2012-04-06 20:23:17,14704,1,2.24985122098,2.24985122098
2012-04-06 20:23:18,14705,1,3.5788690811,1.32901786012
2012-04-06 20:23:19,14706,1,4.60186009673,1.02299101563
2012-04-06 20:23:20,14707,1,5.17142841369,0.569568316964
2012-04-06 20:23:21,14708,1,5.44761870833,0.276190294643
2012-04-06 20:23:22,14709,1,5.60014833259,0.152529624256
2012-04-06 20:23:23,14710,1,5.69627925,0.0961309174107
2012-04-06 20:23:24,14711,1,5.73720191443,0.0409226644345
2012-04-06 20:23:25,14712,1,5.70133886979,-0.0358630446429
2012-04-06 20:23:26,14713,1,5.57165137574,-0.129687494048
2012-04-06 20:23:27,14714,1,5.36815434226,-0.203497033482
2012-04-06 20:23:28,14715,1,5.16168113914,-0.206473203125
2012-04-06 20:23:29,14716,1,5.03474661458,-0.126934524554
2012-04-06 20:23:30,14717,1,5.00468703795,-0.0300595766369
2012-04-06 20:23:31,14718,1,4.97834766667,-0.0263393712798
2012-04-06 20:23:32,14719,1,4.80684463616,-0.171503030506
2012-04-06 20:23:33,14720,1,4.42708277455,-0.379761861607
2012-04-06 20:23:34,14721,1,3.95602637128,-0.471056403274
2012-04-06 20:23:35,14722,1,3.61688963318,-0.339136738095
2012-04-06 20:23:36,14723,1,3.57120520908,-0.0456844241071
2012-04-06 20:23:37,14724,1,3.82782723512,0.256622026042
2012-04-06 20:23:38,14725,1,4.28281229092,0.454985055804
2012-04-06 20:23:39,14726,1,4.82723185863,0.544419567708
2012-04-06 20:23:40,14727,1,5.42120501711,0.593973158482
2012-04-06 20:23:41,14728,1,6.06822878497,0.647023767857
2012-04-06 20:23:42,14729,1,6.75476148214,0.686532697173
2012-04-06 20:23:43,14730,1,7.44709777679,0.692336294643
2012-04-06 20:23:44,14731,1,8.10029724033,0.653199463542
2012-04-06 20:23:45,14732,1,8.61711284821,0.516815607887
2012-04-06 20:23:46,14733,1,8.82790167634,0.210788828125
2012-04-06 20:23:47,14734,1,8.57805053646,-0.249851139881
2012-04-06 20:23:48,14735,1,7.88251473289,-0.695535803571
2012-04-06 20:23:49,14736,1,7.02060978423,-0.861904948661
2012-04-06 20:23:50,14737,1,6.45900245908,-0.561607325149
2012-04-06 20:23:51,14738,1,6.59263332068,0.133630861607
2012-04-06 20:23:52,14739,1,7.47782681548,0.885193494792
2012-04-06 20:23:53,14740,1,8.80632399033,1.32849717485
2012-04-06 20:23:54,14741,1,10.1465027351,1.34017874479
2012-04-06 20:23:55,14742,1,11.2168897359,1.07038700074
2012-04-06 20:23:56,14743,1,11.9782736213,0.761383885417
2012-04-06 20:23:57,14744,1,12.5302823996,0.552008778274
2012-04-06 20:23:58,14745,1,12.9505947686,0.420312369048
2012-04-06 20:23:59,14746,1,13.2294638103,0.278869041667
2012-04-06 20:24:00,14747,1,13.3251484345,0.0956846242559
2012-04-06 20:24:01,14748,1,13.2355651964,-0.0895832380952
2012-04-06 20:24:02,14749,1,13.0063985298,-0.229166666667
2012-04-06 20:24:03,14750,1,12.6989579687,-0.307440561012
2012-04-06 20:24:04,14751,1,12.3513388207,-0.347619148065
2012-04-06 20:24:05,14752,1,11.9261899301,-0.425148890625
2012-04-06 20:24:06,14753,1,11.265103564,-0.661086366071
2012-04-06 20:24:07,14754,1,10.1162940409,-1.14880952307
2012-04-06 20:24:08,14755,1,8.28139830506,-1.83489573586
2012-04-06 20:24:09,14756,1,5.8442705067,-2.43712779836
2012-04-06 20:24:10,14757,1,3.35632424628,-2.48794626042
2012-04-06 20:24:11,14758,1,0.0,-3.35632424628
2012-04-06 20:24:42,14789,31,0.0,0.0
2012-04-06 20:24:43,14790,1,3.7500738869,3.7500738869
2012-04-06 20:24:44,14791,1,6.73861541071,2.98854152381
2012-04-06 20:24:45,14792,1,9.97633865327,3.23772324256
2012-04-06 20:24:46,14793,1,12.9235857738,2.94724712054
2012-04-06 20:24:47,14794,1,15.4061006927,2.4825149189
2012-04-06 20:24:48,14795,1,17.4569191012,2.05081840848
2012-04-06 20:24:49,14796,1,19.1718744115,1.71495531027
2012-04-06 20:24:50,14797,1,20.6450143266,1.47313991518
2012-04-06 20:24:51,14798,1,21.9573656146,1.31235128795
2012-04-06 20:24:52,14799,1,23.1593746228,1.20200900818
2012-04-06 20:24:53,14800,1,24.2485859747,1.08921135193
2012-04-06 20:24:54,14801,1,25.1872020915,0.938616116815
2012-04-06 20:24:55,14802,1,25.9587051421,0.771503050595
2012-04-06 20:24:56,14803,1,26.6101189293,0.651413787202
2012-04-06 20:24:57,14804,1,27.2335565134,0.623437584077
2012-04-06 20:24:58,14805,1,27.903125006,0.669568492559
2012-04-06 20:24:59,14806,1,28.6292410833,0.726116077381
2012-04-06 20:25:00,14807,1,29.3659226213,0.736681537946
2012-04-06 20:25:01,14808,1,30.0569196176,0.69099699628
2012-04-06 20:25:02,14809,1,30.6828868311,0.625967213542
2012-04-06 20:25:03,14810,1,31.2709075751,0.588020744048
2012-04-06 20:25:04,14811,1,31.8598211034,0.588913528274
2012-04-06 20:25:05,14812,1,32.4662197173,0.606398613839
2012-04-06 20:25:06,14813,1,33.0909963743,0.624776656994
2012-04-06 20:25:07,14814,1,33.7385410216,0.647544647321
2012-04-06 20:25:08,14815,1,34.4087048549,0.670163833333
2012-04-06 20:25:09,14816,1,35.0793151577,0.670610302827
2012-04-06 20:25:10,14817,1,35.7105652031,0.631250045387
2012-04-06 20:25:11,14818,1,36.2735859062,0.563020703125
2012-04-06 20:25:12,14819,1,36.7781988594,0.504612953125
2012-04-06 20:25:13,14820,1,37.259895244,0.481696384673
2012-04-06 20:25:14,14821,1,37.7324398921,0.472544648066
2012-04-06 20:25:15,14822,1,38.1621273653,0.429687473214
2012-04-06 20:25:16,14823,1,38.4887641719,0.326636806548
2012-04-06 20:25:17,14824,1,38.673511064,0.184746892113
2012-04-06 20:25:18,14825,1,38.7321419457,0.0586308816964
2012-04-06 20:25:19,14826,1,38.7186746637,-0.013467281994
2012-04-06 20:25:20,14827,1,38.6818442232,-0.0368304404762
2012-04-06 20:25:21,14828,1,38.6425584018,-0.0392858214286
2012-04-06 20:25:22,14829,1,38.597841224,-0.0447171778274
2012-04-06 20:25:23,14830,1,38.533555878,-0.0642853459821
2012-04-06 20:25:24,14831,1,38.4399551689,-0.0936007090774
2012-04-06 20:25:25,14832,1,38.3255209435,-0.114434225446
2012-04-06 20:25:26,14833,1,38.2175595632,-0.107961380208
2012-04-06 20:25:27,14834,1,38.1488092225,-0.0687503407739
2012-04-06 20:25:28,14835,1,38.1450886801,-0.0037205424107
2012-04-06 20:25:29,14836,1,38.2183773408,0.0732886607143
2012-04-06 20:25:30,14837,1,38.3661454397,0.147768098958
2012-04-06 20:25:31,14838,1,38.5848213638,0.218675924107
2012-04-06 20:25:32,14839,1,38.8722471823,0.287425818452
2012-04-06 20:25:33,14840,1,39.1999257723,0.32767859003
2012-04-06 20:25:34,14841,1,39.5047618943,0.304836122024
2012-04-06 20:25:35,14842,1,39.7254460967,0.220684202381
2012-04-06 20:25:36,14843,1,39.8324397887,0.106993691964
2012-04-06 20:25:37,14844,1,39.8187490432,-0.0136907455357
2012-04-06 20:25:38,14845,1,39.6614573289,-0.157291714286
2012-04-06 20:25:39,14846,1,39.2918890707,-0.369568258185
2012-04-06 20:25:40,14847,1,38.6236601845,-0.668228886161
2012-04-06 20:25:41,14848,1,37.6033478668,-1.02031231771
2012-04-06 20:25:42,14849,1,36.2124996481,-1.39084821875
2012-04-06 20:25:43,14850,1,34.4651036652,-1.74739598289
2012-04-06 20:25:44,14851,1,32.4467999539,-2.01830371131
2012-04-06 20:25:45,14852,1,30.3279011421,-2.11889881176
2012-04-06 20:25:46,14853,1,28.3197167493,-2.00818439286
2012-04-06 20:25:47,14854,1,26.6132437225,-1.70647302679
2012-04-06 20:25:48,14855,1,25.3191962448,-1.29404747768
2012-04-06 20:25:49,14856,1,24.4538688586,-0.865327386161
2012-04-06 20:25:50,14857,1,23.9950145543,-0.458854304316
2012-04-06 20:25:51,14858,1,23.928570965,-0.0664435892857
2012-04-06 20:25:52,14859,1,24.2369042493,0.308333284226
2012-04-06 20:25:53,14860,1,24.8720233028,0.635119053571
2012-04-06 20:25:54,14861,1,25.7336304457,0.861607142857
2012-04-06 20:25:55,14862,1,26.6501482954,0.916517849702
2012-04-06 20:25:56,14863,1,27.401636433,0.751488137649
2012-04-06 20:25:57,14864,1,27.7980651399,0.396428706845
2012-04-06 20:25:58,14865,1,27.7547617522,-0.0433033876489
2012-04-06 20:25:59,14866,1,27.309746997,-0.445014755208
2012-04-06 20:26:00,14867,1,26.5655505722,-0.744196424851
2012-04-06 20:26:01,14868,1,25.5639879866,-1.00156258557
2012-04-06 20:26:02,14869,1,24.1960563408,-1.36793164583
2012-04-06 20:26:03,14870,1,22.2980651912,-1.89799114955
2012-04-06 20:26:04,14871,1,19.8903270119,-2.40773817932
2012-04-06 20:26:05,14872,1,17.3171126012,-2.57321441071
2012-04-06 20:26:06,14873,1,15.1440469509,-2.1730656503
2012-04-06 20:26:07,14874,1,13.8781241443,-1.26592280655
2012-04-06 20:26:08,14875,1,13.7026775885,-0.175446555804
2012-04-06 20:26:09,14876,1,14.4341507991,0.731473210565
2012-04-06 20:26:10,14877,1,15.7063979561,1.27224715699
2012-04-06 20:26:11,14878,1,17.171576753,1.46517879687
2012-04-06 20:26:12,14879,1,18.5893597143,1.41778296131
2012-04-06 20:26:13,14880,1,19.8366068698,1.24724715551
2012-04-06 20:26:14,14881,1,20.8664432098,1.02983634003
2012-04-06 20:26:15,14882,1,21.6566217812,0.790178571429
2012-04-06 20:26:16,14883,1,22.2134670551,0.55684527381
2012-04-06 20:26:17,14884,1,22.6041665141,0.390699459077
2012-04-06 20:26:18,14885,1,22.9450147262,0.340848212054
2012-04-06 20:26:19,14886,1,23.3527527321,0.407738005952
2012-04-06 20:26:20,14887,1,23.8973954643,0.544642732143
2012-04-06 20:26:21,14888,1,24.575073933,0.67767846875
2012-04-06 20:26:22,14889,1,25.3231393348,0.748065401786
2012-04-06 20:26:23,14890,1,26.0744785707,0.751339235863
2012-04-06 20:26:24,14891,1,26.8032732121,0.728794641369
2012-04-06 20:26:25,14892,1,27.5233625543,0.720089342262
2012-04-06 20:26:26,14893,1,28.2479162076,0.724553653274
2012-04-06 20:26:27,14894,1,28.9516365007,0.703720293155
2012-04-06 20:26:28,14895,1,29.5726186354,0.620982134673
2012-04-06 20:26:29,14896,1,30.0522316763,0.479613040923
2012-04-06 20:26:30,14897,1,30.3714280692,0.319196392857
2012-04-06 20:26:31,14898,1,30.5479906019,0.176562532738
2012-04-06 20:26:32,14899,1,30.6034966473,0.0555060453869
2012-04-06 20:26:33,14900,1,30.5342259115,-0.0692707358631
2012-04-06 20:26:34,14901,1,30.2975444048,-0.236681506696
2012-04-06 20:26:35,14902,1,29.798586032,-0.498958372768
2012-04-06 20:26:36,14903,1,28.8895085588,-0.909077473214
2012-04-06 20:26:37,14904,1,27.4189727478,-1.47053581101
2012-04-06 20:26:38,14905,1,25.3276036205,-2.09136912723
2012-04-06 20:26:39,14906,1,22.7443446354,-2.58325898512
2012-04-06 20:26:40,14907,1,20.0145827299,-2.72976190551
2012-04-06 20:26:41,14908,1,17.5827375848,-2.43184514509
2012-04-06 20:26:42,14909,1,15.7690472857,-1.81369029911
2012-04-06 20:26:43,14910,1,14.6148063981,-1.15424088765
2012-04-06 20:26:44,14911,1,13.909226125,-0.705580273066
2012-04-06 20:26:45,14912,1,13.3643600067,-0.544866118304
2012-04-06 20:26:46,14913,1,12.8174849129,-0.54687509375
2012-04-06 20:26:47,14914,1,12.3095979583,-0.507886954613
2012-04-06 20:26:48,14915,1,11.9843747433,-0.32522321503
2012-04-06 20:26:49,14916,1,11.9305057039,-0.0538690394346
2012-04-06 20:26:50,14917,1,12.1132437976,0.18273809375
2012-04-06 20:26:51,14918,1,12.3941961756,0.280952377976
2012-04-06 20:26:52,14919,1,12.5786455833,0.184449407738
2012-04-06 20:26:53,14920,1,12.4856396324,-0.0930059508928
2012-04-06 20:26:54,14921,1,12.0180056972,-0.467633935268
2012-04-06 20:26:55,14922,1,11.1794640365,-0.838541660714
2012-04-06 20:26:56,14923,1,10.0478420588,-1.13162197768
2012-04-06 20:26:57,14924,1,8.73891353571,-1.30892852307
2012-04-06 20:26:58,14925,1,7.37485099405,-1.36406254167
2012-04-06 20:26:59,14926,1,6.07924072991,-1.29561026414
2012-04-06 20:27:00,14927,1,4.98616023958,-1.09308049033
2012-04-06 20:27:01,14928,1,4.20052036012,-0.785639879464
2012-04-06 20:27:02,14929,1,3.71514103571,-0.485379324405
2012-04-06 20:27:03,14930,1,3.39799088765,-0.317150148065
2012-04-06 20:27:04,14931,1,3.09973940402,-0.298251483631
2012-04-06 20:27:05,14932,1,2.76934488021,-0.33039452381
2012-04-06 20:27:06,14933,1,2.46454550818,-0.304799372024
2012-04-06 20:27:07,14934,1,2.26926998289,-0.195275525298
2012-04-06 20:27:08,14935,1,2.2001478311,-0.0691221517857
2012-04-06 20:27:09,14936,1,2.19121921875,-0.00892861235119
2012-04-06 20:27:10,14937,1,2.16900940253,-0.0222098162202
2012-04-06 20:27:11,14938,1,2.11726093229,-0.0517484702381
2012-04-06 20:27:12,14939,1,2.0651404881,-0.0521204441964
2012-04-06 20:27:13,14940,1,2.04144270089,-0.0236977872024
2012-04-06 20:27:14,14941,1,2.04877169717,0.00732899627976
2012-04-06 20:27:15,14942,1,2.07879411458,0.0300224174107
2012-04-06 20:27:16,14943,1,2.13549061086,0.0566964962798
2012-04-06 20:27:17,14944,1,2.19233589955,0.0568452886905
2012-04-06 20:27:18,14945,1,2.12127939286,-0.0710565066964
2012-04-06 20:27:19,14946,1,1.76249968899,-0.358779703869
2012-04-06 20:27:20,14947,1,1.17111213542,-0.591387553571
2012-04-06 20:27:21,14948,1,0.0,-1.17111213542
