timestamp,cycle_sec,timestep,speed_mph,accel_meters_ps
2012-10-23 08:11:01,0,50271,0.0,0.0
2012-10-23 08:11:02,1,1,4.44311011905,4.44311011905
2012-10-23 08:11:03,2,1,8.11191964286,3.66880952381
2012-10-23 08:11:04,3,1,12.1030505952,3.99113095238
2012-10-23 08:11:05,4,1,15.5625297619,3.45947916667
2012-10-23 08:11:06,5,1,17.9480357143,2.38550595238
2012-10-23 08:11:07,6,1,19.0942708333,1.14623511905
2012-10-23 08:11:08,7,1,19.1212946429,0.0270238095238
2012-10-23 08:11:09,8,1,18.2436011905,-0.877693452381
2012-10-23 08:11:10,9,1,16.5733184524,-1.6702827381
2012-10-23 08:11:11,10,1,14.1200595238,-2.45325892857
2012-10-23 08:11:12,11,1,11.0995535714,-3.02050595238
2012-10-23 08:11:13,12,1,8.19308035714,-2.90647321429
2012-10-23 08:11:14,13,1,6.34084821429,-1.85223214286
2012-10-23 08:11:15,14,1,6.22886904762,-0.111979166667
2012-10-23 08:11:16,15,1,7.93891369048,1.71004464286
2012-10-23 08:11:17,16,1,10.9707589286,3.0318452381
2012-10-23 08:11:18,17,1,14.5438988095,3.57313988095
2012-10-23 08:11:19,18,1,17.9513392857,3.40744047619
2012-10-23 08:11:20,19,1,20.7220982143,2.77075892857
2012-10-23 08:11:21,20,1,22.5633184524,1.8412202381
2012-10-23 08:11:22,21,1,23.2926339286,0.72931547619
2012-10-23 08:11:23,22,1,22.8593005952,-0.433333333333
2012-10-23 08:11:24,23,1,21.344047619,-1.51525297619
2012-10-23 08:11:25,24,1,18.909375,-2.43467261905
2012-10-23 08:11:26,25,1,15.7899553571,-3.11941964286
2012-10-23 08:11:27,26,1,12.3331845238,-3.45677083333
2012-10-23 08:11:28,27,1,9.00855654762,-3.32462797619
2012-10-23 08:11:29,28,1,6.30729166667,-2.70126488095
2012-10-23 08:11:30,29,1,4.56822916667,-1.7390625
2012-10-23 08:11:31,30,1,3.89055059524,-0.677678571429
2012-10-23 08:11:32,31,1,4.17901785714,0.288467261905
2012-10-23 08:11:33,32,1,5.20022321429,1.02120535714
2012-10-23 08:11:34,33,1,6.62165178571,1.42142857143
2012-10-23 08:11:35,34,1,8.10230654762,1.4806547619
2012-10-23 08:11:36,35,1,9.41063988095,1.30833333333
2012-10-23 08:11:37,36,1,10.4740327381,1.06339285714
2012-10-23 08:11:38,37,1,11.2805059524,0.806473214286
2012-10-23 08:11:39,38,1,11.6848958333,0.404389880952
2012-10-23 08:11:40,39,1,11.3905505952,-0.294345238095
2012-10-23 08:11:41,40,1,10.2401785714,-1.15037202381
2012-10-23 08:11:42,41,1,8.46123511905,-1.77894345238
2012-10-23 08:11:43,42,1,6.525,-1.93623511905
2012-10-23 08:11:44,43,1,4.85870535714,-1.66629464286
2012-10-23 08:11:45,44,1,3.78973214286,-1.06897321429
2012-10-23 08:11:46,45,1,3.65230654762,-0.137425595238
2012-10-23 08:11:47,46,1,4.76696428571,1.1146577381
2012-10-23 08:11:48,47,1,7.21391369048,2.44694940476
2012-10-23 08:11:49,48,1,10.5863095238,3.37239583333
2012-10-23 08:11:50,49,1,14.0295386905,3.44322916667
2012-10-23 08:11:51,50,1,16.6605654762,2.63102678571
2012-10-23 08:11:52,51,1,18.0132440476,1.35267857143
2012-10-23 08:11:53,52,1,18.1380208333,0.124776785714
2012-10-23 08:11:54,53,1,17.4320684524,-0.705952380952
2012-10-23 08:11:55,54,1,16.4245535714,-1.00751488095
2012-10-23 08:11:56,55,1,15.5676339286,-0.856919642857
2012-10-23 08:11:57,56,1,15.0774553571,-0.490178571428
2012-10-23 08:11:58,57,1,14.9173363095,-0.160119047619
2012-10-23 08:11:59,58,1,14.9097470238,-0.0075892857143
2012-10-23 08:12:00,59,1,14.879985119,-0.0297619047619
2012-10-23 08:12:01,60,1,14.7639880952,-0.11599702381
2012-10-23 08:12:02,61,1,14.6378720238,-0.126116071429
2012-10-23 08:12:03,62,1,14.6445684524,0.0066964285715
2012-10-23 08:12:04,63,1,14.8704613095,0.225892857143
2012-10-23 08:12:05,64,1,15.2584077381,0.387946428571
2012-10-23 08:12:06,65,1,15.6034970238,0.345089285714
2012-10-23 08:12:07,66,1,15.6572172619,0.0537202380953
2012-10-23 08:12:08,67,1,15.2901785714,-0.367038690476
2012-10-23 08:12:09,68,1,14.571875,-0.718303571429
2012-10-23 08:12:10,69,1,13.7078125,-0.8640625
2012-10-23 08:12:11,70,1,12.9181547619,-0.789657738095
2012-10-23 08:12:12,71,1,12.3578869048,-0.560267857143
2012-10-23 08:12:13,72,1,12.1177083333,-0.240178571429
2012-10-23 08:12:14,73,1,12.2677827381,0.150074404762
2012-10-23 08:12:15,74,1,12.8465029762,0.578720238095
2012-10-23 08:12:16,75,1,13.7569940476,0.910491071428
2012-10-23 08:12:17,76,1,14.6866815476,0.9296875
2012-10-23 08:12:18,77,1,15.1879464286,0.501264880952
2012-10-23 08:12:19,78,1,14.876264881,-0.311681547619
2012-10-23 08:12:20,79,1,13.5879464286,-1.28831845238
2012-10-23 08:12:21,80,1,11.465625,-2.12232142857
2012-10-23 08:12:22,81,1,9.01644345238,-2.44918154762
2012-10-23 08:12:23,82,1,7.04650297619,-1.96994047619
2012-10-23 08:12:24,83,1,6.36302083333,-0.683482142857
2012-10-23 08:12:25,84,1,7.38087797619,1.01785714286
2012-10-23 08:12:26,85,1,9.9125,2.53162202381
2012-10-23 08:12:27,86,1,13.3119791667,3.39947916667
2012-10-23 08:12:28,87,1,16.896577381,3.58459821429
2012-10-23 08:12:29,88,1,20.2973958333,3.40081845238
2012-10-23 08:12:30,89,1,23.4430803571,3.14568452381
2012-10-23 08:12:31,90,1,26.3277529762,2.88467261905
2012-10-23 08:12:32,91,1,28.904985119,2.57723214286
2012-10-23 08:12:33,92,1,31.1349702381,2.22998511905
2012-10-23 08:12:34,93,1,33.0136160714,1.87864583333
2012-10-23 08:12:35,94,1,34.5566964286,1.54308035714
2012-10-23 08:12:36,95,1,35.7959821429,1.23928571429
2012-10-23 08:12:37,96,1,36.7851934524,0.989211309524
2012-10-23 08:12:38,97,1,37.5961309524,0.8109375
2012-10-23 08:12:39,98,1,38.3008928571,0.704761904762
2012-10-23 08:12:40,99,1,38.9468005952,0.645907738095
2012-10-23 08:12:41,100,1,39.5429315476,0.596130952381
2012-10-23 08:12:42,101,1,40.0680803571,0.525148809524
2012-10-23 08:12:43,102,1,40.4927083333,0.42462797619
2012-10-23 08:12:44,103,1,40.7995535714,0.306845238095
2012-10-23 08:12:45,104,1,40.990922619,0.191369047619
2012-10-23 08:12:46,105,1,41.0869791667,0.0960565476191
2012-10-23 08:12:47,106,1,41.1194940476,0.0325148809523
2012-10-23 08:12:48,107,1,41.1201636905,0.000669642857197
2012-10-23 08:12:49,108,1,41.1154761905,-0.0046875
2012-10-23 08:12:50,109,1,41.1302083333,0.0147321428571
2012-10-23 08:12:51,110,1,41.1866815476,0.0564732142857
2012-10-23 08:12:52,111,1,41.3017857143,0.115104166667
2012-10-23 08:12:53,112,1,41.4784970238,0.176711309524
2012-10-23 08:12:54,113,1,41.6848958333,0.206398809524
2012-10-23 08:12:55,114,1,41.8490327381,0.164136904762
2012-10-23 08:12:56,115,1,41.8932291667,0.0441964285715
2012-10-23 08:12:57,116,1,41.781547619,-0.111681547619
2012-10-23 08:12:58,117,1,41.5441220238,-0.237425595238
2012-10-23 08:12:59,118,1,41.264360119,-0.279761904762
2012-10-23 08:13:00,119,1,41.0336309524,-0.230729166667
2012-10-23 08:13:01,120,1,40.9041666667,-0.129464285714
2012-10-23 08:13:02,121,1,40.8775297619,-0.0266369047619
2012-10-23 08:13:03,122,1,40.9253720238,0.0478422619047
2012-10-23 08:13:04,123,1,41.0140625,0.0886904761905
2012-10-23 08:13:05,124,1,41.1236607143,0.109598214286
2012-10-23 08:13:06,125,1,41.2549107143,0.13125
2012-10-23 08:13:07,126,1,41.4152529762,0.160342261905
2012-10-23 08:13:08,127,1,41.6008184524,0.18556547619
2012-10-23 08:13:09,128,1,41.7961309524,0.1953125
2012-10-23 08:13:10,129,1,41.9863839286,0.19025297619
2012-10-23 08:13:11,130,1,42.1670386905,0.180654761905
2012-10-23 08:13:12,131,1,42.3392113095,0.172172619048
2012-10-23 08:13:13,132,1,42.484672619,0.145461309524
2012-10-23 08:13:14,133,1,42.5424107143,0.0577380952381
2012-10-23 08:13:15,134,1,42.431547619,-0.110863095238
2012-10-23 08:13:16,135,1,42.1203125,-0.311235119048
2012-10-23 08:13:17,136,1,41.6702380952,-0.450074404762
2012-10-23 08:13:18,137,1,41.1985119048,-0.471726190476
2012-10-23 08:13:19,138,1,40.7951636905,-0.403348214286
2012-10-23 08:13:20,139,1,40.485639881,-0.309523809524
2012-10-23 08:13:21,140,1,40.2691220238,-0.216517857143
2012-10-23 08:13:22,141,1,40.1598958333,-0.109226190476
2012-10-23 08:13:23,142,1,40.1486607143,-0.0112351190476
2012-10-23 08:13:24,143,1,40.1130952381,-0.0355654761905
2012-10-23 08:13:25,144,1,39.8042410714,-0.308854166667
2012-10-23 08:13:26,145,1,38.9610863095,-0.843154761905
2012-10-23 08:13:27,146,1,37.4476190476,-1.5134672619
2012-10-23 08:13:28,147,1,35.2959821429,-2.15163690476
2012-10-23 08:13:29,148,1,32.6537202381,-2.64226190476
2012-10-23 08:13:30,149,1,29.6979166667,-2.95580357143
2012-10-23 08:13:31,150,1,26.5784970238,-3.11941964286
2012-10-23 08:13:32,151,1,23.4087797619,-3.1697172619
2012-10-23 08:13:33,152,1,20.2671130952,-3.14166666667
2012-10-23 08:13:34,153,1,17.1982886905,-3.06882440476
2012-10-23 08:13:35,154,1,14.2277529762,-2.97053571429
2012-10-23 08:13:36,155,1,11.3507440476,-2.87700892857
2012-10-23 08:13:37,156,1,8.50833333333,-2.84241071429
2012-10-23 08:13:38,157,1,5.68861607143,-2.8197172619
2012-10-23 08:13:39,158,1,3.2,-2.48861607143
2012-10-23 08:13:40,159,1,0.0,-3.2
2012-10-23 08:14:12,191,32,0.0,0.0
2012-10-23 08:14:13,192,1,4.8728422619,4.8728422619
2012-10-23 08:14:14,193,1,8.37574404762,3.50290178571
2012-10-23 08:14:15,194,1,11.7201636905,3.34441964286
2012-10-23 08:14:16,195,1,14.3345982143,2.61443452381
2012-10-23 08:14:17,196,1,16.3232142857,1.98861607143
2012-10-23 08:14:18,197,1,18.1046130952,1.78139880952
2012-10-23 08:14:19,198,1,20.0281994048,1.92358630952
2012-10-23 08:14:20,199,1,22.1861607143,2.15796130952
2012-10-23 08:14:21,200,1,24.4715029762,2.2853422619
2012-10-23 08:14:22,201,1,26.7238095238,2.25230654762
2012-10-23 08:14:23,202,1,28.8058035714,2.08199404762
2012-10-23 08:14:24,203,1,30.637797619,1.83199404762
2012-10-23 08:14:25,204,1,32.1922619048,1.55446428571
2012-10-23 08:14:26,205,1,33.4119047619,1.21964285714
2012-10-23 08:14:27,206,1,34.1805059524,0.768601190476
2012-10-23 08:14:28,207,1,34.428125,0.247619047619
2012-10-23 08:14:29,208,1,34.2345982143,-0.193526785714
2012-10-23 08:14:30,209,1,33.8297619048,-0.404836309524
2012-10-23 08:14:31,210,1,33.4972470238,-0.332514880952
2012-10-23 08:14:32,211,1,33.4303571429,-0.0668898809524
2012-10-23 08:14:33,212,1,33.6593005952,0.228943452381
2012-10-23 08:14:34,213,1,34.101264881,0.441964285714
2012-10-23 08:14:35,214,1,34.6488095238,0.547544642857
2012-10-23 08:14:36,215,1,35.2263392857,0.577529761905
2012-10-23 08:14:37,216,1,35.7970238095,0.570684523809
2012-10-23 08:14:38,217,1,36.3444940476,0.547470238095
2012-10-23 08:14:39,218,1,36.8735119048,0.529017857143
2012-10-23 08:14:40,219,1,37.4131696429,0.539657738095
2012-10-23 08:14:41,220,1,38.0037202381,0.590550595238
2012-10-23 08:14:42,221,1,38.68125,0.677529761905
2012-10-23 08:14:43,222,1,39.4316964286,0.750446428571
2012-10-23 08:14:44,223,1,40.131547619,0.699851190476
2012-10-23 08:14:45,224,1,40.584375,0.452827380952
2012-10-23 08:14:46,225,1,40.6553571429,0.0709821428571
2012-10-23 08:14:47,226,1,40.3630208333,-0.292336309524
2012-10-23 08:14:48,227,1,39.8526785714,-0.510342261905
2012-10-23 08:14:49,228,1,39.2957589286,-0.556919642857
2012-10-23 08:14:50,229,1,38.7886160714,-0.507142857143
2012-10-23 08:14:51,230,1,38.323735119,-0.464880952381
2012-10-23 08:14:52,231,1,37.8444196429,-0.479315476191
2012-10-23 08:14:53,232,1,37.3084821429,-0.5359375
2012-10-23 08:14:54,233,1,36.7271577381,-0.581324404762
2012-10-23 08:14:55,234,1,36.1908482143,-0.536309523809
2012-10-23 08:14:56,235,1,35.8379464286,-0.352901785714
2012-10-23 08:14:57,236,1,35.7568452381,-0.0811011904762
2012-10-23 08:14:58,237,1,35.9119791667,0.155133928571
2012-10-23 08:14:59,238,1,36.1574404762,0.245461309524
2012-10-23 08:15:00,239,1,36.3040178571,0.146577380952
2012-10-23 08:15:01,240,1,36.1580357143,-0.145982142857
2012-10-23 08:15:02,241,1,35.5063988095,-0.651636904762
2012-10-23 08:15:03,242,1,34.1348958333,-1.37150297619
2012-10-23 08:15:04,243,1,31.9348214286,-2.20007440476
2012-10-23 08:15:05,244,1,28.9992559524,-2.93556547619
2012-10-23 08:15:06,245,1,25.5861607143,-3.4130952381
2012-10-23 08:15:07,246,1,21.9563456633,-3.62981505102
2012-10-23 08:15:08,247,1,18.2363732993,-3.71997236395
2012-10-23 08:15:09,248,1,14.4718218537,-3.76455144558
2012-10-23 08:15:10,249,1,10.8274447279,-3.64437712585
2012-10-23 08:15:11,250,1,7.66766581633,-3.15977891156
2012-10-23 08:15:12,251,1,5.37727465986,-2.29039115646
2012-10-23 08:15:13,252,1,4.10367772109,-1.27359693878
2012-10-23 08:15:14,253,1,3.65621811224,-0.447459608844
2012-10-23 08:15:15,254,1,3.63172831633,-0.0244897959184
2012-10-23 08:15:16,255,1,3.71663477891,0.084906462585
2012-10-23 08:15:17,256,1,3.96268069728,0.246045918367
2012-10-23 08:15:18,257,1,4.73478954082,0.772108843537
2012-10-23 08:15:19,258,1,6.34021045918,1.60542091837
2012-10-23 08:15:20,259,1,8.74699192177,2.40678146259
2012-10-23 08:15:21,260,1,11.6441326531,2.89714073129
2012-10-23 08:15:22,261,1,14.6874043367,3.04327168367
2012-10-23 08:15:23,262,1,17.689147534,3.00174319728
2012-10-23 08:15:24,263,1,20.6030293367,2.91388180272
2012-10-23 08:15:25,264,1,23.3430059524,2.73997661565
2012-10-23 08:15:26,265,1,25.7207589286,2.37775297619
2012-10-23 08:15:27,266,1,27.6113095238,1.89055059524
2012-10-23 08:15:28,267,1,29.0716517857,1.4603422619
2012-10-23 08:15:29,268,1,30.2504464286,1.17879464286
2012-10-23 08:15:30,269,1,31.2533482143,1.00290178571
2012-10-23 08:15:31,270,1,32.10625,0.852901785714
2012-10-23 08:15:32,271,1,32.7931547619,0.686904761905
2012-10-23 08:15:33,272,1,33.3057291667,0.512574404762
2012-10-23 08:15:34,273,1,33.6664434524,0.360714285714
2012-10-23 08:15:35,274,1,33.9158482143,0.249404761905
2012-10-23 08:15:36,275,1,34.0789434524,0.163095238095
2012-10-23 08:15:37,276,1,34.1435267857,0.0645833333333
2012-10-23 08:15:38,277,1,34.0769345238,-0.0665922619048
2012-10-23 08:15:39,278,1,33.8667410714,-0.210193452381
2012-10-23 08:15:40,279,1,33.5405505952,-0.32619047619
2012-10-23 08:15:41,280,1,33.1380208333,-0.402529761905
2012-10-23 08:15:42,281,1,32.6626488095,-0.475372023809
2012-10-23 08:15:43,282,1,32.0709077381,-0.591741071429
2012-10-23 08:15:44,283,1,31.3203125,-0.750595238095
2012-10-23 08:15:45,284,1,30.4334821429,-0.886830357143
2012-10-23 08:15:46,285,1,29.504985119,-0.928497023809
2012-10-23 08:15:47,286,1,28.6220982143,-0.882886904762
2012-10-23 08:15:48,287,1,27.7468005952,-0.875297619048
2012-10-23 08:15:49,288,1,26.6376488095,-1.10915178571
2012-10-23 08:15:50,289,1,24.8865327381,-1.75111607143
2012-10-23 08:15:51,290,1,22.0993303571,-2.78720238095
2012-10-23 08:15:52,291,1,18.1651041667,-3.93422619048
2012-10-23 08:15:53,292,1,13.5075892857,-4.65751488095
2012-10-23 08:15:54,293,1,9.13556547619,-4.37202380952
2012-10-23 08:15:55,294,1,6.284375,-2.85119047619
2012-10-23 08:15:56,295,1,5.76391369048,-0.520461309524
2012-10-23 08:15:57,296,1,7.51674107143,1.75282738095
2012-10-23 08:15:58,297,1,10.7446428571,3.22790178571
2012-10-23 08:15:59,298,1,14.4541666667,3.70952380952
2012-10-23 08:16:00,299,1,17.9675595238,3.51339285714
2012-10-23 08:16:01,300,1,21.0427083333,3.07514880952
2012-10-23 08:16:02,301,1,23.6522321429,2.60952380952
2012-10-23 08:16:03,302,1,25.7801339286,2.12790178571
2012-10-23 08:16:04,303,1,27.422172619,1.64203869048
2012-10-23 08:16:05,304,1,28.645014881,1.2228422619
2012-10-23 08:16:06,305,1,29.5615327381,0.916517857143
2012-10-23 08:16:07,306,1,30.2694196429,0.707886904762
2012-10-23 08:16:08,307,1,30.8324404762,0.563020833333
2012-10-23 08:16:09,308,1,31.2900297619,0.457589285714
2012-10-23 08:16:10,309,1,31.6517113095,0.361681547619
2012-10-23 08:16:11,310,1,31.8911458333,0.239434523809
2012-10-23 08:16:12,311,1,31.9801339286,0.0889880952381
2012-10-23 08:16:13,312,1,31.9444196429,-0.0357142857143
2012-10-23 08:16:14,313,1,31.8799107143,-0.0645089285714
2012-10-23 08:16:15,314,1,31.9017113095,0.0218005952381
2012-10-23 08:16:16,315,1,32.0593005952,0.157589285714
2012-10-23 08:16:17,316,1,32.2947172619,0.235416666667
2012-10-23 08:16:18,317,1,32.4927827381,0.19806547619
2012-10-23 08:16:19,318,1,32.5715029762,0.0787202380953
2012-10-23 08:16:20,319,1,32.523139881,-0.0483630952381
2012-10-23 08:16:21,320,1,32.3870535714,-0.136086309524
2012-10-23 08:16:22,321,1,32.2016369048,-0.185416666667
2012-10-23 08:16:23,322,1,31.9827380952,-0.218898809524
2012-10-23 08:16:24,323,1,31.7248511905,-0.257886904762
2012-10-23 08:16:25,324,1,31.3983630952,-0.326488095238
2012-10-23 08:16:26,325,1,30.9608630952,-0.4375
2012-10-23 08:16:27,326,1,30.3901041667,-0.570758928571
2012-10-23 08:16:28,327,1,29.6916666667,-0.6984375
2012-10-23 08:16:29,328,1,28.8771577381,-0.814508928571
2012-10-23 08:16:30,329,1,27.9489583333,-0.928199404762
2012-10-23 08:16:31,330,1,26.8899553571,-1.05900297619
2012-10-23 08:16:32,331,1,25.651264881,-1.23869047619
2012-10-23 08:16:33,332,1,24.1424107143,-1.50885416667
2012-10-23 08:16:34,333,1,22.240625,-1.90178571429
2012-10-23 08:16:35,334,1,19.8555059524,-2.38511904762
2012-10-23 08:16:36,335,1,17.0099702381,-2.84553571429
2012-10-23 08:16:37,336,1,13.826264881,-3.18370535714
2012-10-23 08:16:38,337,1,10.4329613095,-3.39330357143
2012-10-23 08:16:39,338,1,6.98660714286,-3.44635416667
2012-10-23 08:16:40,339,1,3.9056547619,-3.08095238095
2012-10-23 08:16:41,340,1,0.0,-3.9056547619
2012-10-23 08:16:56,355,15,0.0,0.0
2012-10-23 08:16:57,356,1,3.33772321429,3.33772321429
2012-10-23 08:16:58,357,1,5.59992559524,2.26220238095
2012-10-23 08:16:59,358,1,7.94174107143,2.34181547619
2012-10-23 08:17:00,359,1,10.2541666667,2.31242559524
2012-10-23 08:17:01,360,1,12.6392113095,2.38504464286
2012-10-23 08:17:02,361,1,14.9254464286,2.28623511905
2012-10-23 08:17:03,362,1,16.6254464286,1.7
2012-10-23 08:17:04,363,1,17.2712053571,0.645758928571
2012-10-23 08:17:05,364,1,16.7171875,-0.554017857143
2012-10-23 08:17:06,365,1,15.2063244048,-1.51086309524
2012-10-23 08:17:07,366,1,13.2604166667,-1.9459077381
2012-10-23 08:17:08,367,1,11.4363839286,-1.8240327381
2012-10-23 08:17:09,368,1,10.0328125,-1.40357142857
2012-10-23 08:17:10,369,1,8.96681547619,-1.06599702381
2012-10-23 08:17:11,370,1,7.93675595238,-1.03005952381
2012-10-23 08:17:12,371,1,6.72961309524,-1.20714285714
2012-10-23 08:17:13,372,1,5.41703869048,-1.31257440476
2012-10-23 08:17:14,373,1,4.28764880952,-1.12938988095
2012-10-23 08:17:15,374,1,3.60870535714,-0.678943452381
2012-10-23 08:17:16,375,1,3.45505952381,-0.153645833333
2012-10-23 08:17:17,376,1,3.71510416667,0.260044642857
2012-10-23 08:17:18,377,1,4.20066964286,0.48556547619
2012-10-23 08:17:19,378,1,4.74828869048,0.547619047619
2012-10-23 08:17:20,379,1,5.24888392857,0.500595238095
2012-10-23 08:17:21,380,1,5.63422619048,0.385342261905
2012-10-23 08:17:22,381,1,5.875,0.240773809524
2012-10-23 08:17:23,382,1,5.9759672619,0.100967261905
2012-10-23 08:17:24,383,1,5.95944940476,-0.0165178571428
2012-10-23 08:17:25,384,1,5.86495535714,-0.0944940476191
2012-10-23 08:17:26,385,1,5.74821428571,-0.116741071429
2012-10-23 08:17:27,386,1,5.66398809524,-0.0842261904762
2012-10-23 08:17:28,387,1,5.64910714286,-0.0148809523809
2012-10-23 08:17:29,388,1,5.69769345238,0.0485863095238
2012-10-23 08:17:30,389,1,5.74077380952,0.0430803571429
2012-10-23 08:17:31,390,1,5.67894345238,-0.0618303571429
2012-10-23 08:17:32,391,1,5.4453125,-0.233630952381
2012-10-23 08:17:33,392,1,5.00305059524,-0.442261904762
2012-10-23 08:17:34,393,1,4.28199404762,-0.721056547619
2012-10-23 08:17:35,394,1,3.2193452381,-1.06264880952
2012-10-23 08:17:36,395,1,1.99118303571,-1.22816220238
2012-10-23 08:17:37,396,1,0.0,-1.99118303571
2012-10-23 08:17:54,413,17,0.0,0.0
2012-10-23 08:17:55,414,1,2.71480654762,2.71480654762
2012-10-23 08:17:56,415,1,4.5365327381,1.82172619048
2012-10-23 08:17:57,416,1,6.12953869048,1.59300595238
2012-10-23 08:17:58,417,1,7.19285714286,1.06331845238
2012-10-23 08:17:59,418,1,7.8271577381,0.634300595238
2012-10-23 08:18:00,419,1,8.24609375,0.418936011905
2012-10-23 08:18:01,420,1,8.60208333333,0.355989583333
2012-10-23 08:18:02,421,1,8.98556547619,0.383482142857
2012-10-23 08:18:03,422,1,9.45357142857,0.468005952381
2012-10-23 08:18:04,423,1,9.98430059524,0.530729166667
2012-10-23 08:18:05,424,1,10.4238095238,0.439508928571
2012-10-23 08:18:06,425,1,10.5566964286,0.132886904762
2012-10-23 08:18:07,426,1,10.2734375,-0.283258928571
2012-10-23 08:18:08,427,1,9.63995535714,-0.633482142857
2012-10-23 08:18:09,428,1,8.79069940476,-0.849255952381
2012-10-23 08:18:10,429,1,7.81235119048,-0.978348214286
2012-10-23 08:18:11,430,1,6.76049107143,-1.05186011905
2012-10-23 08:18:12,431,1,5.72540922619,-1.03508184524
2012-10-23 08:18:13,432,1,4.81478794643,-0.910621279762
2012-10-23 08:18:14,433,1,4.07310267857,-0.741685267857
2012-10-23 08:18:15,434,1,3.46110491071,-0.611997767857
2012-10-23 08:18:16,435,1,2.93173363095,-0.529371279762
2012-10-23 08:18:17,436,1,2.49607514881,-0.435658482143
2012-10-23 08:18:18,437,1,2.20212053571,-0.293954613095
2012-10-23 08:18:19,438,1,2.06800595238,-0.134114583333
2012-10-23 08:18:20,439,1,2.04482886905,-0.0231770833333
2012-10-23 08:18:21,440,1,2.057421875,0.0125930059524
2012-10-23 08:18:22,441,1,2.09371279762,0.036290922619
2012-10-23 08:18:23,442,1,2.23204985119,0.138337053571
2012-10-23 08:18:24,443,1,2.55316220238,0.32111235119
2012-10-23 08:18:25,444,1,3.02769717262,0.474534970238
2012-10-23 08:18:26,445,1,3.49776785714,0.470070684524
2012-10-23 08:18:27,446,1,3.76091889881,0.263151041667
2012-10-23 08:18:28,447,1,3.69371279762,-0.0672061011905
2012-10-23 08:18:29,448,1,3.34428943452,-0.349423363095
2012-10-23 08:18:30,449,1,2.90948660714,-0.434802827381
2012-10-23 08:18:31,450,1,2.6013578869,-0.308128720238
2012-10-23 08:18:32,451,1,2.52659970238,-0.0747581845238
2012-10-23 08:18:33,452,1,2.64739583333,0.120796130952
2012-10-23 08:18:34,453,1,2.82406994048,0.176674107143
2012-10-23 08:18:35,454,1,2.93336433532,0.109294394841
2012-10-23 08:18:36,455,1,2.9599578373,0.0265935019841
2012-10-23 08:18:37,456,1,2.95749627976,-0.00246155753969
2012-10-23 08:18:38,457,1,2.95658482143,-0.00091145833333
2012-10-23 08:18:39,458,1,2.94287574405,-0.013709077381
2012-10-23 08:18:40,459,1,2.91264880952,-0.0302269345238
2012-10-23 08:18:41,460,1,2.9257750496,0.0131262400794
2012-10-23 08:18:42,461,1,3.05601438492,0.130239335317
2012-10-23 08:18:43,462,1,3.27978050595,0.223766121032
2012-10-23 08:18:44,463,1,3.47217261905,0.192392113095
2012-10-23 08:18:45,464,1,3.51808035714,0.0459077380952
2012-10-23 08:18:46,465,1,3.39910714286,-0.118973214286
2012-10-23 08:18:47,466,1,3.19024677579,-0.208860367063
2012-10-23 08:18:48,467,1,2.97800099206,-0.21224578373
2012-10-23 08:18:49,468,1,2.7849702381,-0.193030753968
2012-10-23 08:18:50,469,1,2.60282738095,-0.182142857143
2012-10-23 08:18:51,470,1,2.476171875,-0.126655505952
2012-10-23 08:18:52,471,1,2.48474702381,0.00857514880952
2012-10-23 08:18:53,472,1,2.63519345238,0.150446428571
2012-10-23 08:18:54,473,1,2.84620535714,0.211011904762
2012-10-23 08:18:55,474,1,3.077734375,0.231529017857
2012-10-23 08:18:56,475,1,3.43597470238,0.358240327381
2012-10-23 08:18:57,476,1,4.15068824405,0.714713541667
2012-10-23 08:18:58,477,1,5.46164434524,1.31095610119
2012-10-23 08:18:59,478,1,7.47827380952,2.01662946429
2012-10-23 08:19:00,479,1,10.115625,2.63735119048
2012-10-23 08:19:01,480,1,13.146875,3.03125
2012-10-23 08:19:02,481,1,16.274702381,3.12782738095
2012-10-23 08:19:03,482,1,19.1802827381,2.90558035714
2012-10-23 08:19:04,483,1,21.6113095238,2.43102678571
2012-10-23 08:19:05,484,1,23.478422619,1.86711309524
2012-10-23 08:19:06,485,1,24.8485863095,1.37016369048
2012-10-23 08:19:07,486,1,25.844047619,0.995461309524
2012-10-23 08:19:08,487,1,26.5601190476,0.716071428571
2012-10-23 08:19:09,488,1,27.0394345238,0.479315476191
2012-10-23 08:19:10,489,1,27.2711309524,0.231696428571
2012-10-23 08:19:11,490,1,27.2104166667,-0.0607142857143
2012-10-23 08:19:12,491,1,26.8086309524,-0.401785714286
2012-10-23 08:19:13,492,1,26.0267113095,-0.781919642857
2012-10-23 08:19:14,493,1,24.8427083333,-1.18400297619
2012-10-23 08:19:15,494,1,23.268452381,-1.57425595238
2012-10-23 08:19:16,495,1,21.3540922619,-1.91436011905
2012-10-23 08:19:17,496,1,19.184672619,-2.16941964286
2012-10-23 08:19:18,497,1,16.8875744048,-2.29709821429
2012-10-23 08:19:19,498,1,14.6145833333,-2.27299107143
2012-10-23 08:19:20,499,1,12.4972470238,-2.11733630952
2012-10-23 08:19:21,500,1,10.63125,-1.86599702381
2012-10-23 08:19:22,501,1,9.08236607143,-1.54888392857
2012-10-23 08:19:23,502,1,7.89211309524,-1.19025297619
2012-10-23 08:19:24,503,1,7.06227678571,-0.829836309524
2012-10-23 08:19:25,504,1,6.47931547619,-0.582961309524
2012-10-23 08:19:26,505,1,5.91793154762,-0.561383928571
2012-10-23 08:19:27,506,1,5.28898809524,-0.628943452381
2012-10-23 08:19:28,507,1,4.89694940476,-0.392038690476
2012-10-23 08:19:29,508,1,5.33430059524,0.437351190476
2012-10-23 08:19:30,509,1,7.06264880952,1.72834821429
2012-10-23 08:19:31,510,1,10.0587797619,2.99613095238
2012-10-23 08:19:32,511,1,13.8125,3.7537202381
2012-10-23 08:19:33,512,1,17.6654017857,3.85290178571
2012-10-23 08:19:34,513,1,21.1703125,3.50491071429
2012-10-23 08:19:35,514,1,24.1568452381,2.9865327381
2012-10-23 08:19:36,515,1,26.592485119,2.43563988095
2012-10-23 08:19:37,516,1,28.5097470238,1.91726190476
2012-10-23 08:19:38,517,1,30.009375,1.49962797619
2012-10-23 08:19:39,518,1,31.218452381,1.20907738095
2012-10-23 08:19:40,519,1,32.2139880952,0.995535714286
2012-10-23 08:19:41,520,1,32.993452381,0.779464285714
2012-10-23 08:19:42,521,1,33.5192708333,0.525818452381
2012-10-23 08:19:43,522,1,33.7781994048,0.258928571429
2012-10-23 08:19:44,523,1,33.7996279762,0.0214285714286
2012-10-23 08:19:45,524,1,33.6555803571,-0.144047619048
2012-10-23 08:19:46,525,1,33.4566220238,-0.198958333333
2012-10-23 08:19:47,526,1,33.3194196429,-0.137202380952
2012-10-23 08:19:48,527,1,33.3156994048,-0.0037202380952
2012-10-23 08:19:49,528,1,33.4318452381,0.116145833333
2012-10-23 08:19:50,529,1,33.5741071429,0.142261904762
2012-10-23 08:19:51,530,1,33.6520833333,0.0779761904762
2012-10-23 08:19:52,531,1,33.6758184524,0.0237351190477
2012-10-23 08:19:53,532,1,33.7477678571,0.0719494047619
2012-10-23 08:19:54,533,1,33.9620535714,0.214285714286
2012-10-23 08:19:55,534,1,34.3288690476,0.36681547619
2012-10-23 08:19:56,535,1,34.7756696429,0.446800595238
2012-10-23 08:19:57,536,1,35.1945684524,0.418898809524
2012-10-23 08:19:58,537,1,35.5022321429,0.307663690476
2012-10-23 08:19:59,538,1,35.6876488095,0.185416666667
2012-10-23 08:20:00,539,1,35.8158482143,0.128199404762
2012-10-23 08:20:01,540,1,35.9776785714,0.161830357143
2012-10-23 08:20:02,541,1,36.2183779762,0.240699404762
2012-10-23 08:20:03,542,1,36.4991815476,0.280803571428
2012-10-23 08:20:04,543,1,36.7380208333,0.238839285714
2012-10-23 08:20:05,544,1,36.8993303571,0.16130952381
2012-10-23 08:20:06,545,1,37.0251488095,0.125818452381
2012-10-23 08:20:07,546,1,37.1706845238,0.145535714286
2012-10-23 08:20:08,547,1,37.3364583333,0.165773809524
2012-10-23 08:20:09,548,1,37.482514881,0.146056547619
2012-10-23 08:20:10,549,1,37.5923363095,0.109821428571
2012-10-23 08:20:11,550,1,37.6975446429,0.105208333333
2012-10-23 08:20:12,551,1,37.845014881,0.147470238095
2012-10-23 08:20:13,552,1,38.0529017857,0.207886904762
2012-10-23 08:20:14,553,1,38.2958333333,0.242931547619
2012-10-23 08:20:15,554,1,38.528125,0.232291666667
2012-10-23 08:20:16,555,1,38.7029761905,0.174851190476
2012-10-23 08:20:17,556,1,38.7570684524,0.0540922619047
2012-10-23 08:20:18,557,1,38.610639881,-0.146428571429
2012-10-23 08:20:19,558,1,38.2286458333,-0.381994047619
2012-10-23 08:20:20,559,1,37.7084821429,-0.520163690476
2012-10-23 08:20:21,560,1,37.3162946429,-0.3921875
2012-10-23 08:20:22,561,1,37.3958333333,0.0795386904762
2012-10-23 08:20:23,562,1,38.1416666667,0.745833333333
2012-10-23 08:20:24,563,1,39.3675595238,1.22589285714
2012-10-23 08:20:25,564,1,40.4619791667,1.09441964286
2012-10-23 08:20:26,565,1,40.6072172619,0.145238095238
2012-10-23 08:20:27,566,1,39.1744791667,-1.43273809524
2012-10-23 08:20:28,567,1,36.0959077381,-3.07857142857
2012-10-23 08:20:29,568,1,31.9693452381,-4.1265625
2012-10-23 08:20:30,569,1,27.7785714286,-4.19077380952
2012-10-23 08:20:31,570,1,24.4067708333,-3.37180059524
2012-10-23 08:20:32,571,1,22.2991815476,-2.10758928571
2012-10-23 08:20:33,572,1,21.4694196429,-0.829761904762
2012-10-23 08:20:34,573,1,21.7261160714,0.256696428571
2012-10-23 08:20:35,574,1,22.8593005952,1.13318452381
2012-10-23 08:20:36,575,1,24.6502232143,1.79092261905
2012-10-23 08:20:37,576,1,26.809672619,2.15944940476
2012-10-23 08:20:38,577,1,29.0329613095,2.22328869048
2012-10-23 08:20:39,578,1,31.1453869048,2.11242559524
2012-10-23 08:20:40,579,1,33.1383928571,1.99300595238
2012-10-23 08:20:41,580,1,35.0511904762,1.91279761905
2012-10-23 08:20:42,581,1,36.8563244048,1.80513392857
2012-10-23 08:20:43,582,1,38.4665922619,1.61026785714
2012-10-23 08:20:44,583,1,39.8199404762,1.35334821429
2012-10-23 08:20:45,584,1,40.9248511905,1.10491071429
2012-10-23 08:20:46,585,1,41.8089285714,0.884077380952
2012-10-23 08:20:47,586,1,42.452827381,0.643898809524
2012-10-23 08:20:48,587,1,42.8219494048,0.36912202381
2012-10-23 08:20:49,588,1,42.945014881,0.12306547619
2012-10-23 08:20:50,589,1,42.9141369048,-0.0308779761905
2012-10-23 08:20:51,590,1,42.8230654762,-0.0910714285714
2012-10-23 08:20:52,591,1,42.7295386905,-0.0935267857143
2012-10-23 08:20:53,592,1,42.6552827381,-0.074255952381
2012-10-23 08:20:54,593,1,42.6078125,-0.0474702380952
2012-10-23 08:20:55,594,1,42.5988839286,-0.0089285714286
2012-10-23 08:20:56,595,1,42.6264880952,0.0276041666667
2012-10-23 08:20:57,596,1,42.6549107143,0.0284226190476
2012-10-23 08:20:58,597,1,42.6442708333,-0.0106398809524
2012-10-23 08:20:59,598,1,42.5888392857,-0.055431547619
2012-10-23 08:21:00,599,1,42.5124255952,-0.0764136904762
2012-10-23 08:21:01,600,1,42.4433035714,-0.0691220238095
2012-10-23 08:21:02,601,1,42.3985863095,-0.0447172619048
2012-10-23 08:21:03,602,1,42.3837797619,-0.014806547619
2012-10-23 08:21:04,603,1,42.4072916667,0.0235119047619
2012-10-23 08:21:05,604,1,42.4864583333,0.0791666666666
2012-10-23 08:21:06,605,1,42.6230654762,0.136607142857
2012-10-23 08:21:07,606,1,42.7767857143,0.153720238095
2012-10-23 08:21:08,607,1,42.8824404762,0.105654761905
2012-10-23 08:21:09,608,1,42.9027529762,0.0203125
2012-10-23 08:21:10,609,1,42.8570684524,-0.0456845238096
2012-10-23 08:21:11,610,1,42.7911458333,-0.0659226190476
2012-10-23 08:21:12,611,1,42.7238839286,-0.0672619047619
2012-10-23 08:21:13,612,1,42.6353422619,-0.0885416666666
2012-10-23 08:21:14,613,1,42.5055059524,-0.129836309524
2012-10-23 08:21:15,614,1,42.3478422619,-0.157663690476
2012-10-23 08:21:16,615,1,42.2061011905,-0.141741071429
2012-10-23 08:21:17,616,1,42.1395089286,-0.0665922619048
2012-10-23 08:21:18,617,1,42.2061011905,0.0665922619048
2012-10-23 08:21:19,618,1,42.4345982143,0.22849702381
2012-10-23 08:21:20,619,1,42.8067708333,0.372172619048
2012-10-23 08:21:21,620,1,43.2632440476,0.456473214286
2012-10-23 08:21:22,621,1,43.7119791667,0.448735119048
2012-10-23 08:21:23,622,1,44.0498511905,0.337872023809
2012-10-23 08:21:24,623,1,44.2109375,0.161086309524
2012-10-23 08:21:25,624,1,44.1969494048,-0.0139880952381
2012-10-23 08:21:26,625,1,44.0698660714,-0.127083333333
2012-10-23 08:21:27,626,1,43.9314732143,-0.138392857143
2012-10-23 08:21:28,627,1,43.8680059524,-0.0634672619048
2012-10-23 08:21:29,628,1,43.854389881,-0.0136160714285
2012-10-23 08:21:30,629,1,43.7070684524,-0.147321428571
2012-10-23 08:21:31,630,1,43.1485863095,-0.558482142857
2012-10-23 08:21:32,631,1,41.934077381,-1.21450892857
2012-10-23 08:21:33,632,1,39.9540922619,-1.97998511905
2012-10-23 08:21:34,633,1,37.2634672619,-2.690625
2012-10-23 08:21:35,634,1,34.0337053571,-3.22976190476
2012-10-23 08:21:36,635,1,30.4784970238,-3.55520833333
2012-10-23 08:21:37,636,1,26.7961309524,-3.68236607143
2012-10-23 08:21:38,637,1,23.1089285714,-3.68720238095
2012-10-23 08:21:39,638,1,19.4067708333,-3.7021577381
2012-10-23 08:21:40,639,1,15.5794642857,-3.82730654762
2012-10-23 08:21:41,640,1,11.5671130952,-4.01235119048
2012-10-23 08:21:42,641,1,7.55089285714,-4.0162202381
2012-10-23 08:21:43,642,1,4.06715029762,-3.48374255952
2012-10-23 08:21:44,643,1,0.0,-4.06715029762
2012-10-23 08:22:04,663,20,0.0,0.0
2012-10-23 08:22:05,664,1,2.80915178571,2.80915178571
2012-10-23 08:22:06,665,1,5.29955357143,2.49040178571
2012-10-23 08:22:07,666,1,8.3959077381,3.09635416667
2012-10-23 08:22:08,667,1,11.7700892857,3.37418154762
2012-10-23 08:22:09,668,1,15.2208333333,3.45074404762
2012-10-23 08:22:10,669,1,18.5326264881,3.31179315476
2012-10-23 08:22:11,670,1,21.4729166667,2.94029017857
2012-10-23 08:22:12,671,1,23.8875,2.41458333333
2012-10-23 08:22:13,672,1,25.7861607143,1.89866071429
2012-10-23 08:22:14,673,1,27.3229166667,1.53675595238
2012-10-23 08:22:15,674,1,28.6804315476,1.35751488095
2012-10-23 08:22:16,675,1,29.9777529762,1.29732142857
2012-10-23 08:22:17,676,1,31.2567708333,1.27901785714
2012-10-23 08:22:18,677,1,32.4992559524,1.24248511905
2012-10-23 08:22:19,678,1,33.6398065476,1.14055059524
2012-10-23 08:22:20,679,1,34.5961309524,0.956324404762
2012-10-23 08:22:21,680,1,35.3323660714,0.736235119048
2012-10-23 08:22:22,681,1,35.9006696429,0.568303571429
2012-10-23 08:22:23,682,1,36.4026041667,0.50193452381
2012-10-23 08:22:24,683,1,36.8959821429,0.49337797619
2012-10-23 08:22:25,684,1,37.3226190476,0.426636904762
2012-10-23 08:22:26,685,1,37.5304315476,0.2078125
2012-10-23 08:22:27,686,1,37.384077381,-0.146354166667
2012-10-23 08:22:28,687,1,36.8601190476,-0.523958333333
2012-10-23 08:22:29,688,1,36.0729910714,-0.78712797619
2012-10-23 08:22:30,689,1,35.254985119,-0.818005952381
2012-10-23 08:22:31,690,1,34.6880208333,-0.566964285714
2012-10-23 08:22:32,691,1,34.5908482143,-0.0971726190476
2012-10-23 08:22:33,692,1,35.0061755952,0.415327380952
2012-10-23 08:22:34,693,1,35.7433779762,0.737202380952
2012-10-23 08:22:35,694,1,36.4425595238,0.699181547619
2012-10-23 08:22:36,695,1,36.7786458333,0.336086309524
2012-10-23 08:22:37,696,1,36.6810267857,-0.097619047619
2012-10-23 08:22:38,697,1,36.3655505952,-0.315476190476
2012-10-23 08:22:39,698,1,36.1394345238,-0.226116071429
2012-10-23 08:22:40,699,1,36.1726934524,0.0332589285715
2012-10-23 08:22:41,700,1,36.4194940476,0.246800595238
2012-10-23 08:22:42,701,1,36.7020089286,0.282514880952
2012-10-23 08:22:43,702,1,36.8306547619,0.128645833333
2012-10-23 08:22:44,703,1,36.5904017857,-0.240252976191
2012-10-23 08:22:45,704,1,35.6444196429,-0.945982142857
2012-10-23 08:22:46,705,1,33.6477678571,-1.99665178571
2012-10-23 08:22:47,706,1,30.5703125,-3.07745535714
2012-10-23 08:22:48,707,1,26.8344494048,-3.73586309524
2012-10-23 08:22:49,708,1,23.0904761905,-3.74397321429
2012-10-23 08:22:50,709,1,19.8397321429,-3.25074404762
2012-10-23 08:22:51,710,1,17.1941964286,-2.64553571429
2012-10-23 08:22:52,711,1,14.9533482143,-2.24084821429
2012-10-23 08:22:53,712,1,12.8767857143,-2.0765625
2012-10-23 08:22:54,713,1,10.8458333333,-2.03095238095
2012-10-23 08:22:55,714,1,8.85305059524,-1.9927827381
2012-10-23 08:22:56,715,1,6.93645833333,-1.9165922619
2012-10-23 08:22:57,716,1,5.10788690476,-1.82857142857
2012-10-23 08:22:58,717,1,3.36785714286,-1.7400297619
2012-10-23 08:22:59,718,1,1.8921875,-1.47566964286
2012-10-23 08:23:00,719,1,0.0,-1.8921875
2012-10-23 08:23:24,743,24,0.0,0.0
2012-10-23 08:23:25,744,1,4.0302827381,4.0302827381
2012-10-23 08:23:26,745,1,6.86339285714,2.83311011905
2012-10-23 08:23:27,746,1,9.4693452381,2.60595238095
2012-10-23 08:23:28,747,1,11.3899553571,1.92061011905
2012-10-23 08:23:29,748,1,12.6969494048,1.30699404762
2012-10-23 08:23:30,749,1,13.6283482143,0.931398809524
2012-10-23 08:23:31,750,1,14.2302827381,0.60193452381
2012-10-23 08:23:32,751,1,14.2706845238,0.0404017857143
2012-10-23 08:23:33,752,1,13.4404017857,-0.830282738095
2012-10-23 08:23:34,753,1,11.6645089286,-1.77589285714
2012-10-23 08:23:35,754,1,9.34367559524,-2.32083333333
2012-10-23 08:23:36,755,1,7.33430059524,-2.009375
2012-10-23 08:23:37,756,1,6.53898809524,-0.7953125
2012-10-23 08:23:38,757,1,7.3099702381,0.770982142857
2012-10-23 08:23:39,758,1,9.10230654762,1.79233630952
2012-10-23 08:23:40,759,1,10.7005952381,1.59828869048
2012-10-23 08:23:41,760,1,10.9970238095,0.296428571429
2012-10-23 08:23:42,761,1,9.77708333333,-1.21994047619
2012-10-23 08:23:43,762,1,7.81651785714,-1.96056547619
2012-10-23 08:23:44,763,1,6.25796130952,-1.55855654762
2012-10-23 08:23:45,764,1,5.85773809524,-0.400223214286
2012-10-23 08:23:46,765,1,6.61049107143,0.75275297619
2012-10-23 08:23:47,766,1,7.94479166667,1.33430059524
2012-10-23 08:23:48,767,1,9.28177083333,1.33697916667
2012-10-23 08:23:49,768,1,10.4154017857,1.13363095238
2012-10-23 08:23:50,769,1,11.4677083333,1.05230654762
2012-10-23 08:23:51,770,1,12.6448660714,1.1771577381
2012-10-23 08:23:52,771,1,14.0131696429,1.36830357143
2012-10-23 08:23:53,772,1,15.3853422619,1.37217261905
2012-10-23 08:23:54,773,1,16.3717261905,0.986383928571
2012-10-23 08:23:55,774,1,16.5668154762,0.195089285714
2012-10-23 08:23:56,775,1,15.7947172619,-0.772098214286
2012-10-23 08:23:57,776,1,14.2804315476,-1.51428571429
2012-10-23 08:23:58,777,1,12.5779017857,-1.7025297619
2012-10-23 08:23:59,778,1,11.2646577381,-1.31324404762
2012-10-23 08:24:00,779,1,10.621577381,-0.643080357143
2012-10-23 08:24:01,780,1,10.5222470238,-0.0993303571429
2012-10-23 08:24:02,781,1,10.5964285714,0.0741815476191
2012-10-23 08:24:03,782,1,10.5058779762,-0.0905505952381
2012-10-23 08:24:04,783,1,10.1230654762,-0.3828125
2012-10-23 08:24:05,784,1,9.56949404762,-0.553571428571
2012-10-23 08:24:06,785,1,9.12514880952,-0.444345238095
2012-10-23 08:24:07,786,1,9.01488095238,-0.110267857143
2012-10-23 08:24:08,787,1,9.2212797619,0.206398809524
2012-10-23 08:24:09,788,1,9.50669642857,0.285416666667
2012-10-23 08:24:10,789,1,9.61086309524,0.104166666667
2012-10-23 08:24:11,790,1,9.42142857143,-0.18943452381
2012-10-23 08:24:12,791,1,8.96941964286,-0.452008928571
2012-10-23 08:24:13,792,1,8.2875,-0.681919642857
2012-10-23 08:24:14,793,1,7.30535714286,-0.982142857143
2012-10-23 08:24:15,794,1,5.9109375,-1.39441964286
2012-10-23 08:24:16,795,1,4.14360119048,-1.76733630952
2012-10-23 08:24:17,796,1,2.36726190476,-1.77633928571
2012-10-23 08:24:18,797,1,0.0,-2.36726190476
2012-10-23 08:24:42,821,24,0.0,0.0
2012-10-23 08:24:43,822,1,2.13154761905,2.13154761905
2012-10-23 08:24:44,823,1,3.48333333333,1.35178571429
2012-10-23 08:24:45,824,1,4.62730654762,1.14397321429
2012-10-23 08:24:46,825,1,5.325,0.697693452381
2012-10-23 08:24:47,826,1,5.58883928571,0.263839285714
2012-10-23 08:24:48,827,1,5.4677827381,-0.121056547619
2012-10-23 08:24:49,828,1,5.03333333333,-0.434449404762
2012-10-23 08:24:50,829,1,4.47998511905,-0.553348214286
2012-10-23 08:24:51,830,1,4.07916666667,-0.400818452381
2012-10-23 08:24:52,831,1,3.98199404762,-0.0971726190476
2012-10-23 08:24:53,832,1,4.07232142857,0.0903273809524
2012-10-23 08:24:54,833,1,3.97767857143,-0.0946428571429
2012-10-23 08:24:55,834,1,3.32299107143,-0.6546875
2012-10-23 08:24:56,835,1,2.18084077381,-1.14215029762
2012-10-23 08:24:57,836,1,0.0,-2.18084077381
2012-10-23 08:25:19,858,22,0.0,0.0
2012-10-23 08:25:20,859,1,2.15632440476,2.15632440476
2012-10-23 08:25:21,860,1,3.45044642857,1.29412202381
2012-10-23 08:25:22,861,1,4.31197916667,0.861532738095
2012-10-23 08:25:23,862,1,4.31197916667,0.0
2012-10-23 08:25:24,863,1,3.44888392857,-0.863095238095
2012-10-23 08:25:25,864,1,2.15658482143,-1.29229910714
2012-10-23 08:25:26,865,1,0.0,-2.15658482143
2012-10-23 08:26:25,924,59,0.0,0.0
2012-10-23 08:26:26,925,1,2.45900297619,2.45900297619
2012-10-23 08:26:27,926,1,3.98355654762,1.52455357143
2012-10-23 08:26:28,927,1,5.2431547619,1.25959821429
2012-10-23 08:26:29,928,1,6.01041666667,0.767261904762
2012-10-23 08:26:30,929,1,6.37470238095,0.364285714286
2012-10-23 08:26:31,930,1,6.47529761905,0.100595238095
2012-10-23 08:26:32,931,1,6.37738095238,-0.0979166666667
2012-10-23 08:26:33,932,1,6.07109375,-0.306287202381
2012-10-23 08:26:34,933,1,5.51904761905,-0.552046130952
2012-10-23 08:26:35,934,1,4.73147321429,-0.787574404762
2012-10-23 08:26:36,935,1,3.82819940476,-0.903273809524
2012-10-23 08:26:37,936,1,3.01566220238,-0.812537202381
2012-10-23 08:26:38,937,1,2.47321428571,-0.542447916667
2012-10-23 08:26:39,938,1,2.24877232143,-0.224441964286
2012-10-23 08:26:40,939,1,2.26361607143,0.01484375
2012-10-23 08:26:41,940,1,2.39873511905,0.135119047619
2012-10-23 08:26:42,941,1,2.56130952381,0.162574404762
2012-10-23 08:26:43,942,1,2.73642113095,0.175111607143
2012-10-23 08:26:44,943,1,3.06369047619,0.327269345238
2012-10-23 08:26:45,944,1,3.79025297619,0.7265625
2012-10-23 08:26:46,945,1,4.99561011905,1.20535714286
2012-10-23 08:26:47,946,1,6.3625,1.36688988095
2012-10-23 08:26:48,947,1,7.34010416667,0.977604166667
2012-10-23 08:26:49,948,1,7.63422619048,0.29412202381
2012-10-23 08:26:50,949,1,7.53980654762,-0.0944196428571
2012-10-23 08:26:51,950,1,7.6884672619,0.148660714286
2012-10-23 08:26:52,951,1,8.42053571429,0.732068452381
2012-10-23 08:26:53,952,1,9.47529761905,1.05476190476
2012-10-23 08:26:54,953,1,10.3121279762,0.836830357143
2012-10-23 08:26:55,954,1,10.6572172619,0.345089285714
2012-10-23 08:26:56,955,1,10.7181547619,0.0609375
2012-10-23 08:26:57,956,1,10.9508928571,0.232738095238
2012-10-23 08:26:58,957,1,11.6885416667,0.737648809524
2012-10-23 08:26:59,958,1,12.9367559524,1.24821428571
2012-10-23 08:27:00,959,1,14.3883184524,1.4515625
2012-10-23 08:27:01,960,1,15.5673363095,1.17901785714
2012-10-23 08:27:02,961,1,16.0297619048,0.462425595238
2012-10-23 08:27:03,962,1,15.5702380952,-0.459523809524
2012-10-23 08:27:04,963,1,14.3398065476,-1.23043154762
2012-10-23 08:27:05,964,1,12.7755208333,-1.56428571429
2012-10-23 08:27:06,965,1,11.3769345238,-1.39858630952
2012-10-23 08:27:07,966,1,10.455952381,-0.920982142857
2012-10-23 08:27:08,967,1,9.95357142857,-0.502380952381
2012-10-23 08:27:09,968,1,9.4625,-0.491071428571
2012-10-23 08:27:10,969,1,8.55706845238,-0.905431547619
2012-10-23 08:27:11,970,1,7.20855654762,-1.34851190476
2012-10-23 08:27:12,971,1,5.91510416667,-1.29345238095
2012-10-23 08:27:13,972,1,5.4146577381,-0.500446428571
2012-10-23 08:27:14,973,1,6.15550595238,0.740848214286
2012-10-23 08:27:15,974,1,7.9365327381,1.78102678571
2012-10-23 08:27:16,975,1,10.0486607143,2.11212797619
2012-10-23 08:27:17,976,1,11.7663690476,1.71770833333
2012-10-23 08:27:18,977,1,12.7438988095,0.977529761905
2012-10-23 08:27:19,978,1,13.0494791667,0.305580357143
2012-10-23 08:27:20,979,1,12.9055803571,-0.143898809524
2012-10-23 08:27:21,980,1,12.4116815476,-0.493898809524
2012-10-23 08:27:22,981,1,11.4706845238,-0.94099702381
2012-10-23 08:27:23,982,1,9.92395833333,-1.54672619048
2012-10-23 08:27:24,983,1,7.75453869048,-2.16941964286
2012-10-23 08:27:25,984,1,5.21949404762,-2.53504464286
2012-10-23 08:27:26,985,1,2.88824404762,-2.33125
2012-10-23 08:27:27,986,1,0.0,-2.88824404762
2012-10-23 08:27:57,1016,30,0.0,0.0
2012-10-23 08:27:58,1017,1,4.06800595238,4.06800595238
2012-10-23 08:27:59,1018,1,7.22165178571,3.15364583333
2012-10-23 08:28:00,1019,1,10.5180803571,3.29642857143
2012-10-23 08:28:01,1020,1,13.4485119048,2.93043154762
2012-10-23 08:28:02,1021,1,16.0011160714,2.55260416667
2012-10-23 08:28:03,1022,1,18.4027529762,2.40163690476
2012-10-23 08:28:04,1023,1,20.7975446429,2.39479166667
2012-10-23 08:28:05,1024,1,23.1536458333,2.35610119048
2012-10-23 08:28:06,1025,1,25.3988839286,2.24523809524
2012-10-23 08:28:07,1026,1,27.5342261905,2.1353422619
2012-10-23 08:28:08,1027,1,29.6072916667,2.07306547619
2012-10-23 08:28:09,1028,1,31.6287946429,2.02150297619
2012-10-23 08:28:10,1029,1,33.5389880952,1.91019345238
2012-10-23 08:28:11,1030,1,35.2473958333,1.7084077381
2012-10-23 08:28:12,1031,1,36.6829613095,1.43556547619
2012-10-23 08:28:13,1032,1,37.8104166667,1.12745535714
2012-10-23 08:28:14,1033,1,38.6299107143,0.819494047619
2012-10-23 08:28:15,1034,1,39.1767857143,0.546875
2012-10-23 08:28:16,1035,1,39.5255208333,0.348735119048
2012-10-23 08:28:17,1036,1,39.7842261905,0.258705357143
2012-10-23 08:28:18,1037,1,40.0427083333,0.258482142857
2012-10-23 08:28:19,1038,1,40.2943452381,0.251636904762
2012-10-23 08:28:20,1039,1,40.4218005952,0.127455357143
2012-10-23 08:28:21,1040,1,40.270610119,-0.151190476191
2012-10-23 08:28:22,1041,1,39.7316220238,-0.538988095238
2012-10-23 08:28:23,1042,1,38.7661458333,-0.965476190476
2012-10-23 08:28:24,1043,1,37.3722470238,-1.39389880952
2012-10-23 08:28:25,1044,1,35.5340029762,-1.83824404762
2012-10-23 08:28:26,1045,1,33.2200892857,-2.31391369048
2012-10-23 08:28:27,1046,1,30.4448660714,-2.77522321429
2012-10-23 08:28:28,1047,1,27.2976934524,-3.14717261905
2012-10-23 08:28:29,1048,1,23.8633928571,-3.43430059524
2012-10-23 08:28:30,1049,1,20.1324404762,-3.73095238095
2012-10-23 08:28:31,1050,1,16.0930803571,-4.03936011905
2012-10-23 08:28:32,1051,1,12.0114583333,-4.08162202381
2012-10-23 08:28:33,1052,1,8.59568452381,-3.41577380952
2012-10-23 08:28:34,1053,1,6.72953869048,-1.86614583333
2012-10-23 08:28:35,1054,1,6.903125,0.173586309524
2012-10-23 08:28:36,1055,1,8.83854166667,1.93541666667
2012-10-23 08:28:37,1056,1,11.634375,2.79583333333
2012-10-23 08:28:38,1057,1,14.3020089286,2.66763392857
2012-10-23 08:28:39,1058,1,16.2400297619,1.93802083333
2012-10-23 08:28:40,1059,1,17.2696428571,1.02961309524
2012-10-23 08:28:41,1060,1,17.3861607143,0.116517857143
2012-10-23 08:28:42,1061,1,16.6257440476,-0.760416666667
2012-10-23 08:28:43,1062,1,15.0890625,-1.53668154762
2012-10-23 08:28:44,1063,1,13.0061755952,-2.08288690476
2012-10-23 08:28:45,1064,1,10.8328125,-2.17336309524
2012-10-23 08:28:46,1065,1,9.24055059524,-1.59226190476
2012-10-23 08:28:47,1066,1,8.86071428571,-0.379836309524
2012-10-23 08:28:48,1067,1,9.9525297619,1.09181547619
2012-10-23 08:28:49,1068,1,12.2828869048,2.33035714286
2012-10-23 08:28:50,1069,1,15.2767857143,2.99389880952
2012-10-23 08:28:51,1070,1,18.265922619,2.98913690476
2012-10-23 08:28:52,1071,1,20.6911458333,2.42522321429
2012-10-23 08:28:53,1072,1,22.2386160714,1.5474702381
2012-10-23 08:28:54,1073,1,22.8733630952,0.63474702381
2012-10-23 08:28:55,1074,1,22.7679315476,-0.105431547619
2012-10-23 08:28:56,1075,1,22.1828125,-0.585119047619
2012-10-23 08:28:57,1076,1,21.2625744048,-0.920238095238
2012-10-23 08:28:58,1077,1,19.8633928571,-1.39918154762
2012-10-23 08:28:59,1078,1,17.7299107143,-2.13348214286
2012-10-23 08:29:00,1079,1,14.9255208333,-2.80438988095
2012-10-23 08:29:01,1080,1,12.0334077381,-2.89211309524
2012-10-23 08:29:02,1081,1,9.9375,-2.0959077381
2012-10-23 08:29:03,1082,1,9.36495535714,-0.572544642857
2012-10-23 08:29:04,1083,1,10.4898809524,1.12492559524
2012-10-23 08:29:05,1084,1,12.88125,2.39136904762
2012-10-23 08:29:06,1085,1,15.8426339286,2.96138392857
2012-10-23 08:29:07,1086,1,18.826264881,2.98363095238
2012-10-23 08:29:08,1087,1,21.5357886905,2.70952380952
2012-10-23 08:29:09,1088,1,23.7868303571,2.25104166667
2012-10-23 08:29:10,1089,1,25.4648809524,1.67805059524
2012-10-23 08:29:11,1090,1,26.5486607143,1.0837797619
2012-10-23 08:29:12,1091,1,27.0300595238,0.481398809524
2012-10-23 08:29:13,1092,1,26.8333333333,-0.196726190476
2012-10-23 08:29:14,1093,1,25.8422619048,-0.991071428571
2012-10-23 08:29:15,1094,1,24.0569940476,-1.78526785714
2012-10-23 08:29:16,1095,1,21.7886160714,-2.26837797619
2012-10-23 08:29:17,1096,1,19.6223958333,-2.1662202381
2012-10-23 08:29:18,1097,1,18.1161458333,-1.50625
2012-10-23 08:29:19,1098,1,17.5343005952,-0.581845238095
2012-10-23 08:29:20,1099,1,17.8180803571,0.283779761905
2012-10-23 08:29:21,1100,1,18.7394345238,0.921354166667
2012-10-23 08:29:22,1101,1,20.0616071429,1.32217261905
2012-10-23 08:29:23,1102,1,21.5974702381,1.53586309524
2012-10-23 08:29:24,1103,1,23.2087797619,1.61130952381
2012-10-23 08:29:25,1104,1,24.7939732143,1.58519345238
2012-10-23 08:29:26,1105,1,26.2641369048,1.47016369048
2012-10-23 08:29:27,1106,1,27.5343005952,1.27016369048
2012-10-23 08:29:28,1107,1,28.5492559524,1.01495535714
2012-10-23 08:29:29,1108,1,29.3101934524,0.7609375
2012-10-23 08:29:30,1109,1,29.8638392857,0.553645833333
2012-10-23 08:29:31,1110,1,30.2502232143,0.386383928571
2012-10-23 08:29:32,1111,1,30.4561011905,0.205877976191
2012-10-23 08:29:33,1112,1,30.4429315476,-0.0131696428572
2012-10-23 08:29:34,1113,1,30.226860119,-0.216071428571
2012-10-23 08:29:35,1114,1,29.9090029762,-0.317857142857
2012-10-23 08:29:36,1115,1,29.6264880952,-0.282514880952
2012-10-23 08:29:37,1116,1,29.4782738095,-0.148214285714
2012-10-23 08:29:38,1117,1,29.4853422619,0.007068452381
2012-10-23 08:29:39,1118,1,29.601264881,0.115922619048
2012-10-23 08:29:40,1119,1,29.7203125,0.119047619048
2012-10-23 08:29:41,1120,1,29.6944940476,-0.025818452381
2012-10-23 08:29:42,1121,1,29.4424107143,-0.252083333333
2012-10-23 08:29:43,1122,1,29.0274553571,-0.414955357143
2012-10-23 08:29:44,1123,1,28.5441964286,-0.483258928572
2012-10-23 08:29:45,1124,1,27.9626488095,-0.581547619048
2012-10-23 08:29:46,1125,1,27.0928571429,-0.869791666667
2012-10-23 08:29:47,1126,1,25.662797619,-1.43005952381
2012-10-23 08:29:48,1127,1,23.4841517857,-2.17864583333
2012-10-23 08:29:49,1128,1,20.5421875,-2.94196428571
2012-10-23 08:29:50,1129,1,16.9372767857,-3.60491071429
2012-10-23 08:29:51,1130,1,12.9457589286,-3.99151785714
2012-10-23 08:29:52,1131,1,9.20967261905,-3.73608630952
2012-10-23 08:29:53,1132,1,6.63459821429,-2.57507440476
2012-10-23 08:29:54,1133,1,5.91919642857,-0.715401785714
2012-10-23 08:29:55,1134,1,7.15491071429,1.23571428571
2012-10-23 08:29:56,1135,1,9.82604166667,2.67113095238
2012-10-23 08:29:57,1136,1,13.1594494048,3.3334077381
2012-10-23 08:29:58,1137,1,16.5261904762,3.36674107143
2012-10-23 08:29:59,1138,1,19.5543154762,3.028125
2012-10-23 08:30:00,1139,1,21.9422619048,2.38794642857
2012-10-23 08:30:01,1140,1,23.3344494048,1.3921875
2012-10-23 08:30:02,1141,1,23.4572172619,0.122767857143
2012-10-23 08:30:03,1142,1,22.3363839286,-1.12083333333
2012-10-23 08:30:04,1143,1,20.3848214286,-1.9515625
2012-10-23 08:30:05,1144,1,18.3021577381,-2.08266369048
2012-10-23 08:30:06,1145,1,16.8115327381,-1.490625
2012-10-23 08:30:07,1146,1,16.3546875,-0.456845238095
2012-10-23 08:30:08,1147,1,16.9478422619,0.593154761905
2012-10-23 08:30:09,1148,1,18.2760416667,1.32819940476
2012-10-23 08:30:10,1149,1,19.905952381,1.62991071429
2012-10-23 08:30:11,1150,1,21.4729166667,1.56696428571
2012-10-23 08:30:12,1151,1,22.7570684524,1.28415178571
2012-10-23 08:30:13,1152,1,23.6270833333,0.870014880952
2012-10-23 08:30:14,1153,1,23.9359375,0.308854166667
2012-10-23 08:30:15,1154,1,23.4764880952,-0.459449404762
2012-10-23 08:30:16,1155,1,22.0469494048,-1.42953869048
2012-10-23 08:30:17,1156,1,19.6378720238,-2.40907738095
2012-10-23 08:30:18,1157,1,16.626860119,-3.01101190476
2012-10-23 08:30:19,1158,1,13.7488095238,-2.87805059524
2012-10-23 08:30:20,1159,1,11.7811755952,-1.96763392857
2012-10-23 08:30:21,1160,1,11.1819940476,-0.599181547619
2012-10-23 08:30:22,1161,1,11.9328125,0.750818452381
2012-10-23 08:30:23,1162,1,13.6020089286,1.66919642857
2012-10-23 08:30:24,1163,1,15.529985119,1.92797619048
2012-10-23 08:30:25,1164,1,17.0746279762,1.54464285714
2012-10-23 08:30:26,1165,1,17.8383928571,0.763764880952
2012-10-23 08:30:27,1166,1,17.8091517857,-0.0292410714286
2012-10-23 08:30:28,1167,1,17.3716517857,-0.4375
2012-10-23 08:30:29,1168,1,17.1093005952,-0.262351190476
2012-10-23 08:30:30,1169,1,17.452827381,0.343526785714
2012-10-23 08:30:31,1170,1,18.4121279762,0.959300595238
2012-10-23 08:30:32,1171,1,19.5462053571,1.13407738095
2012-10-23 08:30:33,1172,1,20.1944940476,0.648288690476
2012-10-23 08:30:34,1173,1,19.8723214286,-0.322172619048
2012-10-23 08:30:35,1174,1,18.5523809524,-1.31994047619
2012-10-23 08:30:36,1175,1,16.5960565476,-1.95632440476
2012-10-23 08:30:37,1176,1,14.414360119,-2.18169642857
2012-10-23 08:30:38,1177,1,12.189360119,-2.225
2012-10-23 08:30:39,1178,1,9.90513392857,-2.28422619048
2012-10-23 08:30:40,1179,1,7.59575892857,-2.309375
2012-10-23 08:30:41,1180,1,5.50952380952,-2.08623511905
2012-10-23 08:30:42,1181,1,4.01614583333,-1.49337797619
2012-10-23 08:30:43,1182,1,3.3400297619,-0.676116071429
2012-10-23 08:30:44,1183,1,3.35379464286,0.0137648809524
2012-10-23 08:30:45,1184,1,3.62633928571,0.272544642857
2012-10-23 08:30:46,1185,1,3.68660714286,0.0602678571428
2012-10-23 08:30:47,1186,1,3.26555059524,-0.421056547619
2012-10-23 08:30:48,1187,1,2.39047619048,-0.875074404762
2012-10-23 08:30:49,1188,1,1.38191964286,-1.00855654762
2012-10-23 08:30:50,1189,1,0.0,-1.38191964286
2012-10-23 09:20:08,4147,2958,0.0,0.0
2012-10-23 09:20:09,4148,1,1.475,1.475
2012-10-23 09:20:10,4149,1,2.44412202381,0.96912202381
2012-10-23 09:20:11,4150,1,3.32294146825,0.878819444444
2012-10-23 09:20:12,4151,1,3.95250496032,0.629563492063
2012-10-23 09:20:13,4152,1,4.28541666667,0.332911706349
2012-10-23 09:20:14,4153,1,4.3275297619,0.0421130952381
2012-10-23 09:20:15,4154,1,4.20587797619,-0.121651785714
2012-10-23 09:20:16,4155,1,4.18556547619,-0.0203125
2012-10-23 09:20:17,4156,1,4.58774801587,0.402182539683
2012-10-23 09:20:18,4157,1,5.66225198413,1.07450396825
2012-10-23 09:20:19,4158,1,7.48169642857,1.81944444444
2012-10-23 09:20:20,4159,1,9.95758928571,2.47589285714
2012-10-23 09:20:21,4160,1,12.9117559524,2.95416666667
2012-10-23 09:20:22,4161,1,16.0650297619,3.15327380952
2012-10-23 09:20:23,4162,1,19.0062748016,2.94124503968
2012-10-23 09:20:24,4163,1,21.2509424603,2.24466765873
2012-10-23 09:20:25,4164,1,22.4113095238,1.16036706349
2012-10-23 09:20:26,4165,1,22.4279761905,0.0166666666667
2012-10-23 09:20:27,4166,1,21.6683035714,-0.759672619048
2012-10-23 09:20:28,4167,1,20.7448660714,-0.9234375
2012-10-23 09:20:29,4168,1,20.1776785714,-0.5671875
2012-10-23 09:20:30,4169,1,20.120610119,-0.057068452381
2012-10-23 09:20:31,4170,1,20.2948660714,0.174255952381
2012-10-23 09:20:32,4171,1,20.1858630952,-0.10900297619
2012-10-23 09:20:33,4172,1,19.4035714286,-0.782291666667
2012-10-23 09:20:34,4173,1,17.9804315476,-1.42313988095
2012-10-23 09:20:35,4174,1,16.4355654762,-1.54486607143
2012-10-23 09:20:36,4175,1,15.561235119,-0.874330357143
2012-10-23 09:20:37,4176,1,16.016889881,0.455654761905
2012-10-23 09:20:38,4177,1,17.9679315476,1.95104166667
2012-10-23 09:20:39,4178,1,21.0000744048,3.03214285714
2012-10-23 09:20:40,4179,1,24.2977678571,3.29769345238
2012-10-23 09:20:41,4180,1,26.9292410714,2.63147321429
2012-10-23 09:20:42,4181,1,28.1508184524,1.22157738095
2012-10-23 09:20:43,4182,1,27.6342261905,-0.516592261905
2012-10-23 09:20:44,4183,1,25.4835565476,-2.15066964286
2012-10-23 09:20:45,4184,1,22.0613839286,-3.42217261905
2012-10-23 09:20:46,4185,1,17.8196428571,-4.24174107143
2012-10-23 09:20:47,4186,1,13.3277529762,-4.49188988095
2012-10-23 09:20:48,4187,1,9.40416666667,-3.92358630952
2012-10-23 09:20:49,4188,1,6.98541666667,-2.41875
2012-10-23 09:20:50,4189,1,6.68720238095,-0.298214285714
2012-10-23 09:20:51,4190,1,8.47358630952,1.78638392857
2012-10-23 09:20:52,4191,1,11.7213541667,3.24776785714
2012-10-23 09:20:53,4192,1,15.6177827381,3.89642857143
2012-10-23 09:20:54,4193,1,19.5795386905,3.96175595238
2012-10-23 09:20:55,4194,1,23.3229910714,3.74345238095
2012-10-23 09:20:56,4195,1,26.6557291667,3.33273809524
2012-10-23 09:20:57,4196,1,29.3944196429,2.73869047619
2012-10-23 09:20:58,4197,1,31.4616815476,2.06726190476
2012-10-23 09:20:59,4198,1,32.9162946429,1.45461309524
2012-10-23 09:21:00,4199,1,33.868452381,0.952157738095
2012-10-23 09:21:01,4200,1,34.4069196429,0.538467261905
2012-10-23 09:21:02,4201,1,34.6000744048,0.193154761905
2012-10-23 09:21:03,4202,1,34.5271577381,-0.0729166666667
2012-10-23 09:21:04,4203,1,34.2734375,-0.253720238095
2012-10-23 09:21:05,4204,1,33.8885416667,-0.384895833333
2012-10-23 09:21:06,4205,1,33.3649553571,-0.523586309524
2012-10-23 09:21:07,4206,1,32.6741815476,-0.690773809524
2012-10-23 09:21:08,4207,1,31.829985119,-0.844196428572
2012-10-23 09:21:09,4208,1,30.9023809524,-0.927604166667
2012-10-23 09:21:10,4209,1,29.956547619,-0.945833333333
2012-10-23 09:21:11,4210,1,28.9808035714,-0.975744047619
2012-10-23 09:21:12,4211,1,27.8686755952,-1.11212797619
2012-10-23 09:21:13,4212,1,26.4577380952,-1.4109375
2012-10-23 09:21:14,4213,1,24.5941964286,-1.86354166667
2012-10-23 09:21:15,4214,1,22.1834077381,-2.41078869048
2012-10-23 09:21:16,4215,1,19.1938988095,-2.98950892857
2012-10-23 09:21:17,4216,1,15.6686755952,-3.52522321429
2012-10-23 09:21:18,4217,1,11.8703125,-3.79836309524
2012-10-23 09:21:19,4218,1,8.47485119048,-3.39546130952
2012-10-23 09:21:20,4219,1,6.45744047619,-2.01741071429
2012-10-23 09:21:21,4220,1,6.57380952381,0.116369047619
2012-10-23 09:21:22,4221,1,8.86056547619,2.28675595238
2012-10-23 09:21:23,4222,1,12.5898809524,3.72931547619
2012-10-23 09:21:24,4223,1,16.7095238095,4.11964285714
2012-10-23 09:21:25,4224,1,20.4250744048,3.71555059524
2012-10-23 09:21:26,4225,1,23.4570684524,3.03199404762
2012-10-23 09:21:27,4226,1,25.8604910714,2.40342261905
2012-10-23 09:21:28,4227,1,27.7613839286,1.90089285714
2012-10-23 09:21:29,4228,1,29.267485119,1.50610119048
2012-10-23 09:21:30,4229,1,30.468452381,1.2009672619
2012-10-23 09:21:31,4230,1,31.4410714286,0.972619047619
2012-10-23 09:21:32,4231,1,32.2621279762,0.821056547619
2012-10-23 09:21:33,4232,1,32.9869047619,0.724776785714
2012-10-23 09:21:34,4233,1,33.587202381,0.600297619048
2012-10-23 09:21:35,4234,1,33.9171130952,0.329910714286
2012-10-23 09:21:36,4235,1,33.7405505952,-0.1765625
2012-10-23 09:21:37,4236,1,32.8110119048,-0.929538690476
2012-10-23 09:21:38,4237,1,30.9869791667,-1.8240327381
2012-10-23 09:21:39,4238,1,28.3391369048,-2.6478422619
2012-10-23 09:21:40,4239,1,25.1996279762,-3.13950892857
2012-10-23 09:21:41,4240,1,22.1348958333,-3.06473214286
2012-10-23 09:21:42,4241,1,19.8238839286,-2.31101190476
2012-10-23 09:21:43,4242,1,18.8302083333,-0.993675595238
2012-10-23 09:21:44,4243,1,19.3584077381,0.528199404762
2012-10-23 09:21:45,4244,1,21.167485119,1.80907738095
2012-10-23 09:21:46,4245,1,23.7133184524,2.54583333333
2012-10-23 09:21:47,4246,1,26.408110119,2.69479166667
2012-10-23 09:21:48,4247,1,28.8264136905,2.41830357143
2012-10-23 09:21:49,4248,1,30.7720238095,1.94561011905
2012-10-23 09:21:50,4249,1,32.2372767857,1.46525297619
2012-10-23 09:21:51,4250,1,33.3279017857,1.090625
2012-10-23 09:21:52,4251,1,34.1869047619,0.85900297619
2012-10-23 09:21:53,4252,1,34.9191220238,0.732217261905
2012-10-23 09:21:54,4253,1,35.5275297619,0.608407738095
2012-10-23 09:21:55,4254,1,35.8963541667,0.368824404762
2012-10-23 09:21:56,4255,1,35.8429315476,-0.0534226190477
2012-10-23 09:21:57,4256,1,35.1979910714,-0.64494047619
2012-10-23 09:21:58,4257,1,33.8727678571,-1.32522321429
2012-10-23 09:21:59,4258,1,31.9126488095,-1.96011904762
2012-10-23 09:22:00,4259,1,29.4884672619,-2.42418154762
2012-10-23 09:22:01,4260,1,26.7746279762,-2.71383928571
2012-10-23 09:22:02,4261,1,23.807514881,-2.96711309524
2012-10-23 09:22:03,4262,1,20.4755580357,-3.33195684524
2012-10-23 09:22:04,4263,1,16.6851376488,-3.7904203869
2012-10-23 09:22:05,4264,1,12.6027157738,-4.082421875
2012-10-23 09:22:06,4265,1,8.74685639881,-3.855859375
2012-10-23 09:22:07,4266,1,5.76238839286,-2.98446800595
2012-10-23 09:22:08,4267,1,4.03673735119,-1.72565104167
2012-10-23 09:22:09,4268,1,3.53545386905,-0.501283482143
2012-10-23 09:22:10,4269,1,4.0021577381,0.466703869048
2012-10-23 09:22:11,4270,1,5.26491815476,1.26276041667
2012-10-23 09:22:12,4271,1,7.33394717262,2.06902901786
2012-10-23 09:22:13,4272,1,10.2588169643,2.92486979167
2012-10-23 09:22:14,4273,1,13.9332775298,3.67446056548
2012-10-23 09:22:15,4274,1,18.0534598214,4.12018229167
2012-10-23 09:22:16,4275,1,22.2641183036,4.21065848214
2012-10-23 09:22:17,4276,1,26.297953869,4.03383556548
2012-10-23 09:22:18,4277,1,29.9844494048,3.68649553571
2012-10-23 09:22:19,4278,1,33.2322916667,3.2478422619
2012-10-23 09:22:20,4279,1,36.0412202381,2.80892857143
2012-10-23 09:22:21,4280,1,38.4822172619,2.44099702381
2012-10-23 09:22:22,4281,1,40.6428571429,2.16063988095
2012-10-23 09:22:23,4282,1,42.5819196429,1.9390625
2012-10-23 09:22:24,4283,1,44.3174107143,1.73549107143
2012-10-23 09:22:25,4284,1,45.8400297619,1.52261904762
2012-10-23 09:22:26,4285,1,47.1167410714,1.27671130952
2012-10-23 09:22:27,4286,1,48.0879464286,0.971205357143
2012-10-23 09:22:28,4287,1,48.6913690476,0.603422619048
2012-10-23 09:22:29,4288,1,48.8751488095,0.183779761905
2012-10-23 09:22:30,4289,1,48.5460565476,-0.329092261905
2012-10-23 09:22:31,4290,1,47.5132440476,-1.0328125
2012-10-23 09:22:32,4291,1,45.5358630952,-1.97738095238
2012-10-23 09:22:33,4292,1,42.4787946429,-3.05706845238
2012-10-23 09:22:34,4293,1,38.4569196429,-4.021875
2012-10-23 09:22:35,4294,1,33.8193452381,-4.63757440476
2012-10-23 09:22:36,4295,1,28.954985119,-4.86436011905
2012-10-23 09:22:37,4296,1,24.0966517857,-4.85833333333
2012-10-23 09:22:38,4297,1,19.3020089286,-4.79464285714
2012-10-23 09:22:39,4298,1,14.590922619,-4.71108630952
2012-10-23 09:22:40,4299,1,10.0942708333,-4.49665178571
2012-10-23 09:22:41,4300,1,6.11168154762,-3.98258928571
2012-10-23 09:22:42,4301,1,3.0859375,-3.02574404762
2012-10-23 09:22:43,4302,1,0.0,-3.0859375
2012-10-23 09:23:10,4329,27,0.0,0.0
2012-10-23 09:23:11,4330,1,4.49055059524,4.49055059524
2012-10-23 09:23:12,4331,1,8.66495535714,4.1744047619
2012-10-23 09:23:13,4332,1,13.675,5.01004464286
2012-10-23 09:23:14,4333,1,18.7050595238,5.03005952381
2012-10-23 09:23:15,4334,1,23.2593005952,4.55424107143
2012-10-23 09:23:16,4335,1,27.198735119,3.93943452381
2012-10-23 09:23:17,4336,1,30.5561755952,3.35744047619
2012-10-23 09:23:18,4337,1,33.3613839286,2.80520833333
2012-10-23 09:23:19,4338,1,35.619047619,2.25766369048
2012-10-23 09:23:20,4339,1,37.3638392857,1.74479166667
2012-10-23 09:23:21,4340,1,38.682514881,1.31867559524
2012-10-23 09:23:22,4341,1,39.6868303571,1.00431547619
2012-10-23 09:23:23,4342,1,40.4770833333,0.79025297619
2012-10-23 09:23:24,4343,1,41.1240327381,0.646949404762
2012-10-23 09:23:25,4344,1,41.6670386905,0.543005952381
2012-10-23 09:23:26,4345,1,42.1338541667,0.466815476191
2012-10-23 09:23:27,4346,1,42.577827381,0.443973214286
2012-10-23 09:23:28,4347,1,43.0816964286,0.503869047619
2012-10-23 09:23:29,4348,1,43.7072172619,0.625520833333
2012-10-23 09:23:30,4349,1,44.4466517857,0.739434523809
2012-10-23 09:23:31,4350,1,45.2288690476,0.782217261905
2012-10-23 09:23:32,4351,1,45.9746279762,0.745758928571
2012-10-23 09:23:33,4352,1,46.6483630952,0.673735119048
2012-10-23 09:23:34,4353,1,47.261235119,0.612872023809
2012-10-23 09:23:35,4354,1,47.8395833333,0.578348214286
2012-10-23 09:23:36,4355,1,48.3936755952,0.554092261905
2012-10-23 09:23:37,4356,1,48.9036458333,0.509970238095
2012-10-23 09:23:38,4357,1,49.3318452381,0.428199404762
2012-10-23 09:23:39,4358,1,49.6497767857,0.317931547619
2012-10-23 09:23:40,4359,1,49.8607142857,0.2109375
2012-10-23 09:23:41,4360,1,50.0119791667,0.151264880952
2012-10-23 09:23:42,4361,1,50.1751488095,0.163169642857
2012-10-23 09:23:43,4362,1,50.391889881,0.216741071429
2012-10-23 09:23:44,4363,1,50.6448660714,0.252976190476
2012-10-23 09:23:45,4364,1,50.8864583333,0.241592261905
2012-10-23 09:23:46,4365,1,51.0799107143,0.193452380952
2012-10-23 09:23:47,4366,1,51.212202381,0.132291666667
2012-10-23 09:23:48,4367,1,51.2814732143,0.0692708333333
2012-10-23 09:23:49,4368,1,51.2789434524,-0.0025297619047
2012-10-23 09:23:50,4369,1,51.1913690476,-0.087574404762
2012-10-23 09:23:51,4370,1,51.0235863095,-0.167782738095
2012-10-23 09:23:52,4371,1,50.8054315476,-0.218154761905
2012-10-23 09:23:53,4372,1,50.5703125,-0.235119047619
2012-10-23 09:23:54,4373,1,50.3343005952,-0.236011904762
2012-10-23 09:23:55,4374,1,50.0982142857,-0.236086309524
2012-10-23 09:23:56,4375,1,49.862202381,-0.236011904762
2012-10-23 09:23:57,4376,1,49.6341517857,-0.228050595238
2012-10-23 09:23:58,4377,1,49.4295386905,-0.204613095238
2012-10-23 09:23:59,4378,1,49.2660714286,-0.163467261905
2012-10-23 09:24:00,4379,1,49.1540178571,-0.112053571429
2012-10-23 09:24:01,4380,1,49.089360119,-0.0646577380953
2012-10-23 09:24:02,4381,1,49.0587797619,-0.0305803571428
2012-10-23 09:24:03,4382,1,49.0495535714,-0.0092261904762
2012-10-23 09:24:04,4383,1,49.0433035714,-0.00625
2012-10-23 09:24:05,4384,1,48.9976190476,-0.0456845238096
2012-10-23 09:24:06,4385,1,48.8540922619,-0.143526785714
2012-10-23 09:24:07,4386,1,48.5882440476,-0.265848214286
2012-10-23 09:24:08,4387,1,48.2546130952,-0.333630952381
2012-10-23 09:24:09,4388,1,47.9602678571,-0.294345238095
2012-10-23 09:24:10,4389,1,47.7744791667,-0.185788690476
2012-10-23 09:24:11,4390,1,47.6682291667,-0.10625
2012-10-23 09:24:12,4391,1,47.5446428571,-0.123586309524
2012-10-23 09:24:13,4392,1,47.3239583333,-0.22068452381
2012-10-23 09:24:14,4393,1,47.001264881,-0.322693452381
2012-10-23 09:24:15,4394,1,46.6363839286,-0.364880952381
2012-10-23 09:24:16,4395,1,46.3209821429,-0.315401785714
2012-10-23 09:24:17,4396,1,46.1604166667,-0.16056547619
2012-10-23 09:24:18,4397,1,46.2369047619,0.0764880952381
2012-10-23 09:24:19,4398,1,46.5524553571,0.315550595238
2012-10-23 09:24:20,4399,1,47.0037202381,0.451264880952
2012-10-23 09:24:21,4400,1,47.415625,0.411904761905
2012-10-23 09:24:22,4401,1,47.6206845238,0.20505952381
2012-10-23 09:24:23,4402,1,47.5301339286,-0.0905505952381
2012-10-23 09:24:24,4403,1,47.1461309524,-0.384002976191
2012-10-23 09:24:25,4404,1,46.539360119,-0.606770833333
2012-10-23 09:24:26,4405,1,45.8302083333,-0.709151785714
2012-10-23 09:24:27,4406,1,45.1537946429,-0.676413690476
2012-10-23 09:24:28,4407,1,44.6030505952,-0.550744047619
2012-10-23 09:24:29,4408,1,44.1932291667,-0.409821428571
2012-10-23 09:24:30,4409,1,43.869047619,-0.324181547619
2012-10-23 09:24:31,4410,1,43.5415178571,-0.327529761905
2012-10-23 09:24:32,4411,1,43.1351934524,-0.406324404762
2012-10-23 09:24:33,4412,1,42.6212053571,-0.513988095238
2012-10-23 09:24:34,4413,1,42.0376488095,-0.583556547619
2012-10-23 09:24:35,4414,1,41.506547619,-0.531101190476
2012-10-23 09:24:36,4415,1,41.2055803571,-0.300967261905
2012-10-23 09:24:37,4416,1,41.2756696429,0.0700892857142
2012-10-23 09:24:38,4417,1,41.7331845238,0.457514880952
2012-10-23 09:24:39,4418,1,42.4541666667,0.720982142857
2012-10-23 09:24:40,4419,1,43.2384672619,0.784300595238
2012-10-23 09:24:41,4420,1,43.9118303571,0.673363095238
2012-10-23 09:24:42,4421,1,44.3911458333,0.47931547619
2012-10-23 09:24:43,4422,1,44.6837053571,0.29255952381
2012-10-23 09:24:44,4423,1,44.8632440476,0.179538690476
2012-10-23 09:24:45,4424,1,45.045014881,0.181770833333
2012-10-23 09:24:46,4425,1,45.3398809524,0.294866071429
2012-10-23 09:24:47,4426,1,45.800297619,0.460416666667
2012-10-23 09:24:48,4427,1,46.406547619,0.60625
2012-10-23 09:24:49,4428,1,47.0972470238,0.690699404762
2012-10-23 09:24:50,4429,1,47.787202381,0.689955357143
2012-10-23 09:24:51,4430,1,48.3404017857,0.553199404762
2012-10-23 09:24:52,4431,1,48.5384672619,0.198065476191
2012-10-23 09:24:53,4432,1,48.1063244048,-0.432142857143
2012-10-23 09:24:54,4433,1,46.8150297619,-1.29129464286
2012-10-23 09:24:55,4434,1,44.6020089286,-2.21302083333
2012-10-23 09:24:56,4435,1,41.603422619,-2.99858630952
2012-10-23 09:24:57,4436,1,38.0701636905,-3.53325892857
2012-10-23 09:24:58,4437,1,34.2461309524,-3.8240327381
2012-10-23 09:24:59,4438,1,30.292485119,-3.95364583333
2012-10-23 09:25:00,4439,1,26.2914434524,-4.00104166667
2012-10-23 09:25:01,4440,1,22.3004464286,-3.99099702381
2012-10-23 09:25:02,4441,1,18.3828869048,-3.91755952381
2012-10-23 09:25:03,4442,1,14.5986607143,-3.78422619048
2012-10-23 09:25:04,4443,1,11.0013392857,-3.59732142857
2012-10-23 09:25:05,4444,1,7.66049107143,-3.34084821429
2012-10-23 09:25:06,4445,1,4.7115327381,-2.94895833333
2012-10-23 09:25:07,4446,1,2.42470238095,-2.28683035714
2012-10-23 09:25:08,4447,1,0.0,-2.42470238095
2012-10-23 09:25:38,4477,30,0.0,0.0
2012-10-23 09:25:39,4478,1,2.94613095238,2.94613095238
2012-10-23 09:25:40,4479,1,5.52693452381,2.58080357143
2012-10-23 09:25:41,4480,1,8.64352678571,3.1165922619
2012-10-23 09:25:42,4481,1,11.9717261905,3.32819940476
2012-10-23 09:25:43,4482,1,15.3534970238,3.38177083333
2012-10-23 09:25:44,4483,1,18.6941220238,3.340625
2012-10-23 09:25:45,4484,1,21.8882440476,3.19412202381
2012-10-23 09:25:46,4485,1,24.8418154762,2.95357142857
2012-10-23 09:25:47,4486,1,27.5354166667,2.69360119048
2012-10-23 09:25:48,4487,1,30.0087797619,2.47336309524
2012-10-23 09:25:49,4488,1,32.2777529762,2.26897321429
2012-10-23 09:25:50,4489,1,34.2979910714,2.02023809524
2012-10-23 09:25:51,4490,1,36.00625,1.70825892857
2012-10-23 09:25:52,4491,1,37.3800595238,1.37380952381
2012-10-23 09:25:53,4492,1,38.4649553571,1.08489583333
2012-10-23 09:25:54,4493,1,39.3538690476,0.888913690476
2012-10-23 09:25:55,4494,1,40.1361607143,0.782291666667
2012-10-23 09:25:56,4495,1,40.8598214286,0.723660714286
2012-10-23 09:25:57,4496,1,41.5287202381,0.668898809524
2012-10-23 09:25:58,4497,1,42.1175595238,0.588839285714
2012-10-23 09:25:59,4498,1,42.5933035714,0.475744047619
2012-10-23 09:26:00,4499,1,42.947172619,0.353869047619
2012-10-23 09:26:01,4500,1,43.2238839286,0.276711309524
2012-10-23 09:26:02,4501,1,43.5197172619,0.295833333333
2012-10-23 09:26:03,4502,1,43.9363839286,0.416666666667
2012-10-23 09:26:04,4503,1,44.5135416667,0.577157738095
2012-10-23 09:26:05,4504,1,45.1854166667,0.671875
2012-10-23 09:26:06,4505,1,45.7944196429,0.60900297619
2012-10-23 09:26:07,4506,1,46.1712053571,0.376785714286
2012-10-23 09:26:08,4507,1,46.2445684524,0.073363095238
2012-10-23 09:26:09,4508,1,46.0767857143,-0.167782738095
2012-10-23 09:26:10,4509,1,45.7604910714,-0.316294642857
2012-10-23 09:26:11,4510,1,45.2749255952,-0.485565476191
2012-10-23 09:26:12,4511,1,44.4705357143,-0.804389880952
2012-10-23 09:26:13,4512,1,43.2376488095,-1.23288690476
2012-10-23 09:26:14,4513,1,41.7238839286,-1.51376488095
2012-10-23 09:26:15,4514,1,40.3621279762,-1.36175595238
2012-10-23 09:26:16,4515,1,39.6212053571,-0.740922619048
2012-10-23 09:26:17,4516,1,39.6898809524,0.0686755952381
2012-10-23 09:26:18,4517,1,40.3848214286,0.69494047619
2012-10-23 09:26:19,4518,1,41.3377232143,0.952901785714
2012-10-23 09:26:20,4519,1,42.2554315476,0.917708333333
2012-10-23 09:26:21,4520,1,43.0271577381,0.771726190476
2012-10-23 09:26:22,4521,1,43.6581845238,0.631026785714
2012-10-23 09:26:23,4522,1,44.1790922619,0.520907738095
2012-10-23 09:26:24,4523,1,44.6290178571,0.449925595238
2012-10-23 09:26:25,4524,1,45.0694940476,0.440476190476
2012-10-23 09:26:26,4525,1,45.5524553571,0.482961309524
2012-10-23 09:26:27,4526,1,46.0553571429,0.502901785714
2012-10-23 09:26:28,4527,1,46.4844494048,0.429092261905
2012-10-23 09:26:29,4528,1,46.7844494048,0.3
2012-10-23 09:26:30,4529,1,47.0267857143,0.242336309524
2012-10-23 09:26:31,4530,1,47.3514880952,0.324702380952
2012-10-23 09:26:32,4531,1,47.8255952381,0.474107142857
2012-10-23 09:26:33,4532,1,48.3703869048,0.544791666667
2012-10-23 09:26:34,4533,1,48.8234375,0.453050595238
2012-10-23 09:26:35,4534,1,49.0639136905,0.240476190476
2012-10-23 09:26:36,4535,1,49.0703125,0.0063988095238
2012-10-23 09:26:37,4536,1,48.878422619,-0.191889880952
2012-10-23 09:26:38,4537,1,48.5230654762,-0.355357142857
2012-10-23 09:26:39,4538,1,48.0306547619,-0.492410714286
2012-10-23 09:26:40,4539,1,47.4511904762,-0.579464285714
2012-10-23 09:26:41,4540,1,46.861235119,-0.589955357143
2012-10-23 09:26:42,4541,1,46.3044642857,-0.556770833333
2012-10-23 09:26:43,4542,1,45.7436011905,-0.560863095238
2012-10-23 09:26:44,4543,1,45.0895833333,-0.654017857143
2012-10-23 09:26:45,4544,1,44.2751488095,-0.81443452381
2012-10-23 09:26:46,4545,1,43.327827381,-0.947321428571
2012-10-23 09:26:47,4546,1,42.4127232143,-0.915104166667
2012-10-23 09:26:48,4547,1,41.7925595238,-0.620163690476
2012-10-23 09:26:49,4548,1,41.6928571429,-0.0997023809524
2012-10-23 09:26:50,4549,1,42.1592261905,0.466369047619
2012-10-23 09:26:51,4550,1,43.0191220238,0.859895833333
2012-10-23 09:26:52,4551,1,43.9826636905,0.963541666667
2012-10-23 09:26:53,4552,1,44.8109375,0.828273809524
2012-10-23 09:26:54,4553,1,45.415327381,0.604389880952
2012-10-23 09:26:55,4554,1,45.8174107143,0.402083333333
2012-10-23 09:26:56,4555,1,46.0498511905,0.23244047619
2012-10-23 09:26:57,4556,1,46.0993303571,0.0494791666666
2012-10-23 09:26:58,4557,1,45.9223214286,-0.177008928571
2012-10-23 09:26:59,4558,1,45.5264136905,-0.395907738095
2012-10-23 09:27:00,4559,1,45.0191220238,-0.507291666667
2012-10-23 09:27:01,4560,1,44.543452381,-0.475669642857
2012-10-23 09:27:02,4561,1,44.1953869048,-0.348065476191
2012-10-23 09:27:03,4562,1,43.9944196429,-0.200967261905
2012-10-23 09:27:04,4563,1,43.8769345238,-0.117485119048
2012-10-23 09:27:05,4564,1,43.7398809524,-0.137053571429
2012-10-23 09:27:06,4565,1,43.5127232143,-0.227157738095
2012-10-23 09:27:07,4566,1,43.1689732143,-0.34375
2012-10-23 09:27:08,4567,1,42.7119047619,-0.457068452381
2012-10-23 09:27:09,4568,1,42.1839285714,-0.527976190476
2012-10-23 09:27:10,4569,1,41.6520089286,-0.531919642857
2012-10-23 09:27:11,4570,1,41.1735119048,-0.478497023809
2012-10-23 09:27:12,4571,1,40.7953125,-0.378199404762
2012-10-23 09:27:13,4572,1,40.5638392857,-0.231473214286
2012-10-23 09:27:14,4573,1,40.5068452381,-0.0569940476191
2012-10-23 09:27:15,4574,1,40.6130952381,0.10625
2012-10-23 09:27:16,4575,1,40.844047619,0.230952380952
2012-10-23 09:27:17,4576,1,41.165922619,0.321875
2012-10-23 09:27:18,4577,1,41.5696428571,0.403720238095
2012-10-23 09:27:19,4578,1,42.0592261905,0.489583333333
2012-10-23 09:27:20,4579,1,42.6239583333,0.564732142857
2012-10-23 09:27:21,4580,1,43.2311011905,0.607142857143
2012-10-23 09:27:22,4581,1,43.845610119,0.614508928571
2012-10-23 09:27:23,4582,1,44.4484375,0.602827380952
2012-10-23 09:27:24,4583,1,45.0373511905,0.588913690476
2012-10-23 09:27:25,4584,1,45.6191220238,0.581770833333
2012-10-23 09:27:26,4585,1,46.2132440476,0.594122023809
2012-10-23 09:27:27,4586,1,46.849702381,0.636458333333
2012-10-23 09:27:28,4587,1,47.4413690476,0.591666666667
2012-10-23 09:27:29,4588,1,47.5181547619,0.0767857142858
2012-10-23 09:27:30,4589,1,46.1788690476,-1.33928571429
2012-10-23 09:27:31,4590,1,42.5516369048,-3.62723214286
2012-10-23 09:27:32,4591,1,36.4332738095,-6.11836309524
2012-10-23 09:27:33,4592,1,28.5511755952,-7.88209821429
2012-10-23 09:27:34,4593,1,20.2769345238,-8.27424107143
2012-10-23 09:27:35,4594,1,13.0098511905,-7.26708333333
2012-10-23 09:27:36,4595,1,7.64025297619,-5.36959821429
2012-10-23 09:27:37,4596,1,4.39638392857,-3.24386904762
2012-10-23 09:27:38,4597,1,2.986875,-1.40950892857
2012-10-23 09:27:39,4598,1,2.80979166667,-0.177083333333
2012-10-23 09:27:40,4599,1,3.20430059524,0.394508928571
2012-10-23 09:27:41,4600,1,3.71787202381,0.513571428571
2012-10-23 09:27:42,4601,1,4.18571428571,0.467842261905
2012-10-23 09:27:43,4602,1,4.5871875,0.401473214286
2012-10-23 09:27:44,4603,1,4.96757440476,0.380386904762
2012-10-23 09:27:45,4604,1,5.56178571429,0.594211309524
2012-10-23 09:27:46,4605,1,6.82086309524,1.25907738095
2012-10-23 09:27:47,4606,1,9.13866071429,2.31779761905
2012-10-23 09:27:48,4607,1,12.5488095238,3.41014880952
2012-10-23 09:27:49,4608,1,16.6769791667,4.12816964286
2012-10-23 09:27:50,4609,1,20.9540922619,4.27711309524
2012-10-23 09:27:51,4610,1,24.9436160714,3.98952380952
2012-10-23 09:27:52,4611,1,28.5042261905,3.56061011905
2012-10-23 09:27:53,4612,1,31.6649553571,3.16072916667
2012-10-23 09:27:54,4613,1,34.4617559524,2.79680059524
2012-10-23 09:27:55,4614,1,36.9169642857,2.45520833333
2012-10-23 09:27:56,4615,1,39.0658482143,2.14888392857
2012-10-23 09:27:57,4616,1,40.954985119,1.88913690476
2012-10-23 09:27:58,4617,1,42.6316220238,1.67663690476
2012-10-23 09:27:59,4618,1,44.1286458333,1.49702380952
2012-10-23 09:28:00,4619,1,45.4455357143,1.31688988095
2012-10-23 09:28:01,4620,1,46.5496279762,1.1040922619
2012-10-23 09:28:02,4621,1,47.410639881,0.861011904762
2012-10-23 09:28:03,4622,1,48.0395089286,0.628869047619
2012-10-23 09:28:04,4623,1,48.4961309524,0.45662202381
2012-10-23 09:28:05,4624,1,48.8626488095,0.366517857143
2012-10-23 09:28:06,4625,1,49.2011160714,0.338467261905
2012-10-23 09:28:07,4626,1,49.5276785714,0.3265625
2012-10-23 09:28:08,4627,1,49.8357886905,0.308110119048
2012-10-23 09:28:09,4628,1,50.1422619048,0.306473214286
2012-10-23 09:28:10,4629,1,50.4790922619,0.336830357143
2012-10-23 09:28:11,4630,1,50.8321428571,0.353050595238
2012-10-23 09:28:12,4631,1,51.1197916667,0.287648809524
2012-10-23 09:28:13,4632,1,51.2569940476,0.137202380952
2012-10-23 09:28:14,4633,1,51.2494791667,-0.0075148809523
2012-10-23 09:28:15,4634,1,51.2103422619,-0.0391369047619
2012-10-23 09:28:16,4635,1,51.248139881,0.0377976190476
2012-10-23 09:28:17,4636,1,51.3398809524,0.0917410714285
2012-10-23 09:28:18,4637,1,51.3485119048,0.008630952381
2012-10-23 09:28:19,4638,1,51.1720238095,-0.176488095238
2012-10-23 09:28:20,4639,1,50.8600446429,-0.311979166667
2012-10-23 09:28:21,4640,1,50.5811755952,-0.278869047619
2012-10-23 09:28:22,4641,1,50.4824404762,-0.0987351190476
2012-10-23 09:28:23,4642,1,50.5748511905,0.0924107142857
2012-10-23 09:28:24,4643,1,50.7357142857,0.160863095238
2012-10-23 09:28:25,4644,1,50.8069940476,0.0712797619047
2012-10-23 09:28:26,4645,1,50.6970238095,-0.109970238095
2012-10-23 09:28:27,4646,1,50.4208333333,-0.276190476191
2012-10-23 09:28:28,4647,1,50.0810267857,-0.339806547619
2012-10-23 09:28:29,4648,1,49.8120535714,-0.268973214286
2012-10-23 09:28:30,4649,1,49.7158482143,-0.0962053571429
2012-10-23 09:28:31,4650,1,49.8130952381,0.0972470238095
2012-10-23 09:28:32,4651,1,50.0163690476,0.203273809524
2012-10-23 09:28:33,4652,1,50.1555059524,0.139136904762
2012-10-23 09:28:34,4653,1,50.0772321429,-0.0782738095239
2012-10-23 09:28:35,4654,1,49.7453869048,-0.331845238095
2012-10-23 09:28:36,4655,1,49.2486607143,-0.496726190476
2012-10-23 09:28:37,4656,1,48.7223958333,-0.526264880952
2012-10-23 09:28:38,4657,1,48.2616071429,-0.460788690476
2012-10-23 09:28:39,4658,1,47.8938988095,-0.367708333333
2012-10-23 09:28:40,4659,1,47.6203869048,-0.273511904762
2012-10-23 09:28:41,4660,1,47.4578125,-0.162574404762
2012-10-23 09:28:42,4661,1,47.421875,-0.0359375
2012-10-23 09:28:43,4662,1,47.4897321429,0.0678571428571
2012-10-23 09:28:44,4663,1,47.609077381,0.119345238095
2012-10-23 09:28:45,4664,1,47.7388392857,0.129761904762
2012-10-23 09:28:46,4665,1,47.8709821429,0.132142857143
2012-10-23 09:28:47,4666,1,48.0235119048,0.152529761905
2012-10-23 09:28:48,4667,1,48.2165178571,0.193005952381
2012-10-23 09:28:49,4668,1,48.4511904762,0.234672619048
2012-10-23 09:28:50,4669,1,48.711235119,0.260044642857
2012-10-23 09:28:51,4670,1,48.9767113095,0.265476190476
2012-10-23 09:28:52,4671,1,49.227827381,0.251116071429
2012-10-23 09:28:53,4672,1,49.4398809524,0.212053571429
2012-10-23 09:28:54,4673,1,49.5883184524,0.1484375
2012-10-23 09:28:55,4674,1,49.668452381,0.0801339285715
2012-10-23 09:28:56,4675,1,49.7116071429,0.0431547619047
2012-10-23 09:28:57,4676,1,49.7795386905,0.0679315476191
2012-10-23 09:28:58,4677,1,49.9288690476,0.149330357143
2012-10-23 09:28:59,4678,1,50.158110119,0.229241071429
2012-10-23 09:29:00,4679,1,50.3886904762,0.230580357143
2012-10-23 09:29:01,4680,1,50.5194940476,0.130803571429
2012-10-23 09:29:02,4681,1,50.5116071429,-0.0078869047619
2012-10-23 09:29:03,4682,1,50.4203869048,-0.0912202380952
2012-10-23 09:29:04,4683,1,50.3500744048,-0.0703125
2012-10-23 09:29:05,4684,1,50.3755952381,0.0255208333333
2012-10-23 09:29:06,4685,1,50.4920386905,0.116443452381
2012-10-23 09:29:07,4686,1,50.6246279762,0.132589285714
2012-10-23 09:29:08,4687,1,50.6826636905,0.0580357142857
2012-10-23 09:29:09,4688,1,50.6104166667,-0.0722470238095
2012-10-23 09:29:10,4689,1,50.4067708333,-0.203645833333
2012-10-23 09:29:11,4690,1,50.1170386905,-0.289732142857
2012-10-23 09:29:12,4691,1,49.8042410714,-0.312797619048
2012-10-23 09:29:13,4692,1,49.5098958333,-0.294345238095
2012-10-23 09:29:14,4693,1,49.2392113095,-0.270684523809
2012-10-23 09:29:15,4694,1,48.9807291667,-0.258482142857
2012-10-23 09:29:16,4695,1,48.686235119,-0.294494047619
2012-10-23 09:29:17,4696,1,48.1826636905,-0.503571428571
2012-10-23 09:29:18,4697,1,47.1516369048,-1.03102678571
2012-10-23 09:29:19,4698,1,45.2755952381,-1.87604166667
2012-10-23 09:29:20,4699,1,42.4469494048,-2.82864583333
2012-10-23 09:29:21,4700,1,38.8770089286,-3.56994047619
2012-10-23 09:29:22,4701,1,35.0246279762,-3.85238095238
2012-10-23 09:29:23,4702,1,31.3957589286,-3.62886904762
2012-10-23 09:29:24,4703,1,28.3633184524,-3.03244047619
2012-10-23 09:29:25,4704,1,26.0985119048,-2.26480654762
2012-10-23 09:29:26,4705,1,24.5904017857,-1.50811011905
2012-10-23 09:29:27,4706,1,23.7002232143,-0.890178571429
2012-10-23 09:29:28,4707,1,23.2355654762,-0.464657738095
2012-10-23 09:29:29,4708,1,23.0558035714,-0.179761904762
2012-10-23 09:29:30,4709,1,23.145610119,0.089806547619
2012-10-23 09:29:31,4710,1,23.5699404762,0.424330357143
2012-10-23 09:29:32,4711,1,24.3651785714,0.795238095238
2012-10-23 09:29:33,4712,1,25.4764136905,1.11123511905
2012-10-23 09:29:34,4713,1,26.7656994048,1.28928571429
2012-10-23 09:29:35,4714,1,28.0647321429,1.2990327381
2012-10-23 09:29:36,4715,1,29.2195684524,1.15483630952
2012-10-23 09:29:37,4716,1,30.1053571429,0.885788690476
2012-10-23 09:29:38,4717,1,30.6688988095,0.563541666667
2012-10-23 09:29:39,4718,1,31.0035714286,0.334672619048
2012-10-23 09:29:40,4719,1,31.3477678571,0.344196428572
2012-10-23 09:29:41,4720,1,31.94375,0.595982142857
2012-10-23 09:29:42,4721,1,32.8466517857,0.902901785714
2012-10-23 09:29:43,4722,1,33.8631696429,1.01651785714
2012-10-23 09:29:44,4723,1,34.7005208333,0.837351190476
2012-10-23 09:29:45,4724,1,35.1841517857,0.483630952381
2012-10-23 09:29:46,4725,1,35.3533482143,0.169196428571
2012-10-23 09:29:47,4726,1,35.4009672619,0.0476190476191
2012-10-23 09:29:48,4727,1,35.5375,0.136532738095
2012-10-23 09:29:49,4728,1,35.8754464286,0.337946428571
2012-10-23 09:29:50,4729,1,36.4005952381,0.525148809524
2012-10-23 09:29:51,4730,1,37.0267113095,0.626116071429
2012-10-23 09:29:52,4731,1,37.6681547619,0.641443452381
2012-10-23 09:29:53,4732,1,38.2628720238,0.594717261905
2012-10-23 09:29:54,4733,1,38.7485119048,0.485639880952
2012-10-23 09:29:55,4734,1,39.0569940476,0.308482142857
2012-10-23 09:29:56,4735,1,39.1492559524,0.0922619047619
2012-10-23 09:29:57,4736,1,39.0484375,-0.100818452381
2012-10-23 09:29:58,4737,1,38.8376488095,-0.210788690476
2012-10-23 09:29:59,4738,1,38.6076636905,-0.229985119048
2012-10-23 09:30:00,4739,1,38.379389881,-0.228273809524
2012-10-23 09:30:01,4740,1,38.0759672619,-0.303422619048
2012-10-23 09:30:02,4741,1,37.5650297619,-0.5109375
2012-10-23 09:30:03,4742,1,36.7183035714,-0.846726190476
2012-10-23 09:30:04,4743,1,35.4604910714,-1.2578125
2012-10-23 09:30:05,4744,1,33.7900297619,-1.67046130952
2012-10-23 09:30:06,4745,1,31.7484375,-2.0415922619
2012-10-23 09:30:07,4746,1,29.3774553571,-2.37098214286
2012-10-23 09:30:08,4747,1,26.7182291667,-2.65922619048
2012-10-23 09:30:09,4748,1,23.8337797619,-2.88444940476
2012-10-23 09:30:10,4749,1,20.8132440476,-3.02053571429
2012-10-23 09:30:11,4750,1,17.7558779762,-3.05736607143
2012-10-23 09:30:12,4751,1,14.7511904762,-3.0046875
2012-10-23 09:30:13,4752,1,11.8719494048,-2.87924107143
2012-10-23 09:30:14,4753,1,9.1943452381,-2.67760416667
2012-10-23 09:30:15,4754,1,6.8306547619,-2.36369047619
2012-10-23 09:30:16,4755,1,4.94397321429,-1.88668154762
2012-10-23 09:30:17,4756,1,3.7453125,-1.19866071429
2012-10-23 09:30:18,4757,1,3.46108630952,-0.284226190476
2012-10-23 09:30:19,4758,1,4.22767857143,0.766592261905
2012-10-23 09:30:20,4759,1,5.96748511905,1.73980654762
2012-10-23 09:30:21,4760,1,8.37767857143,2.41019345238
2012-10-23 09:30:22,4761,1,11.04375,2.66607142857
2012-10-23 09:30:23,4762,1,13.5980654762,2.55431547619
2012-10-23 09:30:24,4763,1,15.854985119,2.25691964286
2012-10-23 09:30:25,4764,1,17.8320684524,1.97708333333
2012-10-23 09:30:26,4765,1,19.6470238095,1.81495535714
2012-10-23 09:30:27,4766,1,21.4157738095,1.76875
2012-10-23 09:30:28,4767,1,23.210639881,1.79486607143
2012-10-23 09:30:29,4768,1,25.0413690476,1.83072916667
2012-10-23 09:30:30,4769,1,26.8572172619,1.81584821429
2012-10-23 09:30:31,4770,1,28.5728422619,1.715625
2012-10-23 09:30:32,4771,1,30.102827381,1.52998511905
2012-10-23 09:30:33,4772,1,31.3995535714,1.29672619048
2012-10-23 09:30:34,4773,1,32.4682291667,1.06867559524
2012-10-23 09:30:35,4774,1,33.3407738095,0.872544642857
2012-10-23 09:30:36,4775,1,34.0430059524,0.702232142857
2012-10-23 09:30:37,4776,1,34.6025297619,0.559523809524
2012-10-23 09:30:38,4777,1,35.0840029762,0.481473214286
2012-10-23 09:30:39,4778,1,35.5741815476,0.490178571429
2012-10-23 09:30:40,4779,1,36.1052083333,0.531026785714
2012-10-23 09:30:41,4780,1,36.6146577381,0.509449404762
2012-10-23 09:30:42,4781,1,37.0081845238,0.393526785714
2012-10-23 09:30:43,4782,1,37.275,0.266815476191
2012-10-23 09:30:44,4783,1,37.522172619,0.247172619048
2012-10-23 09:30:45,4784,1,37.8531994048,0.331026785714
2012-10-23 09:30:46,4785,1,38.231547619,0.378348214286
2012-10-23 09:30:47,4786,1,38.5110863095,0.279538690476
2012-10-23 09:30:48,4787,1,38.5875744048,0.0764880952381
2012-10-23 09:30:49,4788,1,38.4982886905,-0.0892857142857
2012-10-23 09:30:50,4789,1,38.3870535714,-0.111235119048
2012-10-23 09:30:51,4790,1,38.3837797619,-0.0032738095238
2012-10-23 09:30:52,4791,1,38.5267857143,0.143005952381
2012-10-23 09:30:53,4792,1,38.7985863095,0.271800595238
2012-10-23 09:30:54,4793,1,39.1920386905,0.393452380952
2012-10-23 09:30:55,4794,1,39.7080357143,0.515997023809
2012-10-23 09:30:56,4795,1,40.3156994048,0.607663690476
2012-10-23 09:30:57,4796,1,40.9450892857,0.629389880952
2012-10-23 09:30:58,4797,1,41.5161458333,0.571056547619
2012-10-23 09:30:59,4798,1,41.9764880952,0.460342261905
2012-10-23 09:31:00,4799,1,42.3224702381,0.345982142857
2012-10-23 09:31:01,4800,1,42.5889136905,0.266443452381
2012-10-23 09:31:02,4801,1,42.8219494048,0.233035714286
2012-10-23 09:31:03,4802,1,43.0561755952,0.234226190476
2012-10-23 09:31:04,4803,1,43.3029017857,0.246726190476
2012-10-23 09:31:05,4804,1,43.5511160714,0.248214285714
2012-10-23 09:31:06,4805,1,43.7792410714,0.228125
2012-10-23 09:31:07,4806,1,43.971875,0.192633928571
2012-10-23 09:31:08,4807,1,44.1302827381,0.158407738095
2012-10-23 09:31:09,4808,1,44.2644345238,0.134151785714
2012-10-23 09:31:10,4809,1,44.3738095238,0.109375
2012-10-23 09:31:11,4810,1,44.443452381,0.0696428571429
2012-10-23 09:31:12,4811,1,44.471875,0.0284226190476
2012-10-23 09:31:13,4812,1,44.5074404762,0.0355654761905
2012-10-23 09:31:14,4813,1,44.6444196429,0.136979166667
2012-10-23 09:31:15,4814,1,44.9671875,0.322767857143
2012-10-23 09:31:16,4815,1,45.488764881,0.521577380952
2012-10-23 09:31:17,4816,1,46.1389880952,0.650223214286
2012-10-23 09:31:18,4817,1,46.8119047619,0.672916666667
2012-10-23 09:31:19,4818,1,47.4247767857,0.61287202381
2012-10-23 09:31:20,4819,1,47.9414434524,0.516666666667
2012-10-23 09:31:21,4820,1,48.3633184524,0.421875
2012-10-23 09:31:22,4821,1,48.7119047619,0.348586309524
2012-10-23 09:31:23,4822,1,49.0144345238,0.302529761905
2012-10-23 09:31:24,4823,1,49.2943452381,0.279910714286
2012-10-23 09:31:25,4824,1,49.5647321429,0.270386904762
2012-10-23 09:31:26,4825,1,49.8270833333,0.262351190476
2012-10-23 09:31:27,4826,1,50.070610119,0.243526785714
2012-10-23 09:31:28,4827,1,50.2688244048,0.198214285714
2012-10-23 09:31:29,4828,1,50.3976934524,0.128869047619
2012-10-23 09:31:30,4829,1,50.4686011905,0.0709077380952
2012-10-23 09:31:31,4830,1,50.5214285714,0.0528273809524
2012-10-23 09:31:32,4831,1,50.5866071429,0.0651785714285
2012-10-23 09:31:33,4832,1,50.6738839286,0.0872767857143
2012-10-23 09:31:34,4833,1,50.7863095238,0.112425595238
2012-10-23 09:31:35,4834,1,50.9272321429,0.140922619048
2012-10-23 09:31:36,4835,1,51.080952381,0.153720238095
2012-10-23 09:31:37,4836,1,51.1760416667,0.0950892857143
2012-10-23 09:31:38,4837,1,51.1063244048,-0.0697172619048
2012-10-23 09:31:39,4838,1,50.8426339286,-0.26369047619
2012-10-23 09:31:40,4839,1,50.5055059524,-0.33712797619
2012-10-23 09:31:41,4840,1,50.2752232143,-0.230282738095
2012-10-23 09:31:42,4841,1,50.2244047619,-0.0508184523809
2012-10-23 09:31:43,4842,1,50.2530505952,0.0286458333333
2012-10-23 09:31:44,4843,1,50.1875744048,-0.0654761904762
2012-10-23 09:31:45,4844,1,49.9447916667,-0.242782738095
2012-10-23 09:31:46,4845,1,49.5983630952,-0.346428571429
2012-10-23 09:31:47,4846,1,49.2923363095,-0.306026785714
2012-10-23 09:31:48,4847,1,49.1109375,-0.181398809524
2012-10-23 09:31:49,4848,1,49.0208333333,-0.0901041666667
2012-10-23 09:31:50,4849,1,48.905952381,-0.114880952381
2012-10-23 09:31:51,4850,1,48.6538690476,-0.252083333333
2012-10-23 09:31:52,4851,1,48.226264881,-0.427604166667
2012-10-23 09:31:53,4852,1,47.6786458333,-0.547619047619
2012-10-23 09:31:54,4853,1,47.1353422619,-0.543303571428
2012-10-23 09:31:55,4854,1,46.7155505952,-0.419791666667
2012-10-23 09:31:56,4855,1,46.4572916667,-0.258258928571
2012-10-23 09:31:57,4856,1,46.330952381,-0.126339285714
2012-10-23 09:31:58,4857,1,46.3170386905,-0.0139136904762
2012-10-23 09:31:59,4858,1,46.4415922619,0.124553571429
2012-10-23 09:32:00,4859,1,46.7415178571,0.299925595238
2012-10-23 09:32:01,4860,1,47.1945684524,0.453050595238
2012-10-23 09:32:02,4861,1,47.6796130952,0.485044642857
2012-10-23 09:32:03,4862,1,48.0347470238,0.355133928571
2012-10-23 09:32:04,4863,1,48.1607142857,0.125967261905
2012-10-23 09:32:05,4864,1,48.053125,-0.107589285714
2012-10-23 09:32:06,4865,1,47.7621279762,-0.29099702381
2012-10-23 09:32:07,4866,1,47.3533482143,-0.408779761905
2012-10-23 09:32:08,4867,1,46.8999255952,-0.453422619048
2012-10-23 09:32:09,4868,1,46.4795386905,-0.420386904762
2012-10-23 09:32:10,4869,1,46.1139136905,-0.365625
2012-10-23 09:32:11,4870,1,45.6508928571,-0.463020833333
2012-10-23 09:32:12,4871,1,44.7363095238,-0.914583333333
2012-10-23 09:32:13,4872,1,42.99375,-1.74255952381
2012-10-23 09:32:14,4873,1,40.2946428571,-2.69910714286
2012-10-23 09:32:15,4874,1,36.8874255952,-3.4072172619
2012-10-23 09:32:16,4875,1,33.2936011905,-3.59382440476
2012-10-23 09:32:17,4876,1,30.0683035714,-3.22529761905
2012-10-23 09:32:18,4877,1,27.5872767857,-2.48102678571
2012-10-23 09:32:19,4878,1,25.9619791667,-1.62529761905
2012-10-23 09:32:20,4879,1,25.085639881,-0.876339285714
2012-10-23 09:32:21,4880,1,24.7541666667,-0.331473214286
2012-10-23 09:32:22,4881,1,24.8000744048,0.0459077380952
2012-10-23 09:32:23,4882,1,25.1654017857,0.365327380952
2012-10-23 09:32:24,4883,1,25.8470238095,0.681622023809
2012-10-23 09:32:25,4884,1,26.7715029762,0.924479166667
2012-10-23 09:32:26,4885,1,27.7600446429,0.988541666667
2012-10-23 09:32:27,4886,1,28.6360119048,0.875967261905
2012-10-23 09:32:28,4887,1,29.352827381,0.716815476191
2012-10-23 09:32:29,4888,1,30.0051339286,0.652306547619
2012-10-23 09:32:30,4889,1,30.7186011905,0.713467261905
2012-10-23 09:32:31,4890,1,31.5360863095,0.817485119048
2012-10-23 09:32:32,4891,1,32.4005952381,0.864508928571
2012-10-23 09:32:33,4892,1,33.2202380952,0.819642857143
2012-10-23 09:32:34,4893,1,33.9373511905,0.717113095238
2012-10-23 09:32:35,4894,1,34.5527529762,0.615401785714
2012-10-23 09:32:36,4895,1,35.1026785714,0.549925595238
2012-10-23 09:32:37,4896,1,35.6101934524,0.507514880952
2012-10-23 09:32:38,4897,1,36.0561011905,0.445907738095
2012-10-23 09:32:39,4898,1,36.4053571429,0.349255952381
2012-10-23 09:32:40,4899,1,36.6480654762,0.242708333333
2012-10-23 09:32:41,4900,1,36.8006696429,0.152604166667
2012-10-23 09:32:42,4901,1,36.8947916667,0.0941220238096
2012-10-23 09:32:43,4902,1,36.9738095238,0.0790178571428
2012-10-23 09:32:44,4903,1,37.0786458333,0.104836309524
2012-10-23 09:32:45,4904,1,37.2350446429,0.156398809524
2012-10-23 09:32:46,4905,1,37.4146577381,0.179613095238
2012-10-23 09:32:47,4906,1,37.4614583333,0.0468005952381
2012-10-23 09:32:48,4907,1,37.1223214286,-0.339136904762
2012-10-23 09:32:49,4908,1,36.2280505952,-0.894270833333
2012-10-23 09:32:50,4909,1,34.8447916667,-1.38325892857
2012-10-23 09:32:51,4910,1,33.2679315476,-1.57686011905
2012-10-23 09:32:52,4911,1,31.8834077381,-1.38452380952
2012-10-23 09:32:53,4912,1,30.9720982143,-0.911309523809
2012-10-23 09:32:54,4913,1,30.5888392857,-0.383258928571
2012-10-23 09:32:55,4914,1,30.6213541667,0.0325148809524
2012-10-23 09:32:56,4915,1,30.9456845238,0.324330357143
2012-10-23 09:32:57,4916,1,31.4872767857,0.541592261905
2012-10-23 09:32:58,4917,1,32.1579613095,0.670684523809
2012-10-23 09:32:59,4918,1,32.8206845238,0.662723214286
2012-10-23 09:33:00,4919,1,33.3513392857,0.530654761905
2012-10-23 09:33:01,4920,1,33.715327381,0.363988095238
2012-10-23 09:33:02,4921,1,33.9773065476,0.261979166667
2012-10-23 09:33:03,4922,1,34.2207589286,0.243452380952
2012-10-23 09:33:04,4923,1,34.4462797619,0.225520833333
2012-10-23 09:33:05,4924,1,34.5813988095,0.135119047619
2012-10-23 09:33:06,4925,1,34.5970238095,0.015625
2012-10-23 09:33:07,4926,1,34.575,-0.0220238095238
2012-10-23 09:33:08,4927,1,34.6600446429,0.0850446428571
2012-10-23 09:33:09,4928,1,34.9608630952,0.300818452381
2012-10-23 09:33:10,4929,1,35.4666666667,0.505803571429
2012-10-23 09:33:11,4930,1,36.0421130952,0.575446428571
2012-10-23 09:33:12,4931,1,36.5336309524,0.491517857143
2012-10-23 09:33:13,4932,1,36.8955357143,0.361904761905
2012-10-23 09:33:14,4933,1,37.2130208333,0.317485119048
2012-10-23 09:33:15,4934,1,37.6120535714,0.399032738095
2012-10-23 09:33:16,4935,1,38.1429315476,0.53087797619
2012-10-23 09:33:17,4936,1,38.7504464286,0.607514880952
2012-10-23 09:33:18,4937,1,39.3550595238,0.604613095238
2012-10-23 09:33:19,4938,1,39.928125,0.573065476191
2012-10-23 09:33:20,4939,1,40.4780505952,0.549925595238
2012-10-23 09:33:21,4940,1,41.0083333333,0.530282738095
2012-10-23 09:33:22,4941,1,41.5122767857,0.503943452381
2012-10-23 09:33:23,4942,1,41.9865327381,0.474255952381
2012-10-23 09:33:24,4943,1,42.4357886905,0.449255952381
2012-10-23 09:33:25,4944,1,42.869047619,0.433258928571
2012-10-23 09:33:26,4945,1,43.2905505952,0.421502976191
2012-10-23 09:33:27,4946,1,43.6947172619,0.404166666667
2012-10-23 09:33:28,4947,1,44.0748511905,0.380133928571
2012-10-23 09:33:29,4948,1,44.4203869048,0.345535714286
2012-10-23 09:33:30,4949,1,44.6883928571,0.268005952381
2012-10-23 09:33:31,4950,1,44.7968005952,0.108407738095
2012-10-23 09:33:32,4951,1,44.6664434524,-0.130357142857
2012-10-23 09:33:33,4952,1,44.2715029762,-0.394940476191
2012-10-23 09:33:34,4953,1,43.6642113095,-0.607291666667
2012-10-23 09:33:35,4954,1,42.9699404762,-0.694270833333
2012-10-23 09:33:36,4955,1,42.3478422619,-0.622098214286
2012-10-23 09:33:37,4956,1,41.9251488095,-0.422693452381
2012-10-23 09:33:38,4957,1,41.7450892857,-0.180059523809
2012-10-23 09:33:39,4958,1,41.7654761905,0.0203869047619
2012-10-23 09:33:40,4959,1,41.9047619048,0.139285714286
2012-10-23 09:33:41,4960,1,42.1032738095,0.198511904762
2012-10-23 09:33:42,4961,1,42.3532738095,0.25
2012-10-23 09:33:43,4962,1,42.6665178571,0.313244047619
2012-10-23 09:33:44,4963,1,43.0177827381,0.351264880952
2012-10-23 09:33:45,4964,1,43.33125,0.313467261905
2012-10-23 09:33:46,4965,1,43.5102678571,0.179017857143
2012-10-23 09:33:47,4966,1,43.4732142857,-0.0370535714286
2012-10-23 09:33:48,4967,1,43.1911458333,-0.282068452381
2012-10-23 09:33:49,4968,1,42.7183779762,-0.472767857143
2012-10-23 09:33:50,4969,1,42.1613839286,-0.556994047619
2012-10-23 09:33:51,4970,1,41.5735863095,-0.587797619048
2012-10-23 09:33:52,4971,1,40.8750744048,-0.698511904762
2012-10-23 09:33:53,4972,1,39.8947916667,-0.980282738095
2012-10-23 09:33:54,4973,1,38.5044642857,-1.39032738095
2012-10-23 09:33:55,4974,1,36.7174107143,-1.78705357143
2012-10-23 09:33:56,4975,1,34.6569196429,-2.06049107143
2012-10-23 09:33:57,4976,1,32.4452380952,-2.21168154762
2012-10-23 09:33:58,4977,1,30.1563244048,-2.28891369048
2012-10-23 09:33:59,4978,1,27.861235119,-2.29508928571
2012-10-23 09:34:00,4979,1,25.6540178571,-2.2072172619
2012-10-23 09:34:01,4980,1,23.5982886905,-2.05572916667
2012-10-23 09:34:02,4981,1,21.666889881,-1.93139880952
2012-10-23 09:34:03,4982,1,19.7663690476,-1.90052083333
2012-10-23 09:34:04,4983,1,17.834077381,-1.93229166667
2012-10-23 09:34:05,4984,1,15.898735119,-1.9353422619
2012-10-23 09:34:06,4985,1,14.0399553571,-1.8587797619
2012-10-23 09:34:07,4986,1,12.309077381,-1.73087797619
2012-10-23 09:34:08,4987,1,10.7021577381,-1.60691964286
2012-10-23 09:34:09,4988,1,9.19680059524,-1.50535714286
2012-10-23 09:34:10,4989,1,7.79970238095,-1.39709821429
2012-10-23 09:34:11,4990,1,6.55617559524,-1.24352678571
2012-10-23 09:34:12,4991,1,5.5244047619,-1.03177083333
2012-10-23 09:34:13,4992,1,4.74977678571,-0.77462797619
2012-10-23 09:34:14,4993,1,4.23973214286,-0.510044642857
2012-10-23 09:34:15,4994,1,3.90342261905,-0.33630952381
2012-10-23 09:34:16,4995,1,3.5037202381,-0.399702380952
2012-10-23 09:34:17,4996,1,2.78422619048,-0.719494047619
2012-10-23 09:34:18,4997,1,1.80773809524,-0.976488095238
2012-10-23 09:34:19,4998,1,0.0,-1.80773809524
2012-10-23 09:35:07,5046,48,0.0,0.0
2012-10-23 09:35:08,5047,1,3.55476190476,3.55476190476
2012-10-23 09:35:09,5048,1,6.41116071429,2.85639880952
2012-10-23 09:35:10,5049,1,9.51912202381,3.10796130952
2012-10-23 09:35:11,5050,1,12.3338541667,2.81473214286
2012-10-23 09:35:12,5051,1,14.5541666667,2.2203125
2012-10-23 09:35:13,5052,1,16.0852678571,1.53110119048
2012-10-23 09:35:14,5053,1,17.0185267857,0.933258928571
2012-10-23 09:35:15,5054,1,17.5558779762,0.537351190476
2012-10-23 09:35:16,5055,1,17.8699404762,0.3140625
2012-10-23 09:35:17,5056,1,18.005952381,0.136011904762
2012-10-23 09:35:18,5057,1,17.9259672619,-0.0799851190476
2012-10-23 09:35:19,5058,1,17.6430059524,-0.282961309524
2012-10-23 09:35:20,5059,1,17.2840029762,-0.35900297619
2012-10-23 09:35:21,5060,1,17.0145833333,-0.269419642857
2012-10-23 09:35:22,5061,1,16.9226190476,-0.0919642857143
2012-10-23 09:35:23,5062,1,16.9831845238,0.0605654761905
2012-10-23 09:35:24,5063,1,17.1145833333,0.131398809524
2012-10-23 09:35:25,5064,1,17.2558779762,0.141294642857
2012-10-23 09:35:26,5065,1,17.4246279762,0.16875
2012-10-23 09:35:27,5066,1,17.7386904762,0.3140625
2012-10-23 09:35:28,5067,1,18.3696428571,0.630952380952
2012-10-23 09:35:29,5068,1,19.4500744048,1.08043154762
2012-10-23 09:35:30,5069,1,21.0328125,1.58273809524
2012-10-23 09:35:31,5070,1,23.1164434524,2.08363095238
2012-10-23 09:35:32,5071,1,25.6430803571,2.52663690476
2012-10-23 09:35:33,5072,1,28.4443452381,2.80126488095
2012-10-23 09:35:34,5073,1,31.208110119,2.76376488095
2012-10-23 09:35:35,5074,1,33.5430803571,2.3349702381
2012-10-23 09:35:36,5075,1,35.1567708333,1.61369047619
2012-10-23 09:35:37,5076,1,36.0238095238,0.867038690476
2012-10-23 09:35:38,5077,1,36.3743303571,0.350520833333
2012-10-23 09:35:39,5078,1,36.498735119,0.124404761905
2012-10-23 09:35:40,5079,1,36.5381696429,0.0394345238095
2012-10-23 09:35:41,5080,1,36.4273809524,-0.110788690476
2012-10-23 09:35:42,5081,1,36.0081845238,-0.419196428572
2012-10-23 09:35:43,5082,1,35.1830357143,-0.825148809524
2012-10-23 09:35:44,5083,1,33.9807291667,-1.20230654762
2012-10-23 09:35:45,5084,1,32.5338541667,-1.446875
2012-10-23 09:35:46,5085,1,31.037202381,-1.49665178571
2012-10-23 09:35:47,5086,1,29.7037946429,-1.3334077381
2012-10-23 09:35:48,5087,1,28.6988095238,-1.00498511905
2012-10-23 09:35:49,5088,1,28.0722470238,-0.6265625
2012-10-23 09:35:50,5089,1,27.7361607143,-0.336086309524
2012-10-23 09:35:51,5090,1,27.5172619048,-0.218898809524
2012-10-23 09:35:52,5091,1,27.2607886905,-0.256473214286
2012-10-23 09:35:53,5092,1,26.8889136905,-0.371875
2012-10-23 09:35:54,5093,1,26.3697172619,-0.519196428571
2012-10-23 09:35:55,5094,1,25.6808779762,-0.688839285714
2012-10-23 09:35:56,5095,1,24.827827381,-0.853050595238
2012-10-23 09:35:57,5096,1,23.8796130952,-0.948214285714
2012-10-23 09:35:58,5097,1,22.9910714286,-0.888541666667
2012-10-23 09:35:59,5098,1,22.3869791667,-0.604092261905
2012-10-23 09:36:00,5099,1,22.2774553571,-0.109523809524
2012-10-23 09:36:01,5100,1,22.7642857143,0.486830357143
2012-10-23 09:36:02,5101,1,23.8267113095,1.06242559524
2012-10-23 09:36:03,5102,1,25.3491815476,1.5224702381
2012-10-23 09:36:04,5103,1,27.140922619,1.79174107143
2012-10-23 09:36:05,5104,1,28.9905505952,1.84962797619
2012-10-23 09:36:06,5105,1,30.7322172619,1.74166666667
2012-10-23 09:36:07,5106,1,32.2558779762,1.52366071429
2012-10-23 09:36:08,5107,1,33.5013392857,1.24546130952
2012-10-23 09:36:09,5108,1,34.4520089286,0.950669642857
2012-10-23 09:36:10,5109,1,35.095014881,0.643005952381
2012-10-23 09:36:11,5110,1,35.4180059524,0.322991071429
2012-10-23 09:36:12,5111,1,35.4697172619,0.0517113095238
2012-10-23 09:36:13,5112,1,35.3712053571,-0.0985119047619
2012-10-23 09:36:14,5113,1,35.254985119,-0.116220238095
2012-10-23 09:36:15,5114,1,35.2208333333,-0.0341517857143
2012-10-23 09:36:16,5115,1,35.3328125,0.111979166667
2012-10-23 09:36:17,5116,1,35.6322916667,0.299479166667
2012-10-23 09:36:18,5117,1,36.1468005952,0.514508928571
2012-10-23 09:36:19,5118,1,36.8661458333,0.719345238095
2012-10-23 09:36:20,5119,1,37.6725446429,0.806398809524
2012-10-23 09:36:21,5120,1,38.2888392857,0.616294642857
2012-10-23 09:36:22,5121,1,38.3715029762,0.0826636904762
2012-10-23 09:36:23,5122,1,37.7318452381,-0.639657738095
2012-10-23 09:36:24,5123,1,36.4735863095,-1.25825892857
2012-10-23 09:36:25,5124,1,34.9246279762,-1.54895833333
2012-10-23 09:36:26,5125,1,33.4293154762,-1.4953125
2012-10-23 09:36:27,5126,1,32.1568452381,-1.2724702381
2012-10-23 09:36:28,5127,1,31.1097470238,-1.04709821429
2012-10-23 09:36:29,5128,1,30.294047619,-0.815699404762
2012-10-23 09:36:30,5129,1,29.7633928571,-0.530654761905
2012-10-23 09:36:31,5130,1,29.4847470238,-0.278645833333
2012-10-23 09:36:32,5131,1,29.3046875,-0.18005952381
2012-10-23 09:36:33,5132,1,29.1273809524,-0.177306547619
2012-10-23 09:36:34,5133,1,29.0848958333,-0.0424851190477
2012-10-23 09:36:35,5134,1,29.490327381,0.405431547619
2012-10-23 09:36:36,5135,1,30.603422619,1.1130952381
2012-10-23 09:36:37,5136,1,32.4235119048,1.82008928571
2012-10-23 09:36:38,5137,1,34.7150297619,2.29151785714
2012-10-23 09:36:39,5138,1,37.227827381,2.51279761905
2012-10-23 09:36:40,5139,1,39.8531994048,2.62537202381
2012-10-23 09:36:41,5140,1,42.5654017857,2.71220238095
2012-10-23 09:36:42,5141,1,45.260639881,2.69523809524
2012-10-23 09:36:43,5142,1,47.6799107143,2.41927083333
2012-10-23 09:36:44,5143,1,49.4993303571,1.81941964286
2012-10-23 09:36:45,5144,1,50.5250744048,1.02574404762
2012-10-23 09:36:46,5145,1,50.7744047619,0.249330357143
2012-10-23 09:36:47,5146,1,50.2392113095,-0.535193452381
2012-10-23 09:36:48,5147,1,48.5430059524,-1.69620535714
2012-10-23 09:36:49,5148,1,45.0510416667,-3.49196428571
2012-10-23 09:36:50,5149,1,39.4863839286,-5.5646577381
2012-10-23 09:36:51,5150,1,32.3447172619,-7.14166666667
2012-10-23 09:36:52,5151,1,24.6751488095,-7.66956845238
2012-10-23 09:36:53,5152,1,17.5692708333,-7.10587797619
2012-10-23 09:36:54,5153,1,11.7789434524,-5.79032738095
2012-10-23 09:36:55,5154,1,7.6130952381,-4.16584821429
2012-10-23 09:36:56,5155,1,5.05766369048,-2.55543154762
2012-10-23 09:36:57,5156,1,3.84561011905,-1.21205357143
2012-10-23 09:36:58,5157,1,3.45535714286,-0.39025297619
2012-10-23 09:36:59,5158,1,3.3228422619,-0.132514880952
2012-10-23 09:37:00,5159,1,3.12991071429,-0.192931547619
2012-10-23 09:37:01,5160,1,2.86882440476,-0.261086309524
2012-10-23 09:37:02,5161,1,2.83110119048,-0.0377232142857
2012-10-23 09:37:03,5162,1,3.55729166667,0.72619047619
2012-10-23 09:37:04,5163,1,5.53511904762,1.97782738095
2012-10-23 09:37:05,5164,1,8.8328125,3.29769345238
2012-10-23 09:37:06,5165,1,13.0265625,4.19375
2012-10-23 09:37:07,5166,1,17.4634672619,4.4369047619
2012-10-23 09:37:08,5167,1,21.654985119,4.19151785714
2012-10-23 09:37:09,5168,1,25.4523065476,3.79732142857
2012-10-23 09:37:10,5169,1,28.8597470238,3.40744047619
2012-10-23 09:37:11,5170,1,31.8074404762,2.94769345238
2012-10-23 09:37:12,5171,1,34.1458333333,2.33839285714
2012-10-23 09:37:13,5172,1,35.738764881,1.59293154762
2012-10-23 09:37:14,5173,1,36.5063244048,0.767559523809
2012-10-23 09:37:15,5174,1,36.4191220238,-0.0872023809524
2012-10-23 09:37:16,5175,1,35.4863095238,-0.9328125
2012-10-23 09:37:17,5176,1,33.7645833333,-1.72172619048
2012-10-23 09:37:18,5177,1,31.3706845238,-2.39389880952
2012-10-23 09:37:19,5178,1,28.4662946429,-2.90438988095
2012-10-23 09:37:20,5179,1,25.2226190476,-3.24367559524
2012-10-23 09:37:21,5180,1,21.7898809524,-3.43273809524
2012-10-23 09:37:22,5181,1,18.2936755952,-3.49620535714
2012-10-23 09:37:23,5182,1,14.8593005952,-3.434375
2012-10-23 09:37:24,5183,1,11.6211309524,-3.23816964286
2012-10-23 09:37:25,5184,1,8.68206845238,-2.9390625
2012-10-23 09:37:26,5185,1,6.07217261905,-2.60989583333
2012-10-23 09:37:27,5186,1,3.80178571429,-2.27038690476
2012-10-23 09:37:28,5187,1,2.02790178571,-1.77388392857
2012-10-23 09:37:29,5188,1,0.0,-2.02790178571
2012-10-23 09:38:23,5242,54,0.0,0.0
2012-10-23 09:38:24,5243,1,4.21927083333,4.21927083333
2012-10-23 09:38:25,5244,1,7.925,3.70572916667
2012-10-23 09:38:26,5245,1,12.2167410714,4.29174107143
2012-10-23 09:38:27,5246,1,16.3977678571,4.18102678571
2012-10-23 09:38:28,5247,1,20.0159970238,3.61822916667
2012-10-23 09:38:29,5248,1,22.8591517857,2.8431547619
2012-10-23 09:38:30,5249,1,24.8769345238,2.0177827381
2012-10-23 09:38:31,5250,1,26.1202380952,1.24330357143
2012-10-23 09:38:32,5251,1,26.7179315476,0.597693452381
2012-10-23 09:38:33,5252,1,26.8420386905,0.124107142857
2012-10-23 09:38:34,5253,1,26.659375,-0.182663690476
2012-10-23 09:38:35,5254,1,26.3101934524,-0.349181547619
2012-10-23 09:38:36,5255,1,25.9099702381,-0.400223214286
2012-10-23 09:38:37,5256,1,25.5491071429,-0.360863095238
2012-10-23 09:38:38,5257,1,25.2880952381,-0.261011904762
2012-10-23 09:38:39,5258,1,25.1523065476,-0.135788690476
2012-10-23 09:38:40,5259,1,25.1252232143,-0.0270833333334
2012-10-23 09:38:41,5260,1,25.145014881,0.0197916666667
2012-10-23 09:38:42,5261,1,25.1438244048,-0.0011904761905
2012-10-23 09:38:43,5262,1,25.1744047619,0.0305803571429
2012-10-23 09:38:44,5263,1,25.4976934524,0.323288690476
2012-10-23 09:38:45,5264,1,26.4244047619,0.926711309524
2012-10-23 09:38:46,5265,1,28.044047619,1.61964285714
2012-10-23 09:38:47,5266,1,30.1372767857,2.09322916667
2012-10-23 09:38:48,5267,1,32.2771577381,2.13988095238
2012-10-23 09:38:49,5268,1,34.0343005952,1.75714285714
2012-10-23 09:38:50,5269,1,35.1886904762,1.15438988095
2012-10-23 09:38:51,5270,1,35.7533482143,0.564657738095
2012-10-23 09:38:52,5271,1,35.8648065476,0.111458333333
2012-10-23 09:38:53,5272,1,35.7240327381,-0.140773809524
2012-10-23 09:38:54,5273,1,35.5301339286,-0.193898809524
2012-10-23 09:38:55,5274,1,35.3905505952,-0.139583333333
2012-10-23 09:38:56,5275,1,35.3220238095,-0.0685267857143
2012-10-23 09:38:57,5276,1,35.3118303571,-0.0101934523809
2012-10-23 09:38:58,5277,1,35.3529017857,0.0410714285714
2012-10-23 09:38:59,5278,1,35.4476934524,0.0947916666666
2012-10-23 09:39:00,5279,1,35.6004464286,0.15275297619
2012-10-23 09:39:01,5280,1,35.8172619048,0.21681547619
2012-10-23 09:39:02,5281,1,36.1000744048,0.2828125
2012-10-23 09:39:03,5282,1,36.4053571429,0.305282738095
2012-10-23 09:39:04,5283,1,36.6234375,0.218080357143
2012-10-23 09:39:05,5284,1,36.6488839286,0.0254464285714
2012-10-23 09:39:06,5285,1,36.478125,-0.170758928571
2012-10-23 09:39:07,5286,1,36.2246279762,-0.25349702381
2012-10-23 09:39:08,5287,1,36.0398065476,-0.184821428571
2012-10-23 09:39:09,5288,1,35.9989583333,-0.0408482142857
2012-10-23 09:39:10,5289,1,36.0412946429,0.0423363095238
2012-10-23 09:39:11,5290,1,36.0360863095,-0.0052083333333
2012-10-23 09:39:12,5291,1,35.9188988095,-0.1171875
2012-10-23 09:39:13,5292,1,35.7546130952,-0.164285714286
2012-10-23 09:39:14,5293,1,35.6866071429,-0.068005952381
2012-10-23 09:39:15,5294,1,35.8566220238,0.170014880952
2012-10-23 09:39:16,5295,1,36.3544642857,0.497842261905
2012-10-23 09:39:17,5296,1,37.1787946429,0.824330357143
2012-10-23 09:39:18,5297,1,38.1991071429,1.0203125
2012-10-23 09:39:19,5298,1,39.1714285714,0.972321428571
2012-10-23 09:39:20,5299,1,39.852827381,0.681398809524
2012-10-23 09:39:21,5300,1,40.1485119048,0.295684523809
2012-10-23 09:39:22,5301,1,40.153125,0.00461309523811
2012-10-23 09:39:23,5302,1,40.0441220238,-0.109002976191
2012-10-23 09:39:24,5303,1,39.9398809524,-0.104241071428
2012-10-23 09:39:25,5304,1,39.8595238095,-0.0803571428572
2012-10-23 09:39:26,5305,1,39.7951636905,-0.0643601190476
2012-10-23 09:39:27,5306,1,39.7776041667,-0.0175595238095
2012-10-23 09:39:28,5307,1,39.8441220238,0.0665178571428
2012-10-23 09:39:29,5308,1,39.9618303571,0.117708333333
2012-10-23 09:39:30,5309,1,40.0050595238,0.0432291666666
2012-10-23 09:39:31,5310,1,39.7970238095,-0.208035714286
2012-10-23 09:39:32,5311,1,39.1886904762,-0.608333333333
2012-10-23 09:39:33,5312,1,38.1618303571,-1.02686011905
2012-10-23 09:39:34,5313,1,36.8911458333,-1.27068452381
2012-10-23 09:39:35,5314,1,35.6853422619,-1.20580357143
2012-10-23 09:39:36,5315,1,34.8445684524,-0.840773809524
2012-10-23 09:39:37,5316,1,34.5614583333,-0.283110119048
2012-10-23 09:39:38,5317,1,34.9045386905,0.343080357143
2012-10-23 09:39:39,5318,1,35.8,0.895461309524
2012-10-23 09:39:40,5319,1,36.9931547619,1.1931547619
2012-10-23 09:39:41,5320,1,38.0892857143,1.09613095238
2012-10-23 09:39:42,5321,1,38.7145089286,0.625223214286
2012-10-23 09:39:43,5322,1,38.7037946429,-0.0107142857143
2012-10-23 09:39:44,5323,1,38.1828869048,-0.520907738095
2012-10-23 09:39:45,5324,1,37.5002232143,-0.682663690476
2012-10-23 09:39:46,5325,1,37.0717261905,-0.428497023809
2012-10-23 09:39:47,5326,1,37.1852678571,0.113541666667
2012-10-23 09:39:48,5327,1,37.8264880952,0.641220238095
2012-10-23 09:39:49,5328,1,38.6694940476,0.843005952381
2012-10-23 09:39:50,5329,1,39.2855654762,0.616071428572
2012-10-23 09:39:51,5330,1,39.4330357143,0.147470238095
2012-10-23 09:39:52,5331,1,39.1884672619,-0.244568452381
2012-10-23 09:39:53,5332,1,38.7727678571,-0.415699404762
2012-10-23 09:39:54,5333,1,38.2709077381,-0.501860119048
2012-10-23 09:39:55,5334,1,37.5901041667,-0.680803571428
2012-10-23 09:39:56,5335,1,36.6490327381,-0.941071428571
2012-10-23 09:39:57,5336,1,35.5139880952,-1.13504464286
2012-10-23 09:39:58,5337,1,34.3548363095,-1.15915178571
2012-10-23 09:39:59,5338,1,33.3101934524,-1.04464285714
2012-10-23 09:40:00,5339,1,32.3996279762,-0.91056547619
2012-10-23 09:40:01,5340,1,31.5563988095,-0.843229166667
2012-10-23 09:40:02,5341,1,30.723735119,-0.832663690476
2012-10-23 09:40:03,5342,1,29.9116815476,-0.812053571429
2012-10-23 09:40:04,5343,1,29.1867559524,-0.724925595238
2012-10-23 09:40:05,5344,1,28.6158482143,-0.570907738095
2012-10-23 09:40:06,5345,1,28.2314732143,-0.384375
2012-10-23 09:40:07,5346,1,28.0800595238,-0.151413690476
2012-10-23 09:40:08,5347,1,28.2555803571,0.175520833333
2012-10-23 09:40:09,5348,1,28.8166666667,0.561086309524
2012-10-23 09:40:10,5349,1,29.7011904762,0.884523809524
2012-10-23 09:40:11,5350,1,30.7484375,1.04724702381
2012-10-23 09:40:12,5351,1,31.7765625,1.028125
2012-10-23 09:40:13,5352,1,32.6633184524,0.886755952381
2012-10-23 09:40:14,5353,1,33.3944940476,0.731175595238
2012-10-23 09:40:15,5354,1,34.0329613095,0.638467261905
2012-10-23 09:40:16,5355,1,34.6633928571,0.630431547619
2012-10-23 09:40:17,5356,1,35.3780505952,0.714657738095
2012-10-23 09:40:18,5357,1,36.2266369048,0.848586309524
2012-10-23 09:40:19,5358,1,37.1131696429,0.886532738095
2012-10-23 09:40:20,5359,1,37.80625,0.693080357143
2012-10-23 09:40:21,5360,1,38.1188244048,0.312574404762
2012-10-23 09:40:22,5361,1,38.0924107143,-0.0264136904762
2012-10-23 09:40:23,5362,1,38.0311755952,-0.0612351190476
2012-10-23 09:40:24,5363,1,38.3489583333,0.317782738095
2012-10-23 09:40:25,5364,1,39.3162202381,0.967261904762
2012-10-23 09:40:26,5365,1,40.8980654762,1.5818452381
2012-10-23 09:40:27,5366,1,42.7923363095,1.89427083333
2012-10-23 09:40:28,5367,1,44.5782738095,1.7859375
2012-10-23 09:40:29,5368,1,45.8561011905,1.27782738095
2012-10-23 09:40:30,5369,1,46.3706845238,0.514583333333
2012-10-23 09:40:31,5370,1,46.1010416667,-0.269642857143
2012-10-23 09:40:32,5371,1,45.2259672619,-0.875074404762
2012-10-23 09:40:33,5372,1,43.9683779762,-1.25758928571
2012-10-23 09:40:34,5373,1,42.4443452381,-1.5240327381
2012-10-23 09:40:35,5374,1,40.6441220238,-1.80022321429
2012-10-23 09:40:36,5375,1,38.5776785714,-2.06644345238
2012-10-23 09:40:37,5376,1,36.430952381,-2.14672619048
2012-10-23 09:40:38,5377,1,34.5233630952,-1.90758928571
2012-10-23 09:40:39,5378,1,33.1024553571,-1.4209077381
2012-10-23 09:40:40,5379,1,32.2040178571,-0.8984375
2012-10-23 09:40:41,5380,1,31.6865327381,-0.517485119048
2012-10-23 09:40:42,5381,1,31.3702380952,-0.316294642857
2012-10-23 09:40:43,5382,1,31.1669642857,-0.203273809524
2012-10-23 09:40:44,5383,1,31.1011904762,-0.0657738095238
2012-10-23 09:40:45,5384,1,31.2043154762,0.103125
2012-10-23 09:40:46,5385,1,31.4289434524,0.22462797619
2012-10-23 09:40:47,5386,1,31.7247767857,0.295833333333
2012-10-23 09:40:48,5387,1,32.1604910714,0.435714285714
2012-10-23 09:40:49,5388,1,32.878422619,0.717931547619
2012-10-23 09:40:50,5389,1,33.9020833333,1.02366071429
2012-10-23 09:40:51,5390,1,35.0070684524,1.10498511905
2012-10-23 09:40:52,5391,1,35.8132440476,0.806175595238
2012-10-23 09:40:53,5392,1,36.0729910714,0.25974702381
2012-10-23 09:40:54,5393,1,35.9071428571,-0.165848214286
2012-10-23 09:40:55,5394,1,35.7140625,-0.193080357143
2012-10-23 09:40:56,5395,1,35.8377232143,0.123660714286
2012-10-23 09:40:57,5396,1,36.3726190476,0.534895833333
2012-10-23 09:40:58,5397,1,37.2460565476,0.8734375
2012-10-23 09:40:59,5398,1,38.3830357143,1.13697916667
2012-10-23 09:41:00,5399,1,39.7723214286,1.38928571429
2012-10-23 09:41:01,5400,1,41.3927083333,1.62038690476
2012-10-23 09:41:02,5401,1,43.099702381,1.70699404762
2012-10-23 09:41:03,5402,1,44.6578125,1.55811011905
2012-10-23 09:41:04,5403,1,45.9058035714,1.24799107143
2012-10-23 09:41:05,5404,1,46.8396577381,0.933854166667
2012-10-23 09:41:06,5405,1,47.5508184524,0.711160714286
2012-10-23 09:41:07,5406,1,48.1331845238,0.582366071428
2012-10-23 09:41:08,5407,1,48.6225446429,0.489360119048
2012-10-23 09:41:09,5408,1,48.9906994048,0.368154761905
2012-10-23 09:41:10,5409,1,49.209672619,0.218973214286
2012-10-23 09:41:11,5410,1,49.3193452381,0.109672619048
2012-10-23 09:41:12,5411,1,49.4244047619,0.10505952381
2012-10-23 09:41:13,5412,1,49.6462797619,0.221875
2012-10-23 09:41:14,5413,1,50.0703869048,0.424107142857
2012-10-23 09:41:15,5414,1,50.6976934524,0.627306547619
2012-10-23 09:41:16,5415,1,51.4470982143,0.749404761905
2012-10-23 09:41:17,5416,1,52.2263392857,0.779241071429
2012-10-23 09:41:18,5417,1,52.9976934524,0.771354166667
2012-10-23 09:41:19,5418,1,53.7918154762,0.79412202381
2012-10-23 09:41:20,5419,1,54.6821428571,0.890327380952
2012-10-23 09:41:21,5420,1,55.7206845238,1.03854166667
2012-10-23 09:41:22,5421,1,56.864360119,1.14367559524
2012-10-23 09:41:23,5422,1,57.9633184524,1.09895833333
2012-10-23 09:41:24,5423,1,58.8375744048,0.874255952381
2012-10-23 09:41:25,5424,1,59.3828869048,0.5453125
2012-10-23 09:41:26,5425,1,59.6126488095,0.229761904762
2012-10-23 09:41:27,5426,1,59.6179315476,0.0052827380952
2012-10-23 09:41:28,5427,1,59.509077381,-0.108854166667
2012-10-23 09:41:29,5428,1,59.3621279762,-0.146949404762
2012-10-23 09:41:30,5429,1,59.1773065476,-0.184821428571
2012-10-23 09:41:31,5430,1,58.905952381,-0.271354166667
2012-10-23 09:41:32,5431,1,58.5261160714,-0.379836309524
2012-10-23 09:41:33,5432,1,58.0715029762,-0.454613095238
2012-10-23 09:41:34,5433,1,57.6165922619,-0.454910714286
2012-10-23 09:41:35,5434,1,57.2620535714,-0.354538690476
2012-10-23 09:41:36,5435,1,57.0985863095,-0.163467261905
2012-10-23 09:41:37,5436,1,57.1664434524,0.0678571428572
2012-10-23 09:41:38,5437,1,57.4569196429,0.290476190476
2012-10-23 09:41:39,5438,1,57.9180059524,0.461086309524
2012-10-23 09:41:40,5439,1,58.4342261905,0.516220238095
2012-10-23 09:41:41,5440,1,58.8316220238,0.397395833333
2012-10-23 09:41:42,5441,1,58.9377232143,0.106101190476
2012-10-23 09:41:43,5442,1,58.6688988095,-0.268824404762
2012-10-23 09:41:44,5443,1,58.0992559524,-0.569642857143
2012-10-23 09:41:45,5444,1,57.4430059524,-0.65625
2012-10-23 09:41:46,5445,1,56.9165922619,-0.526413690476
2012-10-23 09:41:47,5446,1,56.5970982143,-0.319494047619
2012-10-23 09:41:48,5447,1,56.425297619,-0.171800595238
2012-10-23 09:41:49,5448,1,56.3045386905,-0.120758928571
2012-10-23 09:41:50,5449,1,56.175,-0.129538690476
2012-10-23 09:41:51,5450,1,56.0482142857,-0.126785714286
2012-10-23 09:41:52,5451,1,55.9990327381,-0.0491815476191
2012-10-23 09:41:53,5452,1,56.1089285714,0.109895833333
2012-10-23 09:41:54,5453,1,56.384672619,0.275744047619
2012-10-23 09:41:55,5454,1,56.7001488095,0.315476190476
2012-10-23 09:41:56,5455,1,56.8508184524,0.150669642857
2012-10-23 09:41:57,5456,1,56.7066220238,-0.144196428571
2012-10-23 09:41:58,5457,1,56.3104166667,-0.396205357143
2012-10-23 09:41:59,5458,1,55.8482886905,-0.46212797619
2012-10-23 09:42:00,5459,1,55.5220982143,-0.326190476191
2012-10-23 09:42:01,5460,1,55.3952380952,-0.126860119048
2012-10-23 09:42:02,5461,1,55.3420386905,-0.0531994047619
2012-10-23 09:42:03,5462,1,55.1439732143,-0.198065476191
2012-10-23 09:42:04,5463,1,54.6251488095,-0.518824404762
2012-10-23 09:42:05,5464,1,53.7523065476,-0.872842261905
2012-10-23 09:42:06,5465,1,52.6618303571,-1.09047619048
2012-10-23 09:42:07,5466,1,51.5590029762,-1.10282738095
2012-10-23 09:42:08,5467,1,50.5738839286,-0.985119047619
2012-10-23 09:42:09,5468,1,49.7255952381,-0.848288690476
2012-10-23 09:42:10,5469,1,48.9699404762,-0.755654761905
2012-10-23 09:42:11,5470,1,48.2284970238,-0.741443452381
2012-10-23 09:42:12,5471,1,47.3982886905,-0.830208333333
2012-10-23 09:42:13,5472,1,46.3805059524,-1.0177827381
2012-10-23 09:42:14,5473,1,45.1066220238,-1.27388392857
2012-10-23 09:42:15,5474,1,43.5101934524,-1.59642857143
2012-10-23 09:42:16,5475,1,41.4900297619,-2.02016369048
2012-10-23 09:42:17,5476,1,38.9814732143,-2.50855654762
2012-10-23 09:42:18,5477,1,36.1135416667,-2.86793154762
2012-10-23 09:42:19,5478,1,33.2767857143,-2.83675595238
2012-10-23 09:42:20,5479,1,30.9912946429,-2.28549107143
2012-10-23 09:42:21,5480,1,29.6354910714,-1.35580357143
2012-10-23 09:42:22,5481,1,29.2164434524,-0.419047619048
2012-10-23 09:42:23,5482,1,29.3845238095,0.168080357143
2012-10-23 09:42:24,5483,1,29.7174107143,0.332886904762
2012-10-23 09:42:25,5484,1,30.0058035714,0.288392857143
2012-10-23 09:42:26,5485,1,30.2709821429,0.265178571428
2012-10-23 09:42:27,5486,1,30.5736607143,0.302678571429
2012-10-23 09:42:28,5487,1,30.8595982143,0.2859375
2012-10-23 09:42:29,5488,1,30.9808779762,0.121279761905
2012-10-23 09:42:30,5489,1,30.8517857143,-0.129092261905
2012-10-23 09:42:31,5490,1,30.5561011905,-0.29568452381
2012-10-23 09:42:32,5491,1,30.2793154762,-0.276785714286
2012-10-23 09:42:33,5492,1,30.1766369048,-0.102678571429
2012-10-23 09:42:34,5493,1,30.3254464286,0.14880952381
2012-10-23 09:42:35,5494,1,30.7439732143,0.418526785714
2012-10-23 09:42:36,5495,1,31.4154761905,0.67150297619
2012-10-23 09:42:37,5496,1,32.3117559524,0.896279761905
2012-10-23 09:42:38,5497,1,33.4182291667,1.10647321429
2012-10-23 09:42:39,5498,1,34.7467261905,1.32849702381
2012-10-23 09:42:40,5499,1,36.3031994048,1.55647321429
2012-10-23 09:42:41,5500,1,38.0165922619,1.71339285714
2012-10-23 09:42:42,5501,1,39.7220238095,1.70543154762
2012-10-23 09:42:43,5502,1,41.2517857143,1.52976190476
2012-10-23 09:42:44,5503,1,42.5335565476,1.28177083333
2012-10-23 09:42:45,5504,1,43.5672619048,1.03370535714
2012-10-23 09:42:46,5505,1,44.3007440476,0.733482142857
2012-10-23 09:42:47,5506,1,44.5527529762,0.252008928571
2012-10-23 09:42:48,5507,1,44.0908482143,-0.461904761905
2012-10-23 09:42:49,5508,1,42.8089285714,-1.28191964286
2012-10-23 09:42:50,5509,1,40.8389880952,-1.96994047619
2012-10-23 09:42:51,5510,1,38.4947916667,-2.34419642857
2012-10-23 09:42:52,5511,1,36.1164434524,-2.37834821429
2012-10-23 09:42:53,5512,1,33.9631696429,-2.15327380952
2012-10-23 09:42:54,5513,1,32.2000744048,-1.7630952381
2012-10-23 09:42:55,5514,1,30.9046130952,-1.29546130952
2012-10-23 09:42:56,5515,1,30.0192708333,-0.885342261905
2012-10-23 09:42:57,5516,1,29.26875,-0.750520833333
2012-10-23 09:42:58,5517,1,28.171577381,-1.09717261905
2012-10-23 09:42:59,5518,1,26.2584077381,-1.91316964286
2012-10-23 09:43:00,5519,1,23.387797619,-2.87061011905
2012-10-23 09:43:01,5520,1,19.8741443452,-3.51365327381
2012-10-23 09:43:02,5521,1,16.2736049107,-3.60053943452
2012-10-23 09:43:03,5522,1,13.016703869,-3.25690104167
2012-10-23 09:43:04,5523,1,10.2470796131,-2.76962425595
2012-10-23 09:43:05,5524,1,7.96577380952,-2.28130580357
2012-10-23 09:43:06,5525,1,6.22068452381,-1.74508928571
2012-10-23 09:43:07,5526,1,5.1009672619,-1.1197172619
2012-10-23 09:43:08,5527,1,4.58309151786,-0.517875744048
2012-10-23 09:43:09,5528,1,4.45859375,-0.124497767857
2012-10-23 09:43:10,5529,1,4.46750372024,0.00890997023809
2012-10-23 09:43:11,5530,1,4.46968005952,0.00217633928572
2012-10-23 09:43:12,5531,1,4.45,-0.0196800595238
2012-10-23 09:43:13,5532,1,4.42332589286,-0.0266741071429
2012-10-23 09:43:14,5533,1,4.39075520833,-0.0325706845238
2012-10-23 09:43:15,5534,1,4.36082589286,-0.0299293154762
2012-10-23 09:43:16,5535,1,4.37806919643,0.0172433035714
2012-10-23 09:43:17,5536,1,4.50029761905,0.122228422619
2012-10-23 09:43:18,5537,1,4.7255952381,0.225297619048
2012-10-23 09:43:19,5538,1,4.95357142857,0.227976190476
2012-10-23 09:43:20,5539,1,5.03364955357,0.080078125
2012-10-23 09:43:21,5540,1,4.88255208333,-0.151097470238
2012-10-23 09:43:22,5541,1,4.62981770833,-0.252734375
2012-10-23 09:43:23,5542,1,4.6783110119,0.0484933035714
2012-10-23 09:43:24,5543,1,5.5396577381,0.86134672619
2012-10-23 09:43:25,5544,1,7.49285714286,1.95319940476
2012-10-23 09:43:26,5545,1,10.3255952381,2.83273809524
2012-10-23 09:43:27,5546,1,13.3917410714,3.06614583333
2012-10-23 09:43:28,5547,1,15.9816220238,2.58988095238
2012-10-23 09:43:29,5548,1,17.7208333333,1.73921130952
2012-10-23 09:43:30,5549,1,18.6670386905,0.946205357143
2012-10-23 09:43:31,5550,1,19.0898065476,0.422767857143
2012-10-23 09:43:32,5551,1,19.2167410714,0.12693452381
2012-10-23 09:43:33,5552,1,19.169047619,-0.047693452381
2012-10-23 09:43:34,5553,1,19.057514881,-0.111532738095
2012-10-23 09:43:35,5554,1,19.0617559524,0.0042410714285
2012-10-23 09:43:36,5555,1,19.3890625,0.327306547619
2012-10-23 09:43:37,5556,1,20.1615327381,0.772470238095
2012-10-23 09:43:38,5557,1,21.315327381,1.15379464286
2012-10-23 09:43:39,5558,1,22.5837797619,1.26845238095
2012-10-23 09:43:40,5559,1,23.621577381,1.03779761905
2012-10-23 09:43:41,5560,1,24.2170386905,0.595461309524
2012-10-23 09:43:42,5561,1,24.4333333333,0.216294642857
2012-10-23 09:43:43,5562,1,24.554389881,0.121056547619
2012-10-23 09:43:44,5563,1,24.8709821429,0.316592261905
2012-10-23 09:43:45,5564,1,25.5032738095,0.632291666667
2012-10-23 09:43:46,5565,1,26.4061755952,0.902901785714
2012-10-23 09:43:47,5566,1,27.4869047619,1.08072916667
2012-10-23 09:43:48,5567,1,28.6860863095,1.19918154762
2012-10-23 09:43:49,5568,1,29.976264881,1.29017857143
2012-10-23 09:43:50,5569,1,31.3358630952,1.35959821429
2012-10-23 09:43:51,5570,1,32.7595238095,1.42366071429
2012-10-23 09:43:52,5571,1,34.2664434524,1.50691964286
2012-10-23 09:43:53,5572,1,35.8383928571,1.57194940476
2012-10-23 09:43:54,5573,1,37.3557291667,1.51733630952
2012-10-23 09:43:55,5574,1,38.6494791667,1.29375
2012-10-23 09:43:56,5575,1,39.6241071429,0.97462797619
2012-10-23 09:43:57,5576,1,40.3192708333,0.695163690476
2012-10-23 09:43:58,5577,1,40.8764136905,0.557142857143
2012-10-23 09:43:59,5578,1,41.4380208333,0.561607142857
2012-10-23 09:44:00,5579,1,42.0365327381,0.598511904762
2012-10-23 09:44:01,5580,1,42.5766369048,0.540104166667
2012-10-23 09:44:02,5581,1,42.9296875,0.353050595238
2012-10-23 09:44:03,5582,1,43.0500744048,0.120386904762
2012-10-23 09:44:04,5583,1,43.0415178571,-0.008556547619
2012-10-23 09:44:05,5584,1,43.1055803571,0.0640624999999
2012-10-23 09:44:06,5585,1,43.3656994048,0.260119047619
2012-10-23 09:44:07,5586,1,43.7532738095,0.387574404762
2012-10-23 09:44:08,5587,1,44.1185267857,0.365252976191
2012-10-23 09:44:09,5588,1,44.4342261905,0.315699404762
2012-10-23 09:44:10,5589,1,44.8491815476,0.414955357143
2012-10-23 09:44:11,5590,1,45.547172619,0.697991071429
2012-10-23 09:44:12,5591,1,46.5654017857,1.01822916667
2012-10-23 09:44:13,5592,1,47.748139881,1.18273809524
2012-10-23 09:44:14,5593,1,48.8718005952,1.12366071429
2012-10-23 09:44:15,5594,1,49.790327381,0.918526785714
2012-10-23 09:44:16,5595,1,50.4588541667,0.668526785714
2012-10-23 09:44:17,5596,1,50.8819940476,0.423139880952
2012-10-23 09:44:18,5597,1,51.0834821429,0.201488095238
2012-10-23 09:44:19,5598,1,51.1063244048,0.0228422619048
2012-10-23 09:44:20,5599,1,51.0254464286,-0.0808779761905
2012-10-23 09:44:21,5600,1,50.9488095238,-0.0766369047619
2012-10-23 09:44:22,5601,1,50.9805059524,0.0316964285714
2012-10-23 09:44:23,5602,1,51.1741815476,0.193675595238
2012-10-23 09:44:24,5603,1,51.5209821429,0.346800595238
2012-10-23 09:44:25,5604,1,51.9685267857,0.447544642857
2012-10-23 09:44:26,5605,1,52.4551339286,0.486607142857
2012-10-23 09:44:27,5606,1,52.9389136905,0.483779761905
2012-10-23 09:44:28,5607,1,53.3825892857,0.443675595238
2012-10-23 09:44:29,5608,1,53.7154017857,0.3328125
2012-10-23 09:44:30,5609,1,53.8598214286,0.144419642857
2012-10-23 09:44:31,5610,1,53.820014881,-0.039806547619
2012-10-23 09:44:32,5611,1,53.715922619,-0.104092261905
2012-10-23 09:44:33,5612,1,53.712202381,-0.00372023809521
2012-10-23 09:44:34,5613,1,53.9079613095,0.195758928571
2012-10-23 09:44:35,5614,1,54.2705357143,0.362574404762
2012-10-23 09:44:36,5615,1,54.6642857143,0.39375
2012-10-23 09:44:37,5616,1,54.9561011905,0.291815476191
2012-10-23 09:44:38,5617,1,55.1058779762,0.149776785714
2012-10-23 09:44:39,5618,1,55.179985119,0.0741071428571
2012-10-23 09:44:40,5619,1,55.3064732143,0.126488095238
2012-10-23 09:44:41,5620,1,55.6052827381,0.298809523809
2012-10-23 09:44:42,5621,1,56.1130952381,0.5078125
2012-10-23 09:44:43,5622,1,56.75,0.636904761905
2012-10-23 09:44:44,5623,1,57.3783482143,0.628348214286
2012-10-23 09:44:45,5624,1,57.9109375,0.532589285714
2012-10-23 09:44:46,5625,1,58.3605654762,0.44962797619
2012-10-23 09:44:47,5626,1,58.8052083333,0.444642857143
2012-10-23 09:44:48,5627,1,59.3279017857,0.522693452381
2012-10-23 09:44:49,5628,1,59.9673363095,0.639434523809
2012-10-23 09:44:50,5629,1,60.6982142857,0.73087797619
2012-10-23 09:44:51,5630,1,61.4617559524,0.763541666667
2012-10-23 09:44:52,5631,1,62.2095238095,0.747767857143
2012-10-23 09:44:53,5632,1,62.901860119,0.692336309524
2012-10-23 09:44:54,5633,1,63.4808035714,0.578943452381
2012-10-23 09:44:55,5634,1,63.8888392857,0.408035714286
2012-10-23 09:44:56,5635,1,64.1253720238,0.236532738095
2012-10-23 09:44:57,5636,1,64.2472470238,0.121875
2012-10-23 09:44:58,5637,1,64.3066220238,0.059375
2012-10-23 09:44:59,5638,1,64.3157738095,0.00915178571431
2012-10-23 09:45:00,5639,1,64.2601934524,-0.0555803571429
2012-10-23 09:45:01,5640,1,64.138764881,-0.121428571429
2012-10-23 09:45:02,5641,1,64.00625,-0.132514880952
2012-10-23 09:45:03,5642,1,63.9459821429,-0.0602678571429
2012-10-23 09:45:04,5643,1,63.9892113095,0.0432291666667
2012-10-23 09:45:05,5644,1,64.1020089286,0.112797619048
2012-10-23 09:45:06,5645,1,64.2441964286,0.1421875
2012-10-23 09:45:07,5646,1,64.3953869048,0.151190476191
2012-10-23 09:45:08,5647,1,64.5170386905,0.121651785714
2012-10-23 09:45:09,5648,1,64.5188244048,0.0017857142857
2012-10-23 09:45:10,5649,1,64.2965029762,-0.222321428571
2012-10-23 09:45:11,5650,1,63.8229910714,-0.473511904762
2012-10-23 09:45:12,5651,1,63.2072916667,-0.615699404762
2012-10-23 09:45:13,5652,1,62.6491071429,-0.55818452381
2012-10-23 09:45:14,5653,1,62.2957589286,-0.353348214286
2012-10-23 09:45:15,5654,1,62.1270089286,-0.16875
2012-10-23 09:45:16,5655,1,62.0024553571,-0.124553571428
2012-10-23 09:45:17,5656,1,61.8171130952,-0.185342261905
2012-10-23 09:45:18,5657,1,61.5878720238,-0.229241071429
2012-10-23 09:45:19,5658,1,61.4072916667,-0.180580357143
2012-10-23 09:45:20,5659,1,61.341889881,-0.0654017857143
2012-10-23 09:45:21,5660,1,61.3771577381,0.0352678571428
2012-10-23 09:45:22,5661,1,61.451264881,0.0741071428572
2012-10-23 09:45:23,5662,1,61.5226934524,0.0714285714285
2012-10-23 09:45:24,5663,1,61.5920386905,0.0693452380953
2012-10-23 09:45:25,5664,1,61.6615327381,0.069494047619
2012-10-23 09:45:26,5665,1,61.6751488095,0.0136160714286
2012-10-23 09:45:27,5666,1,61.5180803571,-0.157068452381
2012-10-23 09:45:28,5667,1,61.1160714286,-0.402008928571
2012-10-23 09:45:29,5668,1,60.5386904762,-0.577380952381
2012-10-23 09:45:30,5669,1,59.9747767857,-0.563913690476
2012-10-23 09:45:31,5670,1,59.5936755952,-0.381101190476
2012-10-23 09:45:32,5671,1,59.4146577381,-0.179017857143
2012-10-23 09:45:33,5672,1,59.2881696429,-0.126488095238
2012-10-23 09:45:34,5673,1,59.0195684524,-0.268601190476
2012-10-23 09:45:35,5674,1,58.5407738095,-0.478794642857
2012-10-23 09:45:36,5675,1,57.9683035714,-0.572470238095
2012-10-23 09:45:37,5676,1,57.5107886905,-0.457514880952
2012-10-23 09:45:38,5677,1,57.3319940476,-0.178794642857
2012-10-23 09:45:39,5678,1,57.4610119048,0.129017857143
2012-10-23 09:45:40,5679,1,57.7900297619,0.329017857143
2012-10-23 09:45:41,5680,1,58.1743303571,0.384300595238
2012-10-23 09:45:42,5681,1,58.5572172619,0.382886904762
2012-10-23 09:45:43,5682,1,58.9852678571,0.428050595238
2012-10-23 09:45:44,5683,1,59.5016369048,0.516369047619
2012-10-23 09:45:45,5684,1,60.0456845238,0.544047619048
2012-10-23 09:45:46,5685,1,60.4594494048,0.413764880952
2012-10-23 09:45:47,5686,1,60.5965029762,0.137053571429
2012-10-23 09:45:48,5687,1,60.4554315476,-0.141071428572
2012-10-23 09:45:49,5688,1,60.2145833333,-0.240848214286
2012-10-23 09:45:50,5689,1,60.1005952381,-0.113988095238
2012-10-23 09:45:51,5690,1,60.2026785714,0.102083333333
2012-10-23 09:45:52,5691,1,60.423735119,0.221056547619
2012-10-23 09:45:53,5692,1,60.6020833333,0.178348214286
2012-10-23 09:45:54,5693,1,60.6561755952,0.0540922619048
2012-10-23 09:45:55,5694,1,60.6216517857,-0.0345238095238
2012-10-23 09:45:56,5695,1,60.5948660714,-0.0267857142857
2012-10-23 09:45:57,5696,1,60.6697172619,0.0748511904762
2012-10-23 09:45:58,5697,1,60.9145089286,0.244791666667
2012-10-23 09:45:59,5698,1,61.3761160714,0.461607142857
2012-10-23 09:46:00,5699,1,62.0610863095,0.684970238095
2012-10-23 09:46:01,5700,1,62.8813988095,0.8203125
2012-10-23 09:46:02,5701,1,63.6555803571,0.774181547619
2012-10-23 09:46:03,5702,1,64.2038690476,0.548288690476
2012-10-23 09:46:04,5703,1,64.4266369048,0.222767857143
2012-10-23 09:46:05,5704,1,64.3204613095,-0.106175595238
2012-10-23 09:46:06,5705,1,63.9795386905,-0.340922619048
2012-10-23 09:46:07,5706,1,63.5511160714,-0.428422619048
2012-10-23 09:46:08,5707,1,63.1456845238,-0.405431547619
2012-10-23 09:46:09,5708,1,62.7941220238,-0.3515625
2012-10-23 09:46:10,5709,1,62.4720982143,-0.322023809524
2012-10-23 09:46:11,5710,1,62.1566220238,-0.315476190476
2012-10-23 09:46:12,5711,1,61.8723214286,-0.284300595238
2012-10-23 09:46:13,5712,1,61.665625,-0.206696428571
2012-10-23 09:46:14,5713,1,61.532514881,-0.133110119048
2012-10-23 09:46:15,5714,1,61.4009672619,-0.131547619048
2012-10-23 09:46:16,5715,1,61.1944196429,-0.206547619048
2012-10-23 09:46:17,5716,1,60.9063988095,-0.288020833333
2012-10-23 09:46:18,5717,1,60.6053571429,-0.301041666667
2012-10-23 09:46:19,5718,1,60.3671875,-0.238169642857
2012-10-23 09:46:20,5719,1,60.202827381,-0.164360119048
2012-10-23 09:46:21,5720,1,60.0260416667,-0.176785714286
2012-10-23 09:46:22,5721,1,59.678125,-0.347916666667
2012-10-23 09:46:23,5722,1,59.0037202381,-0.674404761905
2012-10-23 09:46:24,5723,1,57.9168154762,-1.0869047619
2012-10-23 09:46:25,5724,1,56.4233630952,-1.49345238095
2012-10-23 09:46:26,5725,1,54.6188988095,-1.80446428571
2012-10-23 09:46:27,5726,1,52.6342261905,-1.98467261905
2012-10-23 09:46:28,5727,1,50.536235119,-2.09799107143
2012-10-23 09:46:29,5728,1,48.2828125,-2.25342261905
2012-10-23 09:46:30,5729,1,45.775,-2.5078125
2012-10-23 09:46:31,5730,1,42.9625744048,-2.81242559524
2012-10-23 09:46:32,5731,1,39.9287202381,-3.03385416667
2012-10-23 09:46:33,5732,1,36.8886904762,-3.0400297619
2012-10-23 09:46:34,5733,1,34.1162946429,-2.77239583333
2012-10-23 09:46:35,5734,1,31.8462797619,-2.27001488095
2012-10-23 09:46:36,5735,1,30.188764881,-1.65751488095
2012-10-23 09:46:37,5736,1,29.0955357143,-1.09322916667
2012-10-23 09:46:38,5737,1,28.3867559524,-0.708779761905
2012-10-23 09:46:39,5738,1,27.8552827381,-0.531473214286
2012-10-23 09:46:40,5739,1,27.4344494048,-0.420833333333
2012-10-23 09:46:41,5740,1,27.2681547619,-0.166294642857
2012-10-23 09:46:42,5741,1,27.5794642857,0.31130952381
2012-10-23 09:46:43,5742,1,28.4765625,0.897098214286
2012-10-23 09:46:44,5743,1,29.8680059524,1.39144345238
2012-10-23 09:46:45,5744,1,31.5226934524,1.6546875
2012-10-23 09:46:46,5745,1,33.2095982143,1.6869047619
2012-10-23 09:46:47,5746,1,34.7961309524,1.5865327381
2012-10-23 09:46:48,5747,1,36.2351934524,1.4390625
2012-10-23 09:46:49,5748,1,37.504985119,1.26979166667
2012-10-23 09:46:50,5749,1,38.5852678571,1.0802827381
2012-10-23 09:46:51,5750,1,39.467485119,0.882217261905
2012-10-23 09:46:52,5751,1,40.1598214286,0.692336309524
2012-10-23 09:46:53,5752,1,40.6729910714,0.513169642857
2012-10-23 09:46:54,5753,1,41.0078125,0.334821428571
2012-10-23 09:46:55,5754,1,41.1645089286,0.156696428571
2012-10-23 09:46:56,5755,1,41.165327381,0.000818452380997
2012-10-23 09:46:57,5756,1,41.084077381,-0.08125
2012-10-23 09:46:58,5757,1,41.0529761905,-0.0311011904762
2012-10-23 09:46:59,5758,1,41.2063988095,0.153422619048
2012-10-23 09:47:00,5759,1,41.6155505952,0.409151785714
2012-10-23 09:47:01,5760,1,42.2822916667,0.666741071429
2012-10-23 09:47:02,5761,1,43.1625744048,0.880282738095
2012-10-23 09:47:03,5762,1,44.1933779762,1.03080357143
2012-10-23 09:47:04,5763,1,45.3212797619,1.12790178571
2012-10-23 09:47:05,5764,1,46.5047619048,1.18348214286
2012-10-23 09:47:06,5765,1,47.7038690476,1.19910714286
2012-10-23 09:47:07,5766,1,48.8891369048,1.18526785714
2012-10-23 09:47:08,5767,1,50.0480654762,1.15892857143
2012-10-23 09:47:09,5768,1,51.1756696429,1.12760416667
2012-10-23 09:47:10,5769,1,52.2680059524,1.09233630952
2012-10-23 09:47:11,5770,1,53.3169642857,1.04895833333
2012-10-23 09:47:12,5771,1,54.2991815476,0.982217261905
2012-10-23 09:47:13,5772,1,55.1749255952,0.875744047619
2012-10-23 09:47:14,5773,1,55.9094494048,0.734523809524
2012-10-23 09:47:15,5774,1,56.5037202381,0.594270833333
2012-10-23 09:47:16,5775,1,57.0061755952,0.502455357143
2012-10-23 09:47:17,5776,1,57.489360119,0.48318452381
2012-10-23 09:47:18,5777,1,58.0087053571,0.519345238095
2012-10-23 09:47:19,5778,1,58.579389881,0.570684523809
2012-10-23 09:47:20,5779,1,59.1879464286,0.608556547619
2012-10-23 09:47:21,5780,1,59.8156994048,0.627752976191
2012-10-23 09:47:22,5781,1,60.4325892857,0.616889880952
2012-10-23 09:47:23,5782,1,60.9635416667,0.530952380952
2012-10-23 09:47:24,5783,1,61.2873511905,0.32380952381
2012-10-23 09:47:25,5784,1,61.2947172619,0.0073660714286
2012-10-23 09:47:26,5785,1,60.954985119,-0.339732142857
2012-10-23 09:47:27,5786,1,60.3402529762,-0.614732142857
2012-10-23 09:47:28,5787,1,59.6040922619,-0.736160714286
2012-10-23 09:47:29,5788,1,58.9373511905,-0.666741071429
2012-10-23 09:47:30,5789,1,58.5160714286,-0.421279761905
2012-10-23 09:47:31,5790,1,58.4438244048,-0.0722470238095
2012-10-23 09:47:32,5791,1,58.7077380952,0.263913690476
2012-10-23 09:47:33,5792,1,59.1875744048,0.479836309524
2012-10-23 09:47:34,5793,1,59.7220982143,0.534523809524
2012-10-23 09:47:35,5794,1,60.176860119,0.454761904762
2012-10-23 09:47:36,5795,1,60.465922619,0.2890625
2012-10-23 09:47:37,5796,1,60.5447916667,0.0788690476191
2012-10-23 09:47:38,5797,1,60.4097470238,-0.135044642857
2012-10-23 09:47:39,5798,1,60.105952381,-0.303794642857
2012-10-23 09:47:40,5799,1,59.7118303571,-0.39412202381
2012-10-23 09:47:41,5800,1,59.2648809524,-0.446949404762
2012-10-23 09:47:42,5801,1,58.675,-0.589880952381
2012-10-23 09:47:43,5802,1,57.7345238095,-0.940476190476
2012-10-23 09:47:44,5803,1,56.2495535714,-1.4849702381
2012-10-23 09:47:45,5804,1,54.2013392857,-2.04821428571
2012-10-23 09:47:46,5805,1,51.811235119,-2.39010416667
2012-10-23 09:47:47,5806,1,49.4227678571,-2.3884672619
2012-10-23 09:47:48,5807,1,47.2520833333,-2.17068452381
2012-10-23 09:47:49,5808,1,45.197172619,-2.05491071429
2012-10-23 09:47:50,5809,1,42.8933035714,-2.30386904762
2012-10-23 09:47:51,5810,1,40.0244791667,-2.86882440476
2012-10-23 09:47:52,5811,1,36.618452381,-3.40602678571
2012-10-23 09:47:53,5812,1,33.0046875,-3.61376488095
2012-10-23 09:47:54,5813,1,29.4811011905,-3.52358630952
2012-10-23 09:47:55,5814,1,26.0459821429,-3.43511904762
2012-10-23 09:47:56,5815,1,22.4454910714,-3.60049107143
2012-10-23 09:47:57,5816,1,18.4755654762,-3.96992559524
2012-10-23 09:47:58,5817,1,14.2533482143,-4.2222172619
2012-10-23 09:47:59,5818,1,10.217172619,-4.03617559524
2012-10-23 09:48:00,5819,1,6.87619047619,-3.34098214286
2012-10-23 09:48:01,5820,1,4.53239583333,-2.34379464286
2012-10-23 09:48:02,5821,1,3.16708333333,-1.3653125
2012-10-23 09:48:03,5822,1,2.51303571429,-0.654047619048
2012-10-23 09:48:04,5823,1,2.24745535714,-0.265580357143
2012-10-23 09:48:05,5824,1,2.21379464286,-0.0336607142857
2012-10-23 09:48:06,5825,1,2.48360119048,0.269806547619
2012-10-23 09:48:07,5826,1,3.16592261905,0.682321428571
2012-10-23 09:48:08,5827,1,4.18974702381,1.02382440476
2012-10-23 09:48:09,5828,1,5.29508928571,1.1053422619
2012-10-23 09:48:10,5829,1,6.19779761905,0.902708333333
2012-10-23 09:48:11,5830,1,6.81001488095,0.612217261905
2012-10-23 09:48:12,5831,1,7.3759672619,0.565952380952
2012-10-23 09:48:13,5832,1,8.34866071429,0.972693452381
2012-10-23 09:48:14,5833,1,10.0694940476,1.72083333333
2012-10-23 09:48:15,5834,1,12.5254464286,2.45595238095
2012-10-23 09:48:16,5835,1,15.3484375,2.82299107143
2012-10-23 09:48:17,5836,1,18.0568452381,2.7084077381
2012-10-23 09:48:18,5837,1,20.3584821429,2.30163690476
2012-10-23 09:48:19,5838,1,22.2260416667,1.86755952381
2012-10-23 09:48:20,5839,1,23.7217261905,1.49568452381
2012-10-23 09:48:21,5840,1,24.8390625,1.11733630952
2012-10-23 09:48:22,5841,1,25.532514881,0.693452380952
2012-10-23 09:48:23,5842,1,25.8607886905,0.328273809524
2012-10-23 09:48:24,5843,1,26.0479910714,0.187202380952
2012-10-23 09:48:25,5844,1,26.3560267857,0.308035714286
2012-10-23 09:48:26,5845,1,26.9006696429,0.544642857143
2012-10-23 09:48:27,5846,1,27.6084821429,0.7078125
2012-10-23 09:48:28,5847,1,28.3242559524,0.715773809524
2012-10-23 09:48:29,5848,1,28.9479910714,0.623735119048
2012-10-23 09:48:30,5849,1,29.5105654762,0.562574404762
2012-10-23 09:48:31,5850,1,30.1476190476,0.637053571428
2012-10-23 09:48:32,5851,1,30.9915922619,0.843973214286
2012-10-23 09:48:33,5852,1,32.0746279762,1.08303571429
2012-10-23 09:48:34,5853,1,33.3026785714,1.22805059524
2012-10-23 09:48:35,5854,1,34.4919642857,1.18928571429
2012-10-23 09:48:36,5855,1,35.4718005952,0.979836309524
2012-10-23 09:48:37,5856,1,36.2033482143,0.731547619048
2012-10-23 09:48:38,5857,1,36.788764881,0.585416666667
2012-10-23 09:48:39,5858,1,37.375,0.586235119048
2012-10-23 09:48:40,5859,1,38.0766369048,0.701636904762
2012-10-23 09:48:41,5860,1,38.9550595238,0.878422619048
2012-10-23 09:48:42,5861,1,40.0168154762,1.06175595238
2012-10-23 09:48:43,5862,1,41.2117559524,1.19494047619
2012-10-23 09:48:44,5863,1,42.429985119,1.21822916667
2012-10-23 09:48:45,5864,1,43.5265625,1.09657738095
2012-10-23 09:48:46,5865,1,44.3947916667,0.868229166667
2012-10-23 09:48:47,5866,1,45.028125,0.633333333333
2012-10-23 09:48:48,5867,1,45.4978422619,0.469717261905
2012-10-23 09:48:49,5868,1,45.8803571429,0.382514880952
2012-10-23 09:48:50,5869,1,46.2250744048,0.344717261905
2012-10-23 09:48:51,5870,1,46.5679315476,0.342857142857
2012-10-23 09:48:52,5871,1,46.9029017857,0.334970238095
2012-10-23 09:48:53,5872,1,47.082514881,0.179613095238
2012-10-23 09:48:54,5873,1,46.7580357143,-0.324479166667
2012-10-23 09:48:55,5874,1,45.4753720238,-1.28266369048
2012-10-23 09:48:56,5875,1,42.9138392857,-2.5615327381
2012-10-23 09:48:57,5876,1,39.1263392857,-3.7875
2012-10-23 09:48:58,5877,1,34.578125,-4.54821428571
2012-10-23 09:48:59,5878,1,29.9188244048,-4.65930059524
2012-10-23 09:49:00,5879,1,25.6826636905,-4.23616071429
2012-10-23 09:49:01,5880,1,22.1380208333,-3.54464285714
2012-10-23 09:49:02,5881,1,19.3069940476,-2.83102678571
2012-10-23 09:49:03,5882,1,17.0617559524,-2.24523809524
2012-10-23 09:49:04,5883,1,15.234375,-1.82738095238
2012-10-23 09:49:05,5884,1,13.7258928571,-1.50848214286
2012-10-23 09:49:06,5885,1,12.5797619048,-1.14613095238
2012-10-23 09:49:07,5886,1,11.9342261905,-0.645535714286
2012-10-23 09:49:08,5887,1,11.8517857143,-0.0824404761905
2012-10-23 09:49:09,5888,1,12.1890625,0.337276785714
2012-10-23 09:49:10,5889,1,12.6495535714,0.460491071429
2012-10-23 09:49:11,5890,1,12.9616071429,0.312053571428
2012-10-23 09:49:12,5891,1,13.0040178571,0.0424107142858
2012-10-23 09:49:13,5892,1,12.7830357143,-0.220982142857
2012-10-23 09:49:14,5893,1,12.3447916667,-0.438244047619
2012-10-23 09:49:15,5894,1,11.7532738095,-0.591517857143
2012-10-23 09:49:16,5895,1,11.1171130952,-0.636160714286
2012-10-23 09:49:17,5896,1,10.5648065476,-0.552306547619
2012-10-23 09:49:18,5897,1,10.1685267857,-0.396279761905
2012-10-23 09:49:19,5898,1,9.91897321429,-0.249553571429
2012-10-23 09:49:20,5899,1,9.8146577381,-0.10431547619
2012-10-23 09:49:21,5900,1,9.97477678571,0.160119047619
2012-10-23 09:49:22,5901,1,10.6029761905,0.628199404762
2012-10-23 09:49:23,5902,1,11.7882440476,1.18526785714
2012-10-23 09:49:24,5903,1,13.3433779762,1.55513392857
2012-10-23 09:49:25,5904,1,14.8651785714,1.52180059524
2012-10-23 09:49:26,5905,1,15.9957589286,1.13058035714
2012-10-23 09:49:27,5906,1,16.6700892857,0.674330357143
2012-10-23 09:49:28,5907,1,17.121577381,0.451488095238
2012-10-23 09:49:29,5908,1,17.6438244048,0.52224702381
2012-10-23 09:49:30,5909,1,18.3447916667,0.700967261905
2012-10-23 09:49:31,5910,1,19.1066220238,0.761830357143
2012-10-23 09:49:32,5911,1,19.7320684524,0.625446428572
2012-10-23 09:49:33,5912,1,20.1014880952,0.369419642857
2012-10-23 09:49:34,5913,1,20.2244047619,0.122916666667
2012-10-23 09:49:35,5914,1,20.1936011905,-0.0308035714286
2012-10-23 09:49:36,5915,1,20.101860119,-0.0917410714286
2012-10-23 09:49:37,5916,1,19.9973958333,-0.104464285714
2012-10-23 09:49:38,5917,1,19.9215029762,-0.0758928571428
2012-10-23 09:49:39,5918,1,19.9676339286,0.0461309523809
2012-10-23 09:49:40,5919,1,20.2491071429,0.281473214286
2012-10-23 09:49:41,5920,1,20.7750744048,0.525967261905
2012-10-23 09:49:42,5921,1,21.379985119,0.604910714286
2012-10-23 09:49:43,5922,1,21.8216517857,0.441666666667
2012-10-23 09:49:44,5923,1,21.9892857143,0.167633928571
2012-10-23 09:49:45,5924,1,22.0322916667,0.043005952381
2012-10-23 09:49:46,5925,1,22.2782738095,0.245982142857
2012-10-23 09:49:47,5926,1,23.0186011905,0.740327380952
2012-10-23 09:49:48,5927,1,24.3490327381,1.33043154762
2012-10-23 09:49:49,5928,1,26.1582589286,1.80922619048
2012-10-23 09:49:50,5929,1,28.21875,2.06049107143
2012-10-23 09:49:51,5930,1,30.2869047619,2.0681547619
2012-10-23 09:49:52,5931,1,32.1756696429,1.88876488095
2012-10-23 09:49:53,5932,1,33.8019345238,1.62626488095
2012-10-23 09:49:54,5933,1,35.1823660714,1.38043154762
2012-10-23 09:49:55,5934,1,36.3798363095,1.1974702381
2012-10-23 09:49:56,5935,1,37.456547619,1.07671130952
2012-10-23 09:49:57,5936,1,38.460639881,1.0040922619
2012-10-23 09:49:58,5937,1,39.4305803571,0.969940476191
2012-10-23 09:49:59,5938,1,40.3970238095,0.966443452381
2012-10-23 09:50:00,5939,1,41.3787946429,0.981770833333
2012-10-23 09:50:01,5940,1,42.3878720238,1.00907738095
2012-10-23 09:50:02,5941,1,43.4186755952,1.03080357143
2012-10-23 09:50:03,5942,1,44.3705357143,0.951860119048
2012-10-23 09:50:04,5943,1,44.9564732143,0.5859375
2012-10-23 09:50:05,5944,1,44.7410714286,-0.215401785714
2012-10-23 09:50:06,5945,1,43.3611607143,-1.37991071429
2012-10-23 09:50:07,5946,1,40.8071428571,-2.55401785714
2012-10-23 09:50:08,5947,1,37.5357142857,-3.27142857143
2012-10-23 09:50:09,5948,1,34.2811755952,-3.25453869048
2012-10-23 09:50:10,5949,1,31.6977678571,-2.5834077381
2012-10-23 09:50:11,5950,1,30.0898809524,-1.60788690476
2012-10-23 09:50:12,5951,1,29.364360119,-0.725520833333
2012-10-23 09:50:13,5952,1,29.1798363095,-0.184523809524
2012-10-23 09:50:14,5953,1,29.1713541667,-0.0084821428571
2012-10-23 09:50:15,5954,1,29.1156994048,-0.0556547619048
2012-10-23 09:50:16,5955,1,28.9777529762,-0.137946428571
2012-10-23 09:50:17,5956,1,28.841889881,-0.135863095238
2012-10-23 09:50:18,5957,1,28.7845238095,-0.0573660714286
2012-10-23 09:50:19,5958,1,28.8033482143,0.0188244047619
2012-10-23 09:50:20,5959,1,28.857514881,0.0541666666667
2012-10-23 09:50:21,5960,1,28.9266369048,0.0691220238095
2012-10-23 09:50:22,5961,1,29.0002232143,0.0735863095238
2012-10-23 09:50:23,5962,1,29.0519345238,0.0517113095238
2012-10-23 09:50:24,5963,1,29.0726190476,0.0206845238095
2012-10-23 09:50:25,5964,1,29.1109375,0.038318452381
2012-10-23 09:50:26,5965,1,29.2494047619,0.138467261905
2012-10-23 09:50:27,5966,1,29.543452381,0.294047619048
2012-10-23 09:50:28,5967,1,29.975297619,0.431845238095
2012-10-23 09:50:29,5968,1,30.4442708333,0.468973214286
2012-10-23 09:50:30,5969,1,30.8152529762,0.370982142857
2012-10-23 09:50:31,5970,1,31.0070684524,0.19181547619
2012-10-23 09:50:32,5971,1,31.0410714286,0.0340029761905
2012-10-23 09:50:33,5972,1,30.9941220238,-0.0469494047619
2012-10-23 09:50:34,5973,1,30.9076636905,-0.0864583333333
2012-10-23 09:50:35,5974,1,30.771577381,-0.136086309524
2012-10-23 09:50:36,5975,1,30.6149553571,-0.15662202381
2012-10-23 09:50:37,5976,1,30.5967261905,-0.0182291666667
2012-10-23 09:50:38,5977,1,30.9671130952,0.370386904762
2012-10-23 09:50:39,5978,1,31.884375,0.917261904762
2012-10-23 09:50:40,5979,1,33.2598214286,1.37544642857
2012-10-23 09:50:41,5980,1,34.8280505952,1.56822916667
2012-10-23 09:50:42,5981,1,36.3607886905,1.53273809524
2012-10-23 09:50:43,5982,1,37.776860119,1.41607142857
2012-10-23 09:50:44,5983,1,39.0958333333,1.31897321429
2012-10-23 09:50:45,5984,1,40.3575892857,1.26175595238
2012-10-23 09:50:46,5985,1,41.5828125,1.22522321429
2012-10-23 09:50:47,5986,1,42.7655505952,1.18273809524
2012-10-23 09:50:48,5987,1,43.8658482143,1.10029761905
2012-10-23 09:50:49,5988,1,44.8025297619,0.936681547619
2012-10-23 09:50:50,5989,1,45.4875744048,0.685044642857
2012-10-23 09:50:51,5990,1,45.9026041667,0.415029761905
2012-10-23 09:50:52,5991,1,46.13125,0.228645833333
2012-10-23 09:50:53,5992,1,46.2851190476,0.153869047619
2012-10-23 09:50:54,5993,1,46.3965029762,0.111383928571
2012-10-23 09:50:55,5994,1,46.4081845238,0.011681547619
2012-10-23 09:50:56,5995,1,46.2849702381,-0.123214285714
2012-10-23 09:50:57,5996,1,46.1234375,-0.161532738095
2012-10-23 09:50:58,5997,1,46.1226190476,-0.000818452381004
2012-10-23 09:50:59,5998,1,46.4386904762,0.316071428572
2012-10-23 09:51:00,5999,1,47.0706845238,0.631994047619
2012-10-23 09:51:01,6000,1,47.8593005952,0.788616071429
2012-10-23 09:51:02,6001,1,48.5686755952,0.709375
2012-10-23 09:51:03,6002,1,48.9859375,0.417261904762
2012-10-23 09:51:04,6003,1,48.9945684524,0.0086309523809
2012-10-23 09:51:05,6004,1,48.6105654762,-0.38400297619
2012-10-23 09:51:06,6005,1,47.9646577381,-0.645907738095
2012-10-23 09:51:07,6006,1,47.223735119,-0.740922619048
2012-10-23 09:51:08,6007,1,46.5225446429,-0.701190476191
2012-10-23 09:51:09,6008,1,45.9677083333,-0.554836309524
2012-10-23 09:51:10,6009,1,45.647172619,-0.320535714286
2012-10-23 09:51:11,6010,1,45.575,-0.0721726190476
2012-10-23 09:51:12,6011,1,45.6395089286,0.0645089285714
2012-10-23 09:51:13,6012,1,45.6527529762,0.0132440476191
2012-10-23 09:51:14,6013,1,45.4924107143,-0.160342261905
2012-10-23 09:51:15,6014,1,45.2164434524,-0.275967261905
2012-10-23 09:51:16,6015,1,45.0255208333,-0.190922619048
2012-10-23 09:51:17,6016,1,45.1055059524,0.0799851190477
2012-10-23 09:51:18,6017,1,45.5114583333,0.405952380952
2012-10-23 09:51:19,6018,1,46.1720238095,0.66056547619
2012-10-23 09:51:20,6019,1,46.9558779762,0.783854166667
2012-10-23 09:51:21,6020,1,47.7191964286,0.763318452381
2012-10-23 09:51:22,6021,1,48.3174107143,0.598214285714
2012-10-23 09:51:23,6022,1,48.6220982143,0.3046875
2012-10-23 09:51:24,6023,1,48.5654017857,-0.0566964285714
2012-10-23 09:51:25,6024,1,48.1746279762,-0.390773809524
2012-10-23 09:51:26,6025,1,47.5308035714,-0.643824404762
2012-10-23 09:51:27,6026,1,46.634077381,-0.896726190476
2012-10-23 09:51:28,6027,1,45.2863839286,-1.34769345238
2012-10-23 09:51:29,6028,1,43.148735119,-2.13764880952
2012-10-23 09:51:30,6029,1,39.9744047619,-3.17433035714
2012-10-23 09:51:31,6030,1,35.8299107143,-4.14449404762
2012-10-23 09:51:32,6031,1,31.1178571429,-4.71205357143
2012-10-23 09:51:33,6032,1,26.4055059524,-4.71235119048
2012-10-23 09:51:34,6033,1,22.2235119048,-4.18199404762
2012-10-23 09:51:35,6034,1,18.9506696429,-3.2728422619
2012-10-23 09:51:36,6035,1,16.7697172619,-2.18095238095
2012-10-23 09:51:37,6036,1,15.6532738095,-1.11644345238
2012-10-23 09:51:38,6037,1,15.3650297619,-0.288244047619
2012-10-23 09:51:39,6038,1,15.4957589286,0.130729166667
2012-10-23 09:51:40,6039,1,15.5844494048,0.0886904761905
2012-10-23 09:51:41,6040,1,15.2998511905,-0.284598214286
2012-10-23 09:51:42,6041,1,14.5697916667,-0.73005952381
2012-10-23 09:51:43,6042,1,13.5883928571,-0.981398809524
2012-10-23 09:51:44,6043,1,12.6929315476,-0.895461309524
2012-10-23 09:51:45,6044,1,12.1561755952,-0.536755952381
2012-10-23 09:51:46,6045,1,12.0400297619,-0.116145833333
2012-10-23 09:51:47,6046,1,12.2238839286,0.183854166667
2012-10-23 09:51:48,6047,1,12.5349702381,0.311086309524
2012-10-23 09:51:49,6048,1,12.8439732143,0.309002976191
2012-10-23 09:51:50,6049,1,13.1020089286,0.258035714286
2012-10-23 09:51:51,6050,1,13.3745535714,0.272544642857
2012-10-23 09:51:52,6051,1,13.8604910714,0.4859375
2012-10-23 09:51:53,6052,1,14.8135416667,0.953050595238
2012-10-23 09:51:54,6053,1,16.3845238095,1.57098214286
2012-10-23 09:51:55,6054,1,18.5212053571,2.13668154762
2012-10-23 09:51:56,6055,1,20.9982142857,2.47700892857
2012-10-23 09:51:57,6056,1,23.5332589286,2.53504464286
2012-10-23 09:51:58,6057,1,25.9109375,2.37767857143
2012-10-23 09:51:59,6058,1,28.0453125,2.134375
2012-10-23 09:52:00,6059,1,29.9488839286,1.90357142857
2012-10-23 09:52:01,6060,1,31.6513392857,1.70245535714
2012-10-23 09:52:02,6061,1,33.162202381,1.51086309524
2012-10-23 09:52:03,6062,1,34.4910714286,1.32886904762
2012-10-23 09:52:04,6063,1,35.647172619,1.15610119048
2012-10-23 09:52:05,6064,1,36.6098958333,0.962723214286
2012-10-23 09:52:06,6065,1,37.3306547619,0.720758928572
2012-10-23 09:52:07,6066,1,37.7832589286,0.452604166667
2012-10-23 09:52:08,6067,1,38.0412202381,0.257961309524
2012-10-23 09:52:09,6068,1,38.3004464286,0.259226190476
2012-10-23 09:52:10,6069,1,38.7530505952,0.452604166667
2012-10-23 09:52:11,6070,1,39.4145089286,0.661458333333
2012-10-23 09:52:12,6071,1,40.1291666667,0.714657738095
2012-10-23 09:52:13,6072,1,40.74375,0.614583333333
2012-10-23 09:52:14,6073,1,41.2296130952,0.485863095238
2012-10-23 09:52:15,6074,1,41.6729166667,0.443303571429
2012-10-23 09:52:16,6075,1,42.2061011905,0.533184523809
2012-10-23 09:52:17,6076,1,42.9348958333,0.728794642857
2012-10-23 09:52:18,6077,1,43.8882440476,0.953348214286
2012-10-23 09:52:19,6078,1,44.9935267857,1.1052827381
2012-10-23 09:52:20,6079,1,46.0913690476,1.0978422619
2012-10-23 09:52:21,6080,1,47.0354910714,0.94412202381
2012-10-23 09:52:22,6081,1,47.8034970238,0.768005952381
2012-10-23 09:52:23,6082,1,48.4837053571,0.680208333333
2012-10-23 09:52:24,6083,1,49.1723214286,0.688616071428
2012-10-23 09:52:25,6084,1,49.8958333333,0.723511904762
2012-10-23 09:52:26,6085,1,50.5942708333,0.6984375
2012-10-23 09:52:27,6086,1,51.1619047619,0.567633928572
2012-10-23 09:52:28,6087,1,51.5197172619,0.3578125
2012-10-23 09:52:29,6088,1,51.6725446429,0.152827380952
2012-10-23 09:52:30,6089,1,51.7229166667,0.0503720238096
2012-10-23 09:52:31,6090,1,51.8252232143,0.102306547619
2012-10-23 09:52:32,6091,1,52.0880952381,0.262872023809
2012-10-23 09:52:33,6092,1,52.5023065476,0.414211309524
2012-10-23 09:52:34,6093,1,52.971875,0.469568452381
2012-10-23 09:52:35,6094,1,53.4060267857,0.434151785714
2012-10-23 09:52:36,6095,1,53.7675595238,0.361532738095
2012-10-23 09:52:37,6096,1,54.0538690476,0.286309523809
2012-10-23 09:52:38,6097,1,54.2582589286,0.204389880952
2012-10-23 09:52:39,6098,1,54.3525297619,0.0942708333334
2012-10-23 09:52:40,6099,1,54.3017113095,-0.050818452381
2012-10-23 09:52:41,6100,1,54.0978422619,-0.203869047619
2012-10-23 09:52:42,6101,1,53.7880208333,-0.309821428572
2012-10-23 09:52:43,6102,1,53.4647321429,-0.323288690476
2012-10-23 09:52:44,6103,1,53.214360119,-0.25037202381
2012-10-23 09:52:45,6104,1,53.0691220238,-0.145238095238
2012-10-23 09:52:46,6105,1,53.0,-0.0691220238095
2012-10-23 09:52:47,6106,1,52.9517113095,-0.0482886904762
2012-10-23 09:52:48,6107,1,52.890327381,-0.0613839285714
2012-10-23 09:52:49,6108,1,52.8100446429,-0.0802827380953
2012-10-23 09:52:50,6109,1,52.6993303571,-0.110714285714
2012-10-23 09:52:51,6110,1,52.5350446429,-0.164285714286
2012-10-23 09:52:52,6111,1,52.3116815476,-0.223363095238
2012-10-23 09:52:53,6112,1,52.0537202381,-0.257961309524
2012-10-23 09:52:54,6113,1,51.8183779762,-0.235342261905
2012-10-23 09:52:55,6114,1,51.677827381,-0.140550595238
2012-10-23 09:52:56,6115,1,51.6203869048,-0.0574404761905
2012-10-23 09:52:57,6116,1,51.4459077381,-0.174479166667
2012-10-23 09:52:58,6117,1,50.7947916667,-0.651116071429
2012-10-23 09:52:59,6118,1,49.315922619,-1.47886904762
2012-10-23 09:53:00,6119,1,46.9116071429,-2.40431547619
2012-10-23 09:53:01,6120,1,43.915625,-2.99598214286
2012-10-23 09:53:02,6121,1,40.9989583333,-2.91666666667
2012-10-23 09:53:03,6122,1,38.8365327381,-2.16242559524
2012-10-23 09:53:04,6123,1,37.7831845238,-1.05334821429
2012-10-23 09:53:05,6124,1,37.7396577381,-0.0435267857143
2012-10-23 09:53:06,6125,1,38.2767113095,0.537053571429
2012-10-23 09:53:07,6126,1,38.9226934524,0.645982142857
2012-10-23 09:53:08,6127,1,39.3871279762,0.46443452381
2012-10-23 09:53:09,6128,1,39.6064732143,0.219345238095
2012-10-23 09:53:10,6129,1,39.6540922619,0.0476190476191
2012-10-23 09:53:11,6130,1,39.6130208333,-0.0410714285715
2012-10-23 09:53:12,6131,1,39.5165178571,-0.0965029761904
2012-10-23 09:53:13,6132,1,39.3655505952,-0.150967261905
2012-10-23 09:53:14,6133,1,39.1636160714,-0.201934523809
2012-10-23 09:53:15,6134,1,38.9498511905,-0.213764880952
2012-10-23 09:53:16,6135,1,38.8118303571,-0.138020833333
2012-10-23 09:53:17,6136,1,38.8564732143,0.0446428571428
2012-10-23 09:53:18,6137,1,39.1660714286,0.309598214286
2012-10-23 09:53:19,6138,1,39.7704613095,0.604389880952
2012-10-23 09:53:20,6139,1,40.6494791667,0.879017857143
2012-10-23 09:53:21,6140,1,41.7554315476,1.10595238095
2012-10-23 09:53:22,6141,1,43.0101934524,1.25476190476
2012-10-23 09:53:23,6142,1,44.2886160714,1.27842261905
2012-10-23 09:53:24,6143,1,45.453125,1.16450892857
2012-10-23 09:53:25,6144,1,46.4238839286,0.970758928571
2012-10-23 09:53:26,6145,1,47.2129464286,0.7890625
2012-10-23 09:53:27,6146,1,47.895014881,0.682068452381
2012-10-23 09:53:28,6147,1,48.5381696429,0.643154761905
2012-10-23 09:53:29,6148,1,49.1556547619,0.617485119048
2012-10-23 09:53:30,6149,1,49.7245535714,0.568898809524
2012-10-23 09:53:31,6150,1,50.2371279762,0.512574404762
2012-10-23 09:53:32,6151,1,50.7194940476,0.482366071429
2012-10-23 09:53:33,6152,1,51.2072172619,0.487723214286
2012-10-23 09:53:34,6153,1,51.7157738095,0.508556547619
2012-10-23 09:53:35,6154,1,52.2349702381,0.519196428571
2012-10-23 09:53:36,6155,1,52.7455357143,0.510565476191
2012-10-23 09:53:37,6156,1,53.2390625,0.493526785714
2012-10-23 09:53:38,6157,1,53.7235119048,0.484449404762
2012-10-23 09:53:39,6158,1,54.2033482143,0.479836309524
2012-10-23 09:53:40,6159,1,54.6367559524,0.433407738095
2012-10-23 09:53:41,6160,1,54.9095238095,0.272767857143
2012-10-23 09:53:42,6161,1,54.8758928571,-0.0336309523809
2012-10-23 09:53:43,6162,1,54.4493303571,-0.4265625
2012-10-23 09:53:44,6163,1,53.6689732143,-0.780357142857
2012-10-23 09:53:45,6164,1,52.6913690476,-0.977604166667
2012-10-23 09:53:46,6165,1,51.7136904762,-0.977678571428
2012-10-23 09:53:47,6166,1,50.8889880952,-0.824702380952
2012-10-23 09:53:48,6167,1,50.2991815476,-0.589806547619
2012-10-23 09:53:49,6168,1,49.9763392857,-0.322842261905
2012-10-23 09:53:50,6169,1,49.9181547619,-0.0581845238095
2012-10-23 09:53:51,6170,1,50.0896577381,0.17150297619
2012-10-23 09:53:52,6171,1,50.434375,0.344717261905
2012-10-23 09:53:53,6172,1,50.894047619,0.459672619048
2012-10-23 09:53:54,6173,1,51.4217261905,0.527678571429
2012-10-23 09:53:55,6174,1,51.984077381,0.562351190476
2012-10-23 09:53:56,6175,1,52.5593005952,0.575223214286
2012-10-23 09:53:57,6176,1,53.1363839286,0.577083333333
2012-10-23 09:53:58,6177,1,53.7131696429,0.576785714286
2012-10-23 09:53:59,6178,1,54.2900297619,0.576860119048
2012-10-23 09:54:00,6179,1,54.8638392857,0.57380952381
2012-10-23 09:54:01,6180,1,55.4266369048,0.562797619048
2012-10-23 09:54:02,6181,1,55.9651041667,0.538467261905
2012-10-23 09:54:03,6182,1,56.4585565476,0.493452380952
2012-10-23 09:54:04,6183,1,56.8824404762,0.423883928572
2012-10-23 09:54:05,6184,1,57.2197916667,0.337351190476
2012-10-23 09:54:06,6185,1,57.4709077381,0.251116071428
2012-10-23 09:54:07,6186,1,57.6529017857,0.181994047619
2012-10-23 09:54:08,6187,1,57.7901041667,0.137202380952
2012-10-23 09:54:09,6188,1,57.9024553571,0.112351190476
2012-10-23 09:54:10,6189,1,58.0000744048,0.0976190476191
2012-10-23 09:54:11,6190,1,58.0861607143,0.0860863095238
2012-10-23 09:54:12,6191,1,58.1632440476,0.0770833333333
2012-10-23 09:54:13,6192,1,58.2367559524,0.073511904762
2012-10-23 09:54:14,6193,1,58.3139880952,0.0772321428571
2012-10-23 09:54:15,6194,1,58.4010416667,0.0870535714286
2012-10-23 09:54:16,6195,1,58.5005952381,0.0995535714285
2012-10-23 09:54:17,6196,1,58.6110863095,0.110491071429
2012-10-23 09:54:18,6197,1,58.7302083333,0.11912202381
2012-10-23 09:54:19,6198,1,58.8644345238,0.134226190476
2012-10-23 09:54:20,6199,1,59.0328869048,0.168452380952
2012-10-23 09:54:21,6200,1,59.2542410714,0.221354166667
2012-10-23 09:54:22,6201,1,59.5288690476,0.27462797619
2012-10-23 09:54:23,6202,1,59.8357142857,0.306845238095
2012-10-23 09:54:24,6203,1,60.1456845238,0.309970238095
2012-10-23 09:54:25,6204,1,60.437202381,0.291517857143
2012-10-23 09:54:26,6205,1,60.6983630952,0.261160714286
2012-10-23 09:54:27,6206,1,60.9194196429,0.221056547619
2012-10-23 09:54:28,6207,1,61.0945684524,0.175148809524
2012-10-23 09:54:29,6208,1,61.2345982143,0.140029761905
2012-10-23 09:54:30,6209,1,61.3694940476,0.134895833333
2012-10-23 09:54:31,6210,1,61.5303571429,0.160863095238
2012-10-23 09:54:32,6211,1,61.7321428571,0.201785714286
2012-10-23 09:54:33,6212,1,61.9797619048,0.247619047619
2012-10-23 09:54:34,6213,1,62.2805059524,0.300744047619
2012-10-23 09:54:35,6214,1,62.6392857143,0.358779761905
2012-10-23 09:54:36,6215,1,63.0461309524,0.406845238095
2012-10-23 09:54:37,6216,1,63.4705357143,0.424404761905
2012-10-23 09:54:38,6217,1,63.8704613095,0.399925595238
2012-10-23 09:54:39,6218,1,64.2195684524,0.349107142857
2012-10-23 09:54:40,6219,1,64.5281994048,0.308630952381
2012-10-23 09:54:41,6220,1,64.8316220238,0.303422619048
2012-10-23 09:54:42,6221,1,65.1591517857,0.327529761905
2012-10-23 09:54:43,6222,1,65.5134672619,0.35431547619
2012-10-23 09:54:44,6223,1,65.8736607143,0.360193452381
2012-10-23 09:54:45,6224,1,66.2139880952,0.340327380952
2012-10-23 09:54:46,6225,1,66.5144345238,0.300446428571
2012-10-23 09:54:47,6226,1,66.7520089286,0.237574404762
2012-10-23 09:54:48,6227,1,66.890327381,0.138318452381
2012-10-23 09:54:49,6228,1,66.8913690476,0.00104166666669
2012-10-23 09:54:50,6229,1,66.7493303571,-0.142038690476
2012-10-23 09:54:51,6230,1,66.5152529762,-0.234077380952
2012-10-23 09:54:52,6231,1,66.2816220238,-0.233630952381
2012-10-23 09:54:53,6232,1,66.1333333333,-0.148288690476
2012-10-23 09:54:54,6233,1,66.1005208333,-0.0328125
2012-10-23 09:54:55,6234,1,66.1453125,0.0447916666667
2012-10-23 09:54:56,6235,1,66.1925595238,0.0472470238095
2012-10-23 09:54:57,6236,1,66.1848214286,-0.00773809523811
2012-10-23 09:54:58,6237,1,66.1203869048,-0.0644345238095
2012-10-23 09:54:59,6238,1,66.0466517857,-0.0737351190476
2012-10-23 09:55:00,6239,1,66.0217261905,-0.0249255952381
2012-10-23 09:55:01,6240,1,66.0813988095,0.0596726190476
2012-10-23 09:55:02,6241,1,66.2332589286,0.151860119048
2012-10-23 09:55:03,6242,1,66.4634672619,0.230208333333
2012-10-23 09:55:04,6243,1,66.7310267857,0.26755952381
2012-10-23 09:55:05,6244,1,66.9598214286,0.228794642857
2012-10-23 09:55:06,6245,1,67.0594494048,0.0996279761905
2012-10-23 09:55:07,6246,1,66.9692708333,-0.0901785714286
2012-10-23 09:55:08,6247,1,66.6891369048,-0.280133928571
2012-10-23 09:55:09,6248,1,66.2723214286,-0.41681547619
2012-10-23 09:55:10,6249,1,65.7855654762,-0.486755952381
2012-10-23 09:55:11,6250,1,65.2829613095,-0.502604166667
2012-10-23 09:55:12,6251,1,64.8328869048,-0.450074404762
2012-10-23 09:55:13,6252,1,64.5377232143,-0.295163690476
2012-10-23 09:55:14,6253,1,64.4660714286,-0.0716517857143
2012-10-23 09:55:15,6254,1,64.5671130952,0.101041666667
2012-10-23 09:55:16,6255,1,64.6985863095,0.131473214286
2012-10-23 09:55:17,6256,1,64.746577381,0.0479910714286
2012-10-23 09:55:18,6257,1,64.7104166667,-0.0361607142857
2012-10-23 09:55:19,6258,1,64.6869047619,-0.0235119047619
2012-10-23 09:55:20,6259,1,64.7714285714,0.0845238095238
2012-10-23 09:55:21,6260,1,64.969047619,0.197619047619
2012-10-23 09:55:22,6261,1,65.2145089286,0.245461309524
2012-10-23 09:55:23,6262,1,65.4541666667,0.239657738095
2012-10-23 09:55:24,6263,1,65.6713541667,0.2171875
2012-10-23 09:55:25,6264,1,65.8595238095,0.188169642857
2012-10-23 09:55:26,6265,1,66.0100446429,0.150520833333
2012-10-23 09:55:27,6266,1,66.1189732143,0.108928571429
2012-10-23 09:55:28,6267,1,66.1944196429,0.0754464285715
2012-10-23 09:55:29,6268,1,66.2630952381,0.068675595238
2012-10-23 09:55:30,6269,1,66.3732142857,0.110119047619
2012-10-23 09:55:31,6270,1,66.5712797619,0.198065476191
2012-10-23 09:55:32,6271,1,66.8397321429,0.268452380952
2012-10-23 09:55:33,6272,1,67.0719494048,0.232217261905
2012-10-23 09:55:34,6273,1,67.1536458333,0.0816964285714
2012-10-23 09:55:35,6274,1,67.0529017857,-0.100744047619
2012-10-23 09:55:36,6275,1,66.8161458333,-0.236755952381
2012-10-23 09:55:37,6276,1,66.5063244048,-0.309821428571
2012-10-23 09:55:38,6277,1,66.1375744048,-0.36875
2012-10-23 09:55:39,6278,1,65.6689732143,-0.468601190476
2012-10-23 09:55:40,6279,1,65.0918154762,-0.577157738095
2012-10-23 09:55:41,6280,1,64.4813988095,-0.610416666667
2012-10-23 09:55:42,6281,1,63.9177827381,-0.563616071429
2012-10-23 09:55:43,6282,1,63.4117559524,-0.506026785714
2012-10-23 09:55:44,6283,1,62.9502232143,-0.461532738095
2012-10-23 09:55:45,6284,1,62.5633184524,-0.386904761905
2012-10-23 09:55:46,6285,1,62.3134672619,-0.249851190476
2012-10-23 09:55:47,6286,1,62.2450892857,-0.0683779761905
2012-10-23 09:55:48,6287,1,62.3457589286,0.100669642857
2012-10-23 09:55:49,6288,1,62.5316964286,0.1859375
2012-10-23 09:55:50,6289,1,62.6787202381,0.147023809524
2012-10-23 09:55:51,6290,1,62.6845982143,0.0058779761905
2012-10-23 09:55:52,6291,1,62.5165922619,-0.168005952381
2012-10-23 09:55:53,6292,1,62.2308779762,-0.285714285714
2012-10-23 09:55:54,6293,1,61.9595982143,-0.271279761905
2012-10-23 09:55:55,6294,1,61.8445684524,-0.115029761905
2012-10-23 09:55:56,6295,1,61.9357886905,0.0912202380953
2012-10-23 09:55:57,6296,1,62.144047619,0.208258928571
2012-10-23 09:55:58,6297,1,62.3141369048,0.170089285714
2012-10-23 09:55:59,6298,1,62.3540922619,0.0399553571429
2012-10-23 09:56:00,6299,1,62.2964285714,-0.0576636904762
2012-10-23 09:56:01,6300,1,62.2469494048,-0.0494791666667
2012-10-23 09:56:02,6301,1,62.2722470238,0.0252976190476
2012-10-23 09:56:03,6302,1,62.3284970238,0.05625
2012-10-23 09:56:04,6303,1,62.313764881,-0.0147321428571
2012-10-23 09:56:05,6304,1,62.1985119048,-0.11525297619
2012-10-23 09:56:06,6305,1,62.0822172619,-0.116294642857
2012-10-23 09:56:07,6306,1,62.1077380952,0.0255208333333
2012-10-23 09:56:08,6307,1,62.3395833333,0.231845238095
2012-10-23 09:56:09,6308,1,62.7326636905,0.393080357143
2012-10-23 09:56:10,6309,1,63.1927827381,0.460119047619
2012-10-23 09:56:11,6310,1,63.652827381,0.460044642857
2012-10-23 09:56:12,6311,1,64.1,0.447172619048
2012-10-23 09:56:13,6312,1,64.5412202381,0.441220238095
2012-10-23 09:56:14,6313,1,64.9645089286,0.423288690476
2012-10-23 09:56:15,6314,1,65.3473958333,0.382886904762
2012-10-23 09:56:16,6315,1,65.6727678571,0.32537202381
2012-10-23 09:56:17,6316,1,65.9128720238,0.240104166667
2012-10-23 09:56:18,6317,1,66.0201636905,0.107291666667
2012-10-23 09:56:19,6318,1,65.950297619,-0.0698660714286
2012-10-23 09:56:20,6319,1,65.6936011905,-0.256696428571
2012-10-23 09:56:21,6320,1,65.2899553571,-0.403645833333
2012-10-23 09:56:22,6321,1,64.8007440476,-0.489211309524
2012-10-23 09:56:23,6322,1,64.2570684524,-0.543675595238
2012-10-23 09:56:24,6323,1,63.664360119,-0.592708333333
2012-10-23 09:56:25,6324,1,63.0661458333,-0.598214285714
2012-10-23 09:56:26,6325,1,62.5694196429,-0.496726190476
2012-10-23 09:56:27,6326,1,62.2941964286,-0.275223214286
2012-10-23 09:56:28,6327,1,62.2964285714,0.0022321428572
2012-10-23 09:56:29,6328,1,62.5134672619,0.217038690476
2012-10-23 09:56:30,6329,1,62.7773065476,0.263839285714
2012-10-23 09:56:31,6330,1,62.905952381,0.128645833333
2012-10-23 09:56:32,6331,1,62.8033482143,-0.102604166667
2012-10-23 09:56:33,6332,1,62.4979166667,-0.305431547619
2012-10-23 09:56:34,6333,1,62.1055803571,-0.392336309524
2012-10-23 09:56:35,6334,1,61.7414434524,-0.364136904762
2012-10-23 09:56:36,6335,1,61.4485119048,-0.292931547619
2012-10-23 09:56:37,6336,1,61.1976190476,-0.250892857143
2012-10-23 09:56:38,6337,1,60.9325892857,-0.265029761905
2012-10-23 09:56:39,6338,1,60.6133184524,-0.319270833333
2012-10-23 09:56:40,6339,1,60.2410714286,-0.37224702381
2012-10-23 09:56:41,6340,1,59.8595982143,-0.381473214286
2012-10-23 09:56:42,6341,1,59.5313988095,-0.328199404762
2012-10-23 09:56:43,6342,1,59.3085565476,-0.222842261905
2012-10-23 09:56:44,6343,1,59.2132440476,-0.0953124999999
2012-10-23 09:56:45,6344,1,59.2246279762,0.0113839285714
2012-10-23 09:56:46,6345,1,59.2806547619,0.0560267857143
2012-10-23 09:56:47,6346,1,59.2986607143,0.0180059523809
2012-10-23 09:56:48,6347,1,59.2004464286,-0.0982142857143
2012-10-23 09:56:49,6348,1,58.9516369048,-0.248809523809
2012-10-23 09:56:50,6349,1,58.6021577381,-0.349479166667
2012-10-23 09:56:51,6350,1,58.2644345238,-0.337723214286
2012-10-23 09:56:52,6351,1,58.0335565476,-0.23087797619
2012-10-23 09:56:53,6352,1,57.933110119,-0.100446428571
2012-10-23 09:56:54,6353,1,57.9375744048,0.0044642857143
2012-10-23 09:56:55,6354,1,58.0443452381,0.106770833333
2012-10-23 09:56:56,6355,1,58.3075892857,0.263244047619
2012-10-23 09:56:57,6356,1,58.7755952381,0.468005952381
2012-10-23 09:56:58,6357,1,59.3929315476,0.617336309524
2012-10-23 09:56:59,6358,1,59.9866815476,0.59375
2012-10-23 09:57:00,6359,1,60.3800595238,0.393377976191
2012-10-23 09:57:01,6360,1,60.5377232143,0.157663690476
2012-10-23 09:57:02,6361,1,60.5923363095,0.0546130952381
2012-10-23 09:57:03,6362,1,60.7270833333,0.134747023809
2012-10-23 09:57:04,6363,1,61.0366815476,0.309598214286
2012-10-23 09:57:05,6364,1,61.4758928571,0.439211309524
2012-10-23 09:57:06,6365,1,61.9083333333,0.43244047619
2012-10-23 09:57:07,6366,1,62.2000744048,0.291741071429
2012-10-23 09:57:08,6367,1,62.2775297619,0.0774553571429
2012-10-23 09:57:09,6368,1,62.1244047619,-0.153125
2012-10-23 09:57:10,6369,1,61.7626488095,-0.361755952381
2012-10-23 09:57:11,6370,1,61.2367559524,-0.525892857143
2012-10-23 09:57:12,6371,1,60.5876488095,-0.649107142857
2012-10-23 09:57:13,6372,1,59.8337797619,-0.753869047619
2012-10-23 09:57:14,6373,1,58.9783482143,-0.855431547619
2012-10-23 09:57:15,6374,1,58.037202381,-0.941145833333
2012-10-23 09:57:16,6375,1,57.0745535714,-0.962648809524
2012-10-23 09:57:17,6376,1,56.2000744048,-0.874479166667
2012-10-23 09:57:18,6377,1,55.5001488095,-0.699925595238
2012-10-23 09:57:19,6378,1,54.9735863095,-0.5265625
2012-10-23 09:57:20,6379,1,54.5402529762,-0.433333333333
2012-10-23 09:57:21,6380,1,54.1036458333,-0.436607142857
2012-10-23 09:57:22,6381,1,53.6177827381,-0.485863095238
2012-10-23 09:57:23,6382,1,53.1082589286,-0.509523809524
2012-10-23 09:57:24,6383,1,52.6321428571,-0.476116071428
2012-10-23 09:57:25,6384,1,52.2307291667,-0.401413690476
2012-10-23 09:57:26,6385,1,51.9150297619,-0.315699404762
2012-10-23 09:57:27,6386,1,51.6714285714,-0.243601190476
2012-10-23 09:57:28,6387,1,51.4899553571,-0.181473214286
2012-10-23 09:57:29,6388,1,51.4094494048,-0.0805059523809
2012-10-23 09:57:30,6389,1,51.5225446429,0.113095238095
2012-10-23 09:57:31,6390,1,51.9172619048,0.394717261905
2012-10-23 09:57:32,6391,1,52.6080357143,0.690773809524
2012-10-23 09:57:33,6392,1,53.5041666667,0.896130952381
2012-10-23 09:57:34,6393,1,54.4316964286,0.927529761905
2012-10-23 09:57:35,6394,1,55.212202381,0.780505952381
2012-10-23 09:57:36,6395,1,55.7488095238,0.536607142857
2012-10-23 09:57:37,6396,1,56.0385416667,0.289732142857
2012-10-23 09:57:38,6397,1,56.1149553571,0.0764136904762
2012-10-23 09:57:39,6398,1,55.998735119,-0.116220238095
2012-10-23 09:57:40,6399,1,55.7011904762,-0.297544642857
2012-10-23 09:57:41,6400,1,55.2834821429,-0.417708333333
2012-10-23 09:57:42,6401,1,54.9120535714,-0.371428571429
2012-10-23 09:57:43,6402,1,54.7979910714,-0.1140625
2012-10-23 09:57:44,6403,1,55.0478422619,0.249851190476
2012-10-23 09:57:45,6404,1,55.5944940476,0.546651785714
2012-10-23 09:57:46,6405,1,56.251860119,0.657366071429
2012-10-23 09:57:47,6406,1,56.8139136905,0.562053571429
2012-10-23 09:57:48,6407,1,57.158110119,0.344196428571
2012-10-23 09:57:49,6408,1,57.3060267857,0.147916666667
2012-10-23 09:57:50,6409,1,57.3848958333,0.078869047619
2012-10-23 09:57:51,6410,1,57.5234375,0.138541666667
2012-10-23 09:57:52,6411,1,57.7584077381,0.234970238095
2012-10-23 09:57:53,6412,1,58.0094494048,0.251041666667
2012-10-23 09:57:54,6413,1,58.1587053571,0.149255952381
2012-10-23 09:57:55,6414,1,58.1716517857,0.0129464285714
2012-10-23 09:57:56,6415,1,58.1119791667,-0.0596726190476
2012-10-23 09:57:57,6416,1,58.032514881,-0.0794642857143
2012-10-23 09:57:58,6417,1,57.8929315476,-0.139583333333
2012-10-23 09:57:59,6418,1,57.5941964286,-0.298735119048
2012-10-23 09:58:00,6419,1,57.071577381,-0.522619047619
2012-10-23 09:58:01,6420,1,56.3636160714,-0.707961309524
2012-10-23 09:58:02,6421,1,55.6145089286,-0.749107142857
2012-10-23 09:58:03,6422,1,55.0094494048,-0.605059523809
2012-10-23 09:58:04,6423,1,54.689360119,-0.320089285714
2012-10-23 09:58:05,6424,1,54.7007440476,0.0113839285715
2012-10-23 09:58:06,6425,1,55.002827381,0.302083333333
2012-10-23 09:58:07,6426,1,55.5116071429,0.508779761905
2012-10-23 09:58:08,6427,1,56.1406994048,0.629092261905
2012-10-23 09:58:09,6428,1,56.8178571429,0.677157738095
2012-10-23 09:58:10,6429,1,57.483110119,0.665252976191
2012-10-23 09:58:11,6430,1,58.0959077381,0.612797619048
2012-10-23 09:58:12,6431,1,58.6635416667,0.567633928572
2012-10-23 09:58:13,6432,1,59.2347470238,0.571205357143
2012-10-23 09:58:14,6433,1,59.829389881,0.594642857143
2012-10-23 09:58:15,6434,1,60.3947172619,0.565327380952
2012-10-23 09:58:16,6435,1,60.8508928571,0.456175595238
2012-10-23 09:58:17,6436,1,61.1685267857,0.317633928571
2012-10-23 09:58:18,6437,1,61.3954613095,0.22693452381
2012-10-23 09:58:19,6438,1,61.59375,0.198288690476
2012-10-23 09:58:20,6439,1,61.7634672619,0.169717261905
2012-10-23 09:58:21,6440,1,61.8703869048,0.106919642857
2012-10-23 09:58:22,6441,1,61.9154761905,0.0450892857143
2012-10-23 09:58:23,6442,1,61.9289434524,0.0134672619047
2012-10-23 09:58:24,6443,1,61.9255952381,-0.0033482142857
2012-10-23 09:58:25,6444,1,61.8813244048,-0.0442708333333
2012-10-23 09:58:26,6445,1,61.750297619,-0.131026785714
2012-10-23 09:58:27,6446,1,61.5259672619,-0.224330357143
2012-10-23 09:58:28,6447,1,61.2676339286,-0.258333333333
2012-10-23 09:58:29,6448,1,61.0500744048,-0.217559523809
2012-10-23 09:58:30,6449,1,60.9019345238,-0.148139880952
2012-10-23 09:58:31,6450,1,60.7711309524,-0.130803571429
2012-10-23 09:58:32,6451,1,60.5433035714,-0.227827380952
2012-10-23 09:58:33,6452,1,60.1470238095,-0.396279761905
2012-10-23 09:58:34,6453,1,59.6662202381,-0.480803571429
2012-10-23 09:58:35,6454,1,59.326264881,-0.339955357143
2012-10-23 09:58:36,6455,1,59.3424107143,0.0161458333333
2012-10-23 09:58:37,6456,1,59.7599702381,0.41755952381
2012-10-23 09:58:38,6457,1,60.4342261905,0.674255952381
2012-10-23 09:58:39,6458,1,61.1609375,0.726711309524
2012-10-23 09:58:40,6459,1,61.8057291667,0.644791666667
2012-10-23 09:58:41,6460,1,62.3142113095,0.508482142857
2012-10-23 09:58:42,6461,1,62.6646577381,0.350446428571
2012-10-23 09:58:43,6462,1,62.8668154762,0.202157738095
2012-10-23 09:58:44,6463,1,62.9860119048,0.119196428571
2012-10-23 09:58:45,6464,1,63.1205357143,0.134523809524
2012-10-23 09:58:46,6465,1,63.3373511905,0.21681547619
2012-10-23 09:58:47,6466,1,63.626860119,0.289508928571
2012-10-23 09:58:48,6467,1,63.9177083333,0.290848214286
2012-10-23 09:58:49,6468,1,64.1364583333,0.21875
2012-10-23 09:58:50,6469,1,64.2536458333,0.1171875
2012-10-23 09:58:51,6470,1,64.2886160714,0.0349702380953
2012-10-23 09:58:52,6471,1,64.2978422619,0.0092261904761
2012-10-23 09:58:53,6472,1,64.3551339286,0.0572916666667
2012-10-23 09:58:54,6473,1,64.5157738095,0.160639880952
2012-10-23 09:58:55,6474,1,64.7828125,0.267038690476
2012-10-23 09:58:56,6475,1,65.0955357143,0.312723214286
2012-10-23 09:58:57,6476,1,65.3500744048,0.254538690476
2012-10-23 09:58:58,6477,1,65.4536458333,0.103571428571
2012-10-23 09:58:59,6478,1,65.3771577381,-0.0764880952381
2012-10-23 09:59:00,6479,1,65.1636160714,-0.213541666667
2012-10-23 09:59:01,6480,1,64.8923363095,-0.271279761905
2012-10-23 09:59:02,6481,1,64.625,-0.267336309524
2012-10-23 09:59:03,6482,1,64.373735119,-0.251264880952
2012-10-23 09:59:04,6483,1,64.1275297619,-0.246205357143
2012-10-23 09:59:05,6484,1,63.9022321429,-0.225297619048
2012-10-23 09:59:06,6485,1,63.7383928571,-0.163839285714
2012-10-23 09:59:07,6486,1,63.652827381,-0.0855654761905
2012-10-23 09:59:08,6487,1,63.6133184524,-0.0395089285714
2012-10-23 09:59:09,6488,1,63.5631696429,-0.0501488095239
2012-10-23 09:59:10,6489,1,63.4743303571,-0.0888392857142
2012-10-23 09:59:11,6490,1,63.3772321429,-0.0970982142858
2012-10-23 09:59:12,6491,1,63.3201636905,-0.0570684523809
2012-10-23 09:59:13,6492,1,63.3052827381,-0.014880952381
2012-10-23 09:59:14,6493,1,63.2936011905,-0.011681547619
2012-10-23 09:59:15,6494,1,63.2711309524,-0.0224702380952
2012-10-23 09:59:16,6495,1,63.2813244048,0.0101934523809
2012-10-23 09:59:17,6496,1,63.3712797619,0.0899553571429
2012-10-23 09:59:18,6497,1,63.5100446429,0.138764880952
2012-10-23 09:59:19,6498,1,63.5866815476,0.0766369047619
2012-10-23 09:59:20,6499,1,63.5073660714,-0.0793154761904
2012-10-23 09:59:21,6500,1,63.2875744048,-0.219791666667
2012-10-23 09:59:22,6501,1,63.038764881,-0.248809523809
2012-10-23 09:59:23,6502,1,62.8680803571,-0.17068452381
2012-10-23 09:59:24,6503,1,62.7962053571,-0.071875
2012-10-23 09:59:25,6504,1,62.7688244048,-0.0273809523809
2012-10-23 09:59:26,6505,1,62.7378720238,-0.0309523809524
2012-10-23 09:59:27,6506,1,62.7092261905,-0.0286458333333
2012-10-23 09:59:28,6507,1,62.698139881,-0.0110863095238
2012-10-23 09:59:29,6508,1,62.6758184524,-0.0223214285714
2012-10-23 09:59:30,6509,1,62.589360119,-0.0864583333334
2012-10-23 09:59:31,6510,1,62.4095982143,-0.179761904762
2012-10-23 09:59:32,6511,1,62.1602678571,-0.249330357143
2012-10-23 09:59:33,6512,1,61.9188244048,-0.241443452381
2012-10-23 09:59:34,6513,1,61.7671130952,-0.151711309524
2012-10-23 09:59:35,6514,1,61.736235119,-0.0308779761905
2012-10-23 09:59:36,6515,1,61.8086309524,0.0723958333334
2012-10-23 09:59:37,6516,1,61.9486607143,0.140029761905
2012-10-23 09:59:38,6517,1,62.1213541667,0.172693452381
2012-10-23 09:59:39,6518,1,62.3042410714,0.182886904762
2012-10-23 09:59:40,6519,1,62.4931547619,0.188913690476
2012-10-23 09:59:41,6520,1,62.6933779762,0.200223214286
2012-10-23 09:59:42,6521,1,62.9014136905,0.208035714286
2012-10-23 09:59:43,6522,1,63.0958333333,0.194419642857
2012-10-23 09:59:44,6523,1,63.2508184524,0.154985119048
2012-10-23 09:59:45,6524,1,63.3561755952,0.105357142857
2012-10-23 09:59:46,6525,1,63.4108630952,0.0546875
2012-10-23 09:59:47,6526,1,63.423139881,0.0122767857143
2012-10-23 09:59:48,6527,1,63.4501488095,0.0270089285714
2012-10-23 09:59:49,6528,1,63.5726190476,0.122470238095
2012-10-23 09:59:50,6529,1,63.7895833333,0.216964285714
2012-10-23 09:59:51,6530,1,64.0052827381,0.215699404762
2012-10-23 09:59:52,6531,1,64.1208333333,0.115550595238
2012-10-23 09:59:53,6532,1,64.1097470238,-0.0110863095238
2012-10-23 09:59:54,6533,1,64.0466517857,-0.0630952380952
2012-10-23 09:59:55,6534,1,64.0488095238,0.00215773809519
2012-10-23 09:59:56,6535,1,64.162797619,0.113988095238
2012-10-23 09:59:57,6536,1,64.3520833333,0.189285714286
2012-10-23 09:59:58,6537,1,64.5727678571,0.22068452381
2012-10-23 09:59:59,6538,1,64.7979910714,0.225223214286
2012-10-23 10:00:00,6539,1,64.9950892857,0.197098214286
2012-10-23 10:00:01,6540,1,65.1244791667,0.129389880952
2012-10-23 10:00:02,6541,1,65.1569196429,0.0324404761904
2012-10-23 10:00:03,6542,1,65.0876488095,-0.0692708333333
2012-10-23 10:00:04,6543,1,64.9361607143,-0.151488095238
2012-10-23 10:00:05,6544,1,64.7267857143,-0.209375
2012-10-23 10:00:06,6545,1,64.4749255952,-0.251860119048
2012-10-23 10:00:07,6546,1,64.1953125,-0.279613095238
2012-10-23 10:00:08,6547,1,63.9175595238,-0.27775297619
2012-10-23 10:00:09,6548,1,63.6945684524,-0.222991071429
2012-10-23 10:00:10,6549,1,63.5828869048,-0.111681547619
2012-10-23 10:00:11,6550,1,63.5954613095,0.0125744047619
2012-10-23 10:00:12,6551,1,63.6806547619,0.085193452381
2012-10-23 10:00:13,6552,1,63.7577380952,0.0770833333333
2012-10-23 10:00:14,6553,1,63.7703125,0.0125744047619
2012-10-23 10:00:15,6554,1,63.7151785714,-0.0551339285714
2012-10-23 10:00:16,6555,1,63.6423363095,-0.0728422619048
2012-10-23 10:00:17,6556,1,63.6296875,-0.0126488095238
2012-10-23 10:00:18,6557,1,63.7307291667,0.101041666667
2012-10-23 10:00:19,6558,1,63.9294642857,0.198735119048
2012-10-23 10:00:20,6559,1,64.1498511905,0.220386904762
2012-10-23 10:00:21,6560,1,64.3094494048,0.159598214286
2012-10-23 10:00:22,6561,1,64.3736607143,0.0642113095238
2012-10-23 10:00:23,6562,1,64.3712797619,-0.0023809523809
2012-10-23 10:00:24,6563,1,64.3524553571,-0.0188244047619
2012-10-23 10:00:25,6564,1,64.3392857143,-0.0131696428572
2012-10-23 10:00:26,6565,1,64.3279017857,-0.0113839285714
2012-10-23 10:00:27,6566,1,64.3089285714,-0.0189732142857
2012-10-23 10:00:28,6567,1,64.2597470238,-0.0491815476191
2012-10-23 10:00:29,6568,1,64.1398065476,-0.11994047619
2012-10-23 10:00:30,6569,1,63.9206845238,-0.21912202381
2012-10-23 10:00:31,6570,1,63.6175595238,-0.303125
2012-10-23 10:00:32,6571,1,63.289360119,-0.328199404762
2012-10-23 10:00:33,6572,1,63.0089285714,-0.280431547619
2012-10-23 10:00:34,6573,1,62.8140625,-0.194866071429
2012-10-23 10:00:35,6574,1,62.6848214286,-0.129241071429
2012-10-23 10:00:36,6575,1,62.5802083333,-0.104613095238
2012-10-23 10:00:37,6576,1,62.4801339286,-0.100074404762
2012-10-23 10:00:38,6577,1,62.3866071429,-0.0935267857143
2012-10-23 10:00:39,6578,1,62.3083333333,-0.0782738095238
2012-10-23 10:00:40,6579,1,62.2479910714,-0.0603422619047
2012-10-23 10:00:41,6580,1,62.1978422619,-0.0501488095238
2012-10-23 10:00:42,6581,1,62.1492559524,-0.0485863095238
2012-10-23 10:00:43,6582,1,62.0998511905,-0.0494047619048
2012-10-23 10:00:44,6583,1,62.0496279762,-0.0502232142857
2012-10-23 10:00:45,6584,1,61.9995535714,-0.0500744047619
2012-10-23 10:00:46,6585,1,61.9485119048,-0.0510416666667
2012-10-23 10:00:47,6586,1,61.8910714286,-0.0574404761905
2012-10-23 10:00:48,6587,1,61.8576636905,-0.0334077380952
2012-10-23 10:00:49,6588,1,61.9384672619,0.0808035714286
2012-10-23 10:00:50,6589,1,62.170610119,0.232142857143
2012-10-23 10:00:51,6590,1,62.4310267857,0.260416666667
2012-10-23 10:00:52,6591,1,62.5297619048,0.0987351190476
2012-10-23 10:00:53,6592,1,62.3686011905,-0.161160714286
2012-10-23 10:00:54,6593,1,62.0139880952,-0.354613095238
2012-10-23 10:00:55,6594,1,61.6611607143,-0.352827380952
2012-10-23 10:00:56,6595,1,61.4614583333,-0.199702380952
2012-10-23 10:00:57,6596,1,61.396875,-0.0645833333333
2012-10-23 10:00:58,6597,1,61.3769345238,-0.0199404761905
2012-10-23 10:00:59,6598,1,61.3675595238,-0.00937500000001
2012-10-23 10:01:00,6599,1,61.3921875,0.0246279761905
2012-10-23 10:01:01,6600,1,61.4890625,0.096875
2012-10-23 10:01:02,6601,1,61.6805803571,0.191517857143
2012-10-23 10:01:03,6602,1,61.9538690476,0.273288690476
2012-10-23 10:01:04,6603,1,62.2674107143,0.313541666667
2012-10-23 10:01:05,6604,1,62.5787946429,0.311383928571
2012-10-23 10:01:06,6605,1,62.8681547619,0.289360119048
2012-10-23 10:01:07,6606,1,63.1325892857,0.26443452381
2012-10-23 10:01:08,6607,1,63.3587797619,0.22619047619
2012-10-23 10:01:09,6608,1,63.5152529762,0.156473214286
2012-10-23 10:01:10,6609,1,63.5749255952,0.0596726190476
2012-10-23 10:01:11,6610,1,63.532514881,-0.0424107142857
2012-10-23 10:01:12,6611,1,63.399702381,-0.1328125
2012-10-23 10:01:13,6612,1,63.1924107143,-0.207291666667
2012-10-23 10:01:14,6613,1,62.9214285714,-0.270982142857
2012-10-23 10:01:15,6614,1,62.593452381,-0.327976190476
2012-10-23 10:01:16,6615,1,62.2223958333,-0.371056547619
2012-10-23 10:01:17,6616,1,61.8361607143,-0.386235119048
2012-10-23 10:01:18,6617,1,61.4747767857,-0.361383928571
2012-10-23 10:01:19,6618,1,61.1866071429,-0.288169642857
2012-10-23 10:01:20,6619,1,61.0140625,-0.172544642857
2012-10-23 10:01:21,6620,1,60.9675595238,-0.0465029761905
2012-10-23 10:01:22,6621,1,61.0171130952,0.0495535714286
2012-10-23 10:01:23,6622,1,61.1183779762,0.101264880952
2012-10-23 10:01:24,6623,1,61.2456845238,0.127306547619
2012-10-23 10:01:25,6624,1,61.4015625,0.15587797619
2012-10-23 10:01:26,6625,1,61.6014880952,0.199925595238
2012-10-23 10:01:27,6626,1,61.8454613095,0.243973214286
2012-10-23 10:01:28,6627,1,62.100297619,0.254836309524
2012-10-23 10:01:29,6628,1,62.3172619048,0.216964285714
2012-10-23 10:01:30,6629,1,62.4632440476,0.145982142857
2012-10-23 10:01:31,6630,1,62.5305803571,0.0673363095239
2012-10-23 10:01:32,6631,1,62.5380208333,0.0074404761904
2012-10-23 10:01:33,6632,1,62.5285714286,-0.0094494047619
2012-10-23 10:01:34,6633,1,62.5466517857,0.0180803571429
2012-10-23 10:01:35,6634,1,62.617485119,0.0708333333333
2012-10-23 10:01:36,6635,1,62.7485863095,0.131101190476
2012-10-23 10:01:37,6636,1,62.9320684524,0.183482142857
2012-10-23 10:01:38,6637,1,63.1485863095,0.216517857143
2012-10-23 10:01:39,6638,1,63.3813988095,0.2328125
2012-10-23 10:01:40,6639,1,63.6188244048,0.237425595238
2012-10-23 10:01:41,6640,1,63.8369791667,0.218154761905
2012-10-23 10:01:42,6641,1,63.9791666667,0.1421875
2012-10-23 10:01:43,6642,1,63.9594494048,-0.0197172619048
2012-10-23 10:01:44,6643,1,63.7208333333,-0.238616071429
2012-10-23 10:01:45,6644,1,63.3188988095,-0.40193452381
2012-10-23 10:01:46,6645,1,62.9354166667,-0.383482142857
2012-10-23 10:01:47,6646,1,62.7783482143,-0.157068452381
2012-10-23 10:01:48,6647,1,62.9462053571,0.167857142857
2012-10-23 10:01:49,6648,1,63.3741071429,0.427901785714
2012-10-23 10:01:50,6649,1,63.8973958333,0.523288690476
2012-10-23 10:01:51,6650,1,64.3628720238,0.465476190476
2012-10-23 10:01:52,6651,1,64.6941220238,0.33125
2012-10-23 10:01:53,6652,1,64.8858630952,0.191741071429
2012-10-23 10:01:54,6653,1,64.9651785714,0.0793154761905
2012-10-23 10:01:55,6654,1,64.9477678571,-0.0174107142857
2012-10-23 10:01:56,6655,1,64.8066220238,-0.141145833333
2012-10-23 10:01:57,6656,1,64.4892857143,-0.317336309524
2012-10-23 10:01:58,6657,1,63.9813988095,-0.507886904762
2012-10-23 10:01:59,6658,1,63.3503720238,-0.631026785714
2012-10-23 10:02:00,6659,1,62.722172619,-0.628199404762
2012-10-23 10:02:01,6660,1,62.2125,-0.509672619048
2012-10-23 10:02:02,6661,1,61.8705357143,-0.341964285714
2012-10-23 10:02:03,6662,1,61.6787202381,-0.19181547619
2012-10-23 10:02:04,6663,1,61.5961309524,-0.0825892857143
2012-10-23 10:02:05,6664,1,61.5966517857,0.000520833333397
2012-10-23 10:02:06,6665,1,61.6779761905,0.0813244047619
2012-10-23 10:02:07,6666,1,61.8494047619,0.171428571429
2012-10-23 10:02:08,6667,1,62.1087797619,0.259375
2012-10-23 10:02:09,6668,1,62.4205357143,0.311755952381
2012-10-23 10:02:10,6669,1,62.7135416667,0.293005952381
2012-10-23 10:02:11,6670,1,62.9090029762,0.195461309524
2012-10-23 10:02:12,6671,1,62.9547619048,0.0457589285714
2012-10-23 10:02:13,6672,1,62.8298363095,-0.124925595238
2012-10-23 10:02:14,6673,1,62.5265625,-0.303273809524
2012-10-23 10:02:15,6674,1,62.0350446429,-0.491517857143
2012-10-23 10:02:16,6675,1,61.3619047619,-0.673139880952
2012-10-23 10:02:17,6676,1,60.6083333333,-0.753571428572
2012-10-23 10:02:18,6677,1,59.9875744048,-0.620758928571
2012-10-23 10:02:19,6678,1,59.6769345238,-0.310639880952
2012-10-23 10:02:20,6679,1,59.6779017857,0.000967261904798
2012-10-23 10:02:21,6680,1,59.8400297619,0.162127976191
2012-10-23 10:02:22,6681,1,59.9796130952,0.139583333333
2012-10-23 10:02:23,6682,1,60.0099702381,0.0303571428571
2012-10-23 10:02:24,6683,1,59.976264881,-0.0337053571428
2012-10-23 10:02:25,6684,1,59.9396577381,-0.0366071428572
2012-10-23 10:02:26,6685,1,59.8824404762,-0.0572172619047
2012-10-23 10:02:27,6686,1,59.7404761905,-0.141964285714
2012-10-23 10:02:28,6687,1,59.4517113095,-0.288764880952
2012-10-23 10:02:29,6688,1,58.9732886905,-0.478422619048
2012-10-23 10:02:30,6689,1,58.3144345238,-0.658854166667
2012-10-23 10:02:31,6690,1,57.5702380952,-0.744196428571
2012-10-23 10:02:32,6691,1,56.9084077381,-0.661830357143
2012-10-23 10:02:33,6692,1,56.501860119,-0.406547619048
2012-10-23 10:02:34,6693,1,56.4447916667,-0.0570684523809
2012-10-23 10:02:35,6694,1,56.6955357143,0.250744047619
2012-10-23 10:02:36,6695,1,57.0724702381,0.37693452381
2012-10-23 10:02:37,6696,1,57.326264881,0.253794642857
2012-10-23 10:02:38,6697,1,57.2636160714,-0.0626488095238
2012-10-23 10:02:39,6698,1,56.8334077381,-0.430208333333
2012-10-23 10:02:40,6699,1,56.1228422619,-0.71056547619
2012-10-23 10:02:41,6700,1,55.2802827381,-0.84255952381
2012-10-23 10:02:42,6701,1,54.4162946429,-0.863988095238
2012-10-23 10:02:43,6702,1,53.5656994048,-0.850595238095
2012-10-23 10:02:44,6703,1,52.7455357143,-0.820163690476
2012-10-23 10:02:45,6704,1,52.0287946429,-0.716741071429
2012-10-23 10:02:46,6705,1,51.5461309524,-0.482663690476
2012-10-23 10:02:47,6706,1,51.4305803571,-0.115550595238
2012-10-23 10:02:48,6707,1,51.7567708333,0.32619047619
2012-10-23 10:02:49,6708,1,52.4756696429,0.718898809524
2012-10-23 10:02:50,6709,1,53.3840029762,0.908333333333
2012-10-23 10:02:51,6710,1,54.2193452381,0.835342261905
2012-10-23 10:02:52,6711,1,54.8204613095,0.601116071429
2012-10-23 10:02:53,6712,1,55.1947172619,0.374255952381
2012-10-23 10:02:54,6713,1,55.4726934524,0.277976190476
2012-10-23 10:02:55,6714,1,55.7977678571,0.325074404762
2012-10-23 10:02:56,6715,1,56.2157738095,0.418005952381
2012-10-23 10:02:57,6716,1,56.6797619048,0.463988095238
2012-10-23 10:02:58,6717,1,57.1305803571,0.450818452381
2012-10-23 10:02:59,6718,1,57.5113839286,0.380803571429
2012-10-23 10:03:00,6719,1,57.755952381,0.244568452381
2012-10-23 10:03:01,6720,1,57.8306547619,0.0747023809524
2012-10-23 10:03:02,6721,1,57.7683035714,-0.0623511904762
2012-10-23 10:03:03,6722,1,57.6450892857,-0.123214285714
2012-10-23 10:03:04,6723,1,57.5287946429,-0.116294642857
2012-10-23 10:03:05,6724,1,57.4390625,-0.0897321428571
2012-10-23 10:03:06,6725,1,57.3527529762,-0.0863095238095
2012-10-23 10:03:07,6726,1,57.2339285714,-0.118824404762
2012-10-23 10:03:08,6727,1,57.0371279762,-0.196800595238
2012-10-23 10:03:09,6728,1,56.6959821429,-0.341145833333
2012-10-23 10:03:10,6729,1,56.142485119,-0.553497023809
2012-10-23 10:03:11,6730,1,55.350297619,-0.7921875
2012-10-23 10:03:12,6731,1,54.3635416667,-0.986755952381
2012-10-23 10:03:13,6732,1,53.2936011905,-1.06994047619
2012-10-23 10:03:14,6733,1,52.2874255952,-1.00617559524
2012-10-23 10:03:15,6734,1,51.4753720238,-0.812053571429
2012-10-23 10:03:16,6735,1,50.9140625,-0.561309523809
2012-10-23 10:03:17,6736,1,50.5515625,-0.3625
2012-10-23 10:03:18,6737,1,50.2415178571,-0.310044642857
2012-10-23 10:03:19,6738,1,49.8116071429,-0.429910714286
2012-10-23 10:03:20,6739,1,49.150297619,-0.661309523809
2012-10-23 10:03:21,6740,1,48.2502232143,-0.900074404762
2012-10-23 10:03:22,6741,1,47.1873511905,-1.06287202381
2012-10-23 10:03:23,6742,1,46.0719494048,-1.11540178571
2012-10-23 10:03:24,6743,1,45.0063244048,-1.065625
2012-10-23 10:03:25,6744,1,44.0703869048,-0.9359375
2012-10-23 10:03:26,6745,1,43.3424107143,-0.727976190476
2012-10-23 10:03:27,6746,1,42.9009672619,-0.441443452381
2012-10-23 10:03:28,6747,1,42.7353422619,-0.165625
2012-10-23 10:03:29,6748,1,42.6110863095,-0.124255952381
2012-10-23 10:03:30,6749,1,42.067485119,-0.543601190476
2012-10-23 10:03:31,6750,1,40.6566220238,-1.41086309524
2012-10-23 10:03:32,6751,1,38.2714285714,-2.38519345238
2012-10-23 10:03:33,6752,1,35.2678571429,-3.00357142857
2012-10-23 10:03:34,6753,1,32.2770833333,-2.99077380952
2012-10-23 10:03:35,6754,1,29.8677827381,-2.40930059524
2012-10-23 10:03:36,6755,1,28.2974702381,-1.5703125
2012-10-23 10:03:37,6756,1,27.4994791667,-0.797991071429
2012-10-23 10:03:38,6757,1,27.2369791667,-0.2625
2012-10-23 10:03:39,6758,1,27.2436011905,0.0066220238095
2012-10-23 10:03:40,6759,1,27.3009672619,0.0573660714286
2012-10-23 10:03:41,6760,1,27.2922619048,-0.0087053571429
2012-10-23 10:03:42,6761,1,27.2224702381,-0.0697916666667
2012-10-23 10:03:43,6762,1,27.1952380952,-0.0272321428571
2012-10-23 10:03:44,6763,1,27.3558035714,0.16056547619
2012-10-23 10:03:45,6764,1,27.7992559524,0.443452380952
2012-10-23 10:03:46,6765,1,28.4699404762,0.67068452381
2012-10-23 10:03:47,6766,1,29.1302827381,0.660342261905
2012-10-23 10:03:48,6767,1,29.4647321429,0.334449404762
2012-10-23 10:03:49,6768,1,29.2625,-0.202232142857
2012-10-23 10:03:50,6769,1,28.5350446429,-0.727455357143
2012-10-23 10:03:51,6770,1,27.4968005952,-1.03824404762
2012-10-23 10:03:52,6771,1,26.4564732143,-1.04032738095
2012-10-23 10:03:53,6772,1,25.7130208333,-0.743452380952
2012-10-23 10:03:54,6773,1,25.504985119,-0.208035714286
2012-10-23 10:03:55,6774,1,25.9743303571,0.469345238095
2012-10-23 10:03:56,6775,1,27.1259672619,1.15163690476
2012-10-23 10:03:57,6776,1,28.8631696429,1.73720238095
2012-10-23 10:03:58,6777,1,31.0735119048,2.2103422619
2012-10-23 10:03:59,6778,1,33.5729910714,2.49947916667
2012-10-23 10:04:00,6779,1,35.9888392857,2.41584821429
2012-10-23 10:04:01,6780,1,37.8930803571,1.90424107143
2012-10-23 10:04:02,6781,1,39.0758928571,1.1828125
2012-10-23 10:04:03,6782,1,39.6354910714,0.559598214286
2012-10-23 10:04:04,6783,1,39.8697172619,0.234226190476
2012-10-23 10:04:05,6784,1,40.036235119,0.166517857143
2012-10-23 10:04:06,6785,1,40.1635416667,0.127306547619
2012-10-23 10:04:07,6786,1,40.1766369048,0.0130952380952
2012-10-23 10:04:08,6787,1,40.1154017857,-0.0612351190476
2012-10-23 10:04:09,6788,1,40.0933035714,-0.0220982142857
2012-10-23 10:04:10,6789,1,40.1613095238,0.0680059523809
2012-10-23 10:04:11,6790,1,40.3040922619,0.142782738095
2012-10-23 10:04:12,6791,1,40.4787946429,0.174702380952
2012-10-23 10:04:13,6792,1,40.621577381,0.142782738095
2012-10-23 10:04:14,6793,1,40.6722470238,0.0506696428571
2012-10-23 10:04:15,6794,1,40.6099702381,-0.0622767857143
2012-10-23 10:04:16,6795,1,40.45625,-0.153720238095
2012-10-23 10:04:17,6796,1,40.2514880952,-0.204761904762
2012-10-23 10:04:18,6797,1,40.0142857143,-0.237202380952
2012-10-23 10:04:19,6798,1,39.7058779762,-0.308407738095
2012-10-23 10:04:20,6799,1,39.2551339286,-0.450744047619
2012-10-23 10:04:21,6800,1,38.6264136905,-0.628720238095
2012-10-23 10:04:22,6801,1,37.8473214286,-0.779092261905
2012-10-23 10:04:23,6802,1,36.9829613095,-0.864360119048
2012-10-23 10:04:24,6803,1,36.1100446429,-0.872916666667
2012-10-23 10:04:25,6804,1,35.3129464286,-0.797098214286
2012-10-23 10:04:26,6805,1,34.6770833333,-0.635863095238
2012-10-23 10:04:27,6806,1,34.2640625,-0.413020833333
2012-10-23 10:04:28,6807,1,34.0863095238,-0.177752976191
2012-10-23 10:04:29,6808,1,34.10625,0.0199404761905
2012-10-23 10:04:30,6809,1,34.2667410714,0.160491071429
2012-10-23 10:04:31,6810,1,34.5276041667,0.260863095238
2012-10-23 10:04:32,6811,1,34.8714285714,0.343824404762
2012-10-23 10:04:33,6812,1,35.2758184524,0.404389880952
2012-10-23 10:04:34,6813,1,35.6832589286,0.40744047619
2012-10-23 10:04:35,6814,1,36.0067708333,0.323511904762
2012-10-23 10:04:36,6815,1,36.1808779762,0.174107142857
2012-10-23 10:04:37,6816,1,36.2006696429,0.0197916666666
2012-10-23 10:04:38,6817,1,36.0965029762,-0.104166666667
2012-10-23 10:04:39,6818,1,35.8831845238,-0.213318452381
2012-10-23 10:04:40,6819,1,35.5411458333,-0.342038690476
2012-10-23 10:04:41,6820,1,35.0415922619,-0.499553571428
2012-10-23 10:04:42,6821,1,34.4021577381,-0.63943452381
2012-10-23 10:04:43,6822,1,33.7177083333,-0.684449404762
2012-10-23 10:04:44,6823,1,33.1152529762,-0.602455357143
2012-10-23 10:04:45,6824,1,32.678125,-0.43712797619
2012-10-23 10:04:46,6825,1,32.414360119,-0.263764880952
2012-10-23 10:04:47,6826,1,32.2680803571,-0.146279761905
2012-10-23 10:04:48,6827,1,32.1436011905,-0.124479166667
2012-10-23 10:04:49,6828,1,31.9436755952,-0.199925595238
2012-10-23 10:04:50,6829,1,31.6131696429,-0.330505952381
2012-10-23 10:04:51,6830,1,31.1561011905,-0.457068452381
2012-10-23 10:04:52,6831,1,30.6192708333,-0.536830357143
2012-10-23 10:04:53,6832,1,30.0605654762,-0.558705357143
2012-10-23 10:04:54,6833,1,29.5193452381,-0.541220238095
2012-10-23 10:04:55,6834,1,29.0057291667,-0.513616071429
2012-10-23 10:04:56,6835,1,28.509077381,-0.496651785714
2012-10-23 10:04:57,6836,1,27.9988095238,-0.510267857143
2012-10-23 10:04:58,6837,1,27.4078125,-0.590997023809
2012-10-23 10:04:59,6838,1,26.6454613095,-0.762351190476
2012-10-23 10:05:00,6839,1,25.676860119,-0.968601190476
2012-10-23 10:05:01,6840,1,24.6079613095,-1.06889880952
2012-10-23 10:05:02,6841,1,23.680952381,-0.927008928571
2012-10-23 10:05:03,6842,1,23.1494047619,-0.531547619048
2012-10-23 10:05:04,6843,1,23.0988095238,-0.0505952380953
2012-10-23 10:05:05,6844,1,23.3699404762,0.271130952381
2012-10-23 10:05:06,6845,1,23.6796875,0.309747023809
2012-10-23 10:05:07,6846,1,23.8121279762,0.13244047619
2012-10-23 10:05:08,6847,1,23.6830357143,-0.129092261905
2012-10-23 10:05:09,6848,1,23.2532738095,-0.429761904762
2012-10-23 10:05:10,6849,1,22.4432291667,-0.810044642857
2012-10-23 10:05:11,6850,1,21.1907738095,-1.25245535714
2012-10-23 10:05:12,6851,1,19.6011904762,-1.58958333333
2012-10-23 10:05:13,6852,1,17.9748511905,-1.62633928571
2012-10-23 10:05:14,6853,1,16.6023065476,-1.37254464286
2012-10-23 10:05:15,6854,1,15.5136904762,-1.08861607143
2012-10-23 10:05:16,6855,1,14.4685267857,-1.04516369048
2012-10-23 10:05:17,6856,1,13.1921130952,-1.27641369048
2012-10-23 10:05:18,6857,1,11.596875,-1.59523809524
2012-10-23 10:05:19,6858,1,9.80915178571,-1.78772321429
2012-10-23 10:05:20,6859,1,8.06004464286,-1.74910714286
2012-10-23 10:05:21,6860,1,6.60751488095,-1.4525297619
2012-10-23 10:05:22,6861,1,5.74055059524,-0.866964285714
2012-10-23 10:05:23,6862,1,5.72663690476,-0.0139136904762
2012-10-23 10:05:24,6863,1,6.61956845238,0.892931547619
2012-10-23 10:05:25,6864,1,8.09568452381,1.47611607143
2012-10-23 10:05:26,6865,1,9.53735119048,1.44166666667
2012-10-23 10:05:27,6866,1,10.3539434524,0.816592261905
2012-10-23 10:05:28,6867,1,10.3115327381,-0.0424107142858
2012-10-23 10:05:29,6868,1,9.64084821429,-0.670684523809
2012-10-23 10:05:30,6869,1,8.85498511905,-0.785863095238
2012-10-23 10:05:31,6870,1,8.40186011905,-0.453125
2012-10-23 10:05:32,6871,1,8.41108630952,0.00922619047619
2012-10-23 10:05:33,6872,1,8.7255952381,0.314508928571
2012-10-23 10:05:34,6873,1,9.14107142857,0.415476190476
2012-10-23 10:05:35,6874,1,9.59709821429,0.456026785714
2012-10-23 10:05:36,6875,1,10.1275297619,0.530431547619
2012-10-23 10:05:37,6876,1,10.6270833333,0.499553571428
2012-10-23 10:05:38,6877,1,10.758110119,0.131026785714
2012-10-23 10:05:39,6878,1,10.2212797619,-0.536830357143
2012-10-23 10:05:40,6879,1,9.12901785714,-1.09226190476
2012-10-23 10:05:41,6880,1,8.03660714286,-1.09241071429
2012-10-23 10:05:42,6881,1,7.59412202381,-0.442485119048
2012-10-23 10:05:43,6882,1,8.17239583333,0.578273809524
2012-10-23 10:05:44,6883,1,9.73913690476,1.56674107143
2012-10-23 10:05:45,6884,1,11.9605654762,2.22142857143
2012-10-23 10:05:46,6885,1,14.348735119,2.38816964286
2012-10-23 10:05:47,6886,1,16.3626488095,2.01391369048
2012-10-23 10:05:48,6887,1,17.5191964286,1.15654761905
2012-10-23 10:05:49,6888,1,17.5287946429,0.0095982142857
2012-10-23 10:05:50,6889,1,16.342485119,-1.18630952381
2012-10-23 10:05:51,6890,1,14.1149553571,-2.2275297619
2012-10-23 10:05:52,6891,1,11.2625744048,-2.85238095238
2012-10-23 10:05:53,6892,1,8.55483630952,-2.70773809524
2012-10-23 10:05:54,6893,1,6.91793154762,-1.6369047619
2012-10-23 10:05:55,6894,1,6.96599702381,0.0480654761905
2012-10-23 10:05:56,6895,1,8.66532738095,1.69933035714
2012-10-23 10:05:57,6896,1,11.3928571429,2.7275297619
2012-10-23 10:05:58,6897,1,14.3254464286,2.93258928571
2012-10-23 10:05:59,6898,1,16.8636160714,2.53816964286
2012-10-23 10:06:00,6899,1,18.783110119,1.91949404762
2012-10-23 10:06:01,6900,1,20.099702381,1.3165922619
2012-10-23 10:06:02,6901,1,20.7933035714,0.693601190476
2012-10-23 10:06:03,6902,1,20.567125496,-0.226178075397
2012-10-23 10:06:04,6903,1,18.967640129,-1.59948536706
2012-10-23 10:06:05,6904,1,15.90390625,-3.06373387897
2012-10-23 10:06:06,6905,1,12.0072110615,-3.89669518849
2012-10-23 10:06:07,6906,1,8.37442956349,-3.63278149802
2012-10-23 10:06:08,6907,1,5.88444940476,-2.48998015873
2012-10-23 10:06:09,6908,1,4.67867063492,-1.20577876984
2012-10-23 10:06:10,6909,1,4.27313368056,-0.405536954365
2012-10-23 10:06:11,6910,1,4.11707589286,-0.156057787698
2012-10-23 10:06:12,6911,1,3.95417286706,-0.162903025794
2012-10-23 10:06:13,6912,1,3.75730406746,-0.196868799603
2012-10-23 10:06:14,6913,1,3.55,-0.20730406746
2012-10-23 10:06:15,6914,1,3.34477926587,-0.205220734127
2012-10-23 10:06:16,6915,1,3.15014260913,-0.194636656746
2012-10-23 10:06:17,6916,1,2.9451264881,-0.205016121032
2012-10-23 10:06:18,6917,1,2.62605406746,-0.319072420635
2012-10-23 10:06:19,6918,1,2.06170634921,-0.564347718254
2012-10-23 10:06:20,6919,1,1.3279203869,-0.733785962302
2012-10-23 10:06:21,6920,1,0.0,-1.3279203869
2012-10-23 10:07:53,7012,92,0.0,0.0
2012-10-23 10:07:54,7013,1,2.7720610119,2.7720610119
2012-10-23 10:07:55,7014,1,4.95974702381,2.1876860119
2012-10-23 10:07:56,7015,1,7.43861607143,2.47886904762
2012-10-23 10:07:57,7016,1,10.0447172619,2.60610119048
2012-10-23 10:07:58,7017,1,12.7275297619,2.6828125
2012-10-23 10:07:59,7018,1,15.2753720238,2.5478422619
2012-10-23 10:08:00,7019,1,17.3264136905,2.05104166667
2012-10-23 10:08:01,7020,1,18.6002232143,1.27380952381
2012-10-23 10:08:02,7021,1,19.0927083333,0.492485119048
2012-10-23 10:08:03,7022,1,19.0941220238,0.0014136904762
2012-10-23 10:08:04,7023,1,19.0099702381,-0.0841517857143
2012-10-23 10:08:05,7024,1,19.1244047619,0.11443452381
2012-10-23 10:08:06,7025,1,19.4761160714,0.351711309524
2012-10-23 10:08:07,7026,1,19.8514880952,0.37537202381
2012-10-23 10:08:08,7027,1,19.8603422619,0.0088541666667
2012-10-23 10:08:09,7028,1,19.0892857143,-0.771056547619
2012-10-23 10:08:10,7029,1,17.2713541667,-1.81793154762
2012-10-23 10:08:11,7030,1,14.4290922619,-2.84226190476
2012-10-23 10:08:12,7031,1,10.999702381,-3.42938988095
2012-10-23 10:08:13,7032,1,7.84501488095,-3.1546875
2012-10-23 10:08:14,7033,1,5.97313988095,-1.871875
2012-10-23 10:08:15,7034,1,6.05654761905,0.0834077380952
2012-10-23 10:08:16,7035,1,8.11755952381,2.06101190476
2012-10-23 10:08:17,7036,1,11.5976190476,3.48005952381
2012-10-23 10:08:18,7037,1,15.6909970238,4.09337797619
2012-10-23 10:08:19,7038,1,19.6811755952,3.99017857143
2012-10-23 10:08:20,7039,1,23.0558779762,3.37470238095
2012-10-23 10:08:21,7040,1,25.4328869048,2.37700892857
2012-10-23 10:08:22,7041,1,26.5364583333,1.10357142857
2012-10-23 10:08:23,7042,1,26.2633184524,-0.273139880952
2012-10-23 10:08:24,7043,1,24.7186011905,-1.5447172619
2012-10-23 10:08:25,7044,1,22.2408482143,-2.47775297619
2012-10-23 10:08:26,7045,1,19.4126488095,-2.82819940476
2012-10-23 10:08:27,7046,1,16.9672619048,-2.44538690476
2012-10-23 10:08:28,7047,1,15.595610119,-1.37165178571
2012-10-23 10:08:29,7048,1,15.6874255952,0.0918154761905
2012-10-23 10:08:30,7049,1,17.0916666667,1.40424107143
2012-10-23 10:08:31,7050,1,19.1024553571,2.01078869048
2012-10-23 10:08:32,7051,1,20.7438988095,1.64144345238
2012-10-23 10:08:33,7052,1,21.1836309524,0.439732142857
2012-10-23 10:08:34,7053,1,20.064360119,-1.11927083333
2012-10-23 10:08:35,7054,1,17.6220982143,-2.44226190476
2012-10-23 10:08:36,7055,1,14.5462797619,-3.07581845238
2012-10-23 10:08:37,7056,1,11.6540178571,-2.89226190476
2012-10-23 10:08:38,7057,1,9.5693452381,-2.08467261905
2012-10-23 10:08:39,7058,1,8.55625,-1.0130952381
2012-10-23 10:08:40,7059,1,8.48794642857,-0.0683035714286
2012-10-23 10:08:41,7060,1,8.92157738095,0.433630952381
2012-10-23 10:08:42,7061,1,9.29955357143,0.377976190476
2012-10-23 10:08:43,7062,1,9.19970238095,-0.0998511904762
2012-10-23 10:08:44,7063,1,8.48273809524,-0.716964285714
2012-10-23 10:08:45,7064,1,7.25424107143,-1.22849702381
2012-10-23 10:08:46,7065,1,5.69322916667,-1.56101190476
2012-10-23 10:08:47,7066,1,3.9521577381,-1.74107142857
2012-10-23 10:08:48,7067,1,2.28206845238,-1.67008928571
2012-10-23 10:08:49,7068,1,0.0,-2.28206845238
2012-10-23 10:20:58,7797,729,0.0,0.0
2012-10-23 10:20:59,7798,1,1.36875,1.36875
2012-10-23 10:21:00,7799,1,1.96019345238,0.591443452381
2012-10-23 10:21:01,7800,1,2.43277529762,0.472581845238
2012-10-23 10:21:02,7801,1,3.12462797619,0.691852678571
2012-10-23 10:21:03,7802,1,4.39534970238,1.27072172619
2012-10-23 10:21:04,7803,1,6.0943452381,1.69899553571
2012-10-23 10:21:05,7804,1,7.68735119048,1.59300595238
2012-10-23 10:21:06,7805,1,8.76376488095,1.07641369048
2012-10-23 10:21:07,7806,1,9.36573660714,0.60197172619
2012-10-23 10:21:08,7807,1,9.8318452381,0.466108630952
2012-10-23 10:21:09,7808,1,10.3491815476,0.517336309524
2012-10-23 10:21:10,7809,1,10.7654761905,0.416294642857
2012-10-23 10:21:11,7810,1,10.8321428571,0.0666666666667
2012-10-23 10:21:12,7811,1,10.5079613095,-0.324181547619
2012-10-23 10:21:13,7812,1,10.025,-0.482961309524
2012-10-23 10:21:14,7813,1,9.73898809524,-0.286011904762
2012-10-23 10:21:15,7814,1,9.91741071429,0.178422619048
2012-10-23 10:21:16,7815,1,10.5892857143,0.671875
2012-10-23 10:21:17,7816,1,11.5002232143,0.9109375
2012-10-23 10:21:18,7817,1,12.183110119,0.682886904762
2012-10-23 10:21:19,7818,1,12.1723214286,-0.0107886904762
2012-10-23 10:21:20,7819,1,11.3242559524,-0.84806547619
2012-10-23 10:21:21,7820,1,10.0098214286,-1.31443452381
2012-10-23 10:21:22,7821,1,8.95111607143,-1.05870535714
2012-10-23 10:21:23,7822,1,8.84129464286,-0.109821428571
2012-10-23 10:21:24,7823,1,10.0603422619,1.21904761905
2012-10-23 10:21:25,7824,1,12.6009672619,2.540625
2012-10-23 10:21:26,7825,1,16.1832589286,3.58229166667
2012-10-23 10:21:27,7826,1,20.4503720238,4.26711309524
2012-10-23 10:21:28,7827,1,25.0580357143,4.60766369048
2012-10-23 10:21:29,7828,1,29.6247767857,4.56674107143
2012-10-23 10:21:30,7829,1,33.6886160714,4.06383928571
2012-10-23 10:21:31,7830,1,36.7802083333,3.0915922619
2012-10-23 10:21:32,7831,1,38.590327381,1.81011904762
2012-10-23 10:21:33,7832,1,39.1015625,0.511235119048
2012-10-23 10:21:34,7833,1,38.5743303571,-0.527232142857
2012-10-23 10:21:35,7834,1,37.4213541667,-1.15297619048
2012-10-23 10:21:36,7835,1,36.0880952381,-1.33325892857
2012-10-23 10:21:37,7836,1,34.9920386905,-1.09605654762
2012-10-23 10:21:38,7837,1,34.4666666667,-0.52537202381
2012-10-23 10:21:39,7838,1,34.6614583333,0.194791666667
2012-10-23 10:21:40,7839,1,35.4729166667,0.811458333333
2012-10-23 10:21:41,7840,1,36.6230654762,1.15014880952
2012-10-23 10:21:42,7841,1,37.8347470238,1.21168154762
2012-10-23 10:21:43,7842,1,38.9204613095,1.08571428571
2012-10-23 10:21:44,7843,1,39.7623511905,0.841889880952
2012-10-23 10:21:45,7844,1,40.3241071429,0.561755952381
2012-10-23 10:21:46,7845,1,40.6816964286,0.357589285714
2012-10-23 10:21:47,7846,1,40.9209077381,0.239211309524
2012-10-23 10:21:48,7847,1,40.93125,0.0103422619048
2012-10-23 10:21:49,7848,1,40.3261160714,-0.605133928571
2012-10-23 10:21:50,7849,1,38.627827381,-1.69828869048
2012-10-23 10:21:51,7850,1,35.5998511905,-3.02797619048
2012-10-23 10:21:52,7851,1,31.4688988095,-4.13095238095
2012-10-23 10:21:53,7852,1,26.8767113095,-4.5921875
2012-10-23 10:21:54,7853,1,22.6370535714,-4.2396577381
2012-10-23 10:21:55,7854,1,19.4912946429,-3.14575892857
2012-10-23 10:21:56,7855,1,17.9448660714,-1.54642857143
2012-10-23 10:21:57,7856,1,18.1630208333,0.218154761905
2012-10-23 10:21:58,7857,1,19.923735119,1.76071428571
2012-10-23 10:21:59,7858,1,22.634672619,2.7109375
2012-10-23 10:22:00,7859,1,25.4396577381,2.80498511905
2012-10-23 10:22:01,7860,1,27.4304315476,1.99077380952
2012-10-23 10:22:02,7861,1,27.8642857143,0.433854166667
2012-10-23 10:22:03,7862,1,26.2980654762,-1.5662202381
2012-10-23 10:22:04,7863,1,22.7261160714,-3.57194940476
2012-10-23 10:22:05,7864,1,17.7960565476,-4.93005952381
2012-10-23 10:22:06,7865,1,12.8728422619,-4.92321428571
2012-10-23 10:22:07,7866,1,9.60290178571,-3.26994047619
2012-10-23 10:22:08,7867,1,9.08742559524,-0.515476190476
2012-10-23 10:22:09,7868,1,11.2964285714,2.20900297619
2012-10-23 10:22:10,7869,1,15.2154761905,3.91904761905
2012-10-23 10:22:11,7870,1,19.5770089286,4.3615327381
2012-10-23 10:22:12,7871,1,23.5374255952,3.96041666667
2012-10-23 10:22:13,7872,1,26.7784970238,3.24107142857
2012-10-23 10:22:14,7873,1,29.1552083333,2.37671130952
2012-10-23 10:22:15,7874,1,30.4220982143,1.26688988095
2012-10-23 10:22:16,7875,1,30.2726190476,-0.149479166667
2012-10-23 10:22:17,7876,1,28.4824404762,-1.79017857143
2012-10-23 10:22:18,7877,1,25.0122767857,-3.47016369048
2012-10-23 10:22:19,7878,1,20.1942708333,-4.81800595238
2012-10-23 10:22:20,7879,1,14.9534970238,-5.24077380952
2012-10-23 10:22:21,7880,1,10.6831845238,-4.2703125
2012-10-23 10:22:22,7881,1,8.63519345238,-2.04799107143
2012-10-23 10:22:23,7882,1,9.25736607143,0.622172619048
2012-10-23 10:22:24,7883,1,12.0135416667,2.75617559524
2012-10-23 10:22:25,7884,1,15.808110119,3.79456845238
2012-10-23 10:22:26,7885,1,19.6369791667,3.82886904762
2012-10-23 10:22:27,7886,1,22.9165922619,3.27961309524
2012-10-23 10:22:28,7887,1,25.3697916667,2.45319940476
2012-10-23 10:22:29,7888,1,26.8486607143,1.47886904762
2012-10-23 10:22:30,7889,1,27.3301339286,0.481473214286
2012-10-23 10:22:31,7890,1,26.9229166667,-0.407217261905
2012-10-23 10:22:32,7891,1,25.7158482143,-1.20706845238
2012-10-23 10:22:33,7892,1,23.5801339286,-2.13571428571
2012-10-23 10:22:34,7893,1,20.283110119,-3.29702380952
2012-10-23 10:22:35,7894,1,16.0195684524,-4.26354166667
2012-10-23 10:22:36,7895,1,11.7773809524,-4.2421875
2012-10-23 10:22:37,7896,1,8.95520833333,-2.82217261905
2012-10-23 10:22:38,7897,1,8.52589285714,-0.42931547619
2012-10-23 10:22:39,7898,1,10.4965029762,1.97061011905
2012-10-23 10:22:40,7899,1,14.0674107143,3.5709077381
2012-10-23 10:22:41,7900,1,18.3002232143,4.2328125
2012-10-23 10:22:42,7901,1,22.6316964286,4.33147321429
2012-10-23 10:22:43,7902,1,26.7842261905,4.1525297619
2012-10-23 10:22:44,7903,1,30.4292410714,3.64501488095
2012-10-23 10:22:45,7904,1,33.159077381,2.72983630952
2012-10-23 10:22:46,7905,1,34.733110119,1.5740327381
2012-10-23 10:22:47,7906,1,35.2277529762,0.494642857143
2012-10-23 10:22:48,7907,1,34.9257440476,-0.302008928572
2012-10-23 10:22:49,7908,1,34.0508184524,-0.874925595238
2012-10-23 10:22:50,7909,1,32.562202381,-1.48861607143
2012-10-23 10:22:51,7910,1,30.1552083333,-2.40699404762
2012-10-23 10:22:52,7911,1,26.4924107143,-3.66279761905
2012-10-23 10:22:53,7912,1,21.639360119,-4.85305059524
2012-10-23 10:22:54,7913,1,16.4581845238,-5.18117559524
2012-10-23 10:22:55,7914,1,12.4549107143,-4.00327380952
2012-10-23 10:22:56,7915,1,10.9805059524,-1.4744047619
2012-10-23 10:22:57,7916,1,12.4156994048,1.43519345238
2012-10-23 10:22:58,7917,1,16.0050595238,3.58936011905
2012-10-23 10:22:59,7918,1,20.4355654762,4.43050595238
2012-10-23 10:23:00,7919,1,24.6728422619,4.23727678571
2012-10-23 10:23:01,7920,1,28.3536458333,3.68080357143
2012-10-23 10:23:02,7921,1,31.534375,3.18072916667
2012-10-23 10:23:03,7922,1,34.2849702381,2.7505952381
2012-10-23 10:23:04,7923,1,36.5709077381,2.2859375
2012-10-23 10:23:05,7924,1,38.356547619,1.78563988095
2012-10-23 10:23:06,7925,1,39.6816964286,1.32514880952
2012-10-23 10:23:07,7926,1,40.630952381,0.949255952381
2012-10-23 10:23:08,7927,1,41.2602678571,0.62931547619
2012-10-23 10:23:09,7928,1,41.559672619,0.299404761905
2012-10-23 10:23:10,7929,1,41.4921130952,-0.0675595238095
2012-10-23 10:23:11,7930,1,41.0760416667,-0.416071428571
2012-10-23 10:23:12,7931,1,40.4185267857,-0.657514880952
2012-10-23 10:23:13,7932,1,39.6590029762,-0.759523809524
2012-10-23 10:23:14,7933,1,38.8941964286,-0.764806547619
2012-10-23 10:23:15,7934,1,38.1584821429,-0.735714285714
2012-10-23 10:23:16,7935,1,37.4348958333,-0.723586309524
2012-10-23 10:23:17,7936,1,36.6276785714,-0.807217261905
2012-10-23 10:23:18,7937,1,35.5126488095,-1.1150297619
2012-10-23 10:23:19,7938,1,33.7561011905,-1.75654761905
2012-10-23 10:23:20,7939,1,31.011235119,-2.74486607143
2012-10-23 10:23:21,7940,1,27.039360119,-3.971875
2012-10-23 10:23:22,7941,1,21.9180059524,-5.12135416667
2012-10-23 10:23:23,7942,1,16.3359375,-5.58206845238
2012-10-23 10:23:24,7943,1,11.6226190476,-4.71331845238
2012-10-23 10:23:25,7944,1,9.20803571429,-2.41458333333
2012-10-23 10:23:26,7945,1,9.82313988095,0.615104166667
2012-10-23 10:23:27,7946,1,13.0844494048,3.26130952381
2012-10-23 10:23:28,7947,1,17.7919642857,4.70751488095
2012-10-23 10:23:29,7948,1,22.6909970238,4.8990327381
2012-10-23 10:23:30,7949,1,27.0504464286,4.35944940476
2012-10-23 10:23:31,7950,1,30.6510416667,3.6005952381
2012-10-23 10:23:32,7951,1,33.4527529762,2.80171130952
2012-10-23 10:23:33,7952,1,35.4113095238,1.95855654762
2012-10-23 10:23:34,7953,1,36.5235119048,1.11220238095
2012-10-23 10:23:35,7954,1,36.9091517857,0.385639880952
2012-10-23 10:23:36,7955,1,36.8116071429,-0.0975446428572
2012-10-23 10:23:37,7956,1,36.5301339286,-0.281473214286
2012-10-23 10:23:38,7957,1,36.3323660714,-0.197767857143
2012-10-23 10:23:39,7958,1,36.3828869048,0.0505208333333
2012-10-23 10:23:40,7959,1,36.715625,0.332738095238
2012-10-23 10:23:41,7960,1,37.25625,0.540625
2012-10-23 10:23:42,7961,1,37.8602678571,0.604017857143
2012-10-23 10:23:43,7962,1,38.3388392857,0.478571428571
2012-10-23 10:23:44,7963,1,38.4797619048,0.140922619048
2012-10-23 10:23:45,7964,1,38.0779761905,-0.401785714286
2012-10-23 10:23:46,7965,1,36.996577381,-1.08139880952
2012-10-23 10:23:47,7966,1,35.2413690476,-1.75520833333
2012-10-23 10:23:48,7967,1,32.965625,-2.27574404762
2012-10-23 10:23:49,7968,1,30.3688244048,-2.59680059524
2012-10-23 10:23:50,7969,1,27.5410714286,-2.82775297619
2012-10-23 10:23:51,7970,1,24.3502232143,-3.19084821429
2012-10-23 10:23:52,7971,1,20.5286458333,-3.82157738095
2012-10-23 10:23:53,7972,1,16.0139136905,-4.51473214286
2012-10-23 10:23:54,7973,1,11.2648809524,-4.7490327381
2012-10-23 10:23:55,7974,1,7.1709077381,-4.09397321429
2012-10-23 10:23:56,7975,1,4.54092261905,-2.62998511905
2012-10-23 10:23:57,7976,1,3.57351190476,-0.967410714286
2012-10-23 10:23:58,7977,1,3.75558035714,0.182068452381
2012-10-23 10:23:59,7978,1,4.28325892857,0.527678571429
2012-10-23 10:24:00,7979,1,4.60029761905,0.317038690476
2012-10-23 10:24:01,7980,1,4.5453125,-0.0549851190476
2012-10-23 10:24:02,7981,1,4.10126488095,-0.444047619048
2012-10-23 10:24:03,7982,1,3.22626488095,-0.875
2012-10-23 10:24:04,7983,1,2.05662202381,-1.16964285714
2012-10-23 10:24:05,7984,1,0.0,-2.05662202381
2012-10-23 10:24:22,8001,17,0.0,0.0
2012-10-23 10:24:23,8002,1,1.64605654762,1.64605654762
2012-10-23 10:24:24,8003,1,2.71651785714,1.07046130952
2012-10-23 10:24:25,8004,1,3.73876488095,1.02224702381
2012-10-23 10:24:26,8005,1,4.64092261905,0.902157738095
2012-10-23 10:24:27,8006,1,5.49553571429,0.854613095238
2012-10-23 10:24:28,8007,1,6.21290178571,0.717366071429
2012-10-23 10:24:29,8008,1,6.51626488095,0.303363095238
2012-10-23 10:24:30,8009,1,6.16540178571,-0.350863095238
2012-10-23 10:24:31,8010,1,5.20697916667,-0.958422619048
2012-10-23 10:24:32,8011,1,4.00610119048,-1.20087797619
2012-10-23 10:24:33,8012,1,2.99943452381,-1.00666666667
2012-10-23 10:24:34,8013,1,2.42125,-0.57818452381
2012-10-23 10:24:35,8014,1,2.24391369048,-0.177336309524
2012-10-23 10:24:36,8015,1,2.31516369048,0.07125
2012-10-23 10:24:37,8016,1,2.51753777473,0.202374084249
2012-10-23 10:24:38,8017,1,2.78821428571,0.270676510989
2012-10-23 10:24:39,8018,1,3.03293269231,0.244718406593
2012-10-23 10:24:40,8019,1,3.1192742674,0.0863415750916
2012-10-23 10:24:41,8020,1,2.98126717033,-0.13800709707
2012-10-23 10:24:42,8021,1,2.68700320513,-0.294263965201
2012-10-23 10:24:43,8022,1,2.38802541209,-0.29897779304
2012-10-23 10:24:44,8023,1,2.20225503663,-0.185770375458
2012-10-23 10:24:45,8024,1,2.13752289377,-0.0647321428571
2012-10-23 10:24:46,8025,1,2.12782165751,-0.00970123626373
2012-10-23 10:24:47,8026,1,2.12116529304,-0.00665636446887
2012-10-23 10:24:48,8027,1,2.10769230769,-0.013472985348
2012-10-23 10:24:49,8028,1,2.09230769231,-0.0153846153846
2012-10-23 10:24:50,8029,1,2.07228708791,-0.0200206043956
2012-10-23 10:24:51,8030,1,2.03378548535,-0.0385016025641
2012-10-23 10:24:52,8031,1,1.98911401099,-0.044671474359
2012-10-23 10:24:53,8032,1,2.0482657967,0.0591517857143
2012-10-23 10:24:54,8033,1,2.4271978022,0.378932005494
2012-10-23 10:24:55,8034,1,3.37150869963,0.944310897436
2012-10-23 10:24:56,8035,1,5.06843521062,1.69692651099
2012-10-23 10:24:57,8036,1,7.54361263736,2.47517742674
2012-10-23 10:24:58,8037,1,10.5815018315,3.03788919414
2012-10-23 10:24:59,8038,1,13.7882440476,3.20674221612
2012-10-23 10:25:00,8039,1,16.7685782967,2.98033424908
2012-10-23 10:25:01,8040,1,19.2931547619,2.5245764652
2012-10-23 10:25:02,8041,1,21.3671130952,2.07395833333
2012-10-23 10:25:03,8042,1,23.1223958333,1.7552827381
2012-10-23 10:25:04,8043,1,24.5640625,1.44166666667
2012-10-23 10:25:05,8044,1,25.3764136905,0.812351190476
2012-10-23 10:25:06,8045,1,25.0311755952,-0.345238095238
2012-10-23 10:25:07,8046,1,23.214360119,-1.81681547619
2012-10-23 10:25:08,8047,1,20.2381696429,-2.97619047619
2012-10-23 10:25:09,8048,1,17.0556547619,-3.18251488095
2012-10-23 10:25:10,8049,1,14.8201636905,-2.23549107143
2012-10-23 10:25:11,8050,1,14.2803571429,-0.539806547619
2012-10-23 10:25:12,8051,1,15.4450892857,1.16473214286
2012-10-23 10:25:13,8052,1,17.7383928571,2.29330357143
2012-10-23 10:25:14,8053,1,20.4148065476,2.67641369048
2012-10-23 10:25:15,8054,1,22.8558779762,2.44107142857
2012-10-23 10:25:16,8055,1,24.645014881,1.78913690476
2012-10-23 10:25:17,8056,1,25.5391369048,0.89412202381
2012-10-23 10:25:18,8057,1,25.4100446429,-0.129092261905
2012-10-23 10:25:19,8058,1,24.1616071429,-1.2484375
2012-10-23 10:25:20,8059,1,21.7005952381,-2.46101190476
2012-10-23 10:25:21,8060,1,18.0970982143,-3.60349702381
2012-10-23 10:25:22,8061,1,13.8711309524,-4.2259672619
2012-10-23 10:25:23,8062,1,10.0347470238,-3.83638392857
2012-10-23 10:25:24,8063,1,7.6603422619,-2.3744047619
2012-10-23 10:25:25,8064,1,7.3109375,-0.349404761905
2012-10-23 10:25:26,8065,1,8.84233630952,1.53139880952
2012-10-23 10:25:27,8066,1,11.6644345238,2.82209821429
2012-10-23 10:25:28,8067,1,15.1430803571,3.47864583333
2012-10-23 10:25:29,8068,1,18.765327381,3.62224702381
2012-10-23 10:25:30,8069,1,22.025,3.25967261905
2012-10-23 10:25:31,8070,1,24.3993303571,2.37433035714
2012-10-23 10:25:32,8071,1,25.5970982143,1.19776785714
2012-10-23 10:25:33,8072,1,25.7509672619,0.153869047619
2012-10-23 10:25:34,8073,1,25.2941220238,-0.456845238095
2012-10-23 10:25:35,8074,1,24.6770833333,-0.617038690476
2012-10-23 10:25:36,8075,1,24.175297619,-0.501785714286
2012-10-23 10:25:37,8076,1,23.870014881,-0.305282738095
2012-10-23 10:25:38,8077,1,23.7350446429,-0.134970238095
2012-10-23 10:25:39,8078,1,23.7183035714,-0.0167410714285
2012-10-23 10:25:40,8079,1,23.7723214286,0.0540178571428
2012-10-23 10:25:41,8080,1,23.8622767857,0.0899553571429
2012-10-23 10:25:42,8081,1,23.9572916667,0.0950148809524
2012-10-23 10:25:43,8082,1,23.9659970238,0.0087053571428
2012-10-23 10:25:44,8083,1,23.6622767857,-0.303720238095
2012-10-23 10:25:45,8084,1,22.7555803571,-0.906696428571
2012-10-23 10:25:46,8085,1,21.1305803571,-1.625
2012-10-23 10:25:47,8086,1,19.0342261905,-2.09635416667
2012-10-23 10:25:48,8087,1,17.0055803571,-2.02864583333
2012-10-23 10:25:49,8088,1,15.5895833333,-1.41599702381
2012-10-23 10:25:50,8089,1,15.044047619,-0.545535714286
2012-10-23 10:25:51,8090,1,15.2552083333,0.211160714286
2012-10-23 10:25:52,8091,1,15.9068452381,0.651636904762
2012-10-23 10:25:53,8092,1,16.7099702381,0.803125
2012-10-23 10:25:54,8093,1,17.4965029762,0.786532738095
2012-10-23 10:25:55,8094,1,18.1780505952,0.681547619048
2012-10-23 10:25:56,8095,1,18.6782738095,0.500223214286
2012-10-23 10:25:57,8096,1,18.920610119,0.242336309524
2012-10-23 10:25:58,8097,1,18.870014881,-0.0505952380952
2012-10-23 10:25:59,8098,1,18.5570684524,-0.312946428571
2012-10-23 10:26:00,8099,1,18.0320684524,-0.525
2012-10-23 10:26:01,8100,1,17.2648809524,-0.7671875
2012-10-23 10:26:02,8101,1,16.0718005952,-1.19308035714
2012-10-23 10:26:03,8102,1,14.2007440476,-1.87105654762
2012-10-23 10:26:04,8103,1,11.6142113095,-2.5865327381
2012-10-23 10:26:05,8104,1,8.7609375,-2.85327380952
2012-10-23 10:26:06,8105,1,6.52261904762,-2.23831845238
2012-10-23 10:26:07,8106,1,5.76205357143,-0.76056547619
2012-10-23 10:26:08,8107,1,6.77529761905,1.01324404762
2012-10-23 10:26:09,8108,1,9.08638392857,2.31108630952
2012-10-23 10:26:10,8109,1,11.75,2.66361607143
2012-10-23 10:26:11,8110,1,13.8998511905,2.14985119048
2012-10-23 10:26:12,8111,1,15.1098214286,1.2099702381
2012-10-23 10:26:13,8112,1,15.3599702381,0.250148809524
2012-10-23 10:26:14,8113,1,14.8023809524,-0.557589285714
2012-10-23 10:26:15,8114,1,13.6423363095,-1.16004464286
2012-10-23 10:26:16,8115,1,12.1561755952,-1.48616071429
2012-10-23 10:26:17,8116,1,10.6654017857,-1.49077380952
2012-10-23 10:26:18,8117,1,9.42209821429,-1.24330357143
2012-10-23 10:26:19,8118,1,8.51205357143,-0.910044642857
2012-10-23 10:26:20,8119,1,7.88526785714,-0.626785714286
2012-10-23 10:26:21,8120,1,7.48772321429,-0.397544642857
2012-10-23 10:26:22,8121,1,7.32008928571,-0.167633928571
2012-10-23 10:26:23,8122,1,7.35885416667,0.0387648809524
2012-10-23 10:26:24,8123,1,7.48556547619,0.126711309524
2012-10-23 10:26:25,8124,1,7.54427083333,0.0587053571429
2012-10-23 10:26:26,8125,1,7.48177083333,-0.0625
2012-10-23 10:26:27,8126,1,7.40297619048,-0.0787946428571
2012-10-23 10:26:28,8127,1,7.44025297619,0.0372767857143
2012-10-23 10:26:29,8128,1,7.59895833333,0.158705357143
2012-10-23 10:26:30,8129,1,7.77730654762,0.178348214286
2012-10-23 10:26:31,8130,1,7.87738095238,0.100074404762
2012-10-23 10:26:32,8131,1,7.83080357143,-0.0465773809524
2012-10-23 10:26:33,8132,1,7.54709821429,-0.283705357143
2012-10-23 10:26:34,8133,1,6.91413690476,-0.632961309524
2012-10-23 10:26:35,8134,1,5.9115327381,-1.00260416667
2012-10-23 10:26:36,8135,1,4.72380952381,-1.18772321429
2012-10-23 10:26:37,8136,1,3.69546130952,-1.02834821429
2012-10-23 10:26:38,8137,1,3.15967261905,-0.535788690476
2012-10-23 10:26:39,8138,1,3.29040178571,0.130729166667
2012-10-23 10:26:40,8139,1,4.0334077381,0.743005952381
2012-10-23 10:26:41,8140,1,5.11711309524,1.08370535714
2012-10-23 10:26:42,8141,1,6.15066964286,1.03355654762
2012-10-23 10:26:43,8142,1,6.75453869048,0.603869047619
2012-10-23 10:26:44,8143,1,6.659375,-0.0951636904762
2012-10-23 10:26:45,8144,1,5.7744047619,-0.884970238095
2012-10-23 10:26:46,8145,1,4.2453125,-1.5290922619
2012-10-23 10:26:47,8146,1,2.51547619048,-1.72983630952
2012-10-23 10:26:48,8147,1,0.0,-2.51547619048
2012-10-23 10:29:55,8334,187,0.0,0.0
2012-10-23 10:29:56,8335,1,1.36413690476,1.36413690476
2012-10-23 10:29:57,8336,1,1.88407738095,0.51994047619
2012-10-23 10:29:58,8337,1,2.19397321429,0.309895833333
2012-10-23 10:29:59,8338,1,2.62008928571,0.426116071429
2012-10-23 10:30:00,8339,1,3.64680059524,1.02671130952
2012-10-23 10:30:01,8340,1,5.37894345238,1.73214285714
2012-10-23 10:30:02,8341,1,7.47760416667,2.09866071429
2012-10-23 10:30:03,8342,1,9.42581845238,1.94821428571
2012-10-23 10:30:04,8343,1,10.8006696429,1.37485119048
2012-10-23 10:30:05,8344,1,11.3810267857,0.580357142857
2012-10-23 10:30:06,8345,1,11.0979910714,-0.283035714286
2012-10-23 10:30:07,8346,1,9.99129464286,-1.10669642857
2012-10-23 10:30:08,8347,1,8.25119047619,-1.74010416667
2012-10-23 10:30:09,8348,1,6.25290178571,-1.99828869048
2012-10-23 10:30:10,8349,1,4.52395833333,-1.72894345238
2012-10-23 10:30:11,8350,1,3.63117559524,-0.892782738095
2012-10-23 10:30:12,8351,1,3.96644345238,0.335267857143
2012-10-23 10:30:13,8352,1,5.53117559524,1.56473214286
2012-10-23 10:30:14,8353,1,7.90647321429,2.37529761905
2012-10-23 10:30:15,8354,1,10.4638392857,2.55736607143
2012-10-23 10:30:16,8355,1,12.676860119,2.21302083333
2012-10-23 10:30:17,8356,1,14.2914434524,1.61458333333
2012-10-23 10:30:18,8357,1,15.2300595238,0.938616071429
2012-10-23 10:30:19,8358,1,15.4201636905,0.190104166667
2012-10-23 10:30:20,8359,1,14.7979910714,-0.622172619048
2012-10-23 10:30:21,8360,1,13.418452381,-1.37953869048
2012-10-23 10:30:22,8361,1,11.4579613095,-1.96049107143
2012-10-23 10:30:23,8362,1,9.16026785714,-2.29769345238
2012-10-23 10:30:24,8363,1,6.91086309524,-2.2494047619
2012-10-23 10:30:25,8364,1,5.32447916667,-1.58638392857
2012-10-23 10:30:26,8365,1,5.05260416667,-0.271875
2012-10-23 10:30:27,8366,1,6.34255952381,1.28995535714
2012-10-23 10:30:28,8367,1,8.73095238095,2.38839285714
2012-10-23 10:30:29,8368,1,11.2273065476,2.49635416667
2012-10-23 10:30:30,8369,1,12.9281994048,1.70089285714
2012-10-23 10:30:31,8370,1,13.5113839286,0.583184523809
2012-10-23 10:30:32,8371,1,13.1861607143,-0.325223214286
2012-10-23 10:30:33,8372,1,12.318452381,-0.867708333333
2012-10-23 10:30:34,8373,1,11.1506696429,-1.1677827381
2012-10-23 10:30:35,8374,1,9.75104166667,-1.39962797619
2012-10-23 10:30:36,8375,1,8.14449404762,-1.60654761905
2012-10-23 10:30:37,8376,1,6.50662202381,-1.63787202381
2012-10-23 10:30:38,8377,1,5.24583333333,-1.26078869048
2012-10-23 10:30:39,8378,1,4.8509672619,-0.394866071429
2012-10-23 10:30:40,8379,1,5.59486607143,0.743898809524
2012-10-23 10:30:41,8380,1,7.39166666667,1.79680059524
2012-10-23 10:30:42,8381,1,9.92105654762,2.52938988095
2012-10-23 10:30:43,8382,1,12.7948660714,2.87380952381
2012-10-23 10:30:44,8383,1,15.6041666667,2.80930059524
2012-10-23 10:30:45,8384,1,17.9026041667,2.2984375
2012-10-23 10:30:46,8385,1,19.2464285714,1.34382440476
2012-10-23 10:30:47,8386,1,19.3671875,0.120758928571
2012-10-23 10:30:48,8387,1,18.3375,-1.0296875
2012-10-23 10:30:49,8388,1,16.5139136905,-1.82358630952
2012-10-23 10:30:50,8389,1,14.3357142857,-2.17819940476
2012-10-23 10:30:51,8390,1,12.1992559524,-2.13645833333
2012-10-23 10:30:52,8391,1,10.4264880952,-1.77276785714
2012-10-23 10:30:53,8392,1,9.24151785714,-1.1849702381
2012-10-23 10:30:54,8393,1,8.72529761905,-0.516220238095
2012-10-23 10:30:55,8394,1,8.76205357143,0.036755952381
2012-10-23 10:30:56,8395,1,9.04188988095,0.279836309524
2012-10-23 10:30:57,8396,1,9.18392857143,0.142038690476
2012-10-23 10:30:58,8397,1,8.93712797619,-0.246800595238
2012-10-23 10:30:59,8398,1,8.31540178571,-0.621726190476
2012-10-23 10:31:00,8399,1,7.54382440476,-0.771577380952
2012-10-23 10:31:01,8400,1,6.85744047619,-0.686383928571
2012-10-23 10:31:02,8401,1,6.34196428571,-0.515476190476
2012-10-23 10:31:03,8402,1,5.95223214286,-0.389732142857
2012-10-23 10:31:04,8403,1,5.65126488095,-0.300967261905
2012-10-23 10:31:05,8404,1,5.47686011905,-0.174404761905
2012-10-23 10:31:06,8405,1,5.43370535714,-0.0431547619048
2012-10-23 10:31:07,8406,1,5.34546130952,-0.088244047619
2012-10-23 10:31:08,8407,1,4.8790922619,-0.466369047619
2012-10-23 10:31:09,8408,1,3.81056547619,-1.06852678571
2012-10-23 10:31:10,8409,1,2.36904761905,-1.44151785714
2012-10-23 10:31:11,8410,1,0.0,-2.36904761905
2012-10-23 12:02:02,-72539,5451,0.0,0.0
2012-10-23 12:02:03,-72538,1,1.78329613095,1.78329613095
2012-10-23 12:02:04,-72537,1,2.68082217262,0.897526041667
2012-10-23 12:02:05,-72536,1,3.27399553571,0.593173363095
2012-10-23 12:02:06,-72535,1,3.54808407738,0.274088541667
2012-10-23 12:02:07,-72534,1,3.75859375,0.210509672619
2012-10-23 12:02:08,-72533,1,4.11302083333,0.354427083333
2012-10-23 12:02:09,-72532,1,4.64914434524,0.536123511905
2012-10-23 12:02:10,-72531,1,5.25853794643,0.60939360119
2012-10-23 12:02:11,-72530,1,5.77243303571,0.513895089286
2012-10-23 12:02:12,-72529,1,6.06047247024,0.288039434524
2012-10-23 12:02:13,-72528,1,6.10502232143,0.0445498511905
2012-10-23 12:02:14,-72527,1,6.01266741071,-0.0923549107143
2012-10-23 12:02:15,-72526,1,5.92860863095,-0.0840587797619
2012-10-23 12:02:16,-72525,1,5.9209077381,-0.00770089285714
2012-10-23 12:02:17,-72524,1,5.94806547619,0.0271577380952
2012-10-23 12:02:18,-72523,1,5.91175595238,-0.0363095238095
2012-10-23 12:02:19,-72522,1,5.72514880952,-0.186607142857
2012-10-23 12:02:20,-72521,1,5.35498511905,-0.370163690476
2012-10-23 12:02:21,-72520,1,4.83422619048,-0.520758928571
2012-10-23 12:02:22,-72519,1,4.2459077381,-0.588318452381
2012-10-23 12:02:23,-72518,1,3.68206845238,-0.563839285714
2012-10-23 12:02:24,-72517,1,3.23802083333,-0.444047619048
2012-10-23 12:02:25,-72516,1,3.06227678571,-0.175744047619
2012-10-23 12:02:26,-72515,1,3.35491071429,0.292633928571
2012-10-23 12:02:27,-72514,1,4.27157738095,0.916666666667
2012-10-23 12:02:28,-72513,1,5.81875,1.54717261905
2012-10-23 12:02:29,-72512,1,7.79151785714,1.97276785714
2012-10-23 12:02:30,-72511,1,9.79174107143,2.00022321429
2012-10-23 12:02:31,-72510,1,11.3459077381,1.55416666667
2012-10-23 12:02:32,-72509,1,12.0202380952,0.674330357143
2012-10-23 12:02:33,-72508,1,11.5111607143,-0.509077380952
2012-10-23 12:02:34,-72507,1,9.85074404762,-1.66041666667
2012-10-23 12:02:35,-72506,1,7.63266369048,-2.21808035714
2012-10-23 12:02:36,-72505,1,5.90550595238,-1.7271577381
2012-10-23 12:02:37,-72504,1,5.64813988095,-0.257366071429
2012-10-23 12:02:38,-72503,1,7.15037202381,1.50223214286
2012-10-23 12:02:39,-72502,1,9.7415922619,2.5912202381
2012-10-23 12:02:40,-72501,1,12.1733630952,2.43177083333
2012-10-23 12:02:41,-72500,1,13.45625,1.28288690476
2012-10-23 12:02:42,-72499,1,13.4267857143,-0.0294642857143
2012-10-23 12:02:43,-72498,1,12.606547619,-0.820238095238
2012-10-23 12:02:44,-72497,1,11.6697172619,-0.936830357143
2012-10-23 12:02:45,-72496,1,11.0413690476,-0.628348214286
2012-10-23 12:02:46,-72495,1,10.8426339286,-0.198735119048
2012-10-23 12:02:47,-72494,1,11.0604910714,0.217857142857
2012-10-23 12:02:48,-72493,1,11.6473214286,0.586830357143
2012-10-23 12:02:49,-72492,1,12.4305059524,0.78318452381
2012-10-23 12:02:50,-72491,1,13.0133184524,0.5828125
2012-10-23 12:02:51,-72490,1,12.8587053571,-0.154613095238
2012-10-23 12:02:52,-72489,1,11.5785714286,-1.28013392857
2012-10-23 12:02:53,-72488,1,9.30476190476,-2.27380952381
2012-10-23 12:02:54,-72487,1,6.84791666667,-2.4568452381
2012-10-23 12:02:55,-72486,1,5.36279761905,-1.48511904762
2012-10-23 12:02:56,-72485,1,5.65825892857,0.295461309524
2012-10-23 12:02:57,-72484,1,7.68958333333,2.03132440476
2012-10-23 12:02:58,-72483,1,10.635639881,2.94605654762
2012-10-23 12:02:59,-72482,1,13.4680059524,2.83236607143
2012-10-23 12:03:00,-72481,1,15.5382440476,2.07023809524
2012-10-23 12:03:01,-72480,1,16.7531994048,1.21495535714
2012-10-23 12:03:02,-72479,1,17.3405505952,0.587351190476
2012-10-23 12:03:03,-72478,1,17.53125,0.190699404762
2012-10-23 12:03:04,-72477,1,17.3841517857,-0.147098214286
2012-10-23 12:03:05,-72476,1,16.7546875,-0.629464285714
2012-10-23 12:03:06,-72475,1,15.3748511905,-1.37983630952
2012-10-23 12:03:07,-72474,1,13.0638392857,-2.31101190476
2012-10-23 12:03:08,-72473,1,9.99114583333,-3.07269345238
2012-10-23 12:03:09,-72472,1,6.77366071429,-3.21748511905
2012-10-23 12:03:10,-72471,1,4.30275297619,-2.4709077381
2012-10-23 12:03:11,-72470,1,3.3818452381,-0.920907738095
2012-10-23 12:03:12,-72469,1,4.33095238095,0.949107142857
2012-10-23 12:03:13,-72468,1,6.83764880952,2.50669642857
2012-10-23 12:03:14,-72467,1,10.2072916667,3.36964285714
2012-10-23 12:03:15,-72466,1,13.759077381,3.55178571429
2012-10-23 12:03:16,-72465,1,17.0652529762,3.30617559524
2012-10-23 12:03:17,-72464,1,19.9630952381,2.8978422619
2012-10-23 12:03:18,-72463,1,22.3978422619,2.43474702381
2012-10-23 12:03:19,-72462,1,24.272172619,1.87433035714
2012-10-23 12:03:20,-72461,1,25.4392113095,1.16703869048
2012-10-23 12:03:21,-72460,1,25.7588541667,0.319642857143
2012-10-23 12:03:22,-72459,1,25.1302827381,-0.628571428572
2012-10-23 12:03:23,-72458,1,23.546875,-1.5834077381
2012-10-23 12:03:24,-72457,1,21.1909970238,-2.35587797619
2012-10-23 12:03:25,-72456,1,18.4867559524,-2.70424107143
2012-10-23 12:03:26,-72455,1,16.0291666667,-2.45758928571
2012-10-23 12:03:27,-72454,1,14.3922619048,-1.6369047619
2012-10-23 12:03:28,-72453,1,13.9090029762,-0.483258928571
2012-10-23 12:03:29,-72452,1,14.5560267857,0.647023809524
2012-10-23 12:03:30,-72451,1,16.0174107143,1.46138392857
2012-10-23 12:03:31,-72450,1,17.8571428571,1.83973214286
2012-10-23 12:03:32,-72449,1,19.669047619,1.8119047619
2012-10-23 12:03:33,-72448,1,21.1688244048,1.49977678571
2012-10-23 12:03:34,-72447,1,22.2476190476,1.07879464286
2012-10-23 12:03:35,-72446,1,22.9678571429,0.720238095238
2012-10-23 12:03:36,-72445,1,23.4932291667,0.52537202381
2012-10-23 12:03:37,-72444,1,23.9813244048,0.488095238095
2012-10-23 12:03:38,-72443,1,24.4912202381,0.509895833333
2012-10-23 12:03:39,-72442,1,24.9773065476,0.486086309524
2012-10-23 12:03:40,-72441,1,25.3659970238,0.38869047619
2012-10-23 12:03:41,-72440,1,25.6142113095,0.248214285714
2012-10-23 12:03:42,-72439,1,25.6851190476,0.0709077380952
2012-10-23 12:03:43,-72438,1,25.477827381,-0.207291666667
2012-10-23 12:03:44,-72437,1,24.8031994048,-0.674627976191
2012-10-23 12:03:45,-72436,1,23.4656994048,-1.3375
2012-10-23 12:03:46,-72435,1,21.3802083333,-2.08549107143
2012-10-23 12:03:47,-72434,1,18.6005580357,-2.77965029762
2012-10-23 12:03:48,-72433,1,15.2840029762,-3.31655505952
2012-10-23 12:03:49,-72432,1,11.7052083333,-3.57879464286
2012-10-23 12:03:50,-72431,1,8.32008928571,-3.38511904762
2012-10-23 12:03:51,-72430,1,5.77310267857,-2.54698660714
2012-10-23 12:03:52,-72429,1,4.71019345238,-1.06290922619
2012-10-23 12:03:53,-72428,1,5.40159970238,0.69140625
2012-10-23 12:03:54,-72427,1,7.51183035714,2.11023065476
2012-10-23 12:03:55,-72426,1,10.2933779762,2.78154761905
2012-10-23 12:03:56,-72425,1,12.9964285714,2.70305059524
2012-10-23 12:03:57,-72424,1,15.1603794643,2.16395089286
2012-10-23 12:03:58,-72423,1,16.6644345238,1.50405505952
2012-10-23 12:03:59,-72422,1,17.5741071429,0.909672619048
2012-10-23 12:04:00,-72421,1,17.9678571429,0.39375
2012-10-23 12:04:01,-72420,1,17.8796875,-0.0881696428571
2012-10-23 12:04:02,-72419,1,17.301264881,-0.578422619048
2012-10-23 12:04:03,-72418,1,16.2130208333,-1.08824404762
2012-10-23 12:04:04,-72417,1,14.6654761905,-1.54754464286
2012-10-23 12:04:05,-72416,1,12.8425595238,-1.82291666667
2012-10-23 12:04:06,-72415,1,11.0119791667,-1.83058035714
2012-10-23 12:04:07,-72414,1,9.34799107143,-1.66398809524
2012-10-23 12:04:08,-72413,1,7.80431547619,-1.54367559524
2012-10-23 12:04:09,-72412,1,6.29352678571,-1.51078869048
2012-10-23 12:04:10,-72411,1,5.04047619048,-1.25305059524
2012-10-23 12:04:11,-72410,1,4.63325892857,-0.407217261905
2012-10-23 12:04:12,-72409,1,5.6328125,0.999553571429
2012-10-23 12:04:13,-72408,1,8.10848214286,2.47566964286
2012-10-23 12:04:14,-72407,1,11.5129464286,3.40446428571
2012-10-23 12:04:15,-72406,1,15.0034970238,3.49055059524
2012-10-23 12:04:16,-72405,1,17.9169642857,2.9134672619
2012-10-23 12:04:17,-72404,1,19.9770089286,2.06004464286
2012-10-23 12:04:18,-72403,1,21.1835565476,1.20654761905
2012-10-23 12:04:19,-72402,1,21.673139881,0.489583333333
2012-10-23 12:04:20,-72401,1,21.673139881,0.0
2012-10-23 12:04:21,-72400,1,21.4328125,-0.240327380952
2012-10-23 12:04:22,-72399,1,21.1093005952,-0.323511904762
2012-10-23 12:04:23,-72398,1,20.7246279762,-0.384672619048
2012-10-23 12:04:24,-72397,1,20.229389881,-0.495238095238
2012-10-23 12:04:25,-72396,1,19.5853422619,-0.644047619048
2012-10-23 12:04:26,-72395,1,18.7744047619,-0.8109375
2012-10-23 12:04:27,-72394,1,17.7368303571,-1.03757440476
2012-10-23 12:04:28,-72393,1,16.3554315476,-1.38139880952
2012-10-23 12:04:29,-72392,1,14.563764881,-1.79166666667
2012-10-23 12:04:30,-72391,1,12.4566964286,-2.10706845238
2012-10-23 12:04:31,-72390,1,10.2548363095,-2.20186011905
2012-10-23 12:04:32,-72389,1,8.18898809524,-2.06584821429
2012-10-23 12:04:33,-72388,1,6.46272321429,-1.72626488095
2012-10-23 12:04:34,-72387,1,5.31391369048,-1.14880952381
2012-10-23 12:04:35,-72386,1,5.03363095238,-0.280282738095
2012-10-23 12:04:36,-72385,1,5.7984375,0.764806547619
2012-10-23 12:04:37,-72384,1,7.41555059524,1.61711309524
2012-10-23 12:04:38,-72383,1,9.28482142857,1.86927083333
2012-10-23 12:04:39,-72382,1,10.6822916667,1.3974702381
2012-10-23 12:04:40,-72381,1,11.1029761905,0.42068452381
2012-10-23 12:04:41,-72380,1,10.3926339286,-0.710342261905
2012-10-23 12:04:42,-72379,1,8.74642857143,-1.64620535714
2012-10-23 12:04:43,-72378,1,6.75677083333,-1.9896577381
2012-10-23 12:04:44,-72377,1,5.36644345238,-1.39032738095
2012-10-23 12:04:45,-72376,1,5.49293154762,0.126488095238
2012-10-23 12:04:46,-72375,1,7.48519345238,1.99226190476
2012-10-23 12:04:47,-72374,1,10.859672619,3.37447916667
2012-10-23 12:04:48,-72373,1,14.5953125,3.73563988095
2012-10-23 12:04:49,-72372,1,17.7854910714,3.19017857143
2012-10-23 12:04:50,-72371,1,20.0802827381,2.29479166667
2012-10-23 12:04:51,-72370,1,21.6131696429,1.53288690476
2012-10-23 12:04:52,-72369,1,22.6714285714,1.05825892857
2012-10-23 12:04:53,-72368,1,23.4699404762,0.798511904762
2012-10-23 12:04:54,-72367,1,24.1011160714,0.631175595238
2012-10-23 12:04:55,-72366,1,24.566889881,0.465773809524
2012-10-23 12:04:56,-72365,1,24.8261904762,0.259300595238
2012-10-23 12:04:57,-72364,1,24.8489583333,0.0227678571428
2012-10-23 12:04:58,-72363,1,24.6604166667,-0.188541666667
2012-10-23 12:04:59,-72362,1,24.3371279762,-0.323288690476
2012-10-23 12:05:00,-72361,1,23.9569196429,-0.380208333333
2012-10-23 12:05:01,-72360,1,23.5543154762,-0.402604166667
2012-10-23 12:05:02,-72359,1,23.1267857143,-0.427529761905
2012-10-23 12:05:03,-72358,1,22.6787202381,-0.448065476191
2012-10-23 12:05:04,-72357,1,22.2436755952,-0.435044642857
2012-10-23 12:05:05,-72356,1,21.8613839286,-0.382291666667
2012-10-23 12:05:06,-72355,1,21.5420386905,-0.319345238095
2012-10-23 12:05:07,-72354,1,21.2552083333,-0.286830357143
2012-10-23 12:05:08,-72353,1,20.9666666667,-0.288541666667
2012-10-23 12:05:09,-72352,1,20.7061011905,-0.260565476191
2012-10-23 12:05:10,-72351,1,20.5921130952,-0.113988095238
2012-10-23 12:05:11,-72350,1,20.7683035714,0.17619047619
2012-10-23 12:05:12,-72349,1,21.3007440476,0.53244047619
2012-10-23 12:05:13,-72348,1,22.1178571429,0.817113095238
2012-10-23 12:05:14,-72347,1,23.0269345238,0.909077380952
2012-10-23 12:05:15,-72346,1,23.797172619,0.770238095238
2012-10-23 12:05:16,-72345,1,24.2625,0.465327380952
2012-10-23 12:05:17,-72344,1,24.3754464286,0.112946428571
2012-10-23 12:05:18,-72343,1,24.1734375,-0.202008928571
2012-10-23 12:05:19,-72342,1,23.6779761905,-0.495461309524
2012-10-23 12:05:20,-72341,1,22.8063988095,-0.871577380952
2012-10-23 12:05:21,-72340,1,21.3949404762,-1.41145833333
2012-10-23 12:05:22,-72339,1,19.3275297619,-2.06741071429
2012-10-23 12:05:23,-72338,1,16.6290922619,-2.6984375
2012-10-23 12:05:24,-72337,1,13.4379464286,-3.19114583333
2012-10-23 12:05:25,-72336,1,9.94888392857,-3.4890625
2012-10-23 12:05:26,-72335,1,6.45431547619,-3.49456845238
2012-10-23 12:05:27,-72334,1,3.47976190476,-2.97455357143
2012-10-23 12:05:28,-72333,1,0.0,-3.47976190476
2012-10-23 12:07:21,-72220,113,0.0,0.0
2012-10-23 12:07:22,-72219,1,3.73876488095,3.73876488095
2012-10-23 12:07:23,-72218,1,6.29032738095,2.5515625
2012-10-23 12:07:24,-72217,1,8.76086309524,2.47053571429
2012-10-23 12:07:25,-72216,1,10.8467261905,2.08586309524
2012-10-23 12:07:26,-72215,1,12.6539434524,1.8072172619
2012-10-23 12:07:27,-72214,1,14.4263392857,1.77239583333
2012-10-23 12:07:28,-72213,1,16.4141369048,1.98779761905
2012-10-23 12:07:29,-72212,1,18.814360119,2.40022321429
2012-10-23 12:07:30,-72211,1,21.6402529762,2.82589285714
2012-10-23 12:07:31,-72210,1,24.5892113095,2.94895833333
2012-10-23 12:07:32,-72209,1,27.1367559524,2.54754464286
2012-10-23 12:07:33,-72208,1,28.8501488095,1.71339285714
2012-10-23 12:07:34,-72207,1,29.6576636905,0.807514880952
2012-10-23 12:07:35,-72206,1,29.8558779762,0.198214285714
2012-10-23 12:07:36,-72205,1,29.8632440476,0.0073660714285
2012-10-23 12:07:37,-72204,1,29.9527529762,0.0895089285715
2012-10-23 12:07:38,-72203,1,30.1697172619,0.216964285714
2012-10-23 12:07:39,-72202,1,30.418452381,0.248735119048
2012-10-23 12:07:40,-72201,1,30.59375,0.175297619048
2012-10-23 12:07:41,-72200,1,30.6435267857,0.0497767857143
2012-10-23 12:07:42,-72199,1,30.5532738095,-0.0902529761905
2012-10-23 12:07:43,-72198,1,30.3447916667,-0.208482142857
2012-10-23 12:07:44,-72197,1,30.083110119,-0.261681547619
2012-10-23 12:07:45,-72196,1,29.8242559524,-0.258854166667
2012-10-23 12:07:46,-72195,1,29.5531994048,-0.271056547619
2012-10-23 12:07:47,-72194,1,29.1843005952,-0.368898809524
2012-10-23 12:07:48,-72193,1,28.625297619,-0.55900297619
2012-10-23 12:07:49,-72192,1,27.8579613095,-0.767336309524
2012-10-23 12:07:50,-72191,1,26.9583333333,-0.899627976191
2012-10-23 12:07:51,-72190,1,26.0398065476,-0.918526785714
2012-10-23 12:07:52,-72189,1,25.1822916667,-0.857514880952
2012-10-23 12:07:53,-72188,1,24.3854166667,-0.796875
2012-10-23 12:07:54,-72187,1,23.5493303571,-0.836086309524
2012-10-23 12:07:55,-72186,1,22.5020833333,-1.04724702381
2012-10-23 12:07:56,-72185,1,21.0819940476,-1.42008928571
2012-10-23 12:07:57,-72184,1,19.2296130952,-1.85238095238
2012-10-23 12:07:58,-72183,1,17.0130208333,-2.2165922619
2012-10-23 12:07:59,-72182,1,14.556547619,-2.45647321429
2012-10-23 12:08:00,-72181,1,11.929985119,-2.6265625
2012-10-23 12:08:01,-72180,1,9.11636904762,-2.81361607143
2012-10-23 12:08:02,-72179,1,6.16316964286,-2.95319940476
2012-10-23 12:08:03,-72178,1,3.47485119048,-2.68831845238
2012-10-23 12:08:04,-72177,1,0.0,-3.47485119048
2012-10-23 12:08:37,-72144,33,0.0,0.0
2012-10-23 12:08:38,-72143,1,5.14330357143,5.14330357143
2012-10-23 12:08:39,-72142,1,9.30007440476,4.15677083333
2012-10-23 12:08:40,-72141,1,13.8421875,4.54211309524
2012-10-23 12:08:41,-72140,1,18.0293154762,4.18712797619
2012-10-23 12:08:42,-72139,1,21.5680059524,3.53869047619
2012-10-23 12:08:43,-72138,1,24.4566964286,2.88869047619
2012-10-23 12:08:44,-72137,1,26.7966517857,2.33995535714
2012-10-23 12:08:45,-72136,1,28.6958333333,1.89918154762
2012-10-23 12:08:46,-72135,1,30.2710565476,1.57522321429
2012-10-23 12:08:47,-72134,1,31.6345238095,1.3634672619
2012-10-23 12:08:48,-72133,1,32.8604910714,1.2259672619
2012-10-23 12:08:49,-72132,1,33.9968005952,1.13630952381
2012-10-23 12:08:50,-72131,1,35.08125,1.08444940476
2012-10-23 12:08:51,-72130,1,36.1244791667,1.04322916667
2012-10-23 12:08:52,-72129,1,37.0938988095,0.969419642857
2012-10-23 12:08:53,-72128,1,37.9322172619,0.838318452381
2012-10-23 12:08:54,-72127,1,38.6071428571,0.674925595238
2012-10-23 12:08:55,-72126,1,39.1433779762,0.536235119048
2012-10-23 12:08:56,-72125,1,39.6015625,0.458184523809
2012-10-23 12:08:57,-72124,1,40.0235119048,0.421949404762
2012-10-23 12:08:58,-72123,1,40.385639881,0.362127976191
2012-10-23 12:08:59,-72122,1,40.6200892857,0.234449404762
2012-10-23 12:09:00,-72121,1,40.6999255952,0.0798363095238
2012-10-23 12:09:01,-72120,1,40.6767113095,-0.0232142857143
2012-10-23 12:09:02,-72119,1,40.6253720238,-0.0513392857143
2012-10-23 12:09:03,-72118,1,40.5806547619,-0.0447172619047
2012-10-23 12:09:04,-72117,1,40.5257440476,-0.0549107142858
2012-10-23 12:09:05,-72116,1,40.4230654762,-0.102678571428
2012-10-23 12:09:06,-72115,1,40.253125,-0.169940476191
2012-10-23 12:09:07,-72114,1,40.0182291667,-0.234895833333
2012-10-23 12:09:08,-72113,1,39.716889881,-0.301339285714
2012-10-23 12:09:09,-72112,1,39.3464285714,-0.370461309524
2012-10-23 12:09:10,-72111,1,38.9344494048,-0.411979166667
2012-10-23 12:09:11,-72110,1,38.5498511905,-0.384598214286
2012-10-23 12:09:12,-72109,1,38.273139881,-0.276711309524
2012-10-23 12:09:13,-72108,1,38.1327380952,-0.140401785714
2012-10-23 12:09:14,-72107,1,38.0724702381,-0.0602678571429
2012-10-23 12:09:15,-72106,1,38.0145833333,-0.0578869047619
2012-10-23 12:09:16,-72105,1,37.9369047619,-0.0776785714285
2012-10-23 12:09:17,-72104,1,37.8680059524,-0.0688988095238
2012-10-23 12:09:18,-72103,1,37.8430059524,-0.025
2012-10-23 12:09:19,-72102,1,37.8748511905,0.0318452380952
2012-10-23 12:09:20,-72101,1,37.9511160714,0.0762648809524
2012-10-23 12:09:21,-72100,1,38.0629464286,0.111830357143
2012-10-23 12:09:22,-72099,1,38.2279017857,0.164955357143
2012-10-23 12:09:23,-72098,1,38.4633928571,0.235491071429
2012-10-23 12:09:24,-72097,1,38.7370535714,0.273660714286
2012-10-23 12:09:25,-72096,1,38.945610119,0.208556547619
2012-10-23 12:09:26,-72095,1,38.9476934524,0.0020833333334
2012-10-23 12:09:27,-72094,1,38.6444940476,-0.303199404762
2012-10-23 12:09:28,-72093,1,38.059375,-0.585119047619
2012-10-23 12:09:29,-72092,1,37.3433779762,-0.715997023809
2012-10-23 12:09:30,-72091,1,36.6939732143,-0.649404761905
2012-10-23 12:09:31,-72090,1,36.2682291667,-0.425744047619
2012-10-23 12:09:32,-72089,1,36.1457589286,-0.122470238095
2012-10-23 12:09:33,-72088,1,36.3094494048,0.163690476191
2012-10-23 12:09:34,-72087,1,36.6420386905,0.332589285714
2012-10-23 12:09:35,-72086,1,36.9769345238,0.334895833333
2012-10-23 12:09:36,-72085,1,37.1782738095,0.201339285714
2012-10-23 12:09:37,-72084,1,37.2010416667,0.0227678571429
2012-10-23 12:09:38,-72083,1,37.0954613095,-0.105580357143
2012-10-23 12:09:39,-72082,1,36.9240327381,-0.171428571429
2012-10-23 12:09:40,-72081,1,36.6655505952,-0.258482142857
2012-10-23 12:09:41,-72080,1,36.2308779762,-0.434672619048
2012-10-23 12:09:42,-72079,1,35.5561011905,-0.674776785714
2012-10-23 12:09:43,-72078,1,34.6555059524,-0.900595238095
2012-10-23 12:09:44,-72077,1,33.6107142857,-1.04479166667
2012-10-23 12:09:45,-72076,1,32.5144345238,-1.0962797619
2012-10-23 12:09:46,-72075,1,31.3867559524,-1.12767857143
2012-10-23 12:09:47,-72074,1,30.1305803571,-1.25617559524
2012-10-23 12:09:48,-72073,1,28.5853422619,-1.54523809524
2012-10-23 12:09:49,-72072,1,26.6361607143,-1.94918154762
2012-10-23 12:09:50,-72071,1,24.2799107143,-2.35625
2012-10-23 12:09:51,-72070,1,21.6136904762,-2.6662202381
2012-10-23 12:09:52,-72069,1,18.7816220238,-2.83206845238
2012-10-23 12:09:53,-72068,1,15.9128720238,-2.86875
2012-10-23 12:09:54,-72067,1,13.0808035714,-2.83206845238
2012-10-23 12:09:55,-72066,1,10.3322172619,-2.74858630952
2012-10-23 12:09:56,-72065,1,7.77537202381,-2.5568452381
2012-10-23 12:09:57,-72064,1,5.61175595238,-2.16361607143
2012-10-23 12:09:58,-72063,1,4.04449404762,-1.56726190476
2012-10-23 12:09:59,-72062,1,3.1365327381,-0.907961309524
2012-10-23 12:10:00,-72061,1,2.73757440476,-0.398958333333
2012-10-23 12:10:01,-72060,1,2.62075892857,-0.11681547619
2012-10-23 12:10:02,-72059,1,2.81636904762,0.195610119048
2012-10-23 12:10:03,-72058,1,3.73660714286,0.920238095238
2012-10-23 12:10:04,-72057,1,5.8162202381,2.07961309524
2012-10-23 12:10:05,-72056,1,9.05855654762,3.24233630952
2012-10-23 12:10:06,-72055,1,12.9580357143,3.89947916667
2012-10-23 12:10:07,-72054,1,16.8055059524,3.8474702381
2012-10-23 12:10:08,-72053,1,20.0969494048,3.29144345238
2012-10-23 12:10:09,-72052,1,22.6919642857,2.59501488095
2012-10-23 12:10:10,-72051,1,24.6476934524,1.95572916667
2012-10-23 12:10:11,-72050,1,26.0608630952,1.41316964286
2012-10-23 12:10:12,-72049,1,27.0933035714,1.03244047619
2012-10-23 12:10:13,-72048,1,27.9929315476,0.89962797619
2012-10-23 12:10:14,-72047,1,28.9813988095,0.988467261905
2012-10-23 12:10:15,-72046,1,30.116889881,1.13549107143
2012-10-23 12:10:16,-72045,1,31.2980654762,1.18117559524
2012-10-23 12:10:17,-72044,1,32.4046875,1.10662202381
2012-10-23 12:10:18,-72043,1,33.4054315476,1.00074404762
2012-10-23 12:10:19,-72042,1,34.3485119048,0.943080357143
2012-10-23 12:10:20,-72041,1,35.296875,0.948363095238
2012-10-23 12:10:21,-72040,1,36.2747767857,0.977901785714
2012-10-23 12:10:22,-72039,1,37.2539434524,0.979166666667
2012-10-23 12:10:23,-72038,1,38.1665178571,0.912574404762
2012-10-23 12:10:24,-72037,1,38.9077380952,0.741220238095
2012-10-23 12:10:25,-72036,1,39.3511160714,0.44337797619
2012-10-23 12:10:26,-72035,1,39.4220982143,0.0709821428571
2012-10-23 12:10:27,-72034,1,39.170014881,-0.252083333333
2012-10-23 12:10:28,-72033,1,38.7380208333,-0.431994047619
2012-10-23 12:10:29,-72032,1,38.2550595238,-0.482961309524
2012-10-23 12:10:30,-72031,1,37.7652529762,-0.489806547619
2012-10-23 12:10:31,-72030,1,37.2520089286,-0.513244047619
2012-10-23 12:10:32,-72029,1,36.7039434524,-0.548065476191
2012-10-23 12:10:33,-72028,1,36.1345238095,-0.569419642857
2012-10-23 12:10:34,-72027,1,35.5452380952,-0.589285714286
2012-10-23 12:10:35,-72026,1,34.908110119,-0.63712797619
2012-10-23 12:10:36,-72025,1,34.2125,-0.695610119048
2012-10-23 12:10:37,-72024,1,33.5109375,-0.7015625
2012-10-23 12:10:38,-72023,1,32.8878720238,-0.62306547619
2012-10-23 12:10:39,-72022,1,32.408110119,-0.479761904762
2012-10-23 12:10:40,-72021,1,32.1270833333,-0.281026785714
2012-10-23 12:10:41,-72020,1,32.1058035714,-0.0212797619047
2012-10-23 12:10:42,-72019,1,32.3648809524,0.259077380952
2012-10-23 12:10:43,-72018,1,32.8202380952,0.455357142857
2012-10-23 12:10:44,-72017,1,33.259077381,0.438839285714
2012-10-23 12:10:45,-72016,1,33.4024553571,0.14337797619
2012-10-23 12:10:46,-72015,1,33.0533482143,-0.349107142857
2012-10-23 12:10:47,-72014,1,32.2078125,-0.845535714286
2012-10-23 12:10:48,-72013,1,31.027827381,-1.17998511905
2012-10-23 12:10:49,-72012,1,29.7397321429,-1.2880952381
2012-10-23 12:10:50,-72011,1,28.5571428571,-1.18258928571
2012-10-23 12:10:51,-72010,1,27.6463541667,-0.910788690476
2012-10-23 12:10:52,-72009,1,27.1156994048,-0.530654761905
2012-10-23 12:10:53,-72008,1,26.9802083333,-0.135491071429
2012-10-23 12:10:54,-72007,1,27.0874255952,0.107217261905
2012-10-23 12:10:55,-72006,1,27.1216517857,0.0342261904762
2012-10-23 12:10:56,-72005,1,26.7665922619,-0.355059523809
2012-10-23 12:10:57,-72004,1,25.9103422619,-0.85625
2012-10-23 12:10:58,-72003,1,24.7230654762,-1.18727678571
2012-10-23 12:10:59,-72002,1,23.5474702381,-1.1755952381
2012-10-23 12:11:00,-72001,1,22.7008184524,-0.846651785714
2012-10-23 12:11:01,-72000,1,22.3558779762,-0.34494047619
2012-10-23 12:11:02,-71999,1,22.5427083333,0.186830357143
2012-10-23 12:11:03,-71998,1,23.1905505952,0.647842261905
2012-10-23 12:11:04,-71997,1,24.1607886905,0.970238095238
2012-10-23 12:11:05,-71996,1,25.2810267857,1.12023809524
2012-10-23 12:11:06,-71995,1,26.3928571429,1.11183035714
2012-10-23 12:11:07,-71994,1,27.3854166667,0.99255952381
2012-10-23 12:11:08,-71993,1,28.1696428571,0.784226190476
2012-10-23 12:11:09,-71992,1,28.6194940476,0.449851190476
2012-10-23 12:11:10,-71991,1,28.579985119,-0.0395089285714
2012-10-23 12:11:11,-71990,1,27.9957589286,-0.584226190476
2012-10-23 12:11:12,-71989,1,27.0598214286,-0.9359375
2012-10-23 12:11:13,-71988,1,26.1863095238,-0.873511904762
2012-10-23 12:11:14,-71987,1,25.7607886905,-0.425520833333
2012-10-23 12:11:15,-71986,1,25.8913690476,0.130580357143
2012-10-23 12:11:16,-71985,1,26.4104910714,0.51912202381
2012-10-23 12:11:17,-71984,1,27.109375,0.698883928571
2012-10-23 12:11:18,-71983,1,27.9463541667,0.836979166667
2012-10-23 12:11:19,-71982,1,29.0194940476,1.07313988095
2012-10-23 12:11:20,-71981,1,30.3822172619,1.36272321429
2012-10-23 12:11:21,-71980,1,31.9579613095,1.57574404762
2012-10-23 12:11:22,-71979,1,33.6400297619,1.68206845238
2012-10-23 12:11:23,-71978,1,35.4116071429,1.77157738095
2012-10-23 12:11:24,-71977,1,37.3316964286,1.92008928571
2012-10-23 12:11:25,-71976,1,39.4149553571,2.08325892857
2012-10-23 12:11:26,-71975,1,41.5369047619,2.12194940476
2012-10-23 12:11:27,-71974,1,43.4688244048,1.93191964286
2012-10-23 12:11:28,-71973,1,45.0289434524,1.56011904762
2012-10-23 12:11:29,-71972,1,46.204985119,1.17604166667
2012-10-23 12:11:30,-71971,1,47.1300595238,0.925074404762
2012-10-23 12:11:31,-71970,1,47.9657738095,0.835714285714
2012-10-23 12:11:32,-71969,1,48.8116815476,0.845907738095
2012-10-23 12:11:33,-71968,1,49.6876488095,0.875967261905
2012-10-23 12:11:34,-71967,1,50.5663690476,0.878720238095
2012-10-23 12:11:35,-71966,1,51.3924107143,0.826041666667
2012-10-23 12:11:36,-71965,1,52.0688244048,0.676413690476
2012-10-23 12:11:37,-71964,1,52.4892857143,0.420461309524
2012-10-23 12:11:38,-71963,1,52.640625,0.151339285714
2012-10-23 12:11:39,-71962,1,52.6582589286,0.0176339285714
2012-10-23 12:11:40,-71961,1,52.7373511905,0.0790922619048
2012-10-23 12:11:41,-71960,1,52.9694940476,0.232142857143
2012-10-23 12:11:42,-71959,1,53.2675595238,0.298065476191
2012-10-23 12:11:43,-71958,1,53.446577381,0.179017857143
2012-10-23 12:11:44,-71957,1,53.3710565476,-0.0755208333334
2012-10-23 12:11:45,-71956,1,53.0441220238,-0.326934523809
2012-10-23 12:11:46,-71955,1,52.5843005952,-0.459821428571
2012-10-23 12:11:47,-71954,1,52.1199404762,-0.464360119048
2012-10-23 12:11:48,-71953,1,51.6999255952,-0.420014880952
2012-10-23 12:11:49,-71952,1,51.2954613095,-0.404464285714
2012-10-23 12:11:50,-71951,1,50.8654017857,-0.43005952381
2012-10-23 12:11:51,-71950,1,50.4141369048,-0.451264880952
2012-10-23 12:11:52,-71949,1,49.9888392857,-0.425297619048
2012-10-23 12:11:53,-71948,1,49.622172619,-0.366666666667
2012-10-23 12:11:54,-71947,1,49.3094494048,-0.312723214286
2012-10-23 12:11:55,-71946,1,49.0572916667,-0.252157738095
2012-10-23 12:11:56,-71945,1,48.917485119,-0.139806547619
2012-10-23 12:11:57,-71944,1,48.952827381,0.0353422619048
2012-10-23 12:11:58,-71943,1,49.1779017857,0.225074404762
2012-10-23 12:11:59,-71942,1,49.5334077381,0.355505952381
2012-10-23 12:12:00,-71941,1,49.9270089286,0.393601190476
2012-10-23 12:12:01,-71940,1,50.3052827381,0.378273809524
2012-10-23 12:12:02,-71939,1,50.6776785714,0.372395833333
2012-10-23 12:12:03,-71938,1,51.0880208333,0.410342261905
2012-10-23 12:12:04,-71937,1,51.5813244048,0.493303571429
2012-10-23 12:12:05,-71936,1,52.165625,0.584300595238
2012-10-23 12:12:06,-71935,1,52.7832589286,0.617633928571
2012-10-23 12:12:07,-71934,1,53.3442708333,0.561011904762
2012-10-23 12:12:08,-71933,1,53.7898809524,0.445610119048
2012-10-23 12:12:09,-71932,1,54.1192708333,0.329389880952
2012-10-23 12:12:10,-71931,1,54.3860119048,0.266741071429
2012-10-23 12:12:11,-71930,1,54.6669642857,0.280952380952
2012-10-23 12:12:12,-71929,1,55.0139136905,0.346949404762
2012-10-23 12:12:13,-71928,1,55.444047619,0.430133928571
2012-10-23 12:12:14,-71927,1,55.9557291667,0.511681547619
2012-10-23 12:12:15,-71926,1,56.5283482143,0.572619047619
2012-10-23 12:12:16,-71925,1,57.1301339286,0.601785714286
2012-10-23 12:12:17,-71924,1,57.7205357143,0.590401785714
2012-10-23 12:12:18,-71923,1,58.2296875,0.509151785714
2012-10-23 12:12:19,-71922,1,58.5872767857,0.357589285714
2012-10-23 12:12:20,-71921,1,58.7869791667,0.199702380952
2012-10-23 12:12:21,-71920,1,58.8649553571,0.0779761904761
2012-10-23 12:12:22,-71919,1,58.8325892857,-0.0323660714285
2012-10-23 12:12:23,-71918,1,58.691889881,-0.140699404762
2012-10-23 12:12:24,-71917,1,58.4978422619,-0.194047619048
2012-10-23 12:12:25,-71916,1,58.3810267857,-0.116815476191
2012-10-23 12:12:26,-71915,1,58.4941964286,0.113169642857
2012-10-23 12:12:27,-71914,1,58.8857142857,0.391517857143
2012-10-23 12:12:28,-71913,1,59.4490327381,0.563318452381
2012-10-23 12:12:29,-71912,1,60.0479166667,0.598883928572
2012-10-23 12:12:30,-71911,1,60.6303571429,0.58244047619
2012-10-23 12:12:31,-71910,1,61.190922619,0.56056547619
2012-10-23 12:12:32,-71909,1,61.7094494048,0.518526785714
2012-10-23 12:12:33,-71908,1,62.163764881,0.454315476191
2012-10-23 12:12:34,-71907,1,62.5599702381,0.396205357143
2012-10-23 12:12:35,-71906,1,62.920014881,0.360044642857
2012-10-23 12:12:36,-71905,1,63.2230654762,0.303050595238
2012-10-23 12:12:37,-71904,1,63.374702381,0.151636904762
2012-10-23 12:12:38,-71903,1,63.2804315476,-0.0942708333334
2012-10-23 12:12:39,-71902,1,62.9401041667,-0.340327380952
2012-10-23 12:12:40,-71901,1,62.4359375,-0.504166666667
2012-10-23 12:12:41,-71900,1,61.8584821429,-0.577455357143
2012-10-23 12:12:42,-71899,1,61.2747767857,-0.583705357143
2012-10-23 12:12:43,-71898,1,60.7411458333,-0.533630952381
2012-10-23 12:12:44,-71897,1,60.3133184524,-0.427827380952
2012-10-23 12:12:45,-71896,1,60.0325892857,-0.280729166667
2012-10-23 12:12:46,-71895,1,59.9087797619,-0.123809523809
2012-10-23 12:12:47,-71894,1,59.9238839286,0.0151041666666
2012-10-23 12:12:48,-71893,1,60.0338541667,0.109970238095
2012-10-23 12:12:49,-71892,1,60.1588541667,0.125
2012-10-23 12:12:50,-71891,1,60.2105654762,0.0517113095238
2012-10-23 12:12:51,-71890,1,60.1594494048,-0.0511160714286
2012-10-23 12:12:52,-71889,1,60.0631696429,-0.0962797619048
2012-10-23 12:12:53,-71888,1,60.0169642857,-0.0462053571428
2012-10-23 12:12:54,-71887,1,60.0758928571,0.0589285714286
2012-10-23 12:12:55,-71886,1,60.2200892857,0.144196428571
2012-10-23 12:12:56,-71885,1,60.3931547619,0.173065476191
2012-10-23 12:12:57,-71884,1,60.5669642857,0.173809523809
2012-10-23 12:12:58,-71883,1,60.7428571429,0.175892857143
2012-10-23 12:12:59,-71882,1,60.8963541667,0.15349702381
2012-10-23 12:13:00,-71881,1,60.9848958333,0.0885416666666
2012-10-23 12:13:01,-71880,1,61.0240327381,0.0391369047619
2012-10-23 12:13:02,-71879,1,61.1004464286,0.0764136904762
2012-10-23 12:13:03,-71878,1,61.3047619048,0.20431547619
2012-10-23 12:13:04,-71877,1,61.6642113095,0.359449404762
2012-10-23 12:13:05,-71876,1,62.1093005952,0.445089285714
2012-10-23 12:13:06,-71875,1,62.5114583333,0.402157738095
2012-10-23 12:13:07,-71874,1,62.7764880952,0.265029761905
2012-10-23 12:13:08,-71873,1,62.8936011905,0.117113095238
2012-10-23 12:13:09,-71872,1,62.915327381,0.0217261904762
2012-10-23 12:13:10,-71871,1,62.9145089286,-0.000818452380997
2012-10-23 12:13:11,-71870,1,62.9417410714,0.0272321428572
2012-10-23 12:13:12,-71869,1,63.0033482143,0.0616071428571
2012-10-23 12:13:13,-71868,1,63.0661458333,0.0627976190476
2012-10-23 12:13:14,-71867,1,63.0806547619,0.0145089285715
2012-10-23 12:13:15,-71866,1,63.0136160714,-0.0670386904762
2012-10-23 12:13:16,-71865,1,62.8661458333,-0.147470238095
2012-10-23 12:13:17,-71864,1,62.6819196429,-0.184226190476
2012-10-23 12:13:18,-71863,1,62.5464285714,-0.135491071429
2012-10-23 12:13:19,-71862,1,62.5298363095,-0.0165922619048
2012-10-23 12:13:20,-71861,1,62.6128720238,0.0830357142857
2012-10-23 12:13:21,-71860,1,62.7149553571,0.102083333333
2012-10-23 12:13:22,-71859,1,62.8010416667,0.0860863095238
2012-10-23 12:13:23,-71858,1,62.9232886905,0.122247023809
2012-10-23 12:13:24,-71857,1,63.146875,0.223586309524
2012-10-23 12:13:25,-71856,1,63.4429315476,0.296056547619
2012-10-23 12:13:26,-71855,1,63.6722470238,0.229315476191
2012-10-23 12:13:27,-71854,1,63.7084821429,0.0362351190476
2012-10-23 12:13:28,-71853,1,63.5802083333,-0.128273809524
2012-10-23 12:13:29,-71852,1,63.4486607143,-0.131547619048
2012-10-23 12:13:30,-71851,1,63.4348214286,-0.0138392857143
2012-10-23 12:13:31,-71850,1,63.5035714286,0.06875
2012-10-23 12:13:32,-71849,1,63.5162202381,0.0126488095238
2012-10-23 12:13:33,-71848,1,63.36875,-0.147470238095
2012-10-23 12:13:34,-71847,1,63.0830357143,-0.285714285714
2012-10-23 12:13:35,-71846,1,62.7689732143,-0.3140625
2012-10-23 12:13:36,-71845,1,62.5083333333,-0.260639880952
2012-10-23 12:13:37,-71844,1,62.303422619,-0.204910714286
2012-10-23 12:13:38,-71843,1,62.1122767857,-0.191145833333
2012-10-23 12:13:39,-71842,1,61.8874255952,-0.224851190476
2012-10-23 12:13:40,-71841,1,61.5977678571,-0.289657738095
2012-10-23 12:13:41,-71840,1,61.2322172619,-0.365550595238
2012-10-23 12:13:42,-71839,1,60.7805059524,-0.451711309524
2012-10-23 12:13:43,-71838,1,60.2304315476,-0.550074404762
2012-10-23 12:13:44,-71837,1,59.5870535714,-0.64337797619
2012-10-23 12:13:45,-71836,1,58.8898809524,-0.697172619048
2012-10-23 12:13:46,-71835,1,58.2322916667,-0.657589285714
2012-10-23 12:13:47,-71834,1,57.7530505952,-0.479241071429
2012-10-23 12:13:48,-71833,1,57.5831845238,-0.169866071429
2012-10-23 12:13:49,-71832,1,57.8005952381,0.217410714286
2012-10-23 12:13:50,-71831,1,58.3883184524,0.587723214286
2012-10-23 12:13:51,-71830,1,59.1890625,0.800744047619
2012-10-23 12:13:52,-71829,1,59.9394345238,0.75037202381
2012-10-23 12:13:53,-71828,1,60.3908482143,0.451413690476
2012-10-23 12:13:54,-71827,1,60.4395089286,0.0486607142857
2012-10-23 12:13:55,-71826,1,60.1927083333,-0.246800595238
2012-10-23 12:13:56,-71825,1,59.8790922619,-0.313616071429
2012-10-23 12:13:57,-71824,1,59.6646577381,-0.21443452381
2012-10-23 12:13:58,-71823,1,59.5860119048,-0.0786458333333
2012-10-23 12:13:59,-71822,1,59.6197172619,0.0337053571429
2012-10-23 12:14:00,-71821,1,59.7390625,0.119345238095
2012-10-23 12:14:01,-71820,1,59.9088541667,0.169791666667
2012-10-23 12:14:02,-71819,1,60.0706845238,0.161830357143
2012-10-23 12:14:03,-71818,1,60.168452381,0.0977678571429
2012-10-23 12:14:04,-71817,1,60.2036458333,0.0351934523809
2012-10-23 12:14:05,-71816,1,60.2442708333,0.040625
2012-10-23 12:14:06,-71815,1,60.3441220238,0.0998511904762
2012-10-23 12:14:07,-71814,1,60.4651041667,0.120982142857
2012-10-23 12:14:08,-71813,1,60.5154761905,0.0503720238095
2012-10-23 12:14:09,-71812,1,60.4492559524,-0.0662202380953
2012-10-23 12:14:10,-71811,1,60.312202381,-0.137053571429
2012-10-23 12:14:11,-71810,1,60.2166666667,-0.0955357142857
2012-10-23 12:14:12,-71809,1,60.2693452381,0.0526785714285
2012-10-23 12:14:13,-71808,1,60.5064732143,0.237127976191
2012-10-23 12:14:14,-71807,1,60.8925595238,0.386086309524
2012-10-23 12:14:15,-71806,1,61.3451636905,0.452604166667
2012-10-23 12:14:16,-71805,1,61.7537946429,0.408630952381
2012-10-23 12:14:17,-71804,1,62.0299107143,0.276116071429
2012-10-23 12:14:18,-71803,1,62.1584077381,0.12849702381
2012-10-23 12:14:19,-71802,1,62.1936011905,0.035193452381
2012-10-23 12:14:20,-71801,1,62.2383928571,0.0447916666666
2012-10-23 12:14:21,-71800,1,62.4154761905,0.177083333333
2012-10-23 12:14:22,-71799,1,62.7779761905,0.3625
2012-10-23 12:14:23,-71798,1,63.2313244048,0.453348214286
2012-10-23 12:14:24,-71797,1,63.5744047619,0.343080357143
2012-10-23 12:14:25,-71796,1,63.6244791667,0.0500744047619
2012-10-23 12:14:26,-71795,1,63.3428571429,-0.28162202381
2012-10-23 12:14:27,-71794,1,62.8758184524,-0.467038690476
2012-10-23 12:14:28,-71793,1,62.4465029762,-0.42931547619
2012-10-23 12:14:29,-71792,1,62.1875744048,-0.258928571429
2012-10-23 12:14:30,-71791,1,62.0570684524,-0.130505952381
2012-10-23 12:14:31,-71790,1,61.8585565476,-0.198511904762
2012-10-23 12:14:32,-71789,1,61.3325892857,-0.525967261905
2012-10-23 12:14:33,-71788,1,60.2984375,-1.03415178571
2012-10-23 12:14:34,-71787,1,58.7773809524,-1.52105654762
2012-10-23 12:14:35,-71786,1,56.9922619048,-1.78511904762
2012-10-23 12:14:36,-71785,1,55.2334821429,-1.7587797619
2012-10-23 12:14:37,-71784,1,53.7089285714,-1.52455357143
2012-10-23 12:14:38,-71783,1,52.4921130952,-1.21681547619
2012-10-23 12:14:39,-71782,1,51.5810267857,-0.911086309524
2012-10-23 12:14:40,-71781,1,50.9679315476,-0.613095238095
2012-10-23 12:14:41,-71780,1,50.6252232143,-0.342708333333
2012-10-23 12:14:42,-71779,1,50.4722470238,-0.152976190476
2012-10-23 12:14:43,-71778,1,50.4189732143,-0.0532738095238
2012-10-23 12:14:44,-71777,1,50.4186755952,-0.000297619047601
2012-10-23 12:14:45,-71776,1,50.4462797619,0.0276041666667
2012-10-23 12:14:46,-71775,1,50.4600446429,0.0137648809523
2012-10-23 12:14:47,-71774,1,50.4240327381,-0.0360119047619
2012-10-23 12:14:48,-71773,1,50.3824404762,-0.0415922619047
2012-10-23 12:14:49,-71772,1,50.4996279762,0.1171875
2012-10-23 12:14:50,-71771,1,50.9713541667,0.471726190476
2012-10-23 12:14:51,-71770,1,51.8511160714,0.879761904762
2012-10-23 12:14:52,-71769,1,52.9755208333,1.1244047619
2012-10-23 12:14:53,-71768,1,54.0811011905,1.10558035714
2012-10-23 12:14:54,-71767,1,55.001264881,0.920163690476
2012-10-23 12:14:55,-71766,1,55.7864583333,0.785193452381
2012-10-23 12:14:56,-71765,1,56.6336309524,0.847172619048
2012-10-23 12:14:57,-71764,1,57.6090029762,0.97537202381
2012-10-23 12:14:58,-71763,1,58.4568452381,0.847842261905
2012-10-23 12:14:59,-71762,1,58.8043154762,0.347470238095
2012-10-23 12:15:00,-71761,1,58.5415178571,-0.262797619048
2012-10-23 12:15:01,-71760,1,57.9656994048,-0.575818452381
2012-10-23 12:15:02,-71759,1,57.5869791667,-0.378720238095
2012-10-23 12:15:03,-71758,1,57.7354910714,0.148511904762
2012-10-23 12:15:04,-71757,1,58.3310267857,0.595535714286
2012-10-23 12:15:05,-71756,1,59.0671875,0.736160714286
2012-10-23 12:15:06,-71755,1,59.7196428571,0.652455357143
2012-10-23 12:15:07,-71754,1,60.2276785714,0.508035714286
2012-10-23 12:15:08,-71753,1,60.6212053571,0.393526785714
2012-10-23 12:15:09,-71752,1,60.9604910714,0.339285714286
2012-10-23 12:15:10,-71751,1,61.2994047619,0.338913690476
2012-10-23 12:15:11,-71750,1,61.6451636905,0.345758928571
2012-10-23 12:15:12,-71749,1,61.9307291667,0.28556547619
2012-10-23 12:15:13,-71748,1,62.0462797619,0.115550595238
2012-10-23 12:15:14,-71747,1,61.9186755952,-0.127604166667
2012-10-23 12:15:15,-71746,1,61.5558035714,-0.36287202381
2012-10-23 12:15:16,-71745,1,61.0311011905,-0.524702380952
2012-10-23 12:15:17,-71744,1,60.4070684524,-0.624032738095
2012-10-23 12:15:18,-71743,1,59.6261904762,-0.78087797619
2012-10-23 12:15:19,-71742,1,58.5671875,-1.05900297619
2012-10-23 12:15:20,-71741,1,57.2662202381,-1.3009672619
2012-10-23 12:15:21,-71740,1,55.955952381,-1.31026785714
2012-10-23 12:15:22,-71739,1,54.8767113095,-1.07924107143
2012-10-23 12:15:23,-71738,1,54.1162202381,-0.760491071429
2012-10-23 12:15:24,-71737,1,53.5745535714,-0.541666666667
2012-10-23 12:15:25,-71736,1,53.0968005952,-0.477752976191
2012-10-23 12:15:26,-71735,1,52.6552827381,-0.441517857143
2012-10-23 12:15:27,-71734,1,52.309375,-0.345907738095
2012-10-23 12:15:28,-71733,1,52.053422619,-0.255952380952
2012-10-23 12:15:29,-71732,1,51.834077381,-0.219345238095
2012-10-23 12:15:30,-71731,1,51.6630952381,-0.170982142857
2012-10-23 12:15:31,-71730,1,51.6439732143,-0.0191220238095
2012-10-23 12:15:32,-71729,1,51.8876488095,0.243675595238
2012-10-23 12:15:33,-71728,1,52.3780505952,0.490401785714
2012-10-23 12:15:34,-71727,1,52.9244791667,0.546428571429
2012-10-23 12:15:35,-71726,1,53.292485119,0.368005952381
2012-10-23 12:15:36,-71725,1,53.3899553571,0.0974702380953
2012-10-23 12:15:37,-71724,1,53.3199404762,-0.0700148809524
2012-10-23 12:15:38,-71723,1,53.2717261905,-0.0482142857143
2012-10-23 12:15:39,-71722,1,53.3561755952,0.0844494047619
2012-10-23 12:15:40,-71721,1,53.5263392857,0.170163690476
2012-10-23 12:15:41,-71720,1,53.6705357143,0.144196428571
2012-10-23 12:15:42,-71719,1,53.781547619,0.111011904762
2012-10-23 12:15:43,-71718,1,53.9933779762,0.211830357143
2012-10-23 12:15:44,-71717,1,54.4457589286,0.452380952381
2012-10-23 12:15:45,-71716,1,55.14375,0.697991071429
2012-10-23 12:15:46,-71715,1,55.9470238095,0.803273809524
2012-10-23 12:15:47,-71714,1,56.6745535714,0.727529761905
2012-10-23 12:15:48,-71713,1,57.2180059524,0.543452380952
2012-10-23 12:15:49,-71712,1,57.5673363095,0.349330357143
2012-10-23 12:15:50,-71711,1,57.7675595238,0.200223214286
2012-10-23 12:15:51,-71710,1,57.8793154762,0.111755952381
2012-10-23 12:15:52,-71709,1,57.9425595238,0.063244047619
2012-10-23 12:15:53,-71708,1,57.9511904762,0.008630952381
2012-10-23 12:15:54,-71707,1,57.8931547619,-0.0580357142857
2012-10-23 12:15:55,-71706,1,57.8118303571,-0.0813244047619
2012-10-23 12:15:56,-71705,1,57.7997767857,-0.0120535714286
2012-10-23 12:15:57,-71704,1,57.9476934524,0.147916666667
2012-10-23 12:15:58,-71703,1,58.3019345238,0.354241071429
2012-10-23 12:15:59,-71702,1,58.8450892857,0.543154761905
2012-10-23 12:16:00,-71701,1,59.5171130952,0.672023809524
2012-10-23 12:16:01,-71700,1,60.242485119,0.725372023809
2012-10-23 12:16:02,-71699,1,60.9177827381,0.675297619048
2012-10-23 12:16:03,-71698,1,61.4284970238,0.510714285714
2012-10-23 12:16:04,-71697,1,61.7352678571,0.306770833333
2012-10-23 12:16:05,-71696,1,61.918452381,0.18318452381
2012-10-23 12:16:06,-71695,1,62.1125744048,0.194122023809
2012-10-23 12:16:07,-71694,1,62.3936755952,0.281101190476
2012-10-23 12:16:08,-71693,1,62.7141369048,0.320461309524
2012-10-23 12:16:09,-71692,1,62.9551339286,0.240997023809
2012-10-23 12:16:10,-71691,1,63.0461309524,0.0909970238095
2012-10-23 12:16:11,-71690,1,63.0174107143,-0.0287202380952
2012-10-23 12:16:12,-71689,1,62.9666666667,-0.050744047619
2012-10-23 12:16:13,-71688,1,62.9921130952,0.0254464285714
2012-10-23 12:16:14,-71687,1,63.1191964286,0.127083333333
2012-10-23 12:16:15,-71686,1,63.2825892857,0.163392857143
2012-10-23 12:16:16,-71685,1,63.3858630952,0.103273809524
2012-10-23 12:16:17,-71684,1,63.367485119,-0.0183779761905
2012-10-23 12:16:18,-71683,1,63.223139881,-0.144345238095
2012-10-23 12:16:19,-71682,1,62.98125,-0.241889880952
2012-10-23 12:16:20,-71681,1,62.6580357143,-0.323214285714
2012-10-23 12:16:21,-71680,1,62.2453125,-0.412723214286
2012-10-23 12:16:22,-71679,1,61.7383184524,-0.506994047619
2012-10-23 12:16:23,-71678,1,61.1600446429,-0.578273809524
2012-10-23 12:16:24,-71677,1,60.5566220238,-0.603422619048
2012-10-23 12:16:25,-71676,1,59.9780505952,-0.578571428571
2012-10-23 12:16:26,-71675,1,59.4771577381,-0.500892857143
2012-10-23 12:16:27,-71674,1,59.1152529762,-0.361904761905
2012-10-23 12:16:28,-71673,1,58.9381696429,-0.177083333333
2012-10-23 12:16:29,-71672,1,58.9539434524,0.0157738095239
2012-10-23 12:16:30,-71671,1,59.128125,0.174181547619
2012-10-23 12:16:31,-71670,1,59.3780505952,0.249925595238
2012-10-23 12:16:32,-71669,1,59.6313244048,0.253273809524
2012-10-23 12:16:33,-71668,1,59.913764881,0.282440476191
2012-10-23 12:16:34,-71667,1,60.3123511905,0.398586309524
2012-10-23 12:16:35,-71666,1,60.8714285714,0.559077380952
2012-10-23 12:16:36,-71665,1,61.5513392857,0.679910714286
2012-10-23 12:16:37,-71664,1,62.2618303571,0.710491071429
2012-10-23 12:16:38,-71663,1,62.9751488095,0.713318452381
2012-10-23 12:16:39,-71662,1,63.7679315476,0.792782738095
2012-10-23 12:16:40,-71661,1,64.6848214286,0.916889880952
2012-10-23 12:16:41,-71660,1,65.6473958333,0.962574404762
2012-10-23 12:16:42,-71659,1,66.5211309524,0.873735119048
2012-10-23 12:16:43,-71658,1,67.2264880952,0.705357142857
2012-10-23 12:16:44,-71657,1,67.8022321429,0.575744047619
2012-10-23 12:16:45,-71656,1,68.314360119,0.512127976191
2012-10-23 12:16:46,-71655,1,68.7058779762,0.391517857143
2012-10-23 12:16:47,-71654,1,68.8279017857,0.122023809524
2012-10-23 12:16:48,-71653,1,68.5796875,-0.248214285714
2012-10-23 12:16:49,-71652,1,67.972172619,-0.607514880952
2012-10-23 12:16:50,-71651,1,67.1134672619,-0.858705357143
2012-10-23 12:16:51,-71650,1,66.1404761905,-0.972991071428
2012-10-23 12:16:52,-71649,1,65.1421130952,-0.998363095238
2012-10-23 12:16:53,-71648,1,64.1499255952,-0.9921875
2012-10-23 12:16:54,-71647,1,63.1705357143,-0.979389880952
2012-10-23 12:16:55,-71646,1,62.2101190476,-0.960416666667
2012-10-23 12:16:56,-71645,1,61.3127232143,-0.897395833333
2012-10-23 12:16:57,-71644,1,60.5943452381,-0.71837797619
2012-10-23 12:16:58,-71643,1,60.1889136905,-0.405431547619
2012-10-23 12:16:59,-71642,1,60.1244047619,-0.0645089285714
2012-10-23 12:17:00,-71641,1,60.2759672619,0.1515625
2012-10-23 12:17:01,-71640,1,60.464360119,0.188392857143
2012-10-23 12:17:02,-71639,1,60.5891369048,0.124776785714
2012-10-23 12:17:03,-71638,1,60.6625744048,0.0734375
2012-10-23 12:17:04,-71637,1,60.7449404762,0.0823660714286
2012-10-23 12:17:05,-71636,1,60.8654017857,0.120461309524
2012-10-23 12:17:06,-71635,1,60.9868303571,0.121428571429
2012-10-23 12:17:07,-71634,1,61.0404017857,0.0535714285714
2012-10-23 12:17:08,-71633,1,60.998139881,-0.0422619047619
2012-10-23 12:17:09,-71632,1,60.8991815476,-0.0989583333334
2012-10-23 12:17:10,-71631,1,60.8188988095,-0.0802827380952
2012-10-23 12:17:11,-71630,1,60.8217261905,0.0028273809524
2012-10-23 12:17:12,-71629,1,60.9005208333,0.0787946428571
2012-10-23 12:17:13,-71628,1,60.9601190476,0.0595982142857
2012-10-23 12:17:14,-71627,1,60.9033482143,-0.0567708333333
2012-10-23 12:17:15,-71626,1,60.7124255952,-0.190922619048
2012-10-23 12:17:16,-71625,1,60.4276785714,-0.28474702381
2012-10-23 12:17:17,-71624,1,60.0964285714,-0.33125
2012-10-23 12:17:18,-71623,1,59.7595982143,-0.336830357143
2012-10-23 12:17:19,-71622,1,59.4616071429,-0.297991071429
2012-10-23 12:17:20,-71621,1,59.265327381,-0.196279761905
2012-10-23 12:17:21,-71620,1,59.2380208333,-0.0273065476191
2012-10-23 12:17:22,-71619,1,59.3927083333,0.1546875
2012-10-23 12:17:23,-71618,1,59.6328125,0.240104166667
2012-10-23 12:17:24,-71617,1,59.7433779762,0.110565476191
2012-10-23 12:17:25,-71616,1,59.4595238095,-0.283854166667
2012-10-23 12:17:26,-71615,1,58.6254464286,-0.834077380952
2012-10-23 12:17:27,-71614,1,57.3363095238,-1.28913690476
2012-10-23 12:17:28,-71613,1,55.9067708333,-1.42953869048
2012-10-23 12:17:29,-71612,1,54.6792410714,-1.2275297619
2012-10-23 12:17:30,-71611,1,53.8389880952,-0.84025297619
2012-10-23 12:17:31,-71610,1,53.3712797619,-0.467708333333
2012-10-23 12:17:32,-71609,1,53.1671130952,-0.204166666667
2012-10-23 12:17:33,-71608,1,53.1519345238,-0.0151785714286
2012-10-23 12:17:34,-71607,1,53.3014136905,0.149479166667
2012-10-23 12:17:35,-71606,1,53.5744047619,0.272991071429
2012-10-23 12:17:36,-71605,1,53.8921130952,0.317708333333
2012-10-23 12:17:37,-71604,1,54.1840029762,0.291889880952
2012-10-23 12:17:38,-71603,1,54.4282738095,0.244270833333
2012-10-23 12:17:39,-71602,1,54.6488839286,0.220610119048
2012-10-23 12:17:40,-71601,1,54.8790922619,0.230208333333
2012-10-23 12:17:41,-71600,1,55.1308779762,0.251785714286
2012-10-23 12:17:42,-71599,1,55.4058779762,0.275
2012-10-23 12:17:43,-71598,1,55.7216517857,0.315773809524
2012-10-23 12:17:44,-71597,1,56.1058035714,0.384151785714
2012-10-23 12:17:45,-71596,1,56.5730654762,0.467261904762
2012-10-23 12:17:46,-71595,1,57.1223958333,0.549330357143
2012-10-23 12:17:47,-71594,1,57.7421130952,0.619717261905
2012-10-23 12:17:48,-71593,1,58.4061755952,0.6640625
2012-10-23 12:17:49,-71592,1,59.0771577381,0.670982142857
2012-10-23 12:17:50,-71591,1,59.7194940476,0.642336309524
2012-10-23 12:17:51,-71590,1,60.3098958333,0.590401785714
2012-10-23 12:17:52,-71589,1,60.8369791667,0.527083333333
2012-10-23 12:17:53,-71588,1,61.2860863095,0.449107142857
2012-10-23 12:17:54,-71587,1,61.6238839286,0.337797619048
2012-10-23 12:17:55,-71586,1,61.8010416667,0.177157738095
2012-10-23 12:17:56,-71585,1,61.775297619,-0.0257440476191
2012-10-23 12:17:57,-71584,1,61.5564732143,-0.218824404762
2012-10-23 12:17:58,-71583,1,61.2423363095,-0.314136904762
2012-10-23 12:17:59,-71582,1,60.9895089286,-0.252827380952
2012-10-23 12:18:00,-71581,1,60.9287946429,-0.0607142857143
2012-10-23 12:18:01,-71580,1,61.084672619,0.155877976191
2012-10-23 12:18:02,-71579,1,61.3493303571,0.264657738095
2012-10-23 12:18:03,-71578,1,61.5482886905,0.198958333333
2012-10-23 12:18:04,-71577,1,61.5578869048,0.0095982142857
2012-10-23 12:18:05,-71576,1,61.3625,-0.195386904762
2012-10-23 12:18:06,-71575,1,61.0217261905,-0.340773809524
2012-10-23 12:18:07,-71574,1,60.6220238095,-0.399702380952
2012-10-23 12:18:08,-71573,1,60.2595238095,-0.3625
2012-10-23 12:18:09,-71572,1,60.0337053571,-0.225818452381
2012-10-23 12:18:10,-71571,1,60.0218005952,-0.0119047619048
2012-10-23 12:18:11,-71570,1,60.2389136905,0.217113095238
2012-10-23 12:18:12,-71569,1,60.6252232143,0.386309523809
2012-10-23 12:18:13,-71568,1,61.0911458333,0.465922619048
2012-10-23 12:18:14,-71567,1,61.5859375,0.494791666667
2012-10-23 12:18:15,-71566,1,62.1138392857,0.527901785714
2012-10-23 12:18:16,-71565,1,62.6871279762,0.573288690476
2012-10-23 12:18:17,-71564,1,63.2880208333,0.600892857143
2012-10-23 12:18:18,-71563,1,63.8800595238,0.592038690476
2012-10-23 12:18:19,-71562,1,64.440625,0.56056547619
2012-10-23 12:18:20,-71561,1,64.9730654762,0.532440476191
2012-10-23 12:18:21,-71560,1,65.4787946429,0.505729166667
2012-10-23 12:18:22,-71559,1,65.9238839286,0.445089285714
2012-10-23 12:18:23,-71558,1,66.2535714286,0.3296875
2012-10-23 12:18:24,-71557,1,66.4381696429,0.184598214286
2012-10-23 12:18:25,-71556,1,66.4936755952,0.055505952381
2012-10-23 12:18:26,-71555,1,66.4581845238,-0.0354910714286
2012-10-23 12:18:27,-71554,1,66.3514136905,-0.106770833333
2012-10-23 12:18:28,-71553,1,66.1738839286,-0.177529761905
2012-10-23 12:18:29,-71552,1,65.9613839286,-0.2125
2012-10-23 12:18:30,-71551,1,65.8170386905,-0.144345238095
2012-10-23 12:18:31,-71550,1,65.8563244048,0.0392857142857
2012-10-23 12:18:32,-71549,1,66.1144345238,0.258110119048
2012-10-23 12:18:33,-71548,1,66.5110863095,0.396651785714
2012-10-23 12:18:34,-71547,1,66.909077381,0.397991071429
2012-10-23 12:18:35,-71546,1,67.2095238095,0.300446428571
2012-10-23 12:18:36,-71545,1,67.382514881,0.172991071429
2012-10-23 12:18:37,-71544,1,67.4150297619,0.0325148809524
2012-10-23 12:18:38,-71543,1,67.2750744048,-0.139955357143
2012-10-23 12:18:39,-71542,1,66.9613839286,-0.313690476191
2012-10-23 12:18:40,-71541,1,66.5757440476,-0.385639880952
2012-10-23 12:18:41,-71540,1,66.3058779762,-0.269866071428
2012-10-23 12:18:42,-71539,1,66.2941964286,-0.0116815476191
2012-10-23 12:18:43,-71538,1,66.5097470238,0.215550595238
2012-10-23 12:18:44,-71537,1,66.7776785714,0.267931547619
2012-10-23 12:18:45,-71536,1,66.946875,0.169196428571
2012-10-23 12:18:46,-71535,1,67.0020833333,0.0552083333333
2012-10-23 12:18:47,-71534,1,67.0099702381,0.0078869047619
2012-10-23 12:18:48,-71533,1,66.9904017857,-0.0195684523809
2012-10-23 12:18:49,-71532,1,66.8759672619,-0.11443452381
2012-10-23 12:18:50,-71531,1,66.6104910714,-0.265476190476
2012-10-23 12:18:51,-71530,1,66.248139881,-0.362351190476
2012-10-23 12:18:52,-71529,1,65.9037202381,-0.344419642857
2012-10-23 12:18:53,-71528,1,65.6177827381,-0.2859375
2012-10-23 12:18:54,-71527,1,65.3164434524,-0.301339285714
2012-10-23 12:18:55,-71526,1,64.9063244048,-0.410119047619
2012-10-23 12:18:56,-71525,1,64.376264881,-0.530059523809
2012-10-23 12:18:57,-71524,1,63.7988095238,-0.577455357143
2012-10-23 12:18:58,-71523,1,63.2638392857,-0.534970238095
2012-10-23 12:18:59,-71522,1,62.8330357143,-0.430803571429
2012-10-23 12:19:00,-71521,1,62.5303571429,-0.302678571429
2012-10-23 12:19:01,-71520,1,62.3325892857,-0.197767857143
2012-10-23 12:19:02,-71519,1,62.1735863095,-0.159002976191
2012-10-23 12:19:03,-71518,1,61.9834821429,-0.190104166667
2012-10-23 12:19:04,-71517,1,61.7431547619,-0.240327380952
2012-10-23 12:19:05,-71516,1,61.528422619,-0.214732142857
2012-10-23 12:19:06,-71515,1,61.4735863095,-0.0548363095238
2012-10-23 12:19:07,-71514,1,61.6332589286,0.159672619048
2012-10-23 12:19:08,-71513,1,61.8938244048,0.260565476191
2012-10-23 12:19:09,-71512,1,62.0333333333,0.139508928571
2012-10-23 12:19:10,-71511,1,61.8523065476,-0.181026785714
2012-10-23 12:19:11,-71510,1,61.2838541667,-0.568452380952
2012-10-23 12:19:12,-71509,1,60.4086309524,-0.875223214286
2012-10-23 12:19:13,-71508,1,59.3730654762,-1.03556547619
2012-10-23 12:19:14,-71507,1,58.3252232143,-1.0478422619
2012-10-23 12:19:15,-71506,1,57.3932291667,-0.931994047619
2012-10-23 12:19:16,-71505,1,56.6546130952,-0.738616071429
2012-10-23 12:19:17,-71504,1,56.1288690476,-0.525744047619
2012-10-23 12:19:18,-71503,1,55.7916666667,-0.337202380952
2012-10-23 12:19:19,-71502,1,55.5929315476,-0.198735119048
2012-10-23 12:19:20,-71501,1,55.5186755952,-0.0742559523809
2012-10-23 12:19:21,-71500,1,55.6200892857,0.101413690476
2012-10-23 12:19:22,-71499,1,55.9360119048,0.315922619048
2012-10-23 12:19:23,-71498,1,56.4216517857,0.485639880952
2012-10-23 12:19:24,-71497,1,56.9585565476,0.536904761905
2012-10-23 12:19:25,-71496,1,57.4113095238,0.452752976191
2012-10-23 12:19:26,-71495,1,57.6990327381,0.287723214286
2012-10-23 12:19:27,-71494,1,57.8272321429,0.128199404762
2012-10-23 12:19:28,-71493,1,57.859375,0.0321428571429
2012-10-23 12:19:29,-71492,1,57.8695684524,0.010193452381
2012-10-23 12:19:30,-71491,1,57.8962053571,0.0266369047618
2012-10-23 12:19:31,-71490,1,57.9135416667,0.0173363095239
2012-10-23 12:19:32,-71489,1,57.8436011905,-0.0699404761905
2012-10-23 12:19:33,-71488,1,57.5965029762,-0.247098214286
2012-10-23 12:19:34,-71487,1,57.1209077381,-0.475595238095
2012-10-23 12:19:35,-71486,1,56.4479166667,-0.672991071428
2012-10-23 12:19:36,-71485,1,55.6930059524,-0.754910714286
2012-10-23 12:19:37,-71484,1,55.001860119,-0.691145833333
2012-10-23 12:19:38,-71483,1,54.4861607143,-0.515699404762
2012-10-23 12:19:39,-71482,1,54.1928571429,-0.293303571429
2012-10-23 12:19:40,-71481,1,54.0852678571,-0.107589285714
2012-10-23 12:19:41,-71480,1,54.0320684524,-0.0531994047619
2012-10-23 12:19:42,-71479,1,53.8531994048,-0.178869047619
2012-10-23 12:19:43,-71478,1,53.4131696429,-0.440029761905
2012-10-23 12:19:44,-71477,1,52.6888392857,-0.724330357143
2012-10-23 12:19:45,-71476,1,51.7438988095,-0.944940476191
2012-10-23 12:19:46,-71475,1,50.6078869048,-1.13601190476
2012-10-23 12:19:47,-71474,1,49.2024553571,-1.40543154762
2012-10-23 12:19:48,-71473,1,47.4442708333,-1.75818452381
2012-10-23 12:19:49,-71472,1,45.4294642857,-2.01480654762
2012-10-23 12:19:50,-71471,1,43.4936011905,-1.93586309524
2012-10-23 12:19:51,-71470,1,42.020014881,-1.47358630952
2012-10-23 12:19:52,-71469,1,41.120014881,-0.9
2012-10-23 12:19:53,-71468,1,40.5537202381,-0.566294642857
2012-10-23 12:19:54,-71467,1,40.0158482143,-0.53787202381
2012-10-23 12:19:55,-71466,1,39.4486607143,-0.5671875
2012-10-23 12:19:56,-71465,1,39.0781994048,-0.370461309524
2012-10-23 12:19:57,-71464,1,39.2040178571,0.125818452381
2012-10-23 12:19:58,-71463,1,39.9526041667,0.748586309524
2012-10-23 12:19:59,-71462,1,41.2169642857,1.26436011905
2012-10-23 12:20:00,-71461,1,42.8072172619,1.59025297619
2012-10-23 12:20:01,-71460,1,44.5901041667,1.78288690476
2012-10-23 12:20:02,-71459,1,46.4754464286,1.8853422619
2012-10-23 12:20:03,-71458,1,48.3482886905,1.8728422619
2012-10-23 12:20:04,-71457,1,50.0584077381,1.71011904762
2012-10-23 12:20:05,-71456,1,51.4736607143,1.41525297619
2012-10-23 12:20:06,-71455,1,52.5598958333,1.08623511905
2012-10-23 12:20:07,-71454,1,53.4095982143,0.849702380952
2012-10-23 12:20:08,-71453,1,54.1709077381,0.76130952381
2012-10-23 12:20:09,-71452,1,54.9458333333,0.774925595238
2012-10-23 12:20:10,-71451,1,55.7412202381,0.795386904762
2012-10-23 12:20:11,-71450,1,56.4799107143,0.73869047619
2012-10-23 12:20:12,-71449,1,57.0445684524,0.564657738095
2012-10-23 12:20:13,-71448,1,57.3177827381,0.273214285714
2012-10-23 12:20:14,-71447,1,57.2087053571,-0.109077380952
2012-10-23 12:20:15,-71446,1,56.696577381,-0.51212797619
2012-10-23 12:20:16,-71445,1,55.8713541667,-0.825223214286
2012-10-23 12:20:17,-71444,1,54.9009672619,-0.970386904762
2012-10-23 12:20:18,-71443,1,53.9392857143,-0.961681547619
2012-10-23 12:20:19,-71442,1,53.0720982143,-0.8671875
2012-10-23 12:20:20,-71441,1,52.3276785714,-0.744419642857
2012-10-23 12:20:21,-71440,1,51.6712797619,-0.656398809524
2012-10-23 12:20:22,-71439,1,50.943452381,-0.727827380952
2012-10-23 12:20:23,-71438,1,49.8513392857,-1.09211309524
2012-10-23 12:20:24,-71437,1,48.1277529762,-1.72358630952
2012-10-23 12:20:25,-71436,1,45.7614583333,-2.36629464286
2012-10-23 12:20:26,-71435,1,43.076860119,-2.68459821429
2012-10-23 12:20:27,-71434,1,40.5807291667,-2.49613095238
2012-10-23 12:20:28,-71433,1,38.7011904762,-1.87953869048
2012-10-23 12:20:29,-71432,1,37.6243303571,-1.07686011905
2012-10-23 12:20:30,-71431,1,37.3201636905,-0.304166666667
2012-10-23 12:20:31,-71430,1,37.6335565476,0.313392857143
2012-10-23 12:20:32,-71429,1,38.2878720238,0.65431547619
2012-10-23 12:20:33,-71428,1,38.8657738095,0.577901785714
2012-10-23 12:20:34,-71427,1,38.9279017857,0.0621279761905
2012-10-23 12:20:35,-71426,1,38.2392857143,-0.688616071429
2012-10-23 12:20:36,-71425,1,36.911235119,-1.32805059524
2012-10-23 12:20:37,-71424,1,35.3351190476,-1.57611607143
2012-10-23 12:20:38,-71423,1,33.940922619,-1.39419642857
2012-10-23 12:20:39,-71422,1,32.9521577381,-0.988764880952
2012-10-23 12:20:40,-71421,1,32.3324404762,-0.619717261905
2012-10-23 12:20:41,-71420,1,31.9239583333,-0.408482142857
2012-10-23 12:20:42,-71419,1,31.5766369048,-0.347321428571
2012-10-23 12:20:43,-71418,1,31.1379464286,-0.438690476191
2012-10-23 12:20:44,-71417,1,30.3968005952,-0.741145833333
2012-10-23 12:20:45,-71416,1,29.1319940476,-1.26480654762
2012-10-23 12:20:46,-71415,1,27.2625,-1.86949404762
2012-10-23 12:20:47,-71414,1,24.9674107143,-2.29508928571
2012-10-23 12:20:48,-71413,1,22.653125,-2.31428571429
2012-10-23 12:20:49,-71412,1,20.7526785714,-1.90044642857
2012-10-23 12:20:50,-71411,1,19.5003720238,-1.25230654762
2012-10-23 12:20:51,-71410,1,18.8591517857,-0.641220238095
2012-10-23 12:20:52,-71409,1,18.6084077381,-0.250744047619
2012-10-23 12:20:53,-71408,1,18.4828869048,-0.125520833333
2012-10-23 12:20:54,-71407,1,18.3095238095,-0.173363095238
2012-10-23 12:20:55,-71406,1,18.1202380952,-0.189285714286
2012-10-23 12:20:56,-71405,1,18.1695684524,0.0493303571429
2012-10-23 12:20:57,-71404,1,18.8145833333,0.645014880952
2012-10-23 12:20:58,-71403,1,20.3162202381,1.50163690476
2012-10-23 12:20:59,-71402,1,22.6452380952,2.32901785714
2012-10-23 12:21:00,-71401,1,25.3879464286,2.74270833333
2012-10-23 12:21:01,-71400,1,27.8796875,2.49174107143
2012-10-23 12:21:02,-71399,1,29.5319940476,1.65230654762
2012-10-23 12:21:03,-71398,1,30.1120535714,0.58005952381
2012-10-23 12:21:04,-71397,1,29.8027529762,-0.309300595238
2012-10-23 12:21:05,-71396,1,29.0389136905,-0.763839285714
2012-10-23 12:21:06,-71395,1,28.2305803571,-0.808333333333
2012-10-23 12:21:07,-71394,1,27.5915178571,-0.6390625
2012-10-23 12:21:08,-71393,1,27.188764881,-0.40275297619
2012-10-23 12:21:09,-71392,1,27.0700892857,-0.118675595238
2012-10-23 12:21:10,-71391,1,27.2936755952,0.223586309524
2012-10-23 12:21:11,-71390,1,27.8582589286,0.564583333333
2012-10-23 12:21:12,-71389,1,28.634077381,0.775818452381
2012-10-23 12:21:13,-71388,1,29.3854910714,0.751413690476
2012-10-23 12:21:14,-71387,1,29.9069940476,0.52150297619
2012-10-23 12:21:15,-71386,1,30.1708333333,0.263839285714
2012-10-23 12:21:16,-71385,1,30.3369047619,0.166071428572
2012-10-23 12:21:17,-71384,1,30.616889881,0.279985119048
2012-10-23 12:21:18,-71383,1,31.1270089286,0.510119047619
2012-10-23 12:21:19,-71382,1,31.8395089286,0.7125
2012-10-23 12:21:20,-71381,1,32.6470238095,0.807514880952
2012-10-23 12:21:21,-71380,1,33.4507440476,0.803720238095
2012-10-23 12:21:22,-71379,1,34.1697916667,0.719047619048
2012-10-23 12:21:23,-71378,1,34.733110119,0.563318452381
2012-10-23 12:21:24,-71377,1,35.1572916667,0.424181547619
2012-10-23 12:21:25,-71376,1,35.6089285714,0.451636904762
2012-10-23 12:21:26,-71375,1,36.320014881,0.711086309524
2012-10-23 12:21:27,-71374,1,37.4267113095,1.10669642857
2012-10-23 12:21:28,-71373,1,38.8747767857,1.44806547619
2012-10-23 12:21:29,-71372,1,40.4661458333,1.59136904762
2012-10-23 12:21:30,-71371,1,42.008110119,1.54196428571
2012-10-23 12:21:31,-71370,1,43.4119791667,1.40386904762
2012-10-23 12:21:32,-71369,1,44.6610863095,1.24910714286
2012-10-23 12:21:33,-71368,1,45.7441220238,1.08303571429
2012-10-23 12:21:34,-71367,1,46.6459821429,0.901860119048
2012-10-23 12:21:35,-71366,1,47.3744047619,0.728422619048
2012-10-23 12:21:36,-71365,1,47.966889881,0.592485119048
2012-10-23 12:21:37,-71364,1,48.4727678571,0.50587797619
2012-10-23 12:21:38,-71363,1,48.9478422619,0.475074404762
2012-10-23 12:21:39,-71362,1,49.4598214286,0.511979166667
2012-10-23 12:21:40,-71361,1,50.061235119,0.601413690476
2012-10-23 12:21:41,-71360,1,50.7402529762,0.679017857143
2012-10-23 12:21:42,-71359,1,51.415625,0.67537202381
2012-10-23 12:21:43,-71358,1,51.9929315476,0.577306547619
2012-10-23 12:21:44,-71357,1,52.4244791667,0.431547619048
2012-10-23 12:21:45,-71356,1,52.7287202381,0.304241071428
2012-10-23 12:21:46,-71355,1,52.9709077381,0.2421875
2012-10-23 12:21:47,-71354,1,53.2226190476,0.251711309524
2012-10-23 12:21:48,-71353,1,53.5388392857,0.316220238095
2012-10-23 12:21:49,-71352,1,53.9625,0.423660714286
2012-10-23 12:21:50,-71351,1,54.5101934524,0.547693452381
2012-10-23 12:21:51,-71350,1,55.1488095238,0.638616071428
2012-10-23 12:21:52,-71349,1,55.8200892857,0.671279761905
2012-10-23 12:21:53,-71348,1,56.4858630952,0.665773809524
2012-10-23 12:21:54,-71347,1,57.1350446429,0.649181547619
2012-10-23 12:21:55,-71346,1,57.7650297619,0.629985119048
2012-10-23 12:21:56,-71345,1,58.3718005952,0.606770833333
2012-10-23 12:21:57,-71344,1,58.9530505952,0.58125
2012-10-23 12:21:58,-71343,1,59.5117559524,0.558705357143
2012-10-23 12:21:59,-71342,1,60.039360119,0.527604166667
2012-10-23 12:22:00,-71341,1,60.4841517857,0.444791666667
2012-10-23 12:22:01,-71340,1,60.7642113095,0.280059523809
2012-10-23 12:22:02,-71339,1,60.8482886905,0.0840773809524
2012-10-23 12:22:03,-71338,1,60.8177827381,-0.030505952381
2012-10-23 12:22:04,-71337,1,60.8343005952,0.0165178571429
2012-10-23 12:22:05,-71336,1,61.046577381,0.212276785714
2012-10-23 12:22:06,-71335,1,61.4954613095,0.448883928571
2012-10-23 12:22:07,-71334,1,62.0714285714,0.575967261905
2012-10-23 12:22:08,-71333,1,62.5872767857,0.515848214286
2012-10-23 12:22:09,-71332,1,62.9178571429,0.330580357143
2012-10-23 12:22:10,-71331,1,63.0593005952,0.141443452381
2012-10-23 12:22:11,-71330,1,63.0808035714,0.0215029761905
2012-10-23 12:22:12,-71329,1,63.0641369048,-0.0166666666667
2012-10-23 12:22:13,-71328,1,63.0761160714,0.0119791666667
2012-10-23 12:22:14,-71327,1,63.18125,0.105133928571
2012-10-23 12:22:15,-71326,1,63.4645089286,0.283258928571
2012-10-23 12:22:16,-71325,1,63.9749255952,0.510416666667
2012-10-23 12:22:17,-71324,1,64.6316220238,0.656696428571
2012-10-23 12:22:18,-71323,1,65.2553571429,0.623735119048
2012-10-23 12:22:19,-71322,1,65.7163690476,0.461011904762
2012-10-23 12:22:20,-71321,1,66.0304315476,0.3140625
2012-10-23 12:22:21,-71320,1,66.3180803571,0.287648809524
2012-10-23 12:22:22,-71319,1,66.6729910714,0.354910714286
2012-10-23 12:22:23,-71318,1,67.0524553571,0.379464285714
2012-10-23 12:22:24,-71317,1,67.2913690476,0.238913690476
2012-10-23 12:22:25,-71316,1,67.2314732143,-0.0598958333333
2012-10-23 12:22:26,-71315,1,66.8569196429,-0.374553571429
2012-10-23 12:22:27,-71314,1,66.3316964286,-0.525223214286
2012-10-23 12:22:28,-71313,1,65.9011160714,-0.430580357143
2012-10-23 12:22:29,-71312,1,65.716889881,-0.184226190476
2012-10-23 12:22:30,-71311,1,65.7391369048,0.0222470238095
2012-10-23 12:22:31,-71310,1,65.8163690476,0.0772321428571
2012-10-23 12:22:32,-71309,1,65.8430059524,0.026636904762
2012-10-23 12:22:33,-71308,1,65.81875,-0.024255952381
2012-10-23 12:22:34,-71307,1,65.7932291667,-0.0255208333333
2012-10-23 12:22:35,-71306,1,65.8061755952,0.0129464285714
2012-10-23 12:22:36,-71305,1,65.8831845238,0.0770089285714
2012-10-23 12:22:37,-71304,1,66.0572172619,0.174032738095
2012-10-23 12:22:38,-71303,1,66.3495535714,0.292336309524
2012-10-23 12:22:39,-71302,1,66.7078125,0.358258928571
2012-10-23 12:22:40,-71301,1,67.0076636905,0.299851190476
2012-10-23 12:22:41,-71300,1,67.1594494048,0.151785714286
2012-10-23 12:22:42,-71299,1,67.1889880952,0.0295386904762
2012-10-23 12:22:43,-71298,1,67.1867559524,-0.0022321428572
2012-10-23 12:22:44,-71297,1,67.190625,0.00386904761909
2012-10-23 12:22:45,-71296,1,67.1310267857,-0.0595982142857
2012-10-23 12:22:46,-71295,1,66.8892857143,-0.241741071429
2012-10-23 12:22:47,-71294,1,66.4023065476,-0.486979166667
2012-10-23 12:22:48,-71293,1,65.7072172619,-0.695089285714
2012-10-23 12:22:49,-71292,1,64.9109375,-0.796279761905
2012-10-23 12:22:50,-71291,1,64.1539434524,-0.756994047619
2012-10-23 12:22:51,-71290,1,63.5908482143,-0.563095238095
2012-10-23 12:22:52,-71289,1,63.3489583333,-0.241889880952
2012-10-23 12:22:53,-71288,1,63.4662202381,0.117261904762
2012-10-23 12:22:54,-71287,1,63.8677827381,0.4015625
2012-10-23 12:22:55,-71286,1,64.405952381,0.538169642857
2012-10-23 12:22:56,-71285,1,64.923139881,0.5171875
2012-10-23 12:22:57,-71284,1,65.3053571429,0.382217261905
2012-10-23 12:22:58,-71283,1,65.5072172619,0.201860119048
2012-10-23 12:22:59,-71282,1,65.528125,0.0209077380952
2012-10-23 12:23:00,-71281,1,65.3738839286,-0.154241071429
2012-10-23 12:23:01,-71280,1,65.0486607143,-0.325223214286
2012-10-23 12:23:02,-71279,1,64.5777529762,-0.470907738095
2012-10-23 12:23:03,-71278,1,64.0511904762,-0.5265625
2012-10-23 12:23:04,-71277,1,63.6314732143,-0.419717261905
2012-10-23 12:23:05,-71276,1,63.4644345238,-0.167038690476
2012-10-23 12:23:06,-71275,1,63.5585565476,0.0941220238095
2012-10-23 12:23:07,-71274,1,63.751860119,0.193303571429
2012-10-23 12:23:08,-71273,1,63.8024553571,0.0505952380952
2012-10-23 12:23:09,-71272,1,63.5369791667,-0.265476190476
2012-10-23 12:23:10,-71271,1,62.9373511905,-0.59962797619
2012-10-23 12:23:11,-71270,1,62.1195684524,-0.817782738095
2012-10-23 12:23:12,-71269,1,61.2592261905,-0.860342261905
2012-10-23 12:23:13,-71268,1,60.494047619,-0.765178571429
2012-10-23 12:23:14,-71267,1,59.8431547619,-0.650892857143
2012-10-23 12:23:15,-71266,1,59.2369047619,-0.60625
2012-10-23 12:23:16,-71265,1,58.6254464286,-0.611458333333
2012-10-23 12:23:17,-71264,1,58.0310267857,-0.594419642857
2012-10-23 12:23:18,-71263,1,57.5216517857,-0.509375
2012-10-23 12:23:19,-71262,1,57.152827381,-0.368824404762
2012-10-23 12:23:20,-71261,1,56.9124255952,-0.240401785714
2012-10-23 12:23:21,-71260,1,56.7159970238,-0.196428571429
2012-10-23 12:23:22,-71259,1,56.4472470238,-0.26875
2012-10-23 12:23:23,-71258,1,56.004389881,-0.442857142857
2012-10-23 12:23:24,-71257,1,55.3534970238,-0.650892857143
2012-10-23 12:23:25,-71256,1,54.5652529762,-0.788244047619
2012-10-23 12:23:26,-71255,1,53.7790178571,-0.786235119048
2012-10-23 12:23:27,-71254,1,53.1114583333,-0.66755952381
2012-10-23 12:23:28,-71253,1,52.6046875,-0.506770833333
2012-10-23 12:23:29,-71252,1,52.2616815476,-0.343005952381
2012-10-23 12:23:30,-71251,1,52.1046875,-0.156994047619
2012-10-23 12:23:31,-71250,1,52.1783482143,0.0736607142857
2012-10-23 12:23:32,-71249,1,52.497172619,0.318824404762
2012-10-23 12:23:33,-71248,1,52.9884672619,0.491294642857
2012-10-23 12:23:34,-71247,1,53.489360119,0.500892857143
2012-10-23 12:23:35,-71246,1,53.828422619,0.3390625
2012-10-23 12:23:36,-71245,1,53.9435267857,0.115104166667
2012-10-23 12:23:37,-71244,1,53.9273809524,-0.0161458333334
2012-10-23 12:23:38,-71243,1,53.9570684524,0.0296875000001
2012-10-23 12:23:39,-71242,1,54.1776785714,0.220610119048
2012-10-23 12:23:40,-71241,1,54.6198660714,0.4421875
2012-10-23 12:23:41,-71240,1,55.1942708333,0.574404761905
2012-10-23 12:23:42,-71239,1,55.7712797619,0.577008928572
2012-10-23 12:23:43,-71238,1,56.2701636905,0.498883928571
2012-10-23 12:23:44,-71237,1,56.6726190476,0.402455357143
2012-10-23 12:23:45,-71236,1,56.9904761905,0.317857142857
2012-10-23 12:23:46,-71235,1,57.2478422619,0.257366071429
2012-10-23 12:23:47,-71234,1,57.4648809524,0.217038690476
2012-10-23 12:23:48,-71233,1,57.6395833333,0.174702380952
2012-10-23 12:23:49,-71232,1,57.7679315476,0.128348214286
2012-10-23 12:23:50,-71231,1,57.8692708333,0.101339285714
2012-10-23 12:23:51,-71230,1,57.9444940476,0.0752232142857
2012-10-23 12:23:52,-71229,1,57.9103422619,-0.0341517857142
2012-10-23 12:23:53,-71228,1,57.5878720238,-0.322470238095
2012-10-23 12:23:54,-71227,1,56.7456845238,-0.8421875
2012-10-23 12:23:55,-71226,1,55.198735119,-1.54694940476
2012-10-23 12:23:56,-71225,1,52.9316220238,-2.26711309524
2012-10-23 12:23:57,-71224,1,50.1376488095,-2.79397321429
2012-10-23 12:23:58,-71223,1,47.1415922619,-2.99605654762
2012-10-23 12:23:59,-71222,1,44.2780505952,-2.86354166667
2012-10-23 12:24:00,-71221,1,41.7853422619,-2.49270833333
2012-10-23 12:24:01,-71220,1,39.7639136905,-2.02142857143
2012-10-23 12:24:02,-71219,1,38.2302827381,-1.53363095238
2012-10-23 12:24:03,-71218,1,37.2181547619,-1.01212797619
2012-10-23 12:24:04,-71217,1,36.8162202381,-0.40193452381
2012-10-23 12:24:05,-71216,1,37.0799107143,0.263690476191
2012-10-23 12:24:06,-71215,1,37.9136160714,0.833705357143
2012-10-23 12:24:07,-71214,1,39.0748511905,1.16123511905
2012-10-23 12:24:08,-71213,1,40.2879464286,1.2130952381
2012-10-23 12:24:09,-71212,1,41.3480654762,1.06011904762
2012-10-23 12:24:10,-71211,1,42.1719494048,0.823883928571
2012-10-23 12:24:11,-71210,1,42.8022321429,0.630282738095
2012-10-23 12:24:12,-71209,1,43.3608630952,0.558630952381
2012-10-23 12:24:13,-71208,1,43.9625744048,0.601711309524
2012-10-23 12:24:14,-71207,1,44.6197172619,0.657142857143
2012-10-23 12:24:15,-71206,1,45.2138392857,0.594122023809
2012-10-23 12:24:16,-71205,1,45.6118303571,0.397991071429
2012-10-23 12:24:17,-71204,1,45.8313244048,0.219494047619
2012-10-23 12:24:18,-71203,1,46.0494047619,0.218080357143
2012-10-23 12:24:19,-71202,1,46.4410714286,0.391666666667
2012-10-23 12:24:20,-71201,1,47.0392113095,0.598139880952
2012-10-23 12:24:21,-71200,1,47.7523065476,0.713095238095
2012-10-23 12:24:22,-71199,1,48.476264881,0.723958333333
2012-10-23 12:24:23,-71198,1,49.1395089286,0.663244047619
2012-10-23 12:24:24,-71197,1,49.665327381,0.525818452381
2012-10-23 12:24:25,-71196,1,49.984672619,0.319345238095
2012-10-23 12:24:26,-71195,1,50.106547619,0.121875
2012-10-23 12:24:27,-71194,1,50.0946428571,-0.0119047619047
2012-10-23 12:24:28,-71193,1,49.9104166667,-0.184226190476
2012-10-23 12:24:29,-71192,1,49.302827381,-0.607589285714
2012-10-23 12:24:30,-71191,1,47.9459821429,-1.3568452381
2012-10-23 12:24:31,-71190,1,45.7746279762,-2.17135416667
2012-10-23 12:24:32,-71189,1,43.1891369048,-2.58549107143
2012-10-23 12:24:33,-71188,1,40.8706845238,-2.31845238095
2012-10-23 12:24:34,-71187,1,39.3453869048,-1.52529761905
2012-10-23 12:24:35,-71186,1,38.6724702381,-0.672916666667
2012-10-23 12:24:36,-71185,1,38.4770089286,-0.195461309524
2012-10-23 12:24:37,-71184,1,38.2514136905,-0.225595238095
2012-10-23 12:24:38,-71183,1,37.6480654762,-0.603348214286
2012-10-23 12:24:39,-71182,1,36.5490327381,-1.0990327381
2012-10-23 12:24:40,-71181,1,34.976264881,-1.57276785714
2012-10-23 12:24:41,-71180,1,33.006547619,-1.9697172619
2012-10-23 12:24:42,-71179,1,30.7443452381,-2.26220238095
2012-10-23 12:24:43,-71178,1,28.3514136905,-2.39293154762
2012-10-23 12:24:44,-71177,1,26.0849702381,-2.26644345238
2012-10-23 12:24:45,-71176,1,24.24375,-1.8412202381
2012-10-23 12:24:46,-71175,1,23.0201636905,-1.22358630952
2012-10-23 12:24:47,-71174,1,22.3863095238,-0.633854166667
2012-10-23 12:24:48,-71173,1,22.095610119,-0.290699404762
2012-10-23 12:24:49,-71172,1,21.7818452381,-0.313764880952
2012-10-23 12:24:50,-71171,1,21.1441220238,-0.637723214286
2012-10-23 12:24:51,-71170,1,20.1295386905,-1.01458333333
2012-10-23 12:24:52,-71169,1,18.9135416667,-1.21599702381
2012-10-23 12:24:53,-71168,1,17.7061755952,-1.20736607143
2012-10-23 12:24:54,-71167,1,16.6447916667,-1.06138392857
2012-10-23 12:24:55,-71166,1,15.8357886905,-0.80900297619
2012-10-23 12:24:56,-71165,1,15.4186755952,-0.417113095238
2012-10-23 12:24:57,-71164,1,15.5703869048,0.151711309524
2012-10-23 12:24:58,-71163,1,16.4141369048,0.84375
2012-10-23 12:24:59,-71162,1,17.8905505952,1.47641369048
2012-10-23 12:25:00,-71161,1,19.7087797619,1.81822916667
2012-10-23 12:25:01,-71160,1,21.4091517857,1.70037202381
2012-10-23 12:25:02,-71159,1,22.5293154762,1.12016369048
2012-10-23 12:25:03,-71158,1,22.8391369048,0.309821428571
2012-10-23 12:25:04,-71157,1,22.4919642857,-0.347172619048
2012-10-23 12:25:05,-71156,1,21.9254464286,-0.566517857143
2012-10-23 12:25:06,-71155,1,21.54375,-0.381696428571
2012-10-23 12:25:07,-71154,1,21.4468005952,-0.0969494047619
2012-10-23 12:25:08,-71153,1,21.4405505952,-0.00625
2012-10-23 12:25:09,-71152,1,21.2595238095,-0.181026785714
2012-10-23 12:25:10,-71151,1,20.7587797619,-0.500744047619
2012-10-23 12:25:11,-71150,1,19.9560267857,-0.802752976191
2012-10-23 12:25:12,-71149,1,18.9826636905,-0.973363095238
2012-10-23 12:25:13,-71148,1,18.0382440476,-0.944419642857
2012-10-23 12:25:14,-71147,1,17.3545386905,-0.683705357143
2012-10-23 12:25:15,-71146,1,17.1230654762,-0.231473214286
2012-10-23 12:25:16,-71145,1,17.4116815476,0.288616071428
2012-10-23 12:25:17,-71144,1,18.1401041667,0.728422619048
2012-10-23 12:25:18,-71143,1,19.1081845238,0.968080357143
2012-10-23 12:25:19,-71142,1,20.0474702381,0.939285714286
2012-10-23 12:25:20,-71141,1,20.7156994048,0.668229166667
2012-10-23 12:25:21,-71140,1,20.9938244048,0.278125
2012-10-23 12:25:22,-71139,1,20.8991815476,-0.0946428571429
2012-10-23 12:25:23,-71138,1,20.5254464286,-0.373735119048
2012-10-23 12:25:24,-71137,1,19.9601190476,-0.565327380952
2012-10-23 12:25:25,-71136,1,19.2210565476,-0.7390625
2012-10-23 12:25:26,-71135,1,18.2866815476,-0.934375
2012-10-23 12:25:27,-71134,1,17.1972470238,-1.08943452381
2012-10-23 12:25:28,-71133,1,16.0849702381,-1.11227678571
2012-10-23 12:25:29,-71132,1,15.104389881,-0.980580357143
2012-10-23 12:25:30,-71131,1,14.3607886905,-0.743601190476
2012-10-23 12:25:31,-71130,1,13.8805059524,-0.480282738095
2012-10-23 12:25:32,-71129,1,13.620610119,-0.259895833333
2012-10-23 12:25:33,-71128,1,13.5155505952,-0.105059523809
2012-10-23 12:25:34,-71127,1,13.5294642857,0.0139136904762
2012-10-23 12:25:35,-71126,1,13.6854166667,0.155952380952
2012-10-23 12:25:36,-71125,1,14.0503720238,0.364955357143
2012-10-23 12:25:37,-71124,1,14.663764881,0.613392857143
2012-10-23 12:25:38,-71123,1,15.4704613095,0.806696428571
2012-10-23 12:25:39,-71122,1,16.3383184524,0.867857142857
2012-10-23 12:25:40,-71121,1,17.1442708333,0.805952380952
2012-10-23 12:25:41,-71120,1,17.8313244048,0.687053571429
2012-10-23 12:25:42,-71119,1,18.3742559524,0.542931547619
2012-10-23 12:25:43,-71118,1,18.7172619048,0.343005952381
2012-10-23 12:25:44,-71117,1,18.7870535714,0.0697916666667
2012-10-23 12:25:45,-71116,1,18.5752232143,-0.211830357143
2012-10-23 12:25:46,-71115,1,18.1992559524,-0.375967261905
2012-10-23 12:25:47,-71114,1,17.8677083333,-0.331547619048
2012-10-23 12:25:48,-71113,1,17.7511160714,-0.116592261905
2012-10-23 12:25:49,-71112,1,17.8720982143,0.120982142857
2012-10-23 12:25:50,-71111,1,18.1408482143,0.26875
2012-10-23 12:25:51,-71110,1,18.4989583333,0.358110119048
2012-10-23 12:25:52,-71109,1,18.9918154762,0.492857142857
2012-10-23 12:25:53,-71108,1,19.679389881,0.687574404762
2012-10-23 12:25:54,-71107,1,20.509077381,0.8296875
2012-10-23 12:25:55,-71106,1,21.3131696429,0.804092261905
2012-10-23 12:25:56,-71105,1,21.9325892857,0.619419642857
2012-10-23 12:25:57,-71104,1,22.3335565476,0.400967261905
2012-10-23 12:25:58,-71103,1,22.5851934524,0.251636904762
2012-10-23 12:25:59,-71102,1,22.7269345238,0.141741071429
2012-10-23 12:26:00,-71101,1,22.7166666667,-0.0102678571428
2012-10-23 12:26:01,-71100,1,22.5285714286,-0.188095238095
2012-10-23 12:26:02,-71099,1,22.2469494048,-0.28162202381
2012-10-23 12:26:03,-71098,1,22.0326636905,-0.214285714286
2012-10-23 12:26:04,-71097,1,21.998139881,-0.0345238095238
2012-10-23 12:26:05,-71096,1,22.1094494048,0.111309523809
2012-10-23 12:26:06,-71095,1,22.2105654762,0.101116071429
2012-10-23 12:26:07,-71094,1,22.1446428571,-0.0659226190476
2012-10-23 12:26:08,-71093,1,21.8601934524,-0.284449404762
2012-10-23 12:26:09,-71092,1,21.4189732143,-0.441220238095
2012-10-23 12:26:10,-71091,1,20.9147321429,-0.504241071429
2012-10-23 12:26:11,-71090,1,20.4045386905,-0.510193452381
2012-10-23 12:26:12,-71089,1,19.9331845238,-0.471354166667
2012-10-23 12:26:13,-71088,1,19.5983630952,-0.334821428571
2012-10-23 12:26:14,-71087,1,19.5544642857,-0.0438988095238
2012-10-23 12:26:15,-71086,1,19.9343005952,0.379836309524
2012-10-23 12:26:16,-71085,1,20.7410714286,0.806770833333
2012-10-23 12:26:17,-71084,1,21.7861607143,1.04508928571
2012-10-23 12:26:18,-71083,1,22.7460565476,0.959895833333
2012-10-23 12:26:19,-71082,1,23.3255952381,0.579538690476
2012-10-23 12:26:20,-71081,1,23.4048363095,0.0792410714286
2012-10-23 12:26:21,-71080,1,23.0848958333,-0.319940476191
2012-10-23 12:26:22,-71079,1,22.6411458333,-0.44375
2012-10-23 12:26:23,-71078,1,22.391889881,-0.249255952381
2012-10-23 12:26:24,-71077,1,22.5254464286,0.133556547619
2012-10-23 12:26:25,-71076,1,23.0003720238,0.474925595238
2012-10-23 12:26:26,-71075,1,23.583110119,0.582738095238
2012-10-23 12:26:27,-71074,1,23.9916666667,0.408556547619
2012-10-23 12:26:28,-71073,1,24.0688244048,0.0771577380952
2012-10-23 12:26:29,-71072,1,23.8767113095,-0.192113095238
2012-10-23 12:26:30,-71071,1,23.634375,-0.242336309524
2012-10-23 12:26:31,-71070,1,23.5488839286,-0.0854910714286
2012-10-23 12:26:32,-71069,1,23.6845238095,0.135639880952
2012-10-23 12:26:33,-71068,1,23.9525297619,0.268005952381
2012-10-23 12:26:34,-71067,1,24.2008928571,0.248363095238
2012-10-23 12:26:35,-71066,1,24.3502232143,0.149330357143
2012-10-23 12:26:36,-71065,1,24.4655505952,0.115327380952
2012-10-23 12:26:37,-71064,1,24.6748511905,0.209300595238
2012-10-23 12:26:38,-71063,1,25.0470238095,0.372172619048
2012-10-23 12:26:39,-71062,1,25.5772321429,0.530208333333
2012-10-23 12:26:40,-71061,1,26.2269345238,0.649702380952
2012-10-23 12:26:41,-71060,1,26.9432291667,0.716294642857
2012-10-23 12:26:42,-71059,1,27.6912946429,0.74806547619
2012-10-23 12:26:43,-71058,1,28.4942708333,0.802976190476
2012-10-23 12:26:44,-71057,1,29.4299107143,0.935639880952
2012-10-23 12:26:45,-71056,1,30.5784970238,1.14858630952
2012-10-23 12:26:46,-71055,1,31.937797619,1.35930059524
2012-10-23 12:26:47,-71054,1,33.3654017857,1.42760416667
2012-10-23 12:26:48,-71053,1,34.6493303571,1.28392857143
2012-10-23 12:26:49,-71052,1,35.6716517857,1.02232142857
2012-10-23 12:26:50,-71051,1,36.4735863095,0.801934523809
2012-10-23 12:26:51,-71050,1,37.1547619048,0.681175595238
2012-10-23 12:26:52,-71049,1,37.7688244048,0.6140625
2012-10-23 12:26:53,-71048,1,38.3390625,0.570238095238
2012-10-23 12:26:54,-71047,1,38.9186755952,0.579613095238
2012-10-23 12:26:55,-71046,1,39.5926339286,0.673958333333
2012-10-23 12:26:56,-71045,1,40.4241071429,0.831473214286
2012-10-23 12:26:57,-71044,1,41.4002232143,0.976116071429
2012-10-23 12:26:58,-71043,1,42.4232886905,1.02306547619
2012-10-23 12:26:59,-71042,1,43.346875,0.923586309524
2012-10-23 12:27:00,-71041,1,44.0240327381,0.677157738095
2012-10-23 12:27:01,-71040,1,44.3719494048,0.347916666667
2012-10-23 12:27:02,-71039,1,44.4430059524,0.0710565476191
2012-10-23 12:27:03,-71038,1,44.4155505952,-0.0274553571429
2012-10-23 12:27:04,-71037,1,44.465625,0.0500744047619
2012-10-23 12:27:05,-71036,1,44.6244791667,0.158854166667
2012-10-23 12:27:06,-71035,1,44.7670386905,0.142559523809
2012-10-23 12:27:07,-71034,1,44.7500744048,-0.0169642857143
2012-10-23 12:27:08,-71033,1,44.5497767857,-0.200297619048
2012-10-23 12:27:09,-71032,1,44.256547619,-0.293229166667
2012-10-23 12:27:10,-71031,1,43.9689732143,-0.287574404762
2012-10-23 12:27:11,-71030,1,43.7228422619,-0.246130952381
2012-10-23 12:27:12,-71029,1,43.5039434524,-0.218898809524
2012-10-23 12:27:13,-71028,1,43.2933035714,-0.210639880952
2012-10-23 12:27:14,-71027,1,43.0973958333,-0.195907738095
2012-10-23 12:27:15,-71026,1,42.9619791667,-0.135416666667
2012-10-23 12:27:16,-71025,1,42.9595982143,-0.002380952381
2012-10-23 12:27:17,-71024,1,43.1342261905,0.174627976191
2012-10-23 12:27:18,-71023,1,43.4412946429,0.307068452381
2012-10-23 12:27:19,-71022,1,43.7421130952,0.300818452381
2012-10-23 12:27:20,-71021,1,43.8683035714,0.12619047619
2012-10-23 12:27:21,-71020,1,43.7165922619,-0.151711309524
2012-10-23 12:27:22,-71019,1,43.2939732143,-0.422619047619
2012-10-23 12:27:23,-71018,1,42.6816220238,-0.612351190476
2012-10-23 12:27:24,-71017,1,41.9838541667,-0.697767857143
2012-10-23 12:27:25,-71016,1,41.3126488095,-0.671205357143
2012-10-23 12:27:26,-71015,1,40.7823660714,-0.530282738095
2012-10-23 12:27:27,-71014,1,40.4939732143,-0.288392857143
2012-10-23 12:27:28,-71013,1,40.5103422619,0.0163690476191
2012-10-23 12:27:29,-71012,1,40.8266369048,0.316294642857
2012-10-23 12:27:30,-71011,1,41.368452381,0.541815476191
2012-10-23 12:27:31,-71010,1,42.0332589286,0.664806547619
2012-10-23 12:27:32,-71009,1,42.7334077381,0.700148809524
2012-10-23 12:27:33,-71008,1,43.415922619,0.682514880952
2012-10-23 12:27:34,-71007,1,44.0669642857,0.651041666667
2012-10-23 12:27:35,-71006,1,44.6939732143,0.627008928571
2012-10-23 12:27:36,-71005,1,45.2953869048,0.601413690476
2012-10-23 12:27:37,-71004,1,45.8549107143,0.559523809524
2012-10-23 12:27:38,-71003,1,46.362202381,0.507291666667
2012-10-23 12:27:39,-71002,1,46.8270089286,0.464806547619
2012-10-23 12:27:40,-71001,1,47.2726190476,0.445610119048
2012-10-23 12:27:41,-71000,1,47.7110863095,0.438467261905
2012-10-23 12:27:42,-70999,1,48.107514881,0.396428571429
2012-10-23 12:27:43,-70998,1,48.3738839286,0.266369047619
2012-10-23 12:27:44,-70997,1,48.4334077381,0.0595238095238
2012-10-23 12:27:45,-70996,1,48.3194196429,-0.113988095238
2012-10-23 12:27:46,-70995,1,48.2053571429,-0.1140625
2012-10-23 12:27:47,-70994,1,48.2962797619,0.0909226190477
2012-10-23 12:27:48,-70993,1,48.6525297619,0.35625
2012-10-23 12:27:49,-70992,1,49.1169642857,0.46443452381
2012-10-23 12:27:50,-70991,1,49.4267113095,0.309747023809
2012-10-23 12:27:51,-70990,1,49.4103422619,-0.016369047619
2012-10-23 12:27:52,-70989,1,49.0988095238,-0.311532738095
2012-10-23 12:27:53,-70988,1,48.6773065476,-0.42150297619
2012-10-23 12:27:54,-70987,1,48.3585565476,-0.31875
2012-10-23 12:27:55,-70986,1,48.2759672619,-0.0825892857142
2012-10-23 12:27:56,-70985,1,48.4402529762,0.164285714286
2012-10-23 12:27:57,-70984,1,48.7823660714,0.342113095238
2012-10-23 12:27:58,-70983,1,49.2234375,0.441071428571
2012-10-23 12:27:59,-70982,1,49.6973958333,0.473958333333
2012-10-23 12:28:00,-70981,1,50.1720238095,0.47462797619
2012-10-23 12:28:01,-70980,1,50.6819196429,0.509895833333
2012-10-23 12:28:02,-70979,1,51.2954613095,0.613541666667
2012-10-23 12:28:03,-70978,1,52.0290922619,0.733630952381
2012-10-23 12:28:04,-70977,1,52.790922619,0.761830357143
2012-10-23 12:28:05,-70976,1,53.4060267857,0.615104166667
2012-10-23 12:28:06,-70975,1,53.7385416667,0.332514880952
2012-10-23 12:28:07,-70974,1,53.8163690476,0.0778273809523
2012-10-23 12:28:08,-70973,1,53.8197916667,0.0034226190477
2012-10-23 12:28:09,-70972,1,53.9473214286,0.127529761905
2012-10-23 12:28:10,-70971,1,54.2957589286,0.3484375
2012-10-23 12:28:11,-70970,1,54.840327381,0.544568452381
2012-10-23 12:28:12,-70969,1,55.4879464286,0.647619047619
2012-10-23 12:28:13,-70968,1,56.1211309524,0.63318452381
2012-10-23 12:28:14,-70967,1,56.6145089286,0.49337797619
2012-10-23 12:28:15,-70966,1,56.8802083333,0.265699404762
2012-10-23 12:28:16,-70965,1,56.9078125,0.0276041666667
2012-10-23 12:28:17,-70964,1,56.7270089286,-0.180803571429
2012-10-23 12:28:18,-70963,1,56.376860119,-0.350148809524
2012-10-23 12:28:19,-70962,1,55.9357886905,-0.441071428571
2012-10-23 12:28:20,-70961,1,55.5128720238,-0.422916666667
2012-10-23 12:28:21,-70960,1,55.1997767857,-0.313095238095
2012-10-23 12:28:22,-70959,1,55.050297619,-0.149479166667
2012-10-23 12:28:23,-70958,1,55.0670386905,0.0167410714286
2012-10-23 12:28:24,-70957,1,55.2155505952,0.148511904762
2012-10-23 12:28:25,-70956,1,55.476264881,0.260714285714
2012-10-23 12:28:26,-70955,1,55.8431547619,0.366889880952
2012-10-23 12:28:27,-70954,1,56.2728422619,0.4296875
2012-10-23 12:28:28,-70953,1,56.6854910714,0.412648809524
2012-10-23 12:28:29,-70952,1,57.012797619,0.327306547619
2012-10-23 12:28:30,-70951,1,57.2119047619,0.199107142857
2012-10-23 12:28:31,-70950,1,57.2458333333,0.0339285714285
2012-10-23 12:28:32,-70949,1,57.1084077381,-0.137425595238
2012-10-23 12:28:33,-70948,1,56.8822916667,-0.226116071428
2012-10-23 12:28:34,-70947,1,56.7194940476,-0.162797619048
2012-10-23 12:28:35,-70946,1,56.7449404762,0.0254464285714
2012-10-23 12:28:36,-70945,1,56.9837797619,0.238839285714
2012-10-23 12:28:37,-70944,1,57.3532738095,0.369494047619
2012-10-23 12:28:38,-70943,1,57.7303571429,0.377083333333
2012-10-23 12:28:39,-70942,1,58.0456845238,0.315327380952
2012-10-23 12:28:40,-70941,1,58.2876488095,0.241964285714
2012-10-23 12:28:41,-70940,1,58.4508184524,0.163169642857
2012-10-23 12:28:42,-70939,1,58.5480654762,0.0972470238095
2012-10-23 12:28:43,-70938,1,58.6333333333,0.0852678571428
2012-10-23 12:28:44,-70937,1,58.7555803571,0.12224702381
2012-10-23 12:28:45,-70936,1,58.9088541667,0.153273809524
2012-10-23 12:28:46,-70935,1,59.0380208333,0.129166666667
2012-10-23 12:28:47,-70934,1,59.0875744048,0.0495535714286
2012-10-23 12:28:48,-70933,1,59.0524553571,-0.035119047619
2012-10-23 12:28:49,-70932,1,58.9583333333,-0.0941220238096
2012-10-23 12:28:50,-70931,1,58.7758184524,-0.182514880952
2012-10-23 12:28:51,-70930,1,58.3905505952,-0.385267857143
2012-10-23 12:28:52,-70929,1,57.6780505952,-0.7125
2012-10-23 12:28:53,-70928,1,56.6053571429,-1.07269345238
2012-10-23 12:28:54,-70927,1,55.2866815476,-1.31867559524
2012-10-23 12:28:55,-70926,1,53.9530505952,-1.33363095238
2012-10-23 12:28:56,-70925,1,52.8354166667,-1.11763392857
2012-10-23 12:28:57,-70924,1,52.0548363095,-0.780580357143
2012-10-23 12:28:58,-70923,1,51.6118303571,-0.443005952381
2012-10-23 12:28:59,-70922,1,51.4354166667,-0.176413690476
2012-10-23 12:29:00,-70921,1,51.4235863095,-0.0118303571429
2012-10-23 12:29:01,-70920,1,51.4736607143,0.0500744047619
2012-10-23 12:29:02,-70919,1,51.4839285714,0.0102678571429
2012-10-23 12:29:03,-70918,1,51.3354910714,-0.1484375
2012-10-23 12:29:04,-70917,1,50.9337053571,-0.401785714286
2012-10-23 12:29:05,-70916,1,50.2875744048,-0.646130952381
2012-10-23 12:29:06,-70915,1,49.5209821429,-0.766592261905
2012-10-23 12:29:07,-70914,1,48.8040922619,-0.716889880952
2012-10-23 12:29:08,-70913,1,48.2573660714,-0.546726190476
2012-10-23 12:29:09,-70912,1,47.8853422619,-0.372023809524
2012-10-23 12:29:10,-70911,1,47.600297619,-0.285044642857
2012-10-23 12:29:11,-70910,1,47.3180059524,-0.282291666667
2012-10-23 12:29:12,-70909,1,47.0269345238,-0.291071428571
2012-10-23 12:29:13,-70908,1,46.7735119048,-0.253422619048
2012-10-23 12:29:14,-70907,1,46.601860119,-0.171651785714
2012-10-23 12:29:15,-70906,1,46.5248511905,-0.0770089285714
2012-10-23 12:29:16,-70905,1,46.5523809524,0.0275297619048
2012-10-23 12:29:17,-70904,1,46.7200892857,0.167708333333
2012-10-23 12:29:18,-70903,1,47.0638392857,0.34375
2012-10-23 12:29:19,-70902,1,47.5707589286,0.506919642857
2012-10-23 12:29:20,-70901,1,48.1703125,0.599553571429
2012-10-23 12:29:21,-70900,1,48.7752232143,0.604910714286
2012-10-23 12:29:22,-70899,1,49.3242559524,0.549032738095
2012-10-23 12:29:23,-70898,1,49.7753720238,0.451116071429
2012-10-23 12:29:24,-70897,1,50.0633184524,0.287946428571
2012-10-23 12:29:25,-70896,1,50.0848214286,0.0215029761905
2012-10-23 12:29:26,-70895,1,49.7238839286,-0.3609375
2012-10-23 12:29:27,-70894,1,48.8790178571,-0.844866071428
2012-10-23 12:29:28,-70893,1,47.4845238095,-1.39449404762
2012-10-23 12:29:29,-70892,1,45.5348214286,-1.94970238095
2012-10-23 12:29:30,-70891,1,43.094047619,-2.44077380952
2012-10-23 12:29:31,-70890,1,40.2855654762,-2.80848214286
2012-10-23 12:29:32,-70889,1,37.2860863095,-2.99947916667
2012-10-23 12:29:33,-70888,1,34.3319196429,-2.95416666667
2012-10-23 12:29:34,-70887,1,31.7034970238,-2.62842261905
2012-10-23 12:29:35,-70886,1,29.6337797619,-2.0697172619
2012-10-23 12:29:36,-70885,1,28.1568452381,-1.47693452381
2012-10-23 12:29:37,-70884,1,27.0406994048,-1.11614583333
2012-10-23 12:29:38,-70883,1,25.9255952381,-1.11510416667
2012-10-23 12:29:39,-70882,1,24.593452381,-1.33214285714
2012-10-23 12:29:40,-70881,1,23.1443452381,-1.44910714286
2012-10-23 12:29:41,-70880,1,21.9151041667,-1.22924107143
2012-10-23 12:29:42,-70879,1,21.212797619,-0.702306547619
2012-10-23 12:29:43,-70878,1,21.0947172619,-0.118080357143
2012-10-23 12:29:44,-70877,1,21.3410714286,0.246354166667
2012-10-23 12:29:45,-70876,1,21.6082589286,0.2671875
2012-10-23 12:29:46,-70875,1,21.661235119,0.0529761904762
2012-10-23 12:29:47,-70874,1,21.5358630952,-0.12537202381
2012-10-23 12:29:48,-70873,1,21.5001488095,-0.0357142857143
2012-10-23 12:29:49,-70872,1,21.8205357143,0.320386904762
2012-10-23 12:29:50,-70871,1,22.5213541667,0.700818452381
2012-10-23 12:29:51,-70870,1,23.3509672619,0.829613095238
2012-10-23 12:29:52,-70869,1,23.9848214286,0.633854166667
2012-10-23 12:29:53,-70868,1,24.2866815476,0.301860119048
2012-10-23 12:29:54,-70867,1,24.3901785714,0.103497023809
2012-10-23 12:29:55,-70866,1,24.5438244048,0.153645833333
2012-10-23 12:29:56,-70865,1,24.9201636905,0.376339285714
2012-10-23 12:29:57,-70864,1,25.558110119,0.637946428571
2012-10-23 12:29:58,-70863,1,26.3891369048,0.831026785714
2012-10-23 12:29:59,-70862,1,27.2825892857,0.893452380952
2012-10-23 12:30:00,-70861,1,28.1208333333,0.838244047619
2012-10-23 12:30:01,-70860,1,28.8615327381,0.740699404762
2012-10-23 12:30:02,-70859,1,29.5295386905,0.668005952381
2012-10-23 12:30:03,-70858,1,30.173139881,0.643601190476
2012-10-23 12:30:04,-70857,1,30.8388392857,0.665699404762
2012-10-23 12:30:05,-70856,1,31.5605654762,0.721726190476
2012-10-23 12:30:06,-70855,1,32.3433035714,0.782738095238
2012-10-23 12:30:07,-70854,1,33.1308035714,0.7875
2012-10-23 12:30:08,-70853,1,33.785639881,0.654836309524
2012-10-23 12:30:09,-70852,1,34.1621279762,0.376488095238
2012-10-23 12:30:10,-70851,1,34.2524553571,0.0903273809524
2012-10-23 12:30:11,-70850,1,34.2329613095,-0.0194940476191
2012-10-23 12:30:12,-70849,1,34.3170386905,0.0840773809524
2012-10-23 12:30:13,-70848,1,34.549702381,0.232663690476
2012-10-23 12:30:14,-70847,1,34.7828125,0.233110119048
2012-10-23 12:30:15,-70846,1,34.8786458333,0.0958333333333
2012-10-23 12:30:16,-70845,1,34.8799107143,0.0012648809524
2012-10-23 12:30:17,-70844,1,34.9552083333,0.0752976190476
2012-10-23 12:30:18,-70843,1,35.2358630952,0.280654761905
2012-10-23 12:30:19,-70842,1,35.6995535714,0.463690476191
2012-10-23 12:30:20,-70841,1,36.2041666667,0.504613095238
2012-10-23 12:30:21,-70840,1,36.6780505952,0.473883928571
2012-10-23 12:30:22,-70839,1,37.2251488095,0.547098214286
2012-10-23 12:30:23,-70838,1,38.0005208333,0.775372023809
2012-10-23 12:30:24,-70837,1,39.0532738095,1.05275297619
2012-10-23 12:30:25,-70836,1,40.2939732143,1.24069940476
2012-10-23 12:30:26,-70835,1,41.5567708333,1.26279761905
2012-10-23 12:30:27,-70834,1,42.6925595238,1.13578869048
2012-10-23 12:30:28,-70833,1,43.6083333333,0.915773809524
2012-10-23 12:30:29,-70832,1,44.2405505952,0.632217261905
2012-10-23 12:30:30,-70831,1,44.5497767857,0.309226190476
2012-10-23 12:30:31,-70830,1,44.5547619048,0.0049851190476
2012-10-23 12:30:32,-70829,1,44.3441220238,-0.210639880952
2012-10-23 12:30:33,-70828,1,44.0295386905,-0.314583333333
2012-10-23 12:30:34,-70827,1,43.6735119048,-0.356026785714
2012-10-23 12:30:35,-70826,1,43.2709821429,-0.402529761905
2012-10-23 12:30:36,-70825,1,42.7966517857,-0.474330357143
2012-10-23 12:30:37,-70824,1,42.2438988095,-0.552752976191
2012-10-23 12:30:38,-70823,1,41.6223958333,-0.62150297619
2012-10-23 12:30:39,-70822,1,40.9469494048,-0.675446428571
2012-10-23 12:30:40,-70821,1,40.2513392857,-0.695610119048
2012-10-23 12:30:41,-70820,1,39.6229166667,-0.628422619048
2012-10-23 12:30:42,-70819,1,39.2,-0.422916666667
2012-10-23 12:30:43,-70818,1,39.1008928571,-0.0991071428571
2012-10-23 12:30:44,-70817,1,39.3499255952,0.249032738095
2012-10-23 12:30:45,-70816,1,39.8678571429,0.517931547619
2012-10-23 12:30:46,-70815,1,40.5136160714,0.645758928572
2012-10-23 12:30:47,-70814,1,41.1308779762,0.617261904762
2012-10-23 12:30:48,-70813,1,41.585639881,0.454761904762
2012-10-23 12:30:49,-70812,1,41.8238839286,0.238244047619
2012-10-23 12:30:50,-70811,1,41.9344494048,0.110565476191
2012-10-23 12:30:51,-70810,1,42.1120535714,0.177604166667
2012-10-23 12:30:52,-70809,1,42.4947172619,0.382663690476
2012-10-23 12:30:53,-70808,1,43.0416666667,0.546949404762
2012-10-23 12:30:54,-70807,1,43.5984375,0.556770833333
2012-10-23 12:30:55,-70806,1,44.0708333333,0.472395833333
2012-10-23 12:30:56,-70805,1,44.5136160714,0.442782738095
2012-10-23 12:30:57,-70804,1,45.0446428571,0.531026785714
2012-10-23 12:30:58,-70803,1,45.6885416667,0.643898809524
2012-10-23 12:30:59,-70802,1,46.3386904762,0.650148809524
2012-10-23 12:31:00,-70801,1,46.8699404762,0.53125
2012-10-23 12:31:01,-70800,1,47.240625,0.37068452381
2012-10-23 12:31:02,-70799,1,47.4847470238,0.244122023809
2012-10-23 12:31:03,-70798,1,47.6619047619,0.177157738095
2012-10-23 12:31:04,-70797,1,47.8381696429,0.176264880952
2012-10-23 12:31:05,-70796,1,48.086235119,0.24806547619
2012-10-23 12:31:06,-70795,1,48.4621279762,0.375892857143
2012-10-23 12:31:07,-70794,1,48.9617559524,0.49962797619
2012-10-23 12:31:08,-70793,1,49.5139136905,0.552157738095
2012-10-23 12:31:09,-70792,1,50.0314732143,0.517559523809
2012-10-23 12:31:10,-70791,1,50.4719494048,0.440476190476
2012-10-23 12:31:11,-70790,1,50.8567708333,0.384821428571
2012-10-23 12:31:12,-70789,1,51.2412946429,0.384523809524
2012-10-23 12:31:13,-70788,1,51.6654017857,0.424107142857
2012-10-23 12:31:14,-70787,1,52.1206845238,0.455282738095
2012-10-23 12:31:15,-70786,1,52.5460565476,0.42537202381
2012-10-23 12:31:16,-70785,1,52.8630208333,0.316964285714
2012-10-23 12:31:17,-70784,1,53.0472470238,0.184226190476
2012-10-23 12:31:18,-70783,1,53.1619791667,0.114732142857
2012-10-23 12:31:19,-70782,1,53.2970982143,0.135119047619
2012-10-23 12:31:20,-70781,1,53.4848214286,0.187723214286
2012-10-23 12:31:21,-70780,1,53.6873511905,0.202529761905
2012-10-23 12:31:22,-70779,1,53.8589285714,0.171577380952
2012-10-23 12:31:23,-70778,1,54.0111607143,0.152232142857
2012-10-23 12:31:24,-70777,1,54.2037946429,0.192633928571
2012-10-23 12:31:25,-70776,1,54.4797619048,0.275967261905
2012-10-23 12:31:26,-70775,1,54.8479910714,0.368229166667
2012-10-23 12:31:27,-70774,1,55.3244791667,0.476488095238
2012-10-23 12:31:28,-70773,1,55.9396577381,0.615178571429
2012-10-23 12:31:29,-70772,1,56.6858630952,0.746205357143
2012-10-23 12:31:30,-70771,1,57.4689732143,0.783110119048
2012-10-23 12:31:31,-70770,1,58.1277529762,0.658779761905
2012-10-23 12:31:32,-70769,1,58.5276041667,0.399851190476
2012-10-23 12:31:33,-70768,1,58.6602678571,0.132663690476
2012-10-23 12:31:34,-70767,1,58.6629464286,0.0026785714286
2012-10-23 12:31:35,-70766,1,58.7355654762,0.0726190476191
2012-10-23 12:31:36,-70765,1,59.010639881,0.275074404762
2012-10-23 12:31:37,-70764,1,59.4633184524,0.452678571429
2012-10-23 12:31:38,-70763,1,59.9289434524,0.465625
2012-10-23 12:31:39,-70762,1,60.2350446429,0.306101190476
2012-10-23 12:31:40,-70761,1,60.3531994048,0.118154761905
2012-10-23 12:31:41,-70760,1,60.4244791667,0.0712797619048
2012-10-23 12:31:42,-70759,1,60.640922619,0.216443452381
2012-10-23 12:31:43,-70758,1,61.0994047619,0.458482142857
2012-10-23 12:31:44,-70757,1,61.7209821429,0.621577380952
2012-10-23 12:31:45,-70756,1,62.2921875,0.571205357143
2012-10-23 12:31:46,-70755,1,62.6191964286,0.327008928571
2012-10-23 12:31:47,-70754,1,62.651264881,0.032068452381
2012-10-23 12:31:48,-70753,1,62.4491071429,-0.202157738095
2012-10-23 12:31:49,-70752,1,62.0581845238,-0.390922619048
2012-10-23 12:31:50,-70751,1,61.4414434524,-0.616741071429
2012-10-23 12:31:51,-70750,1,60.5458333333,-0.895610119048
2012-10-23 12:31:52,-70749,1,59.4425595238,-1.10327380952
2012-10-23 12:31:53,-70748,1,58.4031994048,-1.03936011905
2012-10-23 12:31:54,-70747,1,57.8159970238,-0.587202380952
2012-10-23 12:31:55,-70746,1,58.0063988095,0.190401785714
2012-10-23 12:31:56,-70745,1,59.1124255952,1.10602678571
2012-10-23 12:31:57,-70744,1,61.0573660714,1.94494047619
2012-10-23 12:31:58,-70743,1,63.5517857143,2.49441964286
2012-10-23 12:31:59,-70742,1,66.1098958333,2.55811011905
2012-10-23 12:32:00,-70741,1,68.1639880952,2.0540922619
2012-10-23 12:32:01,-70740,1,69.2936011905,1.12961309524
2012-10-23 12:32:02,-70739,1,69.4140625,0.120461309524
2012-10-23 12:32:03,-70738,1,68.7711309524,-0.642931547619
2012-10-23 12:32:04,-70737,1,67.7569940476,-1.01413690476
2012-10-23 12:32:05,-70736,1,66.6874255952,-1.06956845238
2012-10-23 12:32:06,-70735,1,65.6968005952,-0.990625
2012-10-23 12:32:07,-70734,1,64.7898065476,-0.906994047619
2012-10-23 12:32:08,-70733,1,63.9360863095,-0.853720238095
2012-10-23 12:32:09,-70732,1,63.1114583333,-0.82462797619
2012-10-23 12:32:10,-70731,1,62.2991815476,-0.812276785714
2012-10-23 12:32:11,-70730,1,61.4866815476,-0.8125
2012-10-23 12:32:12,-70729,1,60.6633184524,-0.823363095238
2012-10-23 12:32:13,-70728,1,59.8186011905,-0.844717261905
2012-10-23 12:32:14,-70727,1,58.9459821429,-0.872619047619
2012-10-23 12:32:15,-70726,1,58.0510416667,-0.89494047619
2012-10-23 12:32:16,-70725,1,57.1533482143,-0.897693452381
2012-10-23 12:32:17,-70724,1,56.2751488095,-0.878199404762
2012-10-23 12:32:18,-70723,1,55.4212797619,-0.853869047619
2012-10-23 12:32:19,-70722,1,54.5644345238,-0.856845238095
2012-10-23 12:32:20,-70721,1,53.6476934524,-0.916741071429
2012-10-23 12:32:21,-70720,1,52.6045386905,-1.0431547619
2012-10-23 12:32:22,-70719,1,51.3879464286,-1.2165922619
2012-10-23 12:32:23,-70718,1,49.9883928571,-1.39955357143
2012-10-23 12:32:24,-70717,1,48.4371279762,-1.55126488095
2012-10-23 12:32:25,-70716,1,46.8241071429,-1.61302083333
2012-10-23 12:32:26,-70715,1,45.3185267857,-1.50558035714
2012-10-23 12:32:27,-70714,1,44.1377232143,-1.18080357143
2012-10-23 12:32:28,-70713,1,43.4707589286,-0.666964285714
2012-10-23 12:32:29,-70712,1,43.4064732143,-0.0642857142857
2012-10-23 12:32:30,-70711,1,43.8961309524,0.489657738095
2012-10-23 12:32:31,-70710,1,44.7796875,0.883556547619
2012-10-23 12:32:32,-70709,1,45.8705357143,1.09084821429
2012-10-23 12:32:33,-70708,1,47.0265625,1.15602678571
2012-10-23 12:32:34,-70707,1,48.1649553571,1.13839285714
2012-10-23 12:32:35,-70706,1,49.2555803571,1.090625
2012-10-23 12:32:36,-70705,1,50.3123511905,1.05677083333
2012-10-23 12:32:37,-70704,1,51.3663690476,1.05401785714
2012-10-23 12:32:38,-70703,1,52.4347470238,1.06837797619
2012-10-23 12:32:39,-70702,1,53.5023809524,1.06763392857
2012-10-23 12:32:40,-70701,1,54.5173363095,1.01495535714
2012-10-23 12:32:41,-70700,1,55.420014881,0.902678571429
2012-10-23 12:32:42,-70699,1,56.1790178571,0.759002976191
2012-10-23 12:32:43,-70698,1,56.765327381,0.586309523809
2012-10-23 12:32:44,-70697,1,57.1087053571,0.34337797619
2012-10-23 12:32:45,-70696,1,57.133110119,0.0244047619048
2012-10-23 12:32:46,-70695,1,56.840327381,-0.292782738095
2012-10-23 12:32:47,-70694,1,56.3438988095,-0.496428571429
2012-10-23 12:32:48,-70693,1,55.8196428571,-0.524255952381
2012-10-23 12:32:49,-70692,1,55.4087053571,-0.4109375
2012-10-23 12:32:50,-70691,1,55.1548363095,-0.253869047619
2012-10-23 12:32:51,-70690,1,55.0324404762,-0.122395833333
2012-10-23 12:32:52,-70689,1,55.0107886905,-0.0216517857143
2012-10-23 12:32:53,-70688,1,55.0705357143,0.0597470238095
2012-10-23 12:32:54,-70687,1,55.1873511905,0.116815476191
2012-10-23 12:32:55,-70686,1,55.3334821429,0.146130952381
2012-10-23 12:32:56,-70685,1,55.4880208333,0.154538690476
2012-10-23 12:32:57,-70684,1,55.6339285714,0.145907738095
2012-10-23 12:32:58,-70683,1,55.7579613095,0.124032738095
2012-10-23 12:32:59,-70682,1,55.8665178571,0.108556547619
2012-10-23 12:33:00,-70681,1,55.9933779762,0.126860119048
2012-10-23 12:33:01,-70680,1,56.1807291667,0.187351190476
2012-10-23 12:33:02,-70679,1,56.451264881,0.270535714286
2012-10-23 12:33:03,-70678,1,56.7954613095,0.344196428571
2012-10-23 12:33:04,-70677,1,57.1861607143,0.390699404762
2012-10-23 12:33:05,-70676,1,57.5982886905,0.412127976191
2012-10-23 12:33:06,-70675,1,57.9930803571,0.394791666667
2012-10-23 12:33:07,-70674,1,58.2978422619,0.304761904762
2012-10-23 12:33:08,-70673,1,58.4375744048,0.139732142857
2012-10-23 12:33:09,-70672,1,58.3943452381,-0.0432291666667
2012-10-23 12:33:10,-70671,1,58.248139881,-0.146205357143
2012-10-23 12:33:11,-70670,1,58.1629464286,-0.085193452381
2012-10-23 12:33:12,-70669,1,58.2979166667,0.134970238095
2012-10-23 12:33:13,-70668,1,58.7165922619,0.418675595238
2012-10-23 12:33:14,-70667,1,59.3698660714,0.653273809524
2012-10-23 12:33:15,-70666,1,60.1220238095,0.752157738095
2012-10-23 12:33:16,-70665,1,60.7992559524,0.677232142857
2012-10-23 12:33:17,-70664,1,61.2749255952,0.475669642857
2012-10-23 12:33:18,-70663,1,61.5226934524,0.247767857143
2012-10-23 12:33:19,-70662,1,61.5727678571,0.050074404762
2012-10-23 12:33:20,-70661,1,61.4488095238,-0.123958333333
2012-10-23 12:33:21,-70660,1,61.1664434524,-0.282366071429
2012-10-23 12:33:22,-70659,1,60.7587797619,-0.407663690476
2012-10-23 12:33:23,-70658,1,60.2898809524,-0.468898809524
2012-10-23 12:33:24,-70657,1,59.8404017857,-0.449479166667
2012-10-23 12:33:25,-70656,1,59.4582589286,-0.382142857143
2012-10-23 12:33:26,-70655,1,59.135639881,-0.322619047619
2012-10-23 12:33:27,-70654,1,58.8496279762,-0.286011904762
2012-10-23 12:33:28,-70653,1,58.6027529762,-0.246875
2012-10-23 12:33:29,-70652,1,58.419047619,-0.183705357143
2012-10-23 12:33:30,-70651,1,58.3223958333,-0.0966517857143
2012-10-23 12:33:31,-70650,1,58.3282738095,0.0058779761905
2012-10-23 12:33:32,-70649,1,58.4457589286,0.117485119048
2012-10-23 12:33:33,-70648,1,58.6738095238,0.228050595238
2012-10-23 12:33:34,-70647,1,58.999702381,0.325892857143
2012-10-23 12:33:35,-70646,1,59.4064732143,0.406770833333
2012-10-23 12:33:36,-70645,1,59.8735119048,0.467038690476
2012-10-23 12:33:37,-70644,1,60.371577381,0.498065476191
2012-10-23 12:33:38,-70643,1,60.8692708333,0.497693452381
2012-10-23 12:33:39,-70642,1,61.3466517857,0.477380952381
2012-10-23 12:33:40,-70641,1,61.8006696429,0.454017857143
2012-10-23 12:33:41,-70640,1,62.2391369048,0.438467261905
2012-10-23 12:33:42,-70639,1,62.6681547619,0.429017857143
2012-10-23 12:33:43,-70638,1,63.082514881,0.414360119048
2012-10-23 12:33:44,-70637,1,63.4704613095,0.387946428571
2012-10-23 12:33:45,-70636,1,63.8287202381,0.358258928571
2012-10-23 12:33:46,-70635,1,64.169047619,0.340327380952
2012-10-23 12:33:47,-70634,1,64.5017857143,0.332738095238
2012-10-23 12:33:48,-70633,1,64.7959821429,0.294196428571
2012-10-23 12:33:49,-70632,1,64.9541666667,0.15818452381
2012-10-23 12:33:50,-70631,1,64.8595982143,-0.094568452381
2012-10-23 12:33:51,-70630,1,64.4758184524,-0.383779761905
2012-10-23 12:33:52,-70629,1,63.8974702381,-0.578348214286
2012-10-23 12:33:53,-70628,1,63.2966517857,-0.600818452381
2012-10-23 12:33:54,-70627,1,62.8101190476,-0.486532738095
2012-10-23 12:33:55,-70626,1,62.4608630952,-0.349255952381
2012-10-23 12:33:56,-70625,1,62.1823660714,-0.278497023809
2012-10-23 12:33:57,-70624,1,61.9177083333,-0.264657738095
2012-10-23 12:33:58,-70623,1,61.6807291667,-0.236979166667
2012-10-23 12:33:59,-70622,1,61.5177827381,-0.162946428572
2012-10-23 12:34:00,-70621,1,61.4331845238,-0.0845982142857
2012-10-23 12:34:01,-70620,1,61.364360119,-0.0688244047619
2012-10-23 12:34:02,-70619,1,61.2232886905,-0.141071428571
2012-10-23 12:34:03,-70618,1,60.9648809524,-0.258407738095
2012-10-23 12:34:04,-70617,1,60.6168154762,-0.34806547619
2012-10-23 12:34:05,-70616,1,60.2320684524,-0.38474702381
2012-10-23 12:34:06,-70615,1,59.8164434524,-0.415625
2012-10-23 12:34:07,-70614,1,59.3246279762,-0.491815476191
2012-10-23 12:34:08,-70613,1,58.727827381,-0.596800595238
2012-10-23 12:34:09,-70612,1,58.0617559524,-0.666071428571
2012-10-23 12:34:10,-70611,1,57.4107142857,-0.651041666667
2012-10-23 12:34:11,-70610,1,56.8664434524,-0.544270833333
2012-10-23 12:34:12,-70609,1,56.4899553571,-0.376488095238
2012-10-23 12:34:13,-70608,1,56.2916666667,-0.198288690476
2012-10-23 12:34:14,-70607,1,56.2463541667,-0.0453125
2012-10-23 12:34:15,-70606,1,56.309672619,0.0633184523809
2012-10-23 12:34:16,-70605,1,56.4091517857,0.0994791666667
2012-10-23 12:34:17,-70604,1,56.4432291667,0.0340773809524
2012-10-23 12:34:18,-70603,1,56.3039434524,-0.139285714286
2012-10-23 12:34:19,-70602,1,55.9079613095,-0.395982142857
2012-10-23 12:34:20,-70601,1,55.2343005952,-0.673660714286
2012-10-23 12:34:21,-70600,1,54.352827381,-0.881473214286
2012-10-23 12:34:22,-70599,1,53.4125,-0.940327380952
2012-10-23 12:34:23,-70598,1,52.5892113095,-0.823288690476
2012-10-23 12:34:24,-70597,1,52.0261904762,-0.563020833333
2012-10-23 12:34:25,-70596,1,51.7943452381,-0.231845238095
2012-10-23 12:34:26,-70595,1,51.8710565476,0.0767113095238
2012-10-23 12:34:27,-70594,1,52.1412202381,0.270163690476
2012-10-23 12:34:28,-70593,1,52.4441220238,0.302901785714
2012-10-23 12:34:29,-70592,1,52.6578125,0.213690476191
2012-10-23 12:34:30,-70591,1,52.7758184524,0.118005952381
2012-10-23 12:34:31,-70590,1,52.9207589286,0.14494047619
2012-10-23 12:34:32,-70589,1,53.254389881,0.333630952381
2012-10-23 12:34:33,-70588,1,53.8436755952,0.589285714286
2012-10-23 12:34:34,-70587,1,54.6118303571,0.768154761905
2012-10-23 12:34:35,-70586,1,55.4037946429,0.791964285714
2012-10-23 12:34:36,-70585,1,56.0969494048,0.693154761905
2012-10-23 12:34:37,-70584,1,56.6798363095,0.582886904762
2012-10-23 12:34:38,-70583,1,57.222172619,0.542336309524
2012-10-23 12:34:39,-70582,1,57.7554315476,0.533258928571
2012-10-23 12:34:40,-70581,1,58.209375,0.453943452381
2012-10-23 12:34:41,-70580,1,58.4739583333,0.264583333333
2012-10-23 12:34:42,-70579,1,58.5121279762,0.0381696428572
2012-10-23 12:34:43,-70578,1,58.4233630952,-0.0887648809524
2012-10-23 12:34:44,-70577,1,58.38125,-0.0421130952381
2012-10-23 12:34:45,-70576,1,58.4744047619,0.0931547619048
2012-10-23 12:34:46,-70575,1,58.6227678571,0.148363095238
2012-10-23 12:34:47,-70574,1,58.6700892857,0.0473214285715
2012-10-23 12:34:48,-70573,1,58.5374255952,-0.132663690476
2012-10-23 12:34:49,-70572,1,58.2725446429,-0.264880952381
2012-10-23 12:34:50,-70571,1,57.9739583333,-0.298586309524
2012-10-23 12:34:51,-70570,1,57.6953125,-0.278645833333
2012-10-23 12:34:52,-70569,1,57.4245535714,-0.270758928571
2012-10-23 12:34:53,-70568,1,57.132514881,-0.292038690476
2012-10-23 12:34:54,-70567,1,56.8151041667,-0.317410714286
2012-10-23 12:34:55,-70566,1,56.487202381,-0.327901785714
2012-10-23 12:34:56,-70565,1,56.1617559524,-0.325446428571
2012-10-23 12:34:57,-70564,1,55.847172619,-0.314583333333
2012-10-23 12:34:58,-70563,1,55.5539434524,-0.293229166667
2012-10-23 12:34:59,-70562,1,55.3041666667,-0.249776785714
2012-10-23 12:35:00,-70561,1,55.145014881,-0.159151785714
2012-10-23 12:35:01,-70560,1,55.1449404762,-7.44047619037e-05
2012-10-23 12:35:02,-70559,1,55.3576636905,0.212723214286
2012-10-23 12:35:03,-70558,1,55.7779761905,0.4203125
2012-10-23 12:35:04,-70557,1,56.3280505952,0.550074404762
2012-10-23 12:35:05,-70556,1,56.8956845238,0.567633928571
2012-10-23 12:35:06,-70555,1,57.4023065476,0.506622023809
2012-10-23 12:35:07,-70554,1,57.8379464286,0.435639880952
2012-10-23 12:35:08,-70553,1,58.2379464286,0.4
2012-10-23 12:35:09,-70552,1,58.641889881,0.403943452381
2012-10-23 12:35:10,-70551,1,59.0665922619,0.424702380952
2012-10-23 12:35:11,-70550,1,59.4975446429,0.430952380952
2012-10-23 12:35:12,-70549,1,59.9003720238,0.402827380952
2012-10-23 12:35:13,-70548,1,60.2391369048,0.338764880952
2012-10-23 12:35:14,-70547,1,60.4897321429,0.250595238095
2012-10-23 12:35:15,-70546,1,60.6543154762,0.164583333333
2012-10-23 12:35:16,-70545,1,60.7709821429,0.116666666667
2012-10-23 12:35:17,-70544,1,60.8964285714,0.125446428572
2012-10-23 12:35:18,-70543,1,61.0595982143,0.163169642857
2012-10-23 12:35:19,-70542,1,61.232514881,0.172916666667
2012-10-23 12:35:20,-70541,1,61.3648065476,0.132291666667
2012-10-23 12:35:21,-70540,1,61.4391369048,0.0743303571429
2012-10-23 12:35:22,-70539,1,61.4710565476,0.0319196428571
2012-10-23 12:35:23,-70538,1,61.469047619,-0.0020089285714
2012-10-23 12:35:24,-70537,1,61.4098214286,-0.0592261904762
2012-10-23 12:35:25,-70536,1,61.246875,-0.162946428571
2012-10-23 12:35:26,-70535,1,60.9597470238,-0.287127976191
2012-10-23 12:35:27,-70534,1,60.5982142857,-0.361532738095
2012-10-23 12:35:28,-70533,1,60.2527529762,-0.345461309524
2012-10-23 12:35:29,-70532,1,59.991889881,-0.260863095238
2012-10-23 12:35:30,-70531,1,59.8369791667,-0.154910714286
2012-10-23 12:35:31,-70530,1,59.7660714286,-0.0709077380953
2012-10-23 12:35:32,-70529,1,59.7345238095,-0.0315476190476
2012-10-23 12:35:33,-70528,1,59.7069196429,-0.0276041666667
2012-10-23 12:35:34,-70527,1,59.6708333333,-0.0360863095238
2012-10-23 12:35:35,-70526,1,59.6286458333,-0.0421875
2012-10-23 12:35:36,-70525,1,59.5874255952,-0.0412202380952
2012-10-23 12:35:37,-70524,1,59.5527529762,-0.0346726190476
2012-10-23 12:35:38,-70523,1,59.5251488095,-0.0276041666667
2012-10-23 12:35:39,-70522,1,59.4995535714,-0.0255952380952
2012-10-23 12:35:40,-70521,1,59.466889881,-0.0326636904762
2012-10-23 12:35:41,-70520,1,59.4181547619,-0.0487351190476
2012-10-23 12:35:42,-70519,1,59.3488839286,-0.0692708333334
2012-10-23 12:35:43,-70518,1,59.2493303571,-0.0995535714285
2012-10-23 12:35:44,-70517,1,59.0834821429,-0.165848214286
2012-10-23 12:35:45,-70516,1,58.7949404762,-0.288541666667
2012-10-23 12:35:46,-70515,1,58.3513392857,-0.443601190476
2012-10-23 12:35:47,-70514,1,57.7907738095,-0.560565476191
2012-10-23 12:35:48,-70513,1,57.2243303571,-0.566443452381
2012-10-23 12:35:49,-70512,1,56.7674107143,-0.456919642857
2012-10-23 12:35:50,-70511,1,56.4468005952,-0.320610119048
2012-10-23 12:35:51,-70510,1,56.1915922619,-0.255208333333
2012-10-23 12:35:52,-70509,1,55.9377232143,-0.253869047619
2012-10-23 12:35:53,-70508,1,55.7360119048,-0.201711309524
2012-10-23 12:35:54,-70507,1,55.7289434524,-0.007068452381
2012-10-23 12:35:55,-70506,1,56.0055803571,0.276636904762
2012-10-23 12:35:56,-70505,1,56.4959821429,0.490401785714
2012-10-23 12:35:57,-70504,1,57.0202380952,0.524255952381
2012-10-23 12:35:58,-70503,1,57.4321428571,0.411904761905
2012-10-23 12:35:59,-70502,1,57.7048363095,0.272693452381
2012-10-23 12:36:00,-70501,1,57.8817708333,0.176934523809
2012-10-23 12:36:01,-70500,1,57.9854910714,0.103720238095
2012-10-23 12:36:02,-70499,1,58.0084821429,0.0229910714285
2012-10-23 12:36:03,-70498,1,57.9640625,-0.0444196428571
2012-10-23 12:36:04,-70497,1,57.9087797619,-0.0552827380952
2012-10-23 12:36:05,-70496,1,57.9134672619,0.0046875
2012-10-23 12:36:06,-70495,1,58.0151041667,0.101636904762
2012-10-23 12:36:07,-70494,1,58.1994791667,0.184375
2012-10-23 12:36:08,-70493,1,58.4277529762,0.228273809524
2012-10-23 12:36:09,-70492,1,58.6625,0.23474702381
2012-10-23 12:36:10,-70491,1,58.8665922619,0.204092261905
2012-10-23 12:36:11,-70490,1,58.9921875,0.125595238095
2012-10-23 12:36:12,-70489,1,58.9853422619,-0.0068452380952
2012-10-23 12:36:13,-70488,1,58.8204613095,-0.164880952381
2012-10-23 12:36:14,-70487,1,58.5383184524,-0.282142857143
2012-10-23 12:36:15,-70486,1,58.2389880952,-0.299330357143
2012-10-23 12:36:16,-70485,1,58.0255952381,-0.213392857143
2012-10-23 12:36:17,-70484,1,57.9452380952,-0.0803571428571
2012-10-23 12:36:18,-70483,1,57.9787946429,0.033556547619
2012-10-23 12:36:19,-70482,1,58.085639881,0.106845238095
2012-10-23 12:36:20,-70481,1,58.2457589286,0.160119047619
2012-10-23 12:36:21,-70480,1,58.448735119,0.202976190476
2012-10-23 12:36:22,-70479,1,58.6557291667,0.206994047619
2012-10-23 12:36:23,-70478,1,58.7988095238,0.143080357143
2012-10-23 12:36:24,-70477,1,58.8341517857,0.0353422619048
2012-10-23 12:36:25,-70476,1,58.7883184524,-0.0458333333334
2012-10-23 12:36:26,-70475,1,58.7318452381,-0.0564732142857
2012-10-23 12:36:27,-70474,1,58.7053571429,-0.0264880952381
2012-10-23 12:36:28,-70473,1,58.6883184524,-0.0170386904762
2012-10-23 12:36:29,-70472,1,58.6431547619,-0.0451636904761
2012-10-23 12:36:30,-70471,1,58.565625,-0.0775297619048
2012-10-23 12:36:31,-70470,1,58.4703869048,-0.0952380952381
2012-10-23 12:36:32,-70469,1,58.3383928571,-0.131994047619
2012-10-23 12:36:33,-70468,1,58.103422619,-0.234970238095
2012-10-23 12:36:34,-70467,1,57.7078125,-0.395610119048
2012-10-23 12:36:35,-70466,1,57.1796875,-0.528125
2012-10-23 12:36:36,-70465,1,56.6374255952,-0.542261904762
2012-10-23 12:36:37,-70464,1,56.195014881,-0.442410714286
2012-10-23 12:36:38,-70463,1,55.8744047619,-0.320610119048
2012-10-23 12:36:39,-70462,1,55.622172619,-0.252232142857
2012-10-23 12:36:40,-70461,1,55.3892857143,-0.232886904762
2012-10-23 12:36:41,-70460,1,55.1683035714,-0.220982142857
2012-10-23 12:36:42,-70459,1,54.9526041667,-0.215699404762
2012-10-23 12:36:43,-70458,1,54.6852678571,-0.267336309524
2012-10-23 12:36:44,-70457,1,54.2828125,-0.402455357143
2012-10-23 12:36:45,-70456,1,53.7290922619,-0.553720238095
2012-10-23 12:36:46,-70455,1,53.1271577381,-0.60193452381
2012-10-23 12:36:47,-70454,1,52.6180059524,-0.509151785714
2012-10-23 12:36:48,-70453,1,52.2526785714,-0.365327380952
2012-10-23 12:36:49,-70452,1,51.9854910714,-0.2671875
2012-10-23 12:36:50,-70451,1,51.7867559524,-0.198735119048
2012-10-23 12:36:51,-70450,1,51.7188988095,-0.0678571428571
2012-10-23 12:36:52,-70449,1,51.8897321429,0.170833333333
2012-10-23 12:36:53,-70448,1,52.3432291667,0.45349702381
2012-10-23 12:36:54,-70447,1,53.0024553571,0.659226190476
2012-10-23 12:36:55,-70446,1,53.7160714286,0.713616071428
2012-10-23 12:36:56,-70445,1,54.3474702381,0.631398809524
2012-10-23 12:36:57,-70444,1,54.8201636905,0.472693452381
2012-10-23 12:36:58,-70443,1,55.1145089286,0.294345238095
2012-10-23 12:36:59,-70442,1,55.2569940476,0.142485119048
2012-10-23 12:37:00,-70441,1,55.3085565476,0.0515625
2012-10-23 12:37:01,-70440,1,55.3373511905,0.0287946428572
2012-10-23 12:37:02,-70439,1,55.3877232143,0.0503720238095
2012-10-23 12:37:03,-70438,1,55.4740327381,0.0863095238095
2012-10-23 12:37:04,-70437,1,55.600297619,0.126264880952
2012-10-23 12:37:05,-70436,1,55.7770089286,0.176711309524
2012-10-23 12:37:06,-70435,1,56.0188988095,0.241889880952
2012-10-23 12:37:07,-70434,1,56.3311755952,0.312276785714
2012-10-23 12:37:08,-70433,1,56.6989583333,0.367782738095
2012-10-23 12:37:09,-70432,1,57.0944940476,0.395535714286
2012-10-23 12:37:10,-70431,1,57.4964285714,0.40193452381
2012-10-23 12:37:11,-70430,1,57.8892113095,0.392782738095
2012-10-23 12:37:12,-70429,1,58.2354166667,0.346205357143
2012-10-23 12:37:13,-70428,1,58.461235119,0.225818452381
2012-10-23 12:37:14,-70427,1,58.4839285714,0.022693452381
2012-10-23 12:37:15,-70426,1,58.2658482143,-0.218080357143
2012-10-23 12:37:16,-70425,1,57.8630208333,-0.402827380952
2012-10-23 12:37:17,-70424,1,57.4290178571,-0.43400297619
2012-10-23 12:37:18,-70423,1,57.1473214286,-0.281696428571
2012-10-23 12:37:19,-70422,1,57.1253720238,-0.0219494047619
2012-10-23 12:37:20,-70421,1,57.3235863095,0.198214285714
2012-10-23 12:37:21,-70420,1,57.5758184524,0.252232142857
2012-10-23 12:37:22,-70419,1,57.7107142857,0.134895833333
2012-10-23 12:37:23,-70418,1,57.6895089286,-0.0212053571429
2012-10-23 12:37:24,-70417,1,57.6205357143,-0.0689732142857
2012-10-23 12:37:25,-70416,1,57.6279761905,0.0074404761905
2012-10-23 12:37:26,-70415,1,57.7185267857,0.0905505952381
2012-10-23 12:37:27,-70414,1,57.7872767857,0.06875
2012-10-23 12:37:28,-70413,1,57.7425595238,-0.0447172619048
2012-10-23 12:37:29,-70412,1,57.6021577381,-0.140401785714
2012-10-23 12:37:30,-70411,1,57.4626488095,-0.139508928571
2012-10-23 12:37:31,-70410,1,57.3882440476,-0.0744047619048
2012-10-23 12:37:32,-70409,1,57.3407738095,-0.0474702380952
2012-10-23 12:37:33,-70408,1,57.2218005952,-0.118973214286
2012-10-23 12:37:34,-70407,1,56.9706845238,-0.251116071429
2012-10-23 12:37:35,-70406,1,56.614360119,-0.356324404762
2012-10-23 12:37:36,-70405,1,56.2495535714,-0.364806547619
2012-10-23 12:37:37,-70404,1,55.9932291667,-0.256324404762
2012-10-23 12:37:38,-70403,1,55.9218005952,-0.0714285714286
2012-10-23 12:37:39,-70402,1,56.0308035714,0.10900297619
2012-10-23 12:37:40,-70401,1,56.245014881,0.214211309524
2012-10-23 12:37:41,-70400,1,56.4658482143,0.220833333333
2012-10-23 12:37:42,-70399,1,56.624702381,0.158854166667
2012-10-23 12:37:43,-70398,1,56.7088541667,0.0841517857143
2012-10-23 12:37:44,-70397,1,56.7378720238,0.0290178571428
2012-10-23 12:37:45,-70396,1,56.7225446429,-0.0153273809524
2012-10-23 12:37:46,-70395,1,56.6569940476,-0.0655505952381
2012-10-23 12:37:47,-70394,1,56.5419642857,-0.115029761905
2012-10-23 12:37:48,-70393,1,56.4034970238,-0.138467261905
2012-10-23 12:37:49,-70392,1,56.2848958333,-0.118601190476
2012-10-23 12:37:50,-70391,1,56.2180059524,-0.0668898809524
2012-10-23 12:37:51,-70390,1,56.2056547619,-0.0123511904761
2012-10-23 12:37:52,-70389,1,56.2390625,0.0334077380952
2012-10-23 12:37:53,-70388,1,56.3299107143,0.0908482142857
2012-10-23 12:37:54,-70387,1,56.5144345238,0.184523809524
2012-10-23 12:37:55,-70386,1,56.8219494048,0.307514880952
2012-10-23 12:37:56,-70385,1,57.2436755952,0.421726190476
2012-10-23 12:37:57,-70384,1,57.7313988095,0.487723214286
2012-10-23 12:37:58,-70383,1,58.2242559524,0.492857142857
2012-10-23 12:37:59,-70382,1,58.6824404762,0.458184523809
2012-10-23 12:38:00,-70381,1,59.1000744048,0.417633928571
2012-10-23 12:38:01,-70380,1,59.4905505952,0.390476190476
2012-10-23 12:38:02,-70379,1,59.8686011905,0.378050595238
2012-10-23 12:38:03,-70378,1,60.2414434524,0.372842261905
2012-10-23 12:38:04,-70377,1,60.5890625,0.347619047619
2012-10-23 12:38:05,-70376,1,60.8377232143,0.248660714286
2012-10-23 12:38:06,-70375,1,60.886235119,0.0485119047619
2012-10-23 12:38:07,-70374,1,60.7029017857,-0.183333333333
2012-10-23 12:38:08,-70373,1,60.3936755952,-0.309226190476
2012-10-23 12:38:09,-70372,1,60.148139881,-0.245535714286
2012-10-23 12:38:10,-70371,1,60.1072916667,-0.0408482142857
2012-10-23 12:38:11,-70370,1,60.2744791667,0.1671875
2012-10-23 12:38:12,-70369,1,60.5456845238,0.271205357143
2012-10-23 12:38:13,-70368,1,60.8180803571,0.272395833333
2012-10-23 12:38:14,-70367,1,61.0569196429,0.238839285714
2012-10-23 12:38:15,-70366,1,61.2726190476,0.215699404762
2012-10-23 12:38:16,-70365,1,61.4730654762,0.200446428571
2012-10-23 12:38:17,-70364,1,61.6527529762,0.1796875
2012-10-23 12:38:18,-70363,1,61.8091517857,0.156398809524
2012-10-23 12:38:19,-70362,1,61.9468005952,0.137648809524
2012-10-23 12:38:20,-70361,1,62.0680803571,0.121279761905
2012-10-23 12:38:21,-70360,1,62.1777529762,0.109672619048
2012-10-23 12:38:22,-70359,1,62.2921130952,0.114360119048
2012-10-23 12:38:23,-70358,1,62.4313988095,0.139285714286
2012-10-23 12:38:24,-70357,1,62.6040922619,0.172693452381
2012-10-23 12:38:25,-70356,1,62.7888392857,0.184747023809
2012-10-23 12:38:26,-70355,1,62.9176339286,0.128794642857
2012-10-23 12:38:27,-70354,1,62.8863095238,-0.0313244047619
2012-10-23 12:38:28,-70353,1,62.6040178571,-0.282291666667
2012-10-23 12:38:29,-70352,1,62.0560267857,-0.547991071429
2012-10-23 12:38:30,-70351,1,61.3404761905,-0.715550595238
2012-10-23 12:38:31,-70350,1,60.6397321429,-0.700744047619
2012-10-23 12:38:32,-70349,1,60.1238095238,-0.515922619048
2012-10-23 12:38:33,-70348,1,59.8582589286,-0.265550595238
2012-10-23 12:38:34,-70347,1,59.7912202381,-0.0670386904762
2012-10-23 12:38:35,-70346,1,59.8037202381,0.0125
2012-10-23 12:38:36,-70345,1,59.7674107143,-0.0363095238095
2012-10-23 12:38:37,-70344,1,59.596577381,-0.170833333333
2012-10-23 12:38:38,-70343,1,59.2876488095,-0.308928571429
2012-10-23 12:38:39,-70342,1,58.9149553571,-0.372693452381
2012-10-23 12:38:40,-70341,1,58.5821428571,-0.3328125
2012-10-23 12:38:41,-70340,1,58.3648809524,-0.217261904762
2012-10-23 12:38:42,-70339,1,58.273139881,-0.0917410714285
2012-10-23 12:38:43,-70338,1,58.2494791667,-0.0236607142857
2012-10-23 12:38:44,-70337,1,58.1993303571,-0.0501488095238
2012-10-23 12:38:45,-70336,1,58.0325892857,-0.166741071429
2012-10-23 12:38:46,-70335,1,57.6991815476,-0.333407738095
2012-10-23 12:38:47,-70334,1,57.1853422619,-0.513839285714
2012-10-23 12:38:48,-70333,1,56.4819196429,-0.703422619048
2012-10-23 12:38:49,-70332,1,55.6063244048,-0.875595238095
2012-10-23 12:38:50,-70331,1,54.6483630952,-0.957961309524
2012-10-23 12:38:51,-70330,1,53.7375,-0.910863095238
2012-10-23 12:38:52,-70329,1,52.9699404762,-0.767559523809
2012-10-23 12:38:53,-70328,1,52.353125,-0.616815476191
2012-10-23 12:38:54,-70327,1,51.7870535714,-0.566071428571
2012-10-23 12:38:55,-70326,1,51.1584821429,-0.628571428571
2012-10-23 12:38:56,-70325,1,50.479985119,-0.67849702381
2012-10-23 12:38:57,-70324,1,49.8874255952,-0.592559523809
2012-10-23 12:38:58,-70323,1,49.5201636905,-0.367261904762
2012-10-23 12:38:59,-70322,1,49.4306547619,-0.0895089285714
2012-10-23 12:39:00,-70321,1,49.5688988095,0.138244047619
2012-10-23 12:39:01,-70320,1,49.8324404762,0.263541666667
2012-10-23 12:39:02,-70319,1,50.1430059524,0.310565476191
2012-10-23 12:39:03,-70318,1,50.4746279762,0.331622023809
2012-10-23 12:39:04,-70317,1,50.813764881,0.339136904762
2012-10-23 12:39:05,-70316,1,51.1234375,0.309672619048
2012-10-23 12:39:06,-70315,1,51.3644345238,0.240997023809
2012-10-23 12:39:07,-70314,1,51.5238095238,0.159375
2012-10-23 12:39:08,-70313,1,51.5924107143,0.0686011904762
2012-10-23 12:39:09,-70312,1,51.5272321429,-0.0651785714286
2012-10-23 12:39:10,-70311,1,51.2631696429,-0.2640625
2012-10-23 12:39:11,-70310,1,50.7698660714,-0.493303571429
2012-10-23 12:39:12,-70309,1,50.0910714286,-0.678794642857
2012-10-23 12:39:13,-70308,1,49.3198660714,-0.771205357143
2012-10-23 12:39:14,-70307,1,48.5345238095,-0.785342261905
2012-10-23 12:39:15,-70306,1,47.762797619,-0.771726190476
2012-10-23 12:39:16,-70305,1,46.9963541667,-0.766443452381
2012-10-23 12:39:17,-70304,1,46.2197172619,-0.776636904762
2012-10-23 12:39:18,-70303,1,45.4380208333,-0.781696428572
2012-10-23 12:39:19,-70302,1,44.7113095238,-0.726711309524
2012-10-23 12:39:20,-70301,1,44.1642857143,-0.547023809524
2012-10-23 12:39:21,-70300,1,43.934375,-0.229910714286
2012-10-23 12:39:22,-70299,1,44.0870535714,0.152678571429
2012-10-23 12:39:23,-70298,1,44.5682291667,0.481175595238
2012-10-23 12:39:24,-70297,1,45.228422619,0.660193452381
2012-10-23 12:39:25,-70296,1,45.8884672619,0.660044642857
2012-10-23 12:39:26,-70295,1,46.4034970238,0.515029761905
2012-10-23 12:39:27,-70294,1,46.7132440476,0.30974702381
2012-10-23 12:39:28,-70293,1,46.8609375,0.147693452381
2012-10-23 12:39:29,-70292,1,46.9601934524,0.0992559523809
2012-10-23 12:39:30,-70291,1,47.1261160714,0.165922619048
2012-10-23 12:39:31,-70290,1,47.4077380952,0.28162202381
2012-10-23 12:39:32,-70289,1,47.7720238095,0.364285714286
2012-10-23 12:39:33,-70288,1,48.1584077381,0.386383928571
2012-10-23 12:39:34,-70287,1,48.5348214286,0.376413690476
2012-10-23 12:39:35,-70286,1,48.8978422619,0.363020833333
2012-10-23 12:39:36,-70285,1,49.2514136905,0.353571428571
2012-10-23 12:39:37,-70284,1,49.600297619,0.348883928571
2012-10-23 12:39:38,-70283,1,49.9509672619,0.350669642857
2012-10-23 12:39:39,-70282,1,50.3104166667,0.359449404762
2012-10-23 12:39:40,-70281,1,50.6757440476,0.365327380952
2012-10-23 12:39:41,-70280,1,51.0117559524,0.336011904762
2012-10-23 12:39:42,-70279,1,51.2436755952,0.231919642857
2012-10-23 12:39:43,-70278,1,51.3056547619,0.0619791666667
2012-10-23 12:39:44,-70277,1,51.2240327381,-0.0816220238096
2012-10-23 12:39:45,-70276,1,51.1399553571,-0.0840773809523
2012-10-23 12:39:46,-70275,1,51.2264880952,0.0865327380952
2012-10-23 12:39:47,-70274,1,51.5717261905,0.345238095238
2012-10-23 12:39:48,-70273,1,52.1178571429,0.546130952381
2012-10-23 12:39:49,-70272,1,52.6912946429,0.5734375
2012-10-23 12:39:50,-70271,1,53.1058779762,0.414583333333
2012-10-23 12:39:51,-70270,1,53.268452381,0.162574404762
2012-10-23 12:39:52,-70269,1,53.2083333333,-0.0601190476191
2012-10-23 12:39:53,-70268,1,53.0191964286,-0.189136904762
2012-10-23 12:39:54,-70267,1,52.7811755952,-0.238020833333
2012-10-23 12:39:55,-70266,1,52.5419642857,-0.239211309524
2012-10-23 12:39:56,-70265,1,52.3586309524,-0.183333333333
2012-10-23 12:39:57,-70264,1,52.3245535714,-0.0340773809523
2012-10-23 12:39:58,-70263,1,52.5218005952,0.197247023809
2012-10-23 12:39:59,-70262,1,52.9300595238,0.408258928571
2012-10-23 12:40:00,-70261,1,53.3996279762,0.469568452381
2012-10-23 12:40:01,-70260,1,53.7475446429,0.347916666667
2012-10-23 12:40:02,-70259,1,53.8831845238,0.135639880952
2012-10-23 12:40:03,-70258,1,53.8354166667,-0.0477678571428
2012-10-23 12:40:04,-70257,1,53.6929315476,-0.142485119048
2012-10-23 12:40:05,-70256,1,53.5479910714,-0.14494047619
2012-10-23 12:40:06,-70255,1,53.4732886905,-0.0747023809524
2012-10-23 12:40:07,-70254,1,53.5131696429,0.0398809523809
2012-10-23 12:40:08,-70253,1,53.6790922619,0.165922619048
2012-10-23 12:40:09,-70252,1,53.9424107143,0.263318452381
2012-10-23 12:40:10,-70251,1,54.2224702381,0.280059523809
2012-10-23 12:40:11,-70250,1,54.3972470238,0.174776785714
2012-10-23 12:40:12,-70249,1,54.3520089286,-0.0452380952381
2012-10-23 12:40:13,-70248,1,54.0267857143,-0.325223214286
2012-10-23 12:40:14,-70247,1,53.4302827381,-0.596502976191
2012-10-23 12:40:15,-70246,1,52.6255208333,-0.804761904762
2012-10-23 12:40:16,-70245,1,51.7031994048,-0.922321428571
2012-10-23 12:40:17,-70244,1,50.7725446429,-0.930654761905
2012-10-23 12:40:18,-70243,1,49.9591517857,-0.813392857143
2012-10-23 12:40:19,-70242,1,49.3649553571,-0.594196428572
2012-10-23 12:40:20,-70241,1,49.0258928571,-0.3390625
2012-10-23 12:40:21,-70240,1,48.925,-0.100892857143
2012-10-23 12:40:22,-70239,1,49.0345238095,0.109523809524
2012-10-23 12:40:23,-70238,1,49.337202381,0.302678571429
2012-10-23 12:40:24,-70237,1,49.7995535714,0.462351190476
2012-10-23 12:40:25,-70236,1,50.3198660714,0.5203125
2012-10-23 12:40:26,-70235,1,50.7386160714,0.41875
2012-10-23 12:40:27,-70234,1,50.9383928571,0.199776785714
2012-10-23 12:40:28,-70233,1,50.9380952381,-0.0002976190477
2012-10-23 12:40:29,-70232,1,50.8879464286,-0.0501488095238
2012-10-23 12:40:30,-70231,1,50.9584077381,0.0704613095238
2012-10-23 12:40:31,-70230,1,51.202827381,0.244419642857
2012-10-23 12:40:32,-70229,1,51.5185267857,0.315699404762
2012-10-23 12:40:33,-70228,1,51.7382440476,0.219717261905
2012-10-23 12:40:34,-70227,1,51.7438244048,0.0055803571429
2012-10-23 12:40:35,-70226,1,51.5149553571,-0.228869047619
2012-10-23 12:40:36,-70225,1,51.1183779762,-0.396577380952
2012-10-23 12:40:37,-70224,1,50.6583333333,-0.460044642857
2012-10-23 12:40:38,-70223,1,50.2235119048,-0.434821428571
2012-10-23 12:40:39,-70222,1,49.8685267857,-0.354985119048
2012-10-23 12:40:40,-70221,1,49.6181547619,-0.25037202381
2012-10-23 12:40:41,-70220,1,49.4822916667,-0.135863095238
2012-10-23 12:40:42,-70219,1,49.4797619048,-0.0025297619048
2012-10-23 12:40:43,-70218,1,49.6365327381,0.156770833333
2012-10-23 12:40:44,-70217,1,49.9493303571,0.312797619048
2012-10-23 12:40:45,-70216,1,50.3523065476,0.402976190476
2012-10-23 12:40:46,-70215,1,50.7223214286,0.370014880952
2012-10-23 12:40:47,-70214,1,50.9427827381,0.220461309524
2012-10-23 12:40:48,-70213,1,50.9898809524,0.0470982142858
2012-10-23 12:40:49,-70212,1,50.9505208333,-0.0393601190477
2012-10-23 12:40:50,-70211,1,50.9406994048,-0.0098214285714
2012-10-23 12:40:51,-70210,1,51.00625,0.0655505952381
2012-10-23 12:40:52,-70209,1,51.1026041667,0.0963541666667
2012-10-23 12:40:53,-70208,1,51.149702381,0.0470982142857
2012-10-23 12:40:54,-70207,1,51.0842261905,-0.0654761904762
2012-10-23 12:40:55,-70206,1,50.871875,-0.212351190476
2012-10-23 12:40:56,-70205,1,50.5122767857,-0.359598214286
2012-10-23 12:40:57,-70204,1,50.0675595238,-0.444717261905
2012-10-23 12:40:58,-70203,1,49.6791666667,-0.388392857143
2012-10-23 12:40:59,-70202,1,49.5070684524,-0.172098214286
2012-10-23 12:41:00,-70201,1,49.6072172619,0.100148809524
2012-10-23 12:41:01,-70200,1,49.8713541667,0.264136904762
2012-10-23 12:41:02,-70199,1,50.1209077381,0.249553571428
2012-10-23 12:41:03,-70198,1,50.2710565476,0.150148809524
2012-10-23 12:41:04,-70197,1,50.3962053571,0.125148809524
2012-10-23 12:41:05,-70196,1,50.6529761905,0.256770833333
2012-10-23 12:41:06,-70195,1,51.1508928571,0.497916666667
2012-10-23 12:41:07,-70194,1,51.873735119,0.722842261905
2012-10-23 12:41:08,-70193,1,52.7069196429,0.833184523809
2012-10-23 12:41:09,-70192,1,53.5303571429,0.8234375
2012-10-23 12:41:10,-70191,1,54.2706845238,0.740327380952
2012-10-23 12:41:11,-70190,1,54.8857886905,0.615104166667
2012-10-23 12:41:12,-70189,1,55.3503720238,0.464583333333
2012-10-23 12:41:13,-70188,1,55.6743303571,0.323958333333
2012-10-23 12:41:14,-70187,1,55.9076636905,0.233333333333
2012-10-23 12:41:15,-70186,1,56.0930059524,0.185342261905
2012-10-23 12:41:16,-70185,1,56.2119791667,0.118973214286
2012-10-23 12:41:17,-70184,1,56.210639881,-0.0013392857143
2012-10-23 12:41:18,-70183,1,56.0881696429,-0.122470238095
2012-10-23 12:41:19,-70182,1,55.9332589286,-0.154910714286
2012-10-23 12:41:20,-70181,1,55.8517113095,-0.0815476190476
2012-10-23 12:41:21,-70180,1,55.851860119,0.0001488095238
2012-10-23 12:41:22,-70179,1,55.8101934524,-0.0416666666666
2012-10-23 12:41:23,-70178,1,55.568452381,-0.241741071429
2012-10-23 12:41:24,-70177,1,55.0568452381,-0.511607142857
2012-10-23 12:41:25,-70176,1,54.3169642857,-0.739880952381
2012-10-23 12:41:26,-70175,1,53.4477678571,-0.869196428571
2012-10-23 12:41:27,-70174,1,52.5671875,-0.880580357143
2012-10-23 12:41:28,-70173,1,51.8051339286,-0.762053571429
2012-10-23 12:41:29,-70172,1,51.276264881,-0.528869047619
2012-10-23 12:41:30,-70171,1,51.0047619048,-0.27150297619
2012-10-23 12:41:31,-70170,1,50.8554315476,-0.149330357143
2012-10-23 12:41:32,-70169,1,50.56875,-0.286681547619
2012-10-23 12:41:33,-70168,1,49.9195684524,-0.649181547619
2012-10-23 12:41:34,-70167,1,48.8755952381,-1.04397321429
2012-10-23 12:41:35,-70166,1,47.6084077381,-1.2671875
2012-10-23 12:41:36,-70165,1,46.3523809524,-1.25602678571
2012-10-23 12:41:37,-70164,1,45.2162202381,-1.13616071429
2012-10-23 12:41:38,-70163,1,44.0573660714,-1.15885416667
2012-10-23 12:41:39,-70162,1,42.5289434524,-1.52842261905
2012-10-23 12:41:40,-70161,1,40.3247767857,-2.20416666667
2012-10-23 12:41:41,-70160,1,37.4500744048,-2.87470238095
2012-10-23 12:41:42,-70159,1,34.2700892857,-3.17998511905
2012-10-23 12:41:43,-70158,1,31.2600446429,-3.01004464286
2012-10-23 12:41:44,-70157,1,28.6430803571,-2.61696428571
2012-10-23 12:41:45,-70156,1,26.2228422619,-2.42023809524
2012-10-23 12:41:46,-70155,1,23.5650297619,-2.6578125
2012-10-23 12:41:47,-70154,1,20.3787202381,-3.18630952381
2012-10-23 12:41:48,-70153,1,16.7539434524,-3.62477678571
2012-10-23 12:41:49,-70152,1,13.0339285714,-3.72001488095
2012-10-23 12:41:50,-70151,1,9.4962797619,-3.53764880952
2012-10-23 12:41:51,-70150,1,6.24851190476,-3.24776785714
2012-10-23 12:41:52,-70149,1,3.48638392857,-2.76212797619
2012-10-23 12:41:53,-70148,1,0.0,-3.48638392857
2012-10-23 12:42:34,-70107,41,0.0,0.0
2012-10-23 12:42:35,-70106,1,3.10625,3.10625
2012-10-23 12:42:36,-70105,1,5.66086309524,2.55461309524
2012-10-23 12:42:37,-70104,1,8.43177083333,2.7709077381
2012-10-23 12:42:38,-70103,1,10.8216517857,2.38988095238
2012-10-23 12:42:39,-70102,1,12.5898809524,1.76822916667
2012-10-23 12:42:40,-70101,1,13.7145089286,1.12462797619
2012-10-23 12:42:41,-70100,1,14.1679315476,0.453422619048
2012-10-23 12:42:42,-70099,1,13.837797619,-0.330133928571
2012-10-23 12:42:43,-70098,1,12.6603422619,-1.17745535714
2012-10-23 12:42:44,-70097,1,10.787202381,-1.87313988095
2012-10-23 12:42:45,-70096,1,8.56741071429,-2.21979166667
2012-10-23 12:42:46,-70095,1,6.32805059524,-2.23936011905
2012-10-23 12:42:47,-70094,1,4.22328869048,-2.10476190476
2012-10-23 12:42:48,-70093,1,2.38586309524,-1.83742559524
2012-10-23 12:42:49,-70092,1,0.0,-2.38586309524
2012-10-23 12:43:21,-70060,32,0.0,0.0
2012-10-23 12:43:22,-70059,1,1.04032738095,1.04032738095
2012-10-23 12:43:23,-70058,1,1.60348214286,0.563154761905
2012-10-23 12:43:24,-70057,1,2.00540922619,0.401927083333
2012-10-23 12:43:25,-70056,1,2.16041666667,0.155007440476
2012-10-23 12:43:26,-70055,1,2.17009672619,0.00968005952381
2012-10-23 12:43:27,-70054,1,2.1302827381,-0.0398139880952
2012-10-23 12:43:28,-70053,1,2.0812202381,-0.0490625
2012-10-23 12:43:29,-70052,1,2.04206845238,-0.0391517857143
2012-10-23 12:43:30,-70051,1,2.02476934524,-0.0172991071429
2012-10-23 12:43:31,-70050,1,2.02724702381,0.00247767857142
2012-10-23 12:43:32,-70049,1,2.03826636905,0.0110193452381
2012-10-23 12:43:33,-70048,1,2.04895833333,0.0106919642857
2012-10-23 12:43:34,-70047,1,2.05555803571,0.00659970238096
2012-10-23 12:43:35,-70046,1,2.06084821429,0.00529017857142
2012-10-23 12:43:36,-70045,1,2.08222470238,0.0213764880952
2012-10-23 12:43:37,-70044,1,2.14944940476,0.067224702381
2012-10-23 12:43:38,-70043,1,2.29824404762,0.148794642857
2012-10-23 12:43:39,-70042,1,2.58988095238,0.291636904762
2012-10-23 12:43:40,-70041,1,3.11695684524,0.527075892857
2012-10-23 12:43:41,-70040,1,3.93229166667,0.815334821429
2012-10-23 12:43:42,-70039,1,4.95604910714,1.02375744048
2012-10-23 12:43:43,-70038,1,5.97211309524,1.0160639881
2012-10-23 12:43:44,-70037,1,6.7478422619,0.775729166667
2012-10-23 12:43:45,-70036,1,7.21264880952,0.464806547619
2012-10-23 12:43:46,-70035,1,7.53199404762,0.319345238095
2012-10-23 12:43:47,-70034,1,7.96584821429,0.433854166667
2012-10-23 12:43:48,-70033,1,8.6537202381,0.68787202381
2012-10-23 12:43:49,-70032,1,9.54345238095,0.889732142857
2012-10-23 12:43:50,-70031,1,10.482514881,0.9390625
2012-10-23 12:43:51,-70030,1,11.3499255952,0.867410714286
2012-10-23 12:43:52,-70029,1,12.1027529762,0.752827380952
2012-10-23 12:43:53,-70028,1,12.7101190476,0.607366071428
2012-10-23 12:43:54,-70027,1,13.0985119048,0.388392857143
2012-10-23 12:43:55,-70026,1,13.1906994048,0.0921875
2012-10-23 12:43:56,-70025,1,12.9594494048,-0.23125
2012-10-23 12:43:57,-70024,1,12.4277529762,-0.531696428571
2012-10-23 12:43:58,-70023,1,11.6391369048,-0.788616071429
2012-10-23 12:43:59,-70022,1,10.636235119,-1.00290178571
2012-10-23 12:44:00,-70021,1,9.45610119048,-1.18013392857
2012-10-23 12:44:01,-70020,1,8.12723214286,-1.32886904762
2012-10-23 12:44:02,-70019,1,6.68214285714,-1.44508928571
2012-10-23 12:44:03,-70018,1,5.20505952381,-1.47708333333
2012-10-23 12:44:04,-70017,1,3.85907738095,-1.34598214286
2012-10-23 12:44:05,-70016,1,2.83162202381,-1.02745535714
2012-10-23 12:44:06,-70015,1,2.22678571429,-0.604836309524
2012-10-23 12:44:07,-70014,1,1.99263392857,-0.234151785714
2012-10-23 12:44:08,-70013,1,1.96302083333,-0.0296130952381
2012-10-23 12:44:09,-70012,1,1.98526785714,0.0222470238095
2012-10-23 12:44:10,-70011,1,1.99739583333,0.0121279761905
2012-10-23 12:44:11,-70010,1,2.00319940476,0.00580357142857
2012-10-23 12:44:12,-70009,1,2.02038690476,0.0171875
2012-10-23 12:44:13,-70008,1,2.03005952381,0.00967261904762
2012-10-23 12:44:14,-70007,1,1.92827380952,-0.101785714286
2012-10-23 12:44:15,-70006,1,1.58318452381,-0.345089285714
2012-10-23 12:44:16,-70005,1,1.05617559524,-0.527008928571
2012-10-23 12:44:17,-70004,1,0.0,-1.05617559524
2012-10-23 12:44:52,-69969,35,0.0,0.0
2012-10-23 12:44:53,-69968,1,2.40533234127,2.40533234127
2012-10-23 12:44:54,-69967,1,3.77030009921,1.36496775794
2012-10-23 12:44:55,-69966,1,4.58787202381,0.817571924603
2012-10-23 12:44:56,-69965,1,4.59219990079,0.00432787698413
2012-10-23 12:44:57,-69964,1,4.01356646825,-0.57863343254
2012-10-23 12:44:58,-69963,1,3.27261904762,-0.740947420635
2012-10-23 12:44:59,-69962,1,2.68286210317,-0.589756944444
2012-10-23 12:45:00,-69961,1,2.3373015873,-0.345560515873
2012-10-23 12:45:01,-69960,1,2.17604166667,-0.161259920635
2012-10-23 12:45:02,-69959,1,2.16560019841,-0.010441468254
2012-10-23 12:45:03,-69958,1,2.41564980159,0.250049603175
2012-10-23 12:45:04,-69957,1,3.10498511905,0.68933531746
2012-10-23 12:45:05,-69956,1,4.32579365079,1.22080853175
2012-10-23 12:45:06,-69955,1,5.99522569444,1.66943204365
2012-10-23 12:45:07,-69954,1,7.86555059524,1.87032490079
2012-10-23 12:45:08,-69953,1,9.59428323413,1.72873263889
2012-10-23 12:45:09,-69952,1,10.805530754,1.21124751984
2012-10-23 12:45:10,-69951,1,11.1662202381,0.360689484127
2012-10-23 12:45:11,-69950,1,10.559375,-0.606845238095
2012-10-23 12:45:12,-69949,1,9.24308035714,-1.31629464286
2012-10-23 12:45:13,-69948,1,7.77321428571,-1.46986607143
2012-10-23 12:45:14,-69947,1,6.69761904762,-1.0755952381
2012-10-23 12:45:15,-69946,1,6.26116071429,-0.436458333333
2012-10-23 12:45:16,-69945,1,6.33861607143,0.0774553571429
2012-10-23 12:45:17,-69944,1,6.62842261905,0.289806547619
2012-10-23 12:45:18,-69943,1,6.91688988095,0.288467261905
2012-10-23 12:45:19,-69942,1,7.16227678571,0.245386904762
2012-10-23 12:45:20,-69941,1,7.36555059524,0.203273809524
2012-10-23 12:45:21,-69940,1,7.41235119048,0.0468005952381
2012-10-23 12:45:22,-69939,1,7.05319940476,-0.359151785714
2012-10-23 12:45:23,-69938,1,6.05193452381,-1.00126488095
2012-10-23 12:45:24,-69937,1,4.42083333333,-1.63110119048
2012-10-23 12:45:25,-69936,1,2.59605654762,-1.82477678571
2012-10-23 12:45:26,-69935,1,0.0,-2.59605654762
2012-10-23 12:46:09,-69892,43,0.0,0.0
2012-10-23 12:46:10,-69891,1,2.21235119048,2.21235119048
2012-10-23 12:46:11,-69890,1,3.49665178571,1.28430059524
2012-10-23 12:46:12,-69889,1,4.36473214286,0.868080357143
2012-10-23 12:46:13,-69888,1,4.5,0.135267857143
2012-10-23 12:46:14,-69887,1,3.946875,-0.553125
2012-10-23 12:46:15,-69886,1,2.9109375,-1.0359375
2012-10-23 12:46:16,-69885,1,1.73311011905,-1.17782738095
2012-10-23 12:46:17,-69884,1,0.0,-1.73311011905
2012-10-23 12:46:49,-69852,32,0.0,0.0
2012-10-23 12:46:50,-69851,1,1.50305059524,1.50305059524
2012-10-23 12:46:51,-69850,1,2.42046130952,0.917410714286
2012-10-23 12:46:52,-69849,1,3.23519345238,0.814732142857
2012-10-23 12:46:53,-69848,1,4.0197172619,0.784523809524
2012-10-23 12:46:54,-69847,1,5.11130952381,1.0915922619
2012-10-23 12:46:55,-69846,1,6.68891369048,1.57760416667
2012-10-23 12:46:56,-69845,1,8.63318452381,1.94427083333
2012-10-23 12:46:57,-69844,1,10.7064732143,2.07328869048
2012-10-23 12:46:58,-69843,1,12.6746279762,1.9681547619
2012-10-23 12:46:59,-69842,1,14.272172619,1.59754464286
2012-10-23 12:47:00,-69841,1,15.1807291667,0.908556547619
2012-10-23 12:47:01,-69840,1,15.0761904762,-0.104538690476
2012-10-23 12:47:02,-69839,1,13.7416666667,-1.33452380952
2012-10-23 12:47:03,-69838,1,11.2206845238,-2.52098214286
2012-10-23 12:47:04,-69837,1,7.90327380952,-3.31741071429
2012-10-23 12:47:05,-69836,1,4.55483630952,-3.3484375
2012-10-23 12:47:06,-69835,1,0.0,-4.55483630952
2012-10-23 12:48:10,-69771,64,0.0,0.0
2012-10-23 12:48:11,-69770,1,3.13526785714,3.13526785714
2012-10-23 12:48:12,-69769,1,5.48214285714,2.346875
2012-10-23 12:48:13,-69768,1,7.8806547619,2.39851190476
2012-10-23 12:48:14,-69767,1,9.82358630952,1.94293154762
2012-10-23 12:48:15,-69766,1,11.2475446429,1.42395833333
2012-10-23 12:48:16,-69765,1,12.3038690476,1.05632440476
2012-10-23 12:48:17,-69764,1,13.1400297619,0.836160714286
2012-10-23 12:48:18,-69763,1,13.8236607143,0.683630952381
2012-10-23 12:48:19,-69762,1,14.3744047619,0.550744047619
2012-10-23 12:48:20,-69761,1,14.8384672619,0.4640625
2012-10-23 12:48:21,-69760,1,15.3322916667,0.493824404762
2012-10-23 12:48:22,-69759,1,15.9602678571,0.627976190476
2012-10-23 12:48:23,-69758,1,16.6996279762,0.739360119048
2012-10-23 12:48:24,-69757,1,17.434375,0.73474702381
2012-10-23 12:48:25,-69756,1,18.0712797619,0.636904761905
2012-10-23 12:48:26,-69755,1,18.5648065476,0.493526785714
2012-10-23 12:48:27,-69754,1,18.8735119048,0.308705357143
2012-10-23 12:48:28,-69753,1,18.9837797619,0.110267857143
2012-10-23 12:48:29,-69752,1,19.0411458333,0.0573660714285
2012-10-23 12:48:30,-69751,1,19.4197916667,0.378645833333
2012-10-23 12:48:31,-69750,1,20.522172619,1.10238095238
2012-10-23 12:48:32,-69749,1,22.4414434524,1.91927083333
2012-10-23 12:48:33,-69748,1,24.8476934524,2.40625
2012-10-23 12:48:34,-69747,1,27.210639881,2.36294642857
2012-10-23 12:48:35,-69746,1,29.1348958333,1.92425595238
2012-10-23 12:48:36,-69745,1,30.5067708333,1.371875
2012-10-23 12:48:37,-69744,1,31.3755952381,0.868824404762
2012-10-23 12:48:38,-69743,1,31.7691964286,0.393601190476
2012-10-23 12:48:39,-69742,1,31.6235863095,-0.145610119048
2012-10-23 12:48:40,-69741,1,30.8354166667,-0.788169642857
2012-10-23 12:48:41,-69740,1,29.3767857143,-1.45863095238
2012-10-23 12:48:42,-69739,1,27.3988095238,-1.97797619048
2012-10-23 12:48:43,-69738,1,25.253125,-2.14568452381
2012-10-23 12:48:44,-69737,1,23.3641369048,-1.88898809524
2012-10-23 12:48:45,-69736,1,21.9691964286,-1.39494047619
2012-10-23 12:48:46,-69735,1,20.9388392857,-1.03035714286
2012-10-23 12:48:47,-69734,1,19.8836309524,-1.05520833333
2012-10-23 12:48:48,-69733,1,18.4595982143,-1.4240327381
2012-10-23 12:48:49,-69732,1,16.5891369048,-1.87046130952
2012-10-23 12:48:50,-69731,1,14.4374255952,-2.15171130952
2012-10-23 12:48:51,-69730,1,12.2325892857,-2.20483630952
2012-10-23 12:48:52,-69729,1,10.1211309524,-2.11145833333
2012-10-23 12:48:53,-69728,1,8.15245535714,-1.96867559524
2012-10-23 12:48:54,-69727,1,6.36391369048,-1.78854166667
2012-10-23 12:48:55,-69726,1,4.92410714286,-1.43980654762
2012-10-23 12:48:56,-69725,1,4.24754464286,-0.6765625
2012-10-23 12:48:57,-69724,1,4.88132440476,0.633779761905
2012-10-23 12:48:58,-69723,1,7.1265625,2.24523809524
2012-10-23 12:48:59,-69722,1,10.7402529762,3.61369047619
2012-10-23 12:49:00,-69721,1,15.0479910714,4.30773809524
2012-10-23 12:49:01,-69720,1,19.3447916667,4.29680059524
2012-10-23 12:49:02,-69719,1,23.1877232143,3.84293154762
2012-10-23 12:49:03,-69718,1,26.3620535714,3.17433035714
2012-10-23 12:49:04,-69717,1,28.6868303571,2.32477678571
2012-10-23 12:49:05,-69716,1,29.9859375,1.29910714286
2012-10-23 12:49:06,-69715,1,30.2629464286,0.277008928571
2012-10-23 12:49:07,-69714,1,29.7921130952,-0.470833333333
2012-10-23 12:49:08,-69713,1,28.9702380952,-0.821875
2012-10-23 12:49:09,-69712,1,28.1035714286,-0.866666666667
2012-10-23 12:49:10,-69711,1,27.3122767857,-0.791294642857
2012-10-23 12:49:11,-69710,1,26.5234375,-0.788839285714
2012-10-23 12:49:12,-69709,1,25.4907738095,-1.03266369048
2012-10-23 12:49:13,-69708,1,23.8703373016,-1.62043650794
2012-10-23 12:49:14,-69707,1,21.3600570437,-2.51028025794
2012-10-23 12:49:15,-69706,1,17.8875,-3.47255704365
2012-10-23 12:49:16,-69705,1,13.7873387897,-4.10016121032
2012-10-23 12:49:17,-69704,1,9.75711805556,-4.03022073413
2012-10-23 12:49:18,-69703,1,6.51294642857,-3.24417162698
2012-10-23 12:49:19,-69702,1,4.41453373016,-2.09841269841
2012-10-23 12:49:20,-69701,1,3.32437996032,-1.09015376984
2012-10-23 12:49:21,-69700,1,2.82306547619,-0.501314484127
2012-10-23 12:49:22,-69699,1,2.70984623016,-0.113219246032
2012-10-23 12:49:23,-69698,1,3.27482638889,0.56498015873
2012-10-23 12:49:24,-69697,1,4.97038690476,1.69556051587
2012-10-23 12:49:25,-69696,1,7.90567956349,2.93529265873
2012-10-23 12:49:26,-69695,1,11.7039558532,3.79827628968
2012-10-23 12:49:27,-69694,1,15.7467261905,4.0427703373
2012-10-23 12:49:28,-69693,1,19.5595114087,3.81278521825
2012-10-23 12:49:29,-69692,1,23.0088293651,3.44931795635
2012-10-23 12:49:30,-69691,1,26.1571428571,3.14831349206
2012-10-23 12:49:31,-69690,1,29.0438244048,2.88668154762
2012-10-23 12:49:32,-69689,1,31.6504464286,2.60662202381
2012-10-23 12:49:33,-69688,1,33.9788690476,2.32842261905
2012-10-23 12:49:34,-69687,1,36.0802827381,2.10141369048
2012-10-23 12:49:35,-69686,1,37.931547619,1.85126488095
2012-10-23 12:49:36,-69685,1,39.3250744048,1.39352678571
2012-10-23 12:49:37,-69684,1,40.1114583333,0.786383928571
2012-10-23 12:49:38,-69683,1,40.5172619048,0.405803571429
2012-10-23 12:49:39,-69682,1,40.9991071429,0.481845238095
2012-10-23 12:49:40,-69681,1,41.8500744048,0.850967261905
2012-10-23 12:49:41,-69680,1,42.9438244048,1.09375
2012-10-23 12:49:42,-69679,1,43.7510416667,0.807217261905
2012-10-23 12:49:43,-69678,1,43.789360119,0.0383184523809
2012-10-23 12:49:44,-69677,1,43.0823660714,-0.706994047619
2012-10-23 12:49:45,-69676,1,42.0345238095,-1.0478422619
2012-10-23 12:49:46,-69675,1,41.0475446429,-0.986979166667
2012-10-23 12:49:47,-69674,1,40.3467261905,-0.700818452381
2012-10-23 12:49:48,-69673,1,39.9529017857,-0.393824404762
2012-10-23 12:49:49,-69672,1,39.7371279762,-0.215773809524
2012-10-23 12:49:50,-69671,1,39.5560267857,-0.181101190476
2012-10-23 12:49:51,-69670,1,39.3651785714,-0.190848214286
2012-10-23 12:49:52,-69669,1,39.2364583333,-0.128720238095
2012-10-23 12:49:53,-69668,1,39.2723214286,0.0358630952381
2012-10-23 12:49:54,-69667,1,39.4894345238,0.217113095238
2012-10-23 12:49:55,-69666,1,39.7788690476,0.289434523809
2012-10-23 12:49:56,-69665,1,39.9735119048,0.194642857143
2012-10-23 12:49:57,-69664,1,39.9696428571,-0.003869047619
2012-10-23 12:49:58,-69663,1,39.7973214286,-0.172321428572
2012-10-23 12:49:59,-69662,1,39.5607142857,-0.236607142857
2012-10-23 12:50:00,-69661,1,39.324702381,-0.236011904762
2012-10-23 12:50:01,-69660,1,39.0908482143,-0.233854166667
2012-10-23 12:50:02,-69659,1,38.842485119,-0.248363095238
2012-10-23 12:50:03,-69658,1,38.5375744048,-0.304910714286
2012-10-23 12:50:04,-69657,1,38.0567708333,-0.480803571429
2012-10-23 12:50:05,-69656,1,37.201860119,-0.854910714286
2012-10-23 12:50:06,-69655,1,35.7792410714,-1.42261904762
2012-10-23 12:50:07,-69654,1,33.7270833333,-2.0521577381
2012-10-23 12:50:08,-69653,1,31.1677827381,-2.55930059524
2012-10-23 12:50:09,-69652,1,28.306547619,-2.86123511905
2012-10-23 12:50:10,-69651,1,25.2863839286,-3.02016369048
2012-10-23 12:50:11,-69650,1,22.1470238095,-3.13936011905
2012-10-23 12:50:12,-69649,1,18.8886160714,-3.2584077381
2012-10-23 12:50:13,-69648,1,15.5461309524,-3.34248511905
2012-10-23 12:50:14,-69647,1,12.1912202381,-3.35491071429
2012-10-23 12:50:15,-69646,1,8.89352678571,-3.29769345238
2012-10-23 12:50:16,-69645,1,5.76867559524,-3.12485119048
2012-10-23 12:50:17,-69644,1,3.14598214286,-2.62269345238
2012-10-23 12:50:18,-69643,1,0.0,-3.14598214286
2012-10-23 12:50:32,-69629,14,0.0,0.0
2012-10-23 12:50:33,-69628,1,3.90029761905,3.90029761905
2012-10-23 12:50:34,-69627,1,6.91889880952,3.01860119048
2012-10-23 12:50:35,-69626,1,10.0024553571,3.08355654762
2012-10-23 12:50:36,-69625,1,12.5433035714,2.54084821429
2012-10-23 12:50:37,-69624,1,14.4136904762,1.87038690476
2012-10-23 12:50:38,-69623,1,15.7381696429,1.32447916667
2012-10-23 12:50:39,-69622,1,16.598735119,0.86056547619
2012-10-23 12:50:40,-69621,1,16.9574404762,0.358705357143
2012-10-23 12:50:41,-69620,1,16.8067708333,-0.150669642857
2012-10-23 12:50:42,-69619,1,16.2875,-0.519270833333
2012-10-23 12:50:43,-69618,1,15.6404761905,-0.647023809524
2012-10-23 12:50:44,-69617,1,15.0790922619,-0.561383928571
2012-10-23 12:50:45,-69616,1,14.6895833333,-0.389508928571
2012-10-23 12:50:46,-69615,1,14.4227678571,-0.26681547619
2012-10-23 12:50:47,-69614,1,14.1746279762,-0.248139880952
2012-10-23 12:50:48,-69613,1,13.8714285714,-0.303199404762
2012-10-23 12:50:49,-69612,1,13.4991815476,-0.37224702381
2012-10-23 12:50:50,-69611,1,13.0933779762,-0.405803571428
2012-10-23 12:50:51,-69610,1,12.6922619048,-0.401116071429
2012-10-23 12:50:52,-69609,1,12.2636904762,-0.428571428571
2012-10-23 12:50:53,-69608,1,11.7252232143,-0.538467261905
2012-10-23 12:50:54,-69607,1,11.0945684524,-0.630654761905
2012-10-23 12:50:55,-69606,1,10.5724702381,-0.522098214286
2012-10-23 12:50:56,-69605,1,10.4413690476,-0.131101190476
2012-10-23 12:50:57,-69604,1,10.8866071429,0.445238095238
2012-10-23 12:50:58,-69603,1,11.8793154762,0.992708333333
2012-10-23 12:50:59,-69602,1,13.215327381,1.33601190476
2012-10-23 12:51:00,-69601,1,14.6277529762,1.41242559524
2012-10-23 12:51:01,-69600,1,15.7821428571,1.15438988095
2012-10-23 12:51:02,-69599,1,16.2233630952,0.441220238095
2012-10-23 12:51:03,-69598,1,15.502827381,-0.720535714286
2012-10-23 12:51:04,-69597,1,13.5041666667,-1.99866071429
2012-10-23 12:51:05,-69596,1,10.7317708333,-2.77239583333
2012-10-23 12:51:06,-69595,1,8.21696428571,-2.51480654762
2012-10-23 12:51:07,-69594,1,6.96011904762,-1.2568452381
2012-10-23 12:51:08,-69593,1,7.3625,0.402380952381
2012-10-23 12:51:09,-69592,1,9.14665178571,1.78415178571
2012-10-23 12:51:10,-69591,1,11.699702381,2.55305059524
2012-10-23 12:51:11,-69590,1,14.4550595238,2.75535714286
2012-10-23 12:51:12,-69589,1,17.0978422619,2.6427827381
2012-10-23 12:51:13,-69588,1,19.5269345238,2.4290922619
2012-10-23 12:51:14,-69587,1,21.6748511905,2.14791666667
2012-10-23 12:51:15,-69586,1,23.4368303571,1.76197916667
2012-10-23 12:51:16,-69585,1,24.684375,1.24754464286
2012-10-23 12:51:17,-69584,1,25.2405505952,0.556175595238
2012-10-23 12:51:18,-69583,1,24.9801339286,-0.260416666667
2012-10-23 12:51:19,-69582,1,23.9845238095,-0.995610119048
2012-10-23 12:51:20,-69581,1,22.4723958333,-1.51212797619
2012-10-23 12:51:21,-69580,1,20.6761904762,-1.79620535714
2012-10-23 12:51:22,-69579,1,18.865625,-1.81056547619
2012-10-23 12:51:23,-69578,1,17.3603422619,-1.5052827381
2012-10-23 12:51:24,-69577,1,16.4753720238,-0.884970238095
2012-10-23 12:51:25,-69576,1,16.4307291667,-0.0446428571428
2012-10-23 12:51:26,-69575,1,17.2104166667,0.7796875
2012-10-23 12:51:27,-69574,1,18.5505208333,1.34010416667
2012-10-23 12:51:28,-69573,1,20.1435267857,1.59300595238
2012-10-23 12:51:29,-69572,1,21.7938988095,1.65037202381
2012-10-23 12:51:30,-69571,1,23.3884672619,1.59456845238
2012-10-23 12:51:31,-69570,1,24.834672619,1.44620535714
2012-10-23 12:51:32,-69569,1,26.0520833333,1.21741071429
2012-10-23 12:51:33,-69568,1,27.0014136905,0.949330357143
2012-10-23 12:51:34,-69567,1,27.726264881,0.724851190476
2012-10-23 12:51:35,-69566,1,28.3392113095,0.612946428571
2012-10-23 12:51:36,-69565,1,28.9300595238,0.590848214286
2012-10-23 12:51:37,-69564,1,29.4741071429,0.544047619048
2012-10-23 12:51:38,-69563,1,29.8381696429,0.3640625
2012-10-23 12:51:39,-69562,1,29.909672619,0.0715029761905
2012-10-23 12:51:40,-69561,1,29.7253720238,-0.184300595238
2012-10-23 12:51:41,-69560,1,29.450297619,-0.275074404762
2012-10-23 12:51:42,-69559,1,29.2448660714,-0.205431547619
2012-10-23 12:51:43,-69558,1,29.1634672619,-0.0813988095238
2012-10-23 12:51:44,-69557,1,29.146875,-0.0165922619048
2012-10-23 12:51:45,-69556,1,29.1040922619,-0.0427827380952
2012-10-23 12:51:46,-69555,1,29.0226934524,-0.0813988095239
2012-10-23 12:51:47,-69554,1,28.9574404762,-0.0652529761904
2012-10-23 12:51:48,-69553,1,28.8706845238,-0.086755952381
2012-10-23 12:51:49,-69552,1,28.5877232143,-0.282961309524
2012-10-23 12:51:50,-69551,1,27.984077381,-0.603645833333
2012-10-23 12:51:51,-69550,1,27.1074404762,-0.876636904762
2012-10-23 12:51:52,-69549,1,26.0863095238,-1.02113095238
2012-10-23 12:51:53,-69548,1,24.979389881,-1.10691964286
2012-10-23 12:51:54,-69547,1,23.6476190476,-1.33177083333
2012-10-23 12:51:55,-69546,1,21.7881696429,-1.85944940476
2012-10-23 12:51:56,-69545,1,19.1819940476,-2.60617559524
2012-10-23 12:51:57,-69544,1,15.8378720238,-3.34412202381
2012-10-23 12:51:58,-69543,1,11.9375,-3.90037202381
2012-10-23 12:51:59,-69542,1,7.85453869048,-4.08296130952
2012-10-23 12:52:00,-69541,1,4.27678571429,-3.57775297619
2012-10-23 12:52:01,-69540,1,0.0,-4.27678571429
2012-10-23 12:52:17,-69524,16,0.0,0.0
2012-10-23 12:52:18,-69523,1,4.6171875,4.6171875
2012-10-23 12:52:19,-69522,1,8.40744047619,3.79025297619
2012-10-23 12:52:20,-69521,1,12.7067708333,4.29933035714
2012-10-23 12:52:21,-69520,1,16.8884672619,4.18169642857
2012-10-23 12:52:22,-69519,1,20.5836309524,3.69516369048
2012-10-23 12:52:23,-69518,1,23.4474702381,2.86383928571
2012-10-23 12:52:24,-69517,1,25.0859375,1.6384672619
2012-10-23 12:52:25,-69516,1,25.2258928571,0.139955357143
2012-10-23 12:52:26,-69515,1,23.9767857143,-1.24910714286
2012-10-23 12:52:27,-69514,1,21.9098214286,-2.06696428571
2012-10-23 12:52:28,-69513,1,19.8542410714,-2.05558035714
2012-10-23 12:52:29,-69512,1,18.5619047619,-1.29233630952
2012-10-23 12:52:30,-69511,1,18.418452381,-0.143452380952
2012-10-23 12:52:31,-69510,1,19.3151785714,0.896726190476
2012-10-23 12:52:32,-69509,1,20.7619047619,1.44672619048
2012-10-23 12:52:33,-69508,1,22.187202381,1.42529761905
2012-10-23 12:52:34,-69507,1,23.2148809524,1.02767857143
2012-10-23 12:52:35,-69506,1,23.7308779762,0.515997023809
2012-10-23 12:52:36,-69505,1,23.738764881,0.0078869047619
2012-10-23 12:52:37,-69504,1,23.1702380952,-0.568526785714
2012-10-23 12:52:38,-69503,1,21.8445684524,-1.32566964286
2012-10-23 12:52:39,-69502,1,19.65625,-2.18831845238
2012-10-23 12:52:40,-69501,1,16.8548363095,-2.80141369048
2012-10-23 12:52:41,-69500,1,14.1197172619,-2.73511904762
2012-10-23 12:52:42,-69499,1,12.2939732143,-1.82574404762
2012-10-23 12:52:43,-69498,1,11.9855654762,-0.308407738095
2012-10-23 12:52:44,-69497,1,13.2918154762,1.30625
2012-10-23 12:52:45,-69496,1,15.7193452381,2.4275297619
2012-10-23 12:52:46,-69495,1,18.3446428571,2.62529761905
2012-10-23 12:52:47,-69494,1,20.2441220238,1.89947916667
2012-10-23 12:52:48,-69493,1,21.004985119,0.760863095238
2012-10-23 12:52:49,-69492,1,20.9633928571,-0.0415922619047
2012-10-23 12:52:50,-69491,1,20.9172619048,-0.046130952381
2012-10-23 12:52:51,-69490,1,21.4341517857,0.516889880952
2012-10-23 12:52:52,-69489,1,22.3276785714,0.893526785714
2012-10-23 12:52:53,-69488,1,22.8373511905,0.509672619048
2012-10-23 12:52:54,-69487,1,22.3332589286,-0.504092261905
2012-10-23 12:52:55,-69486,1,20.8005952381,-1.53266369048
2012-10-23 12:52:56,-69485,1,18.6641369048,-2.13645833333
2012-10-23 12:52:57,-69484,1,16.2694196429,-2.3947172619
2012-10-23 12:52:58,-69483,1,13.6534970238,-2.61592261905
2012-10-23 12:52:59,-69482,1,10.8250744048,-2.82842261905
2012-10-23 12:53:00,-69481,1,8.12261904762,-2.70245535714
2012-10-23 12:53:01,-69480,1,6.09821428571,-2.0244047619
2012-10-23 12:53:02,-69479,1,4.98430059524,-1.11391369048
2012-10-23 12:53:03,-69478,1,4.38058035714,-0.603720238095
2012-10-23 12:53:04,-69477,1,3.60052083333,-0.78005952381
2012-10-23 12:53:05,-69476,1,2.40595238095,-1.19456845238
2012-10-23 12:53:06,-69475,1,0.0,-2.40595238095
2012-10-23 13:51:11,-65990,3485,0.0,0.0
2012-10-23 13:51:12,-65989,1,1.71912202381,1.71912202381
2012-10-23 13:51:13,-65988,1,2.6287202381,0.909598214286
2012-10-23 13:51:14,-65987,1,3.3091889881,0.68046875
2012-10-23 13:51:15,-65986,1,3.68100818452,0.371819196429
2012-10-23 13:51:16,-65985,1,3.84624255952,0.165234375
2012-10-23 13:51:17,-65984,1,3.83774181548,-0.00850074404762
2012-10-23 13:51:18,-65983,1,3.67243303571,-0.165308779762
2012-10-23 13:51:19,-65982,1,3.4732328869,-0.19920014881
2012-10-23 13:51:20,-65981,1,3.43069196429,-0.0425409226191
2012-10-23 13:51:21,-65980,1,3.68839285714,0.257700892857
2012-10-23 13:51:22,-65979,1,4.29267113095,0.60427827381
2012-10-23 13:51:23,-65978,1,5.23316592262,0.940494791667
2012-10-23 13:51:24,-65977,1,6.51968005952,1.2865141369
2012-10-23 13:51:25,-65976,1,8.20280877976,1.68312872024
2012-10-23 13:51:26,-65975,1,10.3216889881,2.11888020833
2012-10-23 13:51:27,-65974,1,12.8413876488,2.51969866071
2012-10-23 13:51:28,-65973,1,15.61796875,2.77658110119
2012-10-23 13:51:29,-65972,1,18.4116071429,2.79363839286
2012-10-23 13:51:30,-65971,1,20.9709077381,2.55930059524
2012-10-23 13:51:31,-65970,1,23.1494047619,2.17849702381
2012-10-23 13:51:32,-65969,1,24.9326636905,1.78325892857
2012-10-23 13:51:33,-65968,1,26.3296130952,1.39694940476
2012-10-23 13:51:34,-65967,1,27.2764880952,0.946875
2012-10-23 13:51:35,-65966,1,27.6593005952,0.3828125
2012-10-23 13:51:36,-65965,1,27.3352678571,-0.324032738095
2012-10-23 13:51:37,-65964,1,26.1097470238,-1.22552083333
2012-10-23 13:51:38,-65963,1,23.846577381,-2.26316964286
2012-10-23 13:51:39,-65962,1,20.7330357143,-3.11354166667
2012-10-23 13:51:40,-65961,1,17.4252232143,-3.3078125
2012-10-23 13:51:41,-65960,1,14.848735119,-2.57648809524
2012-10-23 13:51:42,-65959,1,13.7226934524,-1.12604166667
2012-10-23 13:51:43,-65958,1,14.1524553571,0.429761904762
2012-10-23 13:51:44,-65957,1,15.6547619048,1.50230654762
2012-10-23 13:51:45,-65956,1,17.5574404762,1.90267857143
2012-10-23 13:51:46,-65955,1,19.3379464286,1.78050595238
2012-10-23 13:51:47,-65954,1,20.6849702381,1.34702380952
2012-10-23 13:51:48,-65953,1,21.440922619,0.755952380952
2012-10-23 13:51:49,-65952,1,21.5439732143,0.103050595238
2012-10-23 13:51:50,-65951,1,20.9379464286,-0.606026785714
2012-10-23 13:51:51,-65950,1,19.5182291667,-1.4197172619
2012-10-23 13:51:52,-65949,1,17.2568452381,-2.26138392857
2012-10-23 13:51:53,-65948,1,14.4353422619,-2.82150297619
2012-10-23 13:51:54,-65947,1,11.7211309524,-2.71421130952
2012-10-23 13:51:55,-65946,1,9.9431547619,-1.77797619048
2012-10-23 13:51:56,-65945,1,9.67886904762,-0.264285714286
2012-10-23 13:51:57,-65944,1,10.9570684524,1.27819940476
2012-10-23 13:51:58,-65943,1,13.3345238095,2.37745535714
2012-10-23 13:51:59,-65942,1,16.2397321429,2.90520833333
2012-10-23 13:52:00,-65941,1,19.2479166667,3.00818452381
2012-10-23 13:52:01,-65940,1,22.1461309524,2.89821428571
2012-10-23 13:52:02,-65939,1,24.8666666667,2.72053571429
2012-10-23 13:52:03,-65938,1,27.3735863095,2.50691964286
2012-10-23 13:52:04,-65937,1,29.5482886905,2.17470238095
2012-10-23 13:52:05,-65936,1,31.1142857143,1.56599702381
2012-10-23 13:52:06,-65935,1,31.6245039683,0.510218253968
2012-10-23 13:52:07,-65934,1,30.5358382937,-1.0886656746
2012-10-23 13:52:08,-65933,1,27.4662946429,-3.06954365079
2012-10-23 13:52:09,-65932,1,22.5941220238,-4.87217261905
2012-10-23 13:52:10,-65931,1,16.7938244048,-5.80029761905
2012-10-23 13:52:11,-65930,1,11.3011160714,-5.49270833333
2012-10-23 13:52:12,-65929,1,7.26832837302,-4.03278769841
2012-10-23 13:52:13,-65928,1,5.43948412698,-1.82884424603
2012-10-23 13:52:14,-65927,1,5.93206845238,0.492584325397
2012-10-23 13:52:15,-65926,1,8.29181547619,2.35974702381
2012-10-23 13:52:16,-65925,1,11.7370535714,3.44523809524
2012-10-23 13:52:17,-65924,1,15.3337053571,3.59665178571
2012-10-23 13:52:18,-65923,1,18.2217509921,2.88804563492
2012-10-23 13:52:19,-65922,1,19.894171627,1.67242063492
2012-10-23 13:52:20,-65921,1,20.2808035714,0.386631944444
2012-10-23 13:52:21,-65920,1,19.7159970238,-0.564806547619
2012-10-23 13:52:22,-65919,1,18.8718005952,-0.844196428571
2012-10-23 13:52:23,-65918,1,18.4848958333,-0.386904761905
2012-10-23 13:52:24,-65917,1,18.9625,0.477604166667
2012-10-23 13:52:25,-65916,1,20.1970238095,1.23452380952
2012-10-23 13:52:26,-65915,1,21.7201636905,1.52313988095
2012-10-23 13:52:27,-65914,1,23.0519345238,1.33177083333
2012-10-23 13:52:28,-65913,1,23.9702380952,0.918303571429
2012-10-23 13:52:29,-65912,1,24.5193452381,0.549107142857
2012-10-23 13:52:30,-65911,1,24.8479166667,0.328571428571
2012-10-23 13:52:31,-65910,1,25.0911458333,0.243229166667
2012-10-23 13:52:32,-65909,1,25.3435267857,0.252380952381
2012-10-23 13:52:33,-65908,1,25.5953869048,0.251860119048
2012-10-23 13:52:34,-65907,1,25.6029017857,0.0075148809524
2012-10-23 13:52:35,-65906,1,24.8681547619,-0.73474702381
2012-10-23 13:52:36,-65905,1,22.8837053571,-1.98444940476
2012-10-23 13:52:37,-65904,1,19.562202381,-3.32150297619
2012-10-23 13:52:38,-65903,1,15.543452381,-4.01875
2012-10-23 13:52:39,-65902,1,12.0240327381,-3.51941964286
2012-10-23 13:52:40,-65901,1,10.125,-1.8990327381
2012-10-23 13:52:41,-65900,1,10.3179315476,0.192931547619
2012-10-23 13:52:42,-65899,1,12.334077381,2.01614583333
2012-10-23 13:52:43,-65898,1,15.4803571429,3.1462797619
2012-10-23 13:52:44,-65897,1,19.0722470238,3.59188988095
2012-10-23 13:52:45,-65896,1,22.6998511905,3.62760416667
2012-10-23 13:52:46,-65895,1,26.1868303571,3.48697916667
2012-10-23 13:52:47,-65894,1,29.43125,3.24441964286
2012-10-23 13:52:48,-65893,1,32.3629464286,2.93169642857
2012-10-23 13:52:49,-65892,1,34.9761160714,2.61316964286
2012-10-23 13:52:50,-65891,1,37.3298363095,2.3537202381
2012-10-23 13:52:51,-65890,1,39.5101190476,2.1802827381
2012-10-23 13:52:52,-65889,1,41.5644345238,2.05431547619
2012-10-23 13:52:53,-65888,1,43.4569940476,1.89255952381
2012-10-23 13:52:54,-65887,1,45.1071428571,1.65014880952
2012-10-23 13:52:55,-65886,1,46.4701636905,1.36302083333
2012-10-23 13:52:56,-65885,1,47.573735119,1.10357142857
2012-10-23 13:52:57,-65884,1,48.4919642857,0.918229166667
2012-10-23 13:52:58,-65883,1,49.2935267857,0.8015625
2012-10-23 13:52:59,-65882,1,50.0117559524,0.718229166667
2012-10-23 13:53:00,-65881,1,50.6552827381,0.643526785714
2012-10-23 13:53:01,-65880,1,51.2272321429,0.571949404762
2012-10-23 13:53:02,-65879,1,51.7269345238,0.499702380952
2012-10-23 13:53:03,-65878,1,52.1442708333,0.417336309524
2012-10-23 13:53:04,-65877,1,52.4586309524,0.314360119048
2012-10-23 13:53:05,-65876,1,52.6427827381,0.184151785714
2012-10-23 13:53:06,-65875,1,52.6625,0.0197172619048
2012-10-23 13:53:07,-65874,1,52.4751488095,-0.187351190476
2012-10-23 13:53:08,-65873,1,52.0517857143,-0.423363095238
2012-10-23 13:53:09,-65872,1,51.4119047619,-0.639880952381
2012-10-23 13:53:10,-65871,1,50.6222470238,-0.789657738095
2012-10-23 13:53:11,-65870,1,49.7508928571,-0.871354166667
2012-10-23 13:53:12,-65869,1,48.8244791667,-0.926413690476
2012-10-23 13:53:13,-65868,1,47.840922619,-0.983556547619
2012-10-23 13:53:14,-65867,1,46.8303571429,-1.01056547619
2012-10-23 13:53:15,-65866,1,45.8891369048,-0.941220238095
2012-10-23 13:53:16,-65865,1,45.1395833333,-0.749553571429
2012-10-23 13:53:17,-65864,1,44.6597470238,-0.479836309524
2012-10-23 13:53:18,-65863,1,44.45,-0.209747023809
2012-10-23 13:53:19,-65862,1,44.4441964286,-0.0058035714286
2012-10-23 13:53:20,-65861,1,44.5359375,0.0917410714286
2012-10-23 13:53:21,-65860,1,44.6098958333,0.0739583333333
2012-10-23 13:53:22,-65859,1,44.5739583333,-0.0359375
2012-10-23 13:53:23,-65858,1,44.3845238095,-0.18943452381
2012-10-23 13:53:24,-65857,1,44.0708333333,-0.313690476191
2012-10-23 13:53:25,-65856,1,43.7359375,-0.334895833333
2012-10-23 13:53:26,-65855,1,43.5070684524,-0.228869047619
2012-10-23 13:53:27,-65854,1,43.4776041667,-0.0294642857142
2012-10-23 13:53:28,-65853,1,43.6787946429,0.20119047619
2012-10-23 13:53:29,-65852,1,44.0661458333,0.387351190476
2012-10-23 13:53:30,-65851,1,44.5302083333,0.4640625
2012-10-23 13:53:31,-65850,1,44.9458333333,0.415625
2012-10-23 13:53:32,-65849,1,45.2128720238,0.267038690476
2012-10-23 13:53:33,-65848,1,45.2317708333,0.0188988095238
2012-10-23 13:53:34,-65847,1,44.8345238095,-0.397247023809
2012-10-23 13:53:35,-65846,1,43.7709077381,-1.06361607143
2012-10-23 13:53:36,-65845,1,41.8115327381,-1.959375
2012-10-23 13:53:37,-65844,1,38.8896577381,-2.921875
2012-10-23 13:53:38,-65843,1,35.1390625,-3.7505952381
2012-10-23 13:53:39,-65842,1,30.7782738095,-4.36078869048
2012-10-23 13:53:40,-65841,1,25.9633928571,-4.81488095238
2012-10-23 13:53:41,-65840,1,20.8196428571,-5.14375
2012-10-23 13:53:42,-65839,1,15.6608630952,-5.1587797619
2012-10-23 13:53:43,-65838,1,11.0667410714,-4.59412202381
2012-10-23 13:53:44,-65837,1,7.6052827381,-3.46145833333
2012-10-23 13:53:45,-65836,1,5.51443452381,-2.09084821429
2012-10-23 13:53:46,-65835,1,4.71116071429,-0.803273809524
2012-10-23 13:53:47,-65834,1,5.01986607143,0.308705357143
2012-10-23 13:53:48,-65833,1,6.32046130952,1.3005952381
2012-10-23 13:53:49,-65832,1,8.49985119048,2.17938988095
2012-10-23 13:53:50,-65831,1,11.2892113095,2.78936011905
2012-10-23 13:53:51,-65830,1,14.2217261905,2.93251488095
2012-10-23 13:53:52,-65829,1,16.8275297619,2.60580357143
2012-10-23 13:53:53,-65828,1,18.8567708333,2.02924107143
2012-10-23 13:53:54,-65827,1,20.3407738095,1.48400297619
2012-10-23 13:53:55,-65826,1,21.5368303571,1.19605654762
2012-10-23 13:53:56,-65825,1,22.7976934524,1.26086309524
2012-10-23 13:53:57,-65824,1,24.3760416667,1.57834821429
2012-10-23 13:53:58,-65823,1,26.2813988095,1.90535714286
2012-10-23 13:53:59,-65822,1,28.3088541667,2.02745535714
2012-10-23 13:54:00,-65821,1,30.2103422619,1.90148809524
2012-10-23 13:54:01,-65820,1,31.8472470238,1.6369047619
2012-10-23 13:54:02,-65819,1,33.196875,1.34962797619
2012-10-23 13:54:03,-65818,1,34.2598214286,1.06294642857
2012-10-23 13:54:04,-65817,1,35.003125,0.743303571429
2012-10-23 13:54:05,-65816,1,35.3922619048,0.389136904762
2012-10-23 13:54:06,-65815,1,35.4603422619,0.0680803571429
2012-10-23 13:54:07,-65814,1,35.3363839286,-0.123958333333
2012-10-23 13:54:08,-65813,1,35.1973214286,-0.1390625
2012-10-23 13:54:09,-65812,1,35.1790178571,-0.0183035714285
2012-10-23 13:54:10,-65811,1,35.3197172619,0.140699404762
2012-10-23 13:54:11,-65810,1,35.5732142857,0.25349702381
2012-10-23 13:54:12,-65809,1,35.8609375,0.287723214286
2012-10-23 13:54:13,-65808,1,36.1182291667,0.257291666667
2012-10-23 13:54:14,-65807,1,36.3242559524,0.206026785714
2012-10-23 13:54:15,-65806,1,36.5139880952,0.189732142857
2012-10-23 13:54:16,-65805,1,36.7630952381,0.249107142857
2012-10-23 13:54:17,-65804,1,37.1509672619,0.38787202381
2012-10-23 13:54:18,-65803,1,37.7130208333,0.562053571428
2012-10-23 13:54:19,-65802,1,38.3938244048,0.680803571429
2012-10-23 13:54:20,-65801,1,39.0430059524,0.649181547619
2012-10-23 13:54:21,-65800,1,39.4886904762,0.445684523809
2012-10-23 13:54:22,-65799,1,39.6385416667,0.149851190476
2012-10-23 13:54:23,-65798,1,39.5206845238,-0.117857142857
2012-10-23 13:54:24,-65797,1,39.2429315476,-0.27775297619
2012-10-23 13:54:25,-65796,1,38.9134672619,-0.329464285714
2012-10-23 13:54:26,-65795,1,38.5797619048,-0.333705357143
2012-10-23 13:54:27,-65794,1,38.224702381,-0.35505952381
2012-10-23 13:54:28,-65793,1,37.8093005952,-0.415401785714
2012-10-23 13:54:29,-65792,1,37.323139881,-0.486160714286
2012-10-23 13:54:30,-65791,1,36.8240327381,-0.499107142857
2012-10-23 13:54:31,-65790,1,36.439360119,-0.384672619048
2012-10-23 13:54:32,-65789,1,36.2968005952,-0.142559523809
2012-10-23 13:54:33,-65788,1,36.4311011905,0.134300595238
2012-10-23 13:54:34,-65787,1,36.751860119,0.320758928571
2012-10-23 13:54:35,-65786,1,37.0816220238,0.329761904762
2012-10-23 13:54:36,-65785,1,37.2157738095,0.134151785714
2012-10-23 13:54:37,-65784,1,36.9609375,-0.254836309524
2012-10-23 13:54:38,-65783,1,36.1363095238,-0.82462797619
2012-10-23 13:54:39,-65782,1,34.5759672619,-1.5603422619
2012-10-23 13:54:40,-65781,1,32.1680803571,-2.40788690476
2012-10-23 13:54:41,-65780,1,28.8860863095,-3.28199404762
2012-10-23 13:54:42,-65779,1,24.8078125,-4.07827380952
2012-10-23 13:54:43,-65778,1,20.2203125,-4.5875
2012-10-23 13:54:44,-65777,1,15.7411458333,-4.47916666667
2012-10-23 13:54:45,-65776,1,12.2052827381,-3.53586309524
2012-10-23 13:54:46,-65775,1,10.3063244048,-1.89895833333
2012-10-23 13:54:47,-65774,1,10.2639880952,-0.0423363095238
2012-10-23 13:54:48,-65773,1,11.7412202381,1.47723214286
2012-10-23 13:54:49,-65772,1,14.0828869048,2.34166666667
2012-10-23 13:54:50,-65771,1,16.7295386905,2.64665178571
2012-10-23 13:54:51,-65770,1,19.4491071429,2.71956845238
2012-10-23 13:54:52,-65769,1,22.2295386905,2.78043154762
2012-10-23 13:54:53,-65768,1,25.0582589286,2.8287202381
2012-10-23 13:54:54,-65767,1,27.8186755952,2.76041666667
2012-10-23 13:54:55,-65766,1,30.3276785714,2.50900297619
2012-10-23 13:54:56,-65765,1,32.4470982143,2.11941964286
2012-10-23 13:54:57,-65764,1,34.155952381,1.70885416667
2012-10-23 13:54:58,-65763,1,35.5083333333,1.35238095238
2012-10-23 13:54:59,-65762,1,36.5601190476,1.05178571429
2012-10-23 13:55:00,-65761,1,37.3706845238,0.810565476191
2012-10-23 13:55:01,-65760,1,38.0395833333,0.668898809524
2012-10-23 13:55:02,-65759,1,38.6892857143,0.649702380952
2012-10-23 13:55:03,-65758,1,39.3905505952,0.701264880952
2012-10-23 13:55:04,-65757,1,40.0947916667,0.704241071429
2012-10-23 13:55:05,-65756,1,40.6413690476,0.546577380952
2012-10-23 13:55:06,-65755,1,40.8494047619,0.208035714286
2012-10-23 13:55:07,-65754,1,40.6235863095,-0.225818452381
2012-10-23 13:55:08,-65753,1,39.9974702381,-0.626116071429
2012-10-23 13:55:09,-65752,1,39.093452381,-0.904017857143
2012-10-23 13:55:10,-65751,1,38.0224702381,-1.07098214286
2012-10-23 13:55:11,-65750,1,36.7813244048,-1.24114583333
2012-10-23 13:55:12,-65749,1,35.2131696429,-1.5681547619
2012-10-23 13:55:13,-65748,1,33.0598958333,-2.15327380952
2012-10-23 13:55:14,-65747,1,30.073735119,-2.98616071429
2012-10-23 13:55:15,-65746,1,26.1267113095,-3.94702380952
2012-10-23 13:55:16,-65745,1,21.3498511905,-4.77686011905
2012-10-23 13:55:17,-65744,1,16.318452381,-5.03139880952
2012-10-23 13:55:18,-65743,1,12.0348214286,-4.28363095238
2012-10-23 13:55:19,-65742,1,9.51525297619,-2.51956845238
2012-10-23 13:55:20,-65741,1,9.25699404762,-0.258258928571
2012-10-23 13:55:21,-65740,1,11.0087797619,1.75178571429
2012-10-23 13:55:22,-65739,1,13.9979166667,2.98913690476
2012-10-23 13:55:23,-65738,1,17.4354910714,3.43757440476
2012-10-23 13:55:24,-65737,1,20.8733630952,3.43787202381
2012-10-23 13:55:25,-65736,1,24.1522321429,3.27886904762
2012-10-23 13:55:26,-65735,1,27.1728422619,3.02061011905
2012-10-23 13:55:27,-65734,1,29.8178571429,2.64501488095
2012-10-23 13:55:28,-65733,1,32.0086309524,2.19077380952
2012-10-23 13:55:29,-65732,1,33.7357886905,1.7271577381
2012-10-23 13:55:30,-65731,1,35.0421130952,1.30632440476
2012-10-23 13:55:31,-65730,1,36.0039434524,0.961830357143
2012-10-23 13:55:32,-65729,1,36.7165922619,0.712648809524
2012-10-23 13:55:33,-65728,1,37.2773809524,0.560788690476
2012-10-23 13:55:34,-65727,1,37.7607142857,0.483333333333
2012-10-23 13:55:35,-65726,1,38.1865327381,0.425818452381
2012-10-23 13:55:36,-65725,1,38.5234375,0.336904761905
2012-10-23 13:55:37,-65724,1,38.7478422619,0.224404761905
2012-10-23 13:55:38,-65723,1,38.8883184524,0.140476190476
2012-10-23 13:55:39,-65722,1,38.9994791667,0.111160714286
2012-10-23 13:55:40,-65721,1,39.1171875,0.117708333333
2012-10-23 13:55:41,-65720,1,39.2482886905,0.131101190476
2012-10-23 13:55:42,-65719,1,39.375297619,0.127008928571
2012-10-23 13:55:43,-65718,1,39.4167410714,0.041443452381
2012-10-23 13:55:44,-65717,1,39.1296875,-0.287053571429
2012-10-23 13:55:45,-65716,1,38.0957589286,-1.03392857143
2012-10-23 13:55:46,-65715,1,35.9013392857,-2.19441964286
2012-10-23 13:55:47,-65714,1,32.3514136905,-3.54992559524
2012-10-23 13:55:48,-65713,1,27.5497767857,-4.80163690476
2012-10-23 13:55:49,-65712,1,21.8841145833,-5.66566220238
2012-10-23 13:55:50,-65711,1,15.9681547619,-5.91595982143
2012-10-23 13:55:51,-65710,1,10.5463169643,-5.42183779762
2012-10-23 13:55:52,-65709,1,6.32388392857,-4.22243303571
2012-10-23 13:55:53,-65708,1,3.69077380952,-2.63311011905
2012-10-23 13:55:54,-65707,1,2.52886904762,-1.1619047619
2012-10-23 13:55:55,-65706,1,2.33619791667,-0.192671130952
2012-10-23 13:55:56,-65705,1,2.56376488095,0.227566964286
2012-10-23 13:55:57,-65704,1,2.86945684524,0.305691964286
2012-10-23 13:55:58,-65703,1,3.14419642857,0.274739583333
2012-10-23 13:55:59,-65702,1,3.39281994048,0.248623511905
2012-10-23 13:56:00,-65701,1,3.64441964286,0.251599702381
2012-10-23 13:56:01,-65700,1,3.93426339286,0.28984375
2012-10-23 13:56:02,-65699,1,4.27529761905,0.34103422619
2012-10-23 13:56:03,-65698,1,4.64293154762,0.367633928571
2012-10-23 13:56:04,-65697,1,5.02105654762,0.378125
2012-10-23 13:56:05,-65696,1,5.40122767857,0.380171130952
2012-10-23 13:56:06,-65695,1,5.69561011905,0.294382440476
2012-10-23 13:56:07,-65694,1,5.69371279762,-0.00189732142857
2012-10-23 13:56:08,-65693,1,5.13757440476,-0.556138392857
2012-10-23 13:56:09,-65692,1,3.92849702381,-1.20907738095
2012-10-23 13:56:10,-65691,1,2.37879464286,-1.54970238095
2012-10-23 13:56:11,-65690,1,0.0,-2.37879464286
2012-10-23 13:56:33,-65668,22,0.0,0.0
2012-10-23 13:56:34,-65667,1,1.23162202381,1.23162202381
2012-10-23 13:56:35,-65666,1,1.97671130952,0.745089285714
2012-10-23 13:56:36,-65665,1,2.67849702381,0.701785714286
2012-10-23 13:56:37,-65664,1,3.24709821429,0.568601190476
2012-10-23 13:56:38,-65663,1,3.68482142857,0.437723214286
2012-10-23 13:56:39,-65662,1,3.95245535714,0.267633928571
2012-10-23 13:56:40,-65661,1,4.02254464286,0.0700892857143
2012-10-23 13:56:41,-65660,1,3.96227678571,-0.0602678571428
2012-10-23 13:56:42,-65659,1,3.89389880952,-0.0683779761905
2012-10-23 13:56:43,-65658,1,3.88764880952,-0.00625
2012-10-23 13:56:44,-65657,1,3.9246875,0.0370386904762
2012-10-23 13:56:45,-65656,1,3.93535714286,0.0106696428571
2012-10-23 13:56:46,-65655,1,3.8412202381,-0.0941369047619
2012-10-23 13:56:47,-65654,1,3.5987797619,-0.24244047619
2012-10-23 13:56:48,-65653,1,3.2447172619,-0.3540625
2012-10-23 13:56:49,-65652,1,2.8862202381,-0.35849702381
2012-10-23 13:56:50,-65651,1,2.63238095238,-0.253839285714
2012-10-23 13:56:51,-65650,1,2.53254464286,-0.0998363095238
2012-10-23 13:56:52,-65649,1,2.57087797619,0.0383333333333
2012-10-23 13:56:53,-65648,1,2.70866071429,0.137782738095
2012-10-23 13:56:54,-65647,1,2.90703869048,0.19837797619
2012-10-23 13:56:55,-65646,1,3.1005952381,0.193556547619
2012-10-23 13:56:56,-65645,1,3.19669642857,0.0961011904762
2012-10-23 13:56:57,-65644,1,3.13824404762,-0.0584523809524
2012-10-23 13:56:58,-65643,1,2.95308035714,-0.185163690476
2012-10-23 13:56:59,-65642,1,2.72988095238,-0.223199404762
2012-10-23 13:57:00,-65641,1,2.55162202381,-0.178258928571
2012-10-23 13:57:01,-65640,1,2.45879464286,-0.0928273809524
2012-10-23 13:57:02,-65639,1,2.46455357143,0.00575892857143
2012-10-23 13:57:03,-65638,1,2.556875,0.0923214285714
2012-10-23 13:57:04,-65637,1,2.66726190476,0.110386904762
2012-10-23 13:57:05,-65636,1,2.69358630952,0.0263244047619
2012-10-23 13:57:06,-65635,1,2.59047619048,-0.103110119048
2012-10-23 13:57:07,-65634,1,2.41938988095,-0.171086309524
2012-10-23 13:57:08,-65633,1,2.3031547619,-0.116235119048
2012-10-23 13:57:09,-65632,1,2.3275297619,0.024375
2012-10-23 13:57:10,-65631,1,2.48020833333,0.152678571429
2012-10-23 13:57:11,-65630,1,2.69567389456,0.215465561224
2012-10-23 13:57:12,-65629,1,2.92734906463,0.231675170068
2012-10-23 13:57:13,-65628,1,3.13235544218,0.205006377551
2012-10-23 13:57:14,-65627,1,3.24014668367,0.107791241497
2012-10-23 13:57:15,-65626,1,3.19957482993,-0.0405718537415
2012-10-23 13:57:16,-65625,1,3.03167517007,-0.167899659864
2012-10-23 13:57:17,-65624,1,2.81906887755,-0.212606292517
2012-10-23 13:57:18,-65623,1,2.64707695578,-0.171991921769
2012-10-23 13:57:19,-65622,1,2.53424744898,-0.112829506803
2012-10-23 13:57:20,-65621,1,2.45600552721,-0.0782419217687
2012-10-23 13:57:21,-65620,1,2.49079506803,0.0347895408163
2012-10-23 13:57:22,-65619,1,2.89119897959,0.400403911565
2012-10-23 13:57:23,-65618,1,3.93618197279,1.0449829932
2012-10-23 13:57:24,-65617,1,5.69194302721,1.75576105442
2012-10-23 13:57:25,-65616,1,7.88812712585,2.19618409864
2012-10-23 13:57:26,-65615,1,10.0207695578,2.13264243197
2012-10-23 13:57:27,-65614,1,11.6076211735,1.58685161565
2012-10-23 13:57:28,-65613,1,12.3573767007,0.749755527211
2012-10-23 13:57:29,-65612,1,12.1591269841,-0.198249716553
2012-10-23 13:57:30,-65611,1,11.0408358135,-1.11829117063
2012-10-23 13:57:31,-65610,1,9.19650297619,-1.8443328373
2012-10-23 13:57:32,-65609,1,7.01779513889,-2.1787078373
2012-10-23 13:57:33,-65608,1,5.00969742063,-2.00809771825
2012-10-23 13:57:34,-65607,1,3.56681547619,-1.44288194444
2012-10-23 13:57:35,-65606,1,2.79109623016,-0.775719246032
2012-10-23 13:57:36,-65605,1,2.52092013889,-0.27017609127
2012-10-23 13:57:37,-65604,1,2.503125,-0.0177951388889
2012-10-23 13:57:38,-65603,1,2.54768105159,0.0445560515873
2012-10-23 13:57:39,-65602,1,2.58048115079,0.0328000992063
2012-10-23 13:57:40,-65601,1,2.6,0.0195188492064
2012-10-23 13:57:41,-65600,1,2.61564980159,0.0156498015873
2012-10-23 13:57:42,-65599,1,2.62627728175,0.0106274801587
2012-10-23 13:57:43,-65598,1,2.63214285714,0.00586557539683
2012-10-23 13:57:44,-65597,1,2.66345486111,0.0313120039683
2012-10-23 13:57:45,-65596,1,2.7970734127,0.133618551587
2012-10-23 13:57:46,-65595,1,3.11636904762,0.319295634921
2012-10-23 13:57:47,-65594,1,3.62571924603,0.509350198413
2012-10-23 13:57:48,-65593,1,4.21345486111,0.587735615079
2012-10-23 13:57:49,-65592,1,4.73467261905,0.521217757937
2012-10-23 13:57:50,-65591,1,5.13929811508,0.404625496032
2012-10-23 13:57:51,-65590,1,5.48968253968,0.350384424603
2012-10-23 13:57:52,-65589,1,5.86078869048,0.371106150794
2012-10-23 13:57:53,-65588,1,6.29025297619,0.429464285714
2012-10-23 13:57:54,-65587,1,6.84174107143,0.551488095238
2012-10-23 13:57:55,-65586,1,7.63638392857,0.794642857143
2012-10-23 13:57:56,-65585,1,8.75379464286,1.11741071429
2012-10-23 13:57:57,-65584,1,10.0982886905,1.34449404762
2012-10-23 13:57:58,-65583,1,11.380952381,1.28266369048
2012-10-23 13:57:59,-65582,1,12.2676339286,0.886681547619
2012-10-23 13:58:00,-65581,1,12.5716517857,0.304017857143
2012-10-23 13:58:01,-65580,1,12.3181547619,-0.253497023809
2012-10-23 13:58:02,-65579,1,11.6722470238,-0.645907738095
2012-10-23 13:58:03,-65578,1,10.816889881,-0.855357142857
2012-10-23 13:58:04,-65577,1,9.82648809524,-0.990401785714
2012-10-23 13:58:05,-65576,1,8.61302083333,-1.2134672619
2012-10-23 13:58:06,-65575,1,7.01220238095,-1.60081845238
2012-10-23 13:58:07,-65574,1,4.99382440476,-2.01837797619
2012-10-23 13:58:08,-65573,1,2.89375,-2.10007440476
2012-10-23 13:58:09,-65572,1,0.0,-2.89375
2012-10-23 13:58:44,-65537,35,0.0,0.0
2012-10-23 13:58:45,-65536,1,1.62172619048,1.62172619048
2012-10-23 13:58:46,-65535,1,2.80394345238,1.1822172619
2012-10-23 13:58:47,-65534,1,4.11130952381,1.30736607143
2012-10-23 13:58:48,-65533,1,5.4603422619,1.3490327381
2012-10-23 13:58:49,-65532,1,6.93385416667,1.47351190476
2012-10-23 13:58:50,-65531,1,8.55974702381,1.62589285714
2012-10-23 13:58:51,-65530,1,10.262797619,1.70305059524
2012-10-23 13:58:52,-65529,1,11.9313988095,1.66860119048
2012-10-23 13:58:53,-65528,1,13.4759672619,1.54456845238
2012-10-23 13:58:54,-65527,1,14.8404017857,1.36443452381
2012-10-23 13:58:55,-65526,1,15.9885416667,1.14813988095
2012-10-23 13:58:56,-65525,1,16.9132440476,0.924702380952
2012-10-23 13:58:57,-65524,1,17.6667410714,0.75349702381
2012-10-23 13:58:58,-65523,1,18.3441220238,0.677380952381
2012-10-23 13:58:59,-65522,1,19.0193452381,0.675223214286
2012-10-23 13:59:00,-65521,1,19.7102678571,0.690922619048
2012-10-23 13:59:01,-65520,1,20.3917410714,0.681473214286
2012-10-23 13:59:02,-65519,1,21.0255952381,0.633854166667
2012-10-23 13:59:03,-65518,1,21.5944196429,0.568824404762
2012-10-23 13:59:04,-65517,1,22.125,0.530580357143
2012-10-23 13:59:05,-65516,1,22.6661458333,0.541145833333
2012-10-23 13:59:06,-65515,1,23.1954613095,0.529315476191
2012-10-23 13:59:07,-65514,1,23.5415178571,0.346056547619
2012-10-23 13:59:08,-65513,1,23.487202381,-0.0543154761905
2012-10-23 13:59:09,-65512,1,22.9974702381,-0.489732142857
2012-10-23 13:59:10,-65511,1,22.2906994048,-0.706770833333
2012-10-23 13:59:11,-65510,1,21.6594494048,-0.63125
2012-10-23 13:59:12,-65509,1,21.2117559524,-0.447693452381
2012-10-23 13:59:13,-65508,1,20.7570684524,-0.4546875
2012-10-23 13:59:14,-65507,1,19.9724702381,-0.784598214286
2012-10-23 13:59:15,-65506,1,18.7019345238,-1.27053571429
2012-10-23 13:59:16,-65505,1,17.0629464286,-1.63898809524
2012-10-23 13:59:17,-65504,1,15.2995535714,-1.76339285714
2012-10-23 13:59:18,-65503,1,13.6113095238,-1.68824404762
2012-10-23 13:59:19,-65502,1,12.1116071429,-1.49970238095
2012-10-23 13:59:20,-65501,1,10.8594494048,-1.2521577381
2012-10-23 13:59:21,-65500,1,9.87455357143,-0.984895833333
2012-10-23 13:59:22,-65499,1,9.14241071429,-0.732142857143
2012-10-23 13:59:23,-65498,1,8.62916666667,-0.513244047619
2012-10-23 13:59:24,-65497,1,8.28318452381,-0.345982142857
2012-10-23 13:59:25,-65496,1,8.02604166667,-0.257142857143
2012-10-23 13:59:26,-65495,1,7.78995535714,-0.236086309524
2012-10-23 13:59:27,-65494,1,7.64523809524,-0.144717261905
2012-10-23 13:59:28,-65493,1,7.91302083333,0.267782738095
2012-10-23 13:59:29,-65492,1,9.06339285714,1.15037202381
2012-10-23 13:59:30,-65491,1,11.4089285714,2.34553571429
2012-10-23 13:59:31,-65490,1,14.8572172619,3.44828869048
2012-10-23 13:59:32,-65489,1,18.934077381,4.07686011905
2012-10-23 13:59:33,-65488,1,23.045610119,4.1115327381
2012-10-23 13:59:34,-65487,1,26.7498511905,3.70424107143
2012-10-23 13:59:35,-65486,1,29.832514881,3.08266369048
2012-10-23 13:59:36,-65485,1,32.2344494048,2.40193452381
2012-10-23 13:59:37,-65484,1,33.9992559524,1.76480654762
2012-10-23 13:59:38,-65483,1,35.2459821429,1.24672619048
2012-10-23 13:59:39,-65482,1,36.1025297619,0.856547619048
2012-10-23 13:59:40,-65481,1,36.6485863095,0.546056547619
2012-10-23 13:59:41,-65480,1,36.921875,0.273288690476
2012-10-23 13:59:42,-65479,1,36.9628720238,0.0409970238095
2012-10-23 13:59:43,-65478,1,36.84375,-0.11912202381
2012-10-23 13:59:44,-65477,1,36.6447172619,-0.199032738095
2012-10-23 13:59:45,-65476,1,36.4158482143,-0.228869047619
2012-10-23 13:59:46,-65475,1,36.1760416667,-0.239806547619
2012-10-23 13:59:47,-65474,1,35.9281994048,-0.247842261905
2012-10-23 13:59:48,-65473,1,35.6764136905,-0.251785714286
2012-10-23 13:59:49,-65472,1,35.4552827381,-0.221130952381
2012-10-23 13:59:50,-65471,1,35.3441964286,-0.111086309524
2012-10-23 13:59:51,-65470,1,35.4464285714,0.102232142857
2012-10-23 13:59:52,-65469,1,35.8470238095,0.400595238095
2012-10-23 13:59:53,-65468,1,36.5700892857,0.723065476191
2012-10-23 13:59:54,-65467,1,37.5636160714,0.993526785714
2012-10-23 13:59:55,-65466,1,38.7282738095,1.1646577381
2012-10-23 13:59:56,-65465,1,39.9629464286,1.23467261905
2012-10-23 13:59:57,-65464,1,41.184672619,1.22172619048
2012-10-23 13:59:58,-65463,1,42.3215029762,1.13683035714
2012-10-23 13:59:59,-65462,1,43.301860119,0.980357142857
2012-10-23 14:00:00,-65461,1,44.0547619048,0.752901785714
2012-10-23 14:00:01,-65460,1,44.5345238095,0.479761904762
2012-10-23 14:00:02,-65459,1,44.7523809524,0.217857142857
2012-10-23 14:00:03,-65458,1,44.7747767857,0.0223958333333
2012-10-23 14:00:04,-65457,1,44.6948660714,-0.0799107142857
2012-10-23 14:00:05,-65456,1,44.5967261905,-0.0981398809524
2012-10-23 14:00:06,-65455,1,44.5203125,-0.0764136904762
2012-10-23 14:00:07,-65454,1,44.4616815476,-0.058630952381
2012-10-23 14:00:08,-65453,1,44.4055803571,-0.0561011904761
2012-10-23 14:00:09,-65452,1,44.3415178571,-0.0640625
2012-10-23 14:00:10,-65451,1,44.2652529762,-0.0762648809524
2012-10-23 14:00:11,-65450,1,44.1822172619,-0.0830357142857
2012-10-23 14:00:12,-65449,1,44.0910714286,-0.0911458333334
2012-10-23 14:00:13,-65448,1,43.9473958333,-0.143675595238
2012-10-23 14:00:14,-65447,1,43.6385416667,-0.308854166667
2012-10-23 14:00:15,-65446,1,42.9974702381,-0.641071428572
2012-10-23 14:00:16,-65445,1,41.8595238095,-1.13794642857
2012-10-23 14:00:17,-65444,1,40.1203869048,-1.73913690476
2012-10-23 14:00:18,-65443,1,37.7488095238,-2.37157738095
2012-10-23 14:00:19,-65442,1,34.7401041667,-3.00870535714
2012-10-23 14:00:20,-65441,1,31.0537946429,-3.68630952381
2012-10-23 14:00:21,-65440,1,26.6723958333,-4.38139880952
2012-10-23 14:00:22,-65439,1,21.8047619048,-4.86763392857
2012-10-23 14:00:23,-65438,1,16.972172619,-4.83258928571
2012-10-23 14:00:24,-65437,1,12.8036458333,-4.16852678571
2012-10-23 14:00:25,-65436,1,9.7255952381,-3.07805059524
2012-10-23 14:00:26,-65435,1,7.79092261905,-1.93467261905
2012-10-23 14:00:27,-65434,1,6.75736607143,-1.03355654762
2012-10-23 14:00:28,-65433,1,6.34895833333,-0.408407738095
2012-10-23 14:00:29,-65432,1,6.41569940476,0.0667410714286
2012-10-23 14:00:30,-65431,1,6.85104166667,0.435342261905
2012-10-23 14:00:31,-65430,1,7.46614583333,0.615104166667
2012-10-23 14:00:32,-65429,1,7.95803571429,0.491889880952
2012-10-23 14:00:33,-65428,1,7.97120535714,0.0131696428571
2012-10-23 14:00:34,-65427,1,7.29017857143,-0.681026785714
2012-10-23 14:00:35,-65426,1,6.04032738095,-1.24985119048
2012-10-23 14:00:36,-65425,1,4.65654761905,-1.3837797619
2012-10-23 14:00:37,-65424,1,3.61575892857,-1.04078869048
2012-10-23 14:00:38,-65423,1,3.14577380952,-0.469985119048
2012-10-23 14:00:39,-65422,1,3.12663690476,-0.0191369047619
2012-10-23 14:00:40,-65421,1,3.26470238095,0.13806547619
2012-10-23 14:00:41,-65420,1,3.3599702381,0.0952678571429
2012-10-23 14:00:42,-65419,1,3.39105654762,0.0310863095238
2012-10-23 14:00:43,-65418,1,3.40671130952,0.0156547619048
2012-10-23 14:00:44,-65417,1,3.46022321429,0.0535119047619
2012-10-23 14:00:45,-65416,1,3.68925595238,0.229032738095
2012-10-23 14:00:46,-65415,1,4.35988095238,0.670625
2012-10-23 14:00:47,-65414,1,5.72806547619,1.36818452381
2012-10-23 14:00:48,-65413,1,7.85319940476,2.12513392857
2012-10-23 14:00:49,-65412,1,10.5495089286,2.69630952381
2012-10-23 14:00:50,-65411,1,13.4969494048,2.94744047619
2012-10-23 14:00:51,-65410,1,16.4289285714,2.93197916667
2012-10-23 14:00:52,-65409,1,19.2448809524,2.81595238095
2012-10-23 14:00:53,-65408,1,21.955952381,2.71107142857
2012-10-23 14:00:54,-65407,1,24.5839285714,2.62797619048
2012-10-23 14:00:55,-65406,1,27.1311011905,2.54717261905
2012-10-23 14:00:56,-65405,1,29.565327381,2.43422619048
2012-10-23 14:00:57,-65404,1,31.7943452381,2.22901785714
2012-10-23 14:00:58,-65403,1,33.6872767857,1.89293154762
2012-10-23 14:00:59,-65402,1,35.1233630952,1.43608630952
2012-10-23 14:01:00,-65401,1,36.0232886905,0.899925595238
2012-10-23 14:01:01,-65400,1,36.378422619,0.355133928571
2012-10-23 14:01:02,-65399,1,36.2662202381,-0.112202380952
2012-10-23 14:01:03,-65398,1,35.8293154762,-0.436904761905
2012-10-23 14:01:04,-65397,1,35.2351934524,-0.59412202381
2012-10-23 14:01:05,-65396,1,34.6057291667,-0.629464285714
2012-10-23 14:01:06,-65395,1,33.9361607143,-0.669568452381
2012-10-23 14:01:07,-65394,1,33.1020089286,-0.834151785714
2012-10-23 14:01:08,-65393,1,31.9340029762,-1.16800595238
2012-10-23 14:01:09,-65392,1,30.2227678571,-1.71123511905
2012-10-23 14:01:10,-65391,1,27.6895089286,-2.53325892857
2012-10-23 14:01:11,-65390,1,24.0947172619,-3.59479166667
2012-10-23 14:01:12,-65389,1,19.4912202381,-4.60349702381
2012-10-23 14:01:13,-65388,1,14.4193452381,-5.071875
2012-10-23 14:01:14,-65387,1,9.81272321429,-4.60662202381
2012-10-23 14:01:15,-65386,1,6.61019345238,-3.2025297619
2012-10-23 14:01:16,-65385,1,5.3584077381,-1.25178571429
2012-10-23 14:01:17,-65384,1,6.06220238095,0.703794642857
2012-10-23 14:01:18,-65383,1,8.2875,2.22529761905
2012-10-23 14:01:19,-65382,1,11.351264881,3.06376488095
2012-10-23 14:01:20,-65381,1,14.4834077381,3.13214285714
2012-10-23 14:01:21,-65380,1,17.0479166667,2.56450892857
2012-10-23 14:01:22,-65379,1,18.8310267857,1.78311011905
2012-10-23 14:01:23,-65378,1,20.1194940476,1.2884672619
2012-10-23 14:01:24,-65377,1,21.435639881,1.31614583333
2012-10-23 14:01:25,-65376,1,23.1636904762,1.72805059524
2012-10-23 14:01:26,-65375,1,25.3454613095,2.18177083333
2012-10-23 14:01:27,-65374,1,27.7380952381,2.39263392857
2012-10-23 14:01:28,-65373,1,30.0191964286,2.28110119048
2012-10-23 14:01:29,-65372,1,31.9479166667,1.9287202381
2012-10-23 14:01:30,-65371,1,33.4224702381,1.47455357143
2012-10-23 14:01:31,-65370,1,34.4811755952,1.05870535714
2012-10-23 14:01:32,-65369,1,35.2645089286,0.783333333333
2012-10-23 14:01:33,-65368,1,35.9323660714,0.667857142857
2012-10-23 14:01:34,-65367,1,36.565625,0.633258928571
2012-10-23 14:01:35,-65366,1,37.133110119,0.567485119048
2012-10-23 14:01:36,-65365,1,37.5703125,0.437202380952
2012-10-23 14:01:37,-65364,1,37.8741815476,0.303869047619
2012-10-23 14:01:38,-65363,1,38.0976934524,0.223511904762
2012-10-23 14:01:39,-65362,1,38.283110119,0.185416666667
2012-10-23 14:01:40,-65361,1,38.4289434524,0.145833333333
2012-10-23 14:01:41,-65360,1,38.4999255952,0.0709821428572
2012-10-23 14:01:42,-65359,1,38.4454613095,-0.0544642857143
2012-10-23 14:01:43,-65358,1,38.1883928571,-0.257068452381
2012-10-23 14:01:44,-65357,1,37.5821428571,-0.60625
2012-10-23 14:01:45,-65356,1,36.4121279762,-1.17001488095
2012-10-23 14:01:46,-65355,1,34.4640625,-1.94806547619
2012-10-23 14:01:47,-65354,1,31.5884672619,-2.8755952381
2012-10-23 14:01:48,-65353,1,27.7607886905,-3.82767857143
2012-10-23 14:01:49,-65352,1,23.1578869048,-4.60290178571
2012-10-23 14:01:50,-65351,1,18.1826636905,-4.97522321429
2012-10-23 14:01:51,-65350,1,13.384375,-4.79828869048
2012-10-23 14:01:52,-65349,1,9.26339285714,-4.12098214286
2012-10-23 14:01:53,-65348,1,6.03504464286,-3.22834821429
2012-10-23 14:01:54,-65347,1,3.60610119048,-2.42894345238
2012-10-23 14:01:55,-65346,1,1.8884672619,-1.71763392857
2012-10-23 14:01:56,-65345,1,0.0,-1.8884672619
2012-10-23 14:02:16,-65325,20,0.0,0.0
2012-10-23 14:02:17,-65324,1,3.80944940476,3.80944940476
2012-10-23 14:02:18,-65323,1,6.86428571429,3.05483630952
2012-10-23 14:02:19,-65322,1,10.2291666667,3.36488095238
2012-10-23 14:02:20,-65321,1,13.4482142857,3.21904761905
2012-10-23 14:02:21,-65320,1,16.3178571429,2.86964285714
2012-10-23 14:02:22,-65319,1,18.7550595238,2.43720238095
2012-10-23 14:02:23,-65318,1,20.7212797619,1.9662202381
2012-10-23 14:02:24,-65317,1,22.2107142857,1.48943452381
2012-10-23 14:02:25,-65316,1,23.2417410714,1.03102678571
2012-10-23 14:02:26,-65315,1,23.8545386905,0.612797619048
2012-10-23 14:02:27,-65314,1,24.1447172619,0.290178571429
2012-10-23 14:02:28,-65313,1,24.2748511905,0.130133928571
2012-10-23 14:02:29,-65312,1,24.4019345238,0.127083333333
2012-10-23 14:02:30,-65311,1,24.5938244048,0.191889880952
2012-10-23 14:02:31,-65310,1,24.8398809524,0.246056547619
2012-10-23 14:02:32,-65309,1,25.1233630952,0.283482142857
2012-10-23 14:02:33,-65308,1,25.451264881,0.327901785714
2012-10-23 14:02:34,-65307,1,25.8229910714,0.371726190476
2012-10-23 14:02:35,-65306,1,26.1976934524,0.374702380952
2012-10-23 14:02:36,-65305,1,26.5024553571,0.304761904762
2012-10-23 14:02:37,-65304,1,26.6748511905,0.172395833333
2012-10-23 14:02:38,-65303,1,26.7010416667,0.0261904761905
2012-10-23 14:02:39,-65302,1,26.6056547619,-0.0953869047619
2012-10-23 14:02:40,-65301,1,26.4011904762,-0.204464285714
2012-10-23 14:02:41,-65300,1,26.034672619,-0.366517857143
2012-10-23 14:02:42,-65299,1,25.3316964286,-0.702976190476
2012-10-23 14:02:43,-65298,1,23.9912202381,-1.34047619048
2012-10-23 14:02:44,-65297,1,21.7280505952,-2.26316964286
2012-10-23 14:02:45,-65296,1,18.5054315476,-3.22261904762
2012-10-23 14:02:46,-65295,1,14.7017857143,-3.80364583333
2012-10-23 14:02:47,-65294,1,11.0990327381,-3.60275297619
2012-10-23 14:02:48,-65293,1,8.62380952381,-2.47522321429
2012-10-23 14:02:49,-65292,1,7.93943452381,-0.684375
2012-10-23 14:02:50,-65291,1,9.15647321429,1.21703869048
2012-10-23 14:02:51,-65290,1,11.8279761905,2.67150297619
2012-10-23 14:02:52,-65289,1,15.1834077381,3.35543154762
2012-10-23 14:02:53,-65288,1,18.4599702381,3.2765625
2012-10-23 14:02:54,-65287,1,21.1694940476,2.70952380952
2012-10-23 14:02:55,-65286,1,23.1652529762,1.99575892857
2012-10-23 14:02:56,-65285,1,24.5250744048,1.35982142857
2012-10-23 14:02:57,-65284,1,25.4055059524,0.880431547619
2012-10-23 14:02:58,-65283,1,25.9563244048,0.550818452381
2012-10-23 14:02:59,-65282,1,26.292485119,0.336160714286
2012-10-23 14:03:00,-65281,1,26.495610119,0.203125
2012-10-23 14:03:01,-65280,1,26.5890625,0.0934523809524
2012-10-23 14:03:02,-65279,1,26.5192708333,-0.0697916666667
2012-10-23 14:03:03,-65278,1,26.2347470238,-0.284523809524
2012-10-23 14:03:04,-65277,1,25.7985119048,-0.436235119048
2012-10-23 14:03:05,-65276,1,25.4026785714,-0.395833333333
2012-10-23 14:03:06,-65275,1,25.2668154762,-0.135863095238
2012-10-23 14:03:07,-65274,1,25.4868303571,0.220014880952
2012-10-23 14:03:08,-65273,1,25.9676339286,0.480803571428
2012-10-23 14:03:09,-65272,1,26.523735119,0.556101190476
2012-10-23 14:03:10,-65271,1,27.0264136905,0.502678571429
2012-10-23 14:03:11,-65270,1,27.4485863095,0.422172619048
2012-10-23 14:03:12,-65269,1,27.8300595238,0.381473214286
2012-10-23 14:03:13,-65268,1,28.2396577381,0.409598214286
2012-10-23 14:03:14,-65267,1,28.7430803571,0.503422619048
2012-10-23 14:03:15,-65266,1,29.3631696429,0.620089285714
2012-10-23 14:03:16,-65265,1,30.0586309524,0.695461309524
2012-10-23 14:03:17,-65264,1,30.7472470238,0.688616071429
2012-10-23 14:03:18,-65263,1,31.3401041667,0.592857142857
2012-10-23 14:03:19,-65262,1,31.743452381,0.403348214286
2012-10-23 14:03:20,-65261,1,31.8165178571,0.0730654761905
2012-10-23 14:03:21,-65260,1,31.3191964286,-0.497321428572
2012-10-23 14:03:22,-65259,1,29.9460565476,-1.37313988095
2012-10-23 14:03:23,-65258,1,27.4603422619,-2.48571428571
2012-10-23 14:03:24,-65257,1,23.7985119048,-3.66183035714
2012-10-23 14:03:25,-65256,1,19.1076636905,-4.69084821429
2012-10-23 14:03:26,-65255,1,13.7992559524,-5.3084077381
2012-10-23 14:03:27,-65254,1,8.58400297619,-5.21525297619
2012-10-23 14:03:28,-65253,1,4.37648809524,-4.20751488095
2012-10-23 14:03:29,-65252,1,0.0,-4.37648809524
2012-10-23 14:03:46,-65235,17,0.0,0.0
2012-10-23 14:03:47,-65234,1,4.06517857143,4.06517857143
2012-10-23 14:03:48,-65233,1,7.25744047619,3.19226190476
2012-10-23 14:03:49,-65232,1,10.7330357143,3.4755952381
2012-10-23 14:03:50,-65231,1,13.9998511905,3.26681547619
2012-10-23 14:03:51,-65230,1,16.9399553571,2.94010416667
2012-10-23 14:03:52,-65229,1,19.5835565476,2.64360119048
2012-10-23 14:03:53,-65228,1,21.9092261905,2.32566964286
2012-10-23 14:03:54,-65227,1,23.8014880952,1.89226190476
2012-10-23 14:03:55,-65226,1,25.1527529762,1.35126488095
2012-10-23 14:03:56,-65225,1,25.9607142857,0.807961309524
2012-10-23 14:03:57,-65224,1,26.3267857143,0.366071428571
2012-10-23 14:03:58,-65223,1,26.3638392857,0.0370535714286
2012-10-23 14:03:59,-65222,1,26.0494047619,-0.314434523809
2012-10-23 14:04:00,-65221,1,25.157514881,-0.891889880952
2012-10-23 14:04:01,-65220,1,23.4459821429,-1.7115327381
2012-10-23 14:04:02,-65219,1,20.9926339286,-2.45334821429
2012-10-23 14:04:03,-65218,1,18.3148065476,-2.67782738095
2012-10-23 14:04:04,-65217,1,16.131547619,-2.18325892857
2012-10-23 14:04:05,-65216,1,14.9857142857,-1.14583333333
2012-10-23 14:04:06,-65215,1,14.999702381,0.0139880952381
2012-10-23 14:04:07,-65214,1,15.9139880952,0.914285714286
2012-10-23 14:04:08,-65213,1,17.3344494048,1.42046130952
2012-10-23 14:04:09,-65212,1,18.9239583333,1.58950892857
2012-10-23 14:04:10,-65211,1,20.4180803571,1.49412202381
2012-10-23 14:04:11,-65210,1,21.5857142857,1.16763392857
2012-10-23 14:04:12,-65209,1,22.2323660714,0.646651785714
2012-10-23 14:04:13,-65208,1,22.25625,0.0238839285714
2012-10-23 14:04:14,-65207,1,21.7260416667,-0.530208333333
2012-10-23 14:04:15,-65206,1,20.8553571429,-0.87068452381
2012-10-23 14:04:16,-65205,1,19.8023065476,-1.05305059524
2012-10-23 14:04:17,-65204,1,18.4960565476,-1.30625
2012-10-23 14:04:18,-65203,1,16.7608630952,-1.73519345238
2012-10-23 14:04:19,-65202,1,14.6509672619,-2.10989583333
2012-10-23 14:04:20,-65201,1,12.6215029762,-2.02946428571
2012-10-23 14:04:21,-65200,1,11.3351934524,-1.28630952381
2012-10-23 14:04:22,-65199,1,11.2355654762,-0.0996279761905
2012-10-23 14:04:23,-65198,1,12.2170386905,0.981473214286
2012-10-23 14:04:24,-65197,1,13.7085565476,1.49151785714
2012-10-23 14:04:25,-65196,1,15.1031994048,1.39464285714
2012-10-23 14:04:26,-65195,1,16.0919642857,0.988764880952
2012-10-23 14:04:27,-65194,1,16.6652529762,0.573288690476
2012-10-23 14:04:28,-65193,1,16.9500744048,0.284821428571
2012-10-23 14:04:29,-65192,1,17.0853422619,0.135267857143
2012-10-23 14:04:30,-65191,1,17.1915922619,0.10625
2012-10-23 14:04:31,-65190,1,17.3874255952,0.195833333333
2012-10-23 14:04:32,-65189,1,17.7398065476,0.352380952381
2012-10-23 14:04:33,-65188,1,18.1554315476,0.415625
2012-10-23 14:04:34,-65187,1,18.3933035714,0.23787202381
2012-10-23 14:04:35,-65186,1,18.2446428571,-0.148660714286
2012-10-23 14:04:36,-65185,1,17.68125,-0.563392857143
2012-10-23 14:04:37,-65184,1,16.8061011905,-0.875148809524
2012-10-23 14:04:38,-65183,1,15.6597470238,-1.14635416667
2012-10-23 14:04:39,-65182,1,14.1162202381,-1.54352678571
2012-10-23 14:04:40,-65181,1,12.0413690476,-2.07485119048
2012-10-23 14:04:41,-65180,1,9.54665178571,-2.4947172619
2012-10-23 14:04:42,-65179,1,7.03287202381,-2.5137797619
2012-10-23 14:04:43,-65178,1,4.97732142857,-2.05555059524
2012-10-23 14:04:44,-65177,1,3.64069940476,-1.33662202381
2012-10-23 14:04:45,-65176,1,2.93308035714,-0.707619047619
2012-10-23 14:04:46,-65175,1,2.57209821429,-0.360982142857
2012-10-23 14:04:47,-65174,1,2.33852678571,-0.233571428571
2012-10-23 14:04:48,-65173,1,2.15827380952,-0.18025297619
2012-10-23 14:04:49,-65172,1,2.035,-0.123273809524
2012-10-23 14:04:50,-65171,1,1.97898809524,-0.0560119047619
2012-10-23 14:04:51,-65170,1,1.98302083333,0.00403273809523
2012-10-23 14:04:52,-65169,1,2.03520833333,0.0521875
2012-10-23 14:04:53,-65168,1,2.10066964286,0.0654613095238
2012-10-23 14:04:54,-65167,1,2.0559077381,-0.0447619047619
2012-10-23 14:04:55,-65166,1,1.73422619048,-0.321681547619
2012-10-23 14:04:56,-65165,1,1.16813988095,-0.566086309524
2012-10-23 14:04:57,-65164,1,0.0,-1.16813988095
2012-10-23 15:21:43,-60558,4606,0.0,0.0
2012-10-23 15:21:44,-60557,1,1.73936011905,1.73936011905
2012-10-23 15:21:45,-60556,1,2.67124255952,0.931882440476
2012-10-23 15:21:46,-60555,1,3.27260044643,0.601357886905
2012-10-23 15:21:47,-60554,1,3.47823660714,0.205636160714
2012-10-23 15:21:48,-60553,1,3.473828125,-0.00440848214286
2012-10-23 15:21:49,-60552,1,3.40070684524,-0.0731212797619
2012-10-23 15:21:50,-60551,1,3.26393229167,-0.136774553571
2012-10-23 15:21:51,-60550,1,3.05182291667,-0.212109375
2012-10-23 15:21:52,-60549,1,2.89456845238,-0.157254464286
2012-10-23 15:21:53,-60548,1,3.05465029762,0.160081845238
2012-10-23 15:21:54,-60547,1,3.73777901786,0.683128720238
2012-10-23 15:21:55,-60546,1,4.95279017857,1.21501116071
2012-10-23 15:21:56,-60545,1,6.52587425595,1.57308407738
2012-10-23 15:21:57,-60544,1,8.20970982143,1.68383556548
2012-10-23 15:21:58,-60543,1,9.85158110119,1.64187127976
2012-10-23 15:21:59,-60542,1,11.4761532738,1.62457217262
2012-10-23 15:22:00,-60541,1,13.165625,1.68947172619
2012-10-23 15:22:01,-60540,1,14.9049107143,1.73928571429
2012-10-23 15:22:02,-60539,1,16.5482142857,1.64330357143
2012-10-23 15:22:03,-60538,1,17.8755208333,1.32730654762
2012-10-23 15:22:04,-60537,1,18.7069196429,0.831398809524
2012-10-23 15:22:05,-60536,1,19.0083333333,0.301413690476
2012-10-23 15:22:06,-60535,1,18.8863095238,-0.122023809524
2012-10-23 15:22:07,-60534,1,18.5031994048,-0.383110119048
2012-10-23 15:22:08,-60533,1,18.012202381,-0.49099702381
2012-10-23 15:22:09,-60532,1,17.5343005952,-0.477901785714
2012-10-23 15:22:10,-60531,1,17.1459077381,-0.388392857143
2012-10-23 15:22:11,-60530,1,16.8491071429,-0.296800595238
2012-10-23 15:22:12,-60529,1,16.5443452381,-0.304761904762
2012-10-23 15:22:13,-60528,1,16.0779017857,-0.466443452381
2012-10-23 15:22:14,-60527,1,15.3744791667,-0.703422619048
2012-10-23 15:22:15,-60526,1,14.5543154762,-0.820163690476
2012-10-23 15:22:16,-60525,1,13.9428571429,-0.611458333333
2012-10-23 15:22:17,-60524,1,13.9431547619,0.0002976190477
2012-10-23 15:22:18,-60523,1,14.7997767857,0.856622023809
2012-10-23 15:22:19,-60522,1,16.4121279762,1.61235119048
2012-10-23 15:22:20,-60521,1,18.377827381,1.96569940476
2012-10-23 15:22:21,-60520,1,20.2301339286,1.85230654762
2012-10-23 15:22:22,-60519,1,21.6673363095,1.43720238095
2012-10-23 15:22:23,-60518,1,22.6193452381,0.952008928571
2012-10-23 15:22:24,-60517,1,23.1206845238,0.501339285714
2012-10-23 15:22:25,-60516,1,23.1117559524,-0.0089285714285
2012-10-23 15:22:26,-60515,1,22.3661458333,-0.745610119048
2012-10-23 15:22:27,-60514,1,20.6128720238,-1.75327380952
2012-10-23 15:22:28,-60513,1,17.7726934524,-2.84017857143
2012-10-23 15:22:29,-60512,1,14.1872767857,-3.58541666667
2012-10-23 15:22:30,-60511,1,10.6701636905,-3.51711309524
2012-10-23 15:22:31,-60510,1,8.23727678571,-2.43288690476
2012-10-23 15:22:32,-60509,1,7.62782738095,-0.609449404762
2012-10-23 15:22:33,-60508,1,8.9552827381,1.32745535714
2012-10-23 15:22:34,-60507,1,11.7371279762,2.7818452381
2012-10-23 15:22:35,-60506,1,15.2491815476,3.51205357143
2012-10-23 15:22:36,-60505,1,18.9133928571,3.66421130952
2012-10-23 15:22:37,-60504,1,22.4168154762,3.50342261905
2012-10-23 15:22:38,-60503,1,25.5241071429,3.10729166667
2012-10-23 15:22:39,-60502,1,27.872172619,2.34806547619
2012-10-23 15:22:40,-60501,1,29.0095238095,1.13735119048
2012-10-23 15:22:41,-60500,1,28.6164434524,-0.393080357143
2012-10-23 15:22:42,-60499,1,26.6898065476,-1.92663690476
2012-10-23 15:22:43,-60498,1,23.5545386905,-3.13526785714
2012-10-23 15:22:44,-60497,1,19.6758928571,-3.87864583333
2012-10-23 15:22:45,-60496,1,15.4334821429,-4.24241071429
2012-10-23 15:22:46,-60495,1,11.0962053571,-4.33727678571
2012-10-23 15:22:47,-60494,1,6.99174107143,-4.10446428571
2012-10-23 15:22:48,-60493,1,3.66227678571,-3.32946428571
2012-10-23 15:22:49,-60492,1,0.0,-3.66227678571
2012-10-23 15:23:04,-60477,15,0.0,0.0
2012-10-23 15:23:05,-60476,1,4.05148809524,4.05148809524
2012-10-23 15:23:06,-60475,1,7.20483630952,3.15334821429
2012-10-23 15:23:07,-60474,1,10.6282738095,3.4234375
2012-10-23 15:23:08,-60473,1,13.8608630952,3.23258928571
2012-10-23 15:23:09,-60472,1,16.7627232143,2.90186011905
2012-10-23 15:23:10,-60471,1,19.2895833333,2.52686011905
2012-10-23 15:23:11,-60470,1,21.3869791667,2.09739583333
2012-10-23 15:23:12,-60469,1,23.0316964286,1.6447172619
2012-10-23 15:23:13,-60468,1,24.2867559524,1.25505952381
2012-10-23 15:23:14,-60467,1,25.2697916667,0.983035714286
2012-10-23 15:23:15,-60466,1,26.0822916667,0.8125
2012-10-23 15:23:16,-60465,1,26.7758928571,0.693601190476
2012-10-23 15:23:17,-60464,1,27.3651785714,0.589285714286
2012-10-23 15:23:18,-60463,1,27.8588541667,0.493675595238
2012-10-23 15:23:19,-60462,1,28.271875,0.413020833333
2012-10-23 15:23:20,-60461,1,28.6211309524,0.349255952381
2012-10-23 15:23:21,-60460,1,28.9372767857,0.316145833333
2012-10-23 15:23:22,-60459,1,29.268452381,0.331175595238
2012-10-23 15:23:23,-60458,1,29.6476190476,0.379166666667
2012-10-23 15:23:24,-60457,1,30.0677827381,0.420163690476
2012-10-23 15:23:25,-60456,1,30.4949404762,0.427157738095
2012-10-23 15:23:26,-60455,1,30.8991815476,0.404241071429
2012-10-23 15:23:27,-60454,1,31.2800595238,0.38087797619
2012-10-23 15:23:28,-60453,1,31.6490327381,0.368973214286
2012-10-23 15:23:29,-60452,1,31.9741815476,0.325148809524
2012-10-23 15:23:30,-60451,1,32.170014881,0.195833333333
2012-10-23 15:23:31,-60450,1,32.1610863095,-0.0089285714286
2012-10-23 15:23:32,-60449,1,31.941889881,-0.219196428571
2012-10-23 15:23:33,-60448,1,31.5770089286,-0.364880952381
2012-10-23 15:23:34,-60447,1,31.1686011905,-0.408407738095
2012-10-23 15:23:35,-60446,1,30.8161458333,-0.352455357143
2012-10-23 15:23:36,-60445,1,30.5657738095,-0.25037202381
2012-10-23 15:23:37,-60444,1,30.3552827381,-0.210491071429
2012-10-23 15:23:38,-60443,1,29.9441964286,-0.411086309524
2012-10-23 15:23:39,-60442,1,28.9249255952,-1.01927083333
2012-10-23 15:23:40,-60441,1,26.9961309524,-1.92879464286
2012-10-23 15:23:41,-60440,1,24.3230654762,-2.67306547619
2012-10-23 15:23:42,-60439,1,21.5635416667,-2.75952380952
2012-10-23 15:23:43,-60438,1,19.5220238095,-2.04151785714
2012-10-23 15:23:44,-60437,1,18.7311755952,-0.790848214286
2012-10-23 15:23:45,-60436,1,19.2229910714,0.49181547619
2012-10-23 15:23:46,-60435,1,20.6120535714,1.3890625
2012-10-23 15:23:47,-60434,1,22.3752232143,1.76316964286
2012-10-23 15:23:48,-60433,1,24.0795386905,1.70431547619
2012-10-23 15:23:49,-60432,1,25.4735119048,1.39397321429
2012-10-23 15:23:50,-60431,1,26.5052827381,1.03177083333
2012-10-23 15:23:51,-60430,1,27.2755952381,0.7703125
2012-10-23 15:23:52,-60429,1,27.9128720238,0.637276785714
2012-10-23 15:23:53,-60428,1,28.4734375,0.560565476191
2012-10-23 15:23:54,-60427,1,28.9541666667,0.480729166667
2012-10-23 15:23:55,-60426,1,29.3451636905,0.390997023809
2012-10-23 15:23:56,-60425,1,29.6439732143,0.29880952381
2012-10-23 15:23:57,-60424,1,29.8473958333,0.203422619048
2012-10-23 15:23:58,-60423,1,29.9416666667,0.0942708333334
2012-10-23 15:23:59,-60422,1,29.896577381,-0.0450892857143
2012-10-23 15:24:00,-60421,1,29.6655505952,-0.231026785714
2012-10-23 15:24:01,-60420,1,29.1610119048,-0.504538690476
2012-10-23 15:24:02,-60419,1,28.2041666667,-0.956845238095
2012-10-23 15:24:03,-60418,1,26.5426339286,-1.6615327381
2012-10-23 15:24:04,-60417,1,23.9901785714,-2.55245535714
2012-10-23 15:24:05,-60416,1,20.5786458333,-3.4115327381
2012-10-23 15:24:06,-60415,1,16.5962053571,-3.98244047619
2012-10-23 15:24:07,-60414,1,12.5151785714,-4.08102678571
2012-10-23 15:24:08,-60413,1,8.85193452381,-3.66324404762
2012-10-23 15:24:09,-60412,1,5.99375,-2.85818452381
2012-10-23 15:24:10,-60411,1,4.0802827381,-1.9134672619
2012-10-23 15:24:11,-60410,1,3.03779761905,-1.04248511905
2012-10-23 15:24:12,-60409,1,2.76488095238,-0.272916666667
2012-10-23 15:24:13,-60408,1,3.30178571429,0.536904761905
2012-10-23 15:24:14,-60407,1,4.79025297619,1.4884672619
2012-10-23 15:24:15,-60406,1,7.26979166667,2.47953869048
2012-10-23 15:24:16,-60405,1,10.53125,3.26145833333
2012-10-23 15:24:17,-60404,1,14.1713541667,3.64010416667
2012-10-23 15:24:18,-60403,1,17.8146577381,3.64330357143
2012-10-23 15:24:19,-60402,1,21.2770089286,3.46235119048
2012-10-23 15:24:20,-60401,1,24.5051339286,3.228125
2012-10-23 15:24:21,-60400,1,27.4508184524,2.94568452381
2012-10-23 15:24:22,-60399,1,30.0645833333,2.61376488095
2012-10-23 15:24:23,-60398,1,32.3399553571,2.27537202381
2012-10-23 15:24:24,-60397,1,34.3115327381,1.97157738095
2012-10-23 15:24:25,-60396,1,36.0263392857,1.71480654762
2012-10-23 15:24:26,-60395,1,37.5109375,1.48459821429
2012-10-23 15:24:27,-60394,1,38.7470982143,1.23616071429
2012-10-23 15:24:28,-60393,1,39.6956845238,0.948586309524
2012-10-23 15:24:29,-60392,1,40.3630952381,0.667410714286
2012-10-23 15:24:30,-60391,1,40.8352678571,0.472172619048
2012-10-23 15:24:31,-60390,1,41.2364583333,0.40119047619
2012-10-23 15:24:32,-60389,1,41.660639881,0.424181547619
2012-10-23 15:24:33,-60388,1,42.1458333333,0.485193452381
2012-10-23 15:24:34,-60387,1,42.6847470238,0.538913690476
2012-10-23 15:24:35,-60386,1,43.2226190476,0.537872023809
2012-10-23 15:24:36,-60385,1,43.6598214286,0.437202380952
2012-10-23 15:24:37,-60384,1,43.8905505952,0.230729166667
2012-10-23 15:24:38,-60383,1,43.8530505952,-0.0375
2012-10-23 15:24:39,-60382,1,43.5691220238,-0.283928571429
2012-10-23 15:24:40,-60381,1,43.1408482143,-0.428273809524
2012-10-23 15:24:41,-60380,1,42.6724702381,-0.46837797619
2012-10-23 15:24:42,-60379,1,42.1871279762,-0.485342261905
2012-10-23 15:24:43,-60378,1,41.6363839286,-0.550744047619
2012-10-23 15:24:44,-60377,1,40.976264881,-0.660119047619
2012-10-23 15:24:45,-60376,1,40.2138392857,-0.762425595238
2012-10-23 15:24:46,-60375,1,39.3985863095,-0.815252976191
2012-10-23 15:24:47,-60374,1,38.590922619,-0.807663690476
2012-10-23 15:24:48,-60373,1,37.8288690476,-0.762053571429
2012-10-23 15:24:49,-60372,1,37.1197172619,-0.709151785714
2012-10-23 15:24:50,-60371,1,36.460639881,-0.659077380952
2012-10-23 15:24:51,-60370,1,35.8517113095,-0.608928571429
2012-10-23 15:24:52,-60369,1,35.3117559524,-0.539955357143
2012-10-23 15:24:53,-60368,1,34.896875,-0.414880952381
2012-10-23 15:24:54,-60367,1,34.6527529762,-0.24412202381
2012-10-23 15:24:55,-60366,1,34.5256696429,-0.127083333333
2012-10-23 15:24:56,-60365,1,34.3489583333,-0.176711309524
2012-10-23 15:24:57,-60364,1,33.9355654762,-0.413392857143
2012-10-23 15:24:58,-60363,1,33.2194940476,-0.716071428571
2012-10-23 15:24:59,-60362,1,32.3462053571,-0.873288690476
2012-10-23 15:25:00,-60361,1,31.6121279762,-0.734077380952
2012-10-23 15:25:01,-60360,1,31.2805059524,-0.33162202381
2012-10-23 15:25:02,-60359,1,31.409672619,0.129166666667
2012-10-23 15:25:03,-60358,1,31.8060267857,0.396354166667
2012-10-23 15:25:04,-60357,1,32.1555059524,0.349479166667
2012-10-23 15:25:05,-60356,1,32.2693452381,0.113839285714
2012-10-23 15:25:06,-60355,1,32.2333333333,-0.0360119047619
2012-10-23 15:25:07,-60354,1,32.3136160714,0.0802827380953
2012-10-23 15:25:08,-60353,1,32.7185267857,0.404910714286
2012-10-23 15:25:09,-60352,1,33.4438244048,0.725297619048
2012-10-23 15:25:10,-60351,1,34.3326636905,0.888839285714
2012-10-23 15:25:11,-60350,1,35.2622767857,0.929613095238
2012-10-23 15:25:12,-60349,1,36.2310267857,0.96875
2012-10-23 15:25:13,-60348,1,37.26875,1.03772321429
2012-10-23 15:25:14,-60347,1,38.330952381,1.06220238095
2012-10-23 15:25:15,-60346,1,39.3078869048,0.97693452381
2012-10-23 15:25:16,-60345,1,40.1081845238,0.800297619048
2012-10-23 15:25:17,-60344,1,40.7185267857,0.610342261905
2012-10-23 15:25:18,-60343,1,41.1912202381,0.472693452381
2012-10-23 15:25:19,-60342,1,41.6001488095,0.408928571429
2012-10-23 15:25:20,-60341,1,42.0149553571,0.414806547619
2012-10-23 15:25:21,-60340,1,42.4750744048,0.460119047619
2012-10-23 15:25:22,-60339,1,42.953125,0.478050595238
2012-10-23 15:25:23,-60338,1,43.3488839286,0.395758928571
2012-10-23 15:25:24,-60337,1,43.5466517857,0.197767857143
2012-10-23 15:25:25,-60336,1,43.5043154762,-0.0423363095238
2012-10-23 15:25:26,-60335,1,43.2849702381,-0.219345238095
2012-10-23 15:25:27,-60334,1,42.9956845238,-0.289285714286
2012-10-23 15:25:28,-60333,1,42.7029761905,-0.292708333333
2012-10-23 15:25:29,-60332,1,42.4053571429,-0.297619047619
2012-10-23 15:25:30,-60331,1,42.08125,-0.324107142857
2012-10-23 15:25:31,-60330,1,41.7486607143,-0.332589285714
2012-10-23 15:25:32,-60329,1,41.4433779762,-0.305282738095
2012-10-23 15:25:33,-60328,1,41.116889881,-0.326488095238
2012-10-23 15:25:34,-60327,1,40.5624255952,-0.554464285714
2012-10-23 15:25:35,-60326,1,39.4686011905,-1.09382440476
2012-10-23 15:25:36,-60325,1,37.5866815476,-1.88191964286
2012-10-23 15:25:37,-60324,1,34.8779761905,-2.70870535714
2012-10-23 15:25:38,-60323,1,31.5007440476,-3.37723214286
2012-10-23 15:25:39,-60322,1,27.6350818452,-3.86566220238
2012-10-23 15:25:40,-60321,1,23.3357886905,-4.29929315476
2012-10-23 15:25:41,-60320,1,18.5962797619,-4.73950892857
2012-10-23 15:25:42,-60319,1,13.547172619,-5.04910714286
2012-10-23 15:25:43,-60318,1,8.60505952381,-4.94211309524
2012-10-23 15:25:44,-60317,1,4.51488095238,-4.09017857143
2012-10-23 15:25:45,-60316,1,0.0,-4.51488095238
2012-10-23 15:26:30,-60271,45,0.0,0.0
2012-10-23 15:26:31,-60270,1,4.52005208333,4.52005208333
2012-10-23 15:26:32,-60269,1,7.9869047619,3.46685267857
2012-10-23 15:26:33,-60268,1,11.6819196429,3.69501488095
2012-10-23 15:26:34,-60267,1,15.0970982143,3.41517857143
2012-10-23 15:26:35,-60266,1,18.1616815476,3.06458333333
2012-10-23 15:26:36,-60265,1,20.9395833333,2.77790178571
2012-10-23 15:26:37,-60264,1,23.4212053571,2.48162202381
2012-10-23 15:26:38,-60263,1,25.5267857143,2.10558035714
2012-10-23 15:26:39,-60262,1,27.2259672619,1.69918154762
2012-10-23 15:26:40,-60261,1,28.5978422619,1.371875
2012-10-23 15:26:41,-60260,1,29.771577381,1.17373511905
2012-10-23 15:26:42,-60259,1,30.8063988095,1.03482142857
2012-10-23 15:26:43,-60258,1,31.5996279762,0.793229166667
2012-10-23 15:26:44,-60257,1,31.8619047619,0.262276785714
2012-10-23 15:26:45,-60256,1,31.1380208333,-0.723883928571
2012-10-23 15:26:46,-60255,1,28.9504464286,-2.18757440476
2012-10-23 15:26:47,-60254,1,25.1514136905,-3.7990327381
2012-10-23 15:26:48,-60253,1,20.2405505952,-4.91086309524
2012-10-23 15:26:49,-60252,1,15.3010416667,-4.93950892857
2012-10-23 15:26:50,-60251,1,11.5499255952,-3.75111607143
2012-10-23 15:26:51,-60250,1,9.76316964286,-1.78675595238
2012-10-23 15:26:52,-60249,1,9.9453125,0.182142857143
2012-10-23 15:26:53,-60248,1,11.4892113095,1.54389880952
2012-10-23 15:26:54,-60247,1,13.5945684524,2.10535714286
2012-10-23 15:26:55,-60246,1,15.5662946429,1.97172619048
2012-10-23 15:26:56,-60245,1,16.9547619048,1.3884672619
2012-10-23 15:26:57,-60244,1,17.6161458333,0.661383928571
2012-10-23 15:26:58,-60243,1,17.6723958333,0.05625
2012-10-23 15:26:59,-60242,1,17.3818452381,-0.290550595238
2012-10-23 15:27:00,-60241,1,16.9723958333,-0.409449404762
2012-10-23 15:27:01,-60240,1,16.5107142857,-0.461681547619
2012-10-23 15:27:02,-60239,1,15.9020833333,-0.608630952381
2012-10-23 15:27:03,-60238,1,15.0220238095,-0.880059523809
2012-10-23 15:27:04,-60237,1,13.8663690476,-1.1556547619
2012-10-23 15:27:05,-60236,1,12.6057291667,-1.26063988095
2012-10-23 15:27:06,-60235,1,11.5,-1.10572916667
2012-10-23 15:27:07,-60234,1,10.7273065476,-0.772693452381
2012-10-23 15:27:08,-60233,1,10.2577380952,-0.469568452381
2012-10-23 15:27:09,-60232,1,9.88244047619,-0.375297619048
2012-10-23 15:27:10,-60231,1,9.38802083333,-0.494419642857
2012-10-23 15:27:11,-60230,1,8.72113095238,-0.666889880952
2012-10-23 15:27:12,-60229,1,7.99866071429,-0.722470238095
2012-10-23 15:27:13,-60228,1,7.38392857143,-0.614732142857
2012-10-23 15:27:14,-60227,1,6.94040178571,-0.443526785714
2012-10-23 15:27:15,-60226,1,6.58474702381,-0.355654761905
2012-10-23 15:27:16,-60225,1,6.21599702381,-0.36875
2012-10-23 15:27:17,-60224,1,5.89501488095,-0.320982142857
2012-10-23 15:27:18,-60223,1,5.82708333333,-0.0679315476191
2012-10-23 15:27:19,-60222,1,6.12566964286,0.298586309524
2012-10-23 15:27:20,-60221,1,6.6212797619,0.495610119048
2012-10-23 15:27:21,-60220,1,6.93013392857,0.308854166667
2012-10-23 15:27:22,-60219,1,6.69248511905,-0.237648809524
2012-10-23 15:27:23,-60218,1,5.75022321429,-0.942261904762
2012-10-23 15:27:24,-60217,1,4.21056547619,-1.5396577381
2012-10-23 15:27:25,-60216,1,2.49858630952,-1.71197916667
2012-10-23 15:27:26,-60215,1,0.0,-2.49858630952
2012-10-23 16:58:03,-54778,5437,0.0,0.0
2012-10-23 16:58:04,-54777,1,2.46354166667,2.46354166667
2012-10-23 16:58:05,-54776,1,4.27537202381,1.81183035714
2012-10-23 16:58:06,-54775,1,6.14010416667,1.86473214286
2012-10-23 16:58:07,-54774,1,7.73816964286,1.59806547619
2012-10-23 16:58:08,-54773,1,8.94092261905,1.20275297619
2012-10-23 16:58:09,-54772,1,9.65706845238,0.716145833333
2012-10-23 16:58:10,-54771,1,9.834375,0.177306547619
2012-10-23 16:58:11,-54770,1,9.5427827381,-0.291592261905
2012-10-23 16:58:12,-54769,1,8.96889880952,-0.573883928571
2012-10-23 16:58:13,-54768,1,8.29099702381,-0.677901785714
2012-10-23 16:58:14,-54767,1,7.62767857143,-0.663318452381
2012-10-23 16:58:15,-54766,1,7.14516369048,-0.482514880952
2012-10-23 16:58:16,-54765,1,7.09255952381,-0.0526041666667
2012-10-23 16:58:17,-54764,1,7.62455357143,0.531994047619
2012-10-23 16:58:18,-54763,1,8.60141369048,0.976860119048
2012-10-23 16:58:19,-54762,1,9.59605654762,0.994642857143
2012-10-23 16:58:20,-54761,1,10.160639881,0.564583333333
2012-10-23 16:58:21,-54760,1,10.1561755952,-0.0044642857143
2012-10-23 16:58:22,-54759,1,9.82388392857,-0.332291666667
2012-10-23 16:58:23,-54758,1,9.54799107143,-0.275892857143
2012-10-23 16:58:24,-54757,1,9.54144345238,-0.00654761904762
2012-10-23 16:58:25,-54756,1,9.65967261905,0.118229166667
2012-10-23 16:58:26,-54755,1,9.48050595238,-0.179166666667
2012-10-23 16:58:27,-54754,1,8.63697916667,-0.843526785714
2012-10-23 16:58:28,-54753,1,7.14739583333,-1.48958333333
2012-10-23 16:58:29,-54752,1,5.48898809524,-1.6584077381
2012-10-23 16:58:30,-54751,1,4.34055059524,-1.1484375
2012-10-23 16:58:31,-54750,1,4.15178571429,-0.188764880952
2012-10-23 16:58:32,-54749,1,4.90848214286,0.756696428571
2012-10-23 16:58:33,-54748,1,6.26674107143,1.35825892857
2012-10-23 16:58:34,-54747,1,7.81614583333,1.5494047619
2012-10-23 16:58:35,-54746,1,9.22254464286,1.40639880952
2012-10-23 16:58:36,-54745,1,10.2519345238,1.02938988095
2012-10-23 16:58:37,-54744,1,10.7900297619,0.538095238095
2012-10-23 16:58:38,-54743,1,10.9167410714,0.126711309524
2012-10-23 16:58:39,-54742,1,10.916889881,0.0001488095238
2012-10-23 16:58:40,-54741,1,11.0886160714,0.171726190476
2012-10-23 16:58:41,-54740,1,11.4973214286,0.408705357143
2012-10-23 16:58:42,-54739,1,11.9450892857,0.447767857143
2012-10-23 16:58:43,-54738,1,12.1708333333,0.225744047619
2012-10-23 16:58:44,-54737,1,12.0613839286,-0.109449404762
2012-10-23 16:58:45,-54736,1,11.6752232143,-0.386160714286
2012-10-23 16:58:46,-54735,1,11.109672619,-0.565550595238
2012-10-23 16:58:47,-54734,1,10.4352678571,-0.674404761905
2012-10-23 16:58:48,-54733,1,9.76287202381,-0.672395833333
2012-10-23 16:58:49,-54732,1,9.26748511905,-0.495386904762
2012-10-23 16:58:50,-54731,1,9.0959077381,-0.171577380952
2012-10-23 16:58:51,-54730,1,9.23199404762,0.136086309524
2012-10-23 16:58:52,-54729,1,9.39382440476,0.161830357143
2012-10-23 16:58:53,-54728,1,9.14508928571,-0.248735119048
2012-10-23 16:58:54,-54727,1,8.27522321429,-0.869866071429
2012-10-23 16:58:55,-54726,1,7.04084821429,-1.234375
2012-10-23 16:58:56,-54725,1,5.95959821429,-1.08125
2012-10-23 16:58:57,-54724,1,5.44107142857,-0.518526785714
2012-10-23 16:58:58,-54723,1,5.60632440476,0.16525297619
2012-10-23 16:58:59,-54722,1,6.35275297619,0.746428571429
2012-10-23 16:59:00,-54721,1,7.58422619048,1.23147321429
2012-10-23 16:59:01,-54720,1,9.33854166667,1.75431547619
2012-10-23 16:59:02,-54719,1,11.5990327381,2.26049107143
2012-10-23 16:59:03,-54718,1,14.0717261905,2.47269345238
2012-10-23 16:59:04,-54717,1,16.2758184524,2.2040922619
2012-10-23 16:59:05,-54716,1,17.8031994048,1.52738095238
2012-10-23 16:59:06,-54715,1,18.4765625,0.673363095238
2012-10-23 16:59:07,-54714,1,18.3759672619,-0.100595238095
2012-10-23 16:59:08,-54713,1,17.7280505952,-0.647916666667
2012-10-23 16:59:09,-54712,1,16.6848958333,-1.0431547619
2012-10-23 16:59:10,-54711,1,15.2226934524,-1.46220238095
2012-10-23 16:59:11,-54710,1,13.2723214286,-1.95037202381
2012-10-23 16:59:12,-54709,1,10.8646577381,-2.40766369048
2012-10-23 16:59:13,-54708,1,8.14136904762,-2.72328869048
2012-10-23 16:59:14,-54707,1,5.35052083333,-2.79084821429
2012-10-23 16:59:15,-54706,1,2.93943452381,-2.41108630952
2012-10-23 16:59:16,-54705,1,0.0,-2.93943452381
2012-10-23 16:59:31,-54690,15,0.0,0.0
2012-10-23 16:59:32,-54689,1,4.18898809524,4.18898809524
2012-10-23 16:59:33,-54688,1,7.37544642857,3.18645833333
2012-10-23 16:59:34,-54687,1,10.6639880952,3.28854166667
2012-10-23 16:59:35,-54686,1,13.5054315476,2.84144345238
2012-10-23 16:59:36,-54685,1,15.7722470238,2.26681547619
2012-10-23 16:59:37,-54684,1,17.5889880952,1.81674107143
2012-10-23 16:59:38,-54683,1,19.2031994048,1.61421130952
2012-10-23 16:59:39,-54682,1,20.8851934524,1.68199404762
2012-10-23 16:59:40,-54681,1,22.8204613095,1.93526785714
2012-10-23 16:59:41,-54680,1,25.0402529762,2.21979166667
2012-10-23 16:59:42,-54679,1,27.4444940476,2.40424107143
2012-10-23 16:59:43,-54678,1,29.8979910714,2.45349702381
2012-10-23 16:59:44,-54677,1,32.3133184524,2.41532738095
2012-10-23 16:59:45,-54676,1,34.6544642857,2.34114583333
2012-10-23 16:59:46,-54675,1,36.8773065476,2.2228422619
2012-10-23 16:59:47,-54674,1,38.8820684524,2.00476190476
2012-10-23 16:59:48,-54673,1,40.546577381,1.66450892857
2012-10-23 16:59:49,-54672,1,41.8159970238,1.26941964286
2012-10-23 16:59:50,-54671,1,42.7453869048,0.929389880952
2012-10-23 16:59:51,-54670,1,43.4553571429,0.709970238095
2012-10-23 16:59:52,-54669,1,44.053422619,0.59806547619
2012-10-23 16:59:53,-54668,1,44.5813988095,0.527976190476
2012-10-23 16:59:54,-54667,1,45.0283482143,0.446949404762
2012-10-23 16:59:55,-54666,1,45.3857886905,0.35744047619
2012-10-23 16:59:56,-54665,1,45.6640625,0.278273809524
2012-10-23 16:59:57,-54664,1,45.8556547619,0.191592261905
2012-10-23 16:59:58,-54663,1,45.9073660714,0.0517113095238
2012-10-23 16:59:59,-54662,1,45.7374255952,-0.16994047619
2012-10-23 17:00:00,-54661,1,45.2983630952,-0.4390625
2012-10-23 17:00:01,-54660,1,44.6468005952,-0.6515625
2012-10-23 17:00:02,-54659,1,43.9401785714,-0.706622023809
2012-10-23 17:00:03,-54658,1,43.3447916667,-0.595386904762
2012-10-23 17:00:04,-54657,1,42.9290178571,-0.415773809524
2012-10-23 17:00:05,-54656,1,42.6071428571,-0.321875
2012-10-23 17:00:06,-54655,1,42.1621279762,-0.445014880952
2012-10-23 17:00:07,-54654,1,41.3401785714,-0.821949404762
2012-10-23 17:00:08,-54653,1,39.9625744048,-1.37760416667
2012-10-23 17:00:09,-54652,1,37.9943452381,-1.96822916667
2012-10-23 17:00:10,-54651,1,35.5436755952,-2.45066964286
2012-10-23 17:00:11,-54650,1,32.7966517857,-2.74702380952
2012-10-23 17:00:12,-54649,1,29.917485119,-2.87916666667
2012-10-23 17:00:13,-54648,1,26.9851190476,-2.93236607143
2012-10-23 17:00:14,-54647,1,24.020610119,-2.96450892857
2012-10-23 17:00:15,-54646,1,21.0268005952,-2.99380952381
2012-10-23 17:00:16,-54645,1,17.9528869048,-3.07391369048
2012-10-23 17:00:17,-54644,1,14.7098214286,-3.24306547619
2012-10-23 17:00:18,-54643,1,11.3490625,-3.36075892857
2012-10-23 17:00:19,-54642,1,8.19761904762,-3.15144345238
2012-10-23 17:00:20,-54641,1,5.71630952381,-2.48130952381
2012-10-23 17:00:21,-54640,1,4.19083333333,-1.52547619048
2012-10-23 17:00:22,-54639,1,3.58553571429,-0.605297619048
2012-10-23 17:00:23,-54638,1,3.75449404762,0.168958333333
2012-10-23 17:00:24,-54637,1,4.75775297619,1.00325892857
2012-10-23 17:00:25,-54636,1,6.83272321429,2.0749702381
2012-10-23 17:00:26,-54635,1,10.0462053571,3.21348214286
2012-10-23 17:00:27,-54634,1,14.062172619,4.0159672619
2012-10-23 17:00:28,-54633,1,18.2709077381,4.20873511905
2012-10-23 17:00:29,-54632,1,22.1410863095,3.87017857143
2012-10-23 17:00:30,-54631,1,25.4329464286,3.29186011905
2012-10-23 17:00:31,-54630,1,28.1219494048,2.68900297619
2012-10-23 17:00:32,-54629,1,30.2707589286,2.14880952381
2012-10-23 17:00:33,-54628,1,31.9861607143,1.71540178571
2012-10-23 17:00:34,-54627,1,33.3626488095,1.37648809524
2012-10-23 17:00:35,-54626,1,34.4296875,1.06703869048
2012-10-23 17:00:36,-54625,1,35.1758184524,0.746130952381
2012-10-23 17:00:37,-54624,1,35.620014881,0.444196428571
2012-10-23 17:00:38,-54623,1,35.8720982143,0.252083333333
2012-10-23 17:00:39,-54622,1,36.1172619048,0.245163690476
2012-10-23 17:00:40,-54621,1,36.5211309524,0.403869047619
2012-10-23 17:00:41,-54620,1,37.1511160714,0.629985119048
2012-10-23 17:00:42,-54619,1,37.9651785714,0.8140625
2012-10-23 17:00:43,-54618,1,38.838764881,0.873586309524
2012-10-23 17:00:44,-54617,1,39.5775297619,0.738764880952
2012-10-23 17:00:45,-54616,1,39.8735863095,0.296056547619
2012-10-23 17:00:46,-54615,1,39.3192708333,-0.554315476191
2012-10-23 17:00:47,-54614,1,37.671875,-1.64739583333
2012-10-23 17:00:48,-54613,1,35.223139881,-2.44873511905
2012-10-23 17:00:49,-54612,1,32.8395089286,-2.38363095238
2012-10-23 17:00:50,-54611,1,31.533110119,-1.30639880952
2012-10-23 17:00:51,-54610,1,31.8771577381,0.344047619048
2012-10-23 17:00:52,-54609,1,33.7095238095,1.83236607143
2012-10-23 17:00:53,-54608,1,36.3472470238,2.63772321429
2012-10-23 17:00:54,-54607,1,39.071577381,2.72433035714
2012-10-23 17:00:55,-54606,1,41.413764881,2.3421875
2012-10-23 17:00:56,-54605,1,43.0626488095,1.64888392857
2012-10-23 17:00:57,-54604,1,43.6175595238,0.554910714286
2012-10-23 17:00:58,-54603,1,42.5719494048,-1.04561011905
2012-10-23 17:00:59,-54602,1,39.6849702381,-2.88697916667
2012-10-23 17:01:00,-54601,1,35.4011904762,-4.2837797619
2012-10-23 17:01:01,-54600,1,30.8330357143,-4.5681547619
2012-10-23 17:01:02,-54599,1,27.215922619,-3.61711309524
2012-10-23 17:01:03,-54598,1,25.2205357143,-1.99538690476
2012-10-23 17:01:04,-54597,1,24.6848214286,-0.535714285714
2012-10-23 17:01:05,-54596,1,24.9716517857,0.286830357143
2012-10-23 17:01:06,-54595,1,25.5252232143,0.553571428571
2012-10-23 17:01:07,-54594,1,26.1008928571,0.575669642857
2012-10-23 17:01:08,-54593,1,26.6505208333,0.54962797619
2012-10-23 17:01:09,-54592,1,27.1600446429,0.509523809524
2012-10-23 17:01:10,-54591,1,27.5713541667,0.41130952381
2012-10-23 17:01:11,-54590,1,27.7292410714,0.157886904762
2012-10-23 17:01:12,-54589,1,27.3543154762,-0.374925595238
2012-10-23 17:01:13,-54588,1,26.1266369048,-1.22767857143
2012-10-23 17:01:14,-54587,1,23.854985119,-2.27165178571
2012-10-23 17:01:15,-54586,1,20.5860119048,-3.26897321429
2012-10-23 17:01:16,-54585,1,16.5757440476,-4.01026785714
2012-10-23 17:01:17,-54584,1,12.1897321429,-4.38601190476
2012-10-23 17:01:18,-54583,1,7.86852678571,-4.32120535714
2012-10-23 17:01:19,-54582,1,4.20855654762,-3.6599702381
2012-10-23 17:01:20,-54581,1,0.0,-4.20855654762
2012-10-23 17:01:45,-54556,25,0.0,0.0
2012-10-23 17:01:46,-54555,1,2.83511904762,2.83511904762
2012-10-23 17:01:47,-54554,1,5.23385416667,2.39873511905
2012-10-23 17:01:48,-54553,1,8.14955357143,2.91569940476
2012-10-23 17:01:49,-54552,1,11.304389881,3.15483630952
2012-10-23 17:01:50,-54551,1,14.5894345238,3.28504464286
2012-10-23 17:01:51,-54550,1,17.8908482143,3.30141369048
2012-10-23 17:01:52,-54549,1,21.0647321429,3.17388392857
2012-10-23 17:01:53,-54548,1,23.9837053571,2.91897321429
2012-10-23 17:01:54,-54547,1,26.5338541667,2.55014880952
2012-10-23 17:01:55,-54546,1,28.5941964286,2.0603422619
2012-10-23 17:01:56,-54545,1,30.0925595238,1.49836309524
2012-10-23 17:01:57,-54544,1,31.0899553571,0.997395833333
2012-10-23 17:01:58,-54543,1,31.7692708333,0.67931547619
2012-10-23 17:01:59,-54542,1,32.3244791667,0.555208333333
2012-10-23 17:02:00,-54541,1,32.846577381,0.522098214286
2012-10-23 17:02:01,-54540,1,33.2954613095,0.448883928571
2012-10-23 17:02:02,-54539,1,33.5734375,0.277976190476
2012-10-23 17:02:03,-54538,1,33.5791666667,0.0057291666667
2012-10-23 17:02:04,-54537,1,33.1600446429,-0.41912202381
2012-10-23 17:02:05,-54536,1,32.1192708333,-1.04077380952
2012-10-23 17:02:06,-54535,1,30.3683779762,-1.75089285714
2012-10-23 17:02:07,-54534,1,28.0342261905,-2.33415178571
2012-10-23 17:02:08,-54533,1,25.4145089286,-2.6197172619
2012-10-23 17:02:09,-54532,1,22.8747767857,-2.53973214286
2012-10-23 17:02:10,-54531,1,20.7451636905,-2.12961309524
2012-10-23 17:02:11,-54530,1,19.269047619,-1.47611607143
2012-10-23 17:02:12,-54529,1,18.5963541667,-0.672693452381
2012-10-23 17:02:13,-54528,1,18.7009672619,0.104613095238
2012-10-23 17:02:14,-54527,1,19.290922619,0.589955357143
2012-10-23 17:02:15,-54526,1,19.9077380952,0.61681547619
2012-10-23 17:02:16,-54525,1,20.1732886905,0.265550595238
2012-10-23 17:02:17,-54524,1,20.0056547619,-0.167633928571
2012-10-23 17:02:18,-54523,1,19.676264881,-0.329389880952
2012-10-23 17:02:19,-54522,1,19.6443452381,-0.0319196428572
2012-10-23 17:02:20,-54521,1,20.2673363095,0.622991071429
2012-10-23 17:02:21,-54520,1,21.5816964286,1.31436011905
2012-10-23 17:02:22,-54519,1,23.2642113095,1.68251488095
2012-10-23 17:02:23,-54518,1,24.7896577381,1.52544642857
2012-10-23 17:02:24,-54517,1,25.6892857143,0.89962797619
2012-10-23 17:02:25,-54516,1,25.7404761905,0.0511904761905
2012-10-23 17:02:26,-54515,1,24.9991071429,-0.741369047619
2012-10-23 17:02:27,-54514,1,23.6866815476,-1.31242559524
2012-10-23 17:02:28,-54513,1,22.0183779762,-1.66830357143
2012-10-23 17:02:29,-54512,1,20.1058035714,-1.91257440476
2012-10-23 17:02:30,-54511,1,17.9691964286,-2.13660714286
2012-10-23 17:02:31,-54510,1,15.5796875,-2.38950892857
2012-10-23 17:02:32,-54509,1,12.890327381,-2.68936011905
2012-10-23 17:02:33,-54508,1,9.88489583333,-3.00543154762
2012-10-23 17:02:34,-54507,1,6.69092261905,-3.19397321429
2012-10-23 17:02:35,-54506,1,3.74055059524,-2.95037202381
2012-10-23 17:02:36,-54505,1,0.0,-3.74055059524
2012-10-23 17:02:58,-54483,22,0.0,0.0
2012-10-23 17:02:59,-54482,1,1.84321056548,1.84321056548
2012-10-23 17:03:00,-54481,1,2.95092075893,1.10771019345
2012-10-23 17:03:01,-54480,1,3.7060453869,0.755124627976
2012-10-23 17:03:02,-54479,1,3.78349144345,0.0774460565476
2012-10-23 17:03:03,-54478,1,3.34293154762,-0.440559895833
2012-10-23 17:03:04,-54477,1,2.77336309524,-0.569568452381
2012-10-23 17:03:05,-54476,1,2.40453869048,-0.368824404762
2012-10-23 17:03:06,-54475,1,2.34554501488,-0.0589936755952
2012-10-23 17:03:07,-54474,1,2.50219494048,0.156649925595
2012-10-23 17:03:08,-54473,1,2.72351190476,0.221316964286
2012-10-23 17:03:09,-54472,1,2.93426339286,0.210751488095
2012-10-23 17:03:10,-54471,1,3.16301153274,0.228748139881
2012-10-23 17:03:11,-54470,1,3.51674107143,0.35372953869
2012-10-23 17:03:12,-54469,1,4.15736607143,0.640625
2012-10-23 17:03:13,-54468,1,5.24620535714,1.08883928571
2012-10-23 17:03:14,-54467,1,6.85028831845,1.60408296131
2012-10-23 17:03:15,-54466,1,8.9146391369,2.06435081845
2012-10-23 17:03:16,-54465,1,11.3442429315,2.42960379464
2012-10-23 17:03:17,-54464,1,14.0646763393,2.72043340774
2012-10-23 17:03:18,-54463,1,16.9755952381,2.91091889881
2012-10-23 17:03:19,-54462,1,19.8984375,2.9228422619
2012-10-23 17:03:20,-54461,1,22.6219494048,2.72351190476
2012-10-23 17:03:21,-54460,1,25.0189732143,2.39702380952
2012-10-23 17:03:22,-54459,1,27.1284970238,2.10952380952
2012-10-23 17:03:23,-54458,1,29.1011904762,1.97269345238
2012-10-23 17:03:24,-54457,1,31.0448660714,1.94367559524
2012-10-23 17:03:25,-54456,1,32.9499255952,1.90505952381
2012-10-23 17:03:26,-54455,1,34.759375,1.80944940476
2012-10-23 17:03:27,-54454,1,36.4447172619,1.6853422619
2012-10-23 17:03:28,-54453,1,37.9979910714,1.55327380952
2012-10-23 17:03:29,-54452,1,39.4013392857,1.40334821429
2012-10-23 17:03:30,-54451,1,40.626860119,1.22552083333
2012-10-23 17:03:31,-54450,1,41.6477678571,1.0209077381
2012-10-23 17:03:32,-54449,1,42.4404761905,0.792708333333
2012-10-23 17:03:33,-54448,1,42.9787202381,0.538244047619
2012-10-23 17:03:34,-54447,1,43.227827381,0.249107142857
2012-10-23 17:03:35,-54446,1,43.1545386905,-0.0732886904762
2012-10-23 17:03:36,-54445,1,42.7334821429,-0.421056547619
2012-10-23 17:03:37,-54444,1,41.8802083333,-0.853273809524
2012-10-23 17:03:38,-54443,1,40.3348958333,-1.5453125
2012-10-23 17:03:39,-54442,1,37.6952380952,-2.6396577381
2012-10-23 17:03:40,-54441,1,33.722172619,-3.97306547619
2012-10-23 17:03:41,-54440,1,28.7164434524,-5.00572916667
2012-10-23 17:03:42,-54439,1,23.5967261905,-5.1197172619
2012-10-23 17:03:43,-54438,1,19.5189732143,-4.07775297619
2012-10-23 17:03:44,-54437,1,17.2517113095,-2.26726190476
2012-10-23 17:03:45,-54436,1,16.7464285714,-0.505282738095
2012-10-23 17:03:46,-54435,1,17.2236607143,0.477232142857
2012-10-23 17:03:47,-54434,1,17.6541369048,0.430476190476
2012-10-23 17:03:48,-54433,1,17.2129017857,-0.441235119048
2012-10-23 17:03:49,-54432,1,15.5324404762,-1.68046130952
2012-10-23 17:03:50,-54431,1,12.8370684524,-2.69537202381
2012-10-23 17:03:51,-54430,1,9.85267857143,-2.98438988095
2012-10-23 17:03:52,-54429,1,7.40488095238,-2.44779761905
2012-10-23 17:03:53,-54428,1,5.98254464286,-1.42233630952
2012-10-23 17:03:54,-54427,1,5.59366071429,-0.388883928571
2012-10-23 17:03:55,-54426,1,5.98729166667,0.393630952381
2012-10-23 17:03:56,-54425,1,7.00741071429,1.02011904762
2012-10-23 17:03:57,-54424,1,8.69117559524,1.68376488095
2012-10-23 17:03:58,-54423,1,11.0491071429,2.35793154762
2012-10-23 17:03:59,-54422,1,13.8513244048,2.8022172619
2012-10-23 17:04:00,-54421,1,16.6680803571,2.81675595238
2012-10-23 17:04:01,-54420,1,19.097514881,2.42943452381
2012-10-23 17:04:02,-54419,1,20.9258482143,1.82833333333
2012-10-23 17:04:03,-54418,1,22.1074404762,1.1815922619
2012-10-23 17:04:04,-54417,1,22.6889136905,0.581473214286
2012-10-23 17:04:05,-54416,1,22.7520089286,0.0630952380952
2012-10-23 17:04:06,-54415,1,22.3424107143,-0.409598214286
2012-10-23 17:04:07,-54414,1,21.4004464286,-0.941964285714
2012-10-23 17:04:08,-54413,1,19.7632440476,-1.63720238095
2012-10-23 17:04:09,-54412,1,17.3265625,-2.43668154762
2012-10-23 17:04:10,-54411,1,14.3295386905,-2.99702380952
2012-10-23 17:04:11,-54410,1,11.4817708333,-2.84776785714
2012-10-23 17:04:12,-54409,1,9.69598214286,-1.78578869048
2012-10-23 17:04:13,-54408,1,9.55796130952,-0.138020833333
2012-10-23 17:04:14,-54407,1,10.9409970238,1.38303571429
2012-10-23 17:04:15,-54406,1,13.0980654762,2.15706845238
2012-10-23 17:04:16,-54405,1,15.1552083333,2.05714285714
2012-10-23 17:04:17,-54404,1,16.5647321429,1.40952380952
2012-10-23 17:04:18,-54403,1,17.1842261905,0.619494047619
2012-10-23 17:04:19,-54402,1,17.0499255952,-0.134300595238
2012-10-23 17:04:20,-54401,1,16.1482142857,-0.901711309524
2012-10-23 17:04:21,-54400,1,14.4037946429,-1.74441964286
2012-10-23 17:04:22,-54399,1,11.8672619048,-2.5365327381
2012-10-23 17:04:23,-54398,1,8.90133928571,-2.96592261905
2012-10-23 17:04:24,-54397,1,6.1306547619,-2.77068452381
2012-10-23 17:04:25,-54396,1,4.13058035714,-2.00007440476
2012-10-23 17:04:26,-54395,1,3.1130952381,-1.01748511905
2012-10-23 17:04:27,-54394,1,2.8556547619,-0.25744047619
2012-10-23 17:04:28,-54393,1,2.88258928571,0.0269345238095
2012-10-23 17:04:29,-54392,1,2.73891369048,-0.143675595238
2012-10-23 17:04:30,-54391,1,2.20267857143,-0.536235119048
2012-10-23 17:04:31,-54390,1,1.40186011905,-0.800818452381
2012-10-23 17:04:32,-54389,1,0.0,-1.40186011905
2012-10-23 17:15:09,-53752,637,0.0,0.0
2012-10-23 17:15:10,-53751,1,1.21897321429,1.21897321429
2012-10-23 17:15:11,-53750,1,1.89873511905,0.679761904762
2012-10-23 17:15:12,-53749,1,2.55591517857,0.657180059524
2012-10-23 17:15:13,-53748,1,3.40885416667,0.852938988095
2012-10-23 17:15:14,-53747,1,4.80844494048,1.39959077381
2012-10-23 17:15:15,-53746,1,6.83578869048,2.02734375
2012-10-23 17:15:16,-53745,1,9.14475446429,2.30896577381
2012-10-23 17:15:17,-53744,1,11.0998511905,1.95509672619
2012-10-23 17:15:18,-53743,1,12.1467633929,1.04691220238
2012-10-23 17:15:19,-53742,1,12.159672619,0.0129092261905
2012-10-23 17:15:20,-53741,1,11.5031994048,-0.656473214286
2012-10-23 17:15:21,-53740,1,10.8302083333,-0.672991071429
2012-10-23 17:15:22,-53739,1,10.7302827381,-0.0999255952381
2012-10-23 17:15:23,-53738,1,11.3974702381,0.6671875
2012-10-23 17:15:24,-53737,1,12.610639881,1.21316964286
2012-10-23 17:15:25,-53736,1,14.0439732143,1.43333333333
2012-10-23 17:15:26,-53735,1,15.5302827381,1.48630952381
2012-10-23 17:15:27,-53734,1,17.0339285714,1.50364583333
2012-10-23 17:15:28,-53733,1,18.4577380952,1.42380952381
2012-10-23 17:15:29,-53732,1,19.5328125,1.07507440476
2012-10-23 17:15:30,-53731,1,19.9566220238,0.42380952381
2012-10-23 17:15:31,-53730,1,19.6276190476,-0.329002976191
2012-10-23 17:15:32,-53729,1,18.6075744048,-1.02004464286
2012-10-23 17:15:33,-53728,1,16.898139881,-1.70943452381
2012-10-23 17:15:34,-53727,1,14.487827381,-2.4103125
2012-10-23 17:15:35,-53726,1,11.6129464286,-2.87488095238
2012-10-23 17:15:36,-53725,1,8.79867559524,-2.81427083333
2012-10-23 17:15:37,-53724,1,6.59046130952,-2.20821428571
2012-10-23 17:15:38,-53723,1,5.2134375,-1.37702380952
2012-10-23 17:15:39,-53722,1,4.5047172619,-0.708720238095
2012-10-23 17:15:40,-53721,1,4.24078869048,-0.263928571429
2012-10-23 17:15:41,-53720,1,4.41345238095,0.172663690476
2012-10-23 17:15:42,-53719,1,5.05744047619,0.643988095238
2012-10-23 17:15:43,-53718,1,5.9353125,0.87787202381
2012-10-23 17:15:44,-53717,1,6.52053571429,0.585223214286
2012-10-23 17:15:45,-53716,1,6.270625,-0.249910714286
2012-10-23 17:15:46,-53715,1,4.99038690476,-1.28023809524
2012-10-23 17:15:47,-53714,1,3.10967261905,-1.88071428571
2012-10-23 17:15:48,-53713,1,0.0,-3.10967261905
2012-10-23 17:17:28,-53613,100,0.0,0.0
2012-10-23 17:17:29,-53612,1,2.88556547619,2.88556547619
2012-10-23 17:17:30,-53611,1,5.7927827381,2.9072172619
2012-10-23 17:17:31,-53610,1,9.55610119048,3.76331845238
2012-10-23 17:17:32,-53609,1,13.4869791667,3.93087797619
2012-10-23 17:17:33,-53608,1,16.8683779762,3.38139880952
2012-10-23 17:17:34,-53607,1,19.1332589286,2.26488095238
2012-10-23 17:17:35,-53606,1,20.1048363095,0.971577380952
2012-10-23 17:17:36,-53605,1,20.0945684524,-0.0102678571428
2012-10-23 17:17:37,-53604,1,19.7674107143,-0.327157738095
2012-10-23 17:17:38,-53603,1,19.8645089286,0.0970982142857
2012-10-23 17:17:39,-53602,1,20.8938988095,1.02938988095
2012-10-23 17:17:40,-53601,1,22.916889881,2.02299107143
2012-10-23 17:17:41,-53600,1,25.5782738095,2.66138392857
2012-10-23 17:17:42,-53599,1,28.3761904762,2.79791666667
2012-10-23 17:17:43,-53598,1,30.962797619,2.58660714286
2012-10-23 17:17:44,-53597,1,33.2354910714,2.27269345238
2012-10-23 17:17:45,-53596,1,35.152827381,1.91733630952
2012-10-23 17:17:46,-53595,1,36.4661458333,1.31331845238
2012-10-23 17:17:47,-53594,1,36.6626488095,0.196502976191
2012-10-23 17:17:48,-53593,1,35.2578125,-1.40483630952
2012-10-23 17:17:49,-53592,1,32.2660714286,-2.99174107143
2012-10-23 17:17:50,-53591,1,28.424702381,-3.84136904762
2012-10-23 17:17:51,-53590,1,24.8801339286,-3.54456845238
2012-10-23 17:17:52,-53589,1,22.5661458333,-2.31398809524
2012-10-23 17:17:53,-53588,1,21.7888392857,-0.777306547619
2012-10-23 17:17:54,-53587,1,22.2805059524,0.491666666667
2012-10-23 17:17:55,-53586,1,23.5679315476,1.28742559524
2012-10-23 17:17:56,-53585,1,25.2800595238,1.71212797619
2012-10-23 17:17:57,-53584,1,27.164360119,1.88430059524
2012-10-23 17:17:58,-53583,1,28.9642113095,1.79985119048
2012-10-23 17:17:59,-53582,1,30.4194196429,1.45520833333
2012-10-23 17:18:00,-53581,1,31.3787202381,0.959300595238
2012-10-23 17:18:01,-53580,1,31.85625,0.477529761905
2012-10-23 17:18:02,-53579,1,31.987797619,0.131547619048
2012-10-23 17:18:03,-53578,1,31.9431547619,-0.0446428571428
2012-10-23 17:18:04,-53577,1,31.8476190476,-0.0955357142858
2012-10-23 17:18:05,-53576,1,31.757514881,-0.0901041666666
2012-10-23 17:18:06,-53575,1,31.6850446429,-0.0724702380953
2012-10-23 17:18:07,-53574,1,31.6174107143,-0.0676339285714
2012-10-23 17:18:08,-53573,1,31.5014136905,-0.11599702381
2012-10-23 17:18:09,-53572,1,31.1944940476,-0.306919642857
2012-10-23 17:18:10,-53571,1,30.444047619,-0.750446428571
2012-10-23 17:18:11,-53570,1,28.9962053571,-1.4478422619
2012-10-23 17:18:12,-53569,1,26.7677083333,-2.22849702381
2012-10-23 17:18:13,-53568,1,23.919047619,-2.84866071429
2012-10-23 17:18:14,-53567,1,20.8177083333,-3.10133928571
2012-10-23 17:18:15,-53566,1,17.9264880952,-2.8912202381
2012-10-23 17:18:16,-53565,1,15.6623511905,-2.26413690476
2012-10-23 17:18:17,-53564,1,14.3392113095,-1.32313988095
2012-10-23 17:18:18,-53563,1,14.1605654762,-0.178645833333
2012-10-23 17:18:19,-53562,1,15.165327381,1.00476190476
2012-10-23 17:18:20,-53561,1,17.2144345238,2.04910714286
2012-10-23 17:18:21,-53560,1,20.0625744048,2.84813988095
2012-10-23 17:18:22,-53559,1,23.4175595238,3.35498511905
2012-10-23 17:18:23,-53558,1,26.9720982143,3.55453869048
2012-10-23 17:18:24,-53557,1,30.4431547619,3.47105654762
2012-10-23 17:18:25,-53556,1,33.6095982143,3.16644345238
2012-10-23 17:18:26,-53555,1,36.3462053571,2.73660714286
2012-10-23 17:18:27,-53554,1,38.6430803571,2.296875
2012-10-23 17:18:28,-53553,1,40.5760416667,1.93296130952
2012-10-23 17:18:29,-53552,1,42.2270833333,1.65104166667
2012-10-23 17:18:30,-53551,1,43.6087053571,1.38162202381
2012-10-23 17:18:31,-53550,1,44.6556547619,1.04694940476
2012-10-23 17:18:32,-53549,1,45.2902529762,0.634598214286
2012-10-23 17:18:33,-53548,1,45.508110119,0.217857142857
2012-10-23 17:18:34,-53547,1,45.417485119,-0.090625
2012-10-23 17:18:35,-53546,1,45.1904017857,-0.227083333333
2012-10-23 17:18:36,-53545,1,44.9662946429,-0.224107142857
2012-10-23 17:18:37,-53544,1,44.8017113095,-0.164583333333
2012-10-23 17:18:38,-53543,1,44.6863839286,-0.115327380952
2012-10-23 17:18:39,-53542,1,44.5820684524,-0.104315476191
2012-10-23 17:18:40,-53541,1,44.4614583333,-0.120610119048
2012-10-23 17:18:41,-53540,1,44.3282738095,-0.133184523809
2012-10-23 17:18:42,-53539,1,44.2068452381,-0.121428571429
2012-10-23 17:18:43,-53538,1,44.124702381,-0.0821428571428
2012-10-23 17:18:44,-53537,1,44.098139881,-0.0265625
2012-10-23 17:18:45,-53536,1,44.1164434524,0.0183035714285
2012-10-23 17:18:46,-53535,1,44.1478422619,0.0313988095239
2012-10-23 17:18:47,-53534,1,44.1747767857,0.0269345238095
2012-10-23 17:18:48,-53533,1,44.2241071429,0.0493303571428
2012-10-23 17:18:49,-53532,1,44.3645833333,0.140476190476
2012-10-23 17:18:50,-53531,1,44.6716517857,0.307068452381
2012-10-23 17:18:51,-53530,1,45.1751488095,0.503497023809
2012-10-23 17:18:52,-53529,1,45.8266369048,0.651488095238
2012-10-23 17:18:53,-53528,1,46.528422619,0.701785714286
2012-10-23 17:18:54,-53527,1,47.2030505952,0.674627976191
2012-10-23 17:18:55,-53526,1,47.8245535714,0.62150297619
2012-10-23 17:18:56,-53525,1,48.3874255952,0.562872023809
2012-10-23 17:18:57,-53524,1,48.8640625,0.476636904762
2012-10-23 17:18:58,-53523,1,49.1951636905,0.331101190476
2012-10-23 17:18:59,-53522,1,49.3200892857,0.124925595238
2012-10-23 17:19:00,-53521,1,49.2212053571,-0.0988839285714
2012-10-23 17:19:01,-53520,1,48.9419642857,-0.279241071429
2012-10-23 17:19:02,-53519,1,48.5636904762,-0.378273809524
2012-10-23 17:19:03,-53518,1,48.1641369048,-0.399553571429
2012-10-23 17:19:04,-53517,1,47.7863839286,-0.377752976191
2012-10-23 17:19:05,-53516,1,47.4102678571,-0.376116071428
2012-10-23 17:19:06,-53515,1,46.9357886905,-0.474479166667
2012-10-23 17:19:07,-53514,1,46.2489583333,-0.686830357143
2012-10-23 17:19:08,-53513,1,45.3449404762,-0.904017857143
2012-10-23 17:19:09,-53512,1,44.3572172619,-0.987723214286
2012-10-23 17:19:10,-53511,1,43.4453125,-0.911904761905
2012-10-23 17:19:11,-53510,1,42.6348958333,-0.810416666667
2012-10-23 17:19:12,-53509,1,41.7226190476,-0.912276785714
2012-10-23 17:19:13,-53508,1,40.3181547619,-1.40446428571
2012-10-23 17:19:14,-53507,1,37.973735119,-2.34441964286
2012-10-23 17:19:15,-53506,1,34.3202380952,-3.65349702381
2012-10-23 17:19:16,-53505,1,29.2616815476,-5.05855654762
2012-10-23 17:19:17,-53504,1,23.1999255952,-6.06175595238
2012-10-23 17:19:18,-53503,1,17.0251488095,-6.17477678571
2012-10-23 17:19:19,-53502,1,11.747172619,-5.27797619048
2012-10-23 17:19:20,-53501,1,8.01941964286,-3.72775297619
2012-10-23 17:19:21,-53500,1,5.8865327381,-2.13288690476
2012-10-23 17:19:22,-53499,1,4.89895833333,-0.987574404762
2012-10-23 17:19:23,-53498,1,4.4806547619,-0.418303571429
2012-10-23 17:19:24,-53497,1,4.23273809524,-0.247916666667
2012-10-23 17:19:25,-53496,1,4.00089285714,-0.231845238095
2012-10-23 17:19:26,-53495,1,3.82313988095,-0.17775297619
2012-10-23 17:19:27,-53494,1,3.83020833333,0.00706845238095
2012-10-23 17:19:28,-53493,1,4.08303571429,0.252827380952
2012-10-23 17:19:29,-53492,1,4.47299107143,0.389955357143
2012-10-23 17:19:30,-53491,1,4.79791666667,0.324925595238
2012-10-23 17:19:31,-53490,1,4.92544642857,0.127529761905
2012-10-23 17:19:32,-53489,1,4.88794642857,-0.0375
2012-10-23 17:19:33,-53488,1,4.81919642857,-0.06875
2012-10-23 17:19:34,-53487,1,4.78526785714,-0.0339285714286
2012-10-23 17:19:35,-53486,1,4.70989583333,-0.0753720238095
2012-10-23 17:19:36,-53485,1,4.49702380952,-0.21287202381
2012-10-23 17:19:37,-53484,1,4.17879464286,-0.318229166667
2012-10-23 17:19:38,-53483,1,3.88005952381,-0.298735119048
2012-10-23 17:19:39,-53482,1,3.67425595238,-0.205803571429
2012-10-23 17:19:40,-53481,1,3.5693452381,-0.104910714286
2012-10-23 17:19:41,-53480,1,3.61808035714,0.0487351190476
2012-10-23 17:19:42,-53479,1,3.92760416667,0.309523809524
2012-10-23 17:19:43,-53478,1,4.521875,0.594270833333
2012-10-23 17:19:44,-53477,1,5.22916666667,0.707291666667
2012-10-23 17:19:45,-53476,1,5.74598214286,0.51681547619
2012-10-23 17:19:46,-53475,1,5.8619047619,0.115922619048
2012-10-23 17:19:47,-53474,1,5.62269345238,-0.239211309524
2012-10-23 17:19:48,-53473,1,5.24613095238,-0.3765625
2012-10-23 17:19:49,-53472,1,4.92455357143,-0.321577380952
2012-10-23 17:19:50,-53471,1,4.74211309524,-0.18244047619
2012-10-23 17:19:51,-53470,1,4.69970238095,-0.0424107142857
2012-10-23 17:19:52,-53469,1,4.72931547619,0.0296130952381
2012-10-23 17:19:53,-53468,1,4.70453869048,-0.0247767857143
2012-10-23 17:19:54,-53467,1,4.51443452381,-0.190104166667
2012-10-23 17:19:55,-53466,1,4.14412202381,-0.3703125
2012-10-23 17:19:56,-53465,1,3.64255952381,-0.5015625
2012-10-23 17:19:57,-53464,1,3.01703869048,-0.625520833333
2012-10-23 17:19:58,-53463,1,2.23080357143,-0.786235119048
2012-10-23 17:19:59,-53462,1,1.36785714286,-0.862946428571
2012-10-23 17:20:00,-53461,1,0.0,-1.36785714286
2012-10-23 17:45:48,-51913,1548,0.0,0.0
2012-10-23 17:45:49,-51912,1,1.13314732143,1.13314732143
2012-10-23 17:45:50,-51911,1,1.66303943452,0.529892113095
2012-10-23 17:45:51,-51910,1,1.94765625,0.284616815476
2012-10-23 17:45:52,-51909,1,1.97933407738,0.0316778273809
2012-10-23 17:45:53,-51908,1,1.93411458333,-0.0452194940476
2012-10-23 17:45:54,-51907,1,1.98757440476,0.0534598214286
2012-10-23 17:45:55,-51906,1,2.25531994048,0.267745535714
2012-10-23 17:45:56,-51905,1,2.76285342262,0.507533482143
2012-10-23 17:45:57,-51904,1,3.42310267857,0.660249255952
2012-10-23 17:45:58,-51903,1,4.07468377976,0.65158110119
2012-10-23 17:45:59,-51902,1,4.57689732143,0.502213541667
2012-10-23 17:46:00,-51901,1,4.90954241071,0.332645089286
2012-10-23 17:46:01,-51900,1,5.18976934524,0.280226934524
2012-10-23 17:46:02,-51899,1,5.5712797619,0.381510416667
2012-10-23 17:46:03,-51898,1,6.12038690476,0.549107142857
2012-10-23 17:46:04,-51897,1,6.77894345238,0.658556547619
2012-10-23 17:46:05,-51896,1,7.42232142857,0.64337797619
2012-10-23 17:46:06,-51895,1,7.92321428571,0.500892857143
2012-10-23 17:46:07,-51894,1,8.15275297619,0.229538690476
2012-10-23 17:46:08,-51893,1,7.96599702381,-0.186755952381
2012-10-23 17:46:09,-51892,1,7.22938988095,-0.736607142857
2012-10-23 17:46:10,-51891,1,5.89047619048,-1.33891369048
2012-10-23 17:46:11,-51890,1,4.09702380952,-1.79345238095
2012-10-23 17:46:12,-51889,1,2.31793154762,-1.7790922619
2012-10-23 17:46:13,-51888,1,0.0,-2.31793154762
2012-10-23 17:46:32,-51869,19,0.0,0.0
2012-10-23 17:46:33,-51868,1,3.67217261905,3.67217261905
2012-10-23 17:46:34,-51867,1,6.64732142857,2.97514880952
2012-10-23 17:46:35,-51866,1,9.92782738095,3.28050595238
2012-10-23 17:46:36,-51865,1,13.0962053571,3.16837797619
2012-10-23 17:46:37,-51864,1,16.1201636905,3.02395833333
2012-10-23 17:46:38,-51863,1,19.1484375,3.02827380952
2012-10-23 17:46:39,-51862,1,22.2499255952,3.10148809524
2012-10-23 17:46:40,-51861,1,25.3125744048,3.06264880952
2012-10-23 17:46:41,-51860,1,28.1568452381,2.84427083333
2012-10-23 17:46:42,-51859,1,30.6880952381,2.53125
2012-10-23 17:46:43,-51858,1,32.9382440476,2.25014880952
2012-10-23 17:46:44,-51857,1,35.0084821429,2.07023809524
2012-10-23 17:46:45,-51856,1,36.9763392857,1.96785714286
2012-10-23 17:46:46,-51855,1,38.8411458333,1.86480654762
2012-10-23 17:46:47,-51854,1,40.5549107143,1.71376488095
2012-10-23 17:46:48,-51853,1,42.0865327381,1.53162202381
2012-10-23 17:46:49,-51852,1,43.4395833333,1.35305059524
2012-10-23 17:46:50,-51851,1,44.6171875,1.17760416667
2012-10-23 17:46:51,-51850,1,45.5779017857,0.960714285714
2012-10-23 17:46:52,-51849,1,46.2276041667,0.649702380952
2012-10-23 17:46:53,-51848,1,46.468452381,0.240848214286
2012-10-23 17:46:54,-51847,1,46.2713541667,-0.197098214286
2012-10-23 17:46:55,-51846,1,45.6930803571,-0.578273809524
2012-10-23 17:46:56,-51845,1,44.7995535714,-0.893526785714
2012-10-23 17:46:57,-51844,1,43.5688244048,-1.23072916667
2012-10-23 17:46:58,-51843,1,41.8972470238,-1.67157738095
2012-10-23 17:46:59,-51842,1,39.7360119048,-2.16123511905
2012-10-23 17:47:00,-51841,1,37.2322172619,-2.50379464286
2012-10-23 17:47:01,-51840,1,34.7186011905,-2.51361607143
2012-10-23 17:47:02,-51839,1,32.5542410714,-2.16436011905
2012-10-23 17:47:03,-51838,1,30.9759672619,-1.57827380952
2012-10-23 17:47:04,-51837,1,30.0567708333,-0.919196428571
2012-10-23 17:47:05,-51836,1,29.7095238095,-0.347247023809
2012-10-23 17:47:06,-51835,1,29.6725446429,-0.0369791666667
2012-10-23 17:47:07,-51834,1,29.506547619,-0.16599702381
2012-10-23 17:47:08,-51833,1,28.6909970238,-0.815550595238
2012-10-23 17:47:09,-51832,1,26.8796130952,-1.81138392857
2012-10-23 17:47:10,-51831,1,24.1420386905,-2.73757440476
2012-10-23 17:47:11,-51830,1,20.8819196429,-3.26011904762
2012-10-23 17:47:12,-51829,1,17.5083333333,-3.37358630952
2012-10-23 17:47:13,-51828,1,14.2697916667,-3.23854166667
2012-10-23 17:47:14,-51827,1,11.3348214286,-2.9349702381
2012-10-23 17:47:15,-51826,1,8.88898809524,-2.44583333333
2012-10-23 17:47:16,-51825,1,7.14583333333,-1.7431547619
2012-10-23 17:47:17,-51824,1,6.24732142857,-0.898511904762
2012-10-23 17:47:18,-51823,1,6.09918154762,-0.148139880952
2012-10-23 17:47:19,-51822,1,6.378125,0.278943452381
2012-10-23 17:47:20,-51821,1,6.75617559524,0.378050595238
2012-10-23 17:47:21,-51820,1,7.0525297619,0.296354166667
2012-10-23 17:47:22,-51819,1,7.2046875,0.152157738095
2012-10-23 17:47:23,-51818,1,7.21361607143,0.00892857142857
2012-10-23 17:47:24,-51817,1,7.11964285714,-0.0939732142857
2012-10-23 17:47:25,-51816,1,6.9875,-0.132142857143
2012-10-23 17:47:26,-51815,1,6.90104166667,-0.0864583333333
2012-10-23 17:47:27,-51814,1,6.93087797619,0.0298363095238
2012-10-23 17:47:28,-51813,1,7.0880952381,0.157217261905
2012-10-23 17:47:29,-51812,1,7.34077380952,0.252678571429
2012-10-23 17:47:30,-51811,1,7.67150297619,0.330729166667
2012-10-23 17:47:31,-51810,1,8.07388392857,0.402380952381
2012-10-23 17:47:32,-51809,1,8.4765625,0.402678571429
2012-10-23 17:47:33,-51808,1,8.71294642857,0.236383928571
2012-10-23 17:47:34,-51807,1,8.62336309524,-0.0895833333333
2012-10-23 17:47:35,-51806,1,8.19069940476,-0.432663690476
2012-10-23 17:47:36,-51805,1,7.54337797619,-0.647321428571
2012-10-23 17:47:37,-51804,1,6.82864583333,-0.714732142857
2012-10-23 17:47:38,-51803,1,6.11666666667,-0.711979166667
2012-10-23 17:47:39,-51802,1,5.43199404762,-0.684672619048
2012-10-23 17:47:40,-51801,1,4.84174107143,-0.59025297619
2012-10-23 17:47:41,-51800,1,4.48370535714,-0.358035714286
2012-10-23 17:47:42,-51799,1,4.48802083333,0.00431547619047
2012-10-23 17:47:43,-51798,1,4.84858630952,0.36056547619
2012-10-23 17:47:44,-51797,1,5.40014880952,0.5515625
2012-10-23 17:47:45,-51796,1,5.95126488095,0.551116071429
2012-10-23 17:47:46,-51795,1,6.39739583333,0.446130952381
2012-10-23 17:47:47,-51794,1,6.709375,0.311979166667
2012-10-23 17:47:48,-51793,1,6.87879464286,0.169419642857
2012-10-23 17:47:49,-51792,1,6.88779761905,0.00900297619048
2012-10-23 17:47:50,-51791,1,6.7459077381,-0.141889880952
2012-10-23 17:47:51,-51790,1,6.55796130952,-0.187946428571
2012-10-23 17:47:52,-51789,1,6.47001488095,-0.0879464285714
2012-10-23 17:47:53,-51788,1,6.51949404762,0.0494791666667
2012-10-23 17:47:54,-51787,1,6.59702380952,0.0775297619048
2012-10-23 17:47:55,-51786,1,6.54625496032,-0.0507688492064
2012-10-23 17:47:56,-51785,1,6.26710069444,-0.279154265873
2012-10-23 17:47:57,-51784,1,5.76056547619,-0.506535218254
2012-10-23 17:47:58,-51783,1,5.11645585317,-0.644109623016
2012-10-23 17:47:59,-51782,1,4.45515873016,-0.661297123016
2012-10-23 17:48:00,-51781,1,3.86860119048,-0.586557539683
2012-10-23 17:48:01,-51780,1,3.39729662698,-0.471304563492
2012-10-23 17:48:02,-51779,1,3.03142361111,-0.365873015873
2012-10-23 17:48:03,-51778,1,2.73072916667,-0.300694444444
2012-10-23 17:48:04,-51777,1,2.46775793651,-0.262971230159
2012-10-23 17:48:05,-51776,1,2.25203373016,-0.215724206349
2012-10-23 17:48:06,-51775,1,2.10572916667,-0.146304563492
2012-10-23 17:48:07,-51774,1,2.0314484127,-0.0742807539683
2012-10-23 17:48:08,-51773,1,2.00750248016,-0.0239459325397
2012-10-23 17:48:09,-51772,1,2.00386904762,-0.00363343253968
2012-10-23 17:48:10,-51771,1,2.00209573413,-0.00177331349207
2012-10-23 17:48:11,-51770,1,1.99995039683,-0.00214533730158
2012-10-23 17:48:12,-51769,1,1.99947916667,-0.00047123015873
2012-10-23 17:48:13,-51768,1,1.99985119048,0.00037202380952
2012-10-23 17:48:14,-51767,1,2.0,0.00014880952381
2012-10-23 17:48:15,-51766,1,2.0,0.0
2012-10-23 17:48:16,-51765,1,2.0,0.0
2012-10-23 17:48:17,-51764,1,1.99955357143,-0.00044642857143
2012-10-23 17:48:18,-51763,1,1.99754464286,-0.00200892857143
2012-10-23 17:48:19,-51762,1,1.99605654762,-0.00148809523809
2012-10-23 17:48:20,-51761,1,2.00610119048,0.0100446428571
2012-10-23 17:48:21,-51760,1,2.0431547619,0.0370535714286
2012-10-23 17:48:22,-51759,1,2.11331845238,0.0701636904762
2012-10-23 17:48:23,-51758,1,2.20548566017,0.0921672077922
2012-10-23 17:48:24,-51757,1,2.29343208874,0.0879464285714
2012-10-23 17:48:25,-51756,1,2.3479099026,0.0544778138528
2012-10-23 17:48:26,-51755,1,2.35949675325,0.0115868506493
2012-10-23 17:48:27,-51754,1,2.35068993506,-0.00880681818182
2012-10-23 17:48:28,-51753,1,2.36026109307,0.00957115800866
2012-10-23 17:48:29,-51752,1,2.41841856061,0.0581574675325
2012-10-23 17:48:30,-51751,1,2.53215638528,0.113737824675
2012-10-23 17:48:31,-51750,1,2.6847267316,0.15257034632
2012-10-23 17:48:32,-51749,1,2.85132575758,0.166599025974
2012-10-23 17:48:33,-51748,1,3.01764069264,0.166314935065
2012-10-23 17:48:34,-51747,1,3.18042478355,0.162784090909
2012-10-23 17:48:35,-51746,1,3.33907602814,0.158651244589
2012-10-23 17:48:36,-51745,1,3.50545183983,0.166375811688
2012-10-23 17:48:37,-51744,1,3.71248647186,0.207034632035
2012-10-23 17:48:38,-51743,1,3.97086715368,0.258380681818
2012-10-23 17:48:39,-51742,1,4.21295319264,0.242086038961
2012-10-23 17:48:40,-51741,1,4.31724161255,0.104288419913
2012-10-23 17:48:41,-51740,1,4.1970508658,-0.120190746753
2012-10-23 17:48:42,-51739,1,3.86957521645,-0.327475649351
2012-10-23 17:48:43,-51738,1,3.45813041126,-0.411444805195
2012-10-23 17:48:44,-51737,1,3.10545183983,-0.352678571429
2012-10-23 17:48:45,-51736,1,2.84196428571,-0.263487554113
2012-10-23 17:48:46,-51735,1,2.5328125,-0.309151785714
2012-10-23 17:48:47,-51734,1,2.00126488095,-0.531547619048
2012-10-23 17:48:48,-51733,1,1.29880952381,-0.702455357143
2012-10-23 17:48:49,-51732,1,0.0,-1.29880952381
2012-10-23 17:49:04,-51717,15,0.0,0.0
2012-10-23 17:49:05,-51716,1,2.47678571429,2.47678571429
2012-10-23 17:49:06,-51715,1,3.98125,1.50446428571
2012-10-23 17:49:07,-51714,1,5.12641369048,1.14516369048
2012-10-23 17:49:08,-51713,1,5.74040178571,0.613988095238
2012-10-23 17:49:09,-51712,1,6.0693452381,0.328943452381
2012-10-23 17:49:10,-51711,1,6.4349702381,0.365625
2012-10-23 17:49:11,-51710,1,6.98169642857,0.546726190476
2012-10-23 17:49:12,-51709,1,7.62276785714,0.641071428571
2012-10-23 17:49:13,-51708,1,8.14181547619,0.519047619048
2012-10-23 17:49:14,-51707,1,8.37991071429,0.238095238095
2012-10-23 17:49:15,-51706,1,8.40461309524,0.0247023809524
2012-10-23 17:49:16,-51705,1,8.53571428571,0.131101190476
2012-10-23 17:49:17,-51704,1,9.18474702381,0.649032738095
2012-10-23 17:49:18,-51703,1,10.6070684524,1.42232142857
2012-10-23 17:49:19,-51702,1,12.7433779762,2.13630952381
2012-10-23 17:49:20,-51701,1,15.2751488095,2.53177083333
2012-10-23 17:49:21,-51700,1,17.8402529762,2.56510416667
2012-10-23 17:49:22,-51699,1,20.2101934524,2.36994047619
2012-10-23 17:49:23,-51698,1,22.3008928571,2.09069940476
2012-10-23 17:49:24,-51697,1,24.0759672619,1.77507440476
2012-10-23 17:49:25,-51696,1,25.4727678571,1.39680059524
2012-10-23 17:49:26,-51695,1,26.4110119048,0.938244047619
2012-10-23 17:49:27,-51694,1,26.8498511905,0.438839285714
2012-10-23 17:49:28,-51693,1,26.7976190476,-0.0522321428572
2012-10-23 17:49:29,-51692,1,26.2220238095,-0.575595238095
2012-10-23 17:49:30,-51691,1,24.9956845238,-1.22633928571
2012-10-23 17:49:31,-51690,1,23.0404761905,-1.95520833333
2012-10-23 17:49:32,-51689,1,20.5283482143,-2.51212797619
2012-10-23 17:49:33,-51688,1,17.828422619,-2.69992559524
2012-10-23 17:49:34,-51687,1,15.1930059524,-2.63541666667
2012-10-23 17:49:35,-51686,1,12.5601934524,-2.6328125
2012-10-23 17:49:36,-51685,1,9.77113095238,-2.7890625
2012-10-23 17:49:37,-51684,1,6.96629464286,-2.80483630952
2012-10-23 17:49:38,-51683,1,4.64635416667,-2.31994047619
2012-10-23 17:49:53,-51668,15,3.28787202381,-0.0905654761905
2012-10-23 17:49:54,-51667,1,2.93616071429,-0.351711309524
2012-10-23 17:49:55,-51666,1,3.20342261905,0.267261904762
2012-10-23 17:49:56,-51665,1,3.62738095238,0.423958333333
2012-10-23 17:49:57,-51664,1,3.9671875,0.339806547619
2012-10-23 17:49:58,-51663,1,4.17098214286,0.203794642857
2012-10-23 17:49:59,-51662,1,4.17098214286,0.0
2012-10-23 17:50:00,-51661,1,3.80483630952,-0.366145833333
2012-10-23 17:50:01,-51660,1,2.96703869048,-0.837797619048
2012-10-23 17:50:02,-51659,1,1.84545386905,-1.12158482143
2012-10-23 17:50:03,-51658,1,0.0,-1.84545386905
2012-10-23 17:51:02,-51599,59,0.0,0.0
2012-10-23 17:51:03,-51598,1,1.03370535714,1.03370535714
2012-10-23 17:51:04,-51597,1,1.53770833333,0.50400297619
2012-10-23 17:51:05,-51596,1,1.85197916667,0.314270833333
2012-10-23 17:51:06,-51595,1,1.94463541667,0.09265625
2012-10-23 17:51:07,-51594,1,1.94488095238,0.00024553571428
2012-10-23 17:51:08,-51593,1,1.9420610119,-0.00281994047619
2012-10-23 17:51:09,-51592,1,1.94925595238,0.00719494047619
2012-10-23 17:51:10,-51591,1,1.95667410714,0.00741815476191
2012-10-23 17:51:11,-51590,1,1.96464285714,0.00796875
2012-10-23 17:51:12,-51589,1,1.98988839286,0.0252455357143
2012-10-23 17:51:13,-51588,1,2.05212797619,0.0622395833333
2012-10-23 17:51:14,-51587,1,2.14087797619,0.08875
2012-10-23 17:51:15,-51586,1,2.21912202381,0.078244047619
2012-10-23 17:51:16,-51585,1,2.29991815476,0.0807961309524
2012-10-23 17:51:17,-51584,1,2.49806547619,0.198147321429
2012-10-23 17:51:18,-51583,1,2.96103422619,0.46296875
2012-10-23 17:51:19,-51582,1,3.78706845238,0.82603422619
2012-10-23 17:51:20,-51581,1,5.05327380952,1.26620535714
2012-10-23 17:51:21,-51580,1,6.84665178571,1.79337797619
2012-10-23 17:51:22,-51579,1,9.19866071429,2.35200892857
2012-10-23 17:51:23,-51578,1,12.0055803571,2.80691964286
2012-10-23 17:51:24,-51577,1,15.0043154762,2.99873511905
2012-10-23 17:51:25,-51576,1,17.8473214286,2.84300595238
2012-10-23 17:51:26,-51575,1,20.2695684524,2.42224702381
2012-10-23 17:51:27,-51574,1,22.1545386905,1.8849702381
2012-10-23 17:51:28,-51573,1,23.4321428571,1.27760416667
2012-10-23 17:51:29,-51572,1,24.0410714286,0.608928571428
2012-10-23 17:51:30,-51571,1,24.0358630952,-0.0052083333333
2012-10-23 17:51:31,-51570,1,23.6477678571,-0.388095238095
2012-10-23 17:51:32,-51569,1,23.2073660714,-0.440401785714
2012-10-23 17:51:33,-51568,1,23.0097470238,-0.197619047619
2012-10-23 17:51:34,-51567,1,23.2100446429,0.200297619048
2012-10-23 17:51:35,-51566,1,23.7891369048,0.579092261905
2012-10-23 17:51:36,-51565,1,24.5895089286,0.80037202381
2012-10-23 17:51:37,-51564,1,25.3914434524,0.80193452381
2012-10-23 17:51:38,-51563,1,25.9808035714,0.589360119048
2012-10-23 17:51:39,-51562,1,26.1802083333,0.199404761905
2012-10-23 17:51:40,-51561,1,25.8615327381,-0.318675595238
2012-10-23 17:51:41,-51560,1,24.951264881,-0.910267857143
2012-10-23 17:51:42,-51559,1,23.4269345238,-1.52433035714
2012-10-23 17:51:43,-51558,1,21.3171875,-2.10974702381
2012-10-23 17:51:44,-51557,1,18.6797619048,-2.63742559524
2012-10-23 17:51:45,-51556,1,15.5463541667,-3.1334077381
2012-10-23 17:51:46,-51555,1,11.9423363095,-3.60401785714
2012-10-23 17:51:47,-51554,1,8.06279761905,-3.87953869048
2012-10-23 17:51:48,-51553,1,4.48727678571,-3.57552083333
2012-10-23 17:51:49,-51552,1,0.0,-4.48727678571
2012-10-23 17:52:22,-51519,33,0.0,0.0
2012-10-23 17:52:23,-51518,1,3.24717261905,3.24717261905
2012-10-23 17:52:24,-51517,1,6.07172619048,2.82455357143
2012-10-23 17:52:25,-51516,1,9.30922619048,3.2375
2012-10-23 17:52:26,-51515,1,12.2530505952,2.94382440476
2012-10-23 17:52:27,-51514,1,14.5433035714,2.29025297619
2012-10-23 17:52:28,-51513,1,16.2320684524,1.68876488095
2012-10-23 17:52:29,-51512,1,17.6848958333,1.45282738095
2012-10-23 17:52:30,-51511,1,19.3316220238,1.64672619048
2012-10-23 17:52:31,-51510,1,21.4220982143,2.09047619048
2012-10-23 17:52:32,-51509,1,23.9431547619,2.52105654762
2012-10-23 17:52:33,-51508,1,26.709672619,2.76651785714
2012-10-23 17:52:34,-51507,1,29.4951636905,2.78549107143
2012-10-23 17:52:35,-51506,1,32.0991815476,2.60401785714
2012-10-23 17:52:36,-51505,1,34.3829613095,2.2837797619
2012-10-23 17:52:37,-51504,1,36.3082589286,1.92529761905
2012-10-23 17:52:38,-51503,1,37.9385416667,1.6302827381
2012-10-23 17:52:39,-51502,1,39.374702381,1.43616071429
2012-10-23 17:52:40,-51501,1,40.6744791667,1.29977678571
2012-10-23 17:52:41,-51500,1,41.8313988095,1.15691964286
2012-10-23 17:52:42,-51499,1,42.821577381,0.990178571429
2012-10-23 17:52:43,-51498,1,43.6563988095,0.834821428571
2012-10-23 17:52:44,-51497,1,44.3921875,0.735788690476
2012-10-23 17:52:45,-51496,1,45.0969494048,0.704761904762
2012-10-23 17:52:46,-51495,1,45.8008928571,0.703943452381
2012-10-23 17:52:47,-51494,1,46.4561011905,0.655208333333
2012-10-23 17:52:48,-51493,1,46.9329613095,0.476860119048
2012-10-23 17:52:49,-51492,1,47.0979910714,0.165029761905
2012-10-23 17:52:50,-51491,1,46.9476934524,-0.150297619048
2012-10-23 17:52:51,-51490,1,46.6451636905,-0.302529761905
2012-10-23 17:52:52,-51489,1,46.3759672619,-0.269196428571
2012-10-23 17:52:53,-51488,1,46.170610119,-0.205357142857
2012-10-23 17:52:54,-51487,1,45.8958333333,-0.274776785714
2012-10-23 17:52:55,-51486,1,45.4375744048,-0.458258928571
2012-10-23 17:52:56,-51485,1,44.8795386905,-0.558035714286
2012-10-23 17:52:57,-51484,1,44.4525297619,-0.427008928571
2012-10-23 17:52:58,-51483,1,44.3075892857,-0.14494047619
2012-10-23 17:52:59,-51482,1,44.3958333333,0.088244047619
2012-10-23 17:53:00,-51481,1,44.5526041667,0.156770833333
2012-10-23 17:53:01,-51480,1,44.6207589286,0.0681547619047
2012-10-23 17:53:02,-51479,1,44.5009672619,-0.119791666667
2012-10-23 17:53:03,-51478,1,44.1649553571,-0.336011904762
2012-10-23 17:53:04,-51477,1,43.6675595238,-0.497395833333
2012-10-23 17:53:05,-51476,1,43.1463541667,-0.521205357143
2012-10-23 17:53:06,-51475,1,42.7787202381,-0.367633928572
2012-10-23 17:53:07,-51474,1,42.6896577381,-0.0890625
2012-10-23 17:53:08,-51473,1,42.8764136905,0.186755952381
2012-10-23 17:53:09,-51472,1,43.207514881,0.331101190476
2012-10-23 17:53:10,-51471,1,43.4669642857,0.259449404762
2012-10-23 17:53:11,-51470,1,43.4189732143,-0.0479910714286
2012-10-23 17:53:12,-51469,1,42.9110863095,-0.507886904762
2012-10-23 17:53:13,-51468,1,41.9874255952,-0.923660714286
2012-10-23 17:53:14,-51467,1,40.914360119,-1.07306547619
2012-10-23 17:53:15,-51466,1,40.0485119048,-0.865848214286
2012-10-23 17:53:16,-51465,1,39.6146577381,-0.433854166667
2012-10-23 17:53:17,-51464,1,39.5654017857,-0.0492559523809
2012-10-23 17:53:18,-51463,1,39.6355654762,0.0701636904762
2012-10-23 17:53:19,-51462,1,39.5386904762,-0.096875
2012-10-23 17:53:20,-51461,1,39.1438244048,-0.394866071429
2012-10-23 17:53:21,-51460,1,38.5064732143,-0.637351190476
2012-10-23 17:53:22,-51459,1,37.7404017857,-0.766071428571
2012-10-23 17:53:23,-51458,1,36.8321428571,-0.908258928571
2012-10-23 17:53:24,-51457,1,35.559672619,-1.2724702381
2012-10-23 17:53:25,-51456,1,33.5753720238,-1.98430059524
2012-10-23 17:53:26,-51455,1,30.5569940476,-3.01837797619
2012-10-23 17:53:27,-51454,1,26.3395089286,-4.21748511905
2012-10-23 17:53:28,-51453,1,21.0308779762,-5.30863095238
2012-10-23 17:53:29,-51452,1,15.0977678571,-5.93311011905
2012-10-23 17:53:30,-51451,1,9.34337797619,-5.75438988095
2012-10-23 17:53:31,-51450,1,4.7375,-4.60587797619
2012-10-23 17:53:32,-51449,1,0.0,-4.7375
2012-10-23 17:53:50,-51431,18,0.0,0.0
2012-10-23 17:53:51,-51430,1,3.79181547619,3.79181547619
2012-10-23 17:53:52,-51429,1,6.93288690476,3.14107142857
2012-10-23 17:53:53,-51428,1,10.4863839286,3.55349702381
2012-10-23 17:53:54,-51427,1,13.9482886905,3.4619047619
2012-10-23 17:53:55,-51426,1,17.2072172619,3.25892857143
2012-10-23 17:53:56,-51425,1,20.3697916667,3.16257440476
2012-10-23 17:53:57,-51424,1,23.5566220238,3.18683035714
2012-10-23 17:53:58,-51423,1,26.7804315476,3.22380952381
2012-10-23 17:53:59,-51422,1,29.9408482143,3.16041666667
2012-10-23 17:54:00,-51421,1,32.8953125,2.95446428571
2012-10-23 17:54:01,-51420,1,35.5380952381,2.6427827381
2012-10-23 17:54:02,-51419,1,37.8441220238,2.30602678571
2012-10-23 17:54:03,-51418,1,39.864360119,2.02023809524
2012-10-23 17:54:04,-51417,1,41.6877232143,1.82336309524
2012-10-23 17:54:05,-51416,1,43.4000744048,1.71235119048
2012-10-23 17:54:06,-51415,1,45.0639136905,1.66383928571
2012-10-23 17:54:07,-51414,1,46.7220238095,1.65811011905
2012-10-23 17:54:08,-51413,1,48.3941220238,1.67209821429
2012-10-23 17:54:09,-51412,1,50.0408482143,1.64672619048
2012-10-23 17:54:10,-51411,1,51.5264136905,1.48556547619
2012-10-23 17:54:11,-51410,1,52.630952381,1.10453869048
2012-10-23 17:54:12,-51409,1,53.1317708333,0.500818452381
2012-10-23 17:54:13,-51408,1,52.9290922619,-0.202678571428
2012-10-23 17:54:14,-51407,1,52.1374255952,-0.791666666667
2012-10-23 17:54:15,-51406,1,51.0414434524,-1.09598214286
2012-10-23 17:54:16,-51405,1,49.9128720238,-1.12857142857
2012-10-23 17:54:17,-51404,1,48.8456845238,-1.0671875
2012-10-23 17:54:18,-51403,1,47.7645089286,-1.08117559524
2012-10-23 17:54:19,-51402,1,46.5694196429,-1.19508928571
2012-10-23 17:54:20,-51401,1,45.2501488095,-1.31927083333
2012-10-23 17:54:21,-51400,1,43.8657738095,-1.384375
2012-10-23 17:54:22,-51399,1,42.4494047619,-1.41636904762
2012-10-23 17:54:23,-51398,1,40.9682291667,-1.48117559524
2012-10-23 17:54:24,-51397,1,39.3585565476,-1.60967261905
2012-10-23 17:54:25,-51396,1,37.5619791667,-1.79657738095
2012-10-23 17:54:26,-51395,1,35.5336309524,-2.02834821429
2012-10-23 17:54:27,-51394,1,33.2373511905,-2.2962797619
2012-10-23 17:54:28,-51393,1,30.647172619,-2.59017857143
2012-10-23 17:54:29,-51392,1,27.7662202381,-2.88095238095
2012-10-23 17:54:30,-51391,1,24.6251488095,-3.14107142857
2012-10-23 17:54:31,-51390,1,21.2299479167,-3.39520089286
2012-10-23 17:54:32,-51389,1,17.5593005952,-3.67064732143
2012-10-23 17:54:33,-51388,1,13.7095610119,-3.84973958333
2012-10-23 17:54:34,-51387,1,10.0158482143,-3.69371279762
2012-10-23 17:54:35,-51386,1,6.92183779762,-3.09401041667
2012-10-23 17:54:36,-51385,1,4.72358630952,-2.1982514881
2012-10-23 17:54:37,-51384,1,3.47938988095,-1.24419642857
2012-10-23 17:54:38,-51383,1,3.15089285714,-0.32849702381
2012-10-23 17:54:39,-51382,1,3.78121279762,0.630319940476
2012-10-23 17:54:40,-51381,1,5.46882440476,1.68761160714
2012-10-23 17:54:41,-51380,1,8.15613839286,2.6873139881
2012-10-23 17:54:42,-51379,1,11.528422619,3.37228422619
2012-10-23 17:54:43,-51378,1,15.1874627976,3.65904017857
2012-10-23 17:54:44,-51377,1,18.8929315476,3.70546875
2012-10-23 17:54:45,-51376,1,22.5894345238,3.69650297619
2012-10-23 17:54:46,-51375,1,26.268452381,3.67901785714
2012-10-23 17:54:47,-51374,1,29.9011160714,3.63266369048
2012-10-23 17:54:48,-51373,1,33.4706845238,3.56956845238
2012-10-23 17:54:49,-51372,1,36.9963541667,3.52566964286
2012-10-23 17:54:50,-51371,1,40.5060267857,3.50967261905
2012-10-23 17:54:51,-51370,1,43.9688988095,3.46287202381
2012-10-23 17:54:52,-51369,1,47.2503720238,3.28147321429
2012-10-23 17:54:53,-51368,1,50.1439732143,2.89360119048
2012-10-23 17:54:54,-51367,1,52.4536458333,2.30967261905
2012-10-23 17:54:55,-51366,1,54.0807291667,1.62708333333
2012-10-23 17:54:56,-51365,1,55.0696428571,0.988913690476
2012-10-23 17:54:57,-51364,1,55.5706845238,0.501041666667
2012-10-23 17:54:58,-51363,1,55.751264881,0.180580357143
2012-10-23 17:54:59,-51362,1,55.7329613095,-0.0183035714286
2012-10-23 17:55:00,-51361,1,55.5894345238,-0.143526785714
2012-10-23 17:55:01,-51360,1,55.3779761905,-0.211458333333
2012-10-23 17:55:02,-51359,1,55.1603422619,-0.217633928571
2012-10-23 17:55:03,-51358,1,55.0014136905,-0.158928571429
2012-10-23 17:55:04,-51357,1,54.9561755952,-0.0452380952381
2012-10-23 17:55:05,-51356,1,55.0558779762,0.0997023809524
2012-10-23 17:55:06,-51355,1,55.3091517857,0.253273809524
2012-10-23 17:55:07,-51354,1,55.7091517857,0.4
2012-10-23 17:55:08,-51353,1,56.2178571429,0.508705357143
2012-10-23 17:55:09,-51352,1,56.7476934524,0.529836309524
2012-10-23 17:55:10,-51351,1,57.173139881,0.425446428571
2012-10-23 17:55:11,-51350,1,57.3286458333,0.155505952381
2012-10-23 17:55:12,-51349,1,56.9725446429,-0.356101190476
2012-10-23 17:55:13,-51348,1,55.7982886905,-1.17425595238
2012-10-23 17:55:14,-51347,1,53.5306547619,-2.26763392857
2012-10-23 17:55:15,-51346,1,50.0901785714,-3.44047619048
2012-10-23 17:55:16,-51345,1,45.7941964286,-4.29598214286
2012-10-23 17:55:17,-51344,1,41.3787202381,-4.41547619048
2012-10-23 17:55:18,-51343,1,37.6171130952,-3.76160714286
2012-10-23 17:55:19,-51342,1,34.7305803571,-2.8865327381
2012-10-23 17:55:20,-51341,1,32.0777901786,-2.65279017857
2012-10-23 17:55:21,-51340,1,28.492875744,-3.58491443452
2012-10-23 17:55:22,-51339,1,23.2108258929,-5.28204985119
2012-10-23 17:55:23,-51338,1,16.6626302083,-6.54819568452
2012-10-23 17:55:24,-51337,1,10.3064360119,-6.35619419643
2012-10-23 17:55:25,-51336,1,5.59916294643,-4.70727306548
2012-10-23 17:55:26,-51335,1,3.11484375,-2.48431919643
2012-10-23 17:55:27,-51334,1,2.55498511905,-0.559858630952
2012-10-23 17:55:28,-51333,1,3.40152529762,0.846540178571
2012-10-23 17:55:29,-51332,1,5.40463169643,2.00310639881
2012-10-23 17:55:30,-51331,1,8.49334077381,3.08870907738
2012-10-23 17:55:31,-51330,1,12.4218936012,3.92855282738
2012-10-23 17:55:32,-51329,1,16.6600818452,4.23818824405
2012-10-23 17:55:33,-51328,1,20.6401599702,3.980078125
2012-10-23 17:55:34,-51327,1,24.0329241071,3.3927641369
2012-10-23 17:55:35,-51326,1,26.7733630952,2.7404389881
2012-10-23 17:55:36,-51325,1,28.9444196429,2.17105654762
2012-10-23 17:55:37,-51324,1,30.7011160714,1.75669642857
2012-10-23 17:55:38,-51323,1,32.2078125,1.50669642857
2012-10-23 17:55:39,-51322,1,33.5563244048,1.34851190476
2012-10-23 17:55:40,-51321,1,34.7369791667,1.1806547619
2012-10-23 17:55:41,-51320,1,35.6899553571,0.952976190476
2012-10-23 17:55:42,-51319,1,36.3754464286,0.685491071429
2012-10-23 17:55:43,-51318,1,36.8023065476,0.426860119048
2012-10-23 17:55:44,-51317,1,37.0102678571,0.207961309524
2012-10-23 17:55:45,-51316,1,37.050297619,0.0400297619047
2012-10-23 17:55:46,-51315,1,37.016889881,-0.0334077380952
2012-10-23 17:55:47,-51314,1,37.097172619,0.0802827380952
2012-10-23 17:55:48,-51313,1,37.5232142857,0.426041666667
2012-10-23 17:55:49,-51312,1,38.4299107143,0.906696428571
2012-10-23 17:55:50,-51311,1,39.7553571429,1.32544642857
2012-10-23 17:55:51,-51310,1,41.2592261905,1.50386904762
2012-10-23 17:55:52,-51309,1,42.6120535714,1.35282738095
2012-10-23 17:55:53,-51308,1,43.4636160714,0.8515625
2012-10-23 17:55:54,-51307,1,43.4661458333,0.0025297619047
2012-10-23 17:55:55,-51306,1,42.3302083333,-1.1359375
2012-10-23 17:55:56,-51305,1,39.9350446429,-2.39516369048
2012-10-23 17:55:57,-51304,1,36.3929315476,-3.54211309524
2012-10-23 17:55:58,-51303,1,32.001860119,-4.39107142857
2012-10-23 17:55:59,-51302,1,27.1303571429,-4.87150297619
2012-10-23 17:56:00,-51301,1,22.1163876488,-5.01396949405
2012-10-23 17:56:01,-51300,1,17.2320405506,-4.88434709821
2012-10-23 17:56:02,-51299,1,12.7164248512,-4.5156156994
2012-10-23 17:56:03,-51298,1,8.82685081845,-3.88957403274
2012-10-23 17:56:04,-51297,1,5.82053571429,-3.00631510417
2012-10-23 17:56:05,-51296,1,3.84665178571,-1.97388392857
2012-10-23 17:56:06,-51295,1,2.84501488095,-1.00163690476
2012-10-23 17:56:07,-51294,1,2.54627046131,-0.298744419643
2012-10-23 17:56:08,-51293,1,2.58671875,0.0404482886905
2012-10-23 17:56:09,-51292,1,2.67157738095,0.0848586309524
2012-10-23 17:56:10,-51291,1,2.71752232143,0.0459449404762
2012-10-23 17:56:11,-51290,1,2.9525390625,0.235016741071
2012-10-23 17:56:12,-51289,1,3.85967261905,0.907133556548
2012-10-23 17:56:13,-51288,1,5.87581845238,2.01614583333
2012-10-23 17:56:14,-51287,1,9.07105654762,3.19523809524
2012-10-23 17:56:15,-51286,1,13.0921968006,4.02114025298
2012-10-23 17:56:16,-51285,1,17.3911644345,4.29896763393
2012-10-23 17:56:17,-51284,1,21.5552362351,4.1640718006
2012-10-23 17:56:18,-51283,1,25.443061756,3.88782552083
2012-10-23 17:56:19,-51282,1,29.0337797619,3.59071800595
2012-10-23 17:56:20,-51281,1,32.2785714286,3.24479166667
2012-10-23 17:56:21,-51280,1,35.1385416667,2.8599702381
2012-10-23 17:56:22,-51279,1,37.6473958333,2.50885416667
2012-10-23 17:56:23,-51278,1,39.8604166667,2.21302083333
2012-10-23 17:56:24,-51277,1,41.7616815476,1.90126488095
2012-10-23 17:56:25,-51276,1,43.2607142857,1.4990327381
2012-10-23 17:56:26,-51275,1,44.2781994048,1.01748511905
2012-10-23 17:56:27,-51274,1,44.7986607143,0.520461309524
2012-10-23 17:56:28,-51273,1,44.8489583333,0.0502976190476
2012-10-23 17:56:29,-51272,1,44.4530505952,-0.395907738095
2012-10-23 17:56:30,-51271,1,43.6053571429,-0.847693452381
2012-10-23 17:56:31,-51270,1,42.3339285714,-1.27142857143
2012-10-23 17:56:32,-51269,1,40.8351190476,-1.49880952381
2012-10-23 17:56:33,-51268,1,39.4896577381,-1.34546130952
2012-10-23 17:56:34,-51267,1,38.6976190476,-0.792038690476
2012-10-23 17:56:35,-51266,1,38.6892113095,-0.0084077380952
2012-10-23 17:56:36,-51265,1,39.4273065476,0.738095238095
2012-10-23 17:56:37,-51264,1,40.6285714286,1.20126488095
2012-10-23 17:56:38,-51263,1,41.8782738095,1.24970238095
2012-10-23 17:56:39,-51262,1,42.7602678571,0.881994047619
2012-10-23 17:56:40,-51261,1,42.9810267857,0.220758928571
2012-10-23 17:56:41,-51260,1,42.4668154762,-0.514211309524
2012-10-23 17:56:42,-51259,1,41.3415922619,-1.12522321429
2012-10-23 17:56:43,-51258,1,39.7897321429,-1.55186011905
2012-10-23 17:56:44,-51257,1,37.9266369048,-1.8630952381
2012-10-23 17:56:45,-51256,1,35.8151785714,-2.11145833333
2012-10-23 17:56:46,-51255,1,33.646875,-2.16830357143
2012-10-23 17:56:47,-51254,1,31.8415922619,-1.8052827381
2012-10-23 17:56:48,-51253,1,30.8689732143,-0.972619047619
2012-10-23 17:56:49,-51252,1,30.9616071429,0.0926339285714
2012-10-23 17:56:50,-51251,1,31.9567708333,0.995163690476
2012-10-23 17:56:51,-51250,1,33.3601934524,1.40342261905
2012-10-23 17:56:52,-51249,1,34.6161458333,1.25595238095
2012-10-23 17:56:53,-51248,1,35.3873511905,0.771205357143
2012-10-23 17:56:54,-51247,1,35.6404017857,0.253050595238
2012-10-23 17:56:55,-51246,1,35.5329613095,-0.107440476191
2012-10-23 17:56:56,-51245,1,35.203125,-0.329836309524
2012-10-23 17:56:57,-51244,1,34.6157738095,-0.587351190476
2012-10-23 17:56:58,-51243,1,33.6000744048,-1.01569940476
2012-10-23 17:56:59,-51242,1,32.0160714286,-1.58400297619
2012-10-23 17:57:00,-51241,1,29.8813988095,-2.13467261905
2012-10-23 17:57:01,-51240,1,27.365327381,-2.51607142857
2012-10-23 17:57:02,-51239,1,24.6697172619,-2.69561011905
2012-10-23 17:57:03,-51238,1,21.9304315476,-2.73928571429
2012-10-23 17:57:04,-51237,1,19.2371279762,-2.69330357143
2012-10-23 17:57:05,-51236,1,16.6785714286,-2.55855654762
2012-10-23 17:57:06,-51235,1,14.2960565476,-2.38251488095
2012-10-23 17:57:07,-51234,1,11.9889880952,-2.30706845238
2012-10-23 17:57:08,-51233,1,9.51912202381,-2.46986607143
2012-10-23 17:57:09,-51232,1,6.73370535714,-2.78541666667
2012-10-23 17:57:10,-51231,1,3.92261904762,-2.81108630952
2012-10-23 17:57:11,-51230,1,0.0,-3.92261904762
2012-10-23 17:58:28,-51153,77,0.0,0.0
2012-10-23 17:58:29,-51152,1,2.45863095238,2.45863095238
2012-10-23 17:58:30,-51151,1,4.6931547619,2.23452380952
2012-10-23 17:58:31,-51150,1,7.39888392857,2.70572916667
2012-10-23 17:58:32,-51149,1,10.0194196429,2.62053571429
2012-10-23 17:58:33,-51148,1,12.1372767857,2.11785714286
2012-10-23 17:58:34,-51147,1,13.5813988095,1.44412202381
2012-10-23 17:58:35,-51146,1,14.5658482143,0.984449404762
2012-10-23 17:58:36,-51145,1,15.5603422619,0.994494047619
2012-10-23 17:58:37,-51144,1,16.8871279762,1.32678571429
2012-10-23 17:58:38,-51143,1,18.4242559524,1.53712797619
2012-10-23 17:58:39,-51142,1,19.6970238095,1.27276785714
2012-10-23 17:58:40,-51141,1,20.2435267857,0.546502976191
2012-10-23 17:58:41,-51140,1,19.9169642857,-0.3265625
2012-10-23 17:58:42,-51139,1,18.9247767857,-0.9921875
2012-10-23 17:58:43,-51138,1,17.7052827381,-1.21949404762
2012-10-23 17:58:44,-51137,1,16.8160714286,-0.889211309524
2012-10-23 17:58:45,-51136,1,16.8186755952,0.0026041666667
2012-10-23 17:58:46,-51135,1,18.0774553571,1.2587797619
2012-10-23 17:58:47,-51134,1,20.5586309524,2.48117559524
2012-10-23 17:58:48,-51133,1,23.8185267857,3.25989583333
2012-10-23 17:58:49,-51132,1,27.2446428571,3.42611607143
2012-10-23 17:58:50,-51131,1,30.3743303571,3.1296875
2012-10-23 17:58:51,-51130,1,33.0383928571,2.6640625
2012-10-23 17:58:52,-51129,1,35.2855654762,2.24717261905
2012-10-23 17:58:53,-51128,1,37.2408482143,1.9552827381
2012-10-23 17:58:54,-51127,1,39.0113095238,1.77046130952
2012-10-23 17:58:55,-51126,1,40.6538690476,1.64255952381
2012-10-23 17:58:56,-51125,1,42.1924107143,1.53854166667
2012-10-23 17:58:57,-51124,1,43.65,1.45758928571
2012-10-23 17:58:58,-51123,1,45.0494791667,1.39947916667
2012-10-23 17:58:59,-51122,1,46.390327381,1.34084821429
2012-10-23 17:59:00,-51121,1,47.6523809524,1.26205357143
2012-10-23 17:59:01,-51120,1,48.8224702381,1.17008928571
2012-10-23 17:59:02,-51119,1,49.8929315476,1.07046130952
2012-10-23 17:59:03,-51118,1,50.8252232143,0.932291666667
2012-10-23 17:59:04,-51117,1,51.5233630952,0.698139880952
2012-10-23 17:59:05,-51116,1,51.8616071429,0.338244047619
2012-10-23 17:59:06,-51115,1,51.7616071429,-0.1
2012-10-23 17:59:07,-51114,1,51.2279017857,-0.533705357143
2012-10-23 17:59:08,-51113,1,50.241889881,-0.986011904762
2012-10-23 17:59:09,-51112,1,48.5882440476,-1.65364583333
2012-10-23 17:59:10,-51111,1,45.859077381,-2.72916666667
2012-10-23 17:59:11,-51110,1,41.7664434524,-4.09263392857
2012-10-23 17:59:12,-51109,1,36.553125,-5.21331845238
2012-10-23 17:59:13,-51108,1,31.0689732143,-5.48415178571
2012-10-23 17:59:14,-51107,1,26.3030505952,-4.76592261905
2012-10-23 17:59:15,-51106,1,22.7561755952,-3.546875
2012-10-23 17:59:16,-51105,1,20.2821428571,-2.4740327381
2012-10-23 17:59:17,-51104,1,18.4939732143,-1.78816964286
2012-10-23 17:59:18,-51103,1,17.2113839286,-1.28258928571
2012-10-23 17:59:19,-51102,1,16.4662946429,-0.745089285714
2012-10-23 17:59:20,-51101,1,16.1470982143,-0.319196428571
2012-10-23 17:59:21,-51100,1,15.800297619,-0.346800595238
2012-10-23 17:59:22,-51099,1,14.8958333333,-0.904464285714
2012-10-23 17:59:23,-51098,1,13.2529017857,-1.64293154762
2012-10-23 17:59:24,-51097,1,11.1508184524,-2.10208333333
2012-10-23 17:59:25,-51096,1,9.0834077381,-2.06741071429
2012-10-23 17:59:26,-51095,1,7.47946428571,-1.60394345238
2012-10-23 17:59:27,-51094,1,6.61108630952,-0.86837797619
2012-10-23 17:59:28,-51093,1,6.6421875,0.0311011904762
2012-10-23 17:59:29,-51092,1,7.66904761905,1.02686011905
2012-10-23 17:59:30,-51091,1,9.67604166667,2.00699404762
2012-10-23 17:59:31,-51090,1,12.4738839286,2.7978422619
2012-10-23 17:59:32,-51089,1,15.734375,3.26049107143
2012-10-23 17:59:33,-51088,1,19.0636904762,3.32931547619
2012-10-23 17:59:34,-51087,1,21.9898809524,2.92619047619
2012-10-23 17:59:35,-51086,1,23.9656994048,1.97581845238
2012-10-23 17:59:36,-51085,1,24.5488095238,0.583110119048
2012-10-23 17:59:37,-51084,1,23.6810267857,-0.867782738095
2012-10-23 17:59:38,-51083,1,21.846875,-1.83415178571
2012-10-23 17:59:39,-51082,1,19.940625,-1.90625
2012-10-23 17:59:40,-51081,1,18.8413690476,-1.09925595238
2012-10-23 17:59:41,-51080,1,18.9763392857,0.134970238095
2012-10-23 17:59:42,-51079,1,20.212797619,1.23645833333
2012-10-23 17:59:43,-51078,1,22.0724702381,1.85967261905
2012-10-23 17:59:44,-51077,1,23.9901041667,1.91763392857
2012-10-23 17:59:45,-51076,1,25.4744791667,1.484375
2012-10-23 17:59:46,-51075,1,26.1915178571,0.717038690476
2012-10-23 17:59:47,-51074,1,25.9488095238,-0.242708333333
2012-10-23 17:59:48,-51073,1,24.6345982143,-1.31421130952
2012-10-23 17:59:49,-51072,1,22.2944940476,-2.34010416667
2012-10-23 17:59:50,-51071,1,19.3264136905,-2.96808035714
2012-10-23 17:59:51,-51070,1,16.5058779762,-2.82053571429
2012-10-23 17:59:52,-51069,1,14.693452381,-1.81242559524
2012-10-23 17:59:53,-51068,1,14.3868303571,-0.306622023809
2012-10-23 17:59:54,-51067,1,15.4188988095,1.03206845238
2012-10-23 17:59:55,-51066,1,17.0655505952,1.64665178571
2012-10-23 17:59:56,-51065,1,18.5124255952,1.446875
2012-10-23 17:59:57,-51064,1,19.2698660714,0.75744047619
2012-10-23 17:59:58,-51063,1,19.2847470238,0.0148809523809
2012-10-23 17:59:59,-51062,1,18.8656994048,-0.419047619048
2012-10-23 18:00:00,-51061,1,18.5006696429,-0.365029761905
2012-10-23 18:00:01,-51060,1,18.5625744048,0.0619047619048
2012-10-23 18:00:02,-51059,1,19.0632440476,0.500669642857
2012-10-23 18:00:03,-51058,1,19.6417410714,0.57849702381
2012-10-23 18:00:04,-51057,1,19.8088541667,0.167113095238
2012-10-23 18:00:05,-51056,1,19.2894345238,-0.519419642857
2012-10-23 18:00:06,-51055,1,18.1618303571,-1.12760416667
2012-10-23 18:00:07,-51054,1,16.6514136905,-1.51041666667
2012-10-23 18:00:08,-51053,1,14.8473214286,-1.8040922619
2012-10-23 18:00:09,-51052,1,12.6969494048,-2.15037202381
2012-10-23 18:00:10,-51051,1,10.2558779762,-2.44107142857
2012-10-23 18:00:11,-51050,1,7.85491071429,-2.4009672619
2012-10-23 18:00:12,-51049,1,5.94322916667,-1.91168154762
2012-10-23 18:00:13,-51048,1,4.74933035714,-1.19389880952
2012-10-23 18:00:14,-51047,1,4.13921130952,-0.610119047619
2012-10-23 18:00:15,-51046,1,3.8005952381,-0.338616071429
2012-10-23 18:00:16,-51045,1,3.47641369048,-0.324181547619
2012-10-23 18:00:17,-51044,1,3.00639880952,-0.470014880952
2012-10-23 18:00:18,-51043,1,2.29799107143,-0.708407738095
2012-10-23 18:00:19,-51042,1,1.4703125,-0.827678571429
2012-10-23 18:00:20,-51041,1,0.0,-1.4703125
