timestamp,cycle_sec,timestep,speed_mph,accel_meters_ps
2012-07-18 15:13:28,0,64990,0.0,0.0
2012-07-18 15:13:29,1,1,2.41525297619,2.41525297619
2012-07-18 15:13:30,2,1,3.96770833333,1.55245535714
2012-07-18 15:13:31,3,1,5.37254464286,1.40483630952
2012-07-18 15:13:32,4,1,6.5005952381,1.12805059524
2012-07-18 15:13:33,5,1,7.44248511905,0.941889880952
2012-07-18 15:13:34,6,1,8.21123511905,0.76875
2012-07-18 15:13:35,7,1,8.69144345238,0.480208333333
2012-07-18 15:13:36,8,1,8.78511904762,0.0936755952381
2012-07-18 15:13:37,9,1,8.53258928571,-0.252529761905
2012-07-18 15:13:38,10,1,8.13586309524,-0.396726190476
2012-07-18 15:13:39,11,1,7.89895833333,-0.236904761905
2012-07-18 15:13:40,12,1,8.08563988095,0.186681547619
2012-07-18 15:13:41,13,1,8.76852678571,0.682886904762
2012-07-18 15:13:42,14,1,9.7790922619,1.01056547619
2012-07-18 15:13:43,15,1,10.7868303571,1.00773809524
2012-07-18 15:13:44,16,1,11.4580357143,0.671205357143
2012-07-18 15:13:45,17,1,11.59375,0.135714285714
2012-07-18 15:13:46,18,1,11.1603422619,-0.433407738095
2012-07-18 15:13:47,19,1,10.2517113095,-0.908630952381
2012-07-18 15:13:48,20,1,9.09233630952,-1.159375
2012-07-18 15:13:49,21,1,8.06904761905,-1.02328869048
2012-07-18 15:13:50,22,1,7.66555059524,-0.40349702381
2012-07-18 15:13:51,23,1,8.27388392857,0.608333333333
2012-07-18 15:13:52,24,1,9.99880952381,1.72492559524
2012-07-18 15:13:53,25,1,12.5504464286,2.55163690476
2012-07-18 15:13:54,26,1,15.2813244048,2.73087797619
2012-07-18 15:13:55,27,1,17.4392857143,2.15796130952
2012-07-18 15:13:56,28,1,18.5545386905,1.11525297619
2012-07-18 15:13:57,29,1,18.6610863095,0.106547619048
2012-07-18 15:13:58,30,1,18.1679315476,-0.493154761905
2012-07-18 15:13:59,31,1,17.5323660714,-0.63556547619
2012-07-18 15:14:00,32,1,17.0314732143,-0.500892857143
2012-07-18 15:14:01,33,1,16.7811755952,-0.250297619048
2012-07-18 15:14:02,34,1,16.8627232143,0.0815476190476
2012-07-18 15:14:03,35,1,17.312202381,0.449479166667
2012-07-18 15:14:04,36,1,17.9897321429,0.677529761905
2012-07-18 15:14:05,37,1,18.58125,0.591517857143
2012-07-18 15:14:06,38,1,18.8148809524,0.233630952381
2012-07-18 15:14:07,39,1,18.6545386905,-0.160342261905
2012-07-18 15:14:08,40,1,18.2451636905,-0.409375
2012-07-18 15:14:09,41,1,17.6966517857,-0.548511904762
2012-07-18 15:14:10,42,1,16.9408978175,-0.755753968254
2012-07-18 15:14:11,43,1,15.7509176587,-1.18998015873
2012-07-18 15:14:12,44,1,13.9042410714,-1.8466765873
2012-07-18 15:14:13,45,1,11.4351190476,-2.46912202381
2012-07-18 15:14:14,46,1,8.75907738095,-2.67604166667
2012-07-18 15:14:15,47,1,6.5009672619,-2.25811011905
2012-07-18 15:14:16,48,1,5.19923115079,-1.30173611111
2012-07-18 15:14:17,49,1,5.10017361111,-0.0990575396825
2012-07-18 15:14:18,50,1,6.09680059524,0.996626984127
2012-07-18 15:14:19,51,1,7.85193452381,1.75513392857
2012-07-18 15:14:20,52,1,9.98348214286,2.13154761905
2012-07-18 15:14:21,53,1,12.1308779762,2.14739583333
2012-07-18 15:14:22,54,1,13.9923115079,1.86143353175
2012-07-18 15:14:23,55,1,15.4147569444,1.42244543651
2012-07-18 15:14:24,56,1,16.4119791667,0.997222222222
2012-07-18 15:14:25,57,1,17.0854166667,0.6734375
2012-07-18 15:14:26,58,1,17.5464285714,0.461011904762
2012-07-18 15:14:27,59,1,17.8710565476,0.32462797619
2012-07-18 15:14:28,60,1,18.0898065476,0.21875
2012-07-18 15:14:29,61,1,18.218452381,0.128645833333
2012-07-18 15:14:30,62,1,18.2827380952,0.0642857142857
2012-07-18 15:14:31,63,1,18.3009672619,0.0182291666667
2012-07-18 15:14:32,64,1,18.2660714286,-0.0348958333334
2012-07-18 15:14:33,65,1,18.1681547619,-0.0979166666666
2012-07-18 15:14:34,66,1,18.0371279762,-0.131026785714
2012-07-18 15:14:35,67,1,17.9490327381,-0.0880952380953
2012-07-18 15:14:36,68,1,17.9683779762,0.0193452380953
2012-07-18 15:14:37,69,1,18.0873511905,0.118973214286
2012-07-18 15:14:38,70,1,18.2269345238,0.139583333333
2012-07-18 15:14:39,71,1,18.273735119,0.0468005952381
2012-07-18 15:14:40,72,1,18.1263392857,-0.147395833333
2012-07-18 15:14:41,73,1,17.7470238095,-0.379315476191
2012-07-18 15:14:42,74,1,17.1662202381,-0.580803571429
2012-07-18 15:14:43,75,1,16.434672619,-0.731547619048
2012-07-18 15:14:44,76,1,15.587797619,-0.846875
2012-07-18 15:14:45,77,1,14.6289434524,-0.958854166667
2012-07-18 15:14:46,78,1,13.5235863095,-1.10535714286
2012-07-18 15:14:47,79,1,12.2185267857,-1.30505952381
2012-07-18 15:14:48,80,1,10.6558779762,-1.56264880952
2012-07-18 15:14:49,81,1,8.80758928571,-1.84828869048
2012-07-18 15:14:50,82,1,6.7912202381,-2.01636904762
2012-07-18 15:14:51,83,1,4.93712797619,-1.8540922619
2012-07-18 15:14:52,84,1,3.64345238095,-1.29367559524
2012-07-18 15:14:53,85,1,3.12604166667,-0.517410714286
2012-07-18 15:14:54,86,1,3.28467261905,0.158630952381
2012-07-18 15:14:55,87,1,3.77797619048,0.493303571429
2012-07-18 15:14:56,88,1,4.24657738095,0.468601190476
2012-07-18 15:14:57,89,1,4.49025297619,0.243675595238
2012-07-18 15:14:58,90,1,4.46986607143,-0.0203869047619
2012-07-18 15:14:59,91,1,4.25066964286,-0.219196428571
2012-07-18 15:15:00,92,1,4.0084077381,-0.242261904762
2012-07-18 15:15:01,93,1,4.01741071429,0.00900297619047
2012-07-18 15:15:02,94,1,4.53891369048,0.52150297619
2012-07-18 15:15:03,95,1,5.67254464286,1.13363095238
2012-07-18 15:15:04,96,1,7.27477678571,1.60223214286
2012-07-18 15:15:05,97,1,9.00595238095,1.73117559524
2012-07-18 15:15:06,98,1,10.4857886905,1.47983630952
2012-07-18 15:15:07,99,1,11.4478422619,0.962053571429
2012-07-18 15:15:08,100,1,11.8046875,0.356845238095
2012-07-18 15:15:09,101,1,11.621577381,-0.183110119048
2012-07-18 15:15:10,102,1,11.0302083333,-0.591369047619
2012-07-18 15:15:11,103,1,10.1558035714,-0.874404761905
2012-07-18 15:15:12,104,1,9.12693452381,-1.02886904762
2012-07-18 15:15:13,105,1,8.10580357143,-1.02113095238
2012-07-18 15:15:14,106,1,7.25133928571,-0.854464285714
2012-07-18 15:15:15,107,1,6.65208333333,-0.599255952381
2012-07-18 15:15:16,108,1,6.29211309524,-0.359970238095
2012-07-18 15:15:17,109,1,6.08683035714,-0.205282738095
2012-07-18 15:15:18,110,1,5.99069940476,-0.096130952381
2012-07-18 15:15:19,111,1,6.05907738095,0.0683779761905
2012-07-18 15:15:20,112,1,6.37537202381,0.316294642857
2012-07-18 15:15:21,113,1,6.94107142857,0.565699404762
2012-07-18 15:15:22,114,1,7.63035714286,0.689285714286
2012-07-18 15:15:23,115,1,8.21867559524,0.588318452381
2012-07-18 15:15:24,116,1,8.48474702381,0.266071428571
2012-07-18 15:15:25,117,1,8.33422619048,-0.150520833333
2012-07-18 15:15:26,118,1,7.85357142857,-0.480654761905
2012-07-18 15:15:27,119,1,7.26235119048,-0.591220238095
2012-07-18 15:15:28,120,1,6.7828125,-0.479538690476
2012-07-18 15:15:29,121,1,6.49724702381,-0.28556547619
2012-07-18 15:15:30,122,1,6.31160714286,-0.185639880952
2012-07-18 15:15:31,123,1,6.06324404762,-0.248363095238
2012-07-18 15:15:32,124,1,5.67388392857,-0.389360119048
2012-07-18 15:15:33,125,1,5.21569940476,-0.45818452381
2012-07-18 15:15:34,126,1,4.83482142857,-0.38087797619
2012-07-18 15:15:35,127,1,4.59657738095,-0.238244047619
2012-07-18 15:15:36,128,1,4.3828125,-0.213764880952
2012-07-18 15:15:37,129,1,3.93511904762,-0.447693452381
2012-07-18 15:15:38,130,1,3.06212797619,-0.872991071429
2012-07-18 15:15:39,131,1,1.90803571429,-1.1540922619
2012-07-18 15:15:40,132,1,0.0,-1.90803571429
2012-07-18 16:11:30,3482,3350,0.0,0.0
2012-07-18 16:11:31,3483,1,1.2556547619,1.2556547619
2012-07-18 16:11:32,3484,1,2.05967261905,0.804017857143
2012-07-18 16:11:33,3485,1,2.921875,0.862202380952
2012-07-18 16:11:34,3486,1,3.89553571429,0.973660714286
2012-07-18 16:11:35,3487,1,5.12946428571,1.23392857143
2012-07-18 16:11:36,3488,1,6.62626488095,1.49680059524
2012-07-18 16:11:37,3489,1,8.20677083333,1.58050595238
2012-07-18 16:11:38,3490,1,9.56956845238,1.36279761905
2012-07-18 16:11:39,3491,1,10.3427083333,0.773139880952
2012-07-18 16:11:40,3492,1,10.2052827381,-0.137425595238
2012-07-18 16:11:41,3493,1,9.09836309524,-1.10691964286
2012-07-18 16:11:42,3494,1,7.35148809524,-1.746875
2012-07-18 16:11:43,3495,1,5.54345238095,-1.80803571429
2012-07-18 16:11:44,3496,1,4.15238095238,-1.39107142857
2012-07-18 16:11:45,3497,1,3.30104166667,-0.851339285714
2012-07-18 16:11:46,3498,1,2.81648065476,-0.484561011905
2012-07-18 16:11:47,3499,1,2.48072916667,-0.335751488095
2012-07-18 16:11:48,3500,1,2.21212797619,-0.268601190476
2012-07-18 16:11:49,3501,1,2.06525297619,-0.146875
2012-07-18 16:11:50,3502,1,2.11953125,0.0542782738095
2012-07-18 16:11:51,3503,1,2.39285714286,0.273325892857
2012-07-18 16:11:52,3504,1,2.84274553571,0.449888392857
2012-07-18 16:11:53,3505,1,3.40662202381,0.563876488095
2012-07-18 16:11:54,3506,1,4.02328869048,0.616666666667
2012-07-18 16:11:55,3507,1,4.63571428571,0.612425595238
2012-07-18 16:11:56,3508,1,5.19177827381,0.556063988095
2012-07-18 16:11:57,3509,1,5.65617559524,0.464397321429
2012-07-18 16:11:58,3510,1,6.03742559524,0.38125
2012-07-18 16:11:59,3511,1,6.38950892857,0.352083333333
2012-07-18 16:12:00,3512,1,6.77455357143,0.385044642857
2012-07-18 16:12:01,3513,1,7.24657738095,0.472023809524
2012-07-18 16:12:02,3514,1,7.86592261905,0.619345238095
2012-07-18 16:12:03,3515,1,8.67648809524,0.81056547619
2012-07-18 16:12:04,3516,1,9.60982142857,0.933333333333
2012-07-18 16:12:05,3517,1,10.3882440476,0.778422619048
2012-07-18 16:12:06,3518,1,10.588764881,0.200520833333
2012-07-18 16:12:07,3519,1,9.90714285714,-0.68162202381
2012-07-18 16:12:08,3520,1,8.40818452381,-1.49895833333
2012-07-18 16:12:09,3521,1,6.5306547619,-1.8775297619
2012-07-18 16:12:10,3522,1,4.8415922619,-1.6890625
2012-07-18 16:12:11,3523,1,3.74694940476,-1.09464285714
2012-07-18 16:12:12,3524,1,3.39925595238,-0.347693452381
2012-07-18 16:12:13,3525,1,3.83504464286,0.435788690476
2012-07-18 16:12:14,3526,1,5.12901785714,1.29397321429
2012-07-18 16:12:15,3527,1,7.37857142857,2.24955357143
2012-07-18 16:12:16,3528,1,10.5537946429,3.17522321429
2012-07-18 16:12:17,3529,1,14.3598958333,3.80610119048
2012-07-18 16:12:18,3530,1,18.2282738095,3.86837797619
2012-07-18 16:12:19,3531,1,21.4852678571,3.25699404762
2012-07-18 16:12:20,3532,1,23.6055803571,2.1203125
2012-07-18 16:12:21,3533,1,24.3603422619,0.754761904762
2012-07-18 16:12:22,3534,1,23.8219494048,-0.538392857143
2012-07-18 16:12:23,3535,1,22.3280505952,-1.49389880952
2012-07-18 16:12:24,3536,1,20.4101190476,-1.91793154762
2012-07-18 16:12:25,3537,1,18.6538690476,-1.75625
2012-07-18 16:12:26,3538,1,17.5384672619,-1.11540178571
2012-07-18 16:12:27,3539,1,17.2965029762,-0.241964285714
2012-07-18 16:12:28,3540,1,17.8564732143,0.559970238095
2012-07-18 16:12:29,3541,1,18.9520833333,1.09561011905
2012-07-18 16:12:30,3542,1,20.3295386905,1.37745535714
2012-07-18 16:12:31,3543,1,21.8569196429,1.52738095238
2012-07-18 16:12:32,3544,1,23.4258184524,1.56889880952
2012-07-18 16:12:33,3545,1,24.734375,1.30855654762
2012-07-18 16:12:34,3546,1,25.2091517857,0.474776785714
2012-07-18 16:12:35,3547,1,24.2450892857,-0.9640625
2012-07-18 16:12:36,3548,1,21.6310267857,-2.6140625
2012-07-18 16:12:37,3549,1,17.8341517857,-3.796875
2012-07-18 16:12:38,3550,1,13.8872767857,-3.946875
2012-07-18 16:12:39,3551,1,10.904389881,-2.98288690476
2012-07-18 16:12:40,3552,1,9.5677827381,-1.33660714286
2012-07-18 16:12:41,3553,1,9.91108630952,0.343303571429
2012-07-18 16:12:42,3554,1,11.4223958333,1.51130952381
2012-07-18 16:12:43,3555,1,13.3323660714,1.9099702381
2012-07-18 16:12:44,3556,1,14.939360119,1.60699404762
2012-07-18 16:12:45,3557,1,15.8285714286,0.889211309524
2012-07-18 16:12:46,3558,1,15.9055803571,0.0770089285715
2012-07-18 16:12:47,3559,1,15.2680803571,-0.6375
2012-07-18 16:12:48,3560,1,14.0500744048,-1.21800595238
2012-07-18 16:12:49,3561,1,12.3676339286,-1.68244047619
2012-07-18 16:12:50,3562,1,10.355952381,-2.01168154762
2012-07-18 16:12:51,3563,1,8.23452380952,-2.12142857143
2012-07-18 16:12:52,3564,1,6.34680059524,-1.88772321429
2012-07-18 16:12:53,3565,1,5.11004464286,-1.23675595238
2012-07-18 16:12:54,3566,1,4.87358630952,-0.236458333333
2012-07-18 16:12:55,3567,1,5.75967261905,0.886086309524
2012-07-18 16:12:56,3568,1,7.58720238095,1.8275297619
2012-07-18 16:12:57,3569,1,9.94092261905,2.3537202381
2012-07-18 16:12:58,3570,1,12.3429315476,2.40200892857
2012-07-18 16:12:59,3571,1,14.4357886905,2.09285714286
2012-07-18 16:13:00,3572,1,16.087797619,1.65200892857
2012-07-18 16:13:01,3573,1,17.3587797619,1.27098214286
2012-07-18 16:13:02,3574,1,18.386235119,1.02745535714
2012-07-18 16:13:03,3575,1,19.29375,0.907514880952
2012-07-18 16:13:04,3576,1,20.1408482143,0.847098214286
2012-07-18 16:13:05,3577,1,20.9232886905,0.78244047619
2012-07-18 16:13:06,3578,1,21.6260416667,0.702752976191
2012-07-18 16:13:07,3579,1,22.259375,0.633333333333
2012-07-18 16:13:08,3580,1,22.8392857143,0.579910714286
2012-07-18 16:13:09,3581,1,23.3667410714,0.527455357143
2012-07-18 16:13:10,3582,1,23.8345982143,0.467857142857
2012-07-18 16:13:11,3583,1,24.2186011905,0.384002976191
2012-07-18 16:13:12,3584,1,24.431547619,0.212946428571
2012-07-18 16:13:13,3585,1,24.2906994048,-0.140848214286
2012-07-18 16:13:14,3586,1,23.5608630952,-0.729836309524
2012-07-18 16:13:15,3587,1,22.0630208333,-1.4978422619
2012-07-18 16:13:16,3588,1,19.7577380952,-2.3052827381
2012-07-18 16:13:17,3589,1,16.7518973214,-3.00584077381
2012-07-18 16:13:18,3590,1,13.2980654762,-3.45383184524
2012-07-18 16:13:19,3591,1,9.82384672619,-3.47421875
2012-07-18 16:13:20,3592,1,6.86741071429,-2.9564360119
2012-07-18 16:13:21,3593,1,4.85859375,-2.00881696429
2012-07-18 16:13:22,3594,1,3.95245535714,-0.906138392857
2012-07-18 16:13:23,3595,1,4.10788690476,0.155431547619
2012-07-18 16:13:24,3596,1,5.27299107143,1.16510416667
2012-07-18 16:13:25,3597,1,7.4310639881,2.15807291667
2012-07-18 16:13:26,3598,1,10.4819940476,3.05093005952
2012-07-18 16:13:27,3599,1,14.1100074405,3.62801339286
2012-07-18 16:13:28,3600,1,17.8011160714,3.69110863095
2012-07-18 16:13:29,3601,1,21.01953125,3.21841517857
2012-07-18 16:13:30,3602,1,23.359077381,2.33954613095
2012-07-18 16:13:31,3603,1,24.5967261905,1.23764880952
2012-07-18 16:13:32,3604,1,24.7670386905,0.1703125
2012-07-18 16:13:33,3605,1,24.2214285714,-0.545610119048
2012-07-18 16:13:34,3606,1,23.4973214286,-0.724107142857
2012-07-18 16:13:35,3607,1,23.0359375,-0.461383928571
2012-07-18 16:13:36,3608,1,22.9822916667,-0.0536458333333
2012-07-18 16:13:37,3609,1,23.2197916667,0.2375
2012-07-18 16:13:38,3610,1,23.5800595238,0.360267857143
2012-07-18 16:13:39,3611,1,24.0038690476,0.423809523809
2012-07-18 16:13:40,3612,1,24.505952381,0.502083333333
2012-07-18 16:13:41,3613,1,25.0530505952,0.547098214286
2012-07-18 16:13:42,3614,1,25.5121279762,0.459077380952
2012-07-18 16:13:43,3615,1,25.6826636905,0.170535714286
2012-07-18 16:13:44,3616,1,25.3754464286,-0.307217261905
2012-07-18 16:13:45,3617,1,24.4711309524,-0.90431547619
2012-07-18 16:13:46,3618,1,22.8944940476,-1.57663690476
2012-07-18 16:13:47,3619,1,20.5779017857,-2.3165922619
2012-07-18 16:13:48,3620,1,17.5277529762,-3.05014880952
2012-07-18 16:13:49,3621,1,13.9408482143,-3.5869047619
2012-07-18 16:13:50,3622,1,10.2077380952,-3.73311011905
2012-07-18 16:13:51,3623,1,6.76160714286,-3.44613095238
2012-07-18 16:13:52,3624,1,3.92693452381,-2.83467261905
2012-07-18 16:13:53,3625,1,1.9134672619,-2.0134672619
2012-07-18 16:13:54,3626,1,0.0,-1.9134672619
2012-07-18 16:14:20,3652,26,0.0,0.0
2012-07-18 16:14:21,3653,1,0.8203125,0.8203125
2012-07-18 16:14:22,3654,1,0.840811011905,0.0204985119048
2012-07-18 16:14:23,3655,1,0.0,-0.840811011905
2012-07-18 16:15:34,3726,71,0.0,0.0
2012-07-18 16:15:35,3727,1,4.38869047619,4.38869047619
2012-07-18 16:15:36,3728,1,8.00833333333,3.61964285714
2012-07-18 16:15:37,3729,1,11.990327381,3.98199404762
2012-07-18 16:15:38,3730,1,15.620610119,3.6302827381
2012-07-18 16:15:39,3731,1,18.4489583333,2.82834821429
2012-07-18 16:15:40,3732,1,20.3065848214,1.8576264881
2012-07-18 16:15:41,3733,1,21.2933779762,0.986793154762
2012-07-18 16:15:42,3734,1,21.7146577381,0.421279761905
2012-07-18 16:15:43,3735,1,21.940327381,0.225669642857
2012-07-18 16:15:44,3736,1,22.198735119,0.258407738095
2012-07-18 16:15:45,3737,1,22.424702381,0.225967261905
2012-07-18 16:15:46,3738,1,22.2845238095,-0.140178571429
2012-07-18 16:15:47,3739,1,21.3578125,-0.926711309524
2012-07-18 16:15:48,3740,1,19.3550595238,-2.00275297619
2012-07-18 16:15:49,3741,1,16.2875,-3.06755952381
2012-07-18 16:15:50,3742,1,12.5894345238,-3.69806547619
2012-07-18 16:15:51,3743,1,9.12291666667,-3.46651785714
2012-07-18 16:15:52,3744,1,6.88898809524,-2.23392857143
2012-07-18 16:15:53,3745,1,6.50989583333,-0.379092261905
2012-07-18 16:15:54,3746,1,7.88705357143,1.3771577381
2012-07-18 16:15:55,3747,1,10.3183035714,2.43125
2012-07-18 16:15:56,3748,1,12.9713541667,2.65305059524
2012-07-18 16:15:57,3749,1,15.361235119,2.38988095238
2012-07-18 16:15:58,3750,1,17.4592261905,2.09799107143
2012-07-18 16:15:59,3751,1,19.4116815476,1.95245535714
2012-07-18 16:16:00,3752,1,21.2444940476,1.8328125
2012-07-18 16:16:01,3753,1,22.8069940476,1.5625
2012-07-18 16:16:02,3754,1,23.8776785714,1.07068452381
2012-07-18 16:16:03,3755,1,24.3101934524,0.432514880952
2012-07-18 16:16:04,3756,1,24.1466517857,-0.163541666667
2012-07-18 16:16:05,3757,1,23.5899553571,-0.556696428571
2012-07-18 16:16:06,3758,1,22.8147321429,-0.775223214286
2012-07-18 16:16:07,3759,1,21.7872767857,-1.02745535714
2012-07-18 16:16:08,3760,1,20.2629092262,-1.52436755952
2012-07-18 16:16:09,3761,1,17.9739583333,-2.28895089286
2012-07-18 16:16:10,3762,1,14.9079613095,-3.06599702381
2012-07-18 16:16:11,3763,1,11.505952381,-3.40200892857
2012-07-18 16:16:12,3764,1,8.62436755952,-2.88158482143
2012-07-18 16:16:13,3765,1,7.184375,-1.43999255952
2012-07-18 16:16:14,3766,1,7.64036458333,0.455989583333
2012-07-18 16:16:15,3767,1,9.69605654762,2.05569196429
2012-07-18 16:16:16,3768,1,12.5328125,2.83675595238
2012-07-18 16:16:17,3769,1,15.3014136905,2.76860119048
2012-07-18 16:16:18,3770,1,17.5050967262,2.20368303571
2012-07-18 16:16:19,3771,1,19.0714285714,1.56633184524
2012-07-18 16:16:20,3772,1,20.1374255952,1.06599702381
2012-07-18 16:16:21,3773,1,20.8290922619,0.691666666667
2012-07-18 16:16:22,3774,1,21.2120535714,0.382961309524
2012-07-18 16:16:23,3775,1,21.3165922619,0.104538690476
2012-07-18 16:16:24,3776,1,21.1805803571,-0.136011904762
2012-07-18 16:16:25,3777,1,20.9132440476,-0.267336309524
2012-07-18 16:16:26,3778,1,20.6938988095,-0.219345238095
2012-07-18 16:16:27,3779,1,20.6671875,-0.0267113095238
2012-07-18 16:16:28,3780,1,20.8357142857,0.168526785714
2012-07-18 16:16:29,3781,1,21.0630208333,0.227306547619
2012-07-18 16:16:30,3782,1,21.168452381,0.105431547619
2012-07-18 16:16:31,3783,1,20.9913690476,-0.177083333333
2012-07-18 16:16:32,3784,1,20.3837797619,-0.607589285714
2012-07-18 16:16:33,3785,1,19.2071428571,-1.17663690476
2012-07-18 16:16:34,3786,1,17.3827380952,-1.8244047619
2012-07-18 16:16:35,3787,1,14.9671130952,-2.415625
2012-07-18 16:16:36,3788,1,12.1706845238,-2.79642857143
2012-07-18 16:16:37,3789,1,9.2884672619,-2.8822172619
2012-07-18 16:16:38,3790,1,6.65617559524,-2.63229166667
2012-07-18 16:16:39,3791,1,4.67477678571,-1.98139880952
2012-07-18 16:16:40,3792,1,3.74657738095,-0.928199404762
2012-07-18 16:16:41,3793,1,4.07991071429,0.333333333333
2012-07-18 16:16:42,3794,1,5.54412202381,1.46421130952
2012-07-18 16:16:43,3795,1,7.69360119048,2.14947916667
2012-07-18 16:16:44,3796,1,9.92165178571,2.22805059524
2012-07-18 16:16:45,3797,1,11.6511904762,1.72953869048
2012-07-18 16:16:46,3798,1,12.4632936508,0.812103174603
2012-07-18 16:16:47,3799,1,12.1443700397,-0.318923611111
2012-07-18 16:16:48,3800,1,10.742485119,-1.40188492063
2012-07-18 16:16:49,3801,1,8.63177083333,-2.11071428571
2012-07-18 16:16:50,3802,1,6.41540178571,-2.21636904762
2012-07-18 16:16:51,3803,1,4.65044642857,-1.76495535714
2012-07-18 16:16:52,3804,1,3.63137400794,-1.01907242063
2012-07-18 16:16:53,3805,1,3.36750992063,-0.263864087302
2012-07-18 16:16:54,3806,1,3.70848214286,0.340972222222
2012-07-18 16:16:55,3807,1,4.52291666667,0.81443452381
2012-07-18 16:16:56,3808,1,5.7603422619,1.23742559524
2012-07-18 16:16:57,3809,1,7.3400297619,1.5796875
2012-07-18 16:16:58,3810,1,9.04268353175,1.70265376984
2012-07-18 16:16:59,3811,1,10.5290426587,1.48635912698
2012-07-18 16:17:00,3812,1,11.4619791667,0.932936507936
2012-07-18 16:17:01,3813,1,11.6711309524,0.209151785714
2012-07-18 16:17:02,3814,1,11.2621279762,-0.409002976191
2012-07-18 16:17:03,3815,1,10.5886160714,-0.673511904762
2012-07-18 16:17:04,3816,1,10.073735119,-0.514880952381
2012-07-18 16:17:05,3817,1,9.940625,-0.133110119048
2012-07-18 16:17:06,3818,1,10.032711039,0.092086038961
2012-07-18 16:17:07,3819,1,9.90934794372,-0.123363095238
2012-07-18 16:17:08,3820,1,9.17518939394,-0.734158549784
2012-07-18 16:17:09,3821,1,7.79123376623,-1.38395562771
2012-07-18 16:17:10,3822,1,6.11840503247,-1.67282873377
2012-07-18 16:17:11,3823,1,4.6533887987,-1.46501623377
2012-07-18 16:17:12,3824,1,3.70005411255,-0.953334686147
2012-07-18 16:17:13,3825,1,3.25155573593,-0.448498376623
2012-07-18 16:17:14,3826,1,3.10436282468,-0.147192911255
2012-07-18 16:17:15,3827,1,3.04941152597,-0.0549512987013
2012-07-18 16:17:16,3828,1,2.98716179654,-0.0622497294372
2012-07-18 16:17:17,3829,1,2.90837391775,-0.0787878787879
2012-07-18 16:17:18,3830,1,2.82305871212,-0.0853152056277
2012-07-18 16:17:19,3831,1,2.73283955628,-0.0902191558441
2012-07-18 16:17:20,3832,1,2.63929247835,-0.0935470779221
2012-07-18 16:17:21,3833,1,2.57955898268,-0.059733495671
2012-07-18 16:17:22,3834,1,2.70457251082,0.125013528139
2012-07-18 16:17:23,3835,1,3.30622294372,0.6016504329
2012-07-18 16:17:24,3836,1,4.683691829,1.37746888528
2012-07-18 16:17:25,3837,1,6.91878382035,2.23509199134
2012-07-18 16:17:26,3838,1,9.72591991342,2.80713609307
2012-07-18 16:17:27,3839,1,12.5350716991,2.80915178571
2012-07-18 16:17:28,3840,1,14.8360119048,2.30094020563
2012-07-18 16:17:29,3841,1,16.4759672619,1.63995535714
2012-07-18 16:17:30,3842,1,17.5895089286,1.11354166667
2012-07-18 16:17:31,3843,1,18.2821428571,0.692633928571
2012-07-18 16:17:32,3844,1,18.4051339286,0.122991071428
2012-07-18 16:17:33,3845,1,17.6317708333,-0.773363095238
2012-07-18 16:17:34,3846,1,15.7949404762,-1.83683035714
2012-07-18 16:17:35,3847,1,13.1488095238,-2.64613095238
2012-07-18 16:17:36,3848,1,10.2826636905,-2.86614583333
2012-07-18 16:17:37,3849,1,7.82418154762,-2.45848214286
2012-07-18 16:17:38,3850,1,6.19769345238,-1.62648809524
2012-07-18 16:17:39,3851,1,5.52447916667,-0.673214285714
2012-07-18 16:17:40,3852,1,5.64397321429,0.119494047619
2012-07-18 16:17:41,3853,1,6.20401785714,0.560044642857
2012-07-18 16:17:42,3854,1,6.76979166667,0.565773809524
2012-07-18 16:17:43,3855,1,6.95223214286,0.18244047619
2012-07-18 16:17:44,3856,1,6.55066964286,-0.4015625
2012-07-18 16:17:45,3857,1,5.6396577381,-0.911011904762
2012-07-18 16:17:46,3858,1,4.51902281746,-1.12063492063
2012-07-18 16:17:47,3859,1,3.53112599206,-0.987896825397
2012-07-18 16:17:48,3860,1,2.87053571429,-0.660590277778
2012-07-18 16:17:49,3861,1,2.52274305556,-0.34779265873
2012-07-18 16:17:50,3862,1,2.35099206349,-0.171750992064
2012-07-18 16:17:51,3863,1,2.23883928571,-0.112152777778
2012-07-18 16:17:52,3864,1,2.16274801587,-0.0760912698413
2012-07-18 16:17:53,3865,1,2.14722222222,-0.0155257936508
2012-07-18 16:17:54,3866,1,2.19092261905,0.0437003968254
2012-07-18 16:17:55,3867,1,2.26111111111,0.0701884920635
2012-07-18 16:17:56,3868,1,2.33234126984,0.0712301587302
2012-07-18 16:17:57,3869,1,2.4,0.0676587301587
2012-07-18 16:17:58,3870,1,2.47093253968,0.0709325396825
2012-07-18 16:17:59,3871,1,2.55689484127,0.0859623015873
2012-07-18 16:18:00,3872,1,2.63348214286,0.0765873015873
2012-07-18 16:18:01,3873,1,2.56686507937,-0.0666170634921
2012-07-18 16:18:02,3874,1,2.16750992063,-0.39935515873
2012-07-18 16:18:03,3875,1,1.45323660714,-0.714273313492
2012-07-18 16:18:04,3876,1,0.0,-1.45323660714
2012-07-18 17:03:30,6602,2726,0.0,0.0
2012-07-18 17:03:31,6603,1,1.15476190476,1.15476190476
2012-07-18 17:03:32,6604,1,1.80859375,0.653831845238
2012-07-18 17:03:33,6605,1,2.33861607143,0.530022321429
2012-07-18 17:03:34,6606,1,2.75639880952,0.417782738095
2012-07-18 17:03:35,6607,1,3.24776785714,0.491369047619
2012-07-18 17:03:36,6608,1,3.90301339286,0.655245535714
2012-07-18 17:03:37,6609,1,4.66391369048,0.760900297619
2012-07-18 17:03:38,6610,1,5.4236235119,0.759709821429
2012-07-18 17:03:39,6611,1,6.10319940476,0.679575892857
2012-07-18 17:03:40,6612,1,6.68381696429,0.580617559524
2012-07-18 17:03:41,6613,1,7.19709821429,0.51328125
2012-07-18 17:03:42,6614,1,7.67953869048,0.48244047619
2012-07-18 17:03:43,6615,1,8.15394345238,0.474404761905
2012-07-18 17:03:44,6616,1,8.62946428571,0.475520833333
2012-07-18 17:03:45,6617,1,9.08020833333,0.450744047619
2012-07-18 17:03:46,6618,1,9.45461309524,0.374404761905
2012-07-18 17:03:47,6619,1,9.72976190476,0.275148809524
2012-07-18 17:03:48,6620,1,9.91674107143,0.186979166667
2012-07-18 17:03:49,6621,1,9.9790922619,0.0623511904762
2012-07-18 17:03:50,6622,1,9.77023809524,-0.208854166667
2012-07-18 17:03:51,6623,1,9.12291666667,-0.647321428571
2012-07-18 17:03:52,6624,1,8.04985119048,-1.07306547619
2012-07-18 17:03:53,6625,1,6.83229166667,-1.21755952381
2012-07-18 17:03:54,6626,1,5.85758928571,-0.974702380952
2012-07-18 17:03:55,6627,1,5.32886904762,-0.528720238095
2012-07-18 17:03:56,6628,1,5.12209821429,-0.206770833333
2012-07-18 17:03:57,6629,1,4.93430059524,-0.187797619048
2012-07-18 17:03:58,6630,1,4.53013392857,-0.404166666667
2012-07-18 17:03:59,6631,1,3.81629464286,-0.713839285714
2012-07-18 17:04:00,6632,1,2.80691964286,-1.009375
2012-07-18 17:04:01,6633,1,1.70647321429,-1.10044642857
2012-07-18 17:04:02,6634,1,0.0,-1.70647321429
2012-07-18 17:04:17,6649,15,0.0,0.0
2012-07-18 17:04:18,6650,1,2.71726190476,2.71726190476
2012-07-18 17:04:19,6651,1,4.70944940476,1.9921875
2012-07-18 17:04:20,6652,1,6.61569940476,1.90625
2012-07-18 17:04:21,6653,1,8.15275297619,1.53705357143
2012-07-18 17:04:22,6654,1,9.51220238095,1.35944940476
2012-07-18 17:04:23,6655,1,11.059672619,1.5474702381
2012-07-18 17:04:24,6656,1,13.0069196429,1.94724702381
2012-07-18 17:04:25,6657,1,15.28125,2.27433035714
2012-07-18 17:04:26,6658,1,17.6243303571,2.34308035714
2012-07-18 17:04:27,6659,1,19.7630952381,2.13876488095
2012-07-18 17:04:28,6660,1,21.5016369048,1.73854166667
2012-07-18 17:04:29,6661,1,22.7697172619,1.26808035714
2012-07-18 17:04:30,6662,1,23.6543154762,0.884598214286
2012-07-18 17:04:31,6663,1,24.323735119,0.669419642857
2012-07-18 17:04:32,6664,1,24.8691220238,0.545386904762
2012-07-18 17:04:33,6665,1,25.2267113095,0.357589285714
2012-07-18 17:04:34,6666,1,25.2470238095,0.0203125
2012-07-18 17:04:35,6667,1,24.8108630952,-0.436160714286
2012-07-18 17:04:36,6668,1,23.8650297619,-0.945833333333
2012-07-18 17:04:37,6669,1,22.3770089286,-1.48802083333
2012-07-18 17:04:38,6670,1,20.3101190476,-2.06688988095
2012-07-18 17:04:39,6671,1,17.6665178571,-2.64360119048
2012-07-18 17:04:40,6672,1,14.5550595238,-3.11145833333
2012-07-18 17:04:41,6673,1,11.2058035714,-3.34925595238
2012-07-18 17:04:42,6674,1,7.8959077381,-3.30989583333
2012-07-18 17:04:43,6675,1,4.89456845238,-3.00133928571
2012-07-18 17:04:44,6676,1,2.55037202381,-2.34419642857
2012-07-18 17:04:45,6677,1,0.0,-2.55037202381
2012-07-18 17:05:44,6736,59,0.0,0.0
2012-07-18 17:05:45,6737,1,4.39680059524,4.39680059524
2012-07-18 17:05:46,6738,1,8.12537202381,3.72857142857
2012-07-18 17:05:47,6739,1,12.3358630952,4.21049107143
2012-07-18 17:05:48,6740,1,16.365625,4.02976190476
2012-07-18 17:05:49,6741,1,19.9081845238,3.54255952381
2012-07-18 17:05:50,6742,1,22.9642857143,3.05610119048
2012-07-18 17:05:51,6743,1,25.653125,2.68883928571
2012-07-18 17:05:52,6744,1,27.9959821429,2.34285714286
2012-07-18 17:05:53,6745,1,29.8676339286,1.87165178571
2012-07-18 17:05:54,6746,1,31.1631696429,1.29553571429
2012-07-18 17:05:55,6747,1,31.9877232143,0.824553571429
2012-07-18 17:05:56,6748,1,32.676860119,0.689136904762
2012-07-18 17:05:57,6749,1,33.6382440476,0.961383928571
2012-07-18 17:05:58,6750,1,35.1306547619,1.49241071429
2012-07-18 17:05:59,6751,1,37.115327381,1.98467261905
2012-07-18 17:06:00,6752,1,39.2581845238,2.14285714286
2012-07-18 17:06:01,6753,1,41.0631696429,1.80498511905
2012-07-18 17:06:02,6754,1,42.0699404762,1.00677083333
2012-07-18 17:06:03,6755,1,42.0569196429,-0.0130208333334
2012-07-18 17:06:04,6756,1,41.1693452381,-0.887574404762
2012-07-18 17:06:05,6757,1,39.8741071429,-1.29523809524
2012-07-18 17:06:06,6758,1,38.7342261905,-1.13988095238
2012-07-18 17:06:07,6759,1,38.1443452381,-0.589880952381
2012-07-18 17:06:08,6760,1,38.1955357143,0.0511904761905
2012-07-18 17:06:09,6761,1,38.7266369048,0.531101190476
2012-07-18 17:06:10,6762,1,39.4948660714,0.768229166667
2012-07-18 17:06:11,6763,1,40.3265625,0.831696428571
2012-07-18 17:06:12,6764,1,41.1438244048,0.817261904762
2012-07-18 17:06:13,6765,1,41.8979166667,0.754092261905
2012-07-18 17:06:14,6766,1,42.5240327381,0.626116071428
2012-07-18 17:06:15,6767,1,42.9689732143,0.44494047619
2012-07-18 17:06:16,6768,1,43.2397321429,0.270758928571
2012-07-18 17:06:17,6769,1,43.4104910714,0.170758928572
2012-07-18 17:06:18,6770,1,43.579389881,0.168898809524
2012-07-18 17:06:19,6771,1,43.805952381,0.2265625
2012-07-18 17:06:20,6772,1,44.079389881,0.2734375
2012-07-18 17:06:21,6773,1,44.3514136905,0.272023809524
2012-07-18 17:06:22,6774,1,44.6089285714,0.257514880952
2012-07-18 17:06:23,6775,1,44.9146577381,0.305729166667
2012-07-18 17:06:24,6776,1,45.3633184524,0.448660714286
2012-07-18 17:06:25,6777,1,45.9928571429,0.629538690476
2012-07-18 17:06:26,6778,1,46.7459821429,0.753125
2012-07-18 17:06:27,6779,1,47.5140625,0.768080357143
2012-07-18 17:06:28,6780,1,48.2116071429,0.697544642857
2012-07-18 17:06:29,6781,1,48.8165178571,0.604910714286
2012-07-18 17:06:30,6782,1,49.346875,0.530357142857
2012-07-18 17:06:31,6783,1,49.8003720238,0.45349702381
2012-07-18 17:06:32,6784,1,50.1232142857,0.322842261905
2012-07-18 17:06:33,6785,1,50.2522321429,0.129017857143
2012-07-18 17:06:34,6786,1,50.1966517857,-0.0555803571428
2012-07-18 17:06:35,6787,1,50.077827381,-0.118824404762
2012-07-18 17:06:36,6788,1,50.0764136905,-0.0014136904762
2012-07-18 17:06:37,6789,1,50.3126488095,0.236235119048
2012-07-18 17:06:38,6790,1,50.754389881,0.441741071429
2012-07-18 17:06:39,6791,1,51.2345238095,0.480133928571
2012-07-18 17:06:40,6792,1,51.5520833333,0.317559523809
2012-07-18 17:06:41,6793,1,51.5672619048,0.0151785714286
2012-07-18 17:06:42,6794,1,51.2388392857,-0.328422619048
2012-07-18 17:06:43,6795,1,50.6142857143,-0.624553571429
2012-07-18 17:06:44,6796,1,49.8139880952,-0.800297619048
2012-07-18 17:06:45,6797,1,49.0019345238,-0.812053571429
2012-07-18 17:06:46,6798,1,48.2779761905,-0.723958333333
2012-07-18 17:06:47,6799,1,47.5351190476,-0.742857142857
2012-07-18 17:06:48,6800,1,46.4667410714,-1.06837797619
2012-07-18 17:06:49,6801,1,44.798139881,-1.66860119048
2012-07-18 17:06:50,6802,1,42.5647321429,-2.2334077381
2012-07-18 17:06:51,6803,1,40.1901041667,-2.37462797619
2012-07-18 17:06:52,6804,1,38.2679315476,-1.92217261905
2012-07-18 17:06:53,6805,1,37.1826636905,-1.08526785714
2012-07-18 17:06:54,6806,1,36.8790922619,-0.303571428571
2012-07-18 17:06:55,6807,1,36.9738095238,0.0947172619047
2012-07-18 17:06:56,6808,1,37.0553571429,0.0815476190476
2012-07-18 17:06:57,6809,1,36.9126488095,-0.142708333333
2012-07-18 17:06:58,6810,1,36.5933035714,-0.319345238095
2012-07-18 17:06:59,6811,1,36.2980654762,-0.295238095238
2012-07-18 17:07:00,6812,1,36.19375,-0.104315476191
2012-07-18 17:07:01,6813,1,36.3014136905,0.107663690476
2012-07-18 17:07:02,6814,1,36.5307291667,0.229315476191
2012-07-18 17:07:03,6815,1,36.7910714286,0.260342261905
2012-07-18 17:07:04,6816,1,37.0885416667,0.297470238095
2012-07-18 17:07:05,6817,1,37.5511160714,0.462574404762
2012-07-18 17:07:06,6818,1,38.3523065476,0.80119047619
2012-07-18 17:07:07,6819,1,39.5745535714,1.22224702381
2012-07-18 17:07:08,6820,1,41.1098214286,1.53526785714
2012-07-18 17:07:09,6821,1,42.6652529762,1.55543154762
2012-07-18 17:07:10,6822,1,43.8878720238,1.22261904762
2012-07-18 17:07:11,6823,1,44.5463541667,0.658482142857
2012-07-18 17:07:12,6824,1,44.626264881,0.0799107142857
2012-07-18 17:07:13,6825,1,44.254985119,-0.371279761905
2012-07-18 17:07:14,6826,1,43.5369791667,-0.718005952381
2012-07-18 17:07:15,6827,1,42.452827381,-1.08415178571
2012-07-18 17:07:16,6828,1,40.9055803571,-1.54724702381
2012-07-18 17:07:17,6829,1,38.8632440476,-2.04233630952
2012-07-18 17:07:18,6830,1,36.446875,-2.41636904762
2012-07-18 17:07:19,6831,1,33.8450892857,-2.60178571429
2012-07-18 17:07:20,6832,1,31.1303571429,-2.71473214286
2012-07-18 17:07:21,6833,1,28.1963541667,-2.93400297619
2012-07-18 17:07:22,6834,1,24.8889136905,-3.30744047619
2012-07-18 17:07:23,6835,1,21.1829613095,-3.70595238095
2012-07-18 17:07:24,6836,1,17.2395833333,-3.94337797619
2012-07-18 17:07:25,6837,1,13.2975446429,-3.94203869048
2012-07-18 17:07:26,6838,1,9.53139880952,-3.76614583333
2012-07-18 17:07:27,6839,1,6.08162202381,-3.44977678571
2012-07-18 17:07:28,6840,1,3.24129464286,-2.84032738095
2012-07-18 17:07:29,6841,1,0.0,-3.24129464286
2012-07-18 17:07:55,6867,26,0.0,0.0
2012-07-18 17:07:56,6868,1,1.57410714286,1.57410714286
2012-07-18 17:07:57,6869,1,2.37797619048,0.803869047619
2012-07-18 17:07:58,6870,1,2.93869047619,0.560714285714
2012-07-18 17:07:59,6871,1,3.21681547619,0.278125
2012-07-18 17:08:00,6872,1,3.38020833333,0.163392857143
2012-07-18 17:08:01,6873,1,3.57232142857,0.192113095238
2012-07-18 17:08:02,6874,1,4.0337797619,0.461458333333
2012-07-18 17:08:03,6875,1,5.22797619048,1.19419642857
2012-07-18 17:08:04,6876,1,7.60044642857,2.3724702381
2012-07-18 17:08:05,6877,1,11.208110119,3.60766369048
2012-07-18 17:08:06,6878,1,15.5946428571,4.3865327381
2012-07-18 17:08:07,6879,1,20.0069940476,4.41235119048
2012-07-18 17:08:08,6880,1,23.8282738095,3.8212797619
2012-07-18 17:08:09,6881,1,26.871577381,3.04330357143
2012-07-18 17:08:10,6882,1,29.3084821429,2.4369047619
2012-07-18 17:08:11,6883,1,31.4344494048,2.1259672619
2012-07-18 17:08:12,6884,1,33.4770089286,2.04255952381
2012-07-18 17:08:13,6885,1,35.4574404762,1.98043154762
2012-07-18 17:08:14,6886,1,37.1621279762,1.7046875
2012-07-18 17:08:15,6887,1,38.2726190476,1.11049107143
2012-07-18 17:08:16,6888,1,38.5741071429,0.301488095238
2012-07-18 17:08:17,6889,1,38.1139136905,-0.460193452381
2012-07-18 17:08:18,6890,1,37.2054315476,-0.908482142857
2012-07-18 17:08:19,6891,1,36.2827380952,-0.922693452381
2012-07-18 17:08:20,6892,1,35.7316964286,-0.551041666667
2012-07-18 17:08:21,6893,1,35.7708333333,0.0391369047619
2012-07-18 17:08:22,6894,1,36.3769345238,0.606101190476
2012-07-18 17:08:23,6895,1,37.2955357143,0.918601190476
2012-07-18 17:08:24,6896,1,38.1538690476,0.858333333333
2012-07-18 17:08:25,6897,1,38.6047619048,0.450892857143
2012-07-18 17:08:26,6898,1,38.451264881,-0.153497023809
2012-07-18 17:08:27,6899,1,37.7267113095,-0.724553571429
2012-07-18 17:08:28,6900,1,36.6639136905,-1.06279761905
2012-07-18 17:08:29,6901,1,35.5529761905,-1.1109375
2012-07-18 17:08:30,6902,1,34.6030505952,-0.949925595238
2012-07-18 17:08:31,6903,1,33.8975446429,-0.705505952381
2012-07-18 17:08:32,6904,1,33.4569940476,-0.440550595238
2012-07-18 17:08:33,6905,1,33.3478422619,-0.109151785714
2012-07-18 17:08:34,6906,1,33.6892113095,0.341369047619
2012-07-18 17:08:35,6907,1,34.5164434524,0.827232142857
2012-07-18 17:08:36,6908,1,35.6688988095,1.15245535714
2012-07-18 17:08:37,6909,1,36.8442708333,1.17537202381
2012-07-18 17:08:38,6910,1,37.7652529762,0.920982142857
2012-07-18 17:08:39,6911,1,38.3023809524,0.53712797619
2012-07-18 17:08:40,6912,1,38.4571428571,0.154761904762
2012-07-18 17:08:41,6913,1,38.2466517857,-0.210491071429
2012-07-18 17:08:42,6914,1,37.634672619,-0.611979166667
2012-07-18 17:08:43,6915,1,36.6,-1.03467261905
2012-07-18 17:08:44,6916,1,35.2521577381,-1.3478422619
2012-07-18 17:08:45,6917,1,33.8498511905,-1.40230654762
2012-07-18 17:08:46,6918,1,32.6619791667,-1.18787202381
2012-07-18 17:08:47,6919,1,31.7366815476,-0.925297619048
2012-07-18 17:08:48,6920,1,30.8301339286,-0.906547619048
2012-07-18 17:08:49,6921,1,29.6404017857,-1.18973214286
2012-07-18 17:08:50,6922,1,28.0878720238,-1.5525297619
2012-07-18 17:08:51,6923,1,26.3624255952,-1.72544642857
2012-07-18 17:08:52,6924,1,24.7696428571,-1.5927827381
2012-07-18 17:08:53,6925,1,23.5319196429,-1.23772321429
2012-07-18 17:08:54,6926,1,22.6619791667,-0.86994047619
2012-07-18 17:08:55,6927,1,21.9603422619,-0.701636904762
2012-07-18 17:08:56,6928,1,21.13125,-0.829092261905
2012-07-18 17:08:57,6929,1,19.9676339286,-1.16361607143
2012-07-18 17:08:58,6930,1,18.5126488095,-1.45498511905
2012-07-18 17:08:59,6931,1,17.1002232143,-1.41242559524
2012-07-18 17:09:00,6932,1,16.1759672619,-0.924255952381
2012-07-18 17:09:01,6933,1,15.9784970238,-0.197470238095
2012-07-18 17:09:02,6934,1,16.4300595238,0.4515625
2012-07-18 17:09:03,6935,1,17.3391369048,0.909077380952
2012-07-18 17:09:04,6936,1,18.5939732143,1.25483630952
2012-07-18 17:09:05,6937,1,20.1613839286,1.56741071429
2012-07-18 17:09:06,6938,1,21.9914434524,1.83005952381
2012-07-18 17:09:07,6939,1,23.9561755952,1.96473214286
2012-07-18 17:09:08,6940,1,25.8859375,1.92976190476
2012-07-18 17:09:09,6941,1,27.6366071429,1.75066964286
2012-07-18 17:09:10,6942,1,29.0899553571,1.45334821429
2012-07-18 17:09:11,6943,1,30.155952381,1.06599702381
2012-07-18 17:09:12,6944,1,30.8602678571,0.704315476191
2012-07-18 17:09:13,6945,1,31.3892113095,0.528943452381
2012-07-18 17:09:14,6946,1,31.9524553571,0.563244047619
2012-07-18 17:09:15,6947,1,32.59375,0.641294642857
2012-07-18 17:09:16,6948,1,33.158110119,0.564360119048
2012-07-18 17:09:17,6949,1,33.4316964286,0.273586309524
2012-07-18 17:09:18,6950,1,33.335639881,-0.096056547619
2012-07-18 17:09:19,6951,1,32.9938988095,-0.341741071429
2012-07-18 17:09:20,6952,1,32.6116071429,-0.382291666667
2012-07-18 17:09:21,6953,1,32.3613095238,-0.250297619048
2012-07-18 17:09:22,6954,1,32.384375,0.0230654761905
2012-07-18 17:09:23,6955,1,32.7763392857,0.391964285714
2012-07-18 17:09:24,6956,1,33.528125,0.751785714286
2012-07-18 17:09:25,6957,1,34.5130952381,0.984970238095
2012-07-18 17:09:26,6958,1,35.54375,1.0306547619
2012-07-18 17:09:27,6959,1,36.4720982143,0.928348214286
2012-07-18 17:09:28,6960,1,37.2613095238,0.789211309524
2012-07-18 17:09:29,6961,1,37.9617559524,0.700446428571
2012-07-18 17:09:30,6962,1,38.6113095238,0.649553571429
2012-07-18 17:09:31,6963,1,39.114360119,0.503050595238
2012-07-18 17:09:32,6964,1,39.1697916667,0.0554315476191
2012-07-18 17:09:33,6965,1,38.3480654762,-0.821726190476
2012-07-18 17:09:34,6966,1,36.3433035714,-2.00476190476
2012-07-18 17:09:35,6967,1,33.2505208333,-3.0927827381
2012-07-18 17:09:36,6968,1,29.6374255952,-3.6130952381
2012-07-18 17:09:37,6969,1,26.3288690476,-3.30855654762
2012-07-18 17:09:38,6970,1,24.0464285714,-2.28244047619
2012-07-18 17:09:39,6971,1,23.1224702381,-0.923958333333
2012-07-18 17:09:40,6972,1,23.4124255952,0.289955357143
2012-07-18 17:09:41,6973,1,24.3750744048,0.962648809524
2012-07-18 17:09:42,6974,1,25.2691964286,0.89412202381
2012-07-18 17:09:43,6975,1,25.4876488095,0.218452380952
2012-07-18 17:09:44,6976,1,24.9027529762,-0.584895833333
2012-07-18 17:09:45,6977,1,23.892485119,-1.01026785714
2012-07-18 17:09:46,6978,1,22.9560267857,-0.936458333333
2012-07-18 17:09:47,6979,1,22.3027529762,-0.653273809524
2012-07-18 17:09:48,6980,1,21.8386904762,-0.4640625
2012-07-18 17:09:49,6981,1,21.4890625,-0.349627976191
2012-07-18 17:09:50,6982,1,21.3735119048,-0.115550595238
2012-07-18 17:09:51,6983,1,21.5454613095,0.171949404762
2012-07-18 17:09:52,6984,1,21.63125,0.0857886904762
2012-07-18 17:09:53,6985,1,20.9126488095,-0.718601190476
2012-07-18 17:09:54,6986,1,18.8584077381,-2.05424107143
2012-07-18 17:09:55,6987,1,15.5822172619,-3.27619047619
2012-07-18 17:09:56,6988,1,11.8111607143,-3.77105654762
2012-07-18 17:09:57,6989,1,8.4115327381,-3.39962797619
2012-07-18 17:09:58,6990,1,5.88355654762,-2.52797619048
2012-07-18 17:09:59,6991,1,4.23154761905,-1.65200892857
2012-07-18 17:10:00,6992,1,3.23311011905,-0.9984375
2012-07-18 17:10:01,6993,1,2.79397321429,-0.439136904762
2012-07-18 17:10:02,6994,1,3.0384672619,0.244494047619
2012-07-18 17:10:03,6995,1,4.01875,0.980282738095
2012-07-18 17:10:04,6996,1,5.38050595238,1.36175595238
2012-07-18 17:10:05,6997,1,6.45758928571,1.07708333333
2012-07-18 17:10:06,6998,1,6.75089285714,0.293303571429
2012-07-18 17:10:07,6999,1,6.30498511905,-0.445907738095
2012-07-18 17:10:08,7000,1,5.63660714286,-0.66837797619
2012-07-18 17:10:09,7001,1,5.30349702381,-0.333110119048
2012-07-18 17:10:10,7002,1,5.54888392857,0.245386904762
2012-07-18 17:10:11,7003,1,6.29044642857,0.7415625
2012-07-18 17:10:12,7004,1,7.22067708333,0.930230654762
2012-07-18 17:10:13,7005,1,7.84754464286,0.626867559524
2012-07-18 17:10:14,7006,1,7.7067485119,-0.140796130952
2012-07-18 17:10:15,7007,1,6.71867559524,-0.988072916667
2012-07-18 17:10:16,7008,1,5.2762797619,-1.44239583333
2012-07-18 17:10:17,7009,1,3.9621875,-1.3140922619
2012-07-18 17:10:18,7010,1,3.1588764881,-0.803311011905
2012-07-18 17:10:19,7011,1,2.84191964286,-0.316956845238
2012-07-18 17:10:20,7012,1,2.73750744048,-0.104412202381
2012-07-18 17:10:21,7013,1,2.64523809524,-0.0922693452381
2012-07-18 17:10:22,7014,1,2.53511160714,-0.110126488095
2012-07-18 17:10:23,7015,1,2.40808035714,-0.12703125
2012-07-18 17:10:24,7016,1,2.17775297619,-0.230327380952
2012-07-18 17:10:25,7017,1,1.72526785714,-0.452485119048
2012-07-18 17:10:26,7018,1,1.13146577381,-0.593802083333
2012-07-18 17:10:27,7019,1,0.0,-1.13146577381
2012-07-18 17:11:03,7055,36,0.0,0.0
2012-07-18 17:11:04,7056,1,3.60370535714,3.60370535714
2012-07-18 17:11:05,7057,1,6.37113095238,2.76742559524
2012-07-18 17:11:06,7058,1,9.07418154762,2.70305059524
2012-07-18 17:11:07,7059,1,10.9504166667,1.87623511905
2012-07-18 17:11:08,7060,1,11.5275223214,0.577105654762
2012-07-18 17:11:09,7061,1,10.7204613095,-0.807061011905
2012-07-18 17:11:10,7062,1,8.89529017857,-1.82517113095
2012-07-18 17:11:11,7063,1,6.76875,-2.12654017857
2012-07-18 17:11:12,7064,1,5.08200892857,-1.68674107143
2012-07-18 17:11:13,7065,1,4.2284077381,-0.853601190476
2012-07-18 17:11:14,7066,1,4.12926339286,-0.0991443452381
2012-07-18 17:11:15,7067,1,4.43834821429,0.309084821429
2012-07-18 17:11:16,7068,1,4.85104910714,0.412700892857
2012-07-18 17:11:17,7069,1,5.2443452381,0.393296130952
2012-07-18 17:11:18,7070,1,5.61784970238,0.373504464286
2012-07-18 17:11:19,7071,1,6.01209821429,0.394248511905
2012-07-18 17:11:20,7072,1,6.44990327381,0.437805059524
2012-07-18 17:11:21,7073,1,6.81370535714,0.363802083333
2012-07-18 17:11:22,7074,1,6.8034077381,-0.0102976190476
2012-07-18 17:11:23,7075,1,6.21540178571,-0.588005952381
2012-07-18 17:11:24,7076,1,5.34020089286,-0.875200892857
2012-07-18 17:11:25,7077,1,4.94077380952,-0.399427083333
2012-07-18 17:11:40,7092,15,5.66697172619,0.0484131944444
2012-07-18 17:11:41,7093,1,7.4496577381,1.7826860119
2012-07-18 17:11:42,7094,1,9.5349702381,2.0853125
2012-07-18 17:11:43,7095,1,11.1820684524,1.64709821429
2012-07-18 17:11:44,7096,1,12.3218005952,1.13973214286
2012-07-18 17:11:45,7097,1,13.4783482143,1.15654761905
2012-07-18 17:11:46,7098,1,15.0956845238,1.61733630952
2012-07-18 17:11:47,7099,1,17.0586309524,1.96294642857
2012-07-18 17:11:48,7100,1,18.8241815476,1.76555059524
2012-07-18 17:11:49,7101,1,19.8700892857,1.0459077381
2012-07-18 17:11:50,7102,1,20.0024553571,0.132366071429
2012-07-18 17:11:51,7103,1,19.3499255952,-0.652529761905
2012-07-18 17:11:52,7104,1,18.1878720238,-1.16205357143
2012-07-18 17:11:53,7105,1,16.8022321429,-1.38563988095
2012-07-18 17:11:54,7106,1,15.4844494048,-1.3177827381
2012-07-18 17:11:55,7107,1,14.5925595238,-0.891889880952
2012-07-18 17:11:56,7108,1,14.460639881,-0.131919642857
2012-07-18 17:11:57,7109,1,15.1103422619,0.649702380952
2012-07-18 17:11:58,7110,1,16.0908482143,0.980505952381
2012-07-18 17:11:59,7111,1,16.6880208333,0.597172619048
2012-07-18 17:12:00,7112,1,16.358110119,-0.329910714286
2012-07-18 17:12:01,7113,1,15.0773809524,-1.28072916667
2012-07-18 17:12:02,7114,1,13.3474702381,-1.72991071429
2012-07-18 17:12:03,7115,1,11.830952381,-1.51651785714
2012-07-18 17:12:04,7116,1,10.8752232143,-0.955729166667
2012-07-18 17:12:05,7117,1,10.2654761905,-0.60974702381
2012-07-18 17:12:06,7118,1,9.46688988095,-0.798586309524
2012-07-18 17:12:07,7119,1,8.24650297619,-1.22038690476
2012-07-18 17:12:08,7120,1,7.06086309524,-1.18563988095
2012-07-18 17:12:09,7121,1,6.7765625,-0.284300595238
2012-07-18 17:12:10,7122,1,8.02388392857,1.24732142857
2012-07-18 17:12:11,7123,1,10.7680803571,2.74419642857
2012-07-18 17:12:12,7124,1,14.4164434524,3.64836309524
2012-07-18 17:12:13,7125,1,18.2919642857,3.87552083333
2012-07-18 17:12:14,7126,1,21.9304315476,3.6384672619
2012-07-18 17:12:15,7127,1,24.9781994048,3.04776785714
2012-07-18 17:12:16,7128,1,27.0466517857,2.06845238095
2012-07-18 17:12:17,7129,1,27.7825892857,0.7359375
2012-07-18 17:12:18,7130,1,27.0248511905,-0.757738095238
2012-07-18 17:12:19,7131,1,24.8901041667,-2.13474702381
2012-07-18 17:12:20,7132,1,21.7491071429,-3.14099702381
2012-07-18 17:12:21,7133,1,18.0977359694,-3.65137117347
2012-07-18 17:12:22,7134,1,14.3841677296,-3.7135682398
2012-07-18 17:12:23,7135,1,10.9174532313,-3.4667144983
2012-07-18 17:12:24,7136,1,7.9173522534,-3.00010097789
2012-07-18 17:12:25,7137,1,5.5862244898,-2.33112776361
2012-07-18 17:12:26,7138,1,4.06251062925,-1.52371386054
2012-07-18 17:12:27,7139,1,3.3137542517,-0.748756377551
2012-07-18 17:12:28,7140,1,3.12449511054,-0.189259141156
2012-07-18 17:12:29,7141,1,3.21127763605,0.0867825255102
2012-07-18 17:12:30,7142,1,3.36459927721,0.153321641156
2012-07-18 17:12:31,7143,1,3.50398596939,0.139386692177
2012-07-18 17:12:32,7144,1,3.62857142857,0.124585459184
2012-07-18 17:12:33,7145,1,3.75,0.121428571429
2012-07-18 17:12:34,7146,1,3.87142857143,0.121428571429
2012-07-18 17:12:35,7147,1,3.98604379252,0.114615221088
2012-07-18 17:12:36,7148,1,4.06940369898,0.0833599064626
2012-07-18 17:12:37,7149,1,4.13083545918,0.0614317602041
2012-07-18 17:12:38,7150,1,4.36025191327,0.229416454082
2012-07-18 17:12:39,7151,1,5.18669217687,0.826440263605
2012-07-18 17:12:40,7152,1,7.06323341837,1.8765412415
2012-07-18 17:12:41,7153,1,10.1206207483,3.05738732993
2012-07-18 17:12:42,7154,1,13.977513818,3.85689306973
2012-07-18 17:12:43,7155,1,17.8788265306,3.90131271259
2012-07-18 17:12:44,7156,1,21.1248352466,3.24600871599
2012-07-18 17:12:45,7157,1,23.4470556973,2.32222045068
2012-07-18 17:12:46,7158,1,25.0147321429,1.56767644558
2012-07-18 17:12:47,7159,1,26.1876488095,1.17291666667
2012-07-18 17:12:48,7160,1,27.2672619048,1.07961309524
2012-07-18 17:12:49,7161,1,28.3255952381,1.05833333333
2012-07-18 17:12:50,7162,1,29.1744047619,0.84880952381
2012-07-18 17:12:51,7163,1,29.5173363095,0.342931547619
2012-07-18 17:12:52,7164,1,29.1630208333,-0.354315476191
2012-07-18 17:12:53,7165,1,28.1405505952,-1.0224702381
2012-07-18 17:12:54,7166,1,26.65,-1.49055059524
2012-07-18 17:12:55,7167,1,24.8632440476,-1.78675595238
2012-07-18 17:12:56,7168,1,22.7634672619,-2.09977678571
2012-07-18 17:12:57,7169,1,20.2382440476,-2.52522321429
2012-07-18 17:12:58,7170,1,17.2982142857,-2.9400297619
2012-07-18 17:12:59,7171,1,14.1322916667,-3.16592261905
2012-07-18 17:13:00,7172,1,10.9749255952,-3.15736607143
2012-07-18 17:13:01,7173,1,7.96450892857,-3.01041666667
2012-07-18 17:13:02,7174,1,5.17113095238,-2.79337797619
2012-07-18 17:13:03,7175,1,2.8369047619,-2.33422619048
2012-07-18 17:13:04,7176,1,0.0,-2.8369047619
2012-07-18 17:13:43,7215,39,0.0,0.0
2012-07-18 17:13:44,7216,1,4.54605654762,4.54605654762
2012-07-18 17:13:45,7217,1,8.49441964286,3.94836309524
2012-07-18 17:13:46,7218,1,12.9040178571,4.40959821429
2012-07-18 17:13:47,7219,1,16.8776041667,3.97358630952
2012-07-18 17:13:48,7220,1,20.0145089286,3.1369047619
2012-07-18 17:13:49,7221,1,22.4411458333,2.42663690476
2012-07-18 17:13:50,7222,1,24.5121279762,2.07098214286
2012-07-18 17:13:51,7223,1,26.4616071429,1.94947916667
2012-07-18 17:13:52,7224,1,28.2683779762,1.80677083333
2012-07-18 17:13:53,7225,1,29.7740327381,1.5056547619
2012-07-18 17:13:54,7226,1,30.8844494048,1.11041666667
2012-07-18 17:13:55,7227,1,31.6470982143,0.762648809524
2012-07-18 17:13:56,7228,1,32.1782738095,0.531175595238
2012-07-18 17:13:57,7229,1,32.5723958333,0.39412202381
2012-07-18 17:13:58,7230,1,32.8882440476,0.315848214286
2012-07-18 17:13:59,7231,1,33.1808779762,0.292633928572
2012-07-18 17:14:00,7232,1,33.497172619,0.316294642857
2012-07-18 17:14:01,7233,1,33.834077381,0.336904761905
2012-07-18 17:14:02,7234,1,34.132514881,0.2984375
2012-07-18 17:14:03,7235,1,34.3276041667,0.195089285714
2012-07-18 17:14:04,7236,1,34.4075892857,0.0799851190476
2012-07-18 17:14:05,7237,1,34.4457589286,0.0381696428571
2012-07-18 17:14:06,7238,1,34.5901785714,0.144419642857
2012-07-18 17:14:07,7239,1,35.0013392857,0.411160714286
2012-07-18 17:14:08,7240,1,35.767485119,0.766145833333
2012-07-18 17:14:09,7241,1,36.8578125,1.09032738095
2012-07-18 17:14:10,7242,1,38.1456845238,1.28787202381
2012-07-18 17:14:11,7243,1,39.484672619,1.33898809524
2012-07-18 17:14:12,7244,1,40.7834077381,1.29873511905
2012-07-18 17:14:13,7245,1,42.0290178571,1.24561011905
2012-07-18 17:14:14,7246,1,43.2640625,1.23504464286
2012-07-18 17:14:15,7247,1,44.5551339286,1.29107142857
2012-07-18 17:14:16,7248,1,45.9610119048,1.40587797619
2012-07-18 17:14:17,7249,1,47.4917410714,1.53072916667
2012-07-18 17:14:18,7250,1,49.0845238095,1.5927827381
2012-07-18 17:14:19,7251,1,50.627827381,1.54330357143
2012-07-18 17:14:20,7252,1,52.0121279762,1.38430059524
2012-07-18 17:14:21,7253,1,53.1649553571,1.15282738095
2012-07-18 17:14:22,7254,1,54.0621279762,0.897172619048
2012-07-18 17:14:23,7255,1,54.7188244048,0.656696428571
2012-07-18 17:14:24,7256,1,55.1665178571,0.447693452381
2012-07-18 17:14:25,7257,1,55.4369791667,0.270461309524
2012-07-18 17:14:26,7258,1,55.5515625,0.114583333333
2012-07-18 17:14:27,7259,1,55.5055059524,-0.046056547619
2012-07-18 17:14:28,7260,1,55.2700892857,-0.235416666667
2012-07-18 17:14:29,7261,1,54.8139880952,-0.456101190476
2012-07-18 17:14:30,7262,1,54.1185267857,-0.695461309524
2012-07-18 17:14:31,7263,1,53.2063988095,-0.912127976191
2012-07-18 17:14:32,7264,1,52.2,-1.00639880952
2012-07-18 17:14:33,7265,1,51.3430059524,-0.856994047619
2012-07-18 17:14:34,7266,1,50.9168154762,-0.42619047619
2012-07-18 17:14:35,7267,1,51.0898809524,0.173065476191
2012-07-18 17:14:36,7268,1,51.8130952381,0.723214285714
2012-07-18 17:14:37,7269,1,52.853422619,1.04032738095
2012-07-18 17:14:38,7270,1,53.9531994048,1.09977678571
2012-07-18 17:14:39,7271,1,54.9745535714,1.02135416667
2012-07-18 17:14:40,7272,1,55.8966517857,0.922098214286
2012-07-18 17:14:41,7273,1,56.6999255952,0.803273809524
2012-07-18 17:14:42,7274,1,57.2886160714,0.588690476191
2012-07-18 17:14:43,7275,1,57.5438988095,0.255282738095
2012-07-18 17:14:44,7276,1,57.440327381,-0.103571428571
2012-07-18 17:14:45,7277,1,57.080952381,-0.359375
2012-07-18 17:14:46,7278,1,56.6104910714,-0.470461309524
2012-07-18 17:14:47,7279,1,56.1022321429,-0.508258928572
2012-07-18 17:14:48,7280,1,55.5238095238,-0.578422619048
2012-07-18 17:14:49,7281,1,54.8087053571,-0.715104166667
2012-07-18 17:14:50,7282,1,53.9671875,-0.841517857143
2012-07-18 17:14:51,7283,1,53.123139881,-0.844047619048
2012-07-18 17:14:52,7284,1,52.431547619,-0.691592261905
2012-07-18 17:14:53,7285,1,51.9537946429,-0.477752976191
2012-07-18 17:14:54,7286,1,51.6020833333,-0.351711309524
2012-07-18 17:14:55,7287,1,51.1973958333,-0.4046875
2012-07-18 17:14:56,7288,1,50.603125,-0.594270833333
2012-07-18 17:14:57,7289,1,49.8436755952,-0.759449404762
2012-07-18 17:14:58,7290,1,49.1167410714,-0.72693452381
2012-07-18 17:14:59,7291,1,48.675297619,-0.441443452381
2012-07-18 17:15:00,7292,1,48.6527529762,-0.0225446428571
2012-07-18 17:15:01,7293,1,48.9598958333,0.307142857143
2012-07-18 17:15:02,7294,1,49.3389136905,0.379017857143
2012-07-18 17:15:03,7295,1,49.5375,0.198586309524
2012-07-18 17:15:04,7296,1,49.4652529762,-0.0722470238095
2012-07-18 17:15:05,7297,1,49.2081845238,-0.257068452381
2012-07-18 17:15:06,7298,1,48.9149553571,-0.293229166667
2012-07-18 17:15:07,7299,1,48.6888392857,-0.226116071429
2012-07-18 17:15:08,7300,1,48.5680059524,-0.120833333333
2012-07-18 17:15:09,7301,1,48.5568452381,-0.0111607142858
2012-07-18 17:15:10,7302,1,48.6505208333,0.0936755952381
2012-07-18 17:15:11,7303,1,48.8366815476,0.186160714286
2012-07-18 17:15:12,7304,1,49.0922619048,0.255580357143
2012-07-18 17:15:13,7305,1,49.3930803571,0.300818452381
2012-07-18 17:15:14,7306,1,49.7219494048,0.328869047619
2012-07-18 17:15:15,7307,1,50.0642113095,0.342261904762
2012-07-18 17:15:16,7308,1,50.4021577381,0.337946428571
2012-07-18 17:15:17,7309,1,50.7119791667,0.309821428572
2012-07-18 17:15:18,7310,1,50.9701636905,0.258184523809
2012-07-18 17:15:19,7311,1,51.1799107143,0.209747023809
2012-07-18 17:15:20,7312,1,51.4053736772,0.225462962963
2012-07-18 17:15:21,7313,1,51.7845940807,0.379220403439
2012-07-18 17:15:22,7314,1,52.4687003968,0.684106316138
2012-07-18 17:15:23,7315,1,53.4745081019,1.00580770503
2012-07-18 17:15:24,7316,1,54.5919477513,1.11743964947
2012-07-18 17:15:25,7317,1,55.4876984127,0.895750661376
2012-07-18 17:15:26,7318,1,55.9157324735,0.428034060847
2012-07-18 17:15:27,7319,1,55.8518394511,-0.0638930224868
2012-07-18 17:15:28,7320,1,55.4691468254,-0.382692625661
2012-07-18 17:15:29,7321,1,54.9809234458,-0.48822337963
2012-07-18 17:15:30,7322,1,54.4985532407,-0.482370205027
2012-07-18 17:15:31,7323,1,54.0333333333,-0.465219907407
2012-07-18 17:15:32,7324,1,53.5722222222,-0.461111111111
2012-07-18 17:15:33,7325,1,53.1111111111,-0.461111111111
2012-07-18 17:15:34,7326,1,52.65,-0.461111111111
2012-07-18 17:15:35,7327,1,52.1888888889,-0.461111111111
2012-07-18 17:15:36,7328,1,51.7277777778,-0.461111111111
2012-07-18 17:15:37,7329,1,51.2666666667,-0.461111111111
2012-07-18 17:15:38,7330,1,50.8012979497,-0.465368716931
2012-07-18 17:15:39,7331,1,50.3197461971,-0.481551752646
2012-07-18 17:15:40,7332,1,49.8383680556,-0.481378141534
2012-07-18 17:15:41,7333,1,49.4651992394,-0.373168816138
2012-07-18 17:15:42,7334,1,49.3745205026,-0.0906787367725
2012-07-18 17:15:43,7335,1,49.6826884921,0.308167989418
2012-07-18 17:15:44,7336,1,50.3689153439,0.686226851852
2012-07-18 17:15:45,7337,1,51.2754174934,0.906502149471
2012-07-18 17:15:46,7338,1,52.1455853175,0.870167824074
2012-07-18 17:15:47,7339,1,52.7110160384,0.565430720899
2012-07-18 17:15:48,7340,1,52.7728257275,0.0618096891534
2012-07-18 17:15:49,7341,1,52.2494047619,-0.523420965608
2012-07-18 17:15:50,7342,1,51.259375,-0.990029761905
2012-07-18 17:15:51,7343,1,50.1572172619,-1.1021577381
2012-07-18 17:15:52,7344,1,49.3632440476,-0.793973214286
2012-07-18 17:15:53,7345,1,49.0847470238,-0.278497023809
2012-07-18 17:15:54,7346,1,49.1848214286,0.100074404762
2012-07-18 17:15:55,7347,1,49.3078125,0.122991071429
2012-07-18 17:15:56,7348,1,49.1756696429,-0.132142857143
2012-07-18 17:15:57,7349,1,48.8483630952,-0.327306547619
2012-07-18 17:15:58,7350,1,48.7127232143,-0.135639880952
2012-07-18 17:15:59,7351,1,49.1829613095,0.470238095238
2012-07-18 17:16:00,7352,1,50.4019345238,1.21897321429
2012-07-18 17:16:01,7353,1,52.1976934524,1.79575892857
2012-07-18 17:16:02,7354,1,54.2447916667,2.04709821429
2012-07-18 17:16:03,7355,1,56.2246279762,1.97983630952
2012-07-18 17:16:04,7356,1,57.880952381,1.65632440476
2012-07-18 17:16:05,7357,1,59.0293154762,1.14836309524
2012-07-18 17:16:06,7358,1,59.6079613095,0.578645833333
2012-07-18 17:16:07,7359,1,59.7449404762,0.136979166667
2012-07-18 17:16:08,7360,1,59.7285714286,-0.0163690476191
2012-07-18 17:16:09,7361,1,59.8379464286,0.109375
2012-07-18 17:16:10,7362,1,60.162202381,0.324255952381
2012-07-18 17:16:11,7363,1,60.5841517857,0.421949404762
2012-07-18 17:16:12,7364,1,60.926264881,0.342113095238
2012-07-18 17:16:13,7365,1,61.0992559524,0.172991071429
2012-07-18 17:16:14,7366,1,61.1395089286,0.0402529761904
2012-07-18 17:16:15,7367,1,61.1421875,0.0026785714286
2012-07-18 17:16:16,7368,1,61.1738095238,0.0316220238095
2012-07-18 17:16:17,7369,1,61.25,0.0761904761905
2012-07-18 17:16:18,7370,1,61.3760416667,0.126041666667
2012-07-18 17:16:19,7371,1,61.5732142857,0.197172619048
2012-07-18 17:16:20,7372,1,61.845014881,0.271800595238
2012-07-18 17:16:21,7373,1,62.1279017857,0.282886904762
2012-07-18 17:16:22,7374,1,62.3127232143,0.184821428571
2012-07-18 17:16:23,7375,1,62.3395833333,0.0268601190476
2012-07-18 17:16:24,7376,1,62.2648809524,-0.0747023809524
2012-07-18 17:16:25,7377,1,62.2266369048,-0.038244047619
2012-07-18 17:16:26,7378,1,62.3369047619,0.110267857143
2012-07-18 17:16:27,7379,1,62.5959821429,0.259077380952
2012-07-18 17:16:28,7380,1,62.9057291667,0.30974702381
2012-07-18 17:16:29,7381,1,63.1588541667,0.253125
2012-07-18 17:16:30,7382,1,63.3162946429,0.15744047619
2012-07-18 17:16:31,7383,1,63.4264136905,0.110119047619
2012-07-18 17:16:32,7384,1,63.5983630952,0.171949404762
2012-07-18 17:16:33,7385,1,63.9531994048,0.354836309524
2012-07-18 17:16:34,7386,1,64.5578125,0.604613095238
2012-07-18 17:16:35,7387,1,65.3608630952,0.803050595238
2012-07-18 17:16:36,7388,1,66.1961309524,0.835267857143
2012-07-18 17:16:37,7389,1,66.8777529762,0.681622023809
2012-07-18 17:16:38,7390,1,67.3088541667,0.431101190476
2012-07-18 17:16:39,7391,1,67.5162202381,0.207366071428
2012-07-18 17:16:40,7392,1,67.5965029762,0.0802827380953
2012-07-18 17:16:41,7393,1,67.6304315476,0.0339285714285
2012-07-18 17:16:42,7394,1,67.646875,0.016443452381
2012-07-18 17:16:43,7395,1,67.6514136905,0.00453869047621
2012-07-18 17:16:44,7396,1,67.654985119,0.00357142857139
2012-07-18 17:16:45,7397,1,67.6661458333,0.0111607142857
2012-07-18 17:16:46,7398,1,67.6796875,0.0135416666667
2012-07-18 17:16:47,7399,1,67.6900297619,0.0103422619048
2012-07-18 17:16:48,7400,1,67.703422619,0.0133928571428
2012-07-18 17:16:49,7401,1,67.7178571429,0.0144345238095
2012-07-18 17:16:50,7402,1,67.6951636905,-0.0226934523809
2012-07-18 17:16:51,7403,1,67.5694940476,-0.125669642857
2012-07-18 17:16:52,7404,1,67.2919642857,-0.277529761905
2012-07-18 17:16:53,7405,1,66.8718005952,-0.420163690476
2012-07-18 17:16:54,7406,1,66.3738839286,-0.497916666667
2012-07-18 17:16:55,7407,1,65.8717261905,-0.502157738095
2012-07-18 17:16:56,7408,1,65.4069940476,-0.464732142857
2012-07-18 17:16:57,7409,1,64.9979910714,-0.40900297619
2012-07-18 17:16:58,7410,1,64.6716517857,-0.326339285714
2012-07-18 17:16:59,7411,1,64.4664434524,-0.205208333333
2012-07-18 17:17:00,7412,1,64.395610119,-0.0708333333334
2012-07-18 17:17:01,7413,1,64.4125,0.0168898809524
2012-07-18 17:17:02,7414,1,64.4296875,0.0171875
2012-07-18 17:17:03,7415,1,64.3787946429,-0.0508928571429
2012-07-18 17:17:04,7416,1,64.248735119,-0.13005952381
2012-07-18 17:17:05,7417,1,64.0955357143,-0.153199404762
2012-07-18 17:17:06,7418,1,63.9991071429,-0.0964285714286
2012-07-18 17:17:07,7419,1,63.9211309524,-0.0779761904762
2012-07-18 17:17:08,7420,1,63.6459077381,-0.275223214286
2012-07-18 17:17:09,7421,1,62.9654761905,-0.680431547619
2012-07-18 17:17:10,7422,1,61.8699404762,-1.09553571429
2012-07-18 17:17:11,7423,1,60.5382440476,-1.33169642857
2012-07-18 17:17:12,7424,1,59.2224702381,-1.31577380952
2012-07-18 17:17:13,7425,1,58.1264136905,-1.09605654762
2012-07-18 17:17:14,7426,1,57.3822172619,-0.744196428571
2012-07-18 17:17:15,7427,1,57.1087797619,-0.2734375
2012-07-18 17:17:16,7428,1,57.3400297619,0.23125
2012-07-18 17:17:17,7429,1,57.8783482143,0.538318452381
2012-07-18 17:17:18,7430,1,58.346577381,0.468229166667
2012-07-18 17:17:19,7431,1,58.4306547619,0.0840773809524
2012-07-18 17:17:20,7432,1,58.0485119048,-0.382142857143
2012-07-18 17:17:21,7433,1,57.2424107143,-0.806101190476
2012-07-18 17:17:22,7434,1,55.9982886905,-1.24412202381
2012-07-18 17:17:23,7435,1,54.3804315476,-1.61785714286
2012-07-18 17:17:24,7436,1,52.7552083333,-1.62522321429
2012-07-18 17:17:25,7437,1,51.6375744048,-1.11763392857
2012-07-18 17:17:26,7438,1,51.34375,-0.293824404762
2012-07-18 17:17:27,7439,1,51.8063244048,0.462574404762
2012-07-18 17:17:28,7440,1,52.6476934524,0.841369047619
2012-07-18 17:17:29,7441,1,53.5010416667,0.853348214286
2012-07-18 17:17:30,7442,1,54.2458333333,0.744791666667
2012-07-18 17:17:31,7443,1,54.898735119,0.652901785714
2012-07-18 17:17:32,7444,1,55.4628720238,0.564136904762
2012-07-18 17:17:33,7445,1,55.9537202381,0.490848214286
2012-07-18 17:17:34,7446,1,56.4357886905,0.482068452381
2012-07-18 17:17:35,7447,1,56.9896577381,0.553869047619
2012-07-18 17:17:36,7448,1,57.670610119,0.680952380952
2012-07-18 17:17:37,7449,1,58.4850446429,0.814434523809
2012-07-18 17:17:38,7450,1,59.3867559524,0.901711309524
2012-07-18 17:17:39,7451,1,60.2926339286,0.90587797619
2012-07-18 17:17:40,7452,1,61.1125744048,0.819940476191
2012-07-18 17:17:41,7453,1,61.7947916667,0.682217261905
2012-07-18 17:17:42,7454,1,62.3710565476,0.576264880952
2012-07-18 17:17:43,7455,1,62.9374255952,0.566369047619
2012-07-18 17:17:44,7456,1,63.5588541667,0.621428571429
2012-07-18 17:17:45,7457,1,64.2108630952,0.652008928571
2012-07-18 17:17:46,7458,1,64.8116815476,0.600818452381
2012-07-18 17:17:47,7459,1,65.2773809524,0.465699404762
2012-07-18 17:17:48,7460,1,65.5779761905,0.300595238095
2012-07-18 17:17:49,7461,1,65.7787202381,0.200744047619
2012-07-18 17:17:50,7462,1,65.9969494048,0.218229166667
2012-07-18 17:17:51,7463,1,66.2851190476,0.288169642857
2012-07-18 17:17:52,7464,1,66.5519345238,0.26681547619
2012-07-18 17:17:53,7465,1,66.6218005952,0.0698660714286
2012-07-18 17:17:54,7466,1,66.3950892857,-0.226711309524
2012-07-18 17:17:55,7467,1,65.9443452381,-0.450744047619
2012-07-18 17:17:56,7468,1,65.467485119,-0.476860119048
2012-07-18 17:17:57,7469,1,65.1625,-0.304985119048
2012-07-18 17:17:58,7470,1,65.1252232143,-0.0372767857143
2012-07-18 17:17:59,7471,1,65.3503720238,0.225148809524
2012-07-18 17:18:00,7472,1,65.7924107143,0.442038690476
2012-07-18 17:18:01,7473,1,66.3602678571,0.567857142857
2012-07-18 17:18:02,7474,1,66.8682291667,0.507961309524
2012-07-18 17:18:03,7475,1,67.1049107143,0.236681547619
2012-07-18 17:18:04,7476,1,67.0066964286,-0.0982142857143
2012-07-18 17:18:05,7477,1,66.695610119,-0.311086309524
2012-07-18 17:18:06,7478,1,66.3441220238,-0.351488095238
2012-07-18 17:18:07,7479,1,66.0765625,-0.26755952381
2012-07-18 17:18:08,7480,1,65.9506696429,-0.125892857143
2012-07-18 17:18:09,7481,1,65.9755952381,0.0249255952381
2012-07-18 17:18:10,7482,1,66.1642113095,0.188616071429
2012-07-18 17:18:11,7483,1,66.509672619,0.345461309524
2012-07-18 17:18:12,7484,1,66.9097470238,0.400074404762
2012-07-18 17:18:13,7485,1,67.2151785714,0.305431547619
2012-07-18 17:18:14,7486,1,67.334077381,0.118898809524
2012-07-18 17:18:15,7487,1,67.2428571429,-0.0912202380953
2012-07-18 17:18:16,7488,1,66.9554315476,-0.287425595238
2012-07-18 17:18:17,7489,1,66.5219494048,-0.433482142857
2012-07-18 17:18:18,7490,1,66.0446428571,-0.477306547619
2012-07-18 17:18:19,7491,1,65.6665178571,-0.378125
2012-07-18 17:18:20,7492,1,65.4889136905,-0.177604166667
2012-07-18 17:18:21,7493,1,65.4695684524,-0.0193452380952
2012-07-18 17:18:22,7494,1,65.4156994048,-0.0538690476191
2012-07-18 17:18:23,7495,1,65.088764881,-0.326934523809
2012-07-18 17:18:24,7496,1,64.3435267857,-0.745238095238
2012-07-18 17:18:25,7497,1,63.2073660714,-1.13616071429
2012-07-18 17:18:26,7498,1,61.8398065476,-1.36755952381
2012-07-18 17:18:27,7499,1,60.4396577381,-1.40014880952
2012-07-18 17:18:28,7500,1,59.2110863095,-1.22857142857
2012-07-18 17:18:29,7501,1,58.3571428571,-0.853943452381
2012-07-18 17:18:30,7502,1,58.0188244048,-0.338318452381
2012-07-18 17:18:31,7503,1,58.1944196429,0.175595238095
2012-07-18 17:18:32,7504,1,58.7181547619,0.523735119048
2012-07-18 17:18:33,7505,1,59.3030505952,0.584895833333
2012-07-18 17:18:34,7506,1,59.6258184524,0.322767857143
2012-07-18 17:18:35,7507,1,59.4483630952,-0.177455357143
2012-07-18 17:18:36,7508,1,58.690625,-0.757738095238
2012-07-18 17:18:37,7509,1,57.390625,-1.3
2012-07-18 17:18:38,7510,1,55.6741071429,-1.71651785714
2012-07-18 17:18:39,7511,1,53.7711309524,-1.90297619048
2012-07-18 17:18:40,7512,1,51.9674107143,-1.8037202381
2012-07-18 17:18:41,7513,1,50.554985119,-1.41242559524
2012-07-18 17:18:42,7514,1,49.8180059524,-0.736979166667
2012-07-18 17:18:43,7515,1,49.8972470238,0.0792410714285
2012-07-18 17:18:44,7516,1,50.6204613095,0.723214285714
2012-07-18 17:18:45,7517,1,51.5494791667,0.929017857143
2012-07-18 17:18:46,7518,1,52.1930803571,0.643601190476
2012-07-18 17:18:47,7519,1,52.1886160714,-0.0044642857143
2012-07-18 17:18:48,7520,1,51.3895833333,-0.799032738095
2012-07-18 17:18:49,7521,1,49.8542410714,-1.5353422619
2012-07-18 17:18:50,7522,1,47.7712053571,-2.08303571429
2012-07-18 17:18:51,7523,1,45.4079613095,-2.36324404762
2012-07-18 17:18:52,7524,1,43.0705357143,-2.33742559524
2012-07-18 17:18:53,7525,1,41.0043154762,-2.0662202381
2012-07-18 17:18:54,7526,1,39.2979910714,-1.70632440476
2012-07-18 17:18:55,7527,1,37.8969494048,-1.40104166667
2012-07-18 17:18:56,7528,1,36.7026785714,-1.19427083333
2012-07-18 17:18:57,7529,1,35.65625,-1.04642857143
2012-07-18 17:18:58,7530,1,34.7451636905,-0.911086309524
2012-07-18 17:18:59,7531,1,33.9701636905,-0.775
2012-07-18 17:19:00,7532,1,33.3475446429,-0.622619047619
2012-07-18 17:19:01,7533,1,32.9317708333,-0.415773809524
2012-07-18 17:19:02,7534,1,32.780952381,-0.150818452381
2012-07-18 17:19:03,7535,1,32.8741071429,0.0931547619047
2012-07-18 17:19:04,7536,1,33.0652529762,0.191145833333
2012-07-18 17:19:05,7537,1,33.1247767857,0.0595238095238
2012-07-18 17:19:06,7538,1,32.866889881,-0.257886904762
2012-07-18 17:19:07,7539,1,32.2834821429,-0.583407738095
2012-07-18 17:19:08,7540,1,31.5598958333,-0.723586309524
2012-07-18 17:19:09,7541,1,30.9838541667,-0.576041666667
2012-07-18 17:19:10,7542,1,30.8392113095,-0.144642857143
2012-07-18 17:19:11,7543,1,31.2825892857,0.443377976191
2012-07-18 17:19:12,7544,1,32.2349702381,0.952380952381
2012-07-18 17:19:13,7545,1,33.3980654762,1.1630952381
2012-07-18 17:19:14,7546,1,34.4001488095,1.00208333333
2012-07-18 17:19:15,7547,1,34.9753720238,0.575223214286
2012-07-18 17:19:16,7548,1,35.0772321429,0.101860119048
2012-07-18 17:19:17,7549,1,34.8719494048,-0.205282738095
2012-07-18 17:19:18,7550,1,34.6466517857,-0.225297619048
2012-07-18 17:19:19,7551,1,34.682514881,0.0358630952381
2012-07-18 17:19:20,7552,1,35.1207589286,0.438244047619
2012-07-18 17:19:21,7553,1,35.8915922619,0.770833333333
2012-07-18 17:19:22,7554,1,36.7538690476,0.862276785714
2012-07-18 17:19:23,7555,1,37.420610119,0.666741071429
2012-07-18 17:19:24,7556,1,37.7095982143,0.288988095238
2012-07-18 17:19:25,7557,1,37.6191220238,-0.0904761904762
2012-07-18 17:19:26,7558,1,37.3004464286,-0.318675595238
2012-07-18 17:19:27,7559,1,37.003422619,-0.297023809524
2012-07-18 17:19:28,7560,1,36.9951636905,-0.0082589285714
2012-07-18 17:19:29,7561,1,37.4307291667,0.435565476191
2012-07-18 17:19:30,7562,1,38.2763392857,0.845610119048
2012-07-18 17:19:31,7563,1,39.359375,1.08303571429
2012-07-18 17:19:32,7564,1,40.4899553571,1.13058035714
2012-07-18 17:19:33,7565,1,41.550297619,1.0603422619
2012-07-18 17:19:34,7566,1,42.4869047619,0.936607142857
2012-07-18 17:19:35,7567,1,43.2535714286,0.766666666667
2012-07-18 17:19:36,7568,1,43.8116071429,0.558035714286
2012-07-18 17:19:37,7569,1,44.1828869048,0.371279761905
2012-07-18 17:19:38,7570,1,44.4453125,0.262425595238
2012-07-18 17:19:39,7571,1,44.6429315476,0.197619047619
2012-07-18 17:19:40,7572,1,44.7117559524,0.0688244047619
2012-07-18 17:19:41,7573,1,44.5078125,-0.203943452381
2012-07-18 17:19:42,7574,1,43.9220982143,-0.585714285714
2012-07-18 17:19:43,7575,1,42.9875744048,-0.934523809524
2012-07-18 17:19:44,7576,1,41.8933035714,-1.09427083333
2012-07-18 17:19:45,7577,1,40.9208333333,-0.972470238095
2012-07-18 17:19:46,7578,1,40.360639881,-0.560193452381
2012-07-18 17:19:47,7579,1,40.4133928571,0.0527529761905
2012-07-18 17:19:48,7580,1,41.0870535714,0.673660714286
2012-07-18 17:19:49,7581,1,42.1729910714,1.0859375
2012-07-18 17:19:50,7582,1,43.3561011905,1.18311011905
2012-07-18 17:19:51,7583,1,44.383110119,1.02700892857
2012-07-18 17:19:52,7584,1,45.163764881,0.780654761905
2012-07-18 17:19:53,7585,1,45.7538690476,0.590104166667
2012-07-18 17:19:54,7586,1,46.2630952381,0.509226190476
2012-07-18 17:19:55,7587,1,46.7857142857,0.522619047619
2012-07-18 17:19:56,7588,1,47.3994047619,0.61369047619
2012-07-18 17:19:57,7589,1,48.165625,0.766220238095
2012-07-18 17:19:58,7590,1,49.0915178571,0.925892857143
2012-07-18 17:19:59,7591,1,50.1110119048,1.01949404762
2012-07-18 17:20:00,7592,1,51.1183035714,1.00729166667
2012-07-18 17:20:01,7593,1,52.0290178571,0.910714285714
2012-07-18 17:20:02,7594,1,52.8335565476,0.804538690476
2012-07-18 17:20:03,7595,1,53.5880208333,0.754464285714
2012-07-18 17:20:04,7596,1,54.3388392857,0.750818452381
2012-07-18 17:20:05,7597,1,55.0735863095,0.734747023809
2012-07-18 17:20:06,7598,1,55.744047619,0.670461309524
2012-07-18 17:20:07,7599,1,56.3105654762,0.566517857143
2012-07-18 17:20:08,7600,1,56.7759672619,0.465401785714
2012-07-18 17:20:09,7601,1,57.201860119,0.425892857143
2012-07-18 17:20:10,7602,1,57.6842261905,0.482366071429
2012-07-18 17:20:11,7603,1,58.2928571429,0.608630952381
2012-07-18 17:20:12,7604,1,59.0158482143,0.722991071429
2012-07-18 17:20:13,7605,1,59.7595982143,0.74375
2012-07-18 17:20:14,7606,1,60.4205357143,0.6609375
2012-07-18 17:20:15,7607,1,60.9635416667,0.543005952381
2012-07-18 17:20:16,7608,1,61.4307291667,0.4671875
2012-07-18 17:20:17,7609,1,61.8869791667,0.45625
2012-07-18 17:20:18,7610,1,62.362797619,0.475818452381
2012-07-18 17:20:19,7611,1,62.8444940476,0.481696428571
2012-07-18 17:20:20,7612,1,63.3042410714,0.45974702381
2012-07-18 17:20:21,7613,1,63.719047619,0.414806547619
2012-07-18 17:20:22,7614,1,64.0694940476,0.350446428571
2012-07-18 17:20:23,7615,1,64.3459077381,0.276413690476
2012-07-18 17:20:24,7616,1,64.557514881,0.211607142857
2012-07-18 17:20:25,7617,1,64.7282738095,0.170758928571
2012-07-18 17:20:26,7618,1,64.8866071429,0.158333333333
2012-07-18 17:20:27,7619,1,65.0622767857,0.175669642857
2012-07-18 17:20:28,7620,1,65.2883928571,0.226116071429
2012-07-18 17:20:29,7621,1,65.5915178571,0.303125
2012-07-18 17:20:30,7622,1,65.9647321429,0.373214285714
2012-07-18 17:20:31,7623,1,66.3453125,0.380580357143
2012-07-18 17:20:32,7624,1,66.6285714286,0.283258928571
2012-07-18 17:20:33,7625,1,66.7321428571,0.103571428571
2012-07-18 17:20:34,7626,1,66.6678571429,-0.0642857142857
2012-07-18 17:20:35,7627,1,66.5368303571,-0.131026785714
2012-07-18 17:20:36,7628,1,66.4288690476,-0.107961309524
2012-07-18 17:20:37,7629,1,66.3171130952,-0.111755952381
2012-07-18 17:20:38,7630,1,66.0749255952,-0.2421875
2012-07-18 17:20:39,7631,1,65.6455357143,-0.429389880952
2012-07-18 17:20:40,7632,1,65.1648065476,-0.480729166667
2012-07-18 17:20:41,7633,1,64.8294642857,-0.335342261905
2012-07-18 17:20:42,7634,1,64.6879464286,-0.141517857143
2012-07-18 17:20:43,7635,1,64.6270833333,-0.0608630952381
2012-07-18 17:20:44,7636,1,64.4979166667,-0.129166666667
2012-07-18 17:20:45,7637,1,64.2447916667,-0.253125
2012-07-18 17:20:46,7638,1,63.9575892857,-0.287202380952
2012-07-18 17:20:47,7639,1,63.7666666667,-0.190922619048
2012-07-18 17:20:48,7640,1,63.7087797619,-0.0578869047619
2012-07-18 17:20:49,7641,1,63.7334077381,0.0246279761904
2012-07-18 17:20:50,7642,1,63.7691220238,0.0357142857143
2012-07-18 17:20:51,7643,1,63.7529017857,-0.0162202380952
2012-07-18 17:20:52,7644,1,63.6517857143,-0.101116071429
2012-07-18 17:20:53,7645,1,63.483110119,-0.168675595238
2012-07-18 17:20:54,7646,1,63.2951636905,-0.187946428571
2012-07-18 17:20:55,7647,1,63.1094494048,-0.185714285714
2012-07-18 17:20:56,7648,1,62.8925595238,-0.216889880952
2012-07-18 17:20:57,7649,1,62.595610119,-0.296949404762
2012-07-18 17:20:58,7650,1,62.204985119,-0.390625
2012-07-18 17:20:59,7651,1,61.7546130952,-0.450372023809
2012-07-18 17:21:00,7652,1,61.2985119048,-0.456101190476
2012-07-18 17:21:01,7653,1,60.8540178571,-0.444494047619
2012-07-18 17:21:02,7654,1,60.3769345238,-0.477083333333
2012-07-18 17:21:03,7655,1,59.8266369048,-0.550297619048
2012-07-18 17:21:04,7656,1,59.2408482143,-0.585788690476
2012-07-18 17:21:05,7657,1,58.7225446429,-0.518303571429
2012-07-18 17:21:06,7658,1,58.4119047619,-0.310639880952
2012-07-18 17:21:07,7659,1,58.5107886905,0.0988839285714
2012-07-18 17:21:08,7660,1,59.237202381,0.726413690476
2012-07-18 17:21:09,7661,1,60.6316964286,1.39449404762
2012-07-18 17:21:10,7662,1,62.3876488095,1.75595238095
2012-07-18 17:21:11,7663,1,63.9289434524,1.54129464286
2012-07-18 17:21:12,7664,1,64.7363839286,0.80744047619
2012-07-18 17:21:13,7665,1,64.6651785714,-0.0712053571428
2012-07-18 17:21:14,7666,1,63.9673363095,-0.697842261905
2012-07-18 17:21:15,7667,1,63.0222470238,-0.945089285714
2012-07-18 17:21:16,7668,1,62.0706845238,-0.9515625
2012-07-18 17:21:17,7669,1,61.169047619,-0.901636904762
2012-07-18 17:21:18,7670,1,60.2889136905,-0.880133928571
2012-07-18 17:21:19,7671,1,59.3933779762,-0.895535714286
2012-07-18 17:21:20,7672,1,58.4410714286,-0.952306547619
2012-07-18 17:21:21,7673,1,57.3709821429,-1.07008928571
2012-07-18 17:21:22,7674,1,56.1308035714,-1.24017857143
2012-07-18 17:21:23,7675,1,54.74375,-1.38705357143
2012-07-18 17:21:24,7676,1,53.333110119,-1.41063988095
2012-07-18 17:21:25,7677,1,52.0241815476,-1.30892857143
2012-07-18 17:21:26,7678,1,50.7470982143,-1.27708333333
2012-07-18 17:21:27,7679,1,49.1504464286,-1.59665178571
2012-07-18 17:21:28,7680,1,46.8044642857,-2.34598214286
2012-07-18 17:21:29,7681,1,43.5011904762,-3.30327380952
2012-07-18 17:21:30,7682,1,39.3349702381,-4.1662202381
2012-07-18 17:21:31,7683,1,34.557514881,-4.77745535714
2012-07-18 17:21:32,7684,1,29.4003720238,-5.15714285714
2012-07-18 17:21:33,7685,1,24.0276785714,-5.37269345238
2012-07-18 17:21:34,7686,1,18.6489583333,-5.3787202381
2012-07-18 17:21:35,7687,1,13.6094866071,-5.03947172619
2012-07-18 17:21:36,7688,1,9.30305059524,-4.3064360119
2012-07-18 17:21:37,7689,1,6.01283482143,-3.29021577381
2012-07-18 17:21:38,7690,1,3.82648809524,-2.18634672619
2012-07-18 17:21:39,7691,1,2.62734375,-1.19914434524
2012-07-18 17:21:40,7692,1,2.14337797619,-0.48396577381
2012-07-18 17:21:41,7693,1,2.05944940476,-0.0839285714286
2012-07-18 17:21:42,7694,1,2.1380952381,0.0786458333333
2012-07-18 17:21:43,7695,1,2.26685267857,0.128757440476
2012-07-18 17:21:44,7696,1,2.4209077381,0.154055059524
2012-07-18 17:21:45,7697,1,2.59386160714,0.172953869048
2012-07-18 17:21:46,7698,1,2.75647321429,0.162611607143
2012-07-18 17:21:47,7699,1,2.90874255952,0.152269345238
2012-07-18 17:21:48,7700,1,3.21889880952,0.31015625
2012-07-18 17:21:49,7701,1,4.06443452381,0.845535714286
2012-07-18 17:21:50,7702,1,5.81741071429,1.75297619048
2012-07-18 17:21:51,7703,1,8.4771577381,2.65974702381
2012-07-18 17:21:52,7704,1,11.4238095238,2.94665178571
2012-07-18 17:21:53,7705,1,13.6098958333,2.18608630952
2012-07-18 17:21:54,7706,1,14.2177827381,0.607886904762
2012-07-18 17:21:55,7707,1,13.2232886905,-0.994494047619
2012-07-18 17:21:56,7708,1,11.3313988095,-1.89188988095
2012-07-18 17:21:57,7709,1,9.43199404762,-1.8994047619
2012-07-18 17:21:58,7710,1,8.10319940476,-1.32879464286
2012-07-18 17:21:59,7711,1,7.54553571429,-0.557663690476
2012-07-18 17:22:00,7712,1,7.86785714286,0.322321428571
2012-07-18 17:22:01,7713,1,9.25260416667,1.38474702381
2012-07-18 17:22:02,7714,1,11.7779017857,2.52529761905
2012-07-18 17:22:03,7715,1,15.1728422619,3.39494047619
2012-07-18 17:22:04,7716,1,18.7670386905,3.59419642857
2012-07-18 17:22:05,7717,1,21.6469494048,2.87991071429
2012-07-18 17:22:06,7718,1,22.9942708333,1.34732142857
2012-07-18 17:22:07,7719,1,22.4894345238,-0.504836309524
2012-07-18 17:22:08,7720,1,20.5125,-1.97693452381
2012-07-18 17:22:09,7721,1,18.0175595238,-2.49494047619
2012-07-18 17:22:10,7722,1,16.1536458333,-1.86391369048
2012-07-18 17:22:11,7723,1,15.7712797619,-0.382366071428
2012-07-18 17:22:12,7724,1,17.0882440476,1.31696428571
2012-07-18 17:22:13,7725,1,19.7121279762,2.62388392857
2012-07-18 17:22:14,7726,1,22.8997767857,3.18764880952
2012-07-18 17:22:15,7727,1,25.8738839286,2.97410714286
2012-07-18 17:22:16,7728,1,28.1066220238,2.23273809524
2012-07-18 17:22:17,7729,1,29.4550595238,1.3484375
2012-07-18 17:22:18,7730,1,30.067485119,0.612425595238
2012-07-18 17:22:19,7731,1,30.118452381,0.0509672619048
2012-07-18 17:22:20,7732,1,29.5659970238,-0.552455357143
2012-07-18 17:22:21,7733,1,28.149702381,-1.41629464286
2012-07-18 17:22:22,7734,1,25.6607886905,-2.48891369048
2012-07-18 17:22:23,7735,1,22.2507440476,-3.41004464286
2012-07-18 17:22:24,7736,1,18.4727678571,-3.77797619048
2012-07-18 17:22:25,7737,1,14.9757440476,-3.49702380952
2012-07-18 17:22:26,7738,1,12.1360119048,-2.83973214286
2012-07-18 17:22:27,7739,1,10.0255208333,-2.11049107143
2012-07-18 17:22:28,7740,1,8.72961309524,-1.2959077381
2012-07-18 17:22:29,7741,1,8.54598214286,-0.183630952381
2012-07-18 17:22:30,7742,1,9.71086309524,1.16488095238
2012-07-18 17:22:31,7743,1,11.942485119,2.23162202381
2012-07-18 17:22:32,7744,1,14.4006696429,2.45818452381
2012-07-18 17:22:33,7745,1,16.2125,1.81183035714
2012-07-18 17:22:34,7746,1,17.0857142857,0.873214285714
2012-07-18 17:22:35,7747,1,17.4366071429,0.350892857143
2012-07-18 17:22:36,7748,1,17.9380952381,0.501488095238
2012-07-18 17:22:37,7749,1,18.9330357143,0.994940476191
2012-07-18 17:22:38,7750,1,20.2170386905,1.28400297619
2012-07-18 17:22:39,7751,1,21.2607142857,1.04367559524
2012-07-18 17:22:40,7752,1,21.5840029762,0.323288690476
2012-07-18 17:22:41,7753,1,21.026860119,-0.557142857143
2012-07-18 17:22:42,7754,1,19.8026785714,-1.22418154762
2012-07-18 17:22:43,7755,1,18.3337797619,-1.46889880952
2012-07-18 17:22:44,7756,1,16.9889136905,-1.34486607143
2012-07-18 17:22:45,7757,1,15.8735119048,-1.11540178571
2012-07-18 17:22:46,7758,1,14.8115327381,-1.06197916667
2012-07-18 17:22:47,7759,1,13.5663690476,-1.24516369048
2012-07-18 17:22:48,7760,1,12.0978422619,-1.46852678571
2012-07-18 17:22:49,7761,1,10.6087053571,-1.48913690476
2012-07-18 17:22:50,7762,1,9.38571428571,-1.22299107143
2012-07-18 17:22:51,7763,1,8.59166666667,-0.794047619048
2012-07-18 17:22:52,7764,1,8.18087797619,-0.410788690476
2012-07-18 17:22:53,7765,1,8.02700892857,-0.153869047619
2012-07-18 17:22:54,7766,1,8.12529761905,0.0982886904762
2012-07-18 17:22:55,7767,1,8.6634672619,0.538169642857
2012-07-18 17:22:56,7768,1,9.9109375,1.2474702381
2012-07-18 17:22:57,7769,1,11.9891369048,2.07819940476
2012-07-18 17:22:58,7770,1,14.679389881,2.69025297619
2012-07-18 17:22:59,7771,1,17.4662946429,2.7869047619
2012-07-18 17:23:00,7772,1,19.8054315476,2.33913690476
2012-07-18 17:23:01,7773,1,21.3561755952,1.55074404762
2012-07-18 17:23:02,7774,1,21.9927827381,0.636607142857
2012-07-18 17:23:03,7775,1,21.6930803571,-0.299702380952
2012-07-18 17:23:04,7776,1,20.5099702381,-1.18311011905
2012-07-18 17:23:05,7777,1,18.6520833333,-1.85788690476
2012-07-18 17:23:06,7778,1,16.515625,-2.13645833333
2012-07-18 17:23:07,7779,1,14.544047619,-1.97157738095
2012-07-18 17:23:08,7780,1,12.9978422619,-1.54620535714
2012-07-18 17:23:09,7781,1,11.8610863095,-1.13675595238
2012-07-18 17:23:10,7782,1,10.971577381,-0.889508928571
2012-07-18 17:23:11,7783,1,10.195014881,-0.7765625
2012-07-18 17:23:12,7784,1,9.44791666667,-0.747098214286
2012-07-18 17:23:13,7785,1,8.61220238095,-0.835714285714
2012-07-18 17:23:14,7786,1,7.54255952381,-1.06964285714
2012-07-18 17:23:15,7787,1,6.22276785714,-1.31979166667
2012-07-18 17:23:16,7788,1,4.87931547619,-1.34345238095
2012-07-18 17:23:17,7789,1,3.88772321429,-0.991592261905
2012-07-18 17:23:18,7790,1,3.53623511905,-0.351488095238
2012-07-18 17:23:19,7791,1,3.85453869048,0.318303571429
2012-07-18 17:23:20,7792,1,4.69226190476,0.837723214286
2012-07-18 17:23:21,7793,1,5.97522321429,1.28296130952
2012-07-18 17:23:22,7794,1,7.78980654762,1.81458333333
2012-07-18 17:23:23,7795,1,10.112202381,2.32239583333
2012-07-18 17:23:24,7796,1,12.4938988095,2.38169642857
2012-07-18 17:23:25,7797,1,14.1686011905,1.67470238095
2012-07-18 17:23:26,7798,1,14.5699404762,0.401339285714
2012-07-18 17:23:27,7799,1,13.7433779762,-0.8265625
2012-07-18 17:23:28,7800,1,12.273735119,-1.46964285714
2012-07-18 17:23:29,7801,1,10.8741815476,-1.39955357143
2012-07-18 17:23:30,7802,1,10.059375,-0.814806547619
2012-07-18 17:23:31,7803,1,10.1263392857,0.0669642857143
2012-07-18 17:23:32,7804,1,11.227827381,1.10148809524
2012-07-18 17:23:33,7805,1,13.2557291667,2.02790178571
2012-07-18 17:23:34,7806,1,15.6863839286,2.4306547619
2012-07-18 17:23:35,7807,1,17.7391369048,2.05275297619
2012-07-18 17:23:36,7808,1,18.8188244048,1.0796875
2012-07-18 17:23:37,7809,1,18.8380952381,0.0192708333333
2012-07-18 17:23:38,7810,1,18.1412946429,-0.696800595238
2012-07-18 17:23:39,7811,1,17.1674107143,-0.973883928571
2012-07-18 17:23:40,7812,1,16.2136160714,-0.953794642857
2012-07-18 17:23:41,7813,1,15.4636904762,-0.749925595238
2012-07-18 17:23:42,7814,1,15.0758928571,-0.387797619048
2012-07-18 17:23:43,7815,1,15.1145089286,0.0386160714285
2012-07-18 17:23:44,7816,1,15.438764881,0.324255952381
2012-07-18 17:23:45,7817,1,15.7447172619,0.305952380952
2012-07-18 17:23:46,7818,1,15.7521577381,0.0074404761904
2012-07-18 17:23:47,7819,1,15.4058035714,-0.346354166667
2012-07-18 17:23:48,7820,1,14.9200892857,-0.485714285714
2012-07-18 17:23:49,7821,1,14.5907738095,-0.32931547619
2012-07-18 17:23:50,7822,1,14.559077381,-0.0316964285714
2012-07-18 17:23:51,7823,1,14.756547619,0.197470238095
2012-07-18 17:23:52,7824,1,15.020610119,0.2640625
2012-07-18 17:23:53,7825,1,15.213764881,0.193154761905
2012-07-18 17:23:54,7826,1,15.192228836,-0.0215360449736
2012-07-18 17:23:55,7827,1,14.6732225529,-0.519006283069
2012-07-18 17:23:56,7828,1,13.2982390873,-1.37498346561
2012-07-18 17:23:57,7829,1,10.9834242725,-2.31481481481
2012-07-18 17:23:58,7830,1,8.17332175926,-2.81010251323
2012-07-18 17:23:59,7831,1,5.64796626984,-2.52535548942
2012-07-18 17:24:00,7832,1,4.01793981481,-1.63002645503
2012-07-18 17:24:01,7833,1,3.35219907407,-0.665740740741
2012-07-18 17:24:02,7834,1,3.26840277778,-0.0837962962963
2012-07-18 17:24:03,7835,1,3.34220403439,0.0738012566137
2012-07-18 17:24:04,7836,1,3.37170965608,0.0295056216931
2012-07-18 17:24:05,7837,1,3.36351686508,-0.0081927910053
2012-07-18 17:24:06,7838,1,3.48611937831,0.122602513228
2012-07-18 17:24:07,7839,1,4.02424768519,0.538128306878
2012-07-18 17:24:08,7840,1,5.21036706349,1.18611937831
2012-07-18 17:24:09,7841,1,7.05874669312,1.84837962963
2012-07-18 17:24:10,7842,1,9.34365906085,2.28491236772
2012-07-18 17:24:11,7843,1,11.6783234127,2.33466435185
2012-07-18 17:24:12,7844,1,13.6549024471,1.97657903439
2012-07-18 17:24:13,7845,1,14.9783812831,1.32347883598
2012-07-18 17:24:14,7846,1,15.5055059524,0.527124669312
2012-07-18 17:24:15,7847,1,15.237797619,-0.267708333333
2012-07-18 17:24:16,7848,1,14.3176339286,-0.920163690476
2012-07-18 17:24:17,7849,1,12.9822172619,-1.33541666667
2012-07-18 17:24:18,7850,1,11.4898809524,-1.49233630952
2012-07-18 17:24:19,7851,1,10.0759672619,-1.41391369048
2012-07-18 17:24:20,7852,1,8.94613095238,-1.12983630952
2012-07-18 17:24:21,7853,1,8.29895833333,-0.647172619048
2012-07-18 17:24:22,7854,1,8.33816964286,0.0392113095238
2012-07-18 17:24:23,7855,1,9.19933035714,0.861160714286
2012-07-18 17:24:24,7856,1,10.8197916667,1.62046130952
2012-07-18 17:24:25,7857,1,12.9110119048,2.0912202381
2012-07-18 17:24:26,7858,1,15.1007440476,2.18973214286
2012-07-18 17:24:27,7859,1,17.1121279762,2.01138392857
2012-07-18 17:24:28,7860,1,18.8232142857,1.71108630952
2012-07-18 17:24:29,7861,1,20.1738839286,1.35066964286
2012-07-18 17:24:30,7862,1,21.0311011905,0.857217261905
2012-07-18 17:24:31,7863,1,21.2067708333,0.175669642857
2012-07-18 17:24:32,7864,1,20.6457589286,-0.561011904762
2012-07-18 17:24:33,7865,1,19.5388392857,-1.10691964286
2012-07-18 17:24:34,7866,1,18.2277529762,-1.31108630952
2012-07-18 17:24:35,7867,1,17.034672619,-1.19308035714
2012-07-18 17:24:36,7868,1,16.134077381,-0.900595238095
2012-07-18 17:24:37,7869,1,15.5095982143,-0.624479166667
2012-07-18 17:24:38,7870,1,15.0330357143,-0.4765625
2012-07-18 17:24:39,7871,1,14.5863839286,-0.446651785714
2012-07-18 17:24:40,7872,1,14.1058779762,-0.480505952381
2012-07-18 17:24:41,7873,1,13.5908482143,-0.515029761905
2012-07-18 17:24:42,7874,1,13.15,-0.440848214286
2012-07-18 17:24:43,7875,1,12.9935267857,-0.156473214286
2012-07-18 17:24:44,7876,1,13.2897321429,0.296205357143
2012-07-18 17:24:45,7877,1,13.9783482143,0.688616071429
2012-07-18 17:24:46,7878,1,14.6915178571,0.713169642857
2012-07-18 17:24:47,7879,1,14.8998511905,0.208333333333
2012-07-18 17:24:48,7880,1,14.2476934524,-0.652157738095
2012-07-18 17:24:49,7881,1,12.790625,-1.45706845238
2012-07-18 17:24:50,7882,1,10.9170386905,-1.87358630952
2012-07-18 17:24:51,7883,1,9.08325892857,-1.8337797619
2012-07-18 17:24:52,7884,1,7.6056547619,-1.47760416667
2012-07-18 17:24:53,7885,1,6.62916666667,-0.976488095238
2012-07-18 17:24:54,7886,1,6.21555059524,-0.413616071429
2012-07-18 17:24:55,7887,1,6.36495535714,0.149404761905
2012-07-18 17:24:56,7888,1,6.9306547619,0.565699404762
2012-07-18 17:24:57,7889,1,7.6087797619,0.678125
2012-07-18 17:24:58,7890,1,8.0853422619,0.4765625
2012-07-18 17:24:59,7891,1,8.20818452381,0.122842261905
2012-07-18 17:25:00,7892,1,8.03206845238,-0.176116071429
2012-07-18 17:25:01,7893,1,7.72336309524,-0.308705357143
2012-07-18 17:25:02,7894,1,7.46235119048,-0.261011904762
2012-07-18 17:25:03,7895,1,7.42976190476,-0.0325892857143
2012-07-18 17:25:04,7896,1,7.7677827381,0.338020833333
2012-07-18 17:25:05,7897,1,8.45029761905,0.682514880952
2012-07-18 17:25:06,7898,1,9.21421130952,0.763913690476
2012-07-18 17:25:07,7899,1,9.68839285714,0.474181547619
2012-07-18 17:25:08,7900,1,9.64017857143,-0.0482142857143
2012-07-18 17:25:09,7901,1,9.12708333333,-0.513095238095
2012-07-18 17:25:10,7902,1,8.41696428571,-0.710119047619
2012-07-18 17:25:11,7903,1,7.76636904762,-0.650595238095
2012-07-18 17:25:12,7904,1,7.27857142857,-0.487797619048
2012-07-18 17:25:13,7905,1,6.93273809524,-0.345833333333
2012-07-18 17:25:14,7906,1,6.68162202381,-0.251116071429
2012-07-18 17:25:15,7907,1,6.50171130952,-0.179910714286
2012-07-18 17:25:16,7908,1,6.38623511905,-0.115476190476
2012-07-18 17:25:17,7909,1,6.3271577381,-0.0590773809524
2012-07-18 17:25:18,7910,1,6.31688988095,-0.0102678571429
2012-07-18 17:25:19,7911,1,6.37604166667,0.0591517857143
2012-07-18 17:25:20,7912,1,6.59724702381,0.221205357143
2012-07-18 17:25:21,7913,1,7.15818452381,0.5609375
2012-07-18 17:25:22,7914,1,8.22455357143,1.06636904762
2012-07-18 17:25:23,7915,1,9.75260416667,1.52805059524
2012-07-18 17:25:24,7916,1,11.3774553571,1.62485119048
2012-07-18 17:25:25,7917,1,12.5686011905,1.19114583333
2012-07-18 17:25:26,7918,1,12.9661458333,0.397544642857
2012-07-18 17:25:27,7919,1,12.6017857143,-0.364360119048
2012-07-18 17:25:28,7920,1,11.8196428571,-0.782142857143
2012-07-18 17:25:29,7921,1,10.9964285714,-0.823214285714
2012-07-18 17:25:30,7922,1,10.3380952381,-0.658333333333
2012-07-18 17:25:31,7923,1,9.92507440476,-0.413020833333
2012-07-18 17:25:32,7924,1,9.85238095238,-0.072693452381
2012-07-18 17:25:33,7925,1,10.2128720238,0.360491071429
2012-07-18 17:25:34,7926,1,10.9678571429,0.754985119048
2012-07-18 17:25:35,7927,1,11.9170386905,0.949181547619
2012-07-18 17:25:36,7928,1,12.8115327381,0.894494047619
2012-07-18 17:25:37,7929,1,13.4991071429,0.687574404762
2012-07-18 17:25:38,7930,1,13.9779017857,0.478794642857
2012-07-18 17:25:39,7931,1,14.3344494048,0.356547619048
2012-07-18 17:25:40,7932,1,14.6712053571,0.336755952381
2012-07-18 17:25:41,7933,1,15.0755952381,0.404389880952
2012-07-18 17:25:42,7934,1,15.5680803571,0.492485119048
2012-07-18 17:25:43,7935,1,16.0363839286,0.468303571428
2012-07-18 17:25:44,7936,1,16.2495535714,0.213169642857
2012-07-18 17:25:45,7937,1,15.9857142857,-0.263839285714
2012-07-18 17:25:46,7938,1,15.198139881,-0.787574404762
2012-07-18 17:25:47,7939,1,14.0767113095,-1.12142857143
2012-07-18 17:25:48,7940,1,12.9340029762,-1.14270833333
2012-07-18 17:25:49,7941,1,12.0223214286,-0.911681547619
2012-07-18 17:25:50,7942,1,11.4290922619,-0.593229166667
2012-07-18 17:25:51,7943,1,11.0977678571,-0.331324404762
2012-07-18 17:25:52,7944,1,10.9527529762,-0.145014880952
2012-07-18 17:25:53,7945,1,11.0290922619,0.0763392857143
2012-07-18 17:25:54,7946,1,11.4470238095,0.417931547619
2012-07-18 17:25:55,7947,1,12.2230654762,0.776041666667
2012-07-18 17:25:56,7948,1,13.1354910714,0.912425595238
2012-07-18 17:25:57,7949,1,13.8188988095,0.683407738095
2012-07-18 17:25:58,7950,1,14.0241815476,0.205282738095
2012-07-18 17:25:59,7951,1,13.8415178571,-0.182663690476
2012-07-18 17:26:00,7952,1,13.6714285714,-0.170089285714
2012-07-18 17:26:01,7953,1,13.8818452381,0.210416666667
2012-07-18 17:26:02,7954,1,14.4391369048,0.557291666667
2012-07-18 17:26:03,7955,1,14.9070684524,0.467931547619
2012-07-18 17:26:04,7956,1,14.8209821429,-0.0860863095239
2012-07-18 17:26:05,7957,1,14.0744047619,-0.746577380952
2012-07-18 17:26:06,7958,1,12.9896577381,-1.08474702381
2012-07-18 17:26:07,7959,1,12.0359375,-0.953720238095
2012-07-18 17:26:08,7960,1,11.4703869048,-0.565550595238
2012-07-18 17:26:09,7961,1,11.2398809524,-0.230505952381
2012-07-18 17:26:10,7962,1,11.1654761905,-0.0744047619048
2012-07-18 17:26:11,7963,1,11.1226190476,-0.0428571428572
2012-07-18 17:26:12,7964,1,11.0519345238,-0.0706845238095
2012-07-18 17:26:13,7965,1,10.9181547619,-0.133779761905
2012-07-18 17:26:14,7966,1,10.7195684524,-0.198586309524
2012-07-18 17:26:15,7967,1,10.5006696429,-0.218898809524
2012-07-18 17:26:16,7968,1,10.3250744048,-0.175595238095
2012-07-18 17:26:17,7969,1,10.2272321429,-0.0978422619048
2012-07-18 17:26:18,7970,1,10.1870535714,-0.0401785714285
2012-07-18 17:26:19,7971,1,10.1505952381,-0.0364583333334
2012-07-18 17:26:20,7972,1,10.0442708333,-0.106324404762
2012-07-18 17:26:21,7973,1,9.74486607143,-0.299404761905
2012-07-18 17:26:22,7974,1,9.0931547619,-0.651711309524
2012-07-18 17:26:23,7975,1,8.02038690476,-1.07276785714
2012-07-18 17:26:24,7976,1,6.67470238095,-1.34568452381
2012-07-18 17:26:25,7977,1,5.39226190476,-1.28244047619
2012-07-18 17:26:26,7978,1,4.51540178571,-0.876860119048
2012-07-18 17:26:27,7979,1,4.19650297619,-0.318898809524
2012-07-18 17:26:28,7980,1,4.33727678571,0.140773809524
2012-07-18 17:26:29,7981,1,4.70141369048,0.364136904762
2012-07-18 17:26:30,7982,1,5.08177083333,0.380357142857
2012-07-18 17:26:31,7983,1,5.38697916667,0.305208333333
2012-07-18 17:26:32,7984,1,5.62938988095,0.242410714286
2012-07-18 17:26:33,7985,1,5.8509672619,0.221577380952
2012-07-18 17:26:34,7986,1,6.02961309524,0.178645833333
2012-07-18 17:26:35,7987,1,6.05446428571,0.0248511904762
2012-07-18 17:26:36,7988,1,5.81882440476,-0.235639880952
2012-07-18 17:26:37,7989,1,5.33545918367,-0.483365221088
2012-07-18 17:26:38,7990,1,4.74365433673,-0.591804846939
2012-07-18 17:26:39,7991,1,4.20153061224,-0.54212372449
2012-07-18 17:26:40,7992,1,3.78338647959,-0.418144132653
2012-07-18 17:26:41,7993,1,3.48510841837,-0.298278061224
2012-07-18 17:26:42,7994,1,3.29978741497,-0.185321003401
2012-07-18 17:26:43,7995,1,3.25326318027,-0.0465242346939
2012-07-18 17:26:44,7996,1,3.3628082483,0.109545068027
2012-07-18 17:26:45,7997,1,3.58905187075,0.226243622449
2012-07-18 17:26:46,7998,1,3.87069515306,0.281643282313
2012-07-18 17:26:47,7999,1,4.19706898384,0.326373830782
2012-07-18 17:26:48,8000,1,4.57169031675,0.374621332908
2012-07-18 17:26:49,8001,1,4.90424904337,0.332558726616
2012-07-18 17:26:50,8002,1,5.03551100128,0.131261957908
2012-07-18 17:26:51,8003,1,4.88938137755,-0.146129623724
2012-07-18 17:26:52,8004,1,4.55494260204,-0.33443877551
2012-07-18 17:26:53,8005,1,4.22941113946,-0.325531462585
2012-07-18 17:26:54,8006,1,4.07705011692,-0.152361022534
2012-07-18 17:26:55,8007,1,4.10777529762,0.0307251806973
2012-07-18 17:26:56,8008,1,4.20974702381,0.10197172619
2012-07-18 17:26:57,8009,1,4.31729910714,0.107552083333
2012-07-18 17:26:58,8010,1,4.52409784226,0.206798735119
2012-07-18 17:26:59,8011,1,5.0103422619,0.486244419643
2012-07-18 17:27:00,8012,1,5.85505952381,0.844717261905
2012-07-18 17:27:01,8013,1,6.92001488095,1.06495535714
2012-07-18 17:27:02,8014,1,7.87337859623,0.953363715278
2012-07-18 17:27:03,8015,1,8.30620659722,0.432828000992
2012-07-18 17:27:04,8016,1,7.93598400298,-0.370222594246
2012-07-18 17:27:05,8017,1,6.80525173611,-1.13073226687
2012-07-18 17:27:06,8018,1,5.2824156746,-1.52283606151
2012-07-18 17:27:07,8019,1,3.85833333333,-1.42408234127
2012-07-18 17:27:08,8020,1,2.89816468254,-0.960168650794
2012-07-18 17:27:09,8021,1,2.47251984127,-0.42564484127
2012-07-18 17:27:10,8022,1,2.39880952381,-0.0737103174603
2012-07-18 17:27:11,8023,1,2.51088789683,0.112078373016
2012-07-18 17:27:12,8024,1,2.85838293651,0.347495039683
2012-07-18 17:27:13,8025,1,3.59769345238,0.739310515873
2012-07-18 17:27:14,8026,1,4.77093253968,1.1732390873
2012-07-18 17:27:15,8027,1,6.23435019841,1.46341765873
2012-07-18 17:27:16,8028,1,7.73526785714,1.50091765873
2012-07-18 17:27:17,8029,1,9.04206349206,1.30679563492
2012-07-18 17:27:18,8030,1,10.0339037698,0.991840277778
2012-07-18 17:27:19,8031,1,10.6890625,0.655158730159
2012-07-18 17:27:20,8032,1,11.0325892857,0.343526785714
2012-07-18 17:27:21,8033,1,11.0988095238,0.0662202380952
2012-07-18 17:27:22,8034,1,10.8681547619,-0.230654761905
2012-07-18 17:27:23,8035,1,10.2300595238,-0.638095238095
2012-07-18 17:27:24,8036,1,9.11264880952,-1.11741071429
2012-07-18 17:27:25,8037,1,7.70974702381,-1.40290178571
2012-07-18 17:27:26,8038,1,6.5072172619,-1.2025297619
2012-07-18 17:27:27,8039,1,5.97589285714,-0.531324404762
2012-07-18 17:27:28,8040,1,6.19866071429,0.222767857143
2012-07-18 17:27:29,8041,1,6.82418154762,0.625520833333
2012-07-18 17:27:30,8042,1,7.41123511905,0.587053571429
2012-07-18 17:27:31,8043,1,7.79538690476,0.384151785714
2012-07-18 17:27:32,8044,1,8.0875,0.292113095238
2012-07-18 17:27:33,8045,1,8.36421130952,0.276711309524
2012-07-18 17:27:34,8046,1,8.45811011905,0.0938988095238
2012-07-18 17:27:35,8047,1,8.08407738095,-0.374032738095
2012-07-18 17:27:36,8048,1,7.1396577381,-0.944419642857
2012-07-18 17:27:37,8049,1,5.85788690476,-1.28177083333
2012-07-18 17:27:38,8050,1,4.68467261905,-1.17321428571
2012-07-18 17:27:39,8051,1,4.01949404762,-0.665178571429
2012-07-18 17:27:40,8052,1,4.00967261905,-0.00982142857143
2012-07-18 17:27:41,8053,1,4.51376488095,0.504092261905
2012-07-18 17:27:42,8054,1,5.24858630952,0.734821428571
2012-07-18 17:27:43,8055,1,5.97395833333,0.72537202381
2012-07-18 17:27:44,8056,1,6.55193452381,0.577976190476
2012-07-18 17:27:45,8057,1,6.90438988095,0.352455357143
2012-07-18 17:27:46,8058,1,6.9818452381,0.0774553571429
2012-07-18 17:27:47,8059,1,6.79620535714,-0.185639880952
2012-07-18 17:27:48,8060,1,6.50513392857,-0.291071428571
2012-07-18 17:27:49,8061,1,6.42760416667,-0.0775297619048
2012-07-18 17:27:50,8062,1,6.86450892857,0.436904761905
2012-07-18 17:27:51,8063,1,7.85230654762,0.987797619048
2012-07-18 17:27:52,8064,1,9.10193452381,1.24962797619
2012-07-18 17:27:53,8065,1,10.1511160714,1.04918154762
2012-07-18 17:27:54,8066,1,10.5834077381,0.432291666667
2012-07-18 17:27:55,8067,1,10.1936135913,-0.389794146825
2012-07-18 17:27:56,8068,1,9.03609250992,-1.15752108135
2012-07-18 17:27:57,8069,1,7.37399553571,-1.66209697421
2012-07-18 17:27:58,8070,1,5.5927765377,-1.78121899802
2012-07-18 17:27:59,8071,1,4.08179563492,-1.51098090278
2012-07-18 17:28:00,8072,1,3.08303571429,-0.998759920635
2012-07-18 17:28:01,8073,1,2.59965277778,-0.483382936508
2012-07-18 17:28:02,8074,1,2.45475570437,-0.144897073413
2012-07-18 17:28:03,8075,1,2.44646577381,-0.00828993055556
2012-07-18 17:28:04,8076,1,2.45752108135,0.0110553075397
2012-07-18 17:28:05,8077,1,2.45715525794,-0.0003658234127
2012-07-18 17:28:06,8078,1,2.45,-0.00715525793651
2012-07-18 17:28:07,8079,1,2.44165426587,-0.00834573412698
2012-07-18 17:28:08,8080,1,2.43314112103,-0.00851314484127
2012-07-18 17:28:09,8081,1,2.42408854167,-0.00905257936508
2012-07-18 17:28:10,8082,1,2.41499875992,-0.00908978174603
2012-07-18 17:28:11,8083,1,2.40962921627,-0.0053695436508
2012-07-18 17:28:12,8084,1,2.41547619048,0.00584697420635
2012-07-18 17:28:13,8085,1,2.44007936508,0.0246031746032
2012-07-18 17:28:14,8086,1,2.48616691468,0.0460875496032
2012-07-18 17:28:15,8087,1,2.54986979167,0.0637028769841
2012-07-18 17:28:16,8088,1,2.6232452877,0.0733754960317
2012-07-18 17:28:17,8089,1,2.69926215278,0.0760168650794
2012-07-18 17:28:18,8090,1,2.77488839286,0.0756262400794
2012-07-18 17:28:19,8091,1,2.85,0.0751116071429
2012-07-18 17:28:20,8092,1,2.92302827381,0.0730282738095
2012-07-18 17:28:21,8093,1,2.98956473214,0.0665364583333
2012-07-18 17:28:22,8094,1,3.0607514881,0.0711867559524
2012-07-18 17:28:23,8095,1,3.18469122024,0.123939732143
2012-07-18 17:28:24,8096,1,3.4115327381,0.226841517857
2012-07-18 17:28:25,8097,1,3.73125,0.319717261905
2012-07-18 17:28:26,8098,1,4.08869047619,0.35744047619
2012-07-18 17:28:27,8099,1,4.44815848214,0.359468005952
2012-07-18 17:28:28,8100,1,4.79951636905,0.351357886905
2012-07-18 17:28:29,8101,1,5.112109375,0.312593005952
2012-07-18 17:28:30,8102,1,5.30256696429,0.190457589286
2012-07-18 17:28:31,8103,1,5.27038690476,-0.0321800595238
2012-07-18 17:28:32,8104,1,5.0203125,-0.250074404762
2012-07-18 17:28:33,8105,1,4.72946428571,-0.290848214286
2012-07-18 17:28:34,8106,1,4.60922619048,-0.120238095238
2012-07-18 17:28:35,8107,1,4.73430059524,0.125074404762
2012-07-18 17:28:36,8108,1,5.06011904762,0.325818452381
2012-07-18 17:28:37,8109,1,5.5015625,0.441443452381
2012-07-18 17:28:38,8110,1,5.94441964286,0.442857142857
2012-07-18 17:28:39,8111,1,6.28720238095,0.342782738095
2012-07-18 17:28:40,8112,1,6.50907738095,0.221875
2012-07-18 17:28:41,8113,1,6.68608630952,0.177008928571
2012-07-18 17:28:42,8114,1,6.9634672619,0.277380952381
2012-07-18 17:28:43,8115,1,7.45803571429,0.494568452381
2012-07-18 17:28:44,8116,1,8.1421875,0.684151785714
2012-07-18 17:28:45,8117,1,8.86793154762,0.725744047619
2012-07-18 17:28:46,8118,1,9.48936011905,0.621428571429
2012-07-18 17:28:47,8119,1,9.90476190476,0.415401785714
2012-07-18 17:28:48,8120,1,10.0269345238,0.122172619048
2012-07-18 17:28:49,8121,1,9.80163690476,-0.225297619048
2012-07-18 17:28:50,8122,1,9.25677083333,-0.544866071429
2012-07-18 17:28:51,8123,1,8.49025297619,-0.766517857143
2012-07-18 17:28:52,8124,1,7.60500165344,-0.885251322751
2012-07-18 17:28:53,8125,1,6.65650628307,-0.94849537037
2012-07-18 17:28:54,8126,1,5.65590277778,-1.00060350529
2012-07-18 17:28:55,8127,1,4.63741732804,-1.01848544974
2012-07-18 17:28:56,8128,1,3.70831679894,-0.929100529101
2012-07-18 17:28:57,8129,1,2.99751984127,-0.710796957672
2012-07-18 17:28:58,8130,1,2.56722056878,-0.430299272487
2012-07-18 17:28:59,8131,1,2.3822337963,-0.184986772487
2012-07-18 17:29:00,8132,1,2.34139384921,-0.0408399470899
2012-07-18 17:29:01,8133,1,2.33897982804,-0.00241402116402
2012-07-18 17:29:02,8134,1,2.31049933862,-0.028480489418
2012-07-18 17:29:03,8135,1,2.26939484127,-0.0411044973545
2012-07-18 17:29:04,8136,1,2.37029596561,0.100901124339
2012-07-18 17:29:05,8137,1,2.87749669312,0.507200727513
2012-07-18 17:29:06,8138,1,3.94593253968,1.06843584656
2012-07-18 17:29:07,8139,1,5.42680224868,1.48086970899
2012-07-18 17:29:08,8140,1,6.91429398148,1.4874917328
2012-07-18 17:29:09,8141,1,7.98606150794,1.07176752646
2012-07-18 17:29:10,8142,1,8.46142526455,0.475363756614
2012-07-18 17:29:11,8143,1,8.47572751323,0.0143022486773
2012-07-18 17:29:12,8144,1,8.32477678571,-0.150950727513
2012-07-18 17:29:13,8145,1,8.28452380952,-0.0402529761905
2012-07-18 17:29:14,8146,1,8.53110119048,0.246577380952
2012-07-18 17:29:15,8147,1,9.08616071429,0.55505952381
2012-07-18 17:29:16,8148,1,9.81108630952,0.724925595238
2012-07-18 17:29:17,8149,1,10.5438988095,0.7328125
2012-07-18 17:29:18,8150,1,11.2451636905,0.701264880952
2012-07-18 17:29:19,8151,1,11.9569196429,0.711755952381
2012-07-18 17:29:20,8152,1,12.6561755952,0.699255952381
2012-07-18 17:29:21,8153,1,13.1925595238,0.536383928571
2012-07-18 17:29:22,8154,1,13.3569940476,0.16443452381
2012-07-18 17:29:23,8155,1,13.0284970238,-0.32849702381
2012-07-18 17:29:24,8156,1,12.2445365646,-0.783960459184
2012-07-18 17:29:25,8157,1,11.0853210034,-1.15921556122
2012-07-18 17:29:26,8158,1,9.57050382653,-1.51481717687
2012-07-18 17:29:27,8159,1,7.76753826531,-1.80296556122
2012-07-18 17:29:28,8160,1,5.91851615646,-1.84902210884
2012-07-18 17:29:29,8161,1,4.36072491497,-1.5577912415
2012-07-18 17:29:30,8162,1,3.33756377551,-1.02316113946
2012-07-18 17:29:31,8163,1,2.86496598639,-0.472597789116
2012-07-18 17:29:32,8164,1,2.73867984694,-0.126286139456
2012-07-18 17:29:33,8165,1,2.72143920068,-0.0172406462585
2012-07-18 17:29:34,8166,1,2.7596619898,0.0382227891156
2012-07-18 17:29:35,8167,1,2.99465348639,0.234991496599
2012-07-18 17:29:36,8168,1,3.57796556122,0.58331207483
2012-07-18 17:29:37,8169,1,4.4965880102,0.91862244898
2012-07-18 17:29:38,8170,1,5.54042304422,1.04383503401
2012-07-18 17:29:39,8171,1,6.41483843537,0.874415391156
2012-07-18 17:29:40,8172,1,6.9178039966,0.502965561224
2012-07-18 17:29:41,8173,1,7.03901998299,0.121215986395
2012-07-18 17:29:42,8174,1,6.90178571429,-0.137234268707
2012-07-18 17:29:43,8175,1,6.6390625,-0.262723214286
2012-07-18 17:29:44,8176,1,6.32901785714,-0.310044642857
2012-07-18 17:29:45,8177,1,6.00178571429,-0.327232142857
2012-07-18 17:29:46,8178,1,5.68177083333,-0.320014880952
2012-07-18 17:29:47,8179,1,5.4328125,-0.248958333333
2012-07-18 17:29:48,8180,1,5.3459077381,-0.0869047619048
2012-07-18 17:29:49,8181,1,5.47172619048,0.125818452381
2012-07-18 17:29:50,8182,1,5.79769345238,0.325967261905
2012-07-18 17:29:51,8183,1,6.29077380952,0.493080357143
2012-07-18 17:29:52,8184,1,6.92388392857,0.633110119048
2012-07-18 17:29:53,8185,1,7.65580357143,0.731919642857
2012-07-18 17:29:54,8186,1,8.39099702381,0.735193452381
2012-07-18 17:29:55,8187,1,8.96436011905,0.573363095238
2012-07-18 17:29:56,8188,1,9.20543154762,0.241071428571
2012-07-18 17:29:57,8189,1,9.0474702381,-0.157961309524
2012-07-18 17:29:58,8190,1,8.5744047619,-0.47306547619
2012-07-18 17:29:59,8191,1,7.9959077381,-0.57849702381
2012-07-18 17:30:00,8192,1,7.60788690476,-0.388020833333
2012-07-18 17:30:01,8193,1,7.69293154762,0.0850446428572
2012-07-18 17:30:02,8194,1,8.33452380952,0.641592261905
2012-07-18 17:30:03,8195,1,9.31882440476,0.984300595238
2012-07-18 17:30:04,8196,1,10.2626488095,0.943824404762
2012-07-18 17:30:05,8197,1,10.8540178571,0.591369047619
2012-07-18 17:30:06,8198,1,11.0123511905,0.158333333333
2012-07-18 17:30:07,8199,1,10.8639880952,-0.148363095238
2012-07-18 17:30:08,8200,1,10.5735119048,-0.290476190476
2012-07-18 17:30:09,8201,1,10.2090029762,-0.364508928571
2012-07-18 17:30:10,8202,1,9.75401785714,-0.454985119048
2012-07-18 17:30:11,8203,1,9.19449404762,-0.559523809524
2012-07-18 17:30:12,8204,1,8.57991071429,-0.614583333333
2012-07-18 17:30:13,8205,1,8.02886904762,-0.551041666667
2012-07-18 17:30:14,8206,1,7.66979166667,-0.359077380952
2012-07-18 17:30:15,8207,1,7.54680059524,-0.122991071429
2012-07-18 17:30:16,8208,1,7.58556547619,0.0387648809524
2012-07-18 17:30:17,8209,1,7.66421130952,0.0786458333333
2012-07-18 17:30:18,8210,1,7.71160714286,0.0473958333333
2012-07-18 17:30:19,8211,1,7.734375,0.0227678571429
2012-07-18 17:30:20,8212,1,7.76473214286,0.0303571428571
2012-07-18 17:30:21,8213,1,7.81413690476,0.0494047619048
2012-07-18 17:30:22,8214,1,7.89977678571,0.0856398809524
2012-07-18 17:30:23,8215,1,8.08705357143,0.187276785714
2012-07-18 17:30:24,8216,1,8.45833333333,0.371279761905
2012-07-18 17:30:25,8217,1,9.02700892857,0.568675595238
2012-07-18 17:30:26,8218,1,9.68244047619,0.655431547619
2012-07-18 17:30:27,8219,1,10.2210565476,0.538616071429
2012-07-18 17:30:28,8220,1,10.4488839286,0.227827380952
2012-07-18 17:30:29,8221,1,10.2786458333,-0.170238095238
2012-07-18 17:30:30,8222,1,9.75989583333,-0.51875
2012-07-18 17:30:31,8223,1,9.03147321429,-0.728422619048
2012-07-18 17:30:32,8224,1,8.22433035714,-0.807142857143
2012-07-18 17:30:33,8225,1,7.40223214286,-0.822098214286
2012-07-18 17:30:34,8226,1,6.61004464286,-0.7921875
2012-07-18 17:30:35,8227,1,5.96644345238,-0.643601190476
2012-07-18 17:30:36,8228,1,5.65766369048,-0.308779761905
2012-07-18 17:30:37,8229,1,5.77455357143,0.116889880952
2012-07-18 17:30:38,8230,1,6.15662202381,0.382068452381
2012-07-18 17:30:39,8231,1,6.48683035714,0.330208333333
2012-07-18 17:30:40,8232,1,6.56744791667,0.0806175595238
2012-07-18 17:30:41,8233,1,6.42315848214,-0.144289434524
2012-07-18 17:30:42,8234,1,6.13656994048,-0.286588541667
2012-07-18 17:30:43,8235,1,5.69849330357,-0.438076636905
2012-07-18 17:30:44,8236,1,5.05226934524,-0.646223958333
2012-07-18 17:30:45,8237,1,4.2283296131,-0.823939732143
2012-07-18 17:30:46,8238,1,3.42310267857,-0.805226934524
2012-07-18 17:30:47,8239,1,2.93519345238,-0.48790922619
2012-07-18 17:30:48,8240,1,2.9966889881,0.0614955357143
2012-07-18 17:30:49,8241,1,3.69242931548,0.695740327381
2012-07-18 17:30:50,8242,1,5.00279017857,1.3103608631
2012-07-18 17:30:51,8243,1,6.78550967262,1.78271949405
2012-07-18 17:30:52,8244,1,8.69817708333,1.91266741071
2012-07-18 17:30:53,8245,1,10.2298177083,1.531640625
2012-07-18 17:30:54,8246,1,10.8566592262,0.626841517857
2012-07-18 17:30:55,8247,1,10.2710565476,-0.585602678571
2012-07-18 17:30:56,8248,1,8.62879464286,-1.64226190476
2012-07-18 17:30:57,8249,1,6.60848214286,-2.0203125
2012-07-18 17:30:58,8250,1,5.10922619048,-1.49925595238
2012-07-18 17:30:59,8251,1,4.73980654762,-0.369419642857
2012-07-18 17:31:00,8252,1,5.47708333333,0.737276785714
2012-07-18 17:31:01,8253,1,6.74546130952,1.26837797619
2012-07-18 17:31:02,8254,1,7.82358630952,1.078125
2012-07-18 17:31:03,8255,1,8.2552827381,0.431696428571
2012-07-18 17:31:04,8256,1,8.00446428571,-0.250818452381
2012-07-18 17:31:05,8257,1,7.32648809524,-0.677976190476
2012-07-18 17:31:06,8258,1,6.5431547619,-0.783333333333
2012-07-18 17:31:07,8259,1,5.91607142857,-0.627083333333
2012-07-18 17:31:08,8260,1,5.62328869048,-0.292782738095
2012-07-18 17:31:09,8261,1,5.74806547619,0.124776785714
2012-07-18 17:31:10,8262,1,6.25930059524,0.511235119048
2012-07-18 17:31:11,8263,1,7.01599702381,0.756696428571
2012-07-18 17:31:12,8264,1,7.82194940476,0.805952380952
2012-07-18 17:31:13,8265,1,8.51703869048,0.695089285714
2012-07-18 17:31:14,8266,1,9.02373511905,0.506696428571
2012-07-18 17:31:15,8267,1,9.29255952381,0.268824404762
2012-07-18 17:31:16,8268,1,9.24181547619,-0.050744047619
2012-07-18 17:31:17,8269,1,8.80848214286,-0.433333333333
2012-07-18 17:31:18,8270,1,8.04761904762,-0.760863095238
2012-07-18 17:31:19,8271,1,7.16168154762,-0.8859375
2012-07-18 17:31:20,8272,1,6.43705357143,-0.72462797619
2012-07-18 17:31:21,8273,1,6.09776785714,-0.339285714286
2012-07-18 17:31:22,8274,1,6.16123511905,0.0634672619048
2012-07-18 17:31:23,8275,1,6.44456845238,0.283333333333
2012-07-18 17:31:24,8276,1,6.70848214286,0.263913690476
2012-07-18 17:31:25,8277,1,6.7947172619,0.0862351190476
2012-07-18 17:31:26,8278,1,6.69270833333,-0.102008928571
2012-07-18 17:31:27,8279,1,6.53489583333,-0.1578125
2012-07-18 17:31:28,8280,1,6.5244047619,-0.0104910714286
2012-07-18 17:31:29,8281,1,6.8259672619,0.3015625
2012-07-18 17:31:30,8282,1,7.46808035714,0.642113095238
2012-07-18 17:31:31,8283,1,8.29694940476,0.828869047619
2012-07-18 17:31:32,8284,1,9.01294642857,0.71599702381
2012-07-18 17:31:33,8285,1,9.31458333333,0.301636904762
2012-07-18 17:31:34,8286,1,9.08169642857,-0.232886904762
2012-07-18 17:31:35,8287,1,8.41800595238,-0.66369047619
2012-07-18 17:31:36,8288,1,7.51897321429,-0.899032738095
2012-07-18 17:31:37,8289,1,6.54107142857,-0.977901785714
2012-07-18 17:31:38,8290,1,5.57857142857,-0.9625
2012-07-18 17:31:39,8291,1,4.72663690476,-0.85193452381
2012-07-18 17:31:40,8292,1,4.15744047619,-0.569196428571
2012-07-18 17:31:41,8293,1,4.05677083333,-0.100669642857
2012-07-18 17:31:42,8294,1,4.41086309524,0.354092261905
2012-07-18 17:31:43,8295,1,4.92328869048,0.512425595238
2012-07-18 17:31:44,8296,1,5.22321428571,0.299925595238
2012-07-18 17:31:45,8297,1,5.15989583333,-0.063318452381
2012-07-18 17:31:46,8298,1,4.94084821429,-0.219047619048
2012-07-18 17:31:47,8299,1,5.01428571429,0.0734375
2012-07-18 17:31:48,8300,1,5.70319940476,0.688913690476
2012-07-18 17:31:49,8301,1,6.86599702381,1.16279761905
2012-07-18 17:31:50,8302,1,7.95892857143,1.09293154762
2012-07-18 17:31:51,8303,1,8.4443452381,0.485416666667
2012-07-18 17:31:52,8304,1,8.1453125,-0.299032738095
2012-07-18 17:31:53,8305,1,7.30855654762,-0.836755952381
2012-07-18 17:31:54,8306,1,6.37857142857,-0.929985119048
2012-07-18 17:31:55,8307,1,5.6650297619,-0.713541666667
2012-07-18 17:31:56,8308,1,5.2056547619,-0.459375
2012-07-18 17:31:57,8309,1,4.89970238095,-0.305952380952
2012-07-18 17:31:58,8310,1,4.67157738095,-0.228125
2012-07-18 17:31:59,8311,1,4.51711309524,-0.154464285714
2012-07-18 17:32:00,8312,1,4.50424107143,-0.0128720238095
2012-07-18 17:32:01,8313,1,4.73556547619,0.231324404762
2012-07-18 17:32:02,8314,1,5.21071428571,0.475148809524
2012-07-18 17:32:03,8315,1,5.70870535714,0.497991071429
2012-07-18 17:32:04,8316,1,5.88616071429,0.177455357143
2012-07-18 17:32:05,8317,1,5.54985119048,-0.33630952381
2012-07-18 17:32:06,8318,1,4.87507440476,-0.674776785714
2012-07-18 17:32:07,8319,1,4.37976190476,-0.4953125
2012-07-18 17:32:08,8320,1,4.62380952381,0.244047619048
2012-07-18 17:32:09,8321,1,5.8521577381,1.22834821429
2012-07-18 17:32:10,8322,1,7.8630952381,2.0109375
2012-07-18 17:32:11,8323,1,10.1282738095,2.26517857143
2012-07-18 17:32:12,8324,1,12.0261160714,1.8978422619
2012-07-18 17:32:13,8325,1,13.0826636905,1.05654761905
2012-07-18 17:32:14,8326,1,13.1226934524,0.0400297619048
2012-07-18 17:32:15,8327,1,12.2707589286,-0.85193452381
2012-07-18 17:32:16,8328,1,10.8350446429,-1.43571428571
2012-07-18 17:32:17,8329,1,9.16822916667,-1.66681547619
2012-07-18 17:32:18,8330,1,7.5875,-1.58072916667
2012-07-18 17:32:19,8331,1,6.33005952381,-1.25744047619
2012-07-18 17:32:20,8332,1,5.48638392857,-0.843675595238
2012-07-18 17:32:21,8333,1,4.97269345238,-0.51369047619
2012-07-18 17:32:22,8334,1,4.621875,-0.350818452381
2012-07-18 17:32:23,8335,1,4.33013392857,-0.291741071429
2012-07-18 17:32:24,8336,1,4.1234375,-0.206696428571
2012-07-18 17:32:25,8337,1,4.08556547619,-0.0378720238095
2012-07-18 17:32:26,8338,1,4.25081845238,0.16525297619
2012-07-18 17:32:27,8339,1,4.60662202381,0.355803571429
2012-07-18 17:32:28,8340,1,5.15825892857,0.551636904762
2012-07-18 17:32:29,8341,1,5.90431547619,0.746056547619
2012-07-18 17:32:30,8342,1,6.73504464286,0.830729166667
2012-07-18 17:32:31,8343,1,7.39918154762,0.664136904762
2012-07-18 17:32:32,8344,1,7.6365327381,0.237351190476
2012-07-18 17:32:33,8345,1,7.40297619048,-0.233556547619
2012-07-18 17:32:34,8346,1,6.96688988095,-0.436086309524
2012-07-18 17:32:35,8347,1,6.76123511905,-0.205654761905
2012-07-18 17:32:36,8348,1,7.121875,0.360639880952
2012-07-18 17:32:37,8349,1,8.1103422619,0.988467261905
2012-07-18 17:32:38,8350,1,9.5052827381,1.39494047619
2012-07-18 17:32:39,8351,1,10.9426339286,1.43735119048
2012-07-18 17:32:40,8352,1,12.1290922619,1.18645833333
2012-07-18 17:32:41,8353,1,12.9757440476,0.846651785714
2012-07-18 17:32:42,8354,1,13.5254464286,0.549702380952
2012-07-18 17:32:43,8355,1,13.7842261905,0.258779761905
2012-07-18 17:32:44,8356,1,13.6743303571,-0.109895833333
2012-07-18 17:32:45,8357,1,13.1139136905,-0.560416666667
2012-07-18 17:32:46,8358,1,12.0831349206,-1.03077876984
2012-07-18 17:32:47,8359,1,10.6284722222,-1.45466269841
2012-07-18 17:32:48,8360,1,8.84947916667,-1.77899305556
2012-07-18 17:32:49,8361,1,6.92435515873,-1.92512400794
2012-07-18 17:32:50,8362,1,5.14714781746,-1.77720734127
2012-07-18 17:32:51,8363,1,3.8509672619,-1.29618055556
2012-07-18 17:32:52,8364,1,3.21498015873,-0.635987103175
2012-07-18 17:32:53,8365,1,3.14952876984,-0.0654513888889
2012-07-18 17:32:54,8366,1,3.40736607143,0.257837301587
2012-07-18 17:32:55,8367,1,3.82986111111,0.422495039683
2012-07-18 17:32:56,8368,1,4.4564484127,0.626587301587
2012-07-18 17:32:57,8369,1,5.37998511905,0.923536706349
2012-07-18 17:32:58,8370,1,6.56795634921,1.18797123016
2012-07-18 17:32:59,8371,1,7.85682043651,1.2888640873
2012-07-18 17:33:00,8372,1,9.06398809524,1.20716765873
2012-07-18 17:33:01,8373,1,10.0982390873,1.03425099206
2012-07-18 17:33:02,8374,1,10.997594246,0.89935515873
2012-07-18 17:33:03,8375,1,11.849702381,0.852108134921
2012-07-18 17:33:04,8376,1,12.6613095238,0.811607142857
2012-07-18 17:33:05,8377,1,13.3155505952,0.654241071429
2012-07-18 17:33:06,8378,1,13.6452380952,0.3296875
2012-07-18 17:33:07,8379,1,13.5538690476,-0.0913690476191
2012-07-18 17:33:08,8380,1,13.121875,-0.431994047619
2012-07-18 17:33:09,8381,1,12.5995535714,-0.522321428571
2012-07-18 17:33:10,8382,1,12.2371279762,-0.362425595238
2012-07-18 17:33:11,8383,1,12.1089285714,-0.128199404762
2012-07-18 17:33:12,8384,1,12.1029761905,-0.0059523809524
2012-07-18 17:33:13,8385,1,12.0392113095,-0.0637648809524
2012-07-18 17:33:14,8386,1,11.7963541667,-0.242857142857
2012-07-18 17:33:15,8387,1,11.3761904762,-0.420163690476
2012-07-18 17:33:16,8388,1,10.8787202381,-0.497470238095
2012-07-18 17:33:17,8389,1,10.4069940476,-0.471726190476
2012-07-18 17:33:18,8390,1,9.95186011905,-0.455133928571
2012-07-18 17:33:19,8391,1,9.34776785714,-0.604092261905
2012-07-18 17:33:20,8392,1,8.39069940476,-0.957068452381
2012-07-18 17:33:21,8393,1,7.0474702381,-1.34322916667
2012-07-18 17:33:22,8394,1,5.54233630952,-1.50513392857
2012-07-18 17:33:23,8395,1,4.2328125,-1.30952380952
2012-07-18 17:33:24,8396,1,3.42477678571,-0.808035714286
2012-07-18 17:33:25,8397,1,3.29226190476,-0.132514880952
2012-07-18 17:33:26,8398,1,3.87209821429,0.579836309524
2012-07-18 17:33:27,8399,1,5.03355654762,1.16145833333
2012-07-18 17:33:28,8400,1,6.4640625,1.43050595238
2012-07-18 17:33:29,8401,1,7.79211309524,1.32805059524
2012-07-18 17:33:30,8402,1,8.82150297619,1.02938988095
2012-07-18 17:33:31,8403,1,9.63549107143,0.813988095238
2012-07-18 17:33:32,8404,1,10.4029017857,0.767410714286
2012-07-18 17:33:33,8405,1,11.0914434524,0.688541666667
2012-07-18 17:33:34,8406,1,11.4336309524,0.3421875
2012-07-18 17:33:35,8407,1,11.1801339286,-0.25349702381
2012-07-18 17:33:36,8408,1,10.3642857143,-0.815848214286
2012-07-18 17:33:37,8409,1,9.35342261905,-1.01086309524
2012-07-18 17:33:38,8410,1,8.68861607143,-0.664806547619
2012-07-18 17:33:39,8411,1,8.80639880952,0.117782738095
2012-07-18 17:33:40,8412,1,9.7802827381,0.973883928571
2012-07-18 17:33:41,8413,1,11.26875,1.4884672619
2012-07-18 17:33:42,8414,1,12.7142857143,1.44553571429
2012-07-18 17:33:43,8415,1,13.6462797619,0.931994047619
2012-07-18 17:33:44,8416,1,13.9055803571,0.259300595238
2012-07-18 17:33:45,8417,1,13.6645833333,-0.24099702381
2012-07-18 17:33:46,8418,1,13.2646577381,-0.399925595238
2012-07-18 17:33:47,8419,1,13.0194940476,-0.245163690476
2012-07-18 17:33:48,8420,1,13.0962053571,0.0767113095239
2012-07-18 17:33:49,8421,1,13.5069940476,0.410788690476
2012-07-18 17:33:50,8422,1,14.176860119,0.669866071429
2012-07-18 17:33:51,8423,1,15.0196428571,0.842782738095
2012-07-18 17:33:52,8424,1,15.987202381,0.96755952381
2012-07-18 17:33:53,8425,1,17.050297619,1.0630952381
2012-07-18 17:33:54,8426,1,18.116889881,1.0665922619
2012-07-18 17:33:55,8427,1,19.0116815476,0.894791666667
2012-07-18 17:33:56,8428,1,19.5551339286,0.543452380952
2012-07-18 17:33:57,8429,1,19.6386160714,0.0834821428572
2012-07-18 17:33:58,8430,1,19.2628720238,-0.375744047619
2012-07-18 17:33:59,8431,1,18.5467261905,-0.716145833333
2012-07-18 17:34:00,8432,1,17.641889881,-0.904836309524
2012-07-18 17:34:01,8433,1,16.5735119048,-1.06837797619
2012-07-18 17:34:02,8434,1,15.1968005952,-1.37671130952
2012-07-18 17:34:03,8435,1,13.3813244048,-1.81547619048
2012-07-18 17:34:04,8436,1,11.2378720238,-2.14345238095
2012-07-18 17:34:05,8437,1,9.1322172619,-2.1056547619
2012-07-18 17:34:06,8438,1,7.49055059524,-1.64166666667
2012-07-18 17:34:07,8439,1,6.59174107143,-0.89880952381
2012-07-18 17:34:08,8440,1,6.4959077381,-0.0958333333333
2012-07-18 17:34:09,8441,1,7.12522321429,0.62931547619
2012-07-18 17:34:10,8442,1,8.38229166667,1.25706845238
2012-07-18 17:34:11,8443,1,10.1765625,1.79427083333
2012-07-18 17:34:12,8444,1,12.3751488095,2.19858630952
2012-07-18 17:34:13,8445,1,14.7788690476,2.4037202381
2012-07-18 17:34:14,8446,1,17.1291666667,2.35029761905
2012-07-18 17:34:15,8447,1,19.1209077381,1.99174107143
2012-07-18 17:34:16,8448,1,20.4757440476,1.35483630952
2012-07-18 17:34:17,8449,1,21.0641369048,0.588392857143
2012-07-18 17:34:18,8450,1,20.9611607143,-0.102976190476
2012-07-18 17:34:19,8451,1,20.3947916667,-0.566369047619
2012-07-18 17:34:20,8452,1,19.63125,-0.763541666667
2012-07-18 17:34:21,8453,1,18.8658482143,-0.765401785714
2012-07-18 17:34:22,8454,1,18.2042410714,-0.661607142857
2012-07-18 17:34:23,8455,1,17.7336309524,-0.470610119048
2012-07-18 17:34:24,8456,1,17.5595982143,-0.174032738095
2012-07-18 17:34:25,8457,1,17.7328869048,0.173288690476
2012-07-18 17:34:26,8458,1,18.1549107143,0.422023809524
2012-07-18 17:34:27,8459,1,18.5889880952,0.434077380952
2012-07-18 17:34:28,8460,1,18.7886904762,0.199702380952
2012-07-18 17:34:29,8461,1,18.6443452381,-0.144345238095
2012-07-18 17:34:30,8462,1,18.2377232143,-0.40662202381
2012-07-18 17:34:31,8463,1,17.7901041667,-0.447619047619
2012-07-18 17:34:32,8464,1,17.5658482143,-0.224255952381
2012-07-18 17:34:33,8465,1,17.7597470238,0.193898809524
2012-07-18 17:34:34,8466,1,18.403125,0.643377976191
2012-07-18 17:34:35,8467,1,19.370610119,0.967485119048
2012-07-18 17:34:36,8468,1,20.4927827381,1.12217261905
2012-07-18 17:34:37,8469,1,21.68125,1.1884672619
2012-07-18 17:34:38,8470,1,22.9616071429,1.28035714286
2012-07-18 17:34:39,8471,1,24.3790922619,1.41748511905
2012-07-18 17:34:40,8472,1,25.8835565476,1.50446428571
2012-07-18 17:34:41,8473,1,27.3186011905,1.43504464286
2012-07-18 17:34:42,8474,1,28.4915178571,1.17291666667
2012-07-18 17:34:43,8475,1,29.242485119,0.750967261905
2012-07-18 17:34:44,8476,1,29.4833333333,0.240848214286
2012-07-18 17:34:45,8477,1,29.212797619,-0.270535714286
2012-07-18 17:34:46,8478,1,28.5199404762,-0.692857142857
2012-07-18 17:34:47,8479,1,27.5580357143,-0.961904761905
2012-07-18 17:34:48,8480,1,26.4883184524,-1.0697172619
2012-07-18 17:34:49,8481,1,25.4530505952,-1.03526785714
2012-07-18 17:34:50,8482,1,24.6051339286,-0.847916666667
2012-07-18 17:34:51,8483,1,24.1430059524,-0.46212797619
2012-07-18 17:34:52,8484,1,24.2854166667,0.142410714286
2012-07-18 17:34:53,8485,1,25.1726934524,0.887276785714
2012-07-18 17:34:54,8486,1,26.7645833333,1.59188988095
2012-07-18 17:34:55,8487,1,28.827827381,2.06324404762
2012-07-18 17:34:56,8488,1,31.0306547619,2.20282738095
2012-07-18 17:34:57,8489,1,33.0741071429,2.04345238095
2012-07-18 17:34:58,8490,1,34.7720238095,1.69791666667
2012-07-18 17:34:59,8491,1,36.0591517857,1.28712797619
2012-07-18 17:35:00,8492,1,36.9713541667,0.912202380952
2012-07-18 17:35:01,8493,1,37.6115327381,0.640178571428
2012-07-18 17:35:02,8494,1,38.084375,0.472842261905
2012-07-18 17:35:03,8495,1,38.4332589286,0.348883928571
2012-07-18 17:35:04,8496,1,38.6327380952,0.199479166667
2012-07-18 17:35:05,8497,1,38.6305803571,-0.00215773809521
2012-07-18 17:35:06,8498,1,38.3888392857,-0.241741071429
2012-07-18 17:35:07,8499,1,37.8863095238,-0.502529761905
2012-07-18 17:35:08,8500,1,37.0973958333,-0.788913690476
2012-07-18 17:35:09,8501,1,36.0095238095,-1.08787202381
2012-07-18 17:35:10,8502,1,34.6912946429,-1.31822916667
2012-07-18 17:35:11,8503,1,33.3192708333,-1.37202380952
2012-07-18 17:35:12,8504,1,32.084375,-1.23489583333
2012-07-18 17:35:13,8505,1,31.0261904762,-1.05818452381
2012-07-18 17:35:14,8506,1,29.9505208333,-1.07566964286
2012-07-18 17:35:15,8507,1,28.5614583333,-1.3890625
2012-07-18 17:35:16,8508,1,26.716889881,-1.84456845238
2012-07-18 17:35:17,8509,1,24.5271577381,-2.18973214286
2012-07-18 17:35:18,8510,1,22.1854166667,-2.34174107143
2012-07-18 17:35:19,8511,1,19.7544642857,-2.43095238095
2012-07-18 17:35:20,8512,1,17.1748511905,-2.57961309524
2012-07-18 17:35:21,8513,1,14.4479910714,-2.72686011905
2012-07-18 17:35:22,8514,1,11.7232886905,-2.72470238095
2012-07-18 17:35:23,8515,1,9.20074404762,-2.52254464286
2012-07-18 17:35:24,8516,1,7.02180059524,-2.17894345238
2012-07-18 17:35:25,8517,1,5.26518683862,-1.75661375661
2012-07-18 17:35:26,8518,1,3.98662367725,-1.27856316138
2012-07-18 17:35:41,8533,15,3.21009424603,-0.0517686287478
2012-07-18 17:35:42,8534,1,2.86320271164,-0.346891534392
2012-07-18 17:35:43,8535,1,2.76316137566,-0.100041335979
2012-07-18 17:35:44,8536,1,2.7300843254,-0.0330770502646
2012-07-18 17:35:45,8537,1,2.70076058201,-0.0293237433862
2012-07-18 17:35:46,8538,1,2.69643683862,-0.00432374338624
2012-07-18 17:35:47,8539,1,2.72750496032,0.0310681216931
2012-07-18 17:35:48,8540,1,2.77094080688,0.0434358465608
2012-07-18 17:35:49,8541,1,2.79810681217,0.027166005291
2012-07-18 17:35:50,8542,1,2.81475694444,0.0166501322751
2012-07-18 17:35:51,8543,1,2.92804232804,0.113285383598
2012-07-18 17:35:52,8544,1,3.35258763228,0.424545304233
2012-07-18 17:35:53,8545,1,4.2658234127,0.913235780423
2012-07-18 17:35:54,8546,1,5.6343832672,1.3685598545
2012-07-18 17:35:55,8547,1,7.18426752646,1.54988425926
2012-07-18 17:35:56,8548,1,8.55076884921,1.36650132275
2012-07-18 17:35:57,8549,1,9.52394179894,0.973172949735
2012-07-18 17:35:58,8550,1,10.171494709,0.647552910053
2012-07-18 17:35:59,8551,1,10.7014880952,0.529993386243
2012-07-18 17:36:00,8552,1,11.2476934524,0.546205357143
2012-07-18 17:36:01,8553,1,11.7859375,0.538244047619
2012-07-18 17:36:02,8554,1,12.1671875,0.38125
2012-07-18 17:36:03,8555,1,12.203125,0.0359375
2012-07-18 17:36:04,8556,1,11.7537202381,-0.449404761905
2012-07-18 17:36:05,8557,1,10.7720238095,-0.981696428571
2012-07-18 17:36:06,8558,1,9.31860119048,-1.45342261905
2012-07-18 17:36:07,8559,1,7.53876488095,-1.77983630952
2012-07-18 17:36:08,8560,1,5.59575892857,-1.94300595238
2012-07-18 17:36:09,8561,1,3.65699404762,-1.93876488095
2012-07-18 17:36:10,8562,1,1.99992559524,-1.65706845238
2012-07-18 17:36:11,8563,1,0.0,-1.99992559524
2012-07-18 17:36:37,8589,26,0.0,0.0
2012-07-18 17:36:38,8590,1,3.26026785714,3.26026785714
2012-07-18 17:36:39,8591,1,6.10602678571,2.84575892857
2012-07-18 17:36:40,8592,1,9.27418154762,3.1681547619
2012-07-18 17:36:41,8593,1,12.0345982143,2.76041666667
2012-07-18 17:36:42,8594,1,13.8994791667,1.86488095238
2012-07-18 17:36:43,8595,1,14.7709821429,0.87150297619
2012-07-18 17:36:44,8596,1,14.9794642857,0.208482142857
2012-07-18 17:36:45,8597,1,15.1374255952,0.157961309524
2012-07-18 17:36:46,8598,1,15.8574404762,0.720014880952
2012-07-18 17:36:47,8599,1,17.4707589286,1.61331845238
2012-07-18 17:36:48,8600,1,19.8726190476,2.40186011905
2012-07-18 17:36:49,8601,1,22.604389881,2.73177083333
2012-07-18 17:36:50,8602,1,25.1498511905,2.54546130952
2012-07-18 17:36:51,8603,1,27.2196428571,2.06979166667
2012-07-18 17:36:52,8604,1,28.81875,1.59910714286
2012-07-18 17:36:53,8605,1,30.1148809524,1.29613095238
2012-07-18 17:36:54,8606,1,31.2671130952,1.15223214286
2012-07-18 17:36:55,8607,1,32.3458333333,1.0787202381
2012-07-18 17:36:56,8608,1,33.3500744048,1.00424107143
2012-07-18 17:36:57,8609,1,34.2421130952,0.892038690476
2012-07-18 17:36:58,8610,1,34.9672619048,0.725148809524
2012-07-18 17:36:59,8611,1,35.4805803571,0.513318452381
2012-07-18 17:37:00,8612,1,35.7685267857,0.287946428572
2012-07-18 17:37:01,8613,1,35.840922619,0.0723958333333
2012-07-18 17:37:02,8614,1,35.7091517857,-0.131770833333
2012-07-18 17:37:03,8615,1,35.3898809524,-0.319270833333
2012-07-18 17:37:04,8616,1,34.9415922619,-0.448288690476
2012-07-18 17:37:05,8617,1,34.4861607143,-0.455431547619
2012-07-18 17:37:06,8618,1,34.1780505952,-0.308110119048
2012-07-18 17:37:07,8619,1,34.1417410714,-0.0363095238095
2012-07-18 17:37:08,8620,1,34.4085565476,0.26681547619
2012-07-18 17:37:09,8621,1,34.8840029762,0.475446428572
2012-07-18 17:37:10,8622,1,35.3936755952,0.509672619048
2012-07-18 17:37:11,8623,1,35.7907738095,0.397098214286
2012-07-18 17:37:12,8624,1,36.042485119,0.251711309524
2012-07-18 17:37:13,8625,1,36.2590029762,0.216517857143
2012-07-18 17:37:14,8626,1,36.6173363095,0.358333333333
2012-07-18 17:37:15,8627,1,37.1784970238,0.561160714286
2012-07-18 17:37:16,8628,1,37.8264880952,0.647991071429
2012-07-18 17:37:17,8629,1,38.4150297619,0.588541666667
2012-07-18 17:37:18,8630,1,38.859672619,0.444642857143
2012-07-18 17:37:19,8631,1,39.1209077381,0.261235119048
2012-07-18 17:37:20,8632,1,39.2115327381,0.090625
2012-07-18 17:37:21,8633,1,39.1630208333,-0.0485119047619
2012-07-18 17:37:22,8634,1,38.9842261905,-0.178794642857
2012-07-18 17:37:23,8635,1,38.7037946429,-0.280431547619
2012-07-18 17:37:24,8636,1,38.3607142857,-0.343080357143
2012-07-18 17:37:25,8637,1,37.9498511905,-0.410863095238
2012-07-18 17:37:26,8638,1,37.4598958333,-0.489955357143
2012-07-18 17:37:27,8639,1,36.9071428571,-0.55275297619
2012-07-18 17:37:28,8640,1,36.2923363095,-0.614806547619
2012-07-18 17:37:29,8641,1,35.5836309524,-0.708705357143
2012-07-18 17:37:30,8642,1,34.7555803571,-0.828050595238
2012-07-18 17:37:31,8643,1,33.8345982143,-0.920982142857
2012-07-18 17:37:32,8644,1,32.9247767857,-0.909821428571
2012-07-18 17:37:33,8645,1,32.2053571429,-0.719419642857
2012-07-18 17:37:34,8646,1,31.8840029762,-0.321354166667
2012-07-18 17:37:35,8647,1,32.079389881,0.195386904762
2012-07-18 17:37:36,8648,1,32.6671875,0.587797619048
2012-07-18 17:37:37,8649,1,33.2249255952,0.557738095238
2012-07-18 17:37:38,8650,1,33.1912946429,-0.033630952381
2012-07-18 17:37:39,8651,1,32.1697916667,-1.02150297619
2012-07-18 17:37:40,8652,1,30.1619791667,-2.0078125
2012-07-18 17:37:41,8653,1,27.5738839286,-2.5880952381
2012-07-18 17:37:42,8654,1,24.9688988095,-2.60498511905
2012-07-18 17:37:43,8655,1,22.6966517857,-2.27224702381
2012-07-18 17:37:44,8656,1,20.6915922619,-2.00505952381
2012-07-18 17:37:45,8657,1,18.6148809524,-2.07671130952
2012-07-18 17:37:46,8658,1,16.1756944444,-2.43918650794
2012-07-18 17:37:47,8659,1,13.3546999008,-2.82099454365
2012-07-18 17:37:48,8660,1,10.4020089286,-2.95269097222
2012-07-18 17:37:49,8661,1,7.67826140873,-2.72374751984
2012-07-18 17:37:50,8662,1,5.4949156746,-2.18334573413
2012-07-18 17:37:51,8663,1,4.03117559524,-1.46374007937
2012-07-18 17:37:52,8664,1,3.30128968254,-0.729885912698
2012-07-18 17:37:53,8665,1,3.14692460317,-0.154365079365
2012-07-18 17:37:54,8666,1,3.3234375,0.176512896825
2012-07-18 17:37:55,8667,1,3.71937003968,0.395932539683
2012-07-18 17:37:56,8668,1,4.48784722222,0.76847718254
2012-07-18 17:37:57,8669,1,5.87544642857,1.38759920635
2012-07-18 17:37:58,8670,1,7.93938492063,2.06393849206
2012-07-18 17:37:59,8671,1,10.454625496,2.5152405754
2012-07-18 17:38:00,8672,1,13.0390625,2.58443700397
2012-07-18 17:38:01,8673,1,15.3540798611,2.31501736111
2012-07-18 17:38:02,8674,1,17.2255704365,1.8714905754
2012-07-18 17:38:03,8675,1,18.6154017857,1.38983134921
2012-07-18 17:38:04,8676,1,19.5194196429,0.904017857143
2012-07-18 17:38:05,8677,1,19.898735119,0.379315476191
2012-07-18 17:38:06,8678,1,19.6766369048,-0.222098214286
2012-07-18 17:38:07,8679,1,18.7995535714,-0.877083333333
2012-07-18 17:38:08,8680,1,17.3412946429,-1.45825892857
2012-07-18 17:38:09,8681,1,15.5589285714,-1.78236607143
2012-07-18 17:38:10,8682,1,13.8031994048,-1.75572916667
2012-07-18 17:38:11,8683,1,12.3379464286,-1.46525297619
2012-07-18 17:38:12,8684,1,11.2261904762,-1.11175595238
2012-07-18 17:38:13,8685,1,10.329985119,-0.896205357143
2012-07-18 17:38:14,8686,1,9.38110119048,-0.948883928571
2012-07-18 17:38:15,8687,1,8.15305059524,-1.22805059524
2012-07-18 17:38:16,8688,1,6.68489583333,-1.4681547619
2012-07-18 17:38:17,8689,1,5.3025297619,-1.38236607143
2012-07-18 17:38:32,8704,15,4.35089285714,-0.0634424603175
2012-07-18 17:38:33,8705,1,3.90208333333,-0.44880952381
2012-07-18 17:38:34,8706,1,3.70699404762,-0.195089285714
2012-07-18 17:38:35,8707,1,3.42961309524,-0.277380952381
2012-07-18 17:38:36,8708,1,2.97916666667,-0.450446428571
2012-07-18 17:38:37,8709,1,2.63742559524,-0.341741071429
2012-07-18 17:38:38,8710,1,2.85446428571,0.217038690476
2012-07-18 17:38:39,8711,1,3.92380952381,1.0693452381
2012-07-18 17:38:40,8712,1,5.83273809524,1.90892857143
2012-07-18 17:38:41,8713,1,8.33452380952,2.50178571429
2012-07-18 17:38:42,8714,1,11.0879464286,2.75342261905
2012-07-18 17:38:43,8715,1,13.7658482143,2.67790178571
2012-07-18 17:38:44,8716,1,16.1233630952,2.35751488095
2012-07-18 17:38:45,8717,1,18.0273809524,1.90401785714
2012-07-18 17:38:46,8718,1,19.4572916667,1.42991071429
2012-07-18 17:38:47,8719,1,20.4824404762,1.02514880952
2012-07-18 17:38:48,8720,1,21.20625,0.723809523809
2012-07-18 17:38:49,8721,1,21.7139880952,0.507738095238
2012-07-18 17:38:50,8722,1,22.1119791667,0.397991071429
2012-07-18 17:38:51,8723,1,22.571577381,0.459598214286
2012-07-18 17:38:52,8724,1,23.1551339286,0.583556547619
2012-07-18 17:38:53,8725,1,23.5584821429,0.403348214286
2012-07-18 17:38:54,8726,1,23.1765625,-0.381919642857
2012-07-18 17:38:55,8727,1,21.5298363095,-1.64672619048
2012-07-18 17:38:56,8728,1,18.6741815476,-2.8556547619
2012-07-18 17:38:57,8729,1,15.2203869048,-3.45379464286
2012-07-18 17:38:58,8730,1,11.9241071429,-3.2962797619
2012-07-18 17:38:59,8731,1,9.22693452381,-2.69717261905
2012-07-18 17:39:00,8732,1,7.12328869048,-2.10364583333
2012-07-18 17:39:01,8733,1,5.33519345238,-1.7880952381
2012-07-18 17:39:02,8734,1,3.61711309524,-1.71808035714
2012-07-18 17:39:03,8735,1,2.08147321429,-1.53563988095
2012-07-18 17:39:04,8736,1,0.0,-2.08147321429
2012-07-18 17:40:01,8793,57,0.0,0.0
2012-07-18 17:40:02,8794,1,4.9724702381,4.9724702381
2012-07-18 17:40:03,8795,1,9.03928571429,4.06681547619
2012-07-18 17:40:04,8796,1,13.5036458333,4.46436011905
2012-07-18 17:40:05,8797,1,17.6930059524,4.18936011905
2012-07-18 17:40:06,8798,1,21.3490327381,3.65602678571
2012-07-18 17:40:07,8799,1,24.4514136905,3.10238095238
2012-07-18 17:40:08,8800,1,26.9972470238,2.54583333333
2012-07-18 17:40:09,8801,1,28.9316964286,1.93444940476
2012-07-18 17:40:10,8802,1,30.228125,1.29642857143
2012-07-18 17:40:11,8803,1,30.9662946429,0.738169642857
2012-07-18 17:40:12,8804,1,31.323735119,0.357440476191
2012-07-18 17:40:13,8805,1,31.4990327381,0.175297619048
2012-07-18 17:40:14,8806,1,31.6037946429,0.104761904762
2012-07-18 17:40:15,8807,1,31.5787946429,-0.025
2012-07-18 17:40:16,8808,1,31.2032738095,-0.375520833333
2012-07-18 17:40:17,8809,1,30.2057291667,-0.997544642857
2012-07-18 17:40:18,8810,1,28.4063244048,-1.7994047619
2012-07-18 17:40:19,8811,1,25.80625,-2.60007440476
2012-07-18 17:40:20,8812,1,22.5702380952,-3.23601190476
2012-07-18 17:40:21,8813,1,18.9242559524,-3.64598214286
2012-07-18 17:40:22,8814,1,15.0969494048,-3.82730654762
2012-07-18 17:40:23,8815,1,11.3990327381,-3.69791666667
2012-07-18 17:40:24,8816,1,8.31875,-3.0802827381
2012-07-18 17:40:25,8817,1,6.41212797619,-1.90662202381
2012-07-18 17:40:26,8818,1,5.97633928571,-0.435788690476
2012-07-18 17:40:27,8819,1,6.7787202381,0.802380952381
2012-07-18 17:40:28,8820,1,8.11376488095,1.33504464286
2012-07-18 17:40:29,8821,1,9.17373511905,1.0599702381
2012-07-18 17:40:30,8822,1,9.46845238095,0.294717261905
2012-07-18 17:40:31,8823,1,9.01272321429,-0.455729166667
2012-07-18 17:40:32,8824,1,8.20104166667,-0.811681547619
2012-07-18 17:40:33,8825,1,7.52589285714,-0.675148809524
2012-07-18 17:40:34,8826,1,7.32358630952,-0.202306547619
2012-07-18 17:40:35,8827,1,7.63675595238,0.313169642857
2012-07-18 17:40:36,8828,1,8.24992559524,0.613169642857
2012-07-18 17:40:37,8829,1,8.87663690476,0.626711309524
2012-07-18 17:40:38,8830,1,9.34836309524,0.471726190476
2012-07-18 17:40:39,8831,1,9.65297619048,0.304613095238
2012-07-18 17:40:40,8832,1,9.80297619048,0.15
2012-07-18 17:40:41,8833,1,9.68519345238,-0.117782738095
2012-07-18 17:40:42,8834,1,9.09368912338,-0.591504329004
2012-07-18 17:40:43,8835,1,7.94123376623,-1.15245535714
2012-07-18 17:40:44,8836,1,6.41872970779,-1.52250405844
2012-07-18 17:40:45,8837,1,4.9322849026,-1.48644480519
2012-07-18 17:40:46,8838,1,3.86724837662,-1.06503652597
2012-07-18 17:40:47,8839,1,3.37237554113,-0.494872835498
2012-07-18 17:40:48,8840,1,3.33896103896,-0.0334145021645
2012-07-18 17:40:49,8841,1,3.55443046537,0.215469426407
2012-07-18 17:40:50,8842,1,3.85269209957,0.298261634199
2012-07-18 17:40:51,8843,1,4.15769751082,0.305005411255
2012-07-18 17:40:52,8844,1,4.45381493506,0.296117424242
2012-07-18 17:40:53,8845,1,4.74142316017,0.287608225108
2012-07-18 17:40:54,8846,1,5.01194534632,0.270522186147
2012-07-18 17:40:55,8847,1,5.27930194805,0.267356601732
2012-07-18 17:40:56,8848,1,5.6507034632,0.371401515152
2012-07-18 17:40:57,8849,1,6.31282467532,0.662121212121
2012-07-18 17:40:58,8850,1,7.4043357684,1.09151109307
2012-07-18 17:40:59,8851,1,8.9250879329,1.5207521645
2012-07-18 17:41:00,8852,1,10.7386972403,1.81360930736
2012-07-18 17:41:01,8853,1,12.6208536255,1.88215638528
2012-07-18 17:41:02,8854,1,14.3506561147,1.72980248918
2012-07-18 17:41:03,8855,1,15.7700013528,1.4193452381
2012-07-18 17:41:04,8856,1,16.7676339286,0.997632575757
2012-07-18 17:41:05,8857,1,17.3095238095,0.541889880952
2012-07-18 17:41:06,8858,1,17.5091517857,0.199627976191
2012-07-18 17:41:07,8859,1,17.5793154762,0.0701636904762
2012-07-18 17:41:08,8860,1,17.6761904762,0.096875
2012-07-18 17:41:09,8861,1,17.7936011905,0.117410714286
2012-07-18 17:41:10,8862,1,17.7994791667,0.0058779761905
2012-07-18 17:41:11,8863,1,17.5780505952,-0.221428571429
2012-07-18 17:41:12,8864,1,17.1456845238,-0.432366071429
2012-07-18 17:41:13,8865,1,16.6176339286,-0.528050595238
2012-07-18 17:41:14,8866,1,16.0567708333,-0.560863095238
2012-07-18 17:41:15,8867,1,15.3973958333,-0.659375
2012-07-18 17:41:16,8868,1,14.5504464286,-0.846949404762
2012-07-18 17:41:17,8869,1,13.540625,-1.00982142857
2012-07-18 17:41:18,8870,1,12.5091517857,-1.03147321429
2012-07-18 17:41:19,8871,1,11.6212797619,-0.887872023809
2012-07-18 17:41:20,8872,1,10.9970238095,-0.624255952381
2012-07-18 17:41:21,8873,1,10.694047619,-0.302976190476
2012-07-18 17:41:22,8874,1,10.6665922619,-0.0274553571428
2012-07-18 17:41:23,8875,1,10.6880208333,0.0214285714285
2012-07-18 17:41:24,8876,1,10.4002232143,-0.287797619048
2012-07-18 17:41:25,8877,1,9.54717261905,-0.853050595238
2012-07-18 17:41:26,8878,1,8.18861607143,-1.35855654762
2012-07-18 17:41:27,8879,1,6.70907738095,-1.47953869048
2012-07-18 17:41:28,8880,1,5.59285714286,-1.1162202381
2012-07-18 17:41:29,8881,1,5.10416666667,-0.48869047619
2012-07-18 17:41:30,8882,1,5.15446428571,0.0502976190476
2012-07-18 17:41:31,8883,1,5.44367559524,0.289211309524
2012-07-18 17:41:32,8884,1,5.67529761905,0.23162202381
2012-07-18 17:41:33,8885,1,5.68757440476,0.0122767857143
2012-07-18 17:41:34,8886,1,5.46287202381,-0.224702380952
2012-07-18 17:41:35,8887,1,5.04293154762,-0.41994047619
2012-07-18 17:41:36,8888,1,4.47061011905,-0.572321428571
2012-07-18 17:41:37,8889,1,3.82604166667,-0.644568452381
2012-07-18 17:41:38,8890,1,3.26793154762,-0.558110119048
2012-07-18 17:41:39,8891,1,2.96480654762,-0.303125
2012-07-18 17:41:40,8892,1,2.94389880952,-0.0209077380952
2012-07-18 17:41:41,8893,1,3.04368622449,0.099787414966
2012-07-18 17:41:42,8894,1,3.06450361395,0.0208173894558
2012-07-18 17:41:43,8895,1,2.94651360544,-0.117990008503
2012-07-18 17:41:44,8896,1,2.7854857568,-0.161027848639
2012-07-18 17:41:45,8897,1,2.70771683673,-0.077768920068
2012-07-18 17:41:46,8898,1,2.74503613946,0.0373193027211
2012-07-18 17:41:47,8899,1,2.82669005102,0.0816539115646
2012-07-18 17:41:48,8900,1,2.87700361395,0.0503135629252
2012-07-18 17:41:49,8901,1,2.88423681973,0.00723320578231
2012-07-18 17:41:50,8902,1,2.87439944728,-0.00983737244898
2012-07-18 17:41:51,8903,1,2.86474277211,-0.00965667517007
2012-07-18 17:41:52,8904,1,2.85714285714,-0.00759991496598
2012-07-18 17:41:53,8905,1,2.85,-0.00714285714286
2012-07-18 17:41:54,8906,1,2.84285714286,-0.00714285714286
2012-07-18 17:41:55,8907,1,2.83987032313,-0.00298681972789
2012-07-18 17:41:56,8908,1,2.8514190051,0.0115486819728
2012-07-18 17:41:57,8909,1,2.8534119898,0.00199298469388
2012-07-18 17:41:58,8910,1,2.71548681973,-0.137925170068
2012-07-18 17:41:59,8911,1,2.2549744898,-0.460512329932
2012-07-18 17:42:00,8912,1,1.49922937925,-0.755745110544
2012-07-18 17:42:01,8913,1,0.0,-1.49922937925
2012-07-18 20:02:13,17325,8412,0.0,0.0
2012-07-18 20:02:14,17326,1,1.45776998299,1.45776998299
2012-07-18 20:02:15,17327,1,2.3927827381,0.935012755102
2012-07-18 20:02:16,17328,1,3.20595238095,0.813169642857
2012-07-18 20:02:17,17329,1,3.73392857143,0.527976190476
2012-07-18 20:02:18,17330,1,4.0224702381,0.288541666667
2012-07-18 20:02:19,17331,1,4.20438988095,0.181919642857
2012-07-18 20:02:20,17332,1,4.42574404762,0.221354166667
2012-07-18 20:02:21,17333,1,4.74758184524,0.321837797619
2012-07-18 20:02:22,17334,1,5.05513392857,0.307552083333
2012-07-18 20:02:23,17335,1,5.12615327381,0.0710193452381
2012-07-18 20:02:24,17336,1,4.8322172619,-0.293936011905
2012-07-18 20:02:25,17337,1,4.25465029762,-0.577566964286
2012-07-18 20:02:26,17338,1,3.65357142857,-0.601078869048
2012-07-18 20:02:27,17339,1,3.39174107143,-0.261830357143
2012-07-18 20:02:28,17340,1,3.81011904762,0.41837797619
2012-07-18 20:02:29,17341,1,5.07265625,1.26253720238
2012-07-18 20:02:30,17342,1,7.10081845238,2.02816220238
2012-07-18 20:02:31,17343,1,9.60271577381,2.50189732143
2012-07-18 20:02:32,17344,1,12.2043154762,2.60159970238
2012-07-18 20:02:33,17345,1,14.6913318452,2.48701636905
2012-07-18 20:02:34,17346,1,17.0843005952,2.39296875
2012-07-18 20:02:35,17347,1,19.4114583333,2.3271577381
2012-07-18 20:02:36,17348,1,21.5308779762,2.11941964286
2012-07-18 20:02:37,17349,1,23.209077381,1.67819940476
2012-07-18 20:02:38,17350,1,24.289360119,1.0802827381
2012-07-18 20:02:39,17351,1,24.8115327381,0.522172619048
2012-07-18 20:02:40,17352,1,25.0036458333,0.192113095238
2012-07-18 20:02:41,17353,1,25.1271577381,0.123511904762
2012-07-18 20:02:42,17354,1,25.3282738095,0.201116071429
2012-07-18 20:02:43,17355,1,25.6226190476,0.294345238095
2012-07-18 20:02:44,17356,1,25.9590029762,0.336383928572
2012-07-18 20:02:45,17357,1,26.2473958333,0.288392857143
2012-07-18 20:02:46,17358,1,26.3563988095,0.10900297619
2012-07-18 20:02:47,17359,1,26.1880952381,-0.168303571429
2012-07-18 20:02:48,17360,1,25.7909970238,-0.397098214286
2012-07-18 20:02:49,17361,1,25.3610863095,-0.429910714286
2012-07-18 20:02:50,17362,1,25.1098214286,-0.251264880952
2012-07-18 20:02:51,17363,1,25.0447172619,-0.0651041666666
2012-07-18 20:02:52,17364,1,24.8147321429,-0.229985119048
2012-07-18 20:02:53,17365,1,23.8597470238,-0.954985119048
2012-07-18 20:02:54,17366,1,21.75625,-2.10349702381
2012-07-18 20:02:55,17367,1,18.4560267857,-3.30022321429
2012-07-18 20:02:56,17368,1,14.4105654762,-4.04546130952
2012-07-18 20:02:57,17369,1,10.545014881,-3.86555059524
2012-07-18 20:02:58,17370,1,7.87834821429,-2.66666666667
2012-07-18 20:02:59,17371,1,6.98035714286,-0.897991071429
2012-07-18 20:03:00,17372,1,7.72165178571,0.741294642857
2012-07-18 20:03:01,17373,1,9.45580357143,1.73415178571
2012-07-18 20:03:02,17374,1,11.4788690476,2.02306547619
2012-07-18 20:03:03,17375,1,13.4348214286,1.95595238095
2012-07-18 20:03:04,17376,1,15.3118303571,1.87700892857
2012-07-18 20:03:05,17377,1,17.1444940476,1.83266369048
2012-07-18 20:03:06,17378,1,18.8648065476,1.7203125
2012-07-18 20:03:07,17379,1,20.3889880952,1.52418154762
2012-07-18 20:03:08,17380,1,21.7181547619,1.32916666667
2012-07-18 20:03:09,17381,1,22.9458333333,1.22767857143
2012-07-18 20:03:10,17382,1,24.1951636905,1.24933035714
2012-07-18 20:03:11,17383,1,25.533110119,1.33794642857
2012-07-18 20:03:12,17384,1,26.9146577381,1.38154761905
2012-07-18 20:03:13,17385,1,28.1997767857,1.28511904762
2012-07-18 20:03:14,17386,1,29.2484375,1.04866071429
2012-07-18 20:03:15,17387,1,30.0236607143,0.775223214286
2012-07-18 20:03:16,17388,1,30.6097470238,0.586086309524
2012-07-18 20:03:17,17389,1,31.1392857143,0.529538690476
2012-07-18 20:03:18,17390,1,31.7034970238,0.564211309524
2012-07-18 20:03:19,17391,1,32.317485119,0.613988095238
2012-07-18 20:03:20,17392,1,32.9547619048,0.637276785714
2012-07-18 20:03:21,17393,1,33.6001488095,0.645386904762
2012-07-18 20:03:22,17394,1,34.2666666667,0.666517857143
2012-07-18 20:03:23,17395,1,34.9745535714,0.707886904762
2012-07-18 20:03:24,17396,1,35.7180059524,0.743452380952
2012-07-18 20:03:25,17397,1,36.4645833333,0.746577380952
2012-07-18 20:03:26,17398,1,37.2007440476,0.736160714286
2012-07-18 20:03:27,17399,1,37.932514881,0.731770833333
2012-07-18 20:03:28,17400,1,38.6159970238,0.683482142857
2012-07-18 20:03:29,17401,1,39.1428571429,0.526860119048
2012-07-18 20:03:30,17402,1,39.420014881,0.277157738095
2012-07-18 20:03:31,17403,1,39.4613839286,0.041369047619
2012-07-18 20:03:32,17404,1,39.4038690476,-0.0575148809524
2012-07-18 20:03:33,17405,1,39.4048363095,0.000967261904805
2012-07-18 20:03:34,17406,1,39.5402529762,0.135416666667
2012-07-18 20:03:35,17407,1,39.8134672619,0.273214285714
2012-07-18 20:03:36,17408,1,40.1798363095,0.366369047619
2012-07-18 20:03:37,17409,1,40.5507440476,0.370907738095
2012-07-18 20:03:38,17410,1,40.8292410714,0.27849702381
2012-07-18 20:03:39,17411,1,40.9146577381,0.0854166666666
2012-07-18 20:03:40,17412,1,40.6803571429,-0.234300595238
2012-07-18 20:03:41,17413,1,40.0351190476,-0.645238095238
2012-07-18 20:03:42,17414,1,39.0166666667,-1.01845238095
2012-07-18 20:03:43,17415,1,37.7973214286,-1.2193452381
2012-07-18 20:03:44,17416,1,36.6172619048,-1.18005952381
2012-07-18 20:03:45,17417,1,35.6682291667,-0.949032738095
2012-07-18 20:03:46,17418,1,34.9552827381,-0.712946428571
2012-07-18 20:03:47,17419,1,34.2777529762,-0.677529761905
2012-07-18 20:03:48,17420,1,33.3654761905,-0.912276785714
2012-07-18 20:03:49,17421,1,32.0159970238,-1.34947916667
2012-07-18 20:03:50,17422,1,30.1603422619,-1.8556547619
2012-07-18 20:03:51,17423,1,27.9011904762,-2.25915178571
2012-07-18 20:03:52,17424,1,25.4953869048,-2.40580357143
2012-07-18 20:03:53,17425,1,23.2245535714,-2.27083333333
2012-07-18 20:03:54,17426,1,21.2351190476,-1.98943452381
2012-07-18 20:03:55,17427,1,19.4944196429,-1.74069940476
2012-07-18 20:03:56,17428,1,17.8686755952,-1.62574404762
2012-07-18 20:03:57,17429,1,16.2173363095,-1.65133928571
2012-07-18 20:03:58,17430,1,14.4495535714,-1.7677827381
2012-07-18 20:03:59,17431,1,12.5680059524,-1.88154761905
2012-07-18 20:04:00,17432,1,10.7462053571,-1.82180059524
2012-07-18 20:04:01,17433,1,9.39665178571,-1.34955357143
2012-07-18 20:04:02,17434,1,9.07797619048,-0.318675595238
2012-07-18 20:04:03,17435,1,10.2071428571,1.12916666667
2012-07-18 20:04:04,17436,1,12.7826636905,2.57552083333
2012-07-18 20:04:05,17437,1,16.3378720238,3.55520833333
2012-07-18 20:04:06,17438,1,20.1488839286,3.81101190476
2012-07-18 20:04:07,17439,1,23.5477678571,3.39888392857
2012-07-18 20:04:08,17440,1,26.1366815476,2.58891369048
2012-07-18 20:04:09,17441,1,27.8176339286,1.68095238095
2012-07-18 20:04:10,17442,1,28.7252232143,0.907589285714
2012-07-18 20:04:11,17443,1,29.135639881,0.410416666667
2012-07-18 20:04:12,17444,1,29.3355654762,0.199925595238
2012-07-18 20:04:13,17445,1,29.4930803571,0.157514880952
2012-07-18 20:04:14,17446,1,29.6200892857,0.127008928571
2012-07-18 20:04:15,17447,1,29.6270833333,0.006994047619
2012-07-18 20:04:16,17448,1,29.4179315476,-0.209151785714
2012-07-18 20:04:17,17449,1,28.9722470238,-0.445684523809
2012-07-18 20:04:18,17450,1,28.3408482143,-0.631398809524
2012-07-18 20:04:19,17451,1,27.5576636905,-0.783184523809
2012-07-18 20:04:20,17452,1,26.5984375,-0.959226190476
2012-07-18 20:04:21,17453,1,25.446875,-1.1515625
2012-07-18 20:04:22,17454,1,24.1728422619,-1.2740327381
2012-07-18 20:04:23,17455,1,22.9322916667,-1.24055059524
2012-07-18 20:04:24,17456,1,21.8849702381,-1.04732142857
2012-07-18 20:04:25,17457,1,21.0950892857,-0.789880952381
2012-07-18 20:04:26,17458,1,20.5156994048,-0.579389880952
2012-07-18 20:04:27,17459,1,20.064360119,-0.451339285714
2012-07-18 20:04:28,17460,1,19.6783482143,-0.386011904762
2012-07-18 20:04:29,17461,1,19.2918154762,-0.386532738095
2012-07-18 20:04:30,17462,1,18.8016369048,-0.490178571429
2012-07-18 20:04:31,17463,1,18.0932291667,-0.708407738095
2012-07-18 20:04:32,17464,1,17.1027529762,-0.990476190476
2012-07-18 20:04:33,17465,1,15.8455357143,-1.2572172619
2012-07-18 20:04:34,17466,1,14.4265625,-1.41897321429
2012-07-18 20:04:35,17467,1,13.1017113095,-1.32485119048
2012-07-18 20:04:36,17468,1,12.3052827381,-0.796428571429
2012-07-18 20:04:37,17469,1,12.4698660714,0.164583333333
2012-07-18 20:04:38,17470,1,13.698139881,1.22827380952
2012-07-18 20:04:39,17471,1,15.5738839286,1.87574404762
2012-07-18 20:04:40,17472,1,17.3166666667,1.7427827381
2012-07-18 20:04:41,17473,1,18.2247767857,0.908110119048
2012-07-18 20:04:42,17474,1,18.0828125,-0.141964285714
2012-07-18 20:04:43,17475,1,17.1949404762,-0.887872023809
2012-07-18 20:04:44,17476,1,16.080952381,-1.11398809524
2012-07-18 20:04:45,17477,1,15.1546130952,-0.926339285714
2012-07-18 20:04:46,17478,1,14.563764881,-0.590848214286
2012-07-18 20:04:47,17479,1,14.1821428571,-0.38162202381
2012-07-18 20:04:48,17480,1,13.7267113095,-0.455431547619
2012-07-18 20:04:49,17481,1,12.946875,-0.779836309524
2012-07-18 20:04:50,17482,1,11.759077381,-1.18779761905
2012-07-18 20:04:51,17483,1,10.2379464286,-1.52113095238
2012-07-18 20:04:52,17484,1,8.52604166667,-1.7119047619
2012-07-18 20:04:53,17485,1,6.78251488095,-1.74352678571
2012-07-18 20:04:54,17486,1,5.19032738095,-1.5921875
2012-07-18 20:04:55,17487,1,3.96525297619,-1.22507440476
2012-07-18 20:04:56,17488,1,3.32485119048,-0.640401785714
2012-07-18 20:04:57,17489,1,3.4134672619,0.0886160714286
2012-07-18 20:04:58,17490,1,4.22842261905,0.814955357143
2012-07-18 20:04:59,17491,1,5.58117559524,1.35275297619
2012-07-18 20:05:00,17492,1,7.07420634921,1.49303075397
2012-07-18 20:05:01,17493,1,8.14651537698,1.07230902778
2012-07-18 20:05:02,17494,1,8.3009672619,0.154451884921
2012-07-18 20:05:03,17495,1,7.42848462302,-0.872482638889
2012-07-18 20:05:04,17496,1,5.92475198413,-1.50373263889
2012-07-18 20:05:05,17497,1,4.43943452381,-1.48531746032
2012-07-18 20:05:06,17498,1,3.45694444444,-0.982490079365
2012-07-18 20:05:07,17499,1,3.05295138889,-0.403993055556
2012-07-18 20:05:08,17500,1,3.02537202381,-0.0275793650794
2012-07-18 20:05:09,17501,1,3.25553075397,0.230158730159
2012-07-18 20:05:10,17502,1,3.86418650794,0.608655753968
2012-07-18 20:05:11,17503,1,5.00654761905,1.14236111111
2012-07-18 20:05:12,17504,1,6.65813492063,1.65158730159
2012-07-18 20:05:13,17505,1,8.63401537698,1.97588045635
2012-07-18 20:05:14,17506,1,10.7338541667,2.09983878968
2012-07-18 20:05:15,17507,1,12.8627852183,2.12893105159
2012-07-18 20:05:16,17508,1,15.0146329365,2.15184771825
2012-07-18 20:05:17,17509,1,17.1555059524,2.14087301587
2012-07-18 20:05:18,17510,1,19.2014880952,2.04598214286
2012-07-18 20:05:19,17511,1,21.0945684524,1.89308035714
2012-07-18 20:05:20,17512,1,22.8240327381,1.72946428571
2012-07-18 20:05:21,17513,1,24.3896577381,1.565625
2012-07-18 20:05:22,17514,1,25.7913690476,1.40171130952
2012-07-18 20:05:23,17515,1,27.0629464286,1.27157738095
2012-07-18 20:05:24,17516,1,28.3120535714,1.24910714286
2012-07-18 20:05:25,17517,1,29.7043154762,1.39226190476
2012-07-18 20:05:26,17518,1,31.3678571429,1.66354166667
2012-07-18 20:05:27,17519,1,33.2933035714,1.92544642857
2012-07-18 20:05:28,17520,1,35.3229166667,2.02961309524
2012-07-18 20:05:29,17521,1,37.2384672619,1.91555059524
2012-07-18 20:05:30,17522,1,38.8871279762,1.64866071429
2012-07-18 20:05:31,17523,1,40.2552083333,1.36808035714
2012-07-18 20:05:32,17524,1,41.4293154762,1.17410714286
2012-07-18 20:05:33,17525,1,42.4968005952,1.06748511905
2012-07-18 20:05:34,17526,1,43.4916666667,0.994866071429
2012-07-18 20:05:35,17527,1,44.409375,0.917708333333
2012-07-18 20:05:36,17528,1,45.2381696429,0.828794642857
2012-07-18 20:05:37,17529,1,45.9715029762,0.733333333333
2012-07-18 20:05:38,17530,1,46.6084077381,0.636904761905
2012-07-18 20:05:39,17531,1,47.1549107143,0.54650297619
2012-07-18 20:05:40,17532,1,47.6225446429,0.467633928571
2012-07-18 20:05:41,17533,1,48.0223958333,0.399851190476
2012-07-18 20:05:42,17534,1,48.3639136905,0.341517857143
2012-07-18 20:05:43,17535,1,48.6593005952,0.295386904762
2012-07-18 20:05:44,17536,1,48.9261160714,0.266815476191
2012-07-18 20:05:45,17537,1,49.1819940476,0.25587797619
2012-07-18 20:05:46,17538,1,49.4398809524,0.257886904762
2012-07-18 20:05:47,17539,1,49.7348958333,0.295014880952
2012-07-18 20:05:48,17540,1,50.1784970238,0.443601190476
2012-07-18 20:05:49,17541,1,50.9563988095,0.777901785714
2012-07-18 20:05:50,17542,1,52.2116815476,1.2552827381
2012-07-18 20:05:51,17543,1,53.8911458333,1.67946428571
2012-07-18 20:05:52,17544,1,55.7,1.80885416667
2012-07-18 20:05:53,17545,1,57.2307291667,1.53072916667
2012-07-18 20:05:54,17546,1,58.1921130952,0.961383928571
2012-07-18 20:05:55,17547,1,58.5706845238,0.378571428571
2012-07-18 20:05:56,17548,1,58.5968005952,0.0261160714286
2012-07-18 20:05:57,17549,1,58.5521577381,-0.0446428571429
2012-07-18 20:05:58,17550,1,58.5883928571,0.0362351190477
2012-07-18 20:05:59,17551,1,58.6869047619,0.0985119047619
2012-07-18 20:06:00,17552,1,58.7410714286,0.0541666666666
2012-07-18 20:06:01,17553,1,58.6604166667,-0.0806547619047
2012-07-18 20:06:02,17554,1,58.4212053571,-0.239211309524
2012-07-18 20:06:03,17555,1,58.0587797619,-0.362425595238
2012-07-18 20:06:04,17556,1,57.6577380952,-0.401041666667
2012-07-18 20:06:05,17557,1,57.3405505952,-0.3171875
2012-07-18 20:06:06,17558,1,57.193452381,-0.147098214286
2012-07-18 20:06:07,17559,1,57.1930059524,-0.000446428571401
2012-07-18 20:06:08,17560,1,57.2429315476,0.0499255952381
2012-07-18 20:06:09,17561,1,57.2718005952,0.028869047619
2012-07-18 20:06:10,17562,1,57.2967261905,0.0249255952381
2012-07-18 20:06:11,17563,1,57.4085565476,0.111830357143
2012-07-18 20:06:12,17564,1,57.678125,0.269568452381
2012-07-18 20:06:13,17565,1,58.0906994048,0.412574404762
2012-07-18 20:06:14,17566,1,58.5785714286,0.48787202381
2012-07-18 20:06:15,17567,1,59.0671130952,0.488541666667
2012-07-18 20:06:16,17568,1,59.4869047619,0.419791666667
2012-07-18 20:06:17,17569,1,59.7948660714,0.307961309524
2012-07-18 20:06:18,17570,1,59.9946428571,0.199776785714
2012-07-18 20:06:19,17571,1,60.0726190476,0.0779761904762
2012-07-18 20:06:20,17572,1,59.8289434524,-0.243675595238
2012-07-18 20:06:21,17573,1,58.7928571429,-1.03608630952
2012-07-18 20:06:22,17574,1,56.4287946429,-2.3640625
2012-07-18 20:06:23,17575,1,52.5129464286,-3.91584821429
2012-07-18 20:06:24,17576,1,47.359672619,-5.15327380952
2012-07-18 20:06:25,17577,1,41.7239583333,-5.63571428571
2012-07-18 20:06:26,17578,1,36.4578869048,-5.26607142857
2012-07-18 20:06:27,17579,1,32.1676339286,-4.29025297619
2012-07-18 20:06:28,17580,1,29.051860119,-3.11577380952
2012-07-18 20:06:29,17581,1,26.9225446429,-2.12931547619
2012-07-18 20:06:30,17582,1,25.3630952381,-1.55944940476
2012-07-18 20:06:31,17583,1,23.9368303571,-1.42626488095
2012-07-18 20:06:32,17584,1,22.3017113095,-1.63511904762
2012-07-18 20:06:33,17585,1,20.215922619,-2.08578869048
2012-07-18 20:06:34,17586,1,17.5611607143,-2.65476190476
2012-07-18 20:06:35,17587,1,14.4340029762,-3.1271577381
2012-07-18 20:06:36,17588,1,11.2056547619,-3.22834821429
2012-07-18 20:06:37,17589,1,8.41696428571,-2.78869047619
2012-07-18 20:06:38,17590,1,6.49732142857,-1.91964285714
2012-07-18 20:06:39,17591,1,5.5056547619,-0.991666666667
2012-07-18 20:06:40,17592,1,5.13363095238,-0.372023809524
2012-07-18 20:06:41,17593,1,4.9540922619,-0.179538690476
2012-07-18 20:06:42,17594,1,4.68355654762,-0.270535714286
2012-07-18 20:06:43,17595,1,4.31733630952,-0.366220238095
2012-07-18 20:06:44,17596,1,4.12046130952,-0.196875
2012-07-18 20:06:45,17597,1,4.44665178571,0.32619047619
2012-07-18 20:06:46,17598,1,5.45081845238,1.00416666667
2012-07-18 20:06:47,17599,1,6.92068452381,1.46986607143
2012-07-18 20:06:48,17600,1,8.3603422619,1.4396577381
2012-07-18 20:06:49,17601,1,9.23296130952,0.872619047619
2012-07-18 20:06:50,17602,1,9.20208333333,-0.0308779761905
2012-07-18 20:06:51,17603,1,8.25825892857,-0.943824404762
2012-07-18 20:06:52,17604,1,6.6962797619,-1.56197916667
2012-07-18 20:06:53,17605,1,4.99568452381,-1.7005952381
2012-07-18 20:06:54,17606,1,3.69352678571,-1.3021577381
2012-07-18 20:06:55,17607,1,3.28816964286,-0.405357142857
2012-07-18 20:06:56,17608,1,4.12566964286,0.8375
2012-07-18 20:06:57,17609,1,6.26592261905,2.14025297619
2012-07-18 20:06:58,17610,1,9.43162202381,3.16569940476
2012-07-18 20:06:59,17611,1,13.082514881,3.65089285714
2012-07-18 20:07:00,17612,1,16.5948660714,3.51235119048
2012-07-18 20:07:01,17613,1,19.5200892857,2.92522321429
2012-07-18 20:07:02,17614,1,21.7751488095,2.25505952381
2012-07-18 20:07:03,17615,1,23.6031994048,1.82805059524
2012-07-18 20:07:04,17616,1,25.3386160714,1.73541666667
2012-07-18 20:07:05,17617,1,27.1469494048,1.80833333333
2012-07-18 20:07:06,17618,1,28.9320684524,1.78511904762
2012-07-18 20:07:07,17619,1,30.4907738095,1.55870535714
2012-07-18 20:07:08,17620,1,31.7416666667,1.25089285714
2012-07-18 20:07:09,17621,1,32.7796130952,1.03794642857
2012-07-18 20:07:10,17622,1,33.7451636905,0.965550595238
2012-07-18 20:07:11,17623,1,34.7060267857,0.960863095238
2012-07-18 20:07:12,17624,1,35.6791666667,0.973139880952
2012-07-18 20:07:13,17625,1,36.7148809524,1.03571428571
2012-07-18 20:07:14,17626,1,37.8896577381,1.17477678571
2012-07-18 20:07:15,17627,1,39.2206845238,1.33102678571
2012-07-18 20:07:16,17628,1,40.6587797619,1.4380952381
2012-07-18 20:07:17,17629,1,42.178422619,1.51964285714
2012-07-18 20:07:18,17630,1,43.820610119,1.6421875
2012-07-18 20:07:19,17631,1,45.6276041667,1.80699404762
2012-07-18 20:07:20,17632,1,47.5498511905,1.92224702381
2012-07-18 20:07:21,17633,1,49.4317708333,1.88191964286
2012-07-18 20:07:22,17634,1,51.1080357143,1.67626488095
2012-07-18 20:07:23,17635,1,52.5071428571,1.39910714286
2012-07-18 20:07:24,17636,1,53.6438988095,1.13675595238
2012-07-18 20:07:25,17637,1,54.5377232143,0.893824404762
2012-07-18 20:07:26,17638,1,55.1705357143,0.6328125
2012-07-18 20:07:27,17639,1,55.5200892857,0.349553571429
2012-07-18 20:07:28,17640,1,55.6217261905,0.101636904762
2012-07-18 20:07:29,17641,1,55.5841517857,-0.0375744047619
2012-07-18 20:07:30,17642,1,55.540327381,-0.0438244047619
2012-07-18 20:07:31,17643,1,55.6035714286,0.063244047619
2012-07-18 20:07:32,17644,1,55.865327381,0.261755952381
2012-07-18 20:07:33,17645,1,56.3724702381,0.507142857143
2012-07-18 20:07:34,17646,1,57.059375,0.686904761905
2012-07-18 20:07:35,17647,1,57.7226190476,0.663244047619
2012-07-18 20:07:36,17648,1,58.1093005952,0.386681547619
2012-07-18 20:07:37,17649,1,58.0638392857,-0.0454613095238
2012-07-18 20:07:38,17650,1,57.6119791667,-0.451860119048
2012-07-18 20:07:39,17651,1,56.9020833333,-0.709895833333
2012-07-18 20:07:40,17652,1,56.0274553571,-0.87462797619
2012-07-18 20:07:41,17653,1,54.8947916667,-1.13266369048
2012-07-18 20:07:42,17654,1,53.3135416667,-1.58125
2012-07-18 20:07:43,17655,1,51.2089285714,-2.10461309524
2012-07-18 20:07:44,17656,1,48.7035714286,-2.50535714286
2012-07-18 20:07:45,17657,1,46.0422619048,-2.66130952381
2012-07-18 20:07:46,17658,1,43.4695684524,-2.57269345238
2012-07-18 20:07:47,17659,1,41.1269345238,-2.34263392857
2012-07-18 20:07:48,17660,1,39.0913690476,-2.03556547619
2012-07-18 20:07:49,17661,1,37.5107142857,-1.5806547619
2012-07-18 20:07:50,17662,1,36.5746279762,-0.936086309524
2012-07-18 20:07:51,17663,1,36.3494791667,-0.225148809524
2012-07-18 20:07:52,17664,1,36.7322916667,0.3828125
2012-07-18 20:07:53,17665,1,37.5223958333,0.790104166667
2012-07-18 20:07:54,17666,1,38.4883928571,0.96599702381
2012-07-18 20:07:55,17667,1,39.4185267857,0.930133928571
2012-07-18 20:07:56,17668,1,40.1385416667,0.720014880952
2012-07-18 20:07:57,17669,1,40.5122767857,0.373735119048
2012-07-18 20:07:58,17670,1,40.4873511905,-0.0249255952381
2012-07-18 20:07:59,17671,1,40.1124255952,-0.374925595238
2012-07-18 20:08:00,17672,1,39.4363839286,-0.676041666667
2012-07-18 20:08:01,17673,1,38.4254464286,-1.0109375
2012-07-18 20:08:02,17674,1,37.0443452381,-1.38110119048
2012-07-18 20:08:03,17675,1,35.3915178571,-1.65282738095
2012-07-18 20:08:04,17676,1,33.713764881,-1.67775297619
2012-07-18 20:08:05,17677,1,32.2841517857,-1.42961309524
2012-07-18 20:08:06,17678,1,31.2407738095,-1.04337797619
2012-07-18 20:08:07,17679,1,30.5274553571,-0.713318452381
2012-07-18 20:08:08,17680,1,29.9962053571,-0.53125
2012-07-18 20:08:09,17681,1,29.5383928571,-0.4578125
2012-07-18 20:08:10,17682,1,29.1124255952,-0.425967261905
2012-07-18 20:08:11,17683,1,28.7207589286,-0.391666666667
2012-07-18 20:08:12,17684,1,28.4098958333,-0.310863095238
2012-07-18 20:08:13,17685,1,28.2491071429,-0.160788690476
2012-07-18 20:08:14,17686,1,28.2584077381,0.0093005952381
2012-07-18 20:08:15,17687,1,28.3572172619,0.0988095238096
2012-07-18 20:08:16,17688,1,28.398735119,0.0415178571428
2012-07-18 20:08:17,17689,1,28.2825892857,-0.116145833333
2012-07-18 20:08:18,17690,1,28.0754464286,-0.207142857143
2012-07-18 20:08:19,17691,1,28.018452381,-0.056994047619
2012-07-18 20:08:20,17692,1,28.3732886905,0.354836309524
2012-07-18 20:08:21,17693,1,29.2139136905,0.840625
2012-07-18 20:08:22,17694,1,30.2876488095,1.07373511905
2012-07-18 20:08:23,17695,1,31.0219494048,0.734300595238
2012-07-18 20:08:24,17696,1,30.7673363095,-0.254613095238
2012-07-18 20:08:25,17697,1,29.2191220238,-1.54821428571
2012-07-18 20:08:26,17698,1,26.6791666667,-2.53995535714
2012-07-18 20:08:27,17699,1,23.8859375,-2.79322916667
2012-07-18 20:08:28,17700,1,21.5523065476,-2.33363095238
2012-07-18 20:08:29,17701,1,19.9790178571,-1.57328869048
2012-07-18 20:08:30,17702,1,19.0110863095,-0.967931547619
2012-07-18 20:08:31,17703,1,18.3214285714,-0.689657738095
2012-07-18 20:08:32,17704,1,17.7235119048,-0.597916666667
2012-07-18 20:08:33,17705,1,17.2615327381,-0.461979166667
2012-07-18 20:08:34,17706,1,17.116889881,-0.144642857143
2012-07-18 20:08:35,17707,1,17.4563988095,0.339508928571
2012-07-18 20:08:36,17708,1,18.2875,0.831101190476
2012-07-18 20:08:37,17709,1,19.4152529762,1.12775297619
2012-07-18 20:08:38,17710,1,20.5590029762,1.14375
2012-07-18 20:08:39,17711,1,21.5348958333,0.975892857143
2012-07-18 20:08:40,17712,1,22.3545386905,0.819642857143
2012-07-18 20:08:41,17713,1,23.1641369048,0.809598214286
2012-07-18 20:08:42,17714,1,24.0770833333,0.912946428571
2012-07-18 20:08:43,17715,1,25.0594494048,0.982366071429
2012-07-18 20:08:44,17716,1,25.9636904762,0.904241071429
2012-07-18 20:08:45,17717,1,26.6439732143,0.680282738095
2012-07-18 20:08:46,17718,1,27.0508184524,0.406845238095
2012-07-18 20:08:47,17719,1,27.247172619,0.196354166667
2012-07-18 20:08:48,17720,1,27.3331845238,0.0860119047619
2012-07-18 20:08:49,17721,1,27.3538690476,0.0206845238095
2012-07-18 20:08:50,17722,1,27.2837797619,-0.0700892857142
2012-07-18 20:08:51,17723,1,27.0795386905,-0.204241071429
2012-07-18 20:08:52,17724,1,26.7189732143,-0.36056547619
2012-07-18 20:08:53,17725,1,26.1904761905,-0.528497023809
2012-07-18 20:08:54,17726,1,25.4787946429,-0.711681547619
2012-07-18 20:08:55,17727,1,24.5869047619,-0.891889880952
2012-07-18 20:08:56,17728,1,23.5645089286,-1.02239583333
2012-07-18 20:08:57,17729,1,22.5107142857,-1.05379464286
2012-07-18 20:08:58,17730,1,21.5441964286,-0.966517857143
2012-07-18 20:08:59,17731,1,20.7543154762,-0.789880952381
2012-07-18 20:09:00,17732,1,20.1838541667,-0.570461309524
2012-07-18 20:09:01,17733,1,19.8508184524,-0.333035714286
2012-07-18 20:09:02,17734,1,19.7601934524,-0.090625
2012-07-18 20:09:03,17735,1,19.9075892857,0.147395833333
2012-07-18 20:09:04,17736,1,20.2755952381,0.368005952381
2012-07-18 20:09:05,17737,1,20.7784970238,0.502901785714
2012-07-18 20:09:06,17738,1,21.2023809524,0.423883928571
2012-07-18 20:09:07,17739,1,21.2454613095,0.0430803571428
2012-07-18 20:09:08,17740,1,20.6391369048,-0.606324404762
2012-07-18 20:09:09,17741,1,19.254985119,-1.38415178571
2012-07-18 20:09:10,17742,1,17.1670386905,-2.08794642857
2012-07-18 20:09:11,17743,1,14.6603422619,-2.50669642857
2012-07-18 20:09:12,17744,1,12.1571428571,-2.50319940476
2012-07-18 20:09:13,17745,1,10.075297619,-2.0818452381
2012-07-18 20:09:14,17746,1,8.67767857143,-1.39761904762
2012-07-18 20:09:15,17747,1,7.99047619048,-0.687202380952
2012-07-18 20:09:16,17748,1,7.87202380952,-0.118452380952
2012-07-18 20:09:17,17749,1,8.19025297619,0.318229166667
2012-07-18 20:09:18,17750,1,8.90245535714,0.712202380952
2012-07-18 20:09:19,17751,1,9.93206845238,1.02961309524
2012-07-18 20:09:20,17752,1,11.0258184524,1.09375
2012-07-18 20:09:21,17753,1,11.8175595238,0.791741071429
2012-07-18 20:09:22,17754,1,12.0717261905,0.254166666667
2012-07-18 20:09:23,17755,1,11.8948660714,-0.176860119048
2012-07-18 20:09:24,17756,1,11.7238095238,-0.171056547619
2012-07-18 20:09:25,17757,1,12.0483630952,0.324553571429
2012-07-18 20:09:26,17758,1,13.0880952381,1.03973214286
2012-07-18 20:09:27,17759,1,14.7205357143,1.63244047619
2012-07-18 20:09:28,17760,1,16.6477678571,1.92723214286
2012-07-18 20:09:29,17761,1,18.5790178571,1.93125
2012-07-18 20:09:30,17762,1,20.330952381,1.75193452381
2012-07-18 20:09:31,17763,1,21.8288690476,1.49791666667
2012-07-18 20:09:32,17764,1,23.0395089286,1.21063988095
2012-07-18 20:09:33,17765,1,23.9638392857,0.924330357143
2012-07-18 20:09:34,17766,1,24.7026785714,0.738839285714
2012-07-18 20:09:35,17767,1,25.4483630952,0.74568452381
2012-07-18 20:09:36,17768,1,26.360639881,0.912276785714
2012-07-18 20:09:37,17769,1,27.4227678571,1.06212797619
2012-07-18 20:09:38,17770,1,28.3847470238,0.961979166667
2012-07-18 20:09:39,17771,1,28.880952381,0.496205357143
2012-07-18 20:09:40,17772,1,28.6843005952,-0.196651785714
2012-07-18 20:09:41,17773,1,27.8908482143,-0.793452380952
2012-07-18 20:09:42,17774,1,26.8726190476,-1.01822916667
2012-07-18 20:09:43,17775,1,26.0547619048,-0.817857142857
2012-07-18 20:09:44,17776,1,25.709077381,-0.345684523809
2012-07-18 20:09:45,17777,1,25.8850446429,0.175967261905
2012-07-18 20:09:46,17778,1,26.4524553571,0.567410714286
2012-07-18 20:09:47,17779,1,27.1773065476,0.724851190476
2012-07-18 20:09:48,17780,1,27.7672619048,0.589955357143
2012-07-18 20:09:49,17781,1,27.8990327381,0.131770833333
2012-07-18 20:09:50,17782,1,27.3209077381,-0.578125
2012-07-18 20:09:51,17783,1,26.0105654762,-1.3103422619
2012-07-18 20:09:52,17784,1,24.2380208333,-1.77254464286
2012-07-18 20:09:53,17785,1,22.4750744048,-1.76294642857
2012-07-18 20:09:54,17786,1,21.1994047619,-1.27566964286
2012-07-18 20:09:55,17787,1,20.690625,-0.508779761905
2012-07-18 20:09:56,17788,1,20.9548363095,0.264211309524
2012-07-18 20:09:57,17789,1,21.8027529762,0.847916666667
2012-07-18 20:09:58,17790,1,22.9763392857,1.17358630952
2012-07-18 20:09:59,17791,1,24.2552827381,1.27894345238
2012-07-18 20:10:00,17792,1,25.5188988095,1.26361607143
2012-07-18 20:10:01,17793,1,26.7459821429,1.22708333333
2012-07-18 20:10:02,17794,1,27.9863095238,1.24032738095
2012-07-18 20:10:03,17795,1,29.3313988095,1.34508928571
2012-07-18 20:10:04,17796,1,30.8526785714,1.5212797619
2012-07-18 20:10:05,17797,1,32.5188244048,1.66614583333
2012-07-18 20:10:06,17798,1,34.175297619,1.65647321429
2012-07-18 20:10:07,17799,1,35.6182291667,1.44293154762
2012-07-18 20:10:08,17800,1,36.7101190476,1.09188988095
2012-07-18 20:10:09,17801,1,37.4502232143,0.740104166667
2012-07-18 20:10:10,17802,1,37.9283482143,0.478125
2012-07-18 20:10:11,17803,1,38.209077381,0.280729166667
2012-07-18 20:10:12,17804,1,38.2860863095,0.0770089285714
2012-07-18 20:10:13,17805,1,38.136235119,-0.149851190476
2012-07-18 20:10:14,17806,1,37.7780505952,-0.358184523809
2012-07-18 20:10:15,17807,1,37.2901041667,-0.487946428571
2012-07-18 20:10:16,17808,1,36.8069940476,-0.483110119048
2012-07-18 20:10:17,17809,1,36.4837053571,-0.323288690476
2012-07-18 20:10:18,17810,1,36.4321428571,-0.0515625
2012-07-18 20:10:19,17811,1,36.6774553571,0.2453125
2012-07-18 20:10:20,17812,1,37.1525297619,0.475074404762
2012-07-18 20:10:21,17813,1,37.7218005952,0.569270833333
2012-07-18 20:10:22,17814,1,38.234375,0.512574404762
2012-07-18 20:10:23,17815,1,38.573735119,0.339360119048
2012-07-18 20:10:24,17816,1,38.6882440476,0.114508928571
2012-07-18 20:10:25,17817,1,38.6421130952,-0.0461309523809
2012-07-18 20:10:26,17818,1,38.634375,-0.0077380952381
2012-07-18 20:10:27,17819,1,38.8896577381,0.255282738095
2012-07-18 20:10:28,17820,1,39.5069940476,0.617336309524
2012-07-18 20:10:29,17821,1,40.4162946429,0.909300595238
2012-07-18 20:10:30,17822,1,41.4468005952,1.03050595238
2012-07-18 20:10:31,17823,1,42.434077381,0.987276785714
2012-07-18 20:10:32,17824,1,43.2847470238,0.850669642857
2012-07-18 20:10:33,17825,1,43.9627232143,0.677976190476
2012-07-18 20:10:34,17826,1,44.465922619,0.503199404762
2012-07-18 20:10:35,17827,1,44.838764881,0.372842261905
2012-07-18 20:10:36,17828,1,45.165327381,0.3265625
2012-07-18 20:10:37,17829,1,45.5198660714,0.354538690476
2012-07-18 20:10:38,17830,1,45.9248511905,0.404985119048
2012-07-18 20:10:39,17831,1,46.3555803571,0.430729166667
2012-07-18 20:10:40,17832,1,46.7804315476,0.424851190476
2012-07-18 20:10:41,17833,1,47.1948660714,0.414434523809
2012-07-18 20:10:42,17834,1,47.6141369048,0.419270833333
2012-07-18 20:10:43,17835,1,48.0257440476,0.411607142857
2012-07-18 20:10:44,17836,1,48.3489583333,0.323214285714
2012-07-18 20:10:45,17837,1,48.4572172619,0.108258928572
2012-07-18 20:10:46,17838,1,48.2594494048,-0.197767857143
2012-07-18 20:10:47,17839,1,47.7695684524,-0.489880952381
2012-07-18 20:10:48,17840,1,47.0781994048,-0.691369047619
2012-07-18 20:10:49,17841,1,46.2260416667,-0.852157738095
2012-07-18 20:10:50,17842,1,45.130952381,-1.09508928571
2012-07-18 20:10:51,17843,1,43.6958333333,-1.43511904762
2012-07-18 20:10:52,17844,1,41.9998511905,-1.69598214286
2012-07-18 20:10:53,17845,1,40.3694940476,-1.63035714286
2012-07-18 20:10:54,17846,1,39.1828125,-1.18668154762
2012-07-18 20:10:55,17847,1,38.4400297619,-0.742782738095
2012-07-18 20:10:56,17848,1,37.5526041667,-0.887425595238
2012-07-18 20:10:57,17849,1,35.8630208333,-1.68958333333
2012-07-18 20:10:58,17850,1,33.517485119,-2.34553571429
2012-07-18 20:10:59,17851,1,31.6333333333,-1.88415178571
2012-07-18 20:11:00,17852,1,31.4294642857,-0.203869047619
2012-07-18 20:11:01,17853,1,33.1706845238,1.7412202381
2012-07-18 20:11:02,17854,1,35.9580357143,2.78735119048
2012-07-18 20:11:03,17855,1,38.4947916667,2.53675595238
2012-07-18 20:11:04,17856,1,40.0091517857,1.51436011905
2012-07-18 20:11:05,17857,1,40.5131696429,0.504017857143
2012-07-18 20:11:06,17858,1,40.401860119,-0.11130952381
2012-07-18 20:11:07,17859,1,40.0261160714,-0.375744047619
2012-07-18 20:11:08,17860,1,39.6132440476,-0.41287202381
2012-07-18 20:11:09,17861,1,39.309672619,-0.303571428571
2012-07-18 20:11:10,17862,1,39.1469494048,-0.162723214286
2012-07-18 20:11:11,17863,1,39.0658482143,-0.0811011904762
2012-07-18 20:11:12,17864,1,39.0319196429,-0.0339285714286
2012-07-18 20:11:13,17865,1,39.0841517857,0.0522321428572
2012-07-18 20:11:14,17866,1,39.2822172619,0.198065476191
2012-07-18 20:11:15,17867,1,39.6549107143,0.372693452381
2012-07-18 20:11:16,17868,1,40.184077381,0.529166666667
2012-07-18 20:11:17,17869,1,40.7944940476,0.610416666667
2012-07-18 20:11:18,17870,1,41.3738095238,0.579315476191
2012-07-18 20:11:19,17871,1,41.8287946429,0.454985119048
2012-07-18 20:11:20,17872,1,42.1189732143,0.290178571429
2012-07-18 20:11:21,17873,1,42.2566964286,0.137723214286
2012-07-18 20:11:22,17874,1,42.303125,0.0464285714286
2012-07-18 20:11:23,17875,1,42.3575892857,0.0544642857143
2012-07-18 20:11:24,17876,1,42.5249255952,0.167336309524
2012-07-18 20:11:25,17877,1,42.8560267857,0.331101190476
2012-07-18 20:11:26,17878,1,43.3063988095,0.450372023809
2012-07-18 20:11:27,17879,1,43.7811755952,0.474776785714
2012-07-18 20:11:28,17880,1,44.2302083333,0.449032738095
2012-07-18 20:11:29,17881,1,44.6766369048,0.446428571429
2012-07-18 20:11:30,17882,1,45.1474702381,0.470833333333
2012-07-18 20:11:31,17883,1,45.5970238095,0.449553571429
2012-07-18 20:11:32,17884,1,45.9195684524,0.322544642857
2012-07-18 20:11:33,17885,1,46.040922619,0.121354166667
2012-07-18 20:11:34,17886,1,45.9906994048,-0.0502232142857
2012-07-18 20:11:35,17887,1,45.8838541667,-0.106845238095
2012-07-18 20:11:36,17888,1,45.8392857143,-0.044568452381
2012-07-18 20:11:37,17889,1,45.9177827381,0.0784970238095
2012-07-18 20:11:38,17890,1,46.1162946429,0.198511904762
2012-07-18 20:11:39,17891,1,46.395610119,0.279315476191
2012-07-18 20:11:40,17892,1,46.7091517857,0.313541666667
2012-07-18 20:11:41,17893,1,47.0049107143,0.295758928571
2012-07-18 20:11:42,17894,1,47.209672619,0.204761904762
2012-07-18 20:11:43,17895,1,47.253125,0.0434523809524
2012-07-18 20:11:44,17896,1,47.1331845238,-0.119940476191
2012-07-18 20:11:45,17897,1,46.9378720238,-0.1953125
2012-07-18 20:11:46,17898,1,46.7901785714,-0.147693452381
2012-07-18 20:11:47,17899,1,46.7761904762,-0.0139880952381
2012-07-18 20:11:48,17900,1,46.9078125,0.131622023809
2012-07-18 20:11:49,17901,1,47.1373511905,0.229538690476
2012-07-18 20:11:50,17902,1,47.4154761905,0.278125
2012-07-18 20:11:51,17903,1,47.7257440476,0.310267857143
2012-07-18 20:11:52,17904,1,48.059077381,0.333333333333
2012-07-18 20:11:53,17905,1,48.3944940476,0.335416666667
2012-07-18 20:11:54,17906,1,48.7220982143,0.327604166667
2012-07-18 20:11:55,17907,1,49.0603422619,0.338244047619
2012-07-18 20:11:56,17908,1,49.4462053571,0.385863095238
2012-07-18 20:11:57,17909,1,49.9133184524,0.467113095238
2012-07-18 20:11:58,17910,1,50.4678571429,0.554538690476
2012-07-18 20:11:59,17911,1,51.0834821429,0.615625
2012-07-18 20:12:00,17912,1,51.7194196429,0.6359375
2012-07-18 20:12:01,17913,1,52.3302827381,0.610863095238
2012-07-18 20:12:02,17914,1,52.8661458333,0.535863095238
2012-07-18 20:12:03,17915,1,53.2953125,0.429166666667
2012-07-18 20:12:04,17916,1,53.642485119,0.347172619048
2012-07-18 20:12:05,17917,1,53.9944940476,0.352008928571
2012-07-18 20:12:06,17918,1,54.4505952381,0.456101190476
2012-07-18 20:12:07,17919,1,55.0555803571,0.604985119048
2012-07-18 20:12:08,17920,1,55.7827380952,0.727157738095
2012-07-18 20:12:09,17921,1,56.5796875,0.796949404762
2012-07-18 20:12:10,17922,1,57.4173363095,0.837648809524
2012-07-18 20:12:11,17923,1,58.2901041667,0.872767857143
2012-07-18 20:12:12,17924,1,59.1763392857,0.886235119048
2012-07-18 20:12:13,17925,1,60.0063988095,0.83005952381
2012-07-18 20:12:14,17926,1,60.6770833333,0.670684523809
2012-07-18 20:12:15,17927,1,61.0998511905,0.422767857143
2012-07-18 20:12:16,17928,1,61.2389880952,0.139136904762
2012-07-18 20:12:17,17929,1,61.1227678571,-0.116220238095
2012-07-18 20:12:18,17930,1,60.8273065476,-0.295461309524
2012-07-18 20:12:19,17931,1,60.4357886905,-0.391517857143
2012-07-18 20:12:20,17932,1,60.0058035714,-0.429985119048
2012-07-18 20:12:21,17933,1,59.5709821429,-0.434821428572
2012-07-18 20:12:22,17934,1,59.1657738095,-0.405208333333
2012-07-18 20:12:23,17935,1,58.8473958333,-0.31837797619
2012-07-18 20:12:24,17936,1,58.6711309524,-0.176264880952
2012-07-18 20:12:25,17937,1,58.6313988095,-0.0397321428571
2012-07-18 20:12:26,17938,1,58.6711309524,0.0397321428571
2012-07-18 20:12:27,17939,1,58.7625,0.0913690476191
2012-07-18 20:12:28,17940,1,58.9410714286,0.178571428571
2012-07-18 20:12:29,17941,1,59.2649553571,0.323883928572
2012-07-18 20:12:30,17942,1,59.7462797619,0.481324404762
2012-07-18 20:12:31,17943,1,60.2921875,0.545907738095
2012-07-18 20:12:32,17944,1,60.7332589286,0.441071428571
2012-07-18 20:12:33,17945,1,60.9622767857,0.229017857143
2012-07-18 20:12:34,17946,1,61.0412202381,0.0789434523809
2012-07-18 20:12:35,17947,1,61.1496279762,0.108407738095
2012-07-18 20:12:36,17948,1,61.4293154762,0.2796875
2012-07-18 20:12:37,17949,1,61.8569940476,0.427678571428
2012-07-18 20:12:38,17950,1,62.2431547619,0.386160714286
2012-07-18 20:12:39,17951,1,62.3885416667,0.145386904762
2012-07-18 20:12:40,17952,1,62.2668154762,-0.121726190476
2012-07-18 20:12:41,17953,1,62.0279017857,-0.238913690476
2012-07-18 20:12:42,17954,1,61.8314732143,-0.196428571429
2012-07-18 20:12:43,17955,1,61.7166666667,-0.114806547619
2012-07-18 20:12:44,17956,1,61.6150297619,-0.101636904762
2012-07-18 20:12:45,17957,1,61.4383928571,-0.176636904762
2012-07-18 20:12:46,17958,1,61.1472470238,-0.291145833333
2012-07-18 20:12:47,17959,1,60.7648065476,-0.38244047619
2012-07-18 20:12:48,17960,1,60.3502232143,-0.414583333333
2012-07-18 20:12:49,17961,1,59.9712053571,-0.379017857143
2012-07-18 20:12:50,17962,1,59.7001488095,-0.271056547619
2012-07-18 20:12:51,17963,1,59.6058035714,-0.0943452380952
2012-07-18 20:12:52,17964,1,59.7130952381,0.107291666667
2012-07-18 20:12:53,17965,1,59.9723214286,0.259226190476
2012-07-18 20:12:54,17966,1,60.2989583333,0.326636904762
2012-07-18 20:12:55,17967,1,60.6493303571,0.35037202381
2012-07-18 20:12:56,17968,1,61.0276041667,0.378273809524
2012-07-18 20:12:57,17969,1,61.4180803571,0.390476190476
2012-07-18 20:12:58,17970,1,61.7395089286,0.321428571428
2012-07-18 20:12:59,17971,1,61.8818452381,0.142336309524
2012-07-18 20:13:00,17972,1,61.8117559524,-0.0700892857143
2012-07-18 20:13:01,17973,1,61.6466517857,-0.165104166667
2012-07-18 20:13:02,17974,1,61.5819940476,-0.0646577380953
2012-07-18 20:13:03,17975,1,61.733110119,0.151116071429
2012-07-18 20:13:04,17976,1,62.0670386905,0.333928571429
2012-07-18 20:13:05,17977,1,62.464360119,0.397321428571
2012-07-18 20:13:06,17978,1,62.8099702381,0.345610119048
2012-07-18 20:13:07,17979,1,63.0353422619,0.22537202381
2012-07-18 20:13:08,17980,1,63.1193452381,0.0840029761904
2012-07-18 20:13:09,17981,1,63.0765625,-0.0427827380952
2012-07-18 20:13:10,17982,1,62.9348214286,-0.141741071429
2012-07-18 20:13:11,17983,1,62.7199404762,-0.214880952381
2012-07-18 20:13:12,17984,1,62.4822916667,-0.237648809524
2012-07-18 20:13:13,17985,1,62.3302083333,-0.152083333333
2012-07-18 20:13:14,17986,1,62.3997767857,0.069568452381
2012-07-18 20:13:15,17987,1,62.7712053571,0.371428571429
2012-07-18 20:13:16,17988,1,63.4003720238,0.629166666667
2012-07-18 20:13:17,17989,1,64.1255952381,0.725223214286
2012-07-18 20:13:18,17990,1,64.7670386905,0.641443452381
2012-07-18 20:13:19,17991,1,65.2334821429,0.466443452381
2012-07-18 20:13:20,17992,1,65.527827381,0.294345238095
2012-07-18 20:13:21,17993,1,65.6828125,0.154985119048
2012-07-18 20:13:22,17994,1,65.7245535714,0.0417410714286
2012-07-18 20:13:23,17995,1,65.6772321429,-0.0473214285715
2012-07-18 20:13:24,17996,1,65.5474702381,-0.129761904762
2012-07-18 20:13:25,17997,1,65.2386160714,-0.308854166667
2012-07-18 20:13:26,17998,1,64.5592261905,-0.679389880952
2012-07-18 20:13:27,17999,1,63.5088541667,-1.05037202381
2012-07-18 20:13:28,18000,1,62.4686755952,-1.04017857143
2012-07-18 20:13:29,18001,1,61.9160714286,-0.552604166667
2012-07-18 20:13:30,18002,1,62.0300595238,0.113988095238
2012-07-18 20:13:31,18003,1,62.5706845238,0.540625
2012-07-18 20:13:32,18004,1,63.0532738095,0.482589285714
2012-07-18 20:13:33,18005,1,63.1650297619,0.111755952381
2012-07-18 20:13:34,18006,1,62.9976934524,-0.167336309524
2012-07-18 20:13:35,18007,1,62.8017857143,-0.195907738095
2012-07-18 20:13:36,18008,1,62.6724702381,-0.12931547619
2012-07-18 20:13:37,18009,1,62.4479910714,-0.224479166667
2012-07-18 20:13:38,18010,1,61.8365327381,-0.611458333333
2012-07-18 20:13:39,18011,1,60.8205357143,-1.01599702381
2012-07-18 20:13:40,18012,1,59.8623511905,-0.958184523809
2012-07-18 20:13:41,18013,1,59.5189732143,-0.34337797619
2012-07-18 20:13:42,18014,1,59.9676339286,0.448660714286
2012-07-18 20:13:43,18015,1,60.88125,0.913616071429
2012-07-18 20:13:44,18016,1,61.6561755952,0.774925595238
2012-07-18 20:13:45,18017,1,61.897172619,0.240997023809
2012-07-18 20:13:46,18018,1,61.684077381,-0.213095238095
2012-07-18 20:13:47,18019,1,61.353422619,-0.330654761905
2012-07-18 20:13:48,18020,1,61.2177827381,-0.135639880952
2012-07-18 20:13:49,18021,1,61.4538690476,0.236086309524
2012-07-18 20:13:50,18022,1,62.029389881,0.575520833333
2012-07-18 20:13:51,18023,1,62.7061755952,0.676785714286
2012-07-18 20:13:52,18024,1,63.2136160714,0.507440476191
2012-07-18 20:13:53,18025,1,63.4736607143,0.260044642857
2012-07-18 20:13:54,18026,1,63.6313244048,0.157663690476
2012-07-18 20:13:55,18027,1,63.8714285714,0.240104166667
2012-07-18 20:13:56,18028,1,64.2597470238,0.388318452381
2012-07-18 20:13:57,18029,1,64.7279017857,0.468154761905
2012-07-18 20:13:58,18030,1,65.1546130952,0.426711309524
2012-07-18 20:13:59,18031,1,65.4755208333,0.320907738095
2012-07-18 20:14:00,18032,1,65.7261160714,0.250595238095
2012-07-18 20:14:01,18033,1,65.9729910714,0.246875
2012-07-18 20:14:02,18034,1,66.2191220238,0.246130952381
2012-07-18 20:14:03,18035,1,66.3895089286,0.170386904762
2012-07-18 20:14:04,18036,1,66.4081845238,0.0186755952381
2012-07-18 20:14:05,18037,1,66.3043154762,-0.103869047619
2012-07-18 20:14:06,18038,1,66.2311011905,-0.0732142857143
2012-07-18 20:14:07,18039,1,66.3224702381,0.091369047619
2012-07-18 20:14:08,18040,1,66.5524553571,0.229985119048
2012-07-18 20:14:09,18041,1,66.788764881,0.23630952381
2012-07-18 20:14:10,18042,1,66.9354166667,0.146651785714
2012-07-18 20:14:11,18043,1,66.9995535714,0.0641369047619
2012-07-18 20:14:12,18044,1,67.054985119,0.055431547619
2012-07-18 20:14:13,18045,1,67.1392857143,0.0843005952381
2012-07-18 20:14:14,18046,1,67.2188244048,0.0795386904762
2012-07-18 20:14:15,18047,1,67.2742559524,0.055431547619
2012-07-18 20:14:16,18048,1,67.3473958333,0.0731398809524
2012-07-18 20:14:17,18049,1,67.4705357143,0.123139880952
2012-07-18 20:14:18,18050,1,67.5952380952,0.124702380952
2012-07-18 20:14:19,18051,1,67.6516369048,0.0563988095238
2012-07-18 20:14:20,18052,1,67.6685267857,0.0168898809524
2012-07-18 20:14:21,18053,1,67.7241815476,0.0556547619048
2012-07-18 20:14:22,18054,1,67.7895833333,0.0654017857142
2012-07-18 20:14:23,18055,1,67.7412946429,-0.0482886904762
2012-07-18 20:14:24,18056,1,67.5000744048,-0.241220238095
2012-07-18 20:14:25,18057,1,67.120014881,-0.38005952381
2012-07-18 20:14:26,18058,1,66.7764136905,-0.343601190476
2012-07-18 20:14:27,18059,1,66.6107886905,-0.165625
2012-07-18 20:14:28,18060,1,66.5933035714,-0.0174851190476
2012-07-18 20:14:29,18061,1,66.6080357143,0.0147321428571
2012-07-18 20:14:30,18062,1,66.5975446429,-0.0104910714286
2012-07-18 20:14:31,18063,1,66.5673363095,-0.0302083333333
2012-07-18 20:14:32,18064,1,66.531547619,-0.0357886904762
2012-07-18 20:14:33,18065,1,66.5000744048,-0.0314732142857
2012-07-18 20:14:34,18066,1,66.4873511905,-0.0127232142857
2012-07-18 20:14:35,18067,1,66.5055803571,0.0182291666667
2012-07-18 20:14:36,18068,1,66.5464285714,0.0408482142857
2012-07-18 20:14:37,18069,1,66.5691964286,0.0227678571428
2012-07-18 20:14:38,18070,1,66.5013392857,-0.0678571428571
2012-07-18 20:14:39,18071,1,66.2683035714,-0.233035714286
2012-07-18 20:14:40,18072,1,65.8561755952,-0.412127976191
2012-07-18 20:14:41,18073,1,65.348735119,-0.50744047619
2012-07-18 20:14:42,18074,1,64.8765625,-0.472172619048
2012-07-18 20:14:43,18075,1,64.5128720238,-0.36369047619
2012-07-18 20:14:44,18076,1,64.2177827381,-0.295089285714
2012-07-18 20:14:45,18077,1,63.8766369048,-0.341145833333
2012-07-18 20:14:46,18078,1,63.3949404762,-0.481696428571
2012-07-18 20:14:47,18079,1,62.7783482143,-0.616592261905
2012-07-18 20:14:48,18080,1,62.1379464286,-0.640401785714
2012-07-18 20:14:49,18081,1,61.6374255952,-0.500520833333
2012-07-18 20:14:50,18082,1,61.4420386905,-0.195386904762
2012-07-18 20:14:51,18083,1,61.6662946429,0.224255952381
2012-07-18 20:14:52,18084,1,62.3036458333,0.637351190476
2012-07-18 20:14:53,18085,1,63.1938244048,0.890178571429
2012-07-18 20:14:54,18086,1,64.0813244048,0.8875
2012-07-18 20:14:55,18087,1,64.7360119048,0.6546875
2012-07-18 20:14:56,18088,1,65.0553571429,0.319345238095
2012-07-18 20:14:57,18089,1,65.0881696429,0.0328125
2012-07-18 20:14:58,18090,1,64.986235119,-0.101934523809
2012-07-18 20:14:59,18091,1,64.9307291667,-0.0555059523809
2012-07-18 20:15:00,18092,1,65.0671130952,0.136383928571
2012-07-18 20:15:01,18093,1,65.4598958333,0.392782738095
2012-07-18 20:15:02,18094,1,66.0665922619,0.606696428571
2012-07-18 20:15:03,18095,1,66.7436755952,0.677083333333
2012-07-18 20:15:04,18096,1,67.3183035714,0.57462797619
2012-07-18 20:15:05,18097,1,67.699702381,0.381398809524
2012-07-18 20:15:06,18098,1,67.9203125,0.220610119048
2012-07-18 20:15:07,18099,1,68.0607886905,0.140476190476
2012-07-18 20:15:08,18100,1,68.1523809524,0.0915922619047
2012-07-18 20:15:09,18101,1,68.1613839286,0.0090029761905
2012-07-18 20:15:10,18102,1,68.0632440476,-0.0981398809523
2012-07-18 20:15:11,18103,1,67.9257440476,-0.1375
2012-07-18 20:15:12,18104,1,67.9017857143,-0.0239583333333
2012-07-18 20:15:13,18105,1,68.1232886905,0.221502976191
2012-07-18 20:15:14,18106,1,68.5944196429,0.471130952381
2012-07-18 20:15:15,18107,1,69.1773065476,0.582886904762
2012-07-18 20:15:16,18108,1,69.6883928571,0.511086309524
2012-07-18 20:15:17,18109,1,70.0349702381,0.346577380952
2012-07-18 20:15:18,18110,1,70.2682291667,0.233258928572
2012-07-18 20:15:19,18111,1,70.5063244048,0.238095238095
2012-07-18 20:15:20,18112,1,70.809375,0.303050595238
2012-07-18 20:15:21,18113,1,71.1131696429,0.303794642857
2012-07-18 20:15:22,18114,1,71.2727678571,0.159598214286
2012-07-18 20:15:23,18115,1,71.1860119048,-0.0867559523809
2012-07-18 20:15:24,18116,1,70.8894345238,-0.296577380952
2012-07-18 20:15:25,18117,1,70.5369791667,-0.352455357143
2012-07-18 20:15:26,18118,1,70.2845238095,-0.252455357143
2012-07-18 20:15:27,18119,1,70.1840029762,-0.100520833333
2012-07-18 20:15:28,18120,1,70.1738839286,-0.0101190476191
2012-07-18 20:15:29,18121,1,70.1604910714,-0.0133928571428
2012-07-18 20:15:30,18122,1,70.0962053571,-0.0642857142857
2012-07-18 20:15:31,18123,1,69.9819940476,-0.114211309524
2012-07-18 20:15:32,18124,1,69.8306547619,-0.151339285714
2012-07-18 20:15:33,18125,1,69.6629464286,-0.167708333333
2012-07-18 20:15:34,18126,1,69.5261904762,-0.136755952381
2012-07-18 20:15:35,18127,1,69.471577381,-0.0546130952381
2012-07-18 20:15:36,18128,1,69.4967261905,0.0251488095238
2012-07-18 20:15:37,18129,1,69.5380208333,0.0412946428571
2012-07-18 20:15:38,18130,1,69.545610119,0.00758928571429
2012-07-18 20:15:39,18131,1,69.5516369048,0.00602678571431
2012-07-18 20:15:40,18132,1,69.6226190476,0.0709821428572
2012-07-18 20:15:41,18133,1,69.757514881,0.134895833333
2012-07-18 20:15:42,18134,1,69.9118303571,0.154315476191
2012-07-18 20:15:43,18135,1,70.1051339286,0.193303571429
2012-07-18 20:15:44,18136,1,70.397172619,0.292038690476
2012-07-18 20:15:45,18137,1,70.7581845238,0.361011904762
2012-07-18 20:15:46,18138,1,71.0247767857,0.266592261905
2012-07-18 20:15:47,18139,1,71.0016369048,-0.0231398809524
2012-07-18 20:15:48,18140,1,70.6331845238,-0.368452380952
2012-07-18 20:15:49,18141,1,70.0682291667,-0.564955357143
2012-07-18 20:15:50,18142,1,69.5162946429,-0.55193452381
2012-07-18 20:15:51,18143,1,69.072172619,-0.444122023809
2012-07-18 20:15:52,18144,1,68.7104910714,-0.361681547619
2012-07-18 20:15:53,18145,1,68.3927083333,-0.317782738095
2012-07-18 20:15:54,18146,1,68.1273809524,-0.265327380952
2012-07-18 20:15:55,18147,1,67.955952381,-0.171428571429
2012-07-18 20:15:56,18148,1,67.9270833333,-0.0288690476191
2012-07-18 20:15:57,18149,1,68.0725446429,0.145461309524
2012-07-18 20:15:58,18150,1,68.3738095238,0.301264880952
2012-07-18 20:15:59,18151,1,68.7519345238,0.378125
2012-07-18 20:16:00,18152,1,69.0980654762,0.346130952381
2012-07-18 20:16:01,18153,1,69.3200892857,0.222023809524
2012-07-18 20:16:02,18154,1,69.3758928571,0.0558035714286
2012-07-18 20:16:03,18155,1,69.2615327381,-0.114360119048
2012-07-18 20:16:04,18156,1,68.9645833333,-0.296949404762
2012-07-18 20:16:05,18157,1,68.4537946429,-0.510788690476
2012-07-18 20:16:06,18158,1,67.7240327381,-0.729761904762
2012-07-18 20:16:07,18159,1,66.8259672619,-0.89806547619
2012-07-18 20:16:08,18160,1,65.8299107143,-0.996056547619
2012-07-18 20:16:09,18161,1,64.7444196429,-1.08549107143
2012-07-18 20:16:10,18162,1,63.4598214286,-1.28459821429
2012-07-18 20:16:11,18163,1,61.7850446429,-1.67477678571
2012-07-18 20:16:12,18164,1,59.5683779762,-2.21666666667
2012-07-18 20:16:13,18165,1,56.8248511905,-2.74352678571
2012-07-18 20:16:14,18166,1,53.7658482143,-3.05900297619
2012-07-18 20:16:15,18167,1,50.6654761905,-3.10037202381
2012-07-18 20:16:16,18168,1,47.6748511905,-2.990625
2012-07-18 20:16:17,18169,1,44.771875,-2.90297619048
2012-07-18 20:16:18,18170,1,41.8717261905,-2.90014880952
2012-07-18 20:16:19,18171,1,39.003422619,-2.86830357143
2012-07-18 20:16:20,18172,1,36.4310267857,-2.57239583333
2012-07-18 20:16:21,18173,1,34.5952380952,-1.83578869048
2012-07-18 20:16:22,18174,1,33.8782738095,-0.716964285714
2012-07-18 20:16:23,18175,1,34.3485863095,0.4703125
2012-07-18 20:16:24,18176,1,35.6745535714,1.3259672619
2012-07-18 20:16:25,18177,1,37.3010416667,1.62648809524
2012-07-18 20:16:26,18178,1,38.7719494048,1.4709077381
2012-07-18 20:16:27,18179,1,39.9337797619,1.16183035714
2012-07-18 20:16:28,18180,1,40.8597470238,0.925967261905
2012-07-18 20:16:29,18181,1,41.6117559524,0.752008928572
2012-07-18 20:16:30,18182,1,42.1180803571,0.506324404762
2012-07-18 20:16:31,18183,1,42.2835565476,0.165476190476
2012-07-18 20:16:32,18184,1,42.1673363095,-0.116220238095
2012-07-18 20:16:33,18185,1,42.0038690476,-0.163467261905
2012-07-18 20:16:34,18186,1,42.0273809524,0.023511904762
2012-07-18 20:16:35,18187,1,42.2693452381,0.241964285714
2012-07-18 20:16:36,18188,1,42.5299107143,0.260565476191
2012-07-18 20:16:37,18189,1,42.5516369048,0.0217261904762
2012-07-18 20:16:38,18190,1,42.2379464286,-0.313690476191
2012-07-18 20:16:39,18191,1,41.7382440476,-0.499702380952
2012-07-18 20:16:40,18192,1,41.3365327381,-0.401711309524
2012-07-18 20:16:41,18193,1,41.2300595238,-0.106473214286
2012-07-18 20:16:42,18194,1,41.3885416667,0.158482142857
2012-07-18 20:16:43,18195,1,41.6046875,0.216145833333
2012-07-18 20:16:44,18196,1,41.635639881,0.0309523809524
2012-07-18 20:16:45,18197,1,41.2930059524,-0.342633928571
2012-07-18 20:16:46,18198,1,40.474702381,-0.818303571429
2012-07-18 20:16:47,18199,1,39.1843005952,-1.29040178571
2012-07-18 20:16:48,18200,1,37.5401041667,-1.64419642857
2012-07-18 20:16:49,18201,1,35.7587053571,-1.78139880952
2012-07-18 20:16:50,18202,1,34.1086309524,-1.65007440476
2012-07-18 20:16:51,18203,1,32.8617559524,-1.246875
2012-07-18 20:16:52,18204,1,32.2886160714,-0.573139880952
2012-07-18 20:16:53,18205,1,32.6488839286,0.360267857143
2012-07-18 20:16:54,18206,1,34.0391369048,1.39025297619
2012-07-18 20:16:55,18207,1,36.159672619,2.12053571429
2012-07-18 20:16:56,18208,1,38.3191964286,2.15952380952
2012-07-18 20:16:57,18209,1,39.7944940476,1.47529761905
2012-07-18 20:16:58,18210,1,40.2450892857,0.450595238095
2012-07-18 20:16:59,18211,1,39.8297619048,-0.415327380952
2012-07-18 20:17:00,18212,1,38.9613839286,-0.868377976191
2012-07-18 20:17:01,18213,1,37.9569196429,-1.00446428571
2012-07-18 20:17:02,18214,1,36.9021577381,-1.05476190476
2012-07-18 20:17:03,18215,1,35.7735119048,-1.12864583333
2012-07-18 20:17:04,18216,1,34.6041666667,-1.1693452381
2012-07-18 20:17:05,18217,1,33.511235119,-1.09293154762
2012-07-18 20:17:06,18218,1,32.5822172619,-0.929017857143
2012-07-18 20:17:07,18219,1,31.7548363095,-0.827380952381
2012-07-18 20:17:08,18220,1,30.7883184524,-0.966517857143
2012-07-18 20:17:09,18221,1,29.3389136905,-1.4494047619
2012-07-18 20:17:10,18222,1,27.151264881,-2.18764880952
2012-07-18 20:17:11,18223,1,24.2718005952,-2.87946428571
2012-07-18 20:17:12,18224,1,21.0701636905,-3.20163690476
2012-07-18 20:17:13,18225,1,18.0390625,-3.03110119048
2012-07-18 20:17:14,18226,1,15.5729910714,-2.46607142857
2012-07-18 20:17:15,18227,1,13.8877232143,-1.68526785714
2012-07-18 20:17:16,18228,1,13.0855654762,-0.802157738095
2012-07-18 20:17:17,18229,1,13.2171130952,0.131547619048
2012-07-18 20:17:18,18230,1,14.2027529762,0.985639880952
2012-07-18 20:17:19,18231,1,15.7290178571,1.52626488095
2012-07-18 20:17:20,18232,1,17.3151785714,1.58616071429
2012-07-18 20:17:21,18233,1,18.5223958333,1.2072172619
2012-07-18 20:17:22,18234,1,19.1397321429,0.617336309524
2012-07-18 20:17:23,18235,1,19.2476190476,0.107886904762
2012-07-18 20:17:24,18236,1,19.1530505952,-0.0945684523809
2012-07-18 20:17:25,18237,1,19.2252232143,0.0721726190476
2012-07-18 20:17:26,18238,1,19.690922619,0.465699404762
2012-07-18 20:17:27,18239,1,20.5152529762,0.824330357143
2012-07-18 20:17:28,18240,1,21.4741815476,0.958928571429
2012-07-18 20:17:29,18241,1,22.3608630952,0.886681547619
2012-07-18 20:17:30,18242,1,23.1276041667,0.766741071429
2012-07-18 20:17:31,18243,1,23.8332589286,0.705654761905
2012-07-18 20:17:32,18244,1,24.4933035714,0.660044642857
2012-07-18 20:17:33,18245,1,25.0258928571,0.532589285714
2012-07-18 20:17:34,18246,1,25.3283482143,0.302455357143
2012-07-18 20:17:35,18247,1,25.3728422619,0.0444940476191
2012-07-18 20:17:36,18248,1,25.2384672619,-0.134375
2012-07-18 20:17:37,18249,1,25.0595238095,-0.178943452381
2012-07-18 20:17:38,18250,1,24.9217261905,-0.137797619048
2012-07-18 20:17:39,18251,1,24.7861607143,-0.135565476191
2012-07-18 20:17:40,18252,1,24.4912946429,-0.294866071429
2012-07-18 20:17:41,18253,1,23.8322172619,-0.659077380952
2012-07-18 20:17:42,18254,1,22.6888392857,-1.14337797619
2012-07-18 20:17:43,18255,1,21.1169642857,-1.571875
2012-07-18 20:17:44,18256,1,19.3220238095,-1.79494047619
2012-07-18 20:17:45,18257,1,17.5436755952,-1.77834821429
2012-07-18 20:17:46,18258,1,15.9223958333,-1.6212797619
2012-07-18 20:17:47,18259,1,14.3974702381,-1.52492559524
2012-07-18 20:17:48,18260,1,12.734077381,-1.66339285714
2012-07-18 20:17:49,18261,1,10.7431547619,-1.99092261905
2012-07-18 20:17:50,18262,1,8.51860119048,-2.22455357143
2012-07-18 20:17:51,18263,1,6.45855654762,-2.06004464286
2012-07-18 20:17:52,18264,1,5.09791666667,-1.36063988095
2012-07-18 20:17:53,18265,1,4.88474702381,-0.213169642857
2012-07-18 20:17:54,18266,1,5.96644345238,1.08169642857
2012-07-18 20:17:55,18267,1,8.08816964286,2.12172619048
2012-07-18 20:17:56,18268,1,10.662797619,2.57462797619
2012-07-18 20:17:57,18269,1,12.9730654762,2.31026785714
2012-07-18 20:17:58,18270,1,14.4680059524,1.49494047619
2012-07-18 20:17:59,18271,1,15.0061011905,0.538095238095
2012-07-18 20:18:00,18272,1,14.8319940476,-0.174107142857
2012-07-18 20:18:01,18273,1,14.3396577381,-0.492336309524
2012-07-18 20:18:02,18274,1,13.8736607143,-0.465997023809
2012-07-18 20:18:03,18275,1,13.654389881,-0.219270833333
2012-07-18 20:18:04,18276,1,13.7617559524,0.107366071429
2012-07-18 20:18:05,18277,1,14.1629464286,0.40119047619
2012-07-18 20:18:06,18278,1,14.7694940476,0.606547619048
2012-07-18 20:18:07,18279,1,15.4677083333,0.698214285714
2012-07-18 20:18:08,18280,1,16.1316964286,0.663988095238
2012-07-18 20:18:09,18281,1,16.651860119,0.520163690476
2012-07-18 20:18:10,18282,1,16.9705357143,0.318675595238
2012-07-18 20:18:11,18283,1,17.1334077381,0.16287202381
2012-07-18 20:18:12,18284,1,17.3152529762,0.181845238095
2012-07-18 20:18:13,18285,1,17.6947172619,0.379464285714
2012-07-18 20:18:14,18286,1,18.2261160714,0.531398809524
2012-07-18 20:18:15,18287,1,18.590922619,0.364806547619
2012-07-18 20:18:16,18288,1,18.4436755952,-0.147247023809
2012-07-18 20:18:17,18289,1,17.7229910714,-0.72068452381
2012-07-18 20:18:18,18290,1,16.759375,-0.963616071429
2012-07-18 20:18:19,18291,1,16.0881696429,-0.671205357143
2012-07-18 20:18:20,18292,1,16.0985119048,0.0103422619048
2012-07-18 20:18:21,18293,1,16.8265625,0.728050595238
2012-07-18 20:18:22,18294,1,18.0472470238,1.22068452381
2012-07-18 20:18:23,18295,1,19.4870535714,1.43980654762
2012-07-18 20:18:24,18296,1,20.9448660714,1.4578125
2012-07-18 20:18:25,18297,1,22.2860863095,1.3412202381
2012-07-18 20:18:26,18298,1,23.3880952381,1.10200892857
2012-07-18 20:18:27,18299,1,24.1441964286,0.756101190476
2012-07-18 20:18:28,18300,1,24.5488839286,0.4046875
2012-07-18 20:18:29,18301,1,24.753422619,0.204538690476
2012-07-18 20:18:30,18302,1,24.9982886905,0.244866071429
2012-07-18 20:18:31,18303,1,25.4703125,0.472023809524
2012-07-18 20:18:32,18304,1,26.2064732143,0.736160714286
2012-07-18 20:18:33,18305,1,27.1167410714,0.910267857143
2012-07-18 20:18:34,18306,1,28.0918154762,0.975074404762
2012-07-18 20:18:35,18307,1,29.0884672619,0.996651785714
2012-07-18 20:18:36,18308,1,30.1139880952,1.02552083333
2012-07-18 20:18:37,18309,1,31.1470238095,1.03303571429
2012-07-18 20:18:38,18310,1,32.1020833333,0.955059523809
2012-07-18 20:18:39,18311,1,32.8720238095,0.769940476191
2012-07-18 20:18:40,18312,1,33.3880208333,0.515997023809
2012-07-18 20:18:41,18313,1,33.6447916667,0.256770833333
2012-07-18 20:18:42,18314,1,33.684077381,0.0392857142857
2012-07-18 20:18:43,18315,1,33.566889881,-0.1171875
2012-07-18 20:18:44,18316,1,33.3808035714,-0.186086309524
2012-07-18 20:18:45,18317,1,33.2634672619,-0.117336309524
2012-07-18 20:18:46,18318,1,33.3700892857,0.106622023809
2012-07-18 20:18:47,18319,1,33.7857142857,0.415625
2012-07-18 20:18:48,18320,1,34.462797619,0.677083333333
2012-07-18 20:18:49,18321,1,35.2385416667,0.775744047619
2012-07-18 20:18:50,18322,1,35.922172619,0.683630952381
2012-07-18 20:18:51,18323,1,36.3933035714,0.471130952381
2012-07-18 20:18:52,18324,1,36.640327381,0.247023809524
2012-07-18 20:18:53,18325,1,36.7277529762,0.0874255952381
2012-07-18 20:18:54,18326,1,36.7424107143,0.0146577380952
2012-07-18 20:18:55,18327,1,36.7526785714,0.0102678571429
2012-07-18 20:18:56,18328,1,36.7850446429,0.0323660714285
2012-07-18 20:18:57,18329,1,36.8192708333,0.0342261904762
2012-07-18 20:18:58,18330,1,36.7967261905,-0.0225446428571
2012-07-18 20:18:59,18331,1,36.640625,-0.156101190476
2012-07-18 20:19:00,18332,1,36.2928571429,-0.347767857143
2012-07-18 20:19:01,18333,1,35.7488095238,-0.544047619048
2012-07-18 20:19:02,18334,1,35.0664434524,-0.682366071428
2012-07-18 20:19:03,18335,1,34.3514880952,-0.714955357143
2012-07-18 20:19:04,18336,1,33.7242559524,-0.627232142857
2012-07-18 20:19:05,18337,1,33.2759672619,-0.448288690476
2012-07-18 20:19:06,18338,1,33.0307291667,-0.245238095238
2012-07-18 20:19:07,18339,1,32.9099702381,-0.120758928572
2012-07-18 20:19:08,18340,1,32.7205357143,-0.189434523809
2012-07-18 20:19:09,18341,1,32.2291666667,-0.491369047619
2012-07-18 20:19:10,18342,1,31.2902529762,-0.938913690476
2012-07-18 20:19:11,18343,1,29.896577381,-1.39367559524
2012-07-18 20:19:12,18344,1,28.1129464286,-1.78363095238
2012-07-18 20:19:13,18345,1,25.9648065476,-2.14813988095
2012-07-18 20:19:14,18346,1,23.390327381,-2.57447916667
2012-07-18 20:19:15,18347,1,20.3404017857,-3.04992559524
2012-07-18 20:19:16,18348,1,16.9229910714,-3.41741071429
2012-07-18 20:19:17,18349,1,13.3969494048,-3.52604166667
2012-07-18 20:19:18,18350,1,10.0761904762,-3.32075892857
2012-07-18 20:19:19,18351,1,7.31614583333,-2.76004464286
2012-07-18 20:19:20,18352,1,5.51086309524,-1.8052827381
2012-07-18 20:19:21,18353,1,4.96383928571,-0.547023809524
2012-07-18 20:19:22,18354,1,5.70141369048,0.737574404762
2012-07-18 20:19:23,18355,1,7.40238095238,1.7009672619
2012-07-18 20:19:24,18356,1,9.52797619048,2.1255952381
2012-07-18 20:19:25,18357,1,11.5504464286,2.0224702381
2012-07-18 20:19:26,18358,1,13.0773065476,1.52686011905
2012-07-18 20:19:27,18359,1,13.8249255952,0.747619047619
2012-07-18 20:19:28,18360,1,13.6164434524,-0.208482142857
2012-07-18 20:19:29,18361,1,12.4977678571,-1.11867559524
2012-07-18 20:19:30,18362,1,10.7982142857,-1.69955357143
2012-07-18 20:19:31,18363,1,8.9818452381,-1.81636904762
2012-07-18 20:19:32,18364,1,7.4115327381,-1.5703125
2012-07-18 20:19:33,18365,1,6.22775297619,-1.1837797619
2012-07-18 20:19:34,18366,1,5.38616071429,-0.841592261905
2012-07-18 20:19:35,18367,1,4.7759672619,-0.610193452381
2012-07-18 20:19:36,18368,1,4.3212797619,-0.4546875
2012-07-18 20:19:37,18369,1,4.00892857143,-0.312351190476
2012-07-18 20:19:38,18370,1,3.86517857143,-0.14375
2012-07-18 20:19:39,18371,1,3.925,0.0598214285714
2012-07-18 20:19:40,18372,1,4.19382440476,0.268824404762
2012-07-18 20:19:41,18373,1,4.6134672619,0.419642857143
2012-07-18 20:19:42,18374,1,5.07864583333,0.465178571429
2012-07-18 20:19:43,18375,1,5.50178571429,0.423139880952
2012-07-18 20:19:44,18376,1,5.86808035714,0.366294642857
2012-07-18 20:19:45,18377,1,6.23727678571,0.369196428571
2012-07-18 20:19:46,18378,1,6.68541666667,0.448139880952
2012-07-18 20:19:47,18379,1,7.21733630952,0.531919642857
2012-07-18 20:19:48,18380,1,7.7181547619,0.500818452381
2012-07-18 20:19:49,18381,1,8.00119047619,0.283035714286
2012-07-18 20:19:50,18382,1,7.92514880952,-0.0760416666667
2012-07-18 20:19:51,18383,1,7.4834077381,-0.441741071429
2012-07-18 20:19:52,18384,1,6.80714285714,-0.676264880952
2012-07-18 20:19:53,18385,1,6.09769345238,-0.709449404762
2012-07-18 20:19:54,18386,1,5.53050595238,-0.5671875
2012-07-18 20:19:55,18387,1,5.18891369048,-0.341592261905
2012-07-18 20:19:56,18388,1,5.0640625,-0.124851190476
2012-07-18 20:19:57,18389,1,5.08876488095,0.0247023809524
2012-07-18 20:19:58,18390,1,5.16845238095,0.0796875
2012-07-18 20:19:59,18391,1,5.21428571429,0.0458333333333
2012-07-18 20:20:00,18392,1,5.17433035714,-0.0399553571429
2012-07-18 20:20:01,18393,1,5.04479166667,-0.129538690476
2012-07-18 20:20:02,18394,1,4.85900297619,-0.185788690476
2012-07-18 20:20:03,18395,1,4.65773809524,-0.201264880952
2012-07-18 20:20:04,18396,1,4.45974702381,-0.197991071429
2012-07-18 20:20:05,18397,1,4.26086309524,-0.198883928571
2012-07-18 20:20:06,18398,1,4.05491071429,-0.205952380952
2012-07-18 20:20:07,18399,1,3.8525297619,-0.202380952381
2012-07-18 20:20:08,18400,1,3.6890625,-0.163467261905
2012-07-18 20:20:09,18401,1,3.61138392857,-0.0776785714286
2012-07-18 20:20:10,18402,1,3.64873511905,0.0373511904762
2012-07-18 20:20:11,18403,1,3.79337797619,0.144642857143
2012-07-18 20:20:12,18404,1,3.98891369048,0.195535714286
2012-07-18 20:20:13,18405,1,4.12188988095,0.132976190476
2012-07-18 20:20:14,18406,1,4.06032738095,-0.0615625
2012-07-18 20:20:15,18407,1,3.74501488095,-0.3153125
2012-07-18 20:20:16,18408,1,3.24675595238,-0.498258928571
2012-07-18 20:20:17,18409,1,2.72983630952,-0.516919642857
2012-07-18 20:20:18,18410,1,2.35328869048,-0.376547619048
2012-07-18 20:20:19,18411,1,2.17773809524,-0.175550595238
2012-07-18 20:20:20,18412,1,2.15681547619,-0.0209226190476
2012-07-18 20:20:21,18413,1,2.22748511905,0.0706696428571
2012-07-18 20:20:22,18414,1,2.3721875,0.144702380952
2012-07-18 20:20:23,18415,1,2.54254464286,0.170357142857
2012-07-18 20:20:24,18416,1,2.55491071429,0.0123660714286
2012-07-18 20:20:25,18417,1,2.18404761905,-0.370863095238
2012-07-18 20:20:26,18418,1,1.48467261905,-0.699375
2012-07-18 20:20:27,18419,1,0.0,-1.48467261905
2012-07-18 20:24:50,18682,263,0.0,0.0
2012-07-18 20:24:51,18683,1,2.78110119048,2.78110119048
2012-07-18 20:24:52,18684,1,4.59211309524,1.81101190476
2012-07-18 20:24:53,18685,1,6.07001488095,1.47790178571
2012-07-18 20:24:54,18686,1,6.8415922619,0.771577380952
2012-07-18 20:24:55,18687,1,6.940625,0.0990327380952
2012-07-18 20:24:56,18688,1,6.57485119048,-0.365773809524
2012-07-18 20:24:57,18689,1,5.94360119048,-0.63125
2012-07-18 20:24:58,18690,1,5.1818452381,-0.761755952381
2012-07-18 20:24:59,18691,1,4.40811011905,-0.773735119048
2012-07-18 20:25:00,18692,1,3.81160714286,-0.59650297619
2012-07-18 20:25:01,18693,1,3.64568452381,-0.165922619048
2012-07-18 20:25:02,18694,1,4.09389880952,0.448214285714
2012-07-18 20:25:03,18695,1,5.17418154762,1.0802827381
2012-07-18 20:25:04,18696,1,6.79523809524,1.62105654762
2012-07-18 20:25:05,18697,1,8.86875,2.07351190476
2012-07-18 20:25:06,18698,1,11.334077381,2.46532738095
2012-07-18 20:25:07,18699,1,14.0722470238,2.73816964286
2012-07-18 20:25:08,18700,1,16.8288690476,2.75662202381
2012-07-18 20:25:09,18701,1,19.2673363095,2.4384672619
2012-07-18 20:25:10,18702,1,21.1101190476,1.8427827381
2012-07-18 20:25:11,18703,1,22.2352678571,1.12514880952
2012-07-18 20:25:12,18704,1,22.6519345238,0.416666666667
2012-07-18 20:25:13,18705,1,22.3639136905,-0.288020833333
2012-07-18 20:25:14,18706,1,21.2501488095,-1.11376488095
2012-07-18 20:25:15,18707,1,19.1584077381,-2.09174107143
2012-07-18 20:25:16,18708,1,16.2202380952,-2.93816964286
2012-07-18 20:25:17,18709,1,13.0886904762,-3.13154761905
2012-07-18 20:25:18,18710,1,10.7738095238,-2.31488095238
2012-07-18 20:25:19,18711,1,10.1051339286,-0.668675595238
2012-07-18 20:25:20,18712,1,11.2485863095,1.14345238095
2012-07-18 20:25:21,18713,1,13.7021577381,2.45357142857
2012-07-18 20:25:22,18714,1,16.730952381,3.02879464286
2012-07-18 20:25:23,18715,1,19.8009672619,3.07001488095
2012-07-18 20:25:24,18716,1,22.6844494048,2.88348214286
2012-07-18 20:25:25,18717,1,25.310639881,2.62619047619
2012-07-18 20:25:26,18718,1,27.63125,2.32061011905
2012-07-18 20:25:27,18719,1,29.6271577381,1.9959077381
2012-07-18 20:25:28,18720,1,31.3636160714,1.73645833333
2012-07-18 20:25:29,18721,1,32.9679315476,1.60431547619
2012-07-18 20:25:30,18722,1,34.53125,1.56331845238
2012-07-18 20:25:31,18723,1,36.0323660714,1.50111607143
2012-07-18 20:25:32,18724,1,37.3359375,1.30357142857
2012-07-18 20:25:33,18725,1,38.2344494048,0.898511904762
2012-07-18 20:25:34,18726,1,38.5192708333,0.284821428571
2012-07-18 20:25:35,18727,1,38.0850446429,-0.434226190476
2012-07-18 20:25:36,18728,1,37.0120535714,-1.07299107143
2012-07-18 20:25:37,18729,1,35.5610863095,-1.4509672619
2012-07-18 20:25:38,18730,1,34.0757440476,-1.4853422619
2012-07-18 20:25:39,18731,1,32.8334821429,-1.24226190476
2012-07-18 20:25:40,18732,1,31.9365327381,-0.896949404762
2012-07-18 20:25:41,18733,1,31.3297619048,-0.606770833333
2012-07-18 20:25:42,18734,1,30.9058035714,-0.423958333333
2012-07-18 20:25:43,18735,1,30.5810267857,-0.324776785714
2012-07-18 20:25:44,18736,1,30.307514881,-0.273511904762
2012-07-18 20:25:45,18737,1,30.0551339286,-0.252380952381
2012-07-18 20:25:46,18738,1,29.7901785714,-0.264955357143
2012-07-18 20:25:47,18739,1,29.4911458333,-0.299032738095
2012-07-18 20:25:48,18740,1,29.2032738095,-0.287872023809
2012-07-18 20:25:49,18741,1,29.0320684524,-0.171205357143
2012-07-18 20:25:50,18742,1,29.0399553571,0.0078869047619
2012-07-18 20:25:51,18743,1,29.1645833333,0.12462797619
2012-07-18 20:25:52,18744,1,29.2465029762,0.0819196428572
2012-07-18 20:25:53,18745,1,29.1316964286,-0.114806547619
2012-07-18 20:25:54,18746,1,28.7505208333,-0.381175595238
2012-07-18 20:25:55,18747,1,28.086235119,-0.664285714286
2012-07-18 20:25:56,18748,1,27.083110119,-1.003125
2012-07-18 20:25:57,18749,1,25.6277529762,-1.45535714286
2012-07-18 20:25:58,18750,1,23.637202381,-1.99055059524
2012-07-18 20:25:59,18751,1,21.185639881,-2.4515625
2012-07-18 20:26:00,18752,1,18.5677827381,-2.61785714286
2012-07-18 20:26:01,18753,1,16.244047619,-2.32373511905
2012-07-18 20:26:02,18754,1,14.7003720238,-1.54367559524
2012-07-18 20:26:03,18755,1,14.2602678571,-0.440104166667
2012-07-18 20:26:04,18756,1,14.9364583333,0.67619047619
2012-07-18 20:26:05,18757,1,16.458110119,1.52165178571
2012-07-18 20:26:06,18758,1,18.4497767857,1.99166666667
2012-07-18 20:26:07,18759,1,20.6141369048,2.16436011905
2012-07-18 20:26:08,18760,1,22.8162202381,2.20208333333
2012-07-18 20:26:09,18761,1,25.0200892857,2.20386904762
2012-07-18 20:26:10,18762,1,27.1490327381,2.12894345238
2012-07-18 20:26:11,18763,1,29.0438988095,1.89486607143
2012-07-18 20:26:12,18764,1,30.5605654762,1.51666666667
2012-07-18 20:26:13,18765,1,31.66875,1.10818452381
2012-07-18 20:26:14,18766,1,32.4516369048,0.782886904762
2012-07-18 20:26:15,18767,1,33.0353422619,0.583705357143
2012-07-18 20:26:16,18768,1,33.5186755952,0.483333333333
2012-07-18 20:26:17,18769,1,33.9542410714,0.43556547619
2012-07-18 20:26:18,18770,1,34.3797619048,0.425520833333
2012-07-18 20:26:19,18771,1,34.8399553571,0.460193452381
2012-07-18 20:26:20,18772,1,35.3707589286,0.530803571429
2012-07-18 20:26:21,18773,1,35.9808779762,0.610119047619
2012-07-18 20:26:22,18774,1,36.6417410714,0.660863095238
2012-07-18 20:26:23,18775,1,37.2723214286,0.630580357143
2012-07-18 20:26:24,18776,1,37.7433035714,0.470982142857
2012-07-18 20:26:25,18777,1,37.9264136905,0.183110119048
2012-07-18 20:26:26,18778,1,37.7623511905,-0.1640625
2012-07-18 20:26:27,18779,1,37.2921875,-0.470163690476
2012-07-18 20:26:28,18780,1,36.6261904762,-0.665997023809
2012-07-18 20:26:29,18781,1,35.8789434524,-0.74724702381
2012-07-18 20:26:30,18782,1,35.1060267857,-0.772916666667
2012-07-18 20:26:31,18783,1,34.2641369048,-0.841889880952
2012-07-18 20:26:32,18784,1,33.2448660714,-1.01927083333
2012-07-18 20:26:33,18785,1,31.990625,-1.25424107143
2012-07-18 20:26:34,18786,1,30.5917410714,-1.39888392857
2012-07-18 20:26:35,18787,1,29.28125,-1.31049107143
2012-07-18 20:26:36,18788,1,28.3424107143,-0.938839285714
2012-07-18 20:26:37,18789,1,27.9818452381,-0.36056547619
2012-07-18 20:26:38,18790,1,28.2384672619,0.25662202381
2012-07-18 20:26:39,18791,1,28.9733630952,0.734895833333
2012-07-18 20:26:40,18792,1,29.9148809524,0.941517857143
2012-07-18 20:26:41,18793,1,30.7397321429,0.824851190476
2012-07-18 20:26:42,18794,1,31.1942708333,0.454538690476
2012-07-18 20:26:43,18795,1,31.1972470238,0.0029761904762
2012-07-18 20:26:44,18796,1,30.839360119,-0.357886904762
2012-07-18 20:26:45,18797,1,30.2826636905,-0.556696428571
2012-07-18 20:26:46,18798,1,29.6556547619,-0.627008928571
2012-07-18 20:26:47,18799,1,29.0255208333,-0.630133928571
2012-07-18 20:26:48,18800,1,28.4256696429,-0.599851190476
2012-07-18 20:26:49,18801,1,27.8677083333,-0.557961309524
2012-07-18 20:26:50,18802,1,27.3261904762,-0.541517857143
2012-07-18 20:26:51,18803,1,26.7213541667,-0.604836309524
2012-07-18 20:26:52,18804,1,25.9037946429,-0.81755952381
2012-07-18 20:26:53,18805,1,24.6851190476,-1.21867559524
2012-07-18 20:26:54,18806,1,22.970610119,-1.71450892857
2012-07-18 20:26:55,18807,1,20.8939732143,-2.07663690476
2012-07-18 20:26:56,18808,1,18.7918154762,-2.1021577381
2012-07-18 20:26:57,18809,1,17.0300595238,-1.76175595238
2012-07-18 20:26:58,18810,1,15.8092261905,-1.22083333333
2012-07-18 20:26:59,18811,1,15.0707589286,-0.738467261905
2012-07-18 20:27:00,18812,1,14.5890625,-0.481696428571
2012-07-18 20:27:01,18813,1,14.1613095238,-0.427752976191
2012-07-18 20:27:02,18814,1,13.6818452381,-0.479464285714
2012-07-18 20:27:03,18815,1,13.050297619,-0.631547619048
2012-07-18 20:27:04,18816,1,12.0828125,-0.967485119048
2012-07-18 20:27:05,18817,1,10.5924107143,-1.49040178571
2012-07-18 20:27:06,18818,1,8.60438988095,-1.98802083333
2012-07-18 20:27:07,18819,1,6.50491071429,-2.09947916667
2012-07-18 20:27:08,18820,1,4.94583333333,-1.55907738095
2012-07-18 20:27:09,18821,1,4.49479166667,-0.451041666667
2012-07-18 20:27:10,18822,1,5.28296130952,0.788169642857
2012-07-18 20:27:11,18823,1,7.00461309524,1.72165178571
2012-07-18 20:27:12,18824,1,9.2396577381,2.23504464286
2012-07-18 20:27:13,18825,1,11.7170386905,2.47738095238
2012-07-18 20:27:14,18826,1,14.334672619,2.61763392857
2012-07-18 20:27:15,18827,1,17.0389136905,2.70424107143
2012-07-18 20:27:16,18828,1,19.7216517857,2.68273809524
2012-07-18 20:27:17,18829,1,22.2406994048,2.51904761905
2012-07-18 20:27:18,18830,1,24.5038690476,2.26316964286
2012-07-18 20:27:19,18831,1,26.487797619,1.98392857143
2012-07-18 20:27:20,18832,1,28.2072916667,1.71949404762
2012-07-18 20:27:21,18833,1,29.7032738095,1.49598214286
2012-07-18 20:27:22,18834,1,31.0353422619,1.33206845238
2012-07-18 20:27:23,18835,1,32.2545386905,1.21919642857
2012-07-18 20:27:24,18836,1,33.3726190476,1.11808035714
2012-07-18 20:27:25,18837,1,34.3554315476,0.9828125
2012-07-18 20:27:26,18838,1,35.1448660714,0.78943452381
2012-07-18 20:27:27,18839,1,35.6816220238,0.536755952381
2012-07-18 20:27:28,18840,1,35.930952381,0.249330357143
2012-07-18 20:27:29,18841,1,35.9402529762,0.0093005952381
2012-07-18 20:27:30,18842,1,35.8756696429,-0.0645833333334
2012-07-18 20:27:31,18843,1,35.9663690476,0.0906994047619
2012-07-18 20:27:32,18844,1,36.3915178571,0.425148809524
2012-07-18 20:27:33,18845,1,37.1760416667,0.784523809524
2012-07-18 20:27:34,18846,1,38.1548363095,0.978794642857
2012-07-18 20:27:35,18847,1,39.0625744048,0.907738095238
2012-07-18 20:27:36,18848,1,39.6866071429,0.624032738095
2012-07-18 20:27:37,18849,1,39.9514136905,0.264806547619
2012-07-18 20:27:38,18850,1,39.9052827381,-0.046130952381
2012-07-18 20:27:39,18851,1,39.6527529762,-0.252529761905
2012-07-18 20:27:40,18852,1,39.2816220238,-0.371130952381
2012-07-18 20:27:41,18853,1,38.8360119048,-0.445610119048
2012-07-18 20:27:42,18854,1,38.3377232143,-0.498288690476
2012-07-18 20:27:43,18855,1,37.8095238095,-0.528199404762
2012-07-18 20:27:44,18856,1,37.2774553571,-0.532068452381
2012-07-18 20:27:45,18857,1,36.7662202381,-0.511235119048
2012-07-18 20:27:46,18858,1,36.3098958333,-0.456324404762
2012-07-18 20:27:47,18859,1,35.9715029762,-0.338392857143
2012-07-18 20:27:48,18860,1,35.8306547619,-0.140848214286
2012-07-18 20:27:49,18861,1,35.9372767857,0.106622023809
2012-07-18 20:27:50,18862,1,36.2802827381,0.343005952381
2012-07-18 20:27:51,18863,1,36.7932291667,0.512946428571
2012-07-18 20:27:52,18864,1,37.3833333333,0.590104166667
2012-07-18 20:27:53,18865,1,37.959672619,0.576339285714
2012-07-18 20:27:54,18866,1,38.4462053571,0.486532738095
2012-07-18 20:27:55,18867,1,38.7959077381,0.349702380952
2012-07-18 20:27:56,18868,1,39.0066220238,0.210714285714
2012-07-18 20:27:57,18869,1,39.1202380952,0.113616071429
2012-07-18 20:27:58,18870,1,39.2071428571,0.0869047619048
2012-07-18 20:27:59,18871,1,39.3330357143,0.125892857143
2012-07-18 20:28:00,18872,1,39.5250744048,0.192038690476
2012-07-18 20:28:01,18873,1,39.7715029762,0.246428571429
2012-07-18 20:28:02,18874,1,40.0313244048,0.259821428571
2012-07-18 20:28:03,18875,1,40.2360119048,0.2046875
2012-07-18 20:28:04,18876,1,40.3183035714,0.0822916666667
2012-07-18 20:28:05,18877,1,40.2567708333,-0.0615327380953
2012-07-18 20:28:06,18878,1,40.082514881,-0.174255952381
2012-07-18 20:28:07,18879,1,39.8478422619,-0.234672619048
2012-07-18 20:28:08,18880,1,39.5930803571,-0.254761904762
2012-07-18 20:28:09,18881,1,39.3291666667,-0.263913690476
2012-07-18 20:28:10,18882,1,39.0543154762,-0.274851190476
2012-07-18 20:28:11,18883,1,38.791889881,-0.262425595238
2012-07-18 20:28:12,18884,1,38.5729166667,-0.218973214286
2012-07-18 20:28:13,18885,1,38.365922619,-0.206994047619
2012-07-18 20:28:14,18886,1,38.0604910714,-0.305431547619
2012-07-18 20:28:15,18887,1,37.5264880952,-0.534002976191
2012-07-18 20:28:16,18888,1,36.690327381,-0.836160714286
2012-07-18 20:28:17,18889,1,35.5804315476,-1.10989583333
2012-07-18 20:28:18,18890,1,34.291889881,-1.28854166667
2012-07-18 20:28:19,18891,1,32.8991815476,-1.39270833333
2012-07-18 20:28:20,18892,1,31.4248511905,-1.47433035714
2012-07-18 20:28:21,18893,1,29.8741071429,-1.55074404762
2012-07-18 20:28:22,18894,1,28.2587797619,-1.61532738095
2012-07-18 20:28:23,18895,1,26.5995535714,-1.65922619048
2012-07-18 20:28:24,18896,1,24.939360119,-1.66019345238
2012-07-18 20:28:25,18897,1,23.3433779762,-1.59598214286
2012-07-18 20:28:26,18898,1,21.8353422619,-1.50803571429
2012-07-18 20:28:27,18899,1,20.311235119,-1.52410714286
2012-07-18 20:28:28,18900,1,18.5620535714,-1.74918154762
2012-07-18 20:28:29,18901,1,16.4513392857,-2.11071428571
2012-07-18 20:28:30,18902,1,14.0978422619,-2.35349702381
2012-07-18 20:28:31,18903,1,11.8707589286,-2.22708333333
2012-07-18 20:28:32,18904,1,10.172172619,-1.69858630952
2012-07-18 20:28:33,18905,1,9.16949404762,-1.00267857143
2012-07-18 20:28:34,18906,1,8.69174107143,-0.47775297619
2012-07-18 20:28:35,18907,1,8.3640625,-0.327678571429
2012-07-18 20:28:36,18908,1,7.84367559524,-0.520386904762
2012-07-18 20:28:37,18909,1,6.98199404762,-0.861681547619
2012-07-18 20:28:38,18910,1,5.85924908425,-1.12274496337
2012-07-18 20:28:39,18911,1,4.70647321429,-1.15277586996
2012-07-18 20:28:40,18912,1,3.75622138278,-0.950251831502
2012-07-18 20:28:41,18913,1,3.12097069597,-0.635250686813
2012-07-18 20:28:42,18914,1,2.77784455128,-0.343126144689
2012-07-18 20:28:43,18915,1,2.63124427656,-0.146600274725
2012-07-18 20:28:44,18916,1,2.58158195971,-0.0496623168498
2012-07-18 20:28:45,18917,1,2.56386217949,-0.0177197802198
2012-07-18 20:28:46,18918,1,2.55121336996,-0.0126488095238
2012-07-18 20:28:47,18919,1,2.53764308608,-0.0135702838828
2012-07-18 20:28:48,18920,1,2.52295100733,-0.0146920787546
2012-07-18 20:28:49,18921,1,2.50769230769,-0.0152586996337
2012-07-18 20:28:50,18922,1,2.49230769231,-0.0153846153846
2012-07-18 20:28:51,18923,1,2.47526327839,-0.0170444139194
2012-07-18 20:28:52,18924,1,2.45253548535,-0.0227277930403
2012-07-18 20:28:53,18925,1,2.43464972527,-0.0178857600733
2012-07-18 20:28:54,18926,1,2.4674126221,0.0327628968254
2012-07-18 20:28:55,18927,1,2.59049145299,0.123078830891
2012-07-18 20:28:56,18928,1,2.75945512821,0.168963675214
2012-07-18 20:28:57,18929,1,2.86538461538,0.105929487179
2012-07-18 20:28:58,18930,1,2.84636561355,-0.0190190018315
2012-07-18 20:28:59,18931,1,2.76476076007,-0.0816048534798
2012-07-18 20:29:00,18932,1,2.81081349206,0.0460527319902
2012-07-18 20:29:01,18933,1,3.21051778083,0.399704288767
2012-07-18 20:29:02,18934,1,4.0609375,0.85041971917
2012-07-18 20:29:03,18935,1,5.25751488095,1.19657738095
2012-07-18 20:29:04,18936,1,6.57008928571,1.31257440476
2012-07-18 20:29:05,18937,1,7.75558035714,1.18549107143
2012-07-18 20:29:06,18938,1,8.65783730159,0.902256944444
2012-07-18 20:29:07,18939,1,9.26158234127,0.603745039683
2012-07-18 20:29:08,18940,1,9.63645833333,0.374875992063
2012-07-18 20:29:09,18941,1,9.83348214286,0.197023809524
2012-07-18 20:29:10,18942,1,9.85736607143,0.0238839285714
2012-07-18 20:29:11,18943,1,9.71897321429,-0.138392857143
2012-07-18 20:29:12,18944,1,9.48757440476,-0.231398809524
2012-07-18 20:29:13,18945,1,9.28519345238,-0.202380952381
2012-07-18 20:29:14,18946,1,9.22819940476,-0.056994047619
2012-07-18 20:29:15,18947,1,9.37916666667,0.150967261905
2012-07-18 20:29:16,18948,1,9.75245535714,0.373288690476
2012-07-18 20:29:17,18949,1,10.3378720238,0.585416666667
2012-07-18 20:29:18,18950,1,11.0973214286,0.759449404762
2012-07-18 20:29:19,18951,1,11.948735119,0.851413690476
2012-07-18 20:29:20,18952,1,12.7767113095,0.827976190476
2012-07-18 20:29:21,18953,1,13.4804315476,0.703720238095
2012-07-18 20:29:22,18954,1,14.0206845238,0.54025297619
2012-07-18 20:29:23,18955,1,14.416889881,0.396205357143
2012-07-18 20:29:24,18956,1,14.703422619,0.286532738095
2012-07-18 20:29:25,18957,1,14.8988095238,0.195386904762
2012-07-18 20:29:26,18958,1,15.009375,0.11056547619
2012-07-18 20:29:27,18959,1,15.0479910714,0.0386160714286
2012-07-18 20:29:28,18960,1,15.0422619048,-0.0057291666667
2012-07-18 20:29:29,18961,1,15.0109375,-0.0313244047619
2012-07-18 20:29:30,18962,1,14.9246279762,-0.0863095238095
2012-07-18 20:29:31,18963,1,14.7088541667,-0.215773809524
2012-07-18 20:29:32,18964,1,14.294047619,-0.414806547619
2012-07-18 20:29:33,18965,1,13.6548363095,-0.639211309524
2012-07-18 20:29:34,18966,1,12.825,-0.829836309524
2012-07-18 20:29:35,18967,1,11.8995535714,-0.925446428571
2012-07-18 20:29:36,18968,1,11.011235119,-0.888318452381
2012-07-18 20:29:37,18969,1,10.2929315476,-0.718303571429
2012-07-18 20:29:38,18970,1,9.82358630952,-0.469345238095
2012-07-18 20:29:39,18971,1,9.52313988095,-0.300446428571
2012-07-18 20:29:40,18972,1,9.09761904762,-0.425520833333
2012-07-18 20:29:41,18973,1,8.23296130952,-0.864657738095
2012-07-18 20:29:42,18974,1,6.95617559524,-1.27678571429
2012-07-18 20:29:43,18975,1,5.7671875,-1.18898809524
2012-07-18 20:29:44,18976,1,5.33831845238,-0.428869047619
2012-07-18 20:29:45,18977,1,6.03080357143,0.692485119048
2012-07-18 20:29:46,18978,1,7.64226190476,1.61145833333
2012-07-18 20:29:47,18979,1,9.59583333333,1.95357142857
2012-07-18 20:29:48,18980,1,11.3735863095,1.77775297619
2012-07-18 20:29:49,18981,1,12.7635416667,1.38995535714
2012-07-18 20:29:50,18982,1,13.7777529762,1.01421130952
2012-07-18 20:29:51,18983,1,14.4871279762,0.709375
2012-07-18 20:29:52,18984,1,14.9547619048,0.467633928571
2012-07-18 20:29:53,18985,1,15.2128720238,0.258110119048
2012-07-18 20:29:54,18986,1,15.2328869048,0.0200148809524
2012-07-18 20:29:55,18987,1,14.9459821429,-0.286904761905
2012-07-18 20:29:56,18988,1,14.3457589286,-0.600223214286
2012-07-18 20:29:57,18989,1,13.5776041667,-0.768154761905
2012-07-18 20:29:58,18990,1,12.8839285714,-0.693675595238
2012-07-18 20:29:59,18991,1,12.4203869048,-0.463541666667
2012-07-18 20:30:00,18992,1,12.1200892857,-0.300297619048
2012-07-18 20:30:01,18993,1,11.7572916667,-0.362797619048
2012-07-18 20:30:02,18994,1,11.1580357143,-0.599255952381
2012-07-18 20:30:03,18995,1,10.3418154762,-0.816220238095
2012-07-18 20:30:04,18996,1,9.45699404762,-0.884821428571
2012-07-18 20:30:05,18997,1,8.6037202381,-0.853273809524
2012-07-18 20:30:06,18998,1,7.75,-0.853720238095
2012-07-18 20:30:07,18999,1,6.82053571429,-0.929464285714
2012-07-18 20:30:08,19000,1,5.82886904762,-0.991666666667
2012-07-18 20:30:09,19001,1,4.89724702381,-0.93162202381
2012-07-18 20:30:10,19002,1,4.15505952381,-0.7421875
2012-07-18 20:30:11,19003,1,3.5990327381,-0.556026785714
2012-07-18 20:30:12,19004,1,3.04389880952,-0.555133928571
2012-07-18 20:30:13,19005,1,2.28816964286,-0.755729166667
2012-07-18 20:30:14,19006,1,1.41361607143,-0.874553571429
2012-07-18 20:30:15,19007,1,0.0,-1.41361607143
