timestamp,cycle_sec,timestep,speed_mph,accel_meters_ps
2012-10-18 11:10:03,0,46613,0.0,0.0
2012-10-18 11:10:04,1,1,1.52038690476,1.52038690476
2012-10-18 11:10:05,2,1,2.30926339286,0.788876488095
2012-10-18 11:10:06,3,1,2.97769717262,0.668433779762
2012-10-18 11:10:07,4,1,3.61223958333,0.634542410714
2012-10-18 11:10:08,5,1,4.44164806548,0.829408482143
2012-10-18 11:10:09,6,1,5.3564360119,0.914787946429
2012-10-18 11:10:10,7,1,5.97468377976,0.618247767857
2012-10-18 11:10:11,8,1,6.09594494048,0.121261160714
2012-10-18 11:10:12,9,1,5.95470610119,-0.141238839286
2012-10-18 11:10:13,10,1,5.9966889881,0.0419828869048
2012-10-18 11:10:14,11,1,6.44650297619,0.449813988095
2012-10-18 11:10:15,12,1,7.11123511905,0.664732142857
2012-10-18 11:10:16,13,1,7.61696428571,0.505729166667
2012-10-18 11:10:17,14,1,7.82016369048,0.203199404762
2012-10-18 11:10:18,15,1,7.87172619048,0.0515625
2012-10-18 11:10:19,16,1,7.86711309524,-0.0046130952381
2012-10-18 11:10:20,17,1,7.63533163265,-0.231781462585
2012-10-18 11:10:21,18,1,6.92920918367,-0.70612244898
2012-10-18 11:10:22,19,1,5.71315901361,-1.21605017007
2012-10-18 11:10:23,20,1,4.28077168367,-1.43238732993
2012-10-18 11:10:24,21,1,3.09764030612,-1.18313137755
2012-10-18 11:10:25,22,1,2.46493409864,-0.632706207483
2012-10-18 11:10:26,23,1,2.36200042517,-0.102933673469
2012-10-18 11:10:27,24,1,2.58003826531,0.218037840136
2012-10-18 11:10:28,25,1,2.90121173469,0.321173469388
2012-10-18 11:10:29,26,1,3.23174957483,0.330537840136
2012-10-18 11:10:30,27,1,3.72137542517,0.48962585034
2012-10-18 11:10:31,28,1,4.73212159864,1.01074617347
2012-10-18 11:10:32,29,1,6.59139030612,1.85926870748
2012-10-18 11:10:33,30,1,9.31314838435,2.72175807823
2012-10-18 11:10:34,31,1,12.470269983,3.15712159864
2012-10-18 11:10:35,32,1,15.3051445578,2.83487457483
2012-10-18 11:10:36,33,1,17.0406568878,1.73551232993
2012-10-18 11:10:37,34,1,17.1620393991,0.121382511338
2012-10-18 11:10:38,35,1,15.5478670635,-1.6141723356
2012-10-18 11:10:39,36,1,12.5513392857,-2.99652777778
2012-10-18 11:10:40,37,1,8.9853422619,-3.56599702381
2012-10-18 11:10:41,38,1,5.84873511905,-3.13660714286
2012-10-18 11:10:42,39,1,3.92061011905,-1.928125
2012-10-18 11:10:43,40,1,3.51790674603,-0.402703373016
2012-10-18 11:10:44,41,1,4.50858134921,0.990674603175
2012-10-18 11:10:45,42,1,6.53296130952,2.02437996032
2012-10-18 11:10:46,43,1,9.28199404762,2.7490327381
2012-10-18 11:10:47,44,1,12.572172619,3.29017857143
2012-10-18 11:10:48,45,1,16.2289434524,3.65677083333
2012-10-18 11:10:49,46,1,19.9912698413,3.76232638889
2012-10-18 11:10:50,47,1,23.4763640873,3.48509424603
2012-10-18 11:10:51,48,1,26.2638392857,2.78747519841
2012-10-18 11:10:52,49,1,28.116889881,1.85305059524
2012-10-18 11:10:53,50,1,29.0867559524,0.969866071429
2012-10-18 11:10:54,51,1,29.3806547619,0.293898809524
2012-10-18 11:10:55,52,1,29.1532738095,-0.227380952381
2012-10-18 11:10:56,53,1,28.3701636905,-0.783110119048
2012-10-18 11:10:57,54,1,26.8477678571,-1.52239583333
2012-10-18 11:10:58,55,1,24.4459077381,-2.40186011905
2012-10-18 11:10:59,56,1,21.1829613095,-3.26294642857
2012-10-18 11:11:00,57,1,17.190625,-3.99233630952
2012-10-18 11:11:01,58,1,12.70625,-4.484375
2012-10-18 11:11:02,59,1,8.18005952381,-4.52619047619
2012-10-18 11:11:03,60,1,4.36636904762,-3.81369047619
2012-10-18 11:11:04,61,1,0.0,-4.36636904762
2012-10-18 11:11:20,77,16,0.0,0.0
2012-10-18 11:11:21,78,1,5.26785714286,5.26785714286
2012-10-18 11:11:22,79,1,9.34933035714,4.08147321429
2012-10-18 11:11:23,80,1,13.7761160714,4.42678571429
2012-10-18 11:11:24,81,1,18.0020089286,4.22589285714
2012-10-18 11:11:25,82,1,21.929389881,3.92738095238
2012-10-18 11:11:26,83,1,25.5882440476,3.65885416667
2012-10-18 11:11:27,84,1,28.9406994048,3.35245535714
2012-10-18 11:11:28,85,1,31.9152529762,2.97455357143
2012-10-18 11:11:29,86,1,34.5212797619,2.60602678571
2012-10-18 11:11:30,87,1,36.8178571429,2.29657738095
2012-10-18 11:11:31,88,1,38.7923363095,1.97447916667
2012-10-18 11:11:32,89,1,40.3730654762,1.58072916667
2012-10-18 11:11:33,90,1,41.5563988095,1.18333333333
2012-10-18 11:11:34,91,1,42.439360119,0.882961309524
2012-10-18 11:11:35,92,1,43.1241815476,0.684821428571
2012-10-18 11:11:36,93,1,43.6398809524,0.515699404762
2012-10-18 11:11:37,94,1,43.9482886905,0.308407738095
2012-10-18 11:11:38,95,1,44.0110119048,0.0627232142857
2012-10-18 11:11:39,96,1,43.8851934524,-0.125818452381
2012-10-18 11:11:40,97,1,43.7443452381,-0.140848214286
2012-10-18 11:11:41,98,1,43.7597470238,0.0154017857143
2012-10-18 11:11:42,99,1,43.9597470238,0.2
2012-10-18 11:11:43,100,1,44.1859375,0.226190476191
2012-10-18 11:11:44,101,1,44.1780505952,-0.0078869047619
2012-10-18 11:11:45,102,1,43.7745535714,-0.403497023809
2012-10-18 11:11:46,103,1,43.0727678571,-0.701785714286
2012-10-18 11:11:47,104,1,42.3628720238,-0.709895833333
2012-10-18 11:11:48,105,1,41.8543154762,-0.508556547619
2012-10-18 11:11:49,106,1,41.4126488095,-0.441666666667
2012-10-18 11:11:50,107,1,40.5745535714,-0.838095238095
2012-10-18 11:11:51,108,1,38.8733630952,-1.70119047619
2012-10-18 11:11:52,109,1,36.1717261905,-2.70163690476
2012-10-18 11:11:53,110,1,32.7032738095,-3.46845238095
2012-10-18 11:11:54,111,1,28.8328869048,-3.87038690476
2012-10-18 11:11:55,112,1,24.8213541667,-4.0115327381
2012-10-18 11:11:56,113,1,20.820610119,-4.00074404762
2012-10-18 11:11:57,114,1,16.9797619048,-3.84084821429
2012-10-18 11:11:58,115,1,13.4493303571,-3.53043154762
2012-10-18 11:11:59,116,1,10.2923363095,-3.15699404762
2012-10-18 11:12:00,117,1,7.4396577381,-2.85267857143
2012-10-18 11:12:01,118,1,4.81889880952,-2.62075892857
2012-10-18 11:12:02,119,1,2.62924107143,-2.1896577381
2012-10-18 11:12:03,120,1,0.0,-2.62924107143
2012-10-18 11:13:01,178,58,0.0,0.0
2012-10-18 11:13:02,179,1,4.20714285714,4.20714285714
2012-10-18 11:13:03,180,1,7.54739583333,3.34025297619
2012-10-18 11:13:04,181,1,11.1084077381,3.56101190476
2012-10-18 11:13:05,182,1,14.4090029762,3.3005952381
2012-10-18 11:13:06,183,1,17.4966517857,3.08764880952
2012-10-18 11:13:07,184,1,20.6984375,3.20178571429
2012-10-18 11:13:08,185,1,24.2436011905,3.54516369048
2012-10-18 11:13:09,186,1,28.0386904762,3.79508928571
2012-10-18 11:13:10,187,1,31.7710565476,3.73236607143
2012-10-18 11:13:11,188,1,35.1105654762,3.33950892857
2012-10-18 11:13:12,189,1,37.763764881,2.65319940476
2012-10-18 11:13:13,190,1,39.4896577381,1.72589285714
2012-10-18 11:13:14,191,1,40.195610119,0.705952380952
2012-10-18 11:13:15,192,1,40.0182291667,-0.177380952381
2012-10-18 11:13:16,193,1,39.289360119,-0.728869047619
2012-10-18 11:13:17,194,1,38.4235119048,-0.865848214286
2012-10-18 11:13:18,195,1,37.8080357143,-0.615476190476
2012-10-18 11:13:19,196,1,37.7217261905,-0.0863095238095
2012-10-18 11:13:20,197,1,38.2824404762,0.560714285714
2012-10-18 11:13:21,198,1,39.4359375,1.15349702381
2012-10-18 11:13:22,199,1,40.9880208333,1.55208333333
2012-10-18 11:13:23,200,1,42.6750744048,1.68705357143
2012-10-18 11:13:24,201,1,44.2588541667,1.5837797619
2012-10-18 11:13:25,202,1,45.5915922619,1.33273809524
2012-10-18 11:13:26,203,1,46.6087797619,1.0171875
2012-10-18 11:13:27,204,1,47.2898809524,0.681101190476
2012-10-18 11:13:28,205,1,47.6419642857,0.352083333333
2012-10-18 11:13:29,206,1,47.7017113095,0.0597470238095
2012-10-18 11:13:30,207,1,47.5366815476,-0.165029761905
2012-10-18 11:13:31,208,1,47.2373511905,-0.299330357143
2012-10-18 11:13:32,209,1,46.8941964286,-0.343154761905
2012-10-18 11:13:33,210,1,46.5745535714,-0.319642857143
2012-10-18 11:13:34,211,1,46.3126488095,-0.261904761905
2012-10-18 11:13:35,212,1,46.1087053571,-0.203943452381
2012-10-18 11:13:36,213,1,45.937797619,-0.170907738095
2012-10-18 11:13:37,214,1,45.763764881,-0.174032738095
2012-10-18 11:13:38,215,1,45.5613839286,-0.202380952381
2012-10-18 11:13:39,216,1,45.363764881,-0.197619047619
2012-10-18 11:13:40,217,1,45.2905505952,-0.0732142857143
2012-10-18 11:13:41,218,1,45.4776041667,0.187053571429
2012-10-18 11:13:42,219,1,45.9183779762,0.440773809524
2012-10-18 11:13:43,220,1,46.3337797619,0.415401785714
2012-10-18 11:13:44,221,1,46.20625,-0.127529761905
2012-10-18 11:13:45,222,1,44.9866815476,-1.21956845238
2012-10-18 11:13:46,223,1,42.3472470238,-2.63943452381
2012-10-18 11:13:47,224,1,38.3800595238,-3.9671875
2012-10-18 11:13:48,225,1,33.6505208333,-4.72953869048
2012-10-18 11:13:49,226,1,29.0186755952,-4.6318452381
2012-10-18 11:13:50,227,1,25.3220982143,-3.69657738095
2012-10-18 11:13:51,228,1,23.0907738095,-2.23132440476
2012-10-18 11:13:52,229,1,22.3865327381,-0.704241071429
2012-10-18 11:13:53,230,1,22.8756696429,0.489136904762
2012-10-18 11:13:54,231,1,24.1162202381,1.24055059524
2012-10-18 11:13:55,232,1,25.7869047619,1.67068452381
2012-10-18 11:13:56,233,1,27.6990327381,1.91212797619
2012-10-18 11:13:57,234,1,29.7077380952,2.00870535714
2012-10-18 11:13:58,235,1,31.6282738095,1.92053571429
2012-10-18 11:13:59,236,1,33.2171875,1.58891369048
2012-10-18 11:14:00,237,1,34.2909970238,1.07380952381
2012-10-18 11:14:01,238,1,34.8805059524,0.589508928571
2012-10-18 11:14:02,239,1,35.221577381,0.341071428571
2012-10-18 11:14:03,240,1,35.5991815476,0.377604166667
2012-10-18 11:14:04,241,1,36.2103422619,0.611160714286
2012-10-18 11:14:05,242,1,37.1161458333,0.905803571428
2012-10-18 11:14:06,243,1,38.2634672619,1.14732142857
2012-10-18 11:14:07,244,1,39.5243303571,1.26086309524
2012-10-18 11:14:08,245,1,40.7066964286,1.18236607143
2012-10-18 11:14:09,246,1,41.5942708333,0.887574404762
2012-10-18 11:14:10,247,1,42.0732142857,0.478943452381
2012-10-18 11:14:11,248,1,42.2328125,0.159598214286
2012-10-18 11:14:12,249,1,42.3023809524,0.069568452381
2012-10-18 11:14:13,250,1,42.4592261905,0.156845238095
2012-10-18 11:14:14,251,1,42.6852678571,0.226041666667
2012-10-18 11:14:15,252,1,42.8202380952,0.134970238095
2012-10-18 11:14:16,253,1,42.7388392857,-0.0813988095238
2012-10-18 11:14:17,254,1,42.451860119,-0.286979166667
2012-10-18 11:14:18,255,1,42.0798363095,-0.372023809524
2012-10-18 11:14:19,256,1,41.7688988095,-0.3109375
2012-10-18 11:14:20,257,1,41.6088541667,-0.160044642857
2012-10-18 11:14:21,258,1,41.6222470238,0.0133928571428
2012-10-18 11:14:22,259,1,41.8156994048,0.193452380952
2012-10-18 11:14:23,260,1,42.1994047619,0.383705357143
2012-10-18 11:14:24,261,1,42.7691220238,0.569717261905
2012-10-18 11:14:25,262,1,43.4954613095,0.726339285714
2012-10-18 11:14:26,263,1,44.3181547619,0.822693452381
2012-10-18 11:14:27,264,1,45.1587053571,0.840550595238
2012-10-18 11:14:28,265,1,45.9494047619,0.790699404762
2012-10-18 11:14:29,266,1,46.6317708333,0.682366071428
2012-10-18 11:14:30,267,1,47.143452381,0.511681547619
2012-10-18 11:14:31,268,1,47.4571428571,0.31369047619
2012-10-18 11:14:32,269,1,47.6495535714,0.192410714286
2012-10-18 11:14:33,270,1,47.9179315476,0.26837797619
2012-10-18 11:14:34,271,1,48.4930059524,0.575074404762
2012-10-18 11:14:35,272,1,49.4796130952,0.986607142857
2012-10-18 11:14:36,273,1,50.7635416667,1.28392857143
2012-10-18 11:14:37,274,1,52.0803571429,1.31681547619
2012-10-18 11:14:38,275,1,53.154389881,1.0740327381
2012-10-18 11:14:39,276,1,53.8008928571,0.64650297619
2012-10-18 11:14:40,277,1,53.9857142857,0.184821428572
2012-10-18 11:14:41,278,1,53.822172619,-0.163541666667
2012-10-18 11:14:42,279,1,53.5011160714,-0.321056547619
2012-10-18 11:14:43,280,1,53.2244047619,-0.276711309524
2012-10-18 11:14:44,281,1,53.1715029762,-0.0529017857143
2012-10-18 11:14:45,282,1,53.471875,0.300372023809
2012-10-18 11:14:46,283,1,54.187797619,0.715922619048
2012-10-18 11:14:47,284,1,55.3171130952,1.12931547619
2012-10-18 11:14:48,285,1,56.7912202381,1.47410714286
2012-10-18 11:14:49,286,1,58.4735863095,1.68236607143
2012-10-18 11:14:50,287,1,60.1947172619,1.72113095238
2012-10-18 11:14:51,288,1,61.8066220238,1.6119047619
2012-10-18 11:14:52,289,1,63.2147321429,1.40811011905
2012-10-18 11:14:53,290,1,64.389360119,1.17462797619
2012-10-18 11:14:54,291,1,65.3630952381,0.973735119048
2012-10-18 11:14:55,292,1,66.2001488095,0.837053571429
2012-10-18 11:14:56,293,1,66.9527529762,0.752604166667
2012-10-18 11:14:57,294,1,67.6464285714,0.693675595238
2012-10-18 11:14:58,295,1,68.2969494048,0.650520833333
2012-10-18 11:14:59,296,1,68.917485119,0.620535714286
2012-10-18 11:15:00,297,1,69.5061011905,0.588616071429
2012-10-18 11:15:01,298,1,70.0473214286,0.541220238095
2012-10-18 11:15:02,299,1,70.5328869048,0.485565476191
2012-10-18 11:15:03,300,1,70.9741071429,0.441220238095
2012-10-18 11:15:04,301,1,71.3951636905,0.421056547619
2012-10-18 11:15:05,302,1,71.8165922619,0.421428571429
2012-10-18 11:15:06,303,1,72.2415922619,0.425
2012-10-18 11:15:07,304,1,72.6546130952,0.413020833333
2012-10-18 11:15:08,305,1,73.0369047619,0.382291666667
2012-10-18 11:15:09,306,1,73.3913690476,0.354464285714
2012-10-18 11:15:10,307,1,73.7482886905,0.356919642857
2012-10-18 11:15:11,308,1,74.1408482143,0.392559523809
2012-10-18 11:15:12,309,1,74.5773065476,0.436458333333
2012-10-18 11:15:13,310,1,75.0250744048,0.447767857143
2012-10-18 11:15:14,311,1,75.4209077381,0.395833333333
2012-10-18 11:15:15,312,1,75.7352678571,0.314360119048
2012-10-18 11:15:16,313,1,76.0273065476,0.292038690476
2012-10-18 11:15:17,314,1,76.3802827381,0.352976190476
2012-10-18 11:15:18,315,1,76.7782738095,0.397991071429
2012-10-18 11:15:19,316,1,77.0875744048,0.309300595238
2012-10-18 11:15:20,317,1,77.1642857143,0.0767113095238
2012-10-18 11:15:21,318,1,76.9877232143,-0.1765625
2012-10-18 11:15:22,319,1,76.7149553571,-0.272767857143
2012-10-18 11:15:23,320,1,76.5906994048,-0.124255952381
2012-10-18 11:15:24,321,1,76.7791666667,0.188467261905
2012-10-18 11:15:25,322,1,77.2834077381,0.504241071429
2012-10-18 11:15:26,323,1,77.9946428571,0.711235119048
2012-10-18 11:15:27,324,1,78.765327381,0.770684523809
2012-10-18 11:15:28,325,1,79.4490327381,0.683705357143
2012-10-18 11:15:29,326,1,79.9321428571,0.483110119048
2012-10-18 11:15:30,327,1,80.155952381,0.22380952381
2012-10-18 11:15:31,328,1,80.1260416667,-0.0299107142857
2012-10-18 11:15:32,329,1,79.9272321429,-0.19880952381
2012-10-18 11:15:33,330,1,79.7079613095,-0.219270833333
2012-10-18 11:15:34,331,1,79.6013392857,-0.106622023809
2012-10-18 11:15:35,332,1,79.6462053571,0.0448660714286
2012-10-18 11:15:36,333,1,79.7774553571,0.13125
2012-10-18 11:15:37,334,1,79.883110119,0.105654761905
2012-10-18 11:15:38,335,1,79.8828125,-0.000297619047601
2012-10-18 11:15:39,336,1,79.7735119048,-0.109300595238
2012-10-18 11:15:40,337,1,79.6258184524,-0.147693452381
2012-10-18 11:15:41,338,1,79.5428571429,-0.0829613095238
2012-10-18 11:15:42,339,1,79.5837797619,0.0409226190477
2012-10-18 11:15:43,340,1,79.675,0.0912202380952
2012-10-18 11:15:44,341,1,79.5466517857,-0.128348214286
2012-10-18 11:15:45,342,1,78.770014881,-0.776636904762
2012-10-18 11:15:46,343,1,77.009375,-1.76063988095
2012-10-18 11:15:47,344,1,74.3622767857,-2.64709821429
2012-10-18 11:15:48,345,1,71.412797619,-2.94947916667
2012-10-18 11:15:49,346,1,68.9041666667,-2.50863095238
2012-10-18 11:15:50,347,1,67.3311011905,-1.57306547619
2012-10-18 11:15:51,348,1,66.7397321429,-0.591369047619
2012-10-18 11:15:52,349,1,66.8454613095,0.105729166667
2012-10-18 11:15:53,350,1,67.3388392857,0.493377976191
2012-10-18 11:15:54,351,1,68.0566220238,0.717782738095
2012-10-18 11:15:55,352,1,68.9209077381,0.864285714286
2012-10-18 11:15:56,353,1,69.8623511905,0.941443452381
2012-10-18 11:15:57,354,1,70.8287202381,0.966369047619
2012-10-18 11:15:58,355,1,71.7710565476,0.942336309524
2012-10-18 11:15:59,356,1,72.5592261905,0.788169642857
2012-10-18 11:16:00,357,1,72.9120535714,0.352827380952
2012-10-18 11:16:01,358,1,72.4476934524,-0.464360119048
2012-10-18 11:16:02,359,1,70.8764136905,-1.5712797619
2012-10-18 11:16:03,360,1,68.234077381,-2.64233630952
2012-10-18 11:16:04,361,1,64.970610119,-3.2634672619
2012-10-18 11:16:05,362,1,61.7615327381,-3.20907738095
2012-10-18 11:16:06,363,1,59.1485863095,-2.61294642857
2012-10-18 11:16:07,364,1,57.3015625,-1.84702380952
2012-10-18 11:16:08,365,1,56.0663690476,-1.23519345238
2012-10-18 11:16:09,366,1,55.200297619,-0.866071428571
2012-10-18 11:16:10,367,1,54.5683779762,-0.631919642857
2012-10-18 11:16:11,368,1,54.1391369048,-0.429241071429
2012-10-18 11:16:12,369,1,53.8408482143,-0.298288690476
2012-10-18 11:16:13,370,1,53.4659970238,-0.374851190476
2012-10-18 11:16:14,371,1,52.6835565476,-0.782440476191
2012-10-18 11:16:15,372,1,51.1587053571,-1.52485119048
2012-10-18 11:16:16,373,1,48.8008928571,-2.3578125
2012-10-18 11:16:17,374,1,45.9651041667,-2.83578869048
2012-10-18 11:16:18,375,1,43.3578869048,-2.6072172619
2012-10-18 11:16:19,376,1,41.6776785714,-1.68020833333
2012-10-18 11:16:20,377,1,41.2276785714,-0.45
2012-10-18 11:16:21,378,1,41.76875,0.541071428571
2012-10-18 11:16:22,379,1,42.7402529762,0.971502976191
2012-10-18 11:16:23,380,1,43.6243303571,0.884077380952
2012-10-18 11:16:24,381,1,44.1399553571,0.515625
2012-10-18 11:16:25,382,1,44.2543154762,0.114360119048
2012-10-18 11:16:26,383,1,44.13125,-0.12306547619
2012-10-18 11:16:27,384,1,44.0390625,-0.0921875
2012-10-18 11:16:28,385,1,44.2338541667,0.194791666667
2012-10-18 11:16:29,386,1,44.8700892857,0.636235119048
2012-10-18 11:16:30,387,1,45.9683779762,1.09828869048
2012-10-18 11:16:31,388,1,47.440922619,1.47254464286
2012-10-18 11:16:32,389,1,49.1288690476,1.68794642857
2012-10-18 11:16:33,390,1,50.8034970238,1.67462797619
2012-10-18 11:16:34,391,1,52.184375,1.38087797619
2012-10-18 11:16:35,392,1,53.0501488095,0.865773809524
2012-10-18 11:16:36,393,1,53.3866071429,0.336458333333
2012-10-18 11:16:37,394,1,53.4364583333,0.0498511904762
2012-10-18 11:16:38,395,1,53.5709077381,0.134449404762
2012-10-18 11:16:39,396,1,54.0515625,0.480654761905
2012-10-18 11:16:40,397,1,54.8852678571,0.833705357143
2012-10-18 11:16:41,398,1,55.8819196429,0.996651785714
2012-10-18 11:16:42,399,1,56.8005208333,0.918601190476
2012-10-18 11:16:43,400,1,57.4345238095,0.634002976191
2012-10-18 11:16:44,401,1,57.6244791667,0.189955357143
2012-10-18 11:16:45,402,1,57.2686011905,-0.355877976191
2012-10-18 11:16:46,403,1,56.3685267857,-0.900074404762
2012-10-18 11:16:47,404,1,55.0813244048,-1.28720238095
2012-10-18 11:16:48,405,1,53.6976190476,-1.38370535714
2012-10-18 11:16:49,406,1,52.4831845238,-1.21443452381
2012-10-18 11:16:50,407,1,51.5035714286,-0.979613095238
2012-10-18 11:16:51,408,1,50.6343005952,-0.869270833333
2012-10-18 11:16:52,409,1,49.7014880952,-0.9328125
2012-10-18 11:16:53,410,1,48.5470238095,-1.15446428571
2012-10-18 11:16:54,411,1,46.9868303571,-1.56019345238
2012-10-18 11:16:55,412,1,44.7686755952,-2.2181547619
2012-10-18 11:16:56,413,1,41.6732142857,-3.09546130952
2012-10-18 11:16:57,414,1,37.7958333333,-3.87738095238
2012-10-18 11:16:58,415,1,33.7243303571,-4.07150297619
2012-10-18 11:16:59,416,1,30.287202381,-3.43712797619
2012-10-18 11:17:00,417,1,28.01875,-2.26845238095
2012-10-18 11:17:01,418,1,26.8310267857,-1.18772321429
2012-10-18 11:17:02,419,1,26.1490327381,-0.681994047619
2012-10-18 11:17:03,420,1,25.346875,-0.802157738095
2012-10-18 11:17:04,421,1,24.1895089286,-1.15736607143
2012-10-18 11:17:05,422,1,23.0056547619,-1.18385416667
2012-10-18 11:17:06,423,1,22.4296875,-0.575967261905
2012-10-18 11:17:07,424,1,22.947172619,0.517485119048
2012-10-18 11:17:08,425,1,24.6703125,1.72313988095
2012-10-18 11:17:09,426,1,27.3995535714,2.72924107143
2012-10-18 11:17:10,427,1,30.7868303571,3.38727678571
2012-10-18 11:17:11,428,1,34.4872767857,3.70044642857
2012-10-18 11:17:12,429,1,38.1638392857,3.6765625
2012-10-18 11:17:13,430,1,41.3712797619,3.20744047619
2012-10-18 11:17:14,431,1,43.5847470238,2.2134672619
2012-10-18 11:17:15,432,1,44.3895833333,0.804836309524
2012-10-18 11:17:16,433,1,43.6154017857,-0.774181547619
2012-10-18 11:17:17,434,1,41.3816220238,-2.2337797619
2012-10-18 11:17:18,435,1,38.0807291667,-3.30089285714
2012-10-18 11:17:19,436,1,34.2510416667,-3.8296875
2012-10-18 11:17:20,437,1,30.3589285714,-3.89211309524
2012-10-18 11:17:21,438,1,26.5985119048,-3.76041666667
2012-10-18 11:17:22,439,1,22.9078125,-3.69069940476
2012-10-18 11:17:23,440,1,19.24375,-3.6640625
2012-10-18 11:17:24,441,1,15.7704613095,-3.47328869048
2012-10-18 11:17:25,442,1,12.7339285714,-3.0365327381
2012-10-18 11:17:26,443,1,10.2411458333,-2.4927827381
2012-10-18 11:17:27,444,1,8.18854166667,-2.05260416667
2012-10-18 11:17:28,445,1,6.39375,-1.79479166667
2012-10-18 11:17:29,446,1,4.8078125,-1.5859375
2012-10-18 11:17:30,447,1,3.54709821429,-1.26071428571
2012-10-18 11:17:31,448,1,2.70632440476,-0.840773809524
2012-10-18 11:17:32,449,1,2.22767857143,-0.478645833333
2012-10-18 11:17:33,450,1,1.9650297619,-0.262648809524
2012-10-18 11:17:34,451,1,1.81956845238,-0.145461309524
2012-10-18 11:17:35,452,1,1.85699404762,0.0374255952381
2012-10-18 11:17:36,453,1,2.36086309524,0.503869047619
2012-10-18 11:17:37,454,1,3.71979166667,1.35892857143
2012-10-18 11:17:38,455,1,6.1837797619,2.46398809524
2012-10-18 11:17:39,456,1,9.68794642857,3.50416666667
2012-10-18 11:17:40,457,1,13.8664434524,4.17849702381
2012-10-18 11:17:41,458,1,18.2449404762,4.37849702381
2012-10-18 11:17:42,459,1,22.4784970238,4.23355654762
2012-10-18 11:17:43,460,1,26.4475446429,3.96904761905
2012-10-18 11:17:44,461,1,30.1774553571,3.72991071429
2012-10-18 11:17:45,462,1,33.6892113095,3.51175595238
2012-10-18 11:17:46,463,1,36.8789434524,3.18973214286
2012-10-18 11:17:47,464,1,39.4928571429,2.61391369048
2012-10-18 11:17:48,465,1,41.1953869048,1.7025297619
2012-10-18 11:17:49,466,1,41.664360119,0.468973214286
2012-10-18 11:17:50,467,1,40.6649553571,-0.999404761905
2012-10-18 11:17:51,468,1,38.0953869048,-2.56956845238
2012-10-18 11:17:52,469,1,34.0681547619,-4.02723214286
2012-10-18 11:17:53,470,1,29.0490327381,-5.01912202381
2012-10-18 11:17:54,471,1,23.8821428571,-5.16688988095
2012-10-18 11:17:55,472,1,19.5742559524,-4.30788690476
2012-10-18 11:17:56,473,1,16.9554315476,-2.61882440476
2012-10-18 11:17:57,474,1,16.4107142857,-0.544717261905
2012-10-18 11:17:58,475,1,17.8188988095,1.40818452381
2012-10-18 11:17:59,476,1,20.6238095238,2.80491071429
2012-10-18 11:18:00,477,1,23.8514880952,3.22767857143
2012-10-18 11:18:01,478,1,26.2243303571,2.3728422619
2012-10-18 11:18:02,479,1,26.621875,0.397544642857
2012-10-18 11:18:03,480,1,24.6592261905,-1.96264880952
2012-10-18 11:18:04,481,1,20.937202381,-3.72202380952
2012-10-18 11:18:05,482,1,16.7837797619,-4.15342261905
2012-10-18 11:18:06,483,1,13.6337797619,-3.15
2012-10-18 11:18:07,484,1,12.3839285714,-1.24985119048
2012-10-18 11:18:08,485,1,13.0060267857,0.622098214286
2012-10-18 11:18:09,486,1,14.5677827381,1.56175595238
2012-10-18 11:18:10,487,1,15.7257440476,1.15796130952
2012-10-18 11:18:11,488,1,15.4811011905,-0.244642857143
2012-10-18 11:18:12,489,1,13.6752232143,-1.80587797619
2012-10-18 11:18:13,490,1,10.9101190476,-2.76510416667
2012-10-18 11:18:14,491,1,8.10758928571,-2.8025297619
2012-10-18 11:18:15,492,1,6.05394345238,-2.05364583333
2012-10-18 11:18:16,493,1,5.12790178571,-0.926041666667
2012-10-18 11:18:17,494,1,5.2525297619,0.12462797619
2012-10-18 11:18:18,495,1,5.95855654762,0.706026785714
2012-10-18 11:18:19,496,1,6.59888392857,0.640327380952
2012-10-18 11:18:20,497,1,6.76398809524,0.165104166667
2012-10-18 11:18:21,498,1,6.50944940476,-0.254538690476
2012-10-18 11:18:22,499,1,6.15245535714,-0.356994047619
2012-10-18 11:18:23,500,1,5.96568877551,-0.186766581633
2012-10-18 11:18:24,501,1,6.0193877551,0.0536989795918
2012-10-18 11:18:25,502,1,6.16115008503,0.141762329932
2012-10-18 11:18:26,503,1,6.14490858844,-0.0162414965986
2012-10-18 11:18:27,504,1,5.82211947279,-0.322789115646
2012-10-18 11:18:28,505,1,5.23115433673,-0.590965136054
2012-10-18 11:18:29,506,1,4.5531462585,-0.678008078231
2012-10-18 11:18:30,507,1,3.97505314626,-0.578093112245
2012-10-18 11:18:31,508,1,3.55059169501,-0.424461451247
2012-10-18 11:18:32,509,1,3.20662556689,-0.343966128118
2012-10-18 11:18:33,510,1,2.87472363946,-0.331901927438
2012-10-18 11:18:34,511,1,2.56438846372,-0.310335175737
2012-10-18 11:18:35,512,1,2.3285430839,-0.235845379819
2012-10-18 11:18:36,513,1,2.21113945578,-0.117403628118
2012-10-18 11:18:37,514,1,2.22039399093,0.0092545351474
2012-10-18 11:18:38,515,1,2.3266723356,0.106278344671
2012-10-18 11:18:39,516,1,2.49043367347,0.163761337868
2012-10-18 11:18:40,517,1,2.69232213719,0.201888463719
2012-10-18 11:18:41,518,1,2.91937003968,0.227047902494
2012-10-18 11:18:42,519,1,3.12351190476,0.204141865079
2012-10-18 11:18:43,520,1,3.19201388889,0.068501984127
2012-10-18 11:18:44,521,1,2.95791170635,-0.23410218254
2012-10-18 11:18:45,522,1,2.3193452381,-0.638566468254
2012-10-18 11:18:46,523,1,1.44982638889,-0.869518849206
2012-10-18 11:18:47,524,1,0.0,-1.44982638889
2012-10-18 12:58:59,6536,6012,0.0,0.0
2012-10-18 12:59:00,6537,1,1.83816964286,1.83816964286
2012-10-18 12:59:01,6538,1,2.85825892857,1.02008928571
2012-10-18 12:59:02,6539,1,3.47075892857,0.6125
2012-10-18 12:59:03,6540,1,3.51711309524,0.0463541666667
2012-10-18 12:59:04,6541,1,3.30014880952,-0.216964285714
2012-10-18 12:59:05,6542,1,3.36019345238,0.0600446428571
2012-10-18 12:59:06,6543,1,4.12938988095,0.769196428571
2012-10-18 12:59:07,6544,1,5.63318452381,1.50379464286
2012-10-18 12:59:08,6545,1,7.52053571429,1.88735119048
2012-10-18 12:59:09,6546,1,9.42105654762,1.90052083333
2012-10-18 12:59:10,6547,1,11.2075892857,1.7865327381
2012-10-18 12:59:11,6548,1,12.8955357143,1.68794642857
2012-10-18 12:59:12,6549,1,14.3790178571,1.48348214286
2012-10-18 12:59:13,6550,1,15.3115327381,0.932514880952
2012-10-18 12:59:14,6551,1,15.2694196429,-0.0421130952381
2012-10-18 12:59:15,6552,1,14.0875,-1.18191964286
2012-10-18 12:59:16,6553,1,12.0310267857,-2.05647321429
2012-10-18 12:59:17,6554,1,9.6646577381,-2.36636904762
2012-10-18 12:59:18,6555,1,7.6290922619,-2.03556547619
2012-10-18 12:59:19,6556,1,6.46220238095,-1.16688988095
2012-10-18 12:59:20,6557,1,6.46525297619,0.0030505952381
2012-10-18 12:59:21,6558,1,7.66056547619,1.1953125
2012-10-18 12:59:22,6559,1,9.83995535714,2.17938988095
2012-10-18 12:59:23,6560,1,12.6691220238,2.82916666667
2012-10-18 12:59:24,6561,1,15.7866071429,3.11748511905
2012-10-18 12:59:25,6562,1,18.8026041667,3.01599702381
2012-10-18 12:59:26,6563,1,21.2923363095,2.48973214286
2012-10-18 12:59:27,6564,1,22.9132440476,1.6209077381
2012-10-18 12:59:28,6565,1,23.534375,0.621130952381
2012-10-18 12:59:29,6566,1,23.2794642857,-0.254910714286
2012-10-18 12:59:30,6567,1,22.4616071429,-0.817857142857
2012-10-18 12:59:31,6568,1,21.3683035714,-1.09330357143
2012-10-18 12:59:32,6569,1,20.0667410714,-1.3015625
2012-10-18 12:59:33,6570,1,18.4455357143,-1.62120535714
2012-10-18 12:59:34,6571,1,16.3904761905,-2.05505952381
2012-10-18 12:59:35,6572,1,13.9098958333,-2.48058035714
2012-10-18 12:59:36,6573,1,11.1787946429,-2.73110119048
2012-10-18 12:59:37,6574,1,8.46927083333,-2.70952380952
2012-10-18 12:59:38,6575,1,5.9853422619,-2.48392857143
2012-10-18 12:59:39,6576,1,3.80691964286,-2.17842261905
2012-10-18 12:59:40,6577,1,2.07351190476,-1.7334077381
2012-10-18 12:59:41,6578,1,0.0,-2.07351190476
2012-10-18 12:59:55,6592,14,0.0,0.0
2012-10-18 12:59:56,6593,1,3.24360119048,3.24360119048
2012-10-18 12:59:57,6594,1,5.40818452381,2.16458333333
2012-10-18 12:59:58,6595,1,7.14330357143,1.73511904762
2012-10-18 12:59:59,6596,1,8.0125,0.869196428571
2012-10-18 13:00:00,6597,1,8.33325892857,0.320758928571
2012-10-18 13:00:01,6598,1,8.90111607143,0.567857142857
2012-10-18 13:00:02,6599,1,10.4218005952,1.52068452381
2012-10-18 13:00:03,6600,1,13.1115327381,2.68973214286
2012-10-18 13:00:04,6601,1,16.7448660714,3.63333333333
2012-10-18 13:00:05,6602,1,20.9022321429,4.15736607143
2012-10-18 13:00:06,6603,1,25.1209077381,4.21867559524
2012-10-18 13:00:07,6604,1,28.9872767857,3.86636904762
2012-10-18 13:00:08,6605,1,32.1883928571,3.20111607143
2012-10-18 13:00:09,6606,1,34.4647321429,2.27633928571
2012-10-18 13:00:10,6607,1,35.5787202381,1.11398809524
2012-10-18 13:00:11,6608,1,35.3633928571,-0.215327380952
2012-10-18 13:00:12,6609,1,33.812797619,-1.5505952381
2012-10-18 13:00:13,6610,1,31.2166666667,-2.59613095238
2012-10-18 13:00:14,6611,1,28.1742559524,-3.04241071429
2012-10-18 13:00:15,6612,1,25.3275297619,-2.84672619048
2012-10-18 13:00:16,6613,1,23.0151041667,-2.31242559524
2012-10-18 13:00:17,6614,1,21.1411458333,-1.87395833333
2012-10-18 13:00:18,6615,1,19.3486607143,-1.79248511905
2012-10-18 13:00:19,6616,1,17.3525297619,-1.99613095238
2012-10-18 13:00:20,6617,1,15.1223214286,-2.23020833333
2012-10-18 13:00:21,6618,1,12.7741815476,-2.34813988095
2012-10-18 13:00:22,6619,1,10.3722470238,-2.40193452381
2012-10-18 13:00:23,6620,1,7.88199404762,-2.49025297619
2012-10-18 13:00:24,6621,1,5.32053571429,-2.56145833333
2012-10-18 13:00:25,6622,1,3.00751488095,-2.31302083333
2012-10-18 13:00:26,6623,1,0.0,-3.00751488095
2012-10-18 13:00:52,6649,26,0.0,0.0
2012-10-18 13:00:53,6650,1,4.97209821429,4.97209821429
2012-10-18 13:00:54,6651,1,9.37120535714,4.39910714286
2012-10-18 13:00:55,6652,1,14.2988839286,4.92767857143
2012-10-18 13:00:56,6653,1,18.595014881,4.29613095238
2012-10-18 13:00:57,6654,1,21.6119047619,3.01688988095
2012-10-18 13:00:58,6655,1,23.4753720238,1.8634672619
2012-10-18 13:00:59,6656,1,24.8609375,1.38556547619
2012-10-18 13:01:00,6657,1,26.4895833333,1.62864583333
2012-10-18 13:01:01,6658,1,28.7241071429,2.23452380952
2012-10-18 13:01:02,6659,1,31.4589285714,2.73482142857
2012-10-18 13:01:03,6660,1,34.341889881,2.88296130952
2012-10-18 13:01:04,6661,1,37.0932291667,2.75133928571
2012-10-18 13:01:05,6662,1,39.5693452381,2.47611607143
2012-10-18 13:01:06,6663,1,41.6197172619,2.05037202381
2012-10-18 13:01:07,6664,1,43.0476190476,1.42790178571
2012-10-18 13:01:08,6665,1,43.74375,0.696130952381
2012-10-18 13:01:09,6666,1,43.8076636905,0.0639136904762
2012-10-18 13:01:10,6667,1,43.4826636905,-0.325
2012-10-18 13:01:11,6668,1,42.9582589286,-0.524404761905
2012-10-18 13:01:12,6669,1,42.2659970238,-0.692261904762
2012-10-18 13:01:13,6670,1,41.3671875,-0.898809523809
2012-10-18 13:01:14,6671,1,40.3280505952,-1.03913690476
2012-10-18 13:01:15,6672,1,39.392485119,-0.935565476191
2012-10-18 13:01:16,6673,1,38.8529761905,-0.539508928571
2012-10-18 13:01:17,6674,1,38.8748511905,0.021875
2012-10-18 13:01:18,6675,1,39.461235119,0.586383928571
2012-10-18 13:01:19,6676,1,40.5164434524,1.05520833333
2012-10-18 13:01:20,6677,1,41.9111607143,1.3947172619
2012-10-18 13:01:21,6678,1,43.5343005952,1.62313988095
2012-10-18 13:01:22,6679,1,45.3194940476,1.78519345238
2012-10-18 13:01:23,6680,1,47.2340029762,1.91450892857
2012-10-18 13:01:24,6681,1,49.2273809524,1.99337797619
2012-10-18 13:01:25,6682,1,51.1686011905,1.9412202381
2012-10-18 13:01:26,6683,1,52.8622767857,1.69367559524
2012-10-18 13:01:27,6684,1,54.1691220238,1.3068452381
2012-10-18 13:01:28,6685,1,55.1037202381,0.934598214286
2012-10-18 13:01:29,6686,1,55.8058779762,0.702157738095
2012-10-18 13:01:30,6687,1,56.440327381,0.634449404762
2012-10-18 13:01:31,6688,1,57.1248511905,0.684523809524
2012-10-18 13:01:32,6689,1,57.9201636905,0.7953125
2012-10-18 13:01:33,6690,1,58.8479166667,0.92775297619
2012-10-18 13:01:34,6691,1,59.8871279762,1.03921130952
2012-10-18 13:01:35,6692,1,60.9677083333,1.08058035714
2012-10-18 13:01:36,6693,1,62.0161458333,1.0484375
2012-10-18 13:01:37,6694,1,63.023139881,1.00699404762
2012-10-18 13:01:38,6695,1,64.0443452381,1.02120535714
2012-10-18 13:01:39,6696,1,65.1234375,1.0790922619
2012-10-18 13:01:40,6697,1,66.2348214286,1.11138392857
2012-10-18 13:01:41,6698,1,67.312797619,1.07797619048
2012-10-18 13:01:42,6699,1,68.3088541667,0.996056547619
2012-10-18 13:01:43,6700,1,69.2120535714,0.903199404762
2012-10-18 13:01:44,6701,1,70.0457589286,0.833705357143
2012-10-18 13:01:45,6702,1,70.8556547619,0.809895833333
2012-10-18 13:01:46,6703,1,71.6869791667,0.831324404762
2012-10-18 13:01:47,6704,1,72.5619047619,0.874925595238
2012-10-18 13:01:48,6705,1,73.4616815476,0.899776785714
2012-10-18 13:01:49,6706,1,74.3238839286,0.862202380952
2012-10-18 13:01:50,6707,1,75.0736607143,0.749776785714
2012-10-18 13:01:51,6708,1,75.6639880952,0.590327380952
2012-10-18 13:01:52,6709,1,76.0795386905,0.415550595238
2012-10-18 13:01:53,6710,1,76.3177827381,0.238244047619
2012-10-18 13:01:54,6711,1,76.3910714286,0.0732886904762
2012-10-18 13:01:55,6712,1,76.3391369048,-0.0519345238095
2012-10-18 13:01:56,6713,1,76.2109375,-0.128199404762
2012-10-18 13:01:57,6714,1,76.028422619,-0.182514880952
2012-10-18 13:01:58,6715,1,75.7829613095,-0.245461309524
2012-10-18 13:01:59,6716,1,75.4718005952,-0.311160714286
2012-10-18 13:02:00,6717,1,75.1313244048,-0.340476190476
2012-10-18 13:02:01,6718,1,74.8279017857,-0.303422619048
2012-10-18 13:02:02,6719,1,74.6151785714,-0.212723214286
2012-10-18 13:02:03,6720,1,74.5068452381,-0.108333333333
2012-10-18 13:02:04,6721,1,74.490922619,-0.0159226190477
2012-10-18 13:02:05,6722,1,74.5639136905,0.0729910714286
2012-10-18 13:02:06,6723,1,74.7380952381,0.174181547619
2012-10-18 13:02:07,6724,1,74.9943452381,0.25625
2012-10-18 13:02:08,6725,1,75.2327380952,0.238392857143
2012-10-18 13:02:09,6726,1,75.315327381,0.0825892857143
2012-10-18 13:02:10,6727,1,75.2385416667,-0.0767857142858
2012-10-18 13:02:11,6728,1,75.2599702381,0.0214285714286
2012-10-18 13:02:12,6729,1,75.66875,0.408779761905
2012-10-18 13:02:13,6730,1,76.3773065476,0.708556547619
2012-10-18 13:02:14,6731,1,76.9185267857,0.541220238095
2012-10-18 13:02:15,6732,1,76.8659970238,-0.0525297619048
2012-10-18 13:02:16,6733,1,76.2087797619,-0.657217261905
2012-10-18 13:02:17,6734,1,75.3755208333,-0.833258928571
2012-10-18 13:02:18,6735,1,74.8439732143,-0.531547619048
2012-10-18 13:02:19,6736,1,74.7210565476,-0.122916666667
2012-10-18 13:02:20,6737,1,74.7947916667,0.0737351190477
2012-10-18 13:02:21,6738,1,74.8638392857,0.0690476190476
2012-10-18 13:02:22,6739,1,74.8734375,0.00959821428569
2012-10-18 13:02:23,6740,1,74.8498511905,-0.0235863095238
2012-10-18 13:02:24,6741,1,74.8339285714,-0.0159226190476
2012-10-18 13:02:25,6742,1,74.8658482143,0.0319196428571
2012-10-18 13:02:26,6743,1,74.9766369048,0.110788690476
2012-10-18 13:02:27,6744,1,75.1671875,0.190550595238
2012-10-18 13:02:28,6745,1,75.3991815476,0.231994047619
2012-10-18 13:02:29,6746,1,75.6011904762,0.202008928572
2012-10-18 13:02:30,6747,1,75.6786458333,0.0774553571428
2012-10-18 13:02:31,6748,1,75.5414434524,-0.137202380952
2012-10-18 13:02:32,6749,1,75.1444196429,-0.397023809524
2012-10-18 13:02:33,6750,1,74.509672619,-0.634747023809
2012-10-18 13:02:34,6751,1,73.7241071429,-0.78556547619
2012-10-18 13:02:35,6752,1,72.914360119,-0.80974702381
2012-10-18 13:02:36,6753,1,72.1947172619,-0.719642857143
2012-10-18 13:02:37,6754,1,71.6172619048,-0.577455357143
2012-10-18 13:02:38,6755,1,71.1680059524,-0.449255952381
2012-10-18 13:02:39,6756,1,70.8126488095,-0.355357142857
2012-10-18 13:02:40,6757,1,70.5537202381,-0.258928571429
2012-10-18 13:02:41,6758,1,70.4474702381,-0.10625
2012-10-18 13:02:42,6759,1,70.5662202381,0.11875
2012-10-18 13:02:43,6760,1,70.9425595238,0.376339285714
2012-10-18 13:02:44,6761,1,71.5380952381,0.595535714286
2012-10-18 13:02:45,6762,1,72.2680803571,0.729985119048
2012-10-18 13:02:46,6763,1,73.0632440476,0.795163690476
2012-10-18 13:02:47,6764,1,73.8909970238,0.82775297619
2012-10-18 13:02:48,6765,1,74.7173363095,0.826339285714
2012-10-18 13:02:49,6766,1,75.4786458333,0.76130952381
2012-10-18 13:02:50,6767,1,76.1006696429,0.622023809524
2012-10-18 13:02:51,6768,1,76.5290922619,0.428422619048
2012-10-18 13:02:52,6769,1,76.7358630952,0.206770833333
2012-10-18 13:02:53,6770,1,76.7165922619,-0.0192708333333
2012-10-18 13:02:54,6771,1,76.4985119048,-0.218080357143
2012-10-18 13:02:55,6772,1,76.1466517857,-0.351860119048
2012-10-18 13:02:56,6773,1,75.7620535714,-0.384598214286
2012-10-18 13:02:57,6774,1,75.4587053571,-0.303348214286
2012-10-18 13:02:58,6775,1,75.3093005952,-0.149404761905
2012-10-18 13:02:59,6776,1,75.3186011905,0.0093005952381
2012-10-18 13:03:00,6777,1,75.4587053571,0.140104166667
2012-10-18 13:03:01,6778,1,75.6921130952,0.233407738095
2012-10-18 13:03:02,6779,1,75.9443452381,0.252232142857
2012-10-18 13:03:03,6780,1,76.0921130952,0.147767857143
2012-10-18 13:03:04,6781,1,76.010639881,-0.0814732142857
2012-10-18 13:03:05,6782,1,75.6486607143,-0.361979166667
2012-10-18 13:03:06,6783,1,75.0699404762,-0.578720238095
2012-10-18 13:03:07,6784,1,74.4132440476,-0.656696428571
2012-10-18 13:03:08,6785,1,73.7958333333,-0.617410714286
2012-10-18 13:03:09,6786,1,73.2572916667,-0.538541666667
2012-10-18 13:03:10,6787,1,72.785639881,-0.471651785714
2012-10-18 13:03:11,6788,1,72.3546130952,-0.431026785714
2012-10-18 13:03:12,6789,1,71.9299107143,-0.424702380952
2012-10-18 13:03:13,6790,1,71.4870535714,-0.442857142857
2012-10-18 13:03:14,6791,1,71.0308035714,-0.45625
2012-10-18 13:03:15,6792,1,70.5827380952,-0.448065476191
2012-10-18 13:03:16,6793,1,70.1741815476,-0.408556547619
2012-10-18 13:03:17,6794,1,69.8438244048,-0.330357142857
2012-10-18 13:03:18,6795,1,69.6095238095,-0.234300595238
2012-10-18 13:03:19,6796,1,69.4508184524,-0.158705357143
2012-10-18 13:03:20,6797,1,69.3128720238,-0.137946428571
2012-10-18 13:03:21,6798,1,69.1116815476,-0.20119047619
2012-10-18 13:03:22,6799,1,68.7758928571,-0.335788690476
2012-10-18 13:03:23,6800,1,68.3136160714,-0.462276785714
2012-10-18 13:03:24,6801,1,67.8129464286,-0.500669642857
2012-10-18 13:03:25,6802,1,67.3781994048,-0.434747023809
2012-10-18 13:03:26,6803,1,67.095014881,-0.283184523809
2012-10-18 13:03:27,6804,1,67.031547619,-0.0634672619048
2012-10-18 13:03:28,6805,1,67.2276041667,0.196056547619
2012-10-18 13:03:29,6806,1,67.6796130952,0.452008928571
2012-10-18 13:03:30,6807,1,68.327827381,0.648214285714
2012-10-18 13:03:31,6808,1,69.0586309524,0.730803571429
2012-10-18 13:03:32,6809,1,69.7753720238,0.716741071429
2012-10-18 13:03:33,6810,1,70.4683035714,0.692931547619
2012-10-18 13:03:34,6811,1,71.1575892857,0.689285714286
2012-10-18 13:03:35,6812,1,71.8157738095,0.65818452381
2012-10-18 13:03:36,6813,1,72.4020089286,0.586235119048
2012-10-18 13:03:37,6814,1,72.9126488095,0.510639880952
2012-10-18 13:03:38,6815,1,73.3966517857,0.48400297619
2012-10-18 13:03:39,6816,1,73.9524553571,0.555803571429
2012-10-18 13:03:40,6817,1,74.6520833333,0.69962797619
2012-10-18 13:03:41,6818,1,75.4776041667,0.825520833333
2012-10-18 13:03:42,6819,1,76.372172619,0.894568452381
2012-10-18 13:03:43,6820,1,77.2920386905,0.919866071429
2012-10-18 13:03:44,6821,1,78.1985119048,0.906473214286
2012-10-18 13:03:45,6822,1,79.0474702381,0.848958333333
2012-10-18 13:03:46,6823,1,79.7657738095,0.718303571429
2012-10-18 13:03:47,6824,1,80.2252232143,0.459449404762
2012-10-18 13:03:48,6825,1,80.2767113095,0.0514880952381
2012-10-18 13:03:49,6826,1,79.8338541667,-0.442857142857
2012-10-18 13:03:50,6827,1,78.9389136905,-0.89494047619
2012-10-18 13:03:51,6828,1,77.7508928571,-1.18802083333
2012-10-18 13:03:52,6829,1,76.4382440476,-1.31264880952
2012-10-18 13:03:53,6830,1,75.0674107143,-1.37083333333
2012-10-18 13:03:54,6831,1,73.615625,-1.45178571429
2012-10-18 13:03:55,6832,1,72.0764136905,-1.53921130952
2012-10-18 13:03:56,6833,1,70.5162946429,-1.56011904762
2012-10-18 13:03:57,6834,1,69.0428571429,-1.4734375
2012-10-18 13:03:58,6835,1,67.7358630952,-1.30699404762
2012-10-18 13:03:59,6836,1,66.6016369048,-1.13422619048
2012-10-18 13:04:00,6837,1,65.6019345238,-0.999702380952
2012-10-18 13:04:01,6838,1,64.732514881,-0.869419642857
2012-10-18 13:04:02,6839,1,64.0600446429,-0.672470238095
2012-10-18 13:04:03,6840,1,63.6641369048,-0.395907738095
2012-10-18 13:04:04,6841,1,63.5354910714,-0.128645833333
2012-10-18 13:04:05,6842,1,63.5526785714,0.0171875
2012-10-18 13:04:06,6843,1,63.5688988095,0.0162202380952
2012-10-18 13:04:07,6844,1,63.5014880952,-0.0674107142857
2012-10-18 13:04:08,6845,1,63.3412946429,-0.160193452381
2012-10-18 13:04:09,6846,1,63.0883184524,-0.252976190476
2012-10-18 13:04:10,6847,1,62.6800595238,-0.408258928571
2012-10-18 13:04:11,6848,1,62.0053571429,-0.674702380952
2012-10-18 13:04:12,6849,1,60.996875,-1.00848214286
2012-10-18 13:04:13,6850,1,59.700297619,-1.29657738095
2012-10-18 13:04:14,6851,1,58.284375,-1.41592261905
2012-10-18 13:04:15,6852,1,56.9988095238,-1.28556547619
2012-10-18 13:04:16,6853,1,56.0681547619,-0.930654761905
2012-10-18 13:04:17,6854,1,55.5746279762,-0.493526785714
2012-10-18 13:04:18,6855,1,55.4119047619,-0.162723214286
2012-10-18 13:04:19,6856,1,55.3375,-0.0744047619048
2012-10-18 13:04:20,6857,1,55.121875,-0.215625
2012-10-18 13:04:21,6858,1,54.7158482143,-0.406026785714
2012-10-18 13:04:22,6859,1,54.2821428571,-0.433705357143
2012-10-18 13:04:23,6860,1,54.0428571429,-0.239285714286
2012-10-18 13:04:24,6861,1,54.0742559524,0.0313988095239
2012-10-18 13:04:25,6862,1,54.2220238095,0.147767857143
2012-10-18 13:04:26,6863,1,54.2064732143,-0.0155505952381
2012-10-18 13:04:27,6864,1,53.8335565476,-0.372916666667
2012-10-18 13:04:28,6865,1,53.124702381,-0.708854166667
2012-10-18 13:04:29,6866,1,52.2569196429,-0.867782738095
2012-10-18 13:04:30,6867,1,51.4267857143,-0.830133928571
2012-10-18 13:04:31,6868,1,50.7899553571,-0.636830357143
2012-10-18 13:04:32,6869,1,50.4389880952,-0.350967261905
2012-10-18 13:04:33,6870,1,50.3552827381,-0.0837053571429
2012-10-18 13:04:34,6871,1,50.4022321429,0.0469494047619
2012-10-18 13:04:35,6872,1,50.4130952381,0.0108630952381
2012-10-18 13:04:36,6873,1,50.3266369048,-0.0864583333333
2012-10-18 13:04:37,6874,1,50.2665922619,-0.0600446428571
2012-10-18 13:04:38,6875,1,50.4708333333,0.204241071429
2012-10-18 13:04:39,6876,1,51.1001488095,0.62931547619
2012-10-18 13:04:40,6877,1,52.0866071429,0.986458333333
2012-10-18 13:04:41,6878,1,53.1504464286,1.06383928571
2012-10-18 13:04:42,6879,1,53.9258184524,0.77537202381
2012-10-18 13:04:43,6880,1,54.0505208333,0.124702380952
2012-10-18 13:04:44,6881,1,53.2363095238,-0.814211309524
2012-10-18 13:04:45,6882,1,51.3718005952,-1.86450892857
2012-10-18 13:04:46,6883,1,48.5688988095,-2.80290178571
2012-10-18 13:04:47,6884,1,45.0941220238,-3.47477678571
2012-10-18 13:04:48,6885,1,41.1820684524,-3.91205357143
2012-10-18 13:04:49,6886,1,36.8327380952,-4.34933035714
2012-10-18 13:04:50,6887,1,31.9136904762,-4.91904761905
2012-10-18 13:04:51,6888,1,26.583110119,-5.33058035714
2012-10-18 13:04:52,6889,1,21.4826636905,-5.10044642857
2012-10-18 13:04:53,6890,1,17.4259672619,-4.05669642857
2012-10-18 13:04:54,6891,1,14.9840029762,-2.44196428571
2012-10-18 13:04:55,6892,1,14.3380952381,-0.645907738095
2012-10-18 13:04:56,6893,1,15.365922619,1.02782738095
2012-10-18 13:04:57,6894,1,17.7901785714,2.42425595238
2012-10-18 13:04:58,6895,1,21.2394345238,3.44925595238
2012-10-18 13:04:59,6896,1,25.2209821429,3.98154761905
2012-10-18 13:05:00,6897,1,29.1972470238,3.97626488095
2012-10-18 13:05:01,6898,1,32.7833333333,3.58608630952
2012-10-18 13:05:02,6899,1,35.8253720238,3.04203869048
2012-10-18 13:05:03,6900,1,38.3017113095,2.47633928571
2012-10-18 13:05:04,6901,1,40.228125,1.92641369048
2012-10-18 13:05:05,6902,1,41.625,1.396875
2012-10-18 13:05:06,6903,1,42.4873511905,0.862351190476
2012-10-18 13:05:07,6904,1,42.8061011905,0.31875
2012-10-18 13:05:08,6905,1,42.6532738095,-0.152827380952
2012-10-18 13:05:09,6906,1,42.1927827381,-0.460491071429
2012-10-18 13:05:10,6907,1,41.5960565476,-0.596726190476
2012-10-18 13:05:11,6908,1,40.9654017857,-0.630654761905
2012-10-18 13:05:12,6909,1,40.2585565476,-0.706845238095
2012-10-18 13:05:13,6910,1,39.2473958333,-1.01116071429
2012-10-18 13:05:14,6911,1,37.6320684524,-1.61532738095
2012-10-18 13:05:15,6912,1,35.2212053571,-2.41086309524
2012-10-18 13:05:16,6913,1,32.008110119,-3.2130952381
2012-10-18 13:05:17,6914,1,28.1907738095,-3.81733630952
2012-10-18 13:05:18,6915,1,24.1697916667,-4.02098214286
2012-10-18 13:05:19,6916,1,20.4627232143,-3.70706845238
2012-10-18 13:05:20,6917,1,17.6317708333,-2.83095238095
2012-10-18 13:05:21,6918,1,16.2439732143,-1.38779761905
2012-10-18 13:05:22,6919,1,16.6697916667,0.425818452381
2012-10-18 13:05:23,6920,1,18.8230654762,2.15327380952
2012-10-18 13:05:24,6921,1,22.171875,3.34880952381
2012-10-18 13:05:25,6922,1,25.9884672619,3.8165922619
2012-10-18 13:05:26,6923,1,29.6131696429,3.62470238095
2012-10-18 13:05:27,6924,1,32.6235863095,3.01041666667
2012-10-18 13:05:28,6925,1,34.815625,2.19203869048
2012-10-18 13:05:29,6926,1,36.0701636905,1.25453869048
2012-10-18 13:05:30,6927,1,36.2983630952,0.228199404762
2012-10-18 13:05:31,6928,1,35.4415178571,-0.856845238095
2012-10-18 13:05:32,6929,1,33.4761904762,-1.96532738095
2012-10-18 13:05:33,6930,1,30.4680059524,-3.00818452381
2012-10-18 13:05:34,6931,1,26.626860119,-3.84114583333
2012-10-18 13:05:35,6932,1,22.3308779762,-4.29598214286
2012-10-18 13:05:36,6933,1,18.0375,-4.29337797619
2012-10-18 13:05:37,6934,1,14.0179315476,-4.01956845238
2012-10-18 13:05:38,6935,1,10.2463541667,-3.77157738095
2012-10-18 13:05:39,6936,1,6.68824404762,-3.55811011905
2012-10-18 13:05:40,6937,1,3.63087797619,-3.05736607143
2012-10-18 13:05:41,6938,1,0.0,-3.63087797619
2012-10-18 13:06:11,6968,30,0.0,0.0
2012-10-18 13:06:12,6969,1,3.38578869048,3.38578869048
2012-10-18 13:06:13,6970,1,7.37157738095,3.98578869048
2012-10-18 13:06:14,6971,1,12.7828125,5.41123511905
2012-10-18 13:06:15,6972,1,18.5863839286,5.80357142857
2012-10-18 13:06:16,6973,1,23.7724702381,5.18608630952
2012-10-18 13:06:17,6974,1,27.8,4.0275297619
2012-10-18 13:06:18,6975,1,30.7529761905,2.95297619048
2012-10-18 13:06:19,6976,1,33.0097470238,2.25677083333
2012-10-18 13:06:20,6977,1,34.8189732143,1.80922619048
2012-10-18 13:06:21,6978,1,36.2260416667,1.40706845238
2012-10-18 13:06:22,6979,1,37.1777529762,0.951711309524
2012-10-18 13:06:23,6980,1,37.6003720238,0.422619047619
2012-10-18 13:06:24,6981,1,37.5054315476,-0.0949404761905
2012-10-18 13:06:25,6982,1,37.0604910714,-0.44494047619
2012-10-18 13:06:26,6983,1,36.5279761905,-0.532514880952
2012-10-18 13:06:27,6984,1,36.1375,-0.390476190476
2012-10-18 13:06:28,6985,1,35.9995535714,-0.137946428571
2012-10-18 13:06:29,6986,1,36.0982142857,0.0986607142857
2012-10-18 13:06:30,6987,1,36.3155505952,0.217336309524
2012-10-18 13:06:31,6988,1,36.4514136905,0.135863095238
2012-10-18 13:06:32,6989,1,36.2942708333,-0.157142857143
2012-10-18 13:06:33,6990,1,35.7286458333,-0.565625
2012-10-18 13:06:34,6991,1,34.7468005952,-0.981845238095
2012-10-18 13:06:35,6992,1,33.3388392857,-1.40796130952
2012-10-18 13:06:36,6993,1,31.3682291667,-1.97061011905
2012-10-18 13:06:37,6994,1,28.5681547619,-2.80007440476
2012-10-18 13:06:38,6995,1,24.736875,-3.8312797619
2012-10-18 13:06:39,6996,1,19.9933333333,-4.74354166667
2012-10-18 13:06:40,6997,1,14.8645833333,-5.12875
2012-10-18 13:06:41,6998,1,10.1329017857,-4.73168154762
2012-10-18 13:06:42,6999,1,6.50200892857,-3.63089285714
2012-10-18 13:06:43,7000,1,4.28126488095,-2.22074404762
2012-10-18 13:06:44,7001,1,3.31873511905,-0.962529761905
2012-10-18 13:06:45,7002,1,3.17595238095,-0.142782738095
2012-10-18 13:06:46,7003,1,3.3859672619,0.210014880952
2012-10-18 13:06:47,7004,1,3.65547619048,0.269508928571
2012-10-18 13:06:48,7005,1,3.8912202381,0.235744047619
2012-10-18 13:06:49,7006,1,4.08388392857,0.192663690476
2012-10-18 13:06:50,7007,1,4.25748511905,0.173601190476
2012-10-18 13:06:51,7008,1,4.56526785714,0.307782738095
2012-10-18 13:06:52,7009,1,5.34011904762,0.774851190476
2012-10-18 13:06:53,7010,1,6.9346577381,1.59453869048
2012-10-18 13:06:54,7011,1,9.4834077381,2.54875
2012-10-18 13:06:55,7012,1,12.8139732143,3.33056547619
2012-10-18 13:06:56,7013,1,16.5519345238,3.73796130952
2012-10-18 13:06:57,7014,1,20.3160416667,3.76410714286
2012-10-18 13:06:58,7015,1,23.8449702381,3.52892857143
2012-10-18 13:06:59,7016,1,26.9427083333,3.09773809524
2012-10-18 13:07:00,7017,1,29.3389880952,2.3962797619
2012-10-18 13:07:01,7018,1,30.6746279762,1.33563988095
2012-10-18 13:07:02,7019,1,30.6543154762,-0.0203125
2012-10-18 13:07:03,7020,1,29.2172619048,-1.43705357143
2012-10-18 13:07:04,7021,1,26.5885416667,-2.6287202381
2012-10-18 13:07:05,7022,1,23.2069196429,-3.38162202381
2012-10-18 13:07:06,7023,1,19.5878720238,-3.61904761905
2012-10-18 13:07:07,7024,1,16.1730654762,-3.41480654762
2012-10-18 13:07:08,7025,1,13.2223958333,-2.95066964286
2012-10-18 13:07:09,7026,1,10.7697544643,-2.45264136905
2012-10-18 13:07:10,7027,1,8.65446428571,-2.11529017857
2012-10-18 13:07:11,7028,1,6.67931547619,-1.97514880952
2012-10-18 13:07:12,7029,1,4.8587797619,-1.82053571429
2012-10-18 13:07:13,7030,1,3.56201636905,-1.29676339286
2012-10-18 13:07:14,7031,1,3.33110119048,-0.230915178571
2012-10-18 13:07:15,7032,1,4.45814732143,1.12704613095
2012-10-18 13:07:16,7033,1,6.76272321429,2.30457589286
2012-10-18 13:07:17,7034,1,9.76086309524,2.99813988095
2012-10-18 13:07:18,7035,1,12.9741815476,3.21331845238
2012-10-18 13:07:19,7036,1,16.1408854167,3.16670386905
2012-10-18 13:07:20,7037,1,19.1818452381,3.04095982143
2012-10-18 13:07:21,7038,1,21.9679315476,2.78608630952
2012-10-18 13:07:22,7039,1,24.2169642857,2.2490327381
2012-10-18 13:07:23,7040,1,25.6229166667,1.40595238095
2012-10-18 13:07:24,7041,1,25.9996279762,0.376711309524
2012-10-18 13:07:25,7042,1,25.3197916667,-0.679836309524
2012-10-18 13:07:26,7043,1,23.696577381,-1.62321428571
2012-10-18 13:07:27,7044,1,21.4130208333,-2.28355654762
2012-10-18 13:07:28,7045,1,18.9793154762,-2.43370535714
2012-10-18 13:07:29,7046,1,17.0579613095,-1.92135416667
2012-10-18 13:07:30,7047,1,16.2162202381,-0.841741071429
2012-10-18 13:07:31,7048,1,16.5773065476,0.361086309524
2012-10-18 13:07:32,7049,1,17.5892113095,1.0119047619
2012-10-18 13:07:33,7050,1,18.2267857143,0.637574404762
2012-10-18 13:07:34,7051,1,17.5336681548,-0.693117559524
2012-10-18 13:07:35,7052,1,15.1337053571,-2.39996279762
2012-10-18 13:07:36,7053,1,11.4880580357,-3.64564732143
2012-10-18 13:07:37,7054,1,7.665625,-3.82243303571
2012-10-18 13:07:38,7055,1,4.69066220238,-2.97496279762
2012-10-18 13:07:39,7056,1,3.04151785714,-1.64914434524
2012-10-18 13:07:40,7057,1,2.61949404762,-0.422023809524
2012-10-18 13:07:41,7058,1,3.00066964286,0.381175595238
2012-10-18 13:07:42,7059,1,3.72020089286,0.71953125
2012-10-18 13:07:43,7060,1,4.44196428571,0.721763392857
2012-10-18 13:07:44,7061,1,5.01164434524,0.569680059524
2012-10-18 13:07:45,7062,1,5.46428571429,0.452641369048
2012-10-18 13:07:46,7063,1,6.01201636905,0.547730654762
2012-10-18 13:07:47,7064,1,6.94255952381,0.930543154762
2012-10-18 13:07:48,7065,1,8.32455357143,1.38199404762
2012-10-18 13:07:49,7066,1,9.79270833333,1.4681547619
2012-10-18 13:07:50,7067,1,10.8415178571,1.04880952381
2012-10-18 13:07:51,7068,1,11.3300595238,0.488541666667
2012-10-18 13:07:52,7069,1,11.5585565476,0.22849702381
2012-10-18 13:07:53,7070,1,11.9139136905,0.355357142857
2012-10-18 13:07:54,7071,1,12.4921875,0.578273809524
2012-10-18 13:07:55,7072,1,13.0017113095,0.509523809524
2012-10-18 13:07:56,7073,1,13.0397321429,0.0380208333333
2012-10-18 13:07:57,7074,1,12.469047619,-0.570684523809
2012-10-18 13:07:58,7075,1,11.4870535714,-0.981994047619
2012-10-18 13:07:59,7076,1,10.410639881,-1.07641369048
2012-10-18 13:08:00,7077,1,9.49620535714,-0.91443452381
2012-10-18 13:08:01,7078,1,8.87626488095,-0.61994047619
2012-10-18 13:08:02,7079,1,8.54404761905,-0.332217261905
2012-10-18 13:08:03,7080,1,8.39918154762,-0.144866071429
2012-10-18 13:08:04,7081,1,8.33712797619,-0.0620535714286
2012-10-18 13:08:05,7082,1,8.32447916667,-0.0126488095238
2012-10-18 13:08:06,7083,1,8.3931547619,0.0686755952381
2012-10-18 13:08:07,7084,1,8.54397321429,0.150818452381
2012-10-18 13:08:08,7085,1,8.71354166667,0.169568452381
2012-10-18 13:08:09,7086,1,8.82767857143,0.114136904762
2012-10-18 13:08:10,7087,1,8.76376488095,-0.0639136904762
2012-10-18 13:08:11,7088,1,8.34382440476,-0.41994047619
2012-10-18 13:08:12,7089,1,7.55677083333,-0.787053571429
2012-10-18 13:08:13,7090,1,6.69263392857,-0.864136904762
2012-10-18 13:08:14,7091,1,6.10498511905,-0.587648809524
2012-10-18 13:08:15,7092,1,5.8818452381,-0.223139880952
2012-10-18 13:08:16,7093,1,5.76755952381,-0.114285714286
2012-10-18 13:08:17,7094,1,5.40818452381,-0.359375
2012-10-18 13:08:18,7095,1,4.6822172619,-0.725967261905
2012-10-18 13:08:19,7096,1,3.7115327381,-0.97068452381
2012-10-18 13:08:20,7097,1,2.62849702381,-1.08303571429
2012-10-18 13:08:21,7098,1,1.56979166667,-1.05870535714
2012-10-18 13:08:22,7099,1,0.0,-1.56979166667
