timestamp,cycle_sec,timestep,speed_mph,accel_meters_ps
2012-06-27 18:14:27,0,1,0.0,0.0
2012-06-27 18:14:28,1,1,0.0,0.0
2012-06-27 18:14:29,2,1,0.0,0.0
2012-06-27 18:14:30,3,1,0.0,0.0
2012-06-27 18:14:31,4,1,0.0,0.0
2012-06-27 18:14:32,5,1,0.0,0.0
2012-06-27 18:14:33,6,1,4.6994047619,4.6994047619
2012-06-27 18:14:34,7,1,7.89181547619,3.19241071429
2012-06-27 18:14:35,8,1,10.3964285714,2.50461309524
2012-06-27 18:14:36,9,1,11.3081845238,0.911755952381
2012-06-27 18:14:37,10,1,10.4924107143,-0.815773809524
2012-06-27 18:14:38,11,1,8.63556547619,-1.8568452381
2012-06-27 18:14:39,12,1,6.90674603175,-1.72881944444
2012-06-27 18:14:40,13,1,6.34094742063,-0.565798611111
2012-06-27 18:14:41,14,1,7.3359375,0.994990079365
2012-06-27 18:14:42,15,1,9.59382440476,2.25788690476
2012-06-27 18:14:43,16,1,12.4912202381,2.89739583333
2012-06-27 18:14:44,17,1,15.5266369048,3.03541666667
2012-06-27 18:14:45,18,1,18.4533482143,2.92671130952
2012-06-27 18:14:46,19,1,21.1037202381,2.65037202381
2012-06-27 18:14:47,20,1,23.256547619,2.15282738095
2012-06-27 18:14:48,21,1,24.7354910714,1.47894345238
2012-06-27 18:14:49,22,1,25.5834821429,0.847991071428
2012-06-27 18:14:50,23,1,26.0622767857,0.478794642857
2012-06-27 18:14:51,24,1,26.444047619,0.381770833333
2012-06-27 18:14:52,25,1,26.8455357143,0.401488095238
2012-06-27 18:14:53,26,1,27.2691220238,0.423586309524
2012-06-27 18:14:54,27,1,27.7025297619,0.433407738095
2012-06-27 18:14:55,28,1,28.1244047619,0.421875
2012-06-27 18:14:56,29,1,28.4646577381,0.34025297619
2012-06-27 18:14:57,30,1,28.6195684524,0.154910714286
2012-06-27 18:14:58,31,1,28.5322916667,-0.0872767857143
2012-06-27 18:14:59,32,1,28.2308779762,-0.301413690476
2012-06-27 18:15:00,33,1,27.726264881,-0.504613095238
2012-06-27 18:15:01,34,1,26.8917410714,-0.834523809524
2012-06-27 18:15:02,35,1,25.5361607143,-1.35558035714
2012-06-27 18:15:03,36,1,23.6174107143,-1.91875
2012-06-27 18:15:04,37,1,21.3519345238,-2.26547619048
2012-06-27 18:15:05,38,1,19.1351934524,-2.21674107143
2012-06-27 18:15:06,39,1,17.3572916667,-1.77790178571
2012-06-27 18:15:07,40,1,16.2465029762,-1.11078869048
2012-06-27 18:15:08,41,1,15.8566220238,-0.389880952381
2012-06-27 18:15:09,42,1,16.138764881,0.282142857143
2012-06-27 18:15:10,43,1,16.9561755952,0.817410714286
2012-06-27 18:15:11,44,1,18.071875,1.11569940476
2012-06-27 18:15:12,45,1,19.2073660714,1.13549107143
2012-06-27 18:15:13,46,1,20.1808035714,0.9734375
2012-06-27 18:15:14,47,1,21.0500744048,0.869270833333
2012-06-27 18:15:15,48,1,22.1046875,1.05461309524
2012-06-27 18:15:16,49,1,23.6319940476,1.52730654762
2012-06-27 18:15:17,50,1,25.629985119,1.99799107143
2012-06-27 18:15:18,51,1,27.740327381,2.1103422619
2012-06-27 18:15:19,52,1,29.4828125,1.74248511905
2012-06-27 18:15:20,53,1,30.5545386905,1.07172619048
2012-06-27 18:15:21,54,1,30.9220238095,0.367485119048
2012-06-27 18:15:22,55,1,30.7144345238,-0.207589285714
2012-06-27 18:15:23,56,1,30.0813244048,-0.633110119048
2012-06-27 18:15:24,57,1,29.1300595238,-0.951264880952
2012-06-27 18:15:25,58,1,27.9563244048,-1.17373511905
2012-06-27 18:15:26,59,1,26.6783482143,-1.27797619048
2012-06-27 18:15:27,60,1,25.4274553571,-1.25089285714
2012-06-27 18:15:28,61,1,24.3357142857,-1.09174107143
2012-06-27 18:15:29,62,1,23.5101934524,-0.825520833333
2012-06-27 18:15:30,63,1,22.9817708333,-0.528422619048
2012-06-27 18:15:31,64,1,22.7079613095,-0.27380952381
2012-06-27 18:15:32,65,1,22.6480654762,-0.0598958333333
2012-06-27 18:15:33,66,1,22.8025297619,0.154464285714
2012-06-27 18:15:34,67,1,23.166889881,0.364360119048
2012-06-27 18:15:35,68,1,23.6771577381,0.510267857143
2012-06-27 18:15:36,69,1,24.2186011905,0.541443452381
2012-06-27 18:15:37,70,1,24.6825892857,0.463988095238
2012-06-27 18:15:38,71,1,25.0,0.317410714286
2012-06-27 18:15:39,72,1,25.1208333333,0.120833333333
2012-06-27 18:15:40,73,1,24.9991071429,-0.121726190476
2012-06-27 18:15:41,74,1,24.629389881,-0.369717261905
2012-06-27 18:15:42,75,1,24.088764881,-0.540625
2012-06-27 18:15:43,76,1,23.5162946429,-0.572470238095
2012-06-27 18:15:44,77,1,23.03125,-0.485044642857
2012-06-27 18:15:45,78,1,22.6775297619,-0.353720238095
2012-06-27 18:15:46,79,1,22.4642857143,-0.213244047619
2012-06-27 18:15:47,80,1,22.4333333333,-0.0309523809524
2012-06-27 18:15:48,81,1,22.6404017857,0.207068452381
2012-06-27 18:15:49,82,1,23.0557291667,0.415327380952
2012-06-27 18:15:50,83,1,23.5104910714,0.454761904762
2012-06-27 18:15:51,84,1,23.8078869048,0.297395833333
2012-06-27 18:15:52,85,1,23.894047619,0.0861607142857
2012-06-27 18:15:53,86,1,23.8610119048,-0.0330357142857
2012-06-27 18:15:54,87,1,23.8080357143,-0.0529761904762
2012-06-27 18:15:55,88,1,23.7466517857,-0.0613839285714
2012-06-27 18:15:56,89,1,23.6180803571,-0.128571428571
2012-06-27 18:15:57,90,1,23.3979166667,-0.220163690476
2012-06-27 18:15:58,91,1,23.1603422619,-0.237574404762
2012-06-27 18:15:59,92,1,23.0069196429,-0.153422619048
2012-06-27 18:16:00,93,1,22.9824404762,-0.0244791666666
2012-06-27 18:16:01,94,1,23.0767113095,0.0942708333333
2012-06-27 18:16:02,95,1,23.2493303571,0.172619047619
2012-06-27 18:16:03,96,1,23.440327381,0.19099702381
2012-06-27 18:16:04,97,1,23.5851190476,0.144791666667
2012-06-27 18:16:05,98,1,23.6353422619,0.0502232142858
2012-06-27 18:16:06,99,1,23.565625,-0.0697172619048
2012-06-27 18:16:07,100,1,23.3574404762,-0.208184523809
2012-06-27 18:16:08,101,1,22.9925595238,-0.364880952381
2012-06-27 18:16:09,102,1,22.4828125,-0.509747023809
2012-06-27 18:16:10,103,1,21.9225446429,-0.560267857143
2012-06-27 18:16:11,104,1,21.5051339286,-0.417410714286
2012-06-27 18:16:12,105,1,21.4370535714,-0.0680803571428
2012-06-27 18:16:13,106,1,21.8189732143,0.381919642857
2012-06-27 18:16:14,107,1,22.6180059524,0.799032738095
2012-06-27 18:16:15,108,1,23.7019345238,1.08392857143
2012-06-27 18:16:16,109,1,24.8764880952,1.17455357143
2012-06-27 18:16:17,110,1,25.9024553571,1.0259672619
2012-06-27 18:16:18,111,1,26.4485119048,0.546056547619
2012-06-27 18:16:19,112,1,26.093452381,-0.35505952381
2012-06-27 18:16:20,113,1,24.5141517857,-1.57930059524
2012-06-27 18:16:21,114,1,21.6900520833,-2.82409970238
2012-06-27 18:16:22,115,1,17.9404761905,-3.74957589286
2012-06-27 18:16:23,116,1,13.853266369,-4.08720982143
2012-06-27 18:16:24,117,1,10.117485119,-3.73578125
2012-06-27 18:16:25,118,1,7.25501488095,-2.8624702381
2012-06-27 18:16:26,119,1,5.43813988095,-1.816875
2012-06-27 18:16:27,120,1,4.50194196429,-0.936197916667
2012-06-27 18:16:28,121,1,4.08019345238,-0.421748511905
2012-06-27 18:16:29,122,1,3.81835565476,-0.261837797619
2012-06-27 18:16:30,123,1,3.54267113095,-0.27568452381
2012-06-27 18:16:31,124,1,3.23579241071,-0.306878720238
2012-06-27 18:16:32,125,1,2.92029017857,-0.315502232143
2012-06-27 18:16:33,126,1,2.62032366071,-0.299966517857
2012-06-27 18:16:34,127,1,2.36866815476,-0.251655505952
2012-06-27 18:16:35,128,1,2.18079241071,-0.187875744048
2012-06-27 18:16:36,129,1,2.07109375,-0.109698660714
2012-06-27 18:16:37,130,1,2.21235863095,0.141264880952
2012-06-27 18:16:38,131,1,3.06253720238,0.850178571429
2012-06-27 18:16:39,132,1,5.14891741071,2.08638020833
2012-06-27 18:16:40,133,1,8.60798363095,3.45906622024
2012-06-27 18:16:41,134,1,12.9208147321,4.31283110119
2012-06-27 18:16:42,135,1,17.0980282738,4.17721354167
2012-06-27 18:16:43,136,1,20.2239769345,3.12594866071
2012-06-27 18:16:44,137,1,21.9463169643,1.72234002976
2012-06-27 18:16:45,138,1,22.4807291667,0.534412202381
2012-06-27 18:16:46,139,1,22.257514881,-0.223214285714
2012-06-27 18:16:47,140,1,21.662797619,-0.594717261905
2012-06-27 18:16:48,141,1,20.9688244048,-0.693973214286
2012-06-27 18:16:49,142,1,20.3121279762,-0.656696428571
2012-06-27 18:16:50,143,1,19.7119047619,-0.600223214286
2012-06-27 18:16:51,144,1,19.121577381,-0.590327380952
2012-06-27 18:16:52,145,1,18.4430803571,-0.678497023809
2012-06-27 18:16:53,146,1,17.5207738095,-0.922306547619
2012-06-27 18:16:54,147,1,16.1653869048,-1.35538690476
2012-06-27 18:16:55,148,1,14.2344494048,-1.9309375
2012-06-27 18:16:56,149,1,11.7874553571,-2.44699404762
2012-06-27 18:16:57,150,1,9.1771577381,-2.61029761905
2012-06-27 18:16:58,151,1,6.88282738095,-2.29433035714
2012-06-27 18:16:59,152,1,5.20273809524,-1.68008928571
2012-06-27 18:17:00,153,1,4.13233630952,-1.07040178571
2012-06-27 18:17:01,154,1,3.54556547619,-0.586770833333
2012-06-27 18:17:02,155,1,3.45901785714,-0.0865476190476
2012-06-27 18:17:03,156,1,4.06456845238,0.605550595238
2012-06-27 18:17:04,157,1,5.52120535714,1.45663690476
2012-06-27 18:17:05,158,1,7.77504464286,2.25383928571
2012-06-27 18:17:06,159,1,10.5345982143,2.75955357143
2012-06-27 18:17:07,160,1,13.3573065476,2.82270833333
2012-06-27 18:17:08,161,1,15.8045238095,2.4472172619
2012-06-27 18:17:09,162,1,17.5805803571,1.77605654762
2012-06-27 18:17:10,163,1,18.6117559524,1.03117559524
2012-06-27 18:17:11,164,1,19.0904017857,0.478645833333
2012-06-27 18:17:12,165,1,19.400297619,0.309895833333
2012-06-27 18:17:13,166,1,19.8801339286,0.479836309524
2012-06-27 18:17:14,167,1,20.6328125,0.752678571429
2012-06-27 18:17:15,168,1,21.5287202381,0.895907738095
2012-06-27 18:17:16,169,1,22.301264881,0.772544642857
2012-06-27 18:17:17,170,1,22.6755208333,0.374255952381
2012-06-27 18:17:18,171,1,22.523735119,-0.151785714286
2012-06-27 18:17:19,172,1,21.9166666667,-0.607068452381
2012-06-27 18:17:20,173,1,21.0257440476,-0.890922619048
2012-06-27 18:17:21,174,1,19.9967261905,-1.02901785714
2012-06-27 18:17:22,175,1,18.8711309524,-1.1255952381
2012-06-27 18:17:23,176,1,17.5970238095,-1.27410714286
2012-06-27 18:17:24,177,1,16.1419642857,-1.45505952381
2012-06-27 18:17:25,178,1,14.5952380952,-1.54672619048
2012-06-27 18:17:26,179,1,13.1545386905,-1.44069940476
2012-06-27 18:17:27,180,1,12.0366815476,-1.11785714286
2012-06-27 18:17:28,181,1,11.3882440476,-0.6484375
2012-06-27 18:17:29,182,1,11.2089285714,-0.17931547619
2012-06-27 18:17:30,183,1,11.3085565476,0.0996279761904
2012-06-27 18:17:31,184,1,11.3317708333,0.0232142857143
2012-06-27 18:17:32,185,1,10.8275297619,-0.504241071428
2012-06-27 18:17:33,186,1,9.39412202381,-1.4334077381
2012-06-27 18:17:34,187,1,6.97485119048,-2.41927083333
2012-06-27 18:17:35,188,1,4.16681547619,-2.80803571429
2012-06-27 18:17:36,189,1,0.0,-4.16681547619
2012-06-27 18:18:01,214,25,0.0,0.0
2012-06-27 18:18:02,215,1,2.73816964286,2.73816964286
2012-06-27 18:18:03,216,1,4.12373511905,1.38556547619
2012-06-27 18:18:04,217,1,4.95126488095,0.827529761905
2012-06-27 18:18:05,218,1,5.02827380952,0.0770089285714
2012-06-27 18:18:06,219,1,4.61495535714,-0.413318452381
2012-06-27 18:18:07,220,1,3.99828869048,-0.616666666667
2012-06-27 18:18:08,221,1,3.35632440476,-0.641964285714
2012-06-27 18:18:09,222,1,2.82016369048,-0.536160714286
2012-06-27 18:18:10,223,1,2.49694940476,-0.323214285714
2012-06-27 18:18:11,224,1,2.4087797619,-0.0881696428571
2012-06-27 18:18:12,225,1,2.475,0.0662202380952
2012-06-27 18:18:13,226,1,2.59207589286,0.117075892857
2012-06-27 18:18:14,227,1,2.70593377976,0.113857886905
2012-06-27 18:18:15,228,1,2.79691220238,0.0909784226191
2012-06-27 18:18:16,229,1,2.84056919643,0.0436569940476
2012-06-27 18:18:17,230,1,2.80732886905,-0.033240327381
2012-06-27 18:18:18,231,1,2.67777157738,-0.129557291667
2012-06-27 18:18:19,232,1,2.47659970238,-0.201171875
2012-06-27 18:18:20,233,1,2.3478422619,-0.128757440476
2012-06-27 18:18:21,234,1,2.58515625,0.237313988095
2012-06-27 18:18:22,235,1,3.51806175595,0.932905505952
2012-06-27 18:18:23,236,1,5.31610863095,1.798046875
2012-06-27 18:18:24,237,1,7.85771949405,2.5416108631
2012-06-27 18:18:25,238,1,10.762983631,2.9052641369
2012-06-27 18:18:26,239,1,13.5869977679,2.8240141369
2012-06-27 18:18:27,240,1,16.0097098214,2.42271205357
2012-06-27 18:18:28,241,1,17.8433779762,1.83366815476
2012-06-27 18:18:29,242,1,18.9083333333,1.06495535714
2012-06-27 18:18:30,243,1,18.9735119048,0.0651785714286
2012-06-27 18:18:31,244,1,17.8555059524,-1.11800595238
2012-06-27 18:18:32,245,1,15.5992559524,-2.25625
2012-06-27 18:18:33,246,1,12.5822172619,-3.01703869048
2012-06-27 18:18:34,247,1,9.42938988095,-3.15282738095
2012-06-27 18:18:35,248,1,6.74441964286,-2.6849702381
2012-06-27 18:18:36,249,1,4.80828373016,-1.9361359127
2012-06-27 18:18:37,250,1,3.48043154762,-1.32785218254
2012-06-27 18:18:38,251,1,2.41458333333,-1.06584821429
2012-06-27 18:18:39,252,1,1.46785714286,-0.946726190476
2012-06-27 18:18:40,253,1,0.0,-1.46785714286
2012-06-27 19:14:53,3626,3373,0.0,0.0
2012-06-27 19:14:54,3627,1,3.38075396825,3.38075396825
2012-06-27 19:14:55,3628,1,6.14769345238,2.76693948413
2012-06-27 19:14:56,3629,1,9.20959821429,3.0619047619
2012-06-27 19:14:57,3630,1,12.1412946429,2.93169642857
2012-06-27 19:14:58,3631,1,14.8431547619,2.70186011905
2012-06-27 19:14:59,3632,1,17.4113095238,2.5681547619
2012-06-27 19:15:00,3633,1,19.9517361111,2.5404265873
2012-06-27 19:15:01,3634,1,22.4596478175,2.50791170635
2012-06-27 19:15:02,3635,1,24.8022321429,2.3425843254
2012-06-27 19:15:03,3636,1,26.7869791667,1.98474702381
2012-06-27 19:15:04,3637,1,28.265922619,1.47894345238
2012-06-27 19:15:05,3638,1,29.1977678571,0.931845238095
2012-06-27 19:15:06,3639,1,29.6182291667,0.420461309524
2012-06-27 19:15:07,3640,1,29.5607142857,-0.0575148809524
2012-06-27 19:15:08,3641,1,29.0099702381,-0.550744047619
2012-06-27 19:15:09,3642,1,27.9103422619,-1.09962797619
2012-06-27 19:15:10,3643,1,26.2223958333,-1.68794642857
2012-06-27 19:15:11,3644,1,24.0255952381,-2.19680059524
2012-06-27 19:15:12,3645,1,21.5777529762,-2.4478422619
2012-06-27 19:15:13,3646,1,19.2494047619,-2.32834821429
2012-06-27 19:15:14,3647,1,17.4235119048,-1.82589285714
2012-06-27 19:15:15,3648,1,16.4426339286,-0.98087797619
2012-06-27 19:15:16,3649,1,16.5353422619,0.0927083333334
2012-06-27 19:15:17,3650,1,17.704389881,1.16904761905
2012-06-27 19:15:18,3651,1,19.6715029762,1.96711309524
2012-06-27 19:15:19,3652,1,21.9453125,2.27380952381
2012-06-27 19:15:20,3653,1,24.0087797619,2.0634672619
2012-06-27 19:15:21,3654,1,25.5275297619,1.51875
2012-06-27 19:15:22,3655,1,26.4321428571,0.904613095238
2012-06-27 19:15:23,3656,1,26.8488839286,0.416741071429
2012-06-27 19:15:24,3657,1,26.9746279762,0.125744047619
2012-06-27 19:15:25,3658,1,26.976264881,0.0016369047619
2012-06-27 19:15:26,3659,1,26.9482886905,-0.0279761904762
2012-06-27 19:15:27,3660,1,26.9267857143,-0.0215029761905
2012-06-27 19:15:28,3661,1,26.9260416667,-0.000744047619001
2012-06-27 19:15:29,3662,1,26.9623511905,0.0363095238095
2012-06-27 19:15:30,3663,1,27.0462053571,0.0838541666667
2012-06-27 19:15:31,3664,1,27.1537202381,0.107514880952
2012-06-27 19:15:32,3665,1,27.2058035714,0.0520833333334
2012-06-27 19:15:33,3666,1,27.0616071429,-0.144196428572
2012-06-27 19:15:34,3667,1,26.5326636905,-0.528943452381
2012-06-27 19:15:35,3668,1,25.434375,-1.09828869048
2012-06-27 19:15:36,3669,1,23.6652529762,-1.76912202381
2012-06-27 19:15:37,3670,1,21.3050595238,-2.36019345238
2012-06-27 19:15:38,3671,1,18.6795386905,-2.62552083333
2012-06-27 19:15:39,3672,1,16.2529761905,-2.4265625
2012-06-27 19:15:40,3673,1,14.3609375,-1.89203869048
2012-06-27 19:15:41,3674,1,13.032514881,-1.32842261905
2012-06-27 19:15:42,3675,1,12.05625,-0.976264880952
2012-06-27 19:15:43,3676,1,11.2024553571,-0.853794642857
2012-06-27 19:15:44,3677,1,10.4083333333,-0.79412202381
2012-06-27 19:15:45,3678,1,9.73578869048,-0.672544642857
2012-06-27 19:15:46,3679,1,9.14177827381,-0.594010416667
2012-06-27 19:15:47,3680,1,8.38915550595,-0.752622767857
2012-06-27 19:15:48,3681,1,7.25837053571,-1.13078497024
2012-06-27 19:15:49,3682,1,5.80243675595,-1.45593377976
2012-06-27 19:15:50,3683,1,4.35167410714,-1.45076264881
2012-06-27 19:15:51,3684,1,3.27542782738,-1.07624627976
2012-06-27 19:15:52,3685,1,2.74579613095,-0.529631696429
2012-06-27 19:15:53,3686,1,2.728125,-0.0176711309524
2012-06-27 19:15:54,3687,1,3.16179315476,0.433668154762
2012-06-27 19:15:55,3688,1,4.0951078869,0.933314732143
2012-06-27 19:15:56,3689,1,5.61223958333,1.51713169643
2012-06-27 19:15:57,3690,1,7.62040550595,2.00816592262
2012-06-27 19:15:58,3691,1,9.7533110119,2.13290550595
2012-06-27 19:15:59,3692,1,11.5394903274,1.78617931548
2012-06-27 19:16:00,3693,1,12.6521949405,1.1127046131
2012-06-27 19:16:01,3694,1,12.9804315476,0.328236607143
2012-06-27 19:16:02,3695,1,12.5214285714,-0.45900297619
2012-06-27 19:16:03,3696,1,11.3147321429,-1.20669642857
2012-06-27 19:16:04,3697,1,9.56889880952,-1.74583333333
2012-06-27 19:16:05,3698,1,7.84397321429,-1.72492559524
2012-06-27 19:16:06,3699,1,6.96763392857,-0.876339285714
2012-06-27 19:16:07,3700,1,7.56949404762,0.601860119048
2012-06-27 19:16:08,3701,1,9.6025297619,2.03303571429
2012-06-27 19:16:09,3702,1,12.3636904762,2.76116071429
2012-06-27 19:16:10,3703,1,14.9938244048,2.63013392857
2012-06-27 19:16:11,3704,1,16.9538690476,1.96004464286
2012-06-27 19:16:12,3705,1,18.155952381,1.20208333333
2012-06-27 19:16:13,3706,1,18.8114583333,0.655505952381
2012-06-27 19:16:14,3707,1,19.2020089286,0.390550595238
2012-06-27 19:16:15,3708,1,19.5385416667,0.336532738095
2012-06-27 19:16:16,3709,1,19.9091517857,0.370610119048
2012-06-27 19:16:17,3710,1,20.2297619048,0.320610119048
2012-06-27 19:16:18,3711,1,20.2442708333,0.0145089285714
2012-06-27 19:16:19,3712,1,19.6791666667,-0.565104166667
2012-06-27 19:16:20,3713,1,18.4700892857,-1.20907738095
2012-06-27 19:16:21,3714,1,16.8625,-1.60758928571
2012-06-27 19:16:22,3715,1,15.3235119048,-1.53898809524
2012-06-27 19:16:23,3716,1,14.3255208333,-0.997991071429
2012-06-27 19:16:24,3717,1,14.0949404762,-0.230580357143
2012-06-27 19:16:25,3718,1,14.4953869048,0.400446428571
2012-06-27 19:16:26,3719,1,15.1579613095,0.662574404762
2012-06-27 19:16:27,3720,1,15.740625,0.582663690476
2012-06-27 19:16:28,3721,1,16.1183035714,0.377678571429
2012-06-27 19:16:29,3722,1,16.3932291667,0.274925595238
2012-06-27 19:16:30,3723,1,16.7418154762,0.348586309524
2012-06-27 19:16:31,3724,1,17.2697172619,0.527901785714
2012-06-27 19:16:32,3725,1,17.9986607143,0.728943452381
2012-06-27 19:16:33,3726,1,18.8890625,0.890401785714
2012-06-27 19:16:34,3727,1,19.8240327381,0.934970238095
2012-06-27 19:16:35,3728,1,20.6223958333,0.798363095238
2012-06-27 19:16:36,3729,1,21.0988095238,0.476413690476
2012-06-27 19:16:37,3730,1,21.1302083333,0.0313988095238
2012-06-27 19:16:38,3731,1,20.7063244048,-0.423883928571
2012-06-27 19:16:39,3732,1,19.926264881,-0.78005952381
2012-06-27 19:16:40,3733,1,18.9226934524,-1.00357142857
2012-06-27 19:16:41,3734,1,17.740922619,-1.18177083333
2012-06-27 19:16:42,3735,1,16.2316964286,-1.50922619048
2012-06-27 19:16:43,3736,1,14.0892113095,-2.14248511905
2012-06-27 19:16:44,3737,1,11.1159970238,-2.97321428571
2012-06-27 19:16:45,3738,1,7.54791666667,-3.56808035714
2012-06-27 19:16:46,3739,1,4.15833333333,-3.38958333333
2012-06-27 19:16:47,3740,1,0.0,-4.15833333333
2012-06-27 19:17:16,3769,29,0.0,0.0
2012-06-27 19:17:17,3770,1,3.51651785714,3.51651785714
2012-06-27 19:17:18,3771,1,6.5359375,3.01941964286
2012-06-27 19:17:19,3772,1,9.91860119048,3.38266369048
2012-06-27 19:17:20,3773,1,12.8782738095,2.95967261905
2012-06-27 19:17:21,3774,1,14.989360119,2.11108630952
2012-06-27 19:17:22,3775,1,16.2787946429,1.28943452381
2012-06-27 19:17:23,3776,1,17.1093005952,0.830505952381
2012-06-27 19:17:24,3777,1,17.9327380952,0.8234375
2012-06-27 19:17:25,3778,1,19.0389880952,1.10625
2012-06-27 19:17:26,3779,1,20.3929315476,1.35394345238
2012-06-27 19:17:27,3780,1,21.6876488095,1.2947172619
2012-06-27 19:17:28,3781,1,22.6072172619,0.919568452381
2012-06-27 19:17:29,3782,1,23.0792410714,0.472023809524
2012-06-27 19:17:30,3783,1,23.3107142857,0.231473214286
2012-06-27 19:17:31,3784,1,23.5946428571,0.283928571429
2012-06-27 19:17:32,3785,1,24.0702380952,0.475595238095
2012-06-27 19:17:33,3786,1,24.6489583333,0.578720238095
2012-06-27 19:17:34,3787,1,25.1337797619,0.484821428572
2012-06-27 19:17:35,3788,1,25.3839285714,0.250148809524
2012-06-27 19:17:36,3789,1,25.3816964286,-0.0022321428572
2012-06-27 19:17:37,3790,1,25.1813988095,-0.200297619048
2012-06-27 19:17:38,3791,1,24.8424107143,-0.338988095238
2012-06-27 19:17:39,3792,1,24.4194196429,-0.422991071429
2012-06-27 19:17:40,3793,1,23.921875,-0.497544642857
2012-06-27 19:17:41,3794,1,23.1658482143,-0.756026785714
2012-06-27 19:17:42,3795,1,21.701264881,-1.46458333333
2012-06-27 19:17:43,3796,1,19.072362013,-2.62890286797
2012-06-27 19:17:44,3797,1,15.2877637987,-3.78459821429
2012-06-27 19:17:45,3798,1,11.0142992424,-4.27346455628
2012-06-27 19:17:46,3799,1,7.23643804113,-3.7778612013
2012-06-27 19:17:47,3800,1,4.66112012987,-2.57531791126
2012-06-27 19:17:48,3801,1,3.35938852814,-1.30173160173
2012-06-27 19:17:49,3802,1,2.90423430736,-0.455154220779
2012-06-27 19:17:50,3803,1,2.80577651515,-0.0984577922078
2012-06-27 19:17:51,3804,1,2.79237689394,-0.0133996212121
2012-06-27 19:17:52,3805,1,2.78194669913,-0.0104301948052
2012-06-27 19:17:53,3806,1,2.76218885281,-0.0197578463204
2012-06-27 19:17:54,3807,1,2.73483495671,-0.0273538961039
2012-06-27 19:17:55,3808,1,2.69974972944,-0.0350852272727
2012-06-27 19:17:56,3809,1,2.66439393939,-0.0353557900433
2012-06-27 19:17:57,3810,1,2.67964015152,0.0152462121212
2012-06-27 19:17:58,3811,1,2.82984307359,0.150202922078
2012-06-27 19:17:59,3812,1,3.10206980519,0.272226731602
2012-06-27 19:18:00,3813,1,3.24527867965,0.143208874459
2012-06-27 19:18:01,3814,1,2.89481195887,-0.350466720779
2012-06-27 19:18:02,3815,1,2.02535849567,-0.869453463203
2012-06-27 19:18:03,3816,1,0.0,-2.02535849567
2012-06-27 19:18:45,3858,42,0.0,0.0
2012-06-27 19:18:46,3859,1,2.11599702381,2.11599702381
2012-06-27 19:18:47,3860,1,2.90327380952,0.787276785714
2012-06-27 19:18:48,3861,1,2.84151785714,-0.061755952381
2012-06-27 19:18:49,3862,1,1.98831845238,-0.853199404762
2012-06-27 19:18:50,3863,1,0.0,-1.98831845238
2012-06-27 19:19:16,3889,26,0.0,0.0
2012-06-27 19:19:17,3890,1,2.60714285714,2.60714285714
2012-06-27 19:19:18,3891,1,4.60930059524,2.0021577381
2012-06-27 19:19:19,3892,1,6.77953869048,2.17023809524
2012-06-27 19:19:20,3893,1,8.76078869048,1.98125
2012-06-27 19:19:21,3894,1,10.3916666667,1.63087797619
2012-06-27 19:19:22,3895,1,11.6380208333,1.24635416667
2012-06-27 19:19:23,3896,1,12.5313244048,0.893303571429
2012-06-27 19:19:24,3897,1,13.134077381,0.60275297619
2012-06-27 19:19:25,3898,1,13.5223958333,0.388318452381
2012-06-27 19:19:26,3899,1,13.7516369048,0.229241071429
2012-06-27 19:19:27,3900,1,13.8529017857,0.101264880952
2012-06-27 19:19:28,3901,1,13.8745535714,0.0216517857143
2012-06-27 19:19:29,3902,1,13.8869791667,0.0124255952381
2012-06-27 19:19:30,3903,1,13.9197916667,0.0328125
2012-06-27 19:19:31,3904,1,13.909672619,-0.0101190476191
2012-06-27 19:19:32,3905,1,13.7082589286,-0.201413690476
2012-06-27 19:19:33,3906,1,13.1047619048,-0.603497023809
2012-06-27 19:19:34,3907,1,11.885639881,-1.21912202381
2012-06-27 19:19:35,3908,1,9.99806547619,-1.88757440476
2012-06-27 19:19:36,3909,1,7.69501488095,-2.30305059524
2012-06-27 19:19:37,3910,1,5.48757440476,-2.20744047619
2012-06-27 19:19:38,3911,1,3.9525297619,-1.53504464286
2012-06-27 19:19:39,3912,1,3.5240327381,-0.42849702381
2012-06-27 19:19:40,3913,1,4.33162202381,0.807589285714
2012-06-27 19:19:41,3914,1,6.17254464286,1.84092261905
2012-06-27 19:19:42,3915,1,8.63645833333,2.46391369048
2012-06-27 19:19:43,3916,1,11.2779017857,2.64144345238
2012-06-27 19:19:44,3917,1,13.7776785714,2.49977678571
2012-06-27 19:19:45,3918,1,16.0206845238,2.24300595238
2012-06-27 19:19:46,3919,1,18.0046130952,1.98392857143
2012-06-27 19:19:47,3920,1,19.6929315476,1.68831845238
2012-06-27 19:19:48,3921,1,20.9607142857,1.2677827381
2012-06-27 19:19:49,3922,1,21.6046130952,0.643898809524
2012-06-27 19:19:50,3923,1,21.409672619,-0.19494047619
2012-06-27 19:19:51,3924,1,20.3125,-1.09717261905
2012-06-27 19:19:52,3925,1,18.5305803571,-1.78191964286
2012-06-27 19:19:53,3926,1,16.5264880952,-2.0040922619
2012-06-27 19:19:54,3927,1,14.8664434524,-1.66004464286
2012-06-27 19:19:55,3928,1,14.0130952381,-0.853348214286
2012-06-27 19:19:56,3929,1,14.1094494048,0.0963541666667
2012-06-27 19:19:57,3930,1,14.9429315476,0.833482142857
2012-06-27 19:19:58,3931,1,16.0835565476,1.140625
2012-06-27 19:19:59,3932,1,17.0176339286,0.934077380952
2012-06-27 19:20:00,3933,1,17.2736607143,0.256026785714
2012-06-27 19:20:01,3934,1,16.5511160714,-0.722544642857
2012-06-27 19:20:02,3935,1,14.7657738095,-1.7853422619
2012-06-27 19:20:03,3936,1,12.0947916667,-2.67098214286
2012-06-27 19:20:04,3937,1,9.09955357143,-2.99523809524
2012-06-27 19:20:05,3938,1,6.63385416667,-2.46569940476
2012-06-27 19:20:06,3939,1,5.33787202381,-1.29598214286
2012-06-27 19:20:07,3940,1,5.17790178571,-0.159970238095
2012-06-27 19:20:08,3941,1,5.55416666667,0.376264880952
2012-06-27 19:20:09,3942,1,5.82931547619,0.275148809524
2012-06-27 19:20:10,3943,1,5.775,-0.0543154761905
2012-06-27 19:20:11,3944,1,5.59352678571,-0.181473214286
2012-06-27 19:20:12,3945,1,5.55691964286,-0.0366071428572
2012-06-27 19:20:13,3946,1,5.71592261905,0.15900297619
2012-06-27 19:20:14,3947,1,5.97209821429,0.256175595238
2012-06-27 19:20:15,3948,1,6.23671343537,0.264615221088
2012-06-27 19:20:16,3949,1,6.39890518707,0.162191751701
2012-06-27 19:20:17,3950,1,6.27004676871,-0.128858418367
2012-06-27 19:20:18,3951,1,5.71051232993,-0.559534438776
2012-06-27 19:20:19,3952,1,4.8018707483,-0.908641581633
2012-06-27 19:20:20,3953,1,3.82737032313,-0.97450042517
2012-06-27 19:20:21,3954,1,3.08542729592,-0.741943027211
2012-06-27 19:20:22,3955,1,2.71308460884,-0.372342687075
2012-06-27 19:20:23,3956,1,2.63274872449,-0.0803358843537
2012-06-27 19:20:24,3957,1,2.67573341837,0.0429846938775
2012-06-27 19:20:25,3958,1,2.76571003401,0.0899766156463
2012-06-27 19:20:26,3959,1,2.92856079932,0.162850765306
2012-06-27 19:20:27,3960,1,3.15789753401,0.229336734694
2012-06-27 19:20:28,3961,1,3.38533163265,0.227434098639
2012-06-27 19:20:29,3962,1,3.62884778912,0.243516156463
2012-06-27 19:20:30,3963,1,4.13910501701,0.510257227891
2012-06-27 19:20:31,3964,1,5.30146683673,1.16236181973
2012-06-27 19:20:32,3965,1,7.28352465986,1.98205782313
2012-06-27 19:20:33,3966,1,9.76830357143,2.48477891156
2012-06-27 19:20:34,3967,1,12.0702380952,2.30193452381
2012-06-27 19:20:35,3968,1,13.548139881,1.47790178571
2012-06-27 19:20:36,3969,1,14.015327381,0.4671875
2012-06-27 19:20:37,3970,1,13.854389881,-0.1609375
2012-06-27 19:20:38,3971,1,13.7285714286,-0.125818452381
2012-06-27 19:20:39,3972,1,14.1313988095,0.402827380952
2012-06-27 19:20:40,3973,1,15.1395089286,1.00811011905
2012-06-27 19:20:41,3974,1,16.4845238095,1.34501488095
2012-06-27 19:20:42,3975,1,17.8100446429,1.32552083333
2012-06-27 19:20:43,3976,1,18.9098958333,1.09985119048
2012-06-27 19:20:44,3977,1,19.7738839286,0.863988095238
2012-06-27 19:20:45,3978,1,20.4378720238,0.663988095238
2012-06-27 19:20:46,3979,1,20.859375,0.42150297619
2012-06-27 19:20:47,3980,1,20.9771577381,0.117782738095
2012-06-27 19:20:48,3981,1,20.8215029762,-0.155654761905
2012-06-27 19:20:49,3982,1,20.5016369048,-0.319866071429
2012-06-27 19:20:50,3983,1,20.0995535714,-0.402083333333
2012-06-27 19:20:51,3984,1,19.5414434524,-0.558110119048
2012-06-27 19:20:52,3985,1,18.508110119,-1.03333333333
2012-06-27 19:20:53,3986,1,16.5819196429,-1.92619047619
2012-06-27 19:20:54,3987,1,13.6702380952,-2.91168154762
2012-06-27 19:20:55,3988,1,10.304389881,-3.36584821429
2012-06-27 19:20:56,3989,1,7.45275297619,-2.85163690476
2012-06-27 19:20:57,3990,1,5.94032738095,-1.51242559524
2012-06-27 19:20:58,3991,1,5.88385416667,-0.0564732142857
2012-06-27 19:20:59,3992,1,6.6259672619,0.742113095238
2012-06-27 19:21:00,3993,1,7.25141369048,0.625446428571
2012-06-27 19:21:01,3994,1,7.18988095238,-0.0615327380952
2012-06-27 19:21:02,3995,1,6.44025297619,-0.74962797619
2012-06-27 19:21:03,3996,1,5.39561011905,-1.04464285714
2012-06-27 19:21:04,3997,1,4.5125,-0.883110119048
2012-06-27 19:21:05,3998,1,4.03854166667,-0.473958333333
2012-06-27 19:21:06,3999,1,3.89404761905,-0.144494047619
2012-06-27 19:21:07,4000,1,3.78898809524,-0.10505952381
2012-06-27 19:21:08,4001,1,3.51941964286,-0.269568452381
2012-06-27 19:21:09,4002,1,3.18095238095,-0.338467261905
2012-06-27 19:21:10,4003,1,3.12671130952,-0.0542410714286
2012-06-27 19:21:11,4004,1,3.696875,0.570163690476
2012-06-27 19:21:12,4005,1,4.94367559524,1.24680059524
2012-06-27 19:21:13,4006,1,6.65416666667,1.71049107143
2012-06-27 19:21:14,4007,1,8.59680059524,1.94263392857
2012-06-27 19:21:15,4008,1,10.6450892857,2.04828869048
2012-06-27 19:21:16,4009,1,12.7212053571,2.07611607143
2012-06-27 19:21:17,4010,1,14.7203125,1.99910714286
2012-06-27 19:21:18,4011,1,16.5053571429,1.78504464286
2012-06-27 19:21:19,4012,1,17.9740327381,1.46867559524
2012-06-27 19:21:20,4013,1,19.0932291667,1.11919642857
2012-06-27 19:21:21,4014,1,19.8370535714,0.743824404762
2012-06-27 19:21:22,4015,1,20.1233630952,0.286309523809
2012-06-27 19:21:23,4016,1,19.7947916667,-0.328571428571
2012-06-27 19:21:24,4017,1,18.6290922619,-1.16569940476
2012-06-27 19:21:25,4018,1,16.4758928571,-2.15319940476
2012-06-27 19:21:26,4019,1,13.5378720238,-2.93802083333
2012-06-27 19:21:27,4020,1,10.4942708333,-3.04360119048
2012-06-27 19:21:28,4021,1,8.17418154762,-2.32008928571
2012-06-27 19:21:29,4022,1,7.02194940476,-1.15223214286
2012-06-27 19:21:30,4023,1,6.9212797619,-0.100669642857
2012-06-27 19:21:31,4024,1,7.50691964286,0.585639880952
2012-06-27 19:21:32,4025,1,8.51145833333,1.00453869048
2012-06-27 19:21:33,4026,1,9.78839285714,1.27693452381
2012-06-27 19:21:34,4027,1,11.163764881,1.37537202381
2012-06-27 19:21:35,4028,1,12.4179315476,1.25416666667
2012-06-27 19:21:36,4029,1,13.4383184524,1.02038690476
2012-06-27 19:21:37,4030,1,14.3282738095,0.889955357143
2012-06-27 19:21:38,4031,1,15.2839285714,0.955654761905
2012-06-27 19:21:39,4032,1,16.4040178571,1.12008928571
2012-06-27 19:21:40,4033,1,17.6763392857,1.27232142857
2012-06-27 19:21:41,4034,1,19.0154017857,1.3390625
2012-06-27 19:21:42,4035,1,20.244047619,1.22864583333
2012-06-27 19:21:43,4036,1,21.1665178571,0.922470238095
2012-06-27 19:21:44,4037,1,21.71875,0.552232142857
2012-06-27 19:21:45,4038,1,22.0324404762,0.313690476191
2012-06-27 19:21:46,4039,1,22.3218005952,0.289360119048
2012-06-27 19:21:47,4040,1,22.626860119,0.30505952381
2012-06-27 19:21:48,4041,1,22.6633184524,0.0364583333334
2012-06-27 19:21:49,4042,1,21.9564732143,-0.706845238095
2012-06-27 19:21:50,4043,1,20.1011160714,-1.85535714286
2012-06-27 19:21:51,4044,1,16.9742559524,-3.12686011905
2012-06-27 19:21:52,4045,1,12.8543154762,-4.11994047619
2012-06-27 19:21:53,4046,1,8.39523809524,-4.45907738095
2012-06-27 19:21:54,4047,1,4.48831845238,-3.90691964286
2012-06-27 19:21:55,4048,1,0.0,-4.48831845238
2012-06-27 19:22:38,4091,43,0.0,0.0
2012-06-27 19:22:39,4092,1,3.38794642857,3.38794642857
2012-06-27 19:22:40,4093,1,6.54360119048,3.1556547619
2012-06-27 19:22:41,4094,1,10.2556547619,3.71205357143
2012-06-27 19:22:42,4095,1,13.7139880952,3.45833333333
2012-06-27 19:22:43,4096,1,16.4607142857,2.74672619048
2012-06-27 19:22:44,4097,1,18.4719494048,2.01123511905
2012-06-27 19:22:45,4098,1,20.003125,1.53117559524
2012-06-27 19:22:46,4099,1,21.2902529762,1.28712797619
2012-06-27 19:22:47,4100,1,22.3961309524,1.10587797619
2012-06-27 19:22:48,4101,1,23.3031994048,0.907068452381
2012-06-27 19:22:49,4102,1,24.0300595238,0.726860119048
2012-06-27 19:22:50,4103,1,24.6236607143,0.593601190476
2012-06-27 19:22:51,4104,1,25.1147321429,0.491071428571
2012-06-27 19:22:52,4105,1,25.5188244048,0.404092261905
2012-06-27 19:22:53,4106,1,25.8497767857,0.330952380952
2012-06-27 19:22:54,4107,1,26.1259672619,0.276190476191
2012-06-27 19:22:55,4108,1,26.3808779762,0.254910714286
2012-06-27 19:22:56,4109,1,26.6461309524,0.26525297619
2012-06-27 19:22:57,4110,1,26.9114583333,0.265327380952
2012-06-27 19:22:58,4111,1,27.124702381,0.213244047619
2012-06-27 19:22:59,4112,1,27.2311755952,0.106473214286
2012-06-27 19:23:00,4113,1,27.2007440476,-0.0304315476191
2012-06-27 19:23:01,4114,1,27.0430803571,-0.157663690476
2012-06-27 19:23:02,4115,1,26.8253720238,-0.217708333333
2012-06-27 19:23:03,4116,1,26.6485119048,-0.176860119048
2012-06-27 19:23:04,4117,1,26.5741071429,-0.0744047619048
2012-06-27 19:23:05,4118,1,26.5838541667,0.0097470238096
2012-06-27 19:23:06,4119,1,26.6014880952,0.0176339285714
2012-06-27 19:23:07,4120,1,26.5468005952,-0.0546875
2012-06-27 19:23:08,4121,1,26.4119047619,-0.134895833333
2012-06-27 19:23:09,4122,1,26.2945684524,-0.117336309524
2012-06-27 19:23:10,4123,1,26.3194940476,0.024925595238
2012-06-27 19:23:11,4124,1,26.5244791667,0.204985119048
2012-06-27 19:23:12,4125,1,26.830952381,0.306473214286
2012-06-27 19:23:13,4126,1,27.1090029762,0.278050595238
2012-06-27 19:23:14,4127,1,27.2621279762,0.153125
2012-06-27 19:23:15,4128,1,27.2566964286,-0.0054315476191
2012-06-27 19:23:16,4129,1,27.0941964286,-0.1625
2012-06-27 19:23:17,4130,1,26.7911458333,-0.303050595238
2012-06-27 19:23:18,4131,1,26.3922619048,-0.398883928571
2012-06-27 19:23:19,4132,1,25.9727678571,-0.419494047619
2012-06-27 19:23:20,4133,1,25.6032738095,-0.369494047619
2012-06-27 19:23:21,4134,1,25.3108630952,-0.292410714286
2012-06-27 19:23:22,4135,1,25.1017857143,-0.209077380952
2012-06-27 19:23:23,4136,1,25.0328125,-0.0689732142857
2012-06-27 19:23:24,4137,1,25.1915922619,0.158779761905
2012-06-27 19:23:25,4138,1,25.568452381,0.376860119048
2012-06-27 19:23:26,4139,1,26.0055803571,0.43712797619
2012-06-27 19:23:27,4140,1,26.2944940476,0.288913690476
2012-06-27 19:23:28,4141,1,26.3113095238,0.0168154761905
2012-06-27 19:23:29,4142,1,26.0625744048,-0.248735119048
2012-06-27 19:23:30,4143,1,25.5633184524,-0.499255952381
2012-06-27 19:23:31,4144,1,24.6639880952,-0.899330357143
2012-06-27 19:23:32,4145,1,23.047296627,-1.61669146825
2012-06-27 19:23:33,4146,1,20.4086929563,-2.63860367063
2012-06-27 19:23:34,4147,1,16.7199404762,-3.68875248016
2012-06-27 19:23:35,4148,1,12.4386284722,-4.28131200397
2012-06-27 19:23:36,4149,1,8.3988343254,-4.03979414683
2012-06-27 19:23:37,4150,1,5.36696428571,-3.03187003968
2012-06-27 19:23:38,4151,1,3.64089781746,-1.72606646825
2012-06-27 19:23:39,4152,1,2.97517361111,-0.665724206349
2012-06-27 19:23:40,4153,1,2.84412202381,-0.131051587302
2012-06-27 19:23:41,4154,1,2.83606150794,-0.00806051587301
2012-06-27 19:23:42,4155,1,2.82085813492,-0.0152033730159
2012-06-27 19:23:43,4156,1,2.81696428571,-0.00389384920635
2012-06-27 19:23:44,4157,1,2.83859126984,0.021626984127
2012-06-27 19:23:45,4158,1,2.87044890873,0.0318576388889
2012-06-27 19:23:46,4159,1,2.89352678571,0.0230778769841
2012-06-27 19:23:47,4160,1,2.90172371032,0.00819692460317
2012-06-27 19:23:48,4161,1,2.90151289683,-0.00021081349206
2012-06-27 19:23:49,4162,1,2.90029761905,-0.00121527777778
2012-06-27 19:23:50,4163,1,2.9,-0.00029761904762
2012-06-27 19:23:51,4164,1,2.89017857143,-0.00982142857143
2012-06-27 19:23:52,4165,1,2.84330357143,-0.046875
2012-06-27 19:23:53,4166,1,2.79523809524,-0.0480654761905
2012-06-27 19:23:54,4167,1,2.99047619048,0.195238095238
2012-06-27 19:23:55,4168,1,3.84479166667,0.85431547619
2012-06-27 19:23:56,4169,1,5.6677827381,1.82299107143
2012-06-27 19:23:57,4170,1,8.4134672619,2.74568452381
2012-06-27 19:23:58,4171,1,11.6337797619,3.2203125
2012-06-27 19:23:59,4172,1,14.6542410714,3.02046130952
2012-06-27 19:24:00,4173,1,16.8667410714,2.2125
2012-06-27 19:24:01,4174,1,17.8691964286,1.00245535714
2012-06-27 19:24:02,4175,1,17.4053571429,-0.463839285714
2012-06-27 19:24:03,4176,1,15.3714285714,-2.03392857143
2012-06-27 19:24:04,4177,1,11.9889880952,-3.38244047619
2012-06-27 19:24:05,4178,1,7.93735119048,-4.05163690476
2012-06-27 19:24:06,4179,1,4.24758184524,-3.68976934524
2012-06-27 19:24:07,4180,1,0.0,-4.24758184524
2012-06-27 19:24:52,4225,45,0.0,0.0
2012-06-27 19:24:53,4226,1,3.12604166667,3.12604166667
2012-06-27 19:24:54,4227,1,5.69285714286,2.56681547619
2012-06-27 19:24:55,4228,1,8.43556547619,2.74270833333
2012-06-27 19:24:56,4229,1,10.6193452381,2.1837797619
2012-06-27 19:24:57,4230,1,11.8494791667,1.23013392857
2012-06-27 19:24:58,4231,1,12.1418526786,0.292373511905
2012-06-27 19:24:59,4232,1,11.8071428571,-0.334709821429
2012-06-27 19:25:00,4233,1,11.2498511905,-0.557291666667
2012-06-27 19:25:01,4234,1,10.8930803571,-0.356770833333
2012-06-27 19:25:02,4235,1,11.1511904762,0.258110119048
2012-06-27 19:25:03,4236,1,12.3122767857,1.16108630952
2012-06-27 19:25:04,4237,1,14.4067708333,2.09449404762
2012-06-27 19:25:05,4238,1,17.1302827381,2.72351190476
2012-06-27 19:25:06,4239,1,19.9272321429,2.79694940476
2012-06-27 19:25:07,4240,1,22.29375,2.36651785714
2012-06-27 19:25:08,4241,1,24.0024553571,1.70870535714
2012-06-27 19:25:09,4242,1,25.0519345238,1.04947916667
2012-06-27 19:25:10,4243,1,25.5415922619,0.489657738095
2012-06-27 19:25:11,4244,1,25.5991815476,0.0575892857142
2012-06-27 19:25:12,4245,1,25.3246279762,-0.274553571429
2012-06-27 19:25:13,4246,1,24.7485119048,-0.576116071429
2012-06-27 19:25:14,4247,1,23.8132440476,-0.935267857143
2012-06-27 19:25:15,4248,1,22.3933779762,-1.41986607143
2012-06-27 19:25:16,4249,1,20.3517361111,-2.04164186508
2012-06-27 19:25:17,4250,1,17.6025049603,-2.74923115079
2012-06-27 19:25:18,4251,1,14.2060267857,-3.3964781746
2012-06-27 19:25:19,4252,1,10.4821676587,-3.72385912698
2012-06-27 19:25:20,4253,1,6.9917906746,-3.49037698413
2012-06-27 19:25:21,4254,1,4.30401785714,-2.68777281746
2012-06-27 19:25:22,4255,1,2.7064484127,-1.59756944444
2012-06-27 19:25:23,4256,1,2.07547123016,-0.63097718254
2012-06-27 19:25:24,4257,1,2.00230654762,-0.0731646825397
2012-06-27 19:25:25,4258,1,2.09079861111,0.0884920634921
2012-06-27 19:25:26,4259,1,2.16091269841,0.0701140873016
2012-06-27 19:25:27,4260,1,2.19873511905,0.0378224206349
2012-06-27 19:25:28,4261,1,2.20339781746,0.0046626984127
2012-06-27 19:25:29,4262,1,2.14608134921,-0.057316468254
2012-06-27 19:25:30,4263,1,2.14523809524,-0.00084325396826
2012-06-27 19:25:31,4264,1,2.67896825397,0.53373015873
2012-06-27 19:25:32,4265,1,4.36455853175,1.68559027778
2012-06-27 19:25:33,4266,1,7.36212797619,2.99756944444
2012-06-27 19:25:34,4267,1,11.1181795635,3.7560515873
2012-06-27 19:25:35,4268,1,14.6993055556,3.58112599206
2012-06-27 19:25:36,4269,1,17.3709821429,2.6716765873
2012-06-27 19:25:37,4270,1,19.0150297619,1.64404761905
2012-06-27 19:25:38,4271,1,19.973139881,0.958110119048
2012-06-27 19:25:39,4272,1,20.4938244048,0.520684523809
2012-06-27 19:25:40,4273,1,20.537797619,0.0439732142857
2012-06-27 19:25:41,4274,1,20.0195684524,-0.518229166667
2012-06-27 19:25:42,4275,1,18.9697916667,-1.04977678571
2012-06-27 19:25:43,4276,1,17.5426339286,-1.4271577381
2012-06-27 19:25:44,4277,1,16.0151041667,-1.5275297619
2012-06-27 19:25:45,4278,1,14.7294642857,-1.28563988095
2012-06-27 19:25:46,4279,1,14.0023809524,-0.727083333333
2012-06-27 19:25:47,4280,1,14.0494047619,0.0470238095238
2012-06-27 19:25:48,4281,1,14.857514881,0.808110119048
2012-06-27 19:25:49,4282,1,16.1005208333,1.24300595238
2012-06-27 19:25:50,4283,1,17.2758184524,1.17529761905
2012-06-27 19:25:51,4284,1,17.984375,0.708556547619
2012-06-27 19:25:52,4285,1,18.1561011905,0.171726190476
2012-06-27 19:25:53,4286,1,18.0886160714,-0.0674851190476
2012-06-27 19:25:54,4287,1,18.2472470238,0.158630952381
2012-06-27 19:25:55,4288,1,18.970610119,0.723363095238
2012-06-27 19:25:56,4289,1,20.3054315476,1.33482142857
2012-06-27 19:25:57,4290,1,22.012202381,1.70677083333
2012-06-27 19:25:58,4291,1,23.6503720238,1.63816964286
2012-06-27 19:25:59,4292,1,24.6749255952,1.02455357143
2012-06-27 19:26:00,4293,1,24.5508184524,-0.124107142857
2012-06-27 19:26:01,4294,1,22.9134300595,-1.63738839286
2012-06-27 19:26:02,4295,1,19.7457589286,-3.16767113095
2012-06-27 19:26:03,4296,1,15.5079613095,-4.23779761905
2012-06-27 19:26:04,4297,1,11.1206845238,-4.38727678571
2012-06-27 19:26:05,4298,1,7.69691220238,-3.42377232143
2012-06-27 19:26:06,4299,1,6.07046130952,-1.62645089286
2012-06-27 19:26:07,4300,1,6.4283110119,0.357849702381
2012-06-27 19:26:08,4301,1,8.37730654762,1.94899553571
2012-06-27 19:26:09,4302,1,11.2979166667,2.92061011905
2012-06-27 19:26:10,4303,1,14.5430803571,3.24516369048
2012-06-27 19:26:11,4304,1,17.4628348214,2.91975446429
2012-06-27 19:26:12,4305,1,19.4863095238,2.02347470238
2012-06-27 19:26:13,4306,1,20.2907738095,0.804464285714
2012-06-27 19:26:14,4307,1,19.9785714286,-0.312202380952
2012-06-27 19:26:15,4308,1,19.0323660714,-0.946205357143
2012-06-27 19:26:16,4309,1,17.9427827381,-1.08958333333
2012-06-27 19:26:17,4310,1,16.926860119,-1.01592261905
2012-06-27 19:26:18,4311,1,16.0377232143,-0.889136904762
2012-06-27 19:26:19,4312,1,15.3510416667,-0.686681547619
2012-06-27 19:26:20,4313,1,14.9298363095,-0.421205357143
2012-06-27 19:26:21,4314,1,14.7238095238,-0.206026785714
2012-06-27 19:26:22,4315,1,14.6011904762,-0.122619047619
2012-06-27 19:26:23,4316,1,14.3861458333,-0.215044642857
2012-06-27 19:26:24,4317,1,13.8058556548,-0.580290178571
2012-06-27 19:26:25,4318,1,12.5569940476,-1.24886160714
2012-06-27 19:26:26,4319,1,10.5537276786,-2.00326636905
2012-06-27 19:26:27,4320,1,8.10290178571,-2.45082589286
2012-06-27 19:26:28,4321,1,5.80949404762,-2.2934077381
2012-06-27 19:26:29,4322,1,4.21498511905,-1.59450892857
2012-06-27 19:26:30,4323,1,3.42945684524,-0.78552827381
2012-06-27 19:26:31,4324,1,3.1462202381,-0.283236607143
2012-06-27 19:26:32,4325,1,3.00470982143,-0.141510416667
2012-06-27 19:26:33,4326,1,2.84270833333,-0.162001488095
2012-06-27 19:26:34,4327,1,2.6470014881,-0.195706845238
2012-06-27 19:26:35,4328,1,2.44098214286,-0.206019345238
2012-06-27 19:26:36,4329,1,2.28073660714,-0.160245535714
2012-06-27 19:26:37,4330,1,2.27578869048,-0.00494791666667
2012-06-27 19:26:38,4331,1,2.55821428571,0.282425595238
2012-06-27 19:26:39,4332,1,3.23616071429,0.677946428571
2012-06-27 19:26:40,4333,1,4.36710565476,1.13094494048
2012-06-27 19:26:41,4334,1,5.9640625,1.59695684524
2012-06-27 19:26:42,4335,1,8.0014360119,2.0373735119
2012-06-27 19:26:43,4336,1,10.3651934524,2.36375744048
2012-06-27 19:26:44,4337,1,12.8209821429,2.45578869048
2012-06-27 19:26:45,4338,1,15.0806547619,2.25967261905
2012-06-27 19:26:46,4339,1,16.8906994048,1.81004464286
2012-06-27 19:26:47,4340,1,18.0832589286,1.19255952381
2012-06-27 19:26:48,4341,1,18.5886160714,0.505357142857
2012-06-27 19:26:49,4342,1,18.4134672619,-0.175148809524
2012-06-27 19:26:50,4343,1,17.6552827381,-0.75818452381
2012-06-27 19:26:51,4344,1,16.5439732143,-1.11130952381
2012-06-27 19:26:52,4345,1,15.4101934524,-1.1337797619
2012-06-27 19:26:53,4346,1,14.5941220238,-0.816071428571
2012-06-27 19:26:54,4347,1,14.3419642857,-0.252157738095
2012-06-27 19:26:55,4348,1,14.706547619,0.364583333333
2012-06-27 19:26:56,4349,1,15.5198660714,0.813318452381
2012-06-27 19:26:57,4350,1,16.4563244048,0.936458333333
2012-06-27 19:26:58,4351,1,17.1441964286,0.68787202381
2012-06-27 19:26:59,4352,1,17.3077380952,0.163541666667
2012-06-27 19:27:00,4353,1,16.8774553571,-0.430282738095
2012-06-27 19:27:01,4354,1,15.9996279762,-0.877827380952
2012-06-27 19:27:02,4355,1,14.9785714286,-1.02105654762
2012-06-27 19:27:03,4356,1,14.1845982143,-0.793973214286
2012-06-27 19:27:04,4357,1,13.9111607143,-0.2734375
2012-06-27 19:27:05,4358,1,14.2384672619,0.327306547619
2012-06-27 19:27:06,4359,1,15.0111607143,0.772693452381
2012-06-27 19:27:07,4360,1,15.9519345238,0.940773809524
2012-06-27 19:27:08,4361,1,16.8197916667,0.867857142857
2012-06-27 19:27:09,4362,1,17.4800595238,0.660267857143
2012-06-27 19:27:10,4363,1,17.8491071429,0.369047619048
2012-06-27 19:27:11,4364,1,17.8135416667,-0.0355654761904
2012-06-27 19:27:12,4365,1,17.2476190476,-0.565922619048
2012-06-27 19:27:13,4366,1,16.1642857143,-1.08333333333
2012-06-27 19:27:14,4367,1,14.8308035714,-1.33348214286
2012-06-27 19:27:15,4368,1,13.6517857143,-1.17901785714
2012-06-27 19:27:16,4369,1,12.9628720238,-0.688913690476
2012-06-27 19:27:17,4370,1,12.9541666667,-0.0087053571428
2012-06-27 19:27:18,4371,1,13.6533482143,0.699181547619
2012-06-27 19:27:19,4372,1,14.9043154762,1.2509672619
2012-06-27 19:27:20,4373,1,16.4058035714,1.50148809524
2012-06-27 19:27:21,4374,1,17.8119047619,1.40610119048
2012-06-27 19:27:22,4375,1,18.8755208333,1.06361607143
2012-06-27 19:27:23,4376,1,19.566889881,0.691369047619
2012-06-27 19:27:24,4377,1,20.0325892857,0.465699404762
2012-06-27 19:27:25,4378,1,20.4253720238,0.392782738095
2012-06-27 19:27:26,4379,1,20.7958333333,0.370461309524
2012-06-27 19:27:27,4380,1,21.1107142857,0.314880952381
2012-06-27 19:27:28,4381,1,21.2876488095,0.176934523809
2012-06-27 19:27:29,4382,1,21.1811755952,-0.106473214286
2012-06-27 19:27:30,4383,1,20.6050595238,-0.576116071429
2012-06-27 19:27:31,4384,1,19.4654761905,-1.13958333333
2012-06-27 19:27:32,4385,1,17.8735863095,-1.59188988095
2012-06-27 19:27:33,4386,1,16.0688988095,-1.8046875
2012-06-27 19:27:34,4387,1,14.2722470238,-1.79665178571
2012-06-27 19:27:35,4388,1,12.6697916667,-1.60245535714
2012-06-27 19:27:36,4389,1,11.4838541667,-1.1859375
2012-06-27 19:27:37,4390,1,11.0017113095,-0.482142857143
2012-06-27 19:27:38,4391,1,11.4741815476,0.472470238095
2012-06-27 19:27:39,4392,1,12.8892857143,1.41510416667
2012-06-27 19:27:40,4393,1,14.870014881,1.98072916667
2012-06-27 19:27:41,4394,1,16.8738095238,2.00379464286
2012-06-27 19:27:42,4395,1,18.4763392857,1.6025297619
2012-06-27 19:27:43,4396,1,19.4915922619,1.01525297619
2012-06-27 19:27:44,4397,1,19.9426339286,0.451041666667
2012-06-27 19:27:45,4398,1,19.9769345238,0.0343005952381
2012-06-27 19:27:46,4399,1,19.7909970238,-0.1859375
2012-06-27 19:27:47,4400,1,19.5898809524,-0.201116071428
2012-06-27 19:27:48,4401,1,19.5372767857,-0.0526041666667
2012-06-27 19:27:49,4402,1,19.7040922619,0.166815476191
2012-06-27 19:27:50,4403,1,20.0855654762,0.381473214286
2012-06-27 19:27:51,4404,1,20.6455357143,0.559970238095
2012-06-27 19:27:52,4405,1,21.3165178571,0.670982142857
2012-06-27 19:27:53,4406,1,21.9855654762,0.669047619048
2012-06-27 19:27:54,4407,1,22.4979166667,0.512351190476
2012-06-27 19:27:55,4408,1,22.6817708333,0.183854166667
2012-06-27 19:27:56,4409,1,22.3782738095,-0.303497023809
2012-06-27 19:27:57,4410,1,21.4329613095,-0.9453125
2012-06-27 19:27:58,4411,1,19.6941220238,-1.73883928571
2012-06-27 19:27:59,4412,1,17.101860119,-2.59226190476
2012-06-27 19:28:00,4413,1,13.7882440476,-3.31361607143
2012-06-27 19:28:01,4414,1,10.0723214286,-3.71592261905
2012-06-27 19:28:02,4415,1,6.40751488095,-3.66480654762
2012-06-27 19:28:03,4416,1,3.38452380952,-3.02299107143
2012-06-27 19:28:04,4417,1,0.0,-3.38452380952
2012-06-27 19:28:50,4463,46,0.0,0.0
2012-06-27 19:28:51,4464,1,3.48824404762,3.48824404762
2012-06-27 19:28:52,4465,1,5.98883928571,2.5005952381
2012-06-27 19:28:53,4466,1,8.67626488095,2.68742559524
2012-06-27 19:28:54,4467,1,11.4234375,2.74717261905
2012-06-27 19:28:55,4468,1,14.2979166667,2.87447916667
2012-06-27 19:28:56,4469,1,17.2011160714,2.90319940476
2012-06-27 19:28:57,4470,1,19.8364583333,2.6353422619
2012-06-27 19:28:58,4471,1,21.9279017857,2.09144345238
2012-06-27 19:28:59,4472,1,23.444047619,1.51614583333
2012-06-27 19:29:00,4473,1,24.5486607143,1.10461309524
2012-06-27 19:29:01,4474,1,25.3766369048,0.827976190476
2012-06-27 19:29:02,4475,1,25.9995535714,0.622916666667
2012-06-27 19:29:03,4476,1,26.512202381,0.512648809524
2012-06-27 19:29:04,4477,1,26.9708333333,0.458630952381
2012-06-27 19:29:05,4478,1,27.311235119,0.340401785714
2012-06-27 19:29:06,4479,1,27.4275297619,0.116294642857
2012-06-27 19:29:07,4480,1,27.2888392857,-0.138690476191
2012-06-27 19:29:08,4481,1,26.9383184524,-0.350520833333
2012-06-27 19:29:09,4482,1,26.3783482143,-0.559970238095
2012-06-27 19:29:10,4483,1,25.4991071429,-0.879241071429
2012-06-27 19:29:11,4484,1,24.2032738095,-1.29583333333
2012-06-27 19:29:12,4485,1,22.6040922619,-1.59918154762
2012-06-27 19:29:13,4486,1,21.0477678571,-1.55632440476
2012-06-27 19:29:14,4487,1,19.9319940476,-1.11577380952
2012-06-27 19:29:15,4488,1,19.4676339286,-0.464360119048
2012-06-27 19:29:16,4489,1,19.5537202381,0.0860863095238
2012-06-27 19:29:17,4490,1,19.864360119,0.310639880952
2012-06-27 19:29:18,4491,1,20.0489583333,0.184598214286
2012-06-27 19:29:19,4492,1,19.8447916667,-0.204166666667
2012-06-27 19:29:20,4493,1,19.0292782738,-0.815513392857
2012-06-27 19:29:21,4494,1,17.3764136905,-1.65286458333
2012-06-27 19:29:22,4495,1,14.8247395833,-2.55167410714
2012-06-27 19:29:23,4496,1,11.6916666667,-3.13307291667
2012-06-27 19:29:24,4497,1,8.59125744048,-3.10040922619
2012-06-27 19:29:25,4498,1,6.14047619048,-2.45078125
2012-06-27 19:29:26,4499,1,4.7431547619,-1.39732142857
2012-06-27 19:29:27,4500,1,4.49285714286,-0.250297619048
2012-06-27 19:29:28,4501,1,5.21194196429,0.719084821429
2012-06-27 19:29:29,4502,1,6.62983630952,1.41789434524
2012-06-27 19:29:30,4503,1,8.49401041667,1.86417410714
2012-06-27 19:29:31,4504,1,10.5642857143,2.07027529762
2012-06-27 19:29:32,4505,1,12.6501116071,2.08582589286
2012-06-27 19:29:33,4506,1,14.6254464286,1.97533482143
2012-06-27 19:29:34,4507,1,16.3633184524,1.73787202381
2012-06-27 19:29:35,4508,1,17.8015625,1.43824404762
2012-06-27 19:29:36,4509,1,19.1220238095,1.32046130952
2012-06-27 19:29:37,4510,1,20.7182291667,1.59620535714
2012-06-27 19:29:38,4511,1,22.8763392857,2.15811011905
2012-06-27 19:29:39,4512,1,25.4168154762,2.54047619048
2012-06-27 19:29:40,4513,1,27.5604166667,2.14360119048
2012-06-27 19:29:41,4514,1,28.1645089286,0.604092261905
2012-06-27 19:29:42,4515,1,26.3101190476,-1.85438988095
2012-06-27 19:29:43,4516,1,22.0194940476,-4.290625
2012-06-27 19:29:44,4517,1,16.6216517857,-5.3978422619
2012-06-27 19:29:45,4518,1,12.2694940476,-4.3521577381
2012-06-27 19:29:46,4519,1,10.7869791667,-1.48251488095
2012-06-27 19:29:47,4520,1,12.6946428571,1.90766369048
2012-06-27 19:29:48,4521,1,17.0703869048,4.37574404762
2012-06-27 19:29:49,4522,1,22.260639881,5.19025297619
2012-06-27 19:29:50,4523,1,26.8663690476,4.60572916667
2012-06-27 19:29:51,4524,1,30.2395089286,3.37313988095
2012-06-27 19:29:52,4525,1,32.3037202381,2.06421130952
2012-06-27 19:29:53,4526,1,33.1603422619,0.85662202381
2012-06-27 19:29:54,4527,1,32.9046130952,-0.255729166667
2012-06-27 19:29:55,4528,1,31.6915922619,-1.21302083333
2012-06-27 19:29:56,4529,1,29.8324404762,-1.85915178571
2012-06-27 19:29:57,4530,1,27.7584821429,-2.07395833333
2012-06-27 19:29:58,4531,1,25.8929315476,-1.86555059524
2012-06-27 19:29:59,4532,1,24.5148065476,-1.378125
2012-06-27 19:30:00,4533,1,23.6884672619,-0.826339285714
2012-06-27 19:30:01,4534,1,23.3029017857,-0.385565476191
2012-06-27 19:30:02,4535,1,23.1547619048,-0.148139880952
2012-06-27 19:30:03,4536,1,23.0196428571,-0.135119047619
2012-06-27 19:30:04,4537,1,22.7294642857,-0.290178571429
2012-06-27 19:30:05,4538,1,22.2285714286,-0.500892857143
2012-06-27 19:30:06,4539,1,21.5803571429,-0.648214285714
2012-06-27 19:30:07,4540,1,20.9594494048,-0.620907738095
2012-06-27 19:30:08,4541,1,20.6100446429,-0.349404761905
2012-06-27 19:30:09,4542,1,20.7104910714,0.100446428571
2012-06-27 19:30:10,4543,1,21.2178571429,0.507366071428
2012-06-27 19:30:11,4544,1,21.8501488095,0.632291666667
2012-06-27 19:30:12,4545,1,22.2417410714,0.391592261905
2012-06-27 19:30:13,4546,1,22.1555803571,-0.0861607142857
2012-06-27 19:30:14,4547,1,21.5833333333,-0.57224702381
2012-06-27 19:30:15,4548,1,20.6523065476,-0.931026785714
2012-06-27 19:30:16,4549,1,19.4816220238,-1.17068452381
2012-06-27 19:30:17,4550,1,18.2099702381,-1.27165178571
2012-06-27 19:30:18,4551,1,17.1363095238,-1.07366071429
2012-06-27 19:30:19,4552,1,16.6827380952,-0.453571428571
2012-06-27 19:30:20,4553,1,17.1398809524,0.457142857143
2012-06-27 19:30:21,4554,1,18.4726934524,1.3328125
2012-06-27 19:30:22,4555,1,20.3700892857,1.89739583333
2012-06-27 19:30:23,4556,1,22.4802083333,2.11011904762
2012-06-27 19:30:24,4557,1,24.6219494048,2.14174107143
2012-06-27 19:30:25,4558,1,26.7725446429,2.1505952381
2012-06-27 19:30:26,4559,1,28.9220982143,2.14955357143
2012-06-27 19:30:27,4560,1,31.039360119,2.11726190476
2012-06-27 19:30:28,4561,1,33.1401041667,2.10074404762
2012-06-27 19:30:29,4562,1,35.3027529762,2.16264880952
2012-06-27 19:30:30,4563,1,37.5858630952,2.28311011905
2012-06-27 19:30:31,4564,1,39.9046130952,2.31875
2012-06-27 19:30:32,4565,1,42.0080357143,2.10342261905
2012-06-27 19:30:33,4566,1,43.6486607143,1.640625
2012-06-27 19:30:34,4567,1,44.8043154762,1.1556547619
2012-06-27 19:30:35,4568,1,45.7235119048,0.919196428571
2012-06-27 19:30:36,4569,1,46.735639881,1.01212797619
2012-06-27 19:30:37,4570,1,47.9741071429,1.2384672619
2012-06-27 19:30:38,4571,1,49.2536458333,1.27953869048
2012-06-27 19:30:39,4572,1,50.2432291667,0.989583333333
2012-06-27 19:30:40,4573,1,50.7776785714,0.534449404762
2012-06-27 19:30:41,4574,1,50.9754464286,0.197767857143
2012-06-27 19:30:42,4575,1,51.0708333333,0.0953869047619
2012-06-27 19:30:43,4576,1,51.1988839286,0.128050595238
2012-06-27 19:30:44,4577,1,51.3549107143,0.156026785714
2012-06-27 19:30:45,4578,1,51.509375,0.154464285714
2012-06-27 19:30:46,4579,1,51.7146577381,0.205282738095
2012-06-27 19:30:47,4580,1,52.0916666667,0.377008928571
2012-06-27 19:30:48,4581,1,52.728125,0.636458333333
2012-06-27 19:30:49,4582,1,53.6061755952,0.878050595238
2012-06-27 19:30:50,4583,1,54.6409970238,1.03482142857
2012-06-27 19:30:51,4584,1,55.7770089286,1.13601190476
2012-06-27 19:30:52,4585,1,57.0100446429,1.23303571429
2012-06-27 19:30:53,4586,1,58.3497767857,1.33973214286
2012-06-27 19:30:54,4587,1,59.8447916667,1.49501488095
2012-06-27 19:30:55,4588,1,61.6027529762,1.75796130952
2012-06-27 19:30:56,4589,1,63.6876488095,2.08489583333
2012-06-27 19:30:57,4590,1,66.0067708333,2.31912202381
2012-06-27 19:30:58,4591,1,68.3057291667,2.29895833333
2012-06-27 19:30:59,4592,1,70.2736607143,1.96793154762
2012-06-27 19:31:00,4593,1,71.7347470238,1.46108630952
2012-06-27 19:31:01,4594,1,72.749702381,1.01495535714
2012-06-27 19:31:02,4595,1,73.4816220238,0.731919642857
2012-06-27 19:31:03,4596,1,74.0129464286,0.531324404762
2012-06-27 19:31:04,4597,1,74.3357886905,0.322842261905
2012-06-27 19:31:05,4598,1,74.4375,0.101711309524
2012-06-27 19:31:06,4599,1,74.3147321429,-0.122767857143
2012-06-27 19:31:07,4600,1,73.9689732143,-0.345758928571
2012-06-27 19:31:08,4601,1,73.4694196429,-0.499553571429
2012-06-27 19:31:09,4602,1,72.9691220238,-0.500297619048
2012-06-27 19:31:10,4603,1,72.6326636905,-0.336458333333
2012-06-27 19:31:11,4604,1,72.5526041667,-0.0800595238095
2012-06-27 19:31:12,4605,1,72.6543154762,0.101711309524
2012-06-27 19:31:13,4606,1,72.6898809524,0.0355654761904
2012-06-27 19:31:14,4607,1,72.4142113095,-0.275669642857
2012-06-27 19:31:15,4608,1,71.7520833333,-0.66212797619
2012-06-27 19:31:16,4609,1,70.767485119,-0.984598214286
2012-06-27 19:31:17,4610,1,69.4729910714,-1.29449404762
2012-06-27 19:31:18,4611,1,67.6632440476,-1.80974702381
2012-06-27 19:31:19,4612,1,64.9771577381,-2.68608630952
2012-06-27 19:31:20,4613,1,61.1796130952,-3.79754464286
2012-06-27 19:31:21,4614,1,56.4357142857,-4.74389880952
2012-06-27 19:31:22,4615,1,51.3341517857,-5.1015625
2012-06-27 19:31:23,4616,1,46.5830357143,-4.75111607143
2012-06-27 19:31:24,4617,1,42.6303571429,-3.95267857143
2012-06-27 19:31:25,4618,1,39.5311011905,-3.09925595238
2012-06-27 19:31:26,4619,1,37.0699404762,-2.46116071429
2012-06-27 19:31:27,4620,1,34.964360119,-2.10558035714
2012-06-27 19:31:28,4621,1,33.0071428571,-1.9572172619
2012-06-27 19:31:29,4622,1,31.0763392857,-1.93080357143
2012-06-27 19:31:30,4623,1,29.063764881,-2.01257440476
2012-06-27 19:31:31,4624,1,26.8444196429,-2.2193452381
2012-06-27 19:31:32,4625,1,24.3414434524,-2.50297619048
2012-06-27 19:31:33,4626,1,21.6264136905,-2.7150297619
2012-06-27 19:31:34,4627,1,18.9435267857,-2.68288690476
2012-06-27 19:31:35,4628,1,16.6130208333,-2.33050595238
2012-06-27 19:31:36,4629,1,14.8882440476,-1.72477678571
2012-06-27 19:31:37,4630,1,13.8930059524,-0.995238095238
2012-06-27 19:31:38,4631,1,13.6743303571,-0.218675595238
2012-06-27 19:31:39,4632,1,14.2433035714,0.568973214286
2012-06-27 19:31:40,4633,1,15.5077380952,1.26443452381
2012-06-27 19:31:41,4634,1,17.216889881,1.70915178571
2012-06-27 19:31:42,4635,1,19.0530505952,1.83616071429
2012-06-27 19:31:43,4636,1,20.7953125,1.74226190476
2012-06-27 19:31:44,4637,1,22.3857142857,1.59040178571
2012-06-27 19:31:45,4638,1,23.8213541667,1.43563988095
2012-06-27 19:31:46,4639,1,24.9984375,1.17708333333
2012-06-27 19:31:47,4640,1,25.7537946429,0.755357142857
2012-06-27 19:31:48,4641,1,26.095610119,0.341815476191
2012-06-27 19:31:49,4642,1,26.2814732143,0.185863095238
2012-06-27 19:31:50,4643,1,26.6029017857,0.321428571429
2012-06-27 19:31:51,4644,1,27.1742559524,0.571354166667
2012-06-27 19:31:52,4645,1,27.9160714286,0.74181547619
2012-06-27 19:31:53,4646,1,28.6000744048,0.684002976191
2012-06-27 19:31:54,4647,1,28.9453125,0.345238095238
2012-06-27 19:31:55,4648,1,28.7851934524,-0.160119047619
2012-06-27 19:31:56,4649,1,28.1287946429,-0.656398809524
2012-06-27 19:31:57,4650,1,27.1368303571,-0.991964285714
2012-06-27 19:31:58,4651,1,26.1149553571,-1.021875
2012-06-27 19:31:59,4652,1,25.3990327381,-0.715922619048
2012-06-27 19:32:00,4653,1,25.1886904762,-0.210342261905
2012-06-27 19:32:01,4654,1,25.5147321429,0.326041666667
2012-06-27 19:32:02,4655,1,26.2549107143,0.740178571429
2012-06-27 19:32:03,4656,1,27.1475446429,0.892633928571
2012-06-27 19:32:04,4657,1,27.9035714286,0.756026785714
2012-06-27 19:32:05,4658,1,28.3283482143,0.424776785714
2012-06-27 19:32:06,4659,1,28.3097470238,-0.0186011904762
2012-06-27 19:32:07,4660,1,27.7725446429,-0.537202380952
2012-06-27 19:32:08,4661,1,26.7340029762,-1.03854166667
2012-06-27 19:32:09,4662,1,25.3776041667,-1.35639880952
2012-06-27 19:32:10,4663,1,24.0085565476,-1.36904761905
2012-06-27 19:32:11,4664,1,22.8700892857,-1.1384672619
2012-06-27 19:32:12,4665,1,21.9240327381,-0.946056547619
2012-06-27 19:32:13,4666,1,20.8128720238,-1.11116071429
2012-06-27 19:32:14,4667,1,19.0898065476,-1.72306547619
2012-06-27 19:32:15,4668,1,16.5286458333,-2.56116071429
2012-06-27 19:32:16,4669,1,13.3247767857,-3.20386904762
2012-06-27 19:32:17,4670,1,10.0970238095,-3.22775297619
2012-06-27 19:32:18,4671,1,7.63571428571,-2.46130952381
2012-06-27 19:32:19,4672,1,6.5130952381,-1.12261904762
2012-06-27 19:32:20,4673,1,6.80952380952,0.296428571429
2012-06-27 19:32:21,4674,1,8.14144345238,1.33191964286
2012-06-27 19:32:22,4675,1,9.96242559524,1.82098214286
2012-06-27 19:32:23,4676,1,11.8531994048,1.89077380952
2012-06-27 19:32:24,4677,1,13.5761904762,1.72299107143
2012-06-27 19:32:25,4678,1,14.9976934524,1.42150297619
2012-06-27 19:32:26,4679,1,16.0630952381,1.06540178571
2012-06-27 19:32:27,4680,1,16.8416666667,0.778571428571
2012-06-27 19:32:28,4681,1,17.5261904762,0.684523809524
2012-06-27 19:32:29,4682,1,18.2970982143,0.770907738095
2012-06-27 19:32:30,4683,1,19.1572916667,0.860193452381
2012-06-27 19:32:31,4684,1,19.9380952381,0.780803571428
2012-06-27 19:32:32,4685,1,20.45625,0.518154761905
2012-06-27 19:32:33,4686,1,20.6171130952,0.160863095238
2012-06-27 19:32:34,4687,1,20.4151041667,-0.202008928571
2012-06-27 19:32:35,4688,1,19.9698660714,-0.445238095238
2012-06-27 19:32:36,4689,1,19.6080357143,-0.361830357143
2012-06-27 19:32:37,4690,1,19.7804315476,0.172395833333
2012-06-27 19:32:38,4691,1,20.736235119,0.955803571429
2012-06-27 19:32:39,4692,1,22.2578125,1.52157738095
2012-06-27 19:32:40,4693,1,23.7908482143,1.53303571429
2012-06-27 19:32:41,4694,1,24.8723214286,1.08147321429
2012-06-27 19:32:42,4695,1,25.4417410714,0.569419642857
2012-06-27 19:32:43,4696,1,25.7625744048,0.320833333333
2012-06-27 19:32:44,4697,1,26.0917410714,0.329166666667
2012-06-27 19:32:45,4698,1,26.4811011905,0.389360119048
2012-06-27 19:32:46,4699,1,26.8625,0.381398809524
2012-06-27 19:32:47,4700,1,27.2071428571,0.344642857143
2012-06-27 19:32:48,4701,1,27.5642113095,0.357068452381
2012-06-27 19:32:49,4702,1,27.9879464286,0.423735119048
2012-06-27 19:32:50,4703,1,28.4526785714,0.464732142857
2012-06-27 19:32:51,4704,1,28.8389880952,0.38630952381
2012-06-27 19:32:52,4705,1,28.986235119,0.147247023809
2012-06-27 19:32:53,4706,1,28.7759672619,-0.210267857143
2012-06-27 19:32:54,4707,1,28.2267113095,-0.549255952381
2012-06-27 19:32:55,4708,1,27.5110863095,-0.715625
2012-06-27 19:32:56,4709,1,26.8463541667,-0.664732142857
2012-06-27 19:32:57,4710,1,26.3744791667,-0.471875
2012-06-27 19:32:58,4711,1,26.1433035714,-0.231175595238
2012-06-27 19:32:59,4712,1,26.1722470238,0.0289434523809
2012-06-27 19:33:00,4713,1,26.5043154762,0.332068452381
2012-06-27 19:33:01,4714,1,27.1633184524,0.659002976191
2012-06-27 19:33:02,4715,1,28.0693452381,0.906026785714
2012-06-27 19:33:03,4716,1,29.0378720238,0.968526785714
2012-06-27 19:33:04,4717,1,29.8831845238,0.8453125
2012-06-27 19:33:05,4718,1,30.5259672619,0.642782738095
2012-06-27 19:33:06,4719,1,31.0066220238,0.480654761905
2012-06-27 19:33:07,4720,1,31.4099702381,0.403348214286
2012-06-27 19:33:08,4721,1,31.7866815476,0.376711309524
2012-06-27 19:33:09,4722,1,32.1320684524,0.345386904762
2012-06-27 19:33:10,4723,1,32.4097470238,0.277678571429
2012-06-27 19:33:11,4724,1,32.5706845238,0.1609375
2012-06-27 19:33:12,4725,1,32.5607886905,-0.0098958333333
2012-06-27 19:33:13,4726,1,32.346577381,-0.214211309524
2012-06-27 19:33:14,4727,1,31.9413690476,-0.405208333333
2012-06-27 19:33:15,4728,1,31.3994791667,-0.541889880952
2012-06-27 19:33:16,4729,1,30.7896577381,-0.609821428572
2012-06-27 19:33:17,4730,1,30.1691220238,-0.620535714286
2012-06-27 19:33:18,4731,1,29.5780505952,-0.591071428571
2012-06-27 19:33:19,4732,1,29.0552827381,-0.522767857143
2012-06-27 19:33:20,4733,1,28.6328125,-0.422470238095
2012-06-27 19:33:21,4734,1,28.2947916667,-0.338020833333
2012-06-27 19:33:22,4735,1,27.9594494048,-0.335342261905
2012-06-27 19:33:23,4736,1,27.5321428571,-0.427306547619
2012-06-27 19:33:24,4737,1,26.9861607143,-0.545982142857
2012-06-27 19:33:25,4738,1,26.3884672619,-0.597693452381
2012-06-27 19:33:26,4739,1,25.8647321429,-0.523735119048
2012-06-27 19:33:27,4740,1,25.5601190476,-0.304613095238
2012-06-27 19:33:28,4741,1,25.6088541667,0.0487351190477
2012-06-27 19:33:29,4742,1,26.0895833333,0.480729166667
2012-06-27 19:33:30,4743,1,26.9837797619,0.894196428571
2012-06-27 19:33:31,4744,1,28.1828125,1.1990327381
2012-06-27 19:33:32,4745,1,29.5480654762,1.36525297619
2012-06-27 19:33:33,4746,1,30.9750744048,1.42700892857
2012-06-27 19:33:34,4747,1,32.4053571429,1.4302827381
2012-06-27 19:33:35,4748,1,33.7822916667,1.37693452381
2012-06-27 19:33:36,4749,1,35.0279761905,1.24568452381
2012-06-27 19:33:37,4750,1,36.090625,1.06264880952
2012-06-27 19:33:38,4751,1,36.9790178571,0.888392857143
2012-06-27 19:33:39,4752,1,37.715327381,0.73630952381
2012-06-27 19:33:40,4753,1,38.2833333333,0.568005952381
2012-06-27 19:33:41,4754,1,38.6399553571,0.35662202381
2012-06-27 19:33:42,4755,1,38.7532738095,0.113318452381
2012-06-27 19:33:43,4756,1,38.6161458333,-0.13712797619
2012-06-27 19:33:44,4757,1,38.2064732143,-0.409672619048
2012-06-27 19:33:45,4758,1,37.4297619048,-0.776711309524
2012-06-27 19:33:46,4759,1,36.1388392857,-1.29092261905
2012-06-27 19:33:47,4760,1,34.2134672619,-1.92537202381
2012-06-27 19:33:48,4761,1,31.5913690476,-2.62209821429
2012-06-27 19:33:49,4762,1,28.2583333333,-3.33303571429
2012-06-27 19:33:50,4763,1,24.2976190476,-3.96071428571
2012-06-27 19:33:51,4764,1,20.0084821429,-4.28913690476
2012-06-27 19:33:52,4765,1,15.9142113095,-4.09427083333
2012-06-27 19:33:53,4766,1,12.5085565476,-3.4056547619
2012-06-27 19:33:54,4767,1,9.98578869048,-2.52276785714
2012-06-27 19:33:55,4768,1,8.30483630952,-1.68095238095
2012-06-27 19:33:56,4769,1,7.45148809524,-0.853348214286
2012-06-27 19:33:57,4770,1,7.51331845238,0.0618303571429
2012-06-27 19:33:58,4771,1,8.48355654762,0.970238095238
2012-06-27 19:33:59,4772,1,10.0192708333,1.53571428571
2012-06-27 19:34:00,4773,1,11.4521577381,1.43288690476
2012-06-27 19:34:01,4774,1,12.1238095238,0.671651785714
2012-06-27 19:34:02,4775,1,11.7234375,-0.40037202381
2012-06-27 19:34:03,4776,1,10.3319196429,-1.39151785714
2012-06-27 19:34:04,4777,1,8.3005952381,-2.03132440476
2012-06-27 19:34:05,4778,1,6.18392857143,-2.11666666667
2012-06-27 19:34:06,4779,1,4.66227678571,-1.52165178571
2012-06-27 19:34:07,4780,1,4.30788690476,-0.354389880952
2012-06-27 19:34:08,4781,1,5.2790922619,0.971205357143
2012-06-27 19:34:09,4782,1,7.20037202381,1.9212797619
2012-06-27 19:34:10,4783,1,9.33831845238,2.13794642857
2012-06-27 19:34:11,4784,1,10.921453373,1.58313492063
2012-06-27 19:34:12,4785,1,11.4046626984,0.483209325397
2012-06-27 19:34:13,4786,1,10.6246279762,-0.780034722222
2012-06-27 19:34:14,4787,1,8.86279761905,-1.76183035714
2012-06-27 19:34:15,4788,1,6.76183035714,-2.1009672619
2012-06-27 19:34:16,4789,1,5.11584821429,-1.64598214286
2012-06-27 19:34:17,4790,1,4.63931051587,-0.476537698413
2012-06-27 19:34:18,4791,1,5.63360615079,0.994295634921
2012-06-27 19:34:19,4792,1,7.678125,2.04451884921
2012-06-27 19:34:20,4793,1,9.86488095238,2.18675595238
2012-06-27 19:34:21,4794,1,11.4679315476,1.60305059524
2012-06-27 19:34:22,4795,1,12.3279761905,0.860044642857
2012-06-27 19:34:23,4796,1,12.7573164683,0.429340277778
2012-06-27 19:34:24,4797,1,13.1268353175,0.369518849206
2012-06-27 19:34:25,4798,1,13.3607142857,0.233878968254
2012-06-27 19:34:26,4799,1,12.9265252976,-0.434188988095
2012-06-27 19:34:27,4800,1,11.4441034226,-1.482421875
2012-06-27 19:34:28,4801,1,9.13798363095,-2.30611979167
2012-06-27 19:34:29,4802,1,6.67680431548,-2.46117931548
2012-06-27 19:34:30,4803,1,4.73046875,-1.94633556548
2012-06-27 19:34:31,4804,1,3.62077752976,-1.10969122024
2012-06-27 19:34:32,4805,1,3.22340029762,-0.397377232143
2012-06-27 19:34:33,4806,1,3.16770833333,-0.0556919642857
2012-06-27 19:34:34,4807,1,3.15026041667,-0.0174479166667
2012-06-27 19:34:35,4808,1,3.07594866071,-0.0743117559524
2012-06-27 19:34:36,4809,1,3.03969494048,-0.0362537202381
2012-06-27 19:34:37,4810,1,3.324609375,0.284914434524
2012-06-27 19:34:38,4811,1,4.30963541667,0.985026041667
2012-06-27 19:34:39,4812,1,6.16378348214,1.85414806548
2012-06-27 19:34:40,4813,1,8.57213541667,2.40835193452
2012-06-27 19:34:41,4814,1,10.761235119,2.18909970238
2012-06-27 19:34:42,4815,1,11.8469866071,1.0857514881
2012-06-27 19:34:43,4816,1,11.3427083333,-0.50427827381
2012-06-27 19:34:44,4817,1,9.46421130952,-1.87849702381
2012-06-27 19:34:45,4818,1,6.96257440476,-2.50163690476
2012-06-27 19:34:46,4819,1,4.66819196429,-2.29438244048
2012-06-27 19:34:47,4820,1,3.16078869048,-1.50740327381
2012-06-27 19:34:48,4821,1,2.73404017857,-0.426748511905
2012-06-27 19:34:49,4822,1,3.45610119048,0.722061011905
2012-06-27 19:34:50,4823,1,5.13683035714,1.68072916667
2012-06-27 19:34:51,4824,1,7.29092261905,2.1540922619
2012-06-27 19:34:52,4825,1,9.23738839286,1.94646577381
2012-06-27 19:34:53,4826,1,10.3663690476,1.12898065476
2012-06-27 19:34:54,4827,1,10.4642857143,0.0979166666667
2012-06-27 19:34:55,4828,1,9.8052827381,-0.65900297619
2012-06-27 19:34:56,4829,1,8.8984375,-0.906845238095
2012-06-27 19:34:57,4830,1,8.19977678571,-0.698660714286
2012-06-27 19:34:58,4831,1,8.04419642857,-0.155580357143
2012-06-27 19:34:59,4832,1,8.68296130952,0.638764880952
2012-06-27 19:35:00,4833,1,10.2311011905,1.54813988095
2012-06-27 19:35:01,4834,1,12.554985119,2.32388392857
2012-06-27 19:35:02,4835,1,15.2905505952,2.73556547619
2012-06-27 19:35:03,4836,1,18.0273809524,2.73683035714
2012-06-27 19:35:04,4837,1,20.5006696429,2.47328869048
2012-06-27 19:35:05,4838,1,22.6630952381,2.16242559524
2012-06-27 19:35:06,4839,1,24.5892113095,1.92611607143
2012-06-27 19:35:07,4840,1,26.2912202381,1.70200892857
2012-06-27 19:35:08,4841,1,27.6361607143,1.34494047619
2012-06-27 19:35:09,4842,1,28.4322916667,0.796130952381
2012-06-27 19:35:10,4843,1,28.6020089286,0.169717261905
2012-06-27 19:35:11,4844,1,28.317485119,-0.284523809524
2012-06-27 19:35:12,4845,1,27.961235119,-0.35625
2012-06-27 19:35:13,4846,1,27.9213541667,-0.0398809523809
2012-06-27 19:35:14,4847,1,28.4051339286,0.483779761905
2012-06-27 19:35:15,4848,1,29.3758928571,0.970758928572
2012-06-27 19:35:16,4849,1,30.5979910714,1.22209821429
2012-06-27 19:35:17,4850,1,31.7604910714,1.1625
2012-06-27 19:35:18,4851,1,32.5904017857,0.829910714286
2012-06-27 19:35:19,4852,1,32.8982142857,0.3078125
2012-06-27 19:35:20,4853,1,32.6145089286,-0.283705357143
2012-06-27 19:35:21,4854,1,31.7863095238,-0.828199404762
2012-06-27 19:35:22,4855,1,30.4835565476,-1.30275297619
2012-06-27 19:35:23,4856,1,28.7578869048,-1.72566964286
2012-06-27 19:35:24,4857,1,26.6979166667,-2.0599702381
2012-06-27 19:35:25,4858,1,24.4284970238,-2.26941964286
2012-06-27 19:35:26,4859,1,22.0470238095,-2.38147321429
2012-06-27 19:35:27,4860,1,19.6095238095,-2.4375
2012-06-27 19:35:28,4861,1,17.1783482143,-2.43117559524
2012-06-27 19:35:29,4862,1,14.8490752551,-2.32927295918
2012-06-27 19:35:30,4863,1,12.6792942177,-2.16978103741
2012-06-27 19:35:31,4864,1,10.612244898,-2.06704931973
2012-06-27 19:35:32,4865,1,8.56783588435,-2.04440901361
2012-06-27 19:35:33,4866,1,6.61115008503,-1.95668579932
2012-06-27 19:35:34,4867,1,4.96370110544,-1.64744897959
2012-06-27 19:35:35,4868,1,3.83994472789,-1.12375637755
2012-06-27 19:35:36,4869,1,3.26228741497,-0.577657312925
2012-06-27 19:35:37,4870,1,3.02751913265,-0.234768282313
2012-06-27 19:35:38,4871,1,2.91258503401,-0.114934098639
2012-06-27 19:35:39,4872,1,2.91055484694,-0.00203018707483
2012-06-27 19:35:40,4873,1,3.18520408163,0.274649234694
2012-06-27 19:35:41,4874,1,3.83332270408,0.648118622449
2012-06-27 19:35:42,4875,1,4.77203443878,0.938711734694
2012-06-27 19:35:43,4876,1,5.79332482993,1.02129039116
2012-06-27 19:35:44,4877,1,6.66766581633,0.874340986395
2012-06-27 19:35:45,4878,1,7.22184311224,0.554177295918
2012-06-27 19:35:46,4879,1,7.32152423469,0.099681122449
2012-06-27 19:35:47,4880,1,6.85515518707,-0.466369047619
2012-06-27 19:35:48,4881,1,5.85817389456,-0.996981292517
2012-06-27 19:35:49,4882,1,4.60732355442,-1.25085034014
2012-06-27 19:35:50,4883,1,3.49051870748,-1.11680484694
2012-06-27 19:35:51,4884,1,2.77332057823,-0.717198129252
2012-06-27 19:35:52,4885,1,2.47171556122,-0.301605017007
2012-06-27 19:35:53,4886,1,2.41534863946,-0.0563669217687
2012-06-27 19:35:54,4887,1,2.42565901361,0.0103103741497
2012-06-27 19:35:55,4888,1,2.42606292517,0.00040391156463
2012-06-27 19:35:56,4889,1,2.41428571429,-0.0117772108844
2012-06-27 19:35:57,4890,1,2.4,-0.0142857142857
2012-06-27 19:35:58,4891,1,2.38571428571,-0.0142857142857
2012-06-27 19:35:59,4892,1,2.36337159864,-0.0223426870748
2012-06-27 19:36:00,4893,1,2.30819515306,-0.0551764455782
2012-06-27 19:36:01,4894,1,2.24499362245,-0.0632015306122
2012-06-27 19:36:02,4895,1,2.38907312925,0.144079506803
2012-06-27 19:36:03,4896,1,3.13166454082,0.742591411565
2012-06-27 19:36:04,4897,1,4.76729379252,1.6356292517
2012-06-27 19:36:05,4898,1,7.24334608844,2.47605229592
2012-06-27 19:36:06,4899,1,10.1752338435,2.9318877551
2012-06-27 19:36:07,4900,1,13.0950680272,2.91983418367
2012-06-27 19:36:08,4901,1,15.7324511054,2.63738307823
2012-06-27 19:36:09,4902,1,18.0379251701,2.30547406463
2012-06-27 19:36:10,4903,1,19.9614583333,1.92353316327
2012-06-27 19:36:11,4904,1,21.3792410714,1.4177827381
2012-06-27 19:36:12,4905,1,22.2834077381,0.904166666667
2012-06-27 19:36:13,4906,1,22.9120535714,0.628645833333
2012-06-27 19:36:14,4907,1,23.611235119,0.699181547619
2012-06-27 19:36:15,4908,1,24.5662946429,0.955059523809
2012-06-27 19:36:16,4909,1,25.6659970238,1.09970238095
2012-06-27 19:36:17,4910,1,26.6043154762,0.938318452381
2012-06-27 19:36:18,4911,1,27.1094494048,0.505133928571
2012-06-27 19:36:19,4912,1,27.1397321429,0.0302827380952
2012-06-27 19:36:20,4913,1,26.8912946429,-0.2484375
2012-06-27 19:36:21,4914,1,26.5959821429,-0.2953125
2012-06-27 19:36:22,4915,1,26.3449404762,-0.251041666667
2012-06-27 19:36:23,4916,1,26.0667410714,-0.278199404762
2012-06-27 19:36:24,4917,1,25.5588541667,-0.507886904762
2012-06-27 19:36:25,4918,1,24.5877232143,-0.971130952381
2012-06-27 19:36:26,4919,1,23.048735119,-1.53898809524
2012-06-27 19:36:27,4920,1,21.0299107143,-2.01882440476
2012-06-27 19:36:28,4921,1,18.7945684524,-2.2353422619
2012-06-27 19:36:29,4922,1,16.746577381,-2.04799107143
2012-06-27 19:36:30,4923,1,15.3010416667,-1.44553571429
2012-06-27 19:36:31,4924,1,14.6993303571,-0.601711309524
2012-06-27 19:36:32,4925,1,14.9205357143,0.221205357143
2012-06-27 19:36:33,4926,1,15.7223214286,0.801785714286
2012-06-27 19:36:34,4927,1,16.757514881,1.03519345238
2012-06-27 19:36:35,4928,1,17.7266369048,0.96912202381
2012-06-27 19:36:36,4929,1,18.5008928571,0.774255952381
2012-06-27 19:36:37,4930,1,19.1243303571,0.6234375
2012-06-27 19:36:38,4931,1,19.7038690476,0.579538690476
2012-06-27 19:36:39,4932,1,20.2996279762,0.595758928571
2012-06-27 19:36:40,4933,1,20.8886904762,0.5890625
2012-06-27 19:36:41,4934,1,21.3988095238,0.510119047619
2012-06-27 19:36:42,4935,1,21.7614583333,0.362648809524
2012-06-27 19:36:43,4936,1,21.9258184524,0.164360119048
2012-06-27 19:36:44,4937,1,21.8415922619,-0.0842261904762
2012-06-27 19:36:45,4938,1,21.4575892857,-0.384002976191
2012-06-27 19:36:46,4939,1,20.7430803571,-0.714508928571
2012-06-27 19:36:47,4940,1,19.7129464286,-1.03013392857
2012-06-27 19:36:48,4941,1,18.4491071429,-1.26383928571
2012-06-27 19:36:49,4942,1,17.1061011905,-1.34300595238
2012-06-27 19:36:50,4943,1,15.8691964286,-1.2369047619
2012-06-27 19:36:51,4944,1,14.8725446429,-0.996651785714
2012-06-27 19:36:52,4945,1,14.1431547619,-0.729389880952
2012-06-27 19:36:53,4946,1,13.6001488095,-0.543005952381
2012-06-27 19:36:54,4947,1,13.0916666667,-0.508482142857
2012-06-27 19:36:55,4948,1,12.4566964286,-0.634970238095
2012-06-27 19:36:56,4949,1,11.5756696429,-0.881026785714
2012-06-27 19:36:57,4950,1,10.3892113095,-1.18645833333
2012-06-27 19:36:58,4951,1,8.91160714286,-1.47760416667
2012-06-27 19:36:59,4952,1,7.21897321429,-1.69263392857
2012-06-27 19:37:00,4953,1,5.40044642857,-1.81852678571
2012-06-27 19:37:01,4954,1,3.56763392857,-1.8328125
2012-06-27 19:37:02,4955,1,1.9681547619,-1.59947916667
2012-06-27 19:37:03,4956,1,0.0,-1.9681547619
2012-06-27 19:37:28,4981,25,0.0,0.0
2012-06-27 19:37:29,4982,1,2.38697916667,2.38697916667
2012-06-27 19:37:30,4983,1,4.35438988095,1.96741071429
2012-06-27 19:37:31,4984,1,6.82797619048,2.47358630952
2012-06-27 19:37:32,4985,1,9.834375,3.00639880952
2012-06-27 19:37:33,4986,1,13.412797619,3.57842261905
2012-06-27 19:37:34,4987,1,17.292485119,3.8796875
2012-06-27 19:37:35,4988,1,20.9052827381,3.61279761905
2012-06-27 19:37:36,4989,1,23.7308035714,2.82552083333
2012-06-27 19:37:37,4990,1,25.6141369048,1.88333333333
2012-06-27 19:37:38,4991,1,26.7636904762,1.14955357143
2012-06-27 19:37:39,4992,1,27.5334077381,0.769717261905
2012-06-27 19:37:40,4993,1,28.2392113095,0.705803571429
2012-06-27 19:37:41,4994,1,29.0881696429,0.848958333333
2012-06-27 19:37:42,4995,1,30.165625,1.07745535714
2012-06-27 19:37:43,4996,1,31.4254464286,1.25982142857
2012-06-27 19:37:44,4997,1,32.7009672619,1.27552083333
2012-06-27 19:37:45,4998,1,33.7819196429,1.08095238095
2012-06-27 19:37:46,4999,1,34.5100446429,0.728125
2012-06-27 19:37:47,5000,1,34.8098214286,0.299776785714
2012-06-27 19:37:48,5001,1,34.6723958333,-0.137425595238
2012-06-27 19:37:49,5002,1,34.1503720238,-0.522023809524
2012-06-27 19:37:50,5003,1,33.3545386905,-0.795833333333
2012-06-27 19:37:51,5004,1,32.4193452381,-0.935193452381
2012-06-27 19:37:52,5005,1,31.4535714286,-0.965773809524
2012-06-27 19:37:53,5006,1,30.537202381,-0.916369047619
2012-06-27 19:37:54,5007,1,29.7691220238,-0.768080357143
2012-06-27 19:37:55,5008,1,29.2662202381,-0.502901785714
2012-06-27 19:37:56,5009,1,29.0720238095,-0.194196428571
2012-06-27 19:37:57,5010,1,29.0854166667,0.0133928571429
2012-06-27 19:37:58,5011,1,29.1055059524,0.0200892857143
2012-06-27 19:37:59,5012,1,28.9604910714,-0.145014880952
2012-06-27 19:38:00,5013,1,28.6041666667,-0.356324404762
2012-06-27 19:38:01,5014,1,28.0547619048,-0.549404761905
2012-06-27 19:38:02,5015,1,27.2154761905,-0.839285714286
2012-06-27 19:38:03,5016,1,25.8188244048,-1.39665178571
2012-06-27 19:38:04,5017,1,23.6226190476,-2.19620535714
2012-06-27 19:38:05,5018,1,20.6804315476,-2.9421875
2012-06-27 19:38:06,5019,1,17.4039434524,-3.27648809524
2012-06-27 19:38:07,5020,1,14.2962797619,-3.10766369048
2012-06-27 19:38:08,5021,1,11.5610119048,-2.73526785714
2012-06-27 19:38:09,5022,1,8.99092261905,-2.57008928571
2012-06-27 19:38:10,5023,1,6.30736607143,-2.68355654762
2012-06-27 19:38:11,5024,1,3.68333333333,-2.6240327381
2012-06-27 19:38:12,5025,1,0.0,-3.68333333333
2012-06-27 19:38:26,5039,14,0.0,0.0
2012-06-27 19:38:27,5040,1,3.03348214286,3.03348214286
2012-06-27 19:38:28,5041,1,5.10119047619,2.06770833333
2012-06-27 19:38:29,5042,1,7.16964285714,2.06845238095
2012-06-27 19:38:30,5043,1,9.1334077381,1.96376488095
2012-06-27 19:38:31,5044,1,11.3013392857,2.16793154762
2012-06-27 19:38:32,5045,1,13.9034970238,2.6021577381
2012-06-27 19:38:33,5046,1,16.7875744048,2.88407738095
2012-06-27 19:38:34,5047,1,19.5085565476,2.72098214286
2012-06-27 19:38:35,5048,1,21.6884672619,2.17991071429
2012-06-27 19:38:36,5049,1,23.2578869048,1.56941964286
2012-06-27 19:38:37,5050,1,24.3791666667,1.1212797619
2012-06-27 19:38:38,5051,1,25.2286458333,0.849479166667
2012-06-27 19:38:39,5052,1,25.8593005952,0.630654761905
2012-06-27 19:38:40,5053,1,26.1770833333,0.317782738095
2012-06-27 19:38:41,5054,1,25.9680059524,-0.209077380952
2012-06-27 19:38:42,5055,1,24.9714285714,-0.996577380952
2012-06-27 19:38:43,5056,1,23.0380952381,-1.93333333333
2012-06-27 19:38:44,5057,1,20.3171130952,-2.72098214286
2012-06-27 19:38:45,5058,1,17.2973958333,-3.0197172619
2012-06-27 19:38:46,5059,1,14.5616815476,-2.73571428571
2012-06-27 19:38:47,5060,1,12.3946428571,-2.16703869048
2012-06-27 19:38:48,5061,1,10.6491815476,-1.74546130952
2012-06-27 19:38:49,5062,1,9.02373511905,-1.62544642857
2012-06-27 19:38:50,5063,1,7.41398809524,-1.60974702381
2012-06-27 19:38:51,5064,1,5.99025297619,-1.42373511905
2012-06-27 19:38:52,5065,1,5.02671130952,-0.963541666667
2012-06-27 19:38:53,5066,1,4.73125,-0.295461309524
2012-06-27 19:38:54,5067,1,5.21964285714,0.488392857143
2012-06-27 19:38:55,5068,1,6.5322172619,1.31257440476
2012-06-27 19:38:56,5069,1,8.5665922619,2.034375
2012-06-27 19:38:57,5070,1,11.0250744048,2.45848214286
2012-06-27 19:38:58,5071,1,13.5246279762,2.49955357143
2012-06-27 19:38:59,5072,1,15.7977678571,2.27313988095
2012-06-27 19:39:00,5073,1,17.8014136905,2.00364583333
2012-06-27 19:39:01,5074,1,19.6610863095,1.85967261905
2012-06-27 19:39:02,5075,1,21.5005208333,1.83943452381
2012-06-27 19:39:03,5076,1,23.2847470238,1.78422619048
2012-06-27 19:39:04,5077,1,24.8117559524,1.52700892857
2012-06-27 19:39:05,5078,1,25.8488839286,1.03712797619
2012-06-27 19:39:06,5079,1,26.2889880952,0.440104166667
2012-06-27 19:39:07,5080,1,26.2212797619,-0.0677083333333
2012-06-27 19:39:08,5081,1,25.88125,-0.340029761905
2012-06-27 19:39:09,5082,1,25.544047619,-0.337202380952
2012-06-27 19:39:10,5083,1,25.460639881,-0.0834077380952
2012-06-27 19:39:11,5084,1,25.8236607143,0.363020833333
2012-06-27 19:39:12,5085,1,26.6951636905,0.87150297619
2012-06-27 19:39:13,5086,1,27.9285714286,1.2334077381
2012-06-27 19:39:14,5087,1,29.1941220238,1.26555059524
2012-06-27 19:39:15,5088,1,30.1163690476,0.92224702381
2012-06-27 19:39:16,5089,1,30.4090029762,0.292633928572
2012-06-27 19:39:17,5090,1,30.0250744048,-0.383928571429
2012-06-27 19:39:18,5091,1,29.34375,-0.681324404762
2012-06-27 19:39:19,5092,1,29.0561011905,-0.287648809524
2012-06-27 19:39:20,5093,1,29.6406994048,0.584598214286
2012-06-27 19:39:21,5094,1,31.0311755952,1.39047619048
2012-06-27 19:39:22,5095,1,32.8088541667,1.77767857143
2012-06-27 19:39:23,5096,1,34.5195684524,1.71071428571
2012-06-27 19:39:24,5097,1,35.8445684524,1.325
2012-06-27 19:39:25,5098,1,36.6336309524,0.7890625
2012-06-27 19:39:26,5099,1,36.7844494048,0.150818452381
2012-06-27 19:39:27,5100,1,36.1847470238,-0.599702380952
2012-06-27 19:39:28,5101,1,34.8610863095,-1.32366071429
2012-06-27 19:39:29,5102,1,33.0191220238,-1.84196428571
2012-06-27 19:39:30,5103,1,30.8726934524,-2.14642857143
2012-06-27 19:39:31,5104,1,28.5890625,-2.28363095238
2012-06-27 19:39:32,5105,1,26.3566964286,-2.23236607143
2012-06-27 19:39:33,5106,1,24.3069196429,-2.04977678571
2012-06-27 19:39:34,5107,1,22.4056547619,-1.90126488095
2012-06-27 19:39:35,5108,1,20.5632440476,-1.84241071429
2012-06-27 19:39:36,5109,1,18.8104910714,-1.75275297619
2012-06-27 19:39:37,5110,1,17.298735119,-1.51175595238
2012-06-27 19:39:38,5111,1,16.1634672619,-1.13526785714
2012-06-27 19:39:39,5112,1,15.3883928571,-0.775074404762
2012-06-27 19:39:40,5113,1,14.7417708333,-0.64662202381
2012-06-27 19:39:41,5114,1,13.8302529762,-0.911517857143
2012-06-27 19:39:42,5115,1,12.3025297619,-1.52772321429
2012-06-27 19:39:43,5116,1,10.1237202381,-2.17880952381
2012-06-27 19:39:44,5117,1,7.67001488095,-2.45370535714
2012-06-27 19:39:45,5118,1,5.49816964286,-2.1718452381
2012-06-27 19:39:46,5119,1,3.986875,-1.51129464286
2012-06-27 19:39:47,5120,1,3.18766369048,-0.799211309524
2012-06-27 19:39:48,5121,1,3.01821428571,-0.169449404762
2012-06-27 19:39:49,5122,1,3.52235119048,0.504136904762
2012-06-27 19:39:50,5123,1,4.82482142857,1.3024702381
2012-06-27 19:39:51,5124,1,6.85758928571,2.03276785714
2012-06-27 19:39:52,5125,1,9.22367559524,2.36608630952
2012-06-27 19:39:53,5126,1,11.3766369048,2.15296130952
2012-06-27 19:39:54,5127,1,12.9792708333,1.60263392857
2012-06-27 19:39:55,5128,1,14.0870982143,1.10782738095
2012-06-27 19:39:56,5129,1,14.9871279762,0.900029761905
2012-06-27 19:39:57,5130,1,15.9233630952,0.936235119048
2012-06-27 19:39:58,5131,1,16.952827381,1.02946428571
2012-06-27 19:39:59,5132,1,17.9770833333,1.02425595238
2012-06-27 19:40:00,5133,1,18.8822172619,0.905133928571
2012-06-27 19:40:01,5134,1,19.6255952381,0.74337797619
2012-06-27 19:40:02,5135,1,20.1895089286,0.563913690476
2012-06-27 19:40:03,5136,1,20.5289434524,0.33943452381
2012-06-27 19:40:04,5137,1,20.659077381,0.130133928571
2012-06-27 19:40:05,5138,1,20.8089285714,0.149851190476
2012-06-27 19:40:06,5139,1,21.3658482143,0.556919642857
2012-06-27 19:40:07,5140,1,22.5465029762,1.1806547619
2012-06-27 19:40:08,5141,1,24.1292410714,1.58273809524
2012-06-27 19:40:09,5142,1,25.545610119,1.41636904762
2012-06-27 19:40:10,5143,1,26.2712053571,0.725595238095
2012-06-27 19:40:11,5144,1,26.1774553571,-0.0937500000001
2012-06-27 19:40:12,5145,1,25.5364583333,-0.64099702381
2012-06-27 19:40:13,5146,1,24.7633184524,-0.773139880952
2012-06-27 19:40:14,5147,1,24.1943452381,-0.568973214286
2012-06-27 19:40:15,5148,1,24.0079613095,-0.186383928571
2012-06-27 19:40:16,5149,1,24.2426339286,0.234672619048
2012-06-27 19:40:17,5150,1,24.834375,0.591741071429
2012-06-27 19:40:18,5151,1,25.6254464286,0.791071428571
2012-06-27 19:40:19,5152,1,26.404985119,0.779538690476
2012-06-27 19:40:20,5153,1,27.006547619,0.6015625
2012-06-27 19:40:21,5154,1,27.3543154762,0.347767857143
2012-06-27 19:40:22,5155,1,27.3986607143,0.0443452380952
2012-06-27 19:40:23,5156,1,27.0251488095,-0.373511904762
2012-06-27 19:40:24,5157,1,26.0554315476,-0.969717261905
2012-06-27 19:40:25,5158,1,24.3781994048,-1.67723214286
2012-06-27 19:40:26,5159,1,22.1040178571,-2.27418154762
2012-06-27 19:40:27,5160,1,19.5686755952,-2.5353422619
2012-06-27 19:40:28,5161,1,17.1576636905,-2.41101190476
2012-06-27 19:40:29,5162,1,15.1253720238,-2.03229166667
2012-06-27 19:40:30,5163,1,13.5727678571,-1.55260416667
2012-06-27 19:40:31,5164,1,12.5520089286,-1.02075892857
2012-06-27 19:40:32,5165,1,12.1176339286,-0.434375
2012-06-27 19:40:33,5166,1,12.2499255952,0.132291666667
2012-06-27 19:40:34,5167,1,12.8334077381,0.583482142857
2012-06-27 19:40:35,5168,1,13.8266369048,0.993229166667
2012-06-27 19:40:36,5169,1,15.418452381,1.59181547619
2012-06-27 19:40:37,5170,1,17.9214285714,2.50297619048
2012-06-27 19:40:38,5171,1,21.4303571429,3.50892857143
2012-06-27 19:40:39,5172,1,25.5186011905,4.08824404762
2012-06-27 19:40:40,5173,1,29.3374255952,3.81882440476
2012-06-27 19:40:41,5174,1,32.1243303571,2.7869047619
2012-06-27 19:40:42,5175,1,33.5962797619,1.47194940476
2012-06-27 19:40:43,5176,1,33.8666666667,0.270386904762
2012-06-27 19:40:44,5177,1,33.1008928571,-0.765773809524
2012-06-27 19:40:45,5178,1,31.2992559524,-1.80163690476
2012-06-27 19:40:46,5179,1,28.390922619,-2.90833333333
2012-06-27 19:40:47,5180,1,24.5162946429,-3.87462797619
2012-06-27 19:40:48,5181,1,20.1855654762,-4.33072916667
2012-06-27 19:40:49,5182,1,16.1354166667,-4.05014880952
2012-06-27 19:40:50,5183,1,13.0011904762,-3.13422619048
2012-06-27 19:40:51,5184,1,11.0530505952,-1.94813988095
2012-06-27 19:40:52,5185,1,10.1337797619,-0.919270833333
2012-06-27 19:40:53,5186,1,9.76644345238,-0.367336309524
2012-06-27 19:40:54,5187,1,9.3552827381,-0.411160714286
2012-06-27 19:40:55,5188,1,8.41860119048,-0.936681547619
2012-06-27 19:40:56,5189,1,6.77425595238,-1.6443452381
2012-06-27 19:40:57,5190,1,4.62678571429,-2.1474702381
2012-06-27 19:40:58,5191,1,2.5578125,-2.06897321429
2012-06-27 19:40:59,5192,1,0.0,-2.5578125
2012-06-27 19:41:21,5214,22,0.0,0.0
2012-06-27 19:41:22,5215,1,3.54248511905,3.54248511905
2012-06-27 19:41:23,5216,1,6.39419642857,2.85171130952
2012-06-27 19:41:24,5217,1,9.58050595238,3.18630952381
2012-06-27 19:41:25,5218,1,12.6889136905,3.1084077381
2012-06-27 19:41:26,5219,1,15.5261160714,2.83720238095
2012-06-27 19:41:27,5220,1,17.9771577381,2.45104166667
2012-06-27 19:41:28,5221,1,19.9950892857,2.01793154762
2012-06-27 19:41:29,5222,1,21.6538690476,1.6587797619
2012-06-27 19:41:30,5223,1,23.0904017857,1.4365327381
2012-06-27 19:41:31,5224,1,24.3179315476,1.2275297619
2012-06-27 19:41:32,5225,1,25.0786458333,0.760714285714
2012-06-27 19:41:33,5226,1,24.9135416667,-0.165104166667
2012-06-27 19:41:34,5227,1,23.4130208333,-1.50052083333
2012-06-27 19:41:35,5228,1,20.4442708333,-2.96875
2012-06-27 19:41:36,5229,1,16.2921875,-4.15208333333
2012-06-27 19:41:37,5230,1,11.689360119,-4.60282738095
2012-06-27 19:41:38,5231,1,7.58592261905,-4.1034375
2012-06-27 19:41:39,5232,1,4.71441220238,-2.87151041667
2012-06-27 19:41:40,5233,1,3.24226190476,-1.47215029762
2012-06-27 19:41:41,5234,1,2.7558110119,-0.486450892857
2012-06-27 19:41:42,5235,1,2.63050595238,-0.125305059524
2012-06-27 19:41:43,5236,1,2.4765327381,-0.153973214286
2012-06-27 19:41:44,5237,1,2.25382440476,-0.222708333333
2012-06-27 19:41:45,5238,1,2.07923363095,-0.17459077381
2012-06-27 19:41:46,5239,1,2.01675595238,-0.0624776785714
2012-06-27 19:41:47,5240,1,2.0264360119,0.00968005952381
2012-06-27 19:41:48,5241,1,2.04715401786,0.0207180059524
2012-06-27 19:41:49,5242,1,2.05997581845,0.0128218005952
2012-06-27 19:41:50,5243,1,2.06994419643,0.00996837797619
2012-06-27 19:41:51,5244,1,2.08000186012,0.0100576636905
2012-06-27 19:41:52,5245,1,2.09037202381,0.0103701636905
2012-06-27 19:41:53,5246,1,2.10129464286,0.0109226190476
2012-06-27 19:41:54,5247,1,2.11287202381,0.0115773809524
2012-06-27 19:41:55,5248,1,2.12500186012,0.0121298363095
2012-06-27 19:41:56,5249,1,2.12555803571,0.00055617559524
2012-06-27 19:41:57,5250,1,2.07941220238,-0.0461458333333
2012-06-27 19:41:58,5251,1,2.02534970238,-0.0540625
2012-06-27 19:41:59,5252,1,2.26531808036,0.239968377976
2012-06-27 19:42:00,5253,1,3.3349702381,1.06965215774
2012-06-27 19:42:01,5254,1,5.67373511905,2.33876488095
2012-06-27 19:42:02,5255,1,9.34255952381,3.66882440476
2012-06-27 19:42:03,5256,1,13.9636811756,4.62112165179
2012-06-27 19:42:04,5257,1,18.874311756,4.91063058036
2012-06-27 19:42:05,5258,1,23.4808500744,4.60653831845
2012-06-27 19:42:06,5259,1,27.492280506,4.01143043155
2012-06-27 19:42:07,5260,1,30.8151785714,3.32289806548
2012-06-27 19:42:08,5261,1,33.3898065476,2.57462797619
2012-06-27 19:42:09,5262,1,35.1520833333,1.76227678571
2012-06-27 19:42:10,5263,1,36.0675595238,0.915476190476
2012-06-27 19:42:11,5264,1,36.2380208333,0.170461309524
2012-06-27 19:42:12,5265,1,35.9586309524,-0.279389880952
2012-06-27 19:42:13,5266,1,35.5727678571,-0.385863095238
2012-06-27 19:42:14,5267,1,35.2753720238,-0.297395833333
2012-06-27 19:42:15,5268,1,35.0855654762,-0.189806547619
2012-06-27 19:42:16,5269,1,34.9553571429,-0.130208333333
2012-06-27 19:42:17,5270,1,34.8625744048,-0.0927827380952
2012-06-27 19:42:18,5271,1,34.8280505952,-0.0345238095238
2012-06-27 19:42:19,5272,1,34.8813988095,0.0533482142857
2012-06-27 19:42:20,5273,1,35.0222470238,0.140848214286
2012-06-27 19:42:21,5274,1,35.2203869048,0.198139880952
2012-06-27 19:42:22,5275,1,35.4357142857,0.215327380952
2012-06-27 19:42:23,5276,1,35.6130952381,0.177380952381
2012-06-27 19:42:24,5277,1,35.6886904762,0.0755952380953
2012-06-27 19:42:25,5278,1,35.6285714286,-0.0601190476191
2012-06-27 19:42:26,5279,1,35.4420386905,-0.186532738095
2012-06-27 19:42:27,5280,1,35.1651785714,-0.276860119048
2012-06-27 19:42:28,5281,1,34.8443452381,-0.320833333333
2012-06-27 19:42:29,5282,1,34.5230654762,-0.321279761905
2012-06-27 19:42:30,5283,1,34.2463541667,-0.276711309524
2012-06-27 19:42:31,5284,1,34.0709077381,-0.175446428571
2012-06-27 19:42:32,5285,1,34.0563244048,-0.0145833333333
2012-06-27 19:42:33,5286,1,34.2361607143,0.179836309524
2012-06-27 19:42:34,5287,1,34.5730654762,0.336904761905
2012-06-27 19:42:35,5288,1,34.934077381,0.361011904762
2012-06-27 19:42:36,5289,1,35.1093005952,0.175223214286
2012-06-27 19:42:37,5290,1,34.8587053571,-0.250595238095
2012-06-27 19:42:38,5291,1,34.0160714286,-0.842633928572
2012-06-27 19:42:39,5292,1,32.6535714286,-1.3625
2012-06-27 19:42:40,5293,1,31.1706845238,-1.48288690476
2012-06-27 19:42:41,5294,1,30.1491071429,-1.02157738095
2012-06-27 19:42:42,5295,1,30.034375,-0.114732142857
2012-06-27 19:42:43,5296,1,30.9047619048,0.870386904762
2012-06-27 19:42:44,5297,1,32.4555059524,1.55074404762
2012-06-27 19:42:45,5298,1,34.1444940476,1.68898809524
2012-06-27 19:42:46,5299,1,35.4411458333,1.29665178571
2012-06-27 19:42:47,5300,1,36.0483630952,0.607217261905
2012-06-27 19:42:48,5301,1,35.9775297619,-0.0708333333333
2012-06-27 19:42:49,5302,1,35.4822916667,-0.495238095238
2012-06-27 19:42:50,5303,1,34.828422619,-0.653869047619
2012-06-27 19:42:51,5304,1,34.0197172619,-0.808705357143
2012-06-27 19:42:52,5305,1,32.7973958333,-1.22232142857
2012-06-27 19:42:53,5306,1,30.9021577381,-1.89523809524
2012-06-27 19:42:54,5307,1,28.2766369048,-2.62552083333
2012-06-27 19:42:55,5308,1,25.0708333333,-3.20580357143
2012-06-27 19:42:56,5309,1,21.4941964286,-3.57663690476
2012-06-27 19:42:57,5310,1,17.6618303571,-3.83236607143
2012-06-27 19:42:58,5311,1,13.6378720238,-4.02395833333
2012-06-27 19:42:59,5312,1,9.6025297619,-4.0353422619
2012-06-27 19:43:00,5313,1,5.90476190476,-3.69776785714
2012-06-27 19:43:01,5314,1,2.9921875,-2.91257440476
2012-06-27 19:43:02,5315,1,0.0,-2.9921875
2012-06-27 19:43:16,5329,14,0.0,0.0
2012-06-27 19:43:17,5330,1,1.02328869048,1.02328869048
2012-06-27 19:43:18,5331,1,1.72395833333,0.700669642857
2012-06-27 19:43:19,5332,1,2.81599702381,1.09203869048
2012-06-27 19:43:20,5333,1,4.6828125,1.86681547619
2012-06-27 19:43:21,5334,1,7.60558035714,2.92276785714
2012-06-27 19:43:22,5335,1,11.3825892857,3.77700892857
2012-06-27 19:43:23,5336,1,15.4054315476,4.0228422619
2012-06-27 19:43:24,5337,1,19.0581845238,3.65275297619
2012-06-27 19:43:25,5338,1,22.0226934524,2.96450892857
2012-06-27 19:43:26,5339,1,24.2438244048,2.22113095238
2012-06-27 19:43:27,5340,1,25.7517857143,1.50796130952
2012-06-27 19:43:28,5341,1,26.6013392857,0.849553571429
2012-06-27 19:43:29,5342,1,26.9004464286,0.299107142857
2012-06-27 19:43:30,5343,1,26.822172619,-0.0782738095238
2012-06-27 19:43:31,5344,1,26.5642113095,-0.257961309524
2012-06-27 19:43:32,5345,1,26.2777529762,-0.286458333333
2012-06-27 19:43:33,5346,1,26.0609375,-0.21681547619
2012-06-27 19:43:34,5347,1,26.0085565476,-0.052380952381
2012-06-27 19:43:35,5348,1,26.1936755952,0.185119047619
2012-06-27 19:43:36,5349,1,26.6034970238,0.409821428571
2012-06-27 19:43:37,5350,1,27.1296875,0.526190476191
2012-06-27 19:43:38,5351,1,27.6032738095,0.473586309524
2012-06-27 19:43:39,5352,1,27.8483630952,0.245089285714
2012-06-27 19:43:40,5353,1,27.7566964286,-0.0916666666667
2012-06-27 19:43:41,5354,1,27.3541666667,-0.402529761905
2012-06-27 19:43:42,5355,1,26.8020833333,-0.552083333333
2012-06-27 19:43:43,5356,1,26.283110119,-0.518973214286
2012-06-27 19:43:44,5357,1,25.8392857143,-0.443824404762
2012-06-27 19:43:45,5358,1,25.3415922619,-0.497693452381
2012-06-27 19:43:46,5359,1,24.650297619,-0.691294642857
2012-06-27 19:43:47,5360,1,23.7973958333,-0.852901785714
2012-06-27 19:43:48,5361,1,22.9770089286,-0.820386904762
2012-06-27 19:43:49,5362,1,22.3367559524,-0.64025297619
2012-06-27 19:43:50,5363,1,21.7824404762,-0.55431547619
2012-06-27 19:43:51,5364,1,20.979985119,-0.802455357143
2012-06-27 19:43:52,5365,1,19.5444940476,-1.43549107143
2012-06-27 19:43:53,5366,1,17.2469494048,-2.29754464286
2012-06-27 19:43:54,5367,1,14.0993303571,-3.14761904762
2012-06-27 19:43:55,5368,1,10.3686755952,-3.7306547619
2012-06-27 19:43:56,5369,1,6.57767857143,-3.79099702381
2012-06-27 19:43:57,5370,1,3.44382440476,-3.13385416667
2012-06-27 19:43:58,5371,1,0.0,-3.44382440476
2012-06-27 19:44:23,5396,25,0.0,0.0
2012-06-27 19:44:24,5397,1,4.51369047619,4.51369047619
2012-06-27 19:44:25,5398,1,8.23839285714,3.72470238095
2012-06-27 19:44:26,5399,1,12.1383928571,3.9
2012-06-27 19:44:27,5400,1,15.2165178571,3.078125
2012-06-27 19:44:28,5401,1,16.9688244048,1.75230654762
2012-06-27 19:44:29,5402,1,17.4270833333,0.458258928571
2012-06-27 19:44:30,5403,1,17.0023809524,-0.424702380952
2012-06-27 19:44:31,5404,1,16.2857142857,-0.716666666667
2012-06-27 19:44:32,5405,1,15.8801339286,-0.405580357143
2012-06-27 19:44:33,5406,1,16.276264881,0.396130952381
2012-06-27 19:44:34,5407,1,17.7426339286,1.46636904762
2012-06-27 19:44:35,5408,1,20.2006696429,2.45803571429
2012-06-27 19:44:36,5409,1,23.1910714286,2.99040178571
2012-06-27 19:44:37,5410,1,26.0868303571,2.89575892857
2012-06-27 19:44:38,5411,1,28.4380208333,2.35119047619
2012-06-27 19:44:39,5412,1,30.142485119,1.70446428571
2012-06-27 19:44:40,5413,1,31.3635416667,1.22105654762
2012-06-27 19:44:41,5414,1,32.3229910714,0.959449404762
2012-06-27 19:44:42,5415,1,33.1241071429,0.801116071428
2012-06-27 19:44:43,5416,1,33.7703125,0.646205357143
2012-06-27 19:44:44,5417,1,34.2951636905,0.524851190476
2012-06-27 19:44:45,5418,1,34.7408482143,0.445684523809
2012-06-27 19:44:46,5419,1,35.0521577381,0.311309523809
2012-06-27 19:44:47,5420,1,35.1061755952,0.0540178571429
2012-06-27 19:44:48,5421,1,34.8041666667,-0.302008928571
2012-06-27 19:44:49,5422,1,34.0930803571,-0.711086309524
2012-06-27 19:44:50,5423,1,32.9736607143,-1.11941964286
2012-06-27 19:44:51,5424,1,31.5308779762,-1.4427827381
2012-06-27 19:44:52,5425,1,29.9291666667,-1.60171130952
2012-06-27 19:44:53,5426,1,28.365922619,-1.56324404762
2012-06-27 19:44:54,5427,1,27.007514881,-1.3584077381
2012-06-27 19:44:55,5428,1,25.9415922619,-1.06592261905
2012-06-27 19:44:56,5429,1,25.2091517857,-0.73244047619
2012-06-27 19:44:57,5430,1,24.8630952381,-0.346056547619
2012-06-27 19:44:58,5431,1,24.9319940476,0.0688988095239
2012-06-27 19:44:59,5432,1,25.3545386905,0.422544642857
2012-06-27 19:45:00,5433,1,26.0058035714,0.651264880952
2012-06-27 19:45:01,5434,1,26.7473958333,0.741592261905
2012-06-27 19:45:02,5435,1,27.3835565476,0.636160714286
2012-06-27 19:45:03,5436,1,27.5620535714,0.17849702381
2012-06-27 19:45:04,5437,1,26.8181547619,-0.743898809524
2012-06-27 19:45:05,5438,1,24.8640625,-1.9540922619
2012-06-27 19:45:06,5439,1,21.8437872024,-3.02027529762
2012-06-27 19:45:07,5440,1,18.2172061012,-3.62658110119
2012-06-27 19:45:08,5441,1,14.4353794643,-3.7818266369
2012-06-27 19:45:09,5442,1,10.8043712798,-3.63100818452
2012-06-27 19:45:10,5443,1,7.57057291667,-3.2337983631
2012-06-27 19:45:11,5444,1,4.98465401786,-2.58591889881
2012-06-27 19:45:12,5445,1,3.26216517857,-1.72248883929
2012-06-27 19:45:13,5446,1,2.5630952381,-0.699069940476
2012-06-27 19:45:14,5447,1,3.04505208333,0.481956845238
2012-06-27 19:45:15,5448,1,4.88119419643,1.8361421131
2012-06-27 19:45:16,5449,1,8.11834077381,3.23714657738
2012-06-27 19:45:17,5450,1,12.4355840774,4.31724330357
2012-06-27 19:45:18,5451,1,17.1295014881,4.69391741071
2012-06-27 19:45:19,5452,1,21.4791480655,4.34964657738
2012-06-27 19:45:20,5453,1,25.0927455357,3.61359747024
2012-06-27 19:45:21,5454,1,27.9066964286,2.81395089286
2012-06-27 19:45:22,5455,1,30.0215029762,2.11480654762
2012-06-27 19:45:23,5456,1,31.5758184524,1.55431547619
2012-06-27 19:45:24,5457,1,32.6869791667,1.11116071429
2012-06-27 19:45:25,5458,1,33.4623511905,0.775372023809
2012-06-27 19:45:26,5459,1,34.0035714286,0.541220238095
2012-06-27 19:45:27,5460,1,34.3761160714,0.372544642857
2012-06-27 19:45:28,5461,1,34.6220238095,0.245907738095
2012-06-27 19:45:29,5462,1,34.8008184524,0.178794642857
2012-06-27 19:45:30,5463,1,34.9996279762,0.19880952381
2012-06-27 19:45:31,5464,1,35.3209077381,0.321279761905
2012-06-27 19:45:32,5465,1,35.8405505952,0.519642857143
2012-06-27 19:45:33,5466,1,36.5288690476,0.688318452381
2012-06-27 19:45:34,5467,1,37.2297619048,0.700892857143
2012-06-27 19:45:35,5468,1,37.7792410714,0.549479166667
2012-06-27 19:45:36,5469,1,38.1465029762,0.367261904762
2012-06-27 19:45:37,5470,1,38.4213541667,0.274851190476
2012-06-27 19:45:38,5471,1,38.6626488095,0.241294642857
2012-06-27 19:45:39,5472,1,38.7715029762,0.108854166667
2012-06-27 19:45:40,5473,1,38.5379464286,-0.233556547619
2012-06-27 19:45:41,5474,1,37.8628720238,-0.675074404762
2012-06-27 19:45:42,5475,1,36.9177083333,-0.945163690476
2012-06-27 19:45:43,5476,1,36.0217261905,-0.895982142857
2012-06-27 19:45:44,5477,1,35.3796875,-0.642038690476
2012-06-27 19:45:45,5478,1,34.973139881,-0.406547619048
2012-06-27 19:45:46,5479,1,34.670014881,-0.303125
2012-06-27 19:45:47,5480,1,34.4,-0.270014880952
2012-06-27 19:45:48,5481,1,34.2186011905,-0.181398809524
2012-06-27 19:45:49,5482,1,34.2275297619,0.0089285714286
2012-06-27 19:45:50,5483,1,34.4607886905,0.233258928571
2012-06-27 19:45:51,5484,1,34.8295386905,0.36875
2012-06-27 19:45:52,5485,1,35.1726934524,0.343154761905
2012-06-27 19:45:53,5486,1,35.387202381,0.214508928572
2012-06-27 19:45:54,5487,1,35.4965029762,0.109300595238
2012-06-27 19:45:55,5488,1,35.5859375,0.0894345238095
2012-06-27 19:45:56,5489,1,35.6930059524,0.107068452381
2012-06-27 19:45:57,5490,1,35.751264881,0.0582589285715
2012-06-27 19:45:58,5491,1,35.640625,-0.110639880952
2012-06-27 19:45:59,5492,1,35.3066964286,-0.333928571429
2012-06-27 19:46:00,5493,1,34.808110119,-0.498586309524
2012-06-27 19:46:01,5494,1,34.2466517857,-0.561458333333
2012-06-27 19:46:02,5495,1,33.6929315476,-0.553720238095
2012-06-27 19:46:03,5496,1,33.1806547619,-0.512276785714
2012-06-27 19:46:04,5497,1,32.7427083333,-0.437946428572
2012-06-27 19:46:05,5498,1,32.4337797619,-0.308928571428
2012-06-27 19:46:06,5499,1,32.294047619,-0.139732142857
2012-06-27 19:46:07,5500,1,32.303125,0.0090773809524
2012-06-27 19:46:08,5501,1,32.4103422619,0.107217261905
2012-06-27 19:46:09,5502,1,32.5805059524,0.170163690476
2012-06-27 19:46:10,5503,1,32.7743303571,0.193824404762
2012-06-27 19:46:11,5504,1,32.9260416667,0.151711309524
2012-06-27 19:46:12,5505,1,32.9581845238,0.0321428571428
2012-06-27 19:46:13,5506,1,32.8100446429,-0.148139880952
2012-06-27 19:46:14,5507,1,32.4851190476,-0.324925595238
2012-06-27 19:46:15,5508,1,32.065922619,-0.419196428571
2012-06-27 19:46:16,5509,1,31.6445684524,-0.421354166667
2012-06-27 19:46:17,5510,1,31.259077381,-0.385491071429
2012-06-27 19:46:18,5511,1,30.9114583333,-0.347619047619
2012-06-27 19:46:19,5512,1,30.6063988095,-0.30505952381
2012-06-27 19:46:20,5513,1,30.3391369048,-0.267261904762
2012-06-27 19:46:21,5514,1,30.0256696429,-0.313467261905
2012-06-27 19:46:22,5515,1,29.433110119,-0.592559523809
2012-06-27 19:46:23,5516,1,28.2259672619,-1.20714285714
2012-06-27 19:46:24,5517,1,26.1499255952,-2.07604166667
2012-06-27 19:46:25,5518,1,23.1739718615,-2.97595373377
2012-06-27 19:46:26,5519,1,19.4604301948,-3.71354166667
2012-06-27 19:46:27,5520,1,15.2987148268,-4.16171536797
2012-06-27 19:46:28,5521,1,11.122463474,-4.17625135281
2012-06-27 19:46:29,5522,1,7.47915313853,-3.6433103355
2012-06-27 19:46:30,5523,1,4.84826839827,-2.63088474026
2012-06-27 19:46:31,5524,1,3.41046401515,-1.43780438312
2012-06-27 19:46:32,5525,1,2.94297213203,-0.467491883117
2012-06-27 19:46:33,5526,1,2.97836174242,0.0353896103896
2012-06-27 19:46:34,5527,1,3.12875405844,0.150392316017
2012-06-27 19:46:35,5528,1,3.24979707792,0.121043019481
2012-06-27 19:46:36,5529,1,3.33487554113,0.0850784632035
2012-06-27 19:46:37,5530,1,3.37325487013,0.0383793290043
2012-06-27 19:46:38,5531,1,3.40698051948,0.0337256493506
2012-06-27 19:46:39,5532,1,3.71878382035,0.311803300866
2012-06-27 19:46:40,5533,1,4.78819669913,1.06941287879
2012-06-27 19:46:41,5534,1,6.9152732684,2.12707656926
2012-06-27 19:46:42,5535,1,9.93089150433,3.01561823593
2012-06-27 19:46:43,5536,1,13.2863906926,3.35549918831
2012-06-27 19:46:44,5537,1,16.4059726732,3.11958198052
2012-06-27 19:46:45,5538,1,19.0304180195,2.62444534632
2012-06-27 19:46:46,5539,1,21.2432900433,2.21287202381
2012-06-27 19:46:47,5540,1,23.2118303571,1.96854031385
2012-06-27 19:46:48,5541,1,25.0311011905,1.81927083333
2012-06-27 19:46:49,5542,1,26.7427827381,1.71168154762
2012-06-27 19:46:50,5543,1,28.325,1.5822172619
2012-06-27 19:46:51,5544,1,29.6763392857,1.35133928571
2012-06-27 19:46:52,5545,1,30.6884672619,1.01212797619
2012-06-27 19:46:53,5546,1,31.3404017857,0.651934523809
2012-06-27 19:46:54,5547,1,31.6889880952,0.348586309524
2012-06-27 19:46:55,5548,1,31.7110119048,0.0220238095238
2012-06-27 19:46:56,5549,1,31.1680803571,-0.542931547619
2012-06-27 19:46:57,5550,1,29.7244791667,-1.44360119048
2012-06-27 19:46:58,5551,1,27.2266369048,-2.4978422619
2012-06-27 19:46:59,5552,1,23.8668154762,-3.35982142857
2012-06-27 19:47:00,5553,1,20.1625744048,-3.70424107143
2012-06-27 19:47:01,5554,1,16.8023809524,-3.36019345238
2012-06-27 19:47:02,5555,1,14.401264881,-2.40111607143
2012-06-27 19:47:03,5556,1,13.3003720238,-1.10089285714
2012-06-27 19:47:04,5557,1,13.4947916667,0.194419642857
2012-06-27 19:47:05,5558,1,14.6561755952,1.16138392857
2012-06-27 19:47:06,5559,1,16.2513392857,1.59516369048
2012-06-27 19:47:07,5560,1,17.7162202381,1.46488095238
2012-06-27 19:47:08,5561,1,18.578125,0.861904761905
2012-06-27 19:47:09,5562,1,18.5371279762,-0.0409970238095
2012-06-27 19:47:10,5563,1,17.5537202381,-0.983407738095
2012-06-27 19:47:11,5564,1,15.8798363095,-1.67388392857
2012-06-27 19:47:12,5565,1,13.9899553571,-1.88988095238
2012-06-27 19:47:13,5566,1,12.4470238095,-1.54293154762
2012-06-27 19:47:14,5567,1,11.7044642857,-0.74255952381
2012-06-27 19:47:15,5568,1,11.8609375,0.156473214286
2012-06-27 19:47:16,5569,1,12.5491071429,0.688169642857
2012-06-27 19:47:17,5570,1,13.1521577381,0.603050595238
2012-06-27 19:47:18,5571,1,13.229985119,0.0778273809524
2012-06-27 19:47:19,5572,1,12.8130952381,-0.416889880952
2012-06-27 19:47:20,5573,1,12.3477678571,-0.465327380952
2012-06-27 19:47:21,5574,1,12.3290922619,-0.0186755952381
2012-06-27 19:47:22,5575,1,12.9366815476,0.607589285714
2012-06-27 19:47:23,5576,1,14.0084821429,1.07180059524
2012-06-27 19:47:24,5577,1,15.2488095238,1.24032738095
2012-06-27 19:47:25,5578,1,16.3793154762,1.13050595238
2012-06-27 19:47:26,5579,1,17.2155505952,0.836235119048
2012-06-27 19:47:27,5580,1,17.6952380952,0.4796875
2012-06-27 19:47:28,5581,1,17.8328125,0.137574404762
2012-06-27 19:47:29,5582,1,17.6929315476,-0.139880952381
2012-06-27 19:47:30,5583,1,17.3921130952,-0.300818452381
2012-06-27 19:47:31,5584,1,17.050297619,-0.34181547619
2012-06-27 19:47:32,5585,1,16.7410714286,-0.309226190476
2012-06-27 19:47:33,5586,1,16.4664434524,-0.27462797619
2012-06-27 19:47:34,5587,1,16.121577381,-0.344866071429
2012-06-27 19:47:35,5588,1,15.5138392857,-0.607738095238
2012-06-27 19:47:36,5589,1,14.4578125,-1.05602678571
2012-06-27 19:47:37,5590,1,12.862797619,-1.59501488095
2012-06-27 19:47:38,5591,1,10.8082589286,-2.05453869048
2012-06-27 19:47:39,5592,1,8.61183035714,-2.19642857143
2012-06-27 19:47:40,5593,1,6.77485119048,-1.83697916667
2012-06-27 19:47:41,5594,1,5.75989583333,-1.01495535714
2012-06-27 19:47:42,5595,1,5.75863095238,-0.00126488095238
2012-06-27 19:47:43,5596,1,6.60907738095,0.850446428571
2012-06-27 19:47:44,5597,1,7.87224702381,1.26316964286
2012-06-27 19:47:45,5598,1,9.03831845238,1.16607142857
2012-06-27 19:47:46,5599,1,9.76904761905,0.730729166667
2012-06-27 19:47:47,5600,1,9.9834077381,0.214360119048
2012-06-27 19:47:48,5601,1,9.75959821429,-0.22380952381
2012-06-27 19:47:49,5602,1,9.19761904762,-0.561979166667
2012-06-27 19:47:50,5603,1,8.32120535714,-0.876413690476
2012-06-27 19:47:51,5604,1,7.10491071429,-1.21629464286
2012-06-27 19:47:52,5605,1,5.63861607143,-1.46629464286
2012-06-27 19:47:53,5606,1,4.19568452381,-1.44293154762
2012-06-27 19:47:54,5607,1,3.08191964286,-1.11376488095
2012-06-27 19:47:55,5608,1,2.45275297619,-0.629166666667
2012-06-27 19:47:56,5609,1,2.2328125,-0.21994047619
2012-06-27 19:47:57,5610,1,2.12991071429,-0.102901785714
2012-06-27 19:47:58,5611,1,1.81078869048,-0.31912202381
2012-06-27 19:47:59,5612,1,1.22224702381,-0.588541666667
2012-06-27 19:48:00,5613,1,0.0,-1.22224702381
2012-06-27 20:48:23,9236,3623,0.0,0.0
2012-06-27 20:48:24,9237,1,1.6765625,1.6765625
2012-06-27 20:48:25,9238,1,2.85305059524,1.17648809524
2012-06-27 20:48:26,9239,1,3.93288690476,1.07983630952
2012-06-27 20:48:27,9240,1,4.73928571429,0.806398809524
2012-06-27 20:48:28,9241,1,5.31569940476,0.576413690476
2012-06-27 20:48:29,9242,1,5.81473214286,0.499032738095
2012-06-27 20:48:30,9243,1,6.51837797619,0.703645833333
2012-06-27 20:48:31,9244,1,7.66711309524,1.14873511905
2012-06-27 20:48:32,9245,1,9.1665922619,1.49947916667
2012-06-27 20:48:33,9246,1,10.6269345238,1.4603422619
2012-06-27 20:48:34,9247,1,11.6909970238,1.0640625
2012-06-27 20:48:35,9248,1,12.2956845238,0.6046875
2012-06-27 20:48:36,9249,1,12.6828125,0.387127976191
2012-06-27 20:48:37,9250,1,13.1548363095,0.472023809524
2012-06-27 20:48:38,9251,1,13.820014881,0.665178571429
2012-06-27 20:48:39,9252,1,14.5838541667,0.763839285714
2012-06-27 20:48:40,9253,1,15.3121279762,0.728273809524
2012-06-27 20:48:41,9254,1,15.9515625,0.63943452381
2012-06-27 20:48:42,9255,1,16.5188988095,0.567336309524
2012-06-27 20:48:43,9256,1,17.0174107143,0.498511904762
2012-06-27 20:48:44,9257,1,17.3960565476,0.378645833333
2012-06-27 20:48:45,9258,1,17.5813244048,0.185267857143
2012-06-27 20:48:46,9259,1,17.5359375,-0.0453869047619
2012-06-27 20:48:47,9260,1,17.2955357143,-0.240401785714
2012-06-27 20:48:48,9261,1,16.9467261905,-0.348809523809
2012-06-27 20:48:49,9262,1,16.5641369048,-0.382589285714
2012-06-27 20:48:50,9263,1,16.1461309524,-0.418005952381
2012-06-27 20:48:51,9264,1,15.5595982143,-0.586532738095
2012-06-27 20:48:52,9265,1,14.5408482143,-1.01875
2012-06-27 20:48:53,9266,1,12.8316964286,-1.70915178571
2012-06-27 20:48:54,9267,1,10.4188988095,-2.41279761905
2012-06-27 20:48:55,9268,1,7.68839285714,-2.73050595238
2012-06-27 20:48:56,9269,1,5.31011904762,-2.37827380952
2012-06-27 20:48:57,9270,1,3.87708333333,-1.43303571429
2012-06-27 20:48:58,9271,1,3.559375,-0.317708333333
2012-06-27 20:48:59,9272,1,4.05386904762,0.494494047619
2012-06-27 20:49:00,9273,1,4.86175595238,0.807886904762
2012-06-27 20:49:01,9274,1,5.67455357143,0.812797619048
2012-06-27 20:49:02,9275,1,6.59724702381,0.922693452381
2012-06-27 20:49:03,9276,1,8.02522321429,1.42797619048
2012-06-27 20:49:04,9277,1,10.237202381,2.21197916667
2012-06-27 20:49:05,9278,1,13.0624255952,2.82522321429
2012-06-27 20:49:06,9279,1,15.9282738095,2.86584821429
2012-06-27 20:49:07,9280,1,18.228422619,2.30014880952
2012-06-27 20:49:08,9281,1,19.7017857143,1.47336309524
2012-06-27 20:49:09,9282,1,20.5196428571,0.817857142857
2012-06-27 20:49:10,9283,1,21.0274553571,0.5078125
2012-06-27 20:49:11,9284,1,21.4228422619,0.395386904762
2012-06-27 20:49:12,9285,1,21.6743303571,0.251488095238
2012-06-27 20:49:13,9286,1,21.6663690476,-0.0079613095239
2012-06-27 20:49:14,9287,1,21.339360119,-0.327008928571
2012-06-27 20:49:15,9288,1,20.6924107143,-0.646949404762
2012-06-27 20:49:16,9289,1,19.6834821429,-1.00892857143
2012-06-27 20:49:17,9290,1,18.1361607143,-1.54732142857
2012-06-27 20:49:18,9291,1,15.8397321429,-2.29642857143
2012-06-27 20:49:19,9292,1,12.9125744048,-2.9271577381
2012-06-27 20:49:20,9293,1,10.0869047619,-2.82566964286
2012-06-27 20:49:21,9294,1,8.49464285714,-1.59226190476
2012-06-27 20:49:22,9295,1,9.03802083333,0.54337797619
2012-06-27 20:49:23,9296,1,11.8419642857,2.80394345238
2012-06-27 20:49:24,9297,1,16.2133184524,4.37135416667
2012-06-27 20:49:25,9298,1,21.1196428571,4.90632440476
2012-06-27 20:49:26,9299,1,25.7548363095,4.63519345238
2012-06-27 20:49:27,9300,1,29.7514136905,3.99657738095
2012-06-27 20:49:28,9301,1,33.0369791667,3.28556547619
2012-06-27 20:49:29,9302,1,35.6334077381,2.59642857143
2012-06-27 20:49:30,9303,1,37.5991071429,1.96569940476
2012-06-27 20:49:31,9304,1,39.0603422619,1.46123511905
2012-06-27 20:49:32,9305,1,40.178125,1.1177827381
2012-06-27 20:49:33,9306,1,41.0376488095,0.859523809524
2012-06-27 20:49:34,9307,1,41.5842261905,0.546577380952
2012-06-27 20:49:35,9308,1,41.6796875,0.0954613095238
2012-06-27 20:49:36,9309,1,41.2372767857,-0.442410714286
2012-06-27 20:49:37,9310,1,40.3239583333,-0.913318452381
2012-06-27 20:49:38,9311,1,39.1333333333,-1.190625
2012-06-27 20:49:39,9312,1,37.8632440476,-1.27008928571
2012-06-27 20:49:40,9313,1,36.635639881,-1.22760416667
2012-06-27 20:49:41,9314,1,35.5104166667,-1.12522321429
2012-06-27 20:49:42,9315,1,34.520014881,-0.990401785714
2012-06-27 20:49:43,9316,1,33.6739583333,-0.846056547619
2012-06-27 20:49:44,9317,1,32.9533482143,-0.720610119048
2012-06-27 20:49:45,9318,1,32.3178571429,-0.635491071429
2012-06-27 20:49:46,9319,1,31.717485119,-0.60037202381
2012-06-27 20:49:47,9320,1,31.0854910714,-0.631994047619
2012-06-27 20:49:48,9321,1,30.3069196429,-0.778571428571
2012-06-27 20:49:49,9322,1,29.1930059524,-1.11391369048
2012-06-27 20:49:50,9323,1,27.4991071429,-1.69389880952
2012-06-27 20:49:51,9324,1,24.9879464286,-2.51116071429
2012-06-27 20:49:52,9325,1,21.5163690476,-3.47157738095
2012-06-27 20:49:53,9326,1,17.1459077381,-4.37046130952
2012-06-27 20:49:54,9327,1,12.2492559524,-4.89665178571
2012-06-27 20:49:55,9328,1,7.5099702381,-4.73928571429
2012-06-27 20:49:56,9329,1,3.76599702381,-3.74397321429
2012-06-27 20:49:57,9330,1,0.0,-3.76599702381
2012-06-27 20:50:27,9360,30,0.0,0.0
2012-06-27 20:50:28,9361,1,4.18058035714,4.18058035714
2012-06-27 20:50:29,9362,1,7.86049107143,3.67991071429
2012-06-27 20:50:30,9363,1,12.2162946429,4.35580357143
2012-06-27 20:50:31,9364,1,16.6139136905,4.39761904762
2012-06-27 20:50:32,9365,1,20.6479166667,4.03400297619
2012-06-27 20:50:33,9366,1,24.1322916667,3.484375
2012-06-27 20:50:34,9367,1,27.0696428571,2.93735119048
2012-06-27 20:50:35,9368,1,29.575,2.50535714286
2012-06-27 20:50:36,9369,1,31.7912202381,2.2162202381
2012-06-27 20:50:37,9370,1,33.8261160714,2.03489583333
2012-06-27 20:50:38,9371,1,35.7087797619,1.88266369048
2012-06-27 20:50:39,9372,1,37.4068452381,1.69806547619
2012-06-27 20:50:40,9373,1,38.895014881,1.48816964286
2012-06-27 20:50:41,9374,1,40.1611607143,1.26614583333
2012-06-27 20:50:42,9375,1,41.1047619048,0.943601190476
2012-06-27 20:50:43,9376,1,41.4439732143,0.339211309524
2012-06-27 20:50:44,9377,1,40.7700892857,-0.673883928571
2012-06-27 20:50:45,9378,1,38.721875,-2.04821428571
2012-06-27 20:50:46,9379,1,35.1022693452,-3.61960565476
2012-06-27 20:50:47,9380,1,29.9080357143,-5.19423363095
2012-06-27 20:50:48,9381,1,23.4345982143,-6.4734375
2012-06-27 20:50:49,9382,1,16.3988839286,-7.03571428571
2012-06-27 20:50:50,9383,1,9.84099702381,-6.55788690476
2012-06-27 20:50:51,9384,1,4.83448660714,-5.00651041667
2012-06-27 20:50:52,9385,1,0.0,-4.83448660714
2012-06-27 20:51:16,9409,24,0.0,0.0
2012-06-27 20:51:17,9410,1,6.02176339286,6.02176339286
2012-06-27 20:51:18,9411,1,12.1417782738,6.12001488095
2012-06-27 20:51:19,9412,1,19.9593563988,7.817578125
2012-06-27 20:51:20,9413,1,28.2059895833,8.24663318452
2012-06-27 20:51:21,9414,1,35.928515625,7.72252604167
2012-06-27 20:51:22,9415,1,42.7765252976,6.84800967262
2012-06-27 20:51:23,9416,1,48.6285900298,5.85206473214
2012-06-27 20:51:24,9417,1,53.1146205357,4.48603050595
2012-06-27 20:51:25,9418,1,55.685546875,2.57092633929
2012-06-27 20:51:26,9419,1,56.0922247024,0.406677827381
2012-06-27 20:51:27,9420,1,54.7290178571,-1.36320684524
2012-06-27 20:51:28,9421,1,52.4664434524,-2.26257440476
2012-06-27 20:51:29,9422,1,50.096875,-2.36956845238
2012-06-27 20:51:30,9423,1,47.9787946429,-2.11808035714
2012-06-27 20:51:31,9424,1,46.1651785714,-1.81361607143
2012-06-27 20:51:32,9425,1,44.6796875,-1.48549107143
2012-06-27 20:51:33,9426,1,43.587797619,-1.09188988095
2012-06-27 20:51:34,9427,1,42.8969494048,-0.690848214286
2012-06-27 20:51:35,9428,1,42.5320684524,-0.364880952381
2012-06-27 20:51:36,9429,1,42.4368303571,-0.095238095238
2012-06-27 20:51:37,9430,1,42.5901785714,0.153348214286
2012-06-27 20:51:38,9431,1,42.9149553571,0.324776785714
2012-06-27 20:51:39,9432,1,43.2994791667,0.384523809524
2012-06-27 20:51:40,9433,1,43.7334077381,0.433928571429
2012-06-27 20:51:41,9434,1,44.3055059524,0.572098214286
2012-06-27 20:51:42,9435,1,44.9786458333,0.673139880952
2012-06-27 20:51:43,9436,1,45.3375744048,0.358928571429
2012-06-27 20:51:44,9437,1,44.5713541667,-0.766220238095
2012-06-27 20:51:45,9438,1,41.8553571429,-2.71599702381
2012-06-27 20:51:46,9439,1,36.9707589286,-4.88459821429
2012-06-27 20:51:47,9440,1,30.6677083333,-6.30305059524
2012-06-27 20:51:48,9441,1,24.45625,-6.21145833333
2012-06-27 20:51:49,9442,1,19.9529761905,-4.50327380952
2012-06-27 20:51:50,9443,1,18.1583333333,-1.79464285714
2012-06-27 20:51:51,9444,1,19.0936755952,0.935342261905
2012-06-27 20:51:52,9445,1,21.9950892857,2.90141369048
2012-06-27 20:51:53,9446,1,25.8470982143,3.85200892857
2012-06-27 20:51:54,9447,1,29.873139881,4.02604166667
2012-06-27 20:51:55,9448,1,33.7205357143,3.84739583333
2012-06-27 20:51:56,9449,1,37.3293154762,3.6087797619
2012-06-27 20:51:57,9450,1,40.7125744048,3.38325892857
2012-06-27 20:51:58,9451,1,43.8465029762,3.13392857143
2012-06-27 20:51:59,9452,1,46.6706845238,2.82418154762
2012-06-27 20:52:00,9453,1,49.1398065476,2.46912202381
2012-06-27 20:52:01,9454,1,51.2795386905,2.13973214286
2012-06-27 20:52:02,9455,1,53.191889881,1.91235119048
2012-06-27 20:52:03,9456,1,55.0078125,1.81592261905
2012-06-27 20:52:04,9457,1,56.8327380952,1.82492559524
2012-06-27 20:52:05,9458,1,58.7186755952,1.8859375
2012-06-27 20:52:06,9459,1,60.6667410714,1.94806547619
2012-06-27 20:52:07,9460,1,62.6375744048,1.97083333333
2012-06-27 20:52:08,9461,1,64.5620535714,1.92447916667
2012-06-27 20:52:09,9462,1,66.3677827381,1.80572916667
2012-06-27 20:52:10,9463,1,68.0105654762,1.6427827381
2012-06-27 20:52:11,9464,1,69.4863839286,1.47581845238
2012-06-27 20:52:12,9465,1,70.8200892857,1.33370535714
2012-06-27 20:52:13,9466,1,72.0408482143,1.22075892857
2012-06-27 20:52:14,9467,1,73.164360119,1.12351190476
2012-06-27 20:52:15,9468,1,74.1858630952,1.02150297619
2012-06-27 20:52:16,9469,1,75.0808035714,0.89494047619
2012-06-27 20:52:17,9470,1,75.8385416667,0.757738095238
2012-06-27 20:52:18,9471,1,76.5011904762,0.662648809524
2012-06-27 20:52:19,9472,1,77.1341517857,0.632961309524
2012-06-27 20:52:20,9473,1,77.759077381,0.624925595238
2012-06-27 20:52:21,9474,1,78.3267113095,0.567633928571
2012-06-27 20:52:22,9475,1,78.748735119,0.422023809524
2012-06-27 20:52:23,9476,1,78.9797619048,0.231026785714
2012-06-27 20:52:24,9477,1,79.0604910714,0.0807291666667
2012-06-27 20:52:25,9478,1,79.0300595238,-0.0304315476191
2012-06-27 20:52:26,9479,1,78.8404761905,-0.189583333333
2012-06-27 20:52:27,9480,1,78.4503720238,-0.390104166667
2012-06-27 20:52:28,9481,1,77.9698660714,-0.480505952381
2012-06-27 20:52:29,9482,1,77.634077381,-0.335788690476
2012-06-27 20:52:30,9483,1,77.6453869048,0.0113095238095
2012-06-27 20:52:31,9484,1,78.0368303571,0.391443452381
2012-06-27 20:52:32,9485,1,78.6462053571,0.609375
2012-06-27 20:52:33,9486,1,79.243452381,0.59724702381
2012-06-27 20:52:34,9487,1,79.6855654762,0.442113095238
2012-06-27 20:52:35,9488,1,79.9252232143,0.239657738095
2012-06-27 20:52:36,9489,1,79.9442708333,0.0190476190476
2012-06-27 20:52:37,9490,1,79.7510416667,-0.193229166667
2012-06-27 20:52:38,9491,1,79.3995535714,-0.351488095238
2012-06-27 20:52:39,9492,1,78.9576636905,-0.441889880952
2012-06-27 20:52:40,9493,1,78.4616071429,-0.496056547619
2012-06-27 20:52:41,9494,1,77.905952381,-0.555654761905
2012-06-27 20:52:42,9495,1,77.257514881,-0.6484375
2012-06-27 20:52:43,9496,1,76.480952381,-0.7765625
2012-06-27 20:52:44,9497,1,75.561235119,-0.919717261905
2012-06-27 20:52:45,9498,1,74.4938244048,-1.06741071429
2012-06-27 20:52:46,9499,1,73.2750744048,-1.21875
2012-06-27 20:52:47,9500,1,71.9286458333,-1.34642857143
2012-06-27 20:52:48,9501,1,70.5177083333,-1.4109375
2012-06-27 20:52:49,9502,1,69.1116071429,-1.40610119048
2012-06-27 20:52:50,9503,1,67.7455357143,-1.36607142857
2012-06-27 20:52:51,9504,1,66.4118303571,-1.33370535714
2012-06-27 20:52:52,9505,1,65.1055803571,-1.30625
2012-06-27 20:52:53,9506,1,63.8916666667,-1.21391369048
2012-06-27 20:52:54,9507,1,62.9022321429,-0.98943452381
2012-06-27 20:52:55,9508,1,62.2571428571,-0.645089285714
2012-06-27 20:52:56,9509,1,61.9959821429,-0.261160714286
2012-06-27 20:52:57,9510,1,62.0627232143,0.0667410714286
2012-06-27 20:52:58,9511,1,62.3380208333,0.275297619048
2012-06-27 20:52:59,9512,1,62.702827381,0.364806547619
2012-06-27 20:53:00,9513,1,63.0745535714,0.371726190476
2012-06-27 20:53:01,9514,1,63.4011160714,0.3265625
2012-06-27 20:53:02,9515,1,63.6663690476,0.26525297619
2012-06-27 20:53:03,9516,1,63.8970238095,0.230654761905
2012-06-27 20:53:04,9517,1,64.1295386905,0.232514880952
2012-06-27 20:53:05,9518,1,64.3723214286,0.242782738095
2012-06-27 20:53:06,9519,1,64.6074404762,0.235119047619
2012-06-27 20:53:07,9520,1,64.8215029762,0.2140625
2012-06-27 20:53:08,9521,1,65.0380952381,0.216592261905
2012-06-27 20:53:09,9522,1,65.3158482143,0.27775297619
2012-06-27 20:53:10,9523,1,65.6975446429,0.381696428571
2012-06-27 20:53:11,9524,1,66.1689732143,0.471428571429
2012-06-27 20:53:12,9525,1,66.679985119,0.511011904762
2012-06-27 20:53:13,9526,1,67.1814732143,0.501488095238
2012-06-27 20:53:14,9527,1,67.6220982143,0.440625
2012-06-27 20:53:15,9528,1,67.9313244048,0.309226190476
2012-06-27 20:53:16,9529,1,68.0397321429,0.108407738095
2012-06-27 20:53:17,9530,1,67.9391369048,-0.100595238095
2012-06-27 20:53:18,9531,1,67.726860119,-0.212276785714
2012-06-27 20:53:19,9532,1,67.5666666667,-0.160193452381
2012-06-27 20:53:20,9533,1,67.5792410714,0.012574404762
2012-06-27 20:53:21,9534,1,67.7649553571,0.185714285714
2012-06-27 20:53:22,9535,1,68.0301339286,0.265178571429
2012-06-27 20:53:23,9536,1,68.2779017857,0.247767857143
2012-06-27 20:53:24,9537,1,68.4744791667,0.196577380952
2012-06-27 20:53:25,9538,1,68.6465029762,0.172023809524
2012-06-27 20:53:26,9539,1,68.8320684524,0.18556547619
2012-06-27 20:53:27,9540,1,69.0313244048,0.199255952381
2012-06-27 20:53:28,9541,1,69.1941964286,0.162872023809
2012-06-27 20:53:29,9542,1,69.25625,0.0620535714286
2012-06-27 20:53:30,9543,1,69.1818452381,-0.0744047619048
2012-06-27 20:53:31,9544,1,68.9708333333,-0.211011904762
2012-06-27 20:53:32,9545,1,68.6494791667,-0.321354166667
2012-06-27 20:53:33,9546,1,68.2767857143,-0.372693452381
2012-06-27 20:53:34,9547,1,67.948139881,-0.328645833333
2012-06-27 20:53:35,9548,1,67.771577381,-0.1765625
2012-06-27 20:53:36,9549,1,67.8186011905,0.0470238095238
2012-06-27 20:53:37,9550,1,68.078125,0.259523809524
2012-06-27 20:53:38,9551,1,68.4648065476,0.386681547619
2012-06-27 20:53:39,9552,1,68.888764881,0.423958333333
2012-06-27 20:53:40,9553,1,69.3113839286,0.422619047619
2012-06-27 20:53:41,9554,1,69.7357142857,0.424330357143
2012-06-27 20:53:42,9555,1,70.1736607143,0.437946428571
2012-06-27 20:53:43,9556,1,70.6378720238,0.464211309524
2012-06-27 20:53:44,9557,1,71.1476190476,0.509747023809
2012-06-27 20:53:45,9558,1,71.7189732143,0.571354166667
2012-06-27 20:53:46,9559,1,72.3349702381,0.615997023809
2012-06-27 20:53:47,9560,1,72.9258928571,0.590922619048
2012-06-27 20:53:48,9561,1,73.3906994048,0.464806547619
2012-06-27 20:53:49,9562,1,73.6539434524,0.263244047619
2012-06-27 20:53:50,9563,1,73.7263392857,0.0723958333334
2012-06-27 20:53:51,9564,1,73.712797619,-0.0135416666667
2012-06-27 20:53:52,9565,1,73.7215029762,0.00870535714289
2012-06-27 20:53:53,9566,1,73.7491071429,0.0276041666666
2012-06-27 20:53:54,9567,1,73.6857886905,-0.0633184523809
2012-06-27 20:53:55,9568,1,73.4316964286,-0.254092261905
2012-06-27 20:53:56,9569,1,72.9782738095,-0.453422619048
2012-06-27 20:53:57,9570,1,72.3933779762,-0.584895833333
2012-06-27 20:53:58,9571,1,71.7638392857,-0.629538690476
2012-06-27 20:53:59,9572,1,71.152827381,-0.611011904762
2012-06-27 20:54:00,9573,1,70.6099702381,-0.542857142857
2012-06-27 20:54:01,9574,1,70.2033482143,-0.40662202381
2012-06-27 20:54:02,9575,1,69.9814732143,-0.221875
2012-06-27 20:54:03,9576,1,69.9026041667,-0.0788690476191
2012-06-27 20:54:04,9577,1,69.8598958333,-0.0427083333333
2012-06-27 20:54:05,9578,1,69.7755208333,-0.084375
2012-06-27 20:54:06,9579,1,69.6540178571,-0.12150297619
2012-06-27 20:54:07,9580,1,69.569047619,-0.0849702380952
2012-06-27 20:54:08,9581,1,69.5952380952,0.0261904761905
2012-06-27 20:54:09,9582,1,69.7384672619,0.143229166667
2012-06-27 20:54:10,9583,1,69.9449404762,0.206473214286
2012-06-27 20:54:11,9584,1,70.1678571429,0.222916666667
2012-06-27 20:54:12,9585,1,70.4043154762,0.236458333333
2012-06-27 20:54:13,9586,1,70.6671130952,0.262797619048
2012-06-27 20:54:14,9587,1,70.9279017857,0.260788690476
2012-06-27 20:54:15,9588,1,71.117485119,0.189583333333
2012-06-27 20:54:16,9589,1,71.2006696429,0.0831845238095
2012-06-27 20:54:17,9590,1,71.2255208333,0.0248511904762
2012-06-27 20:54:18,9591,1,71.2919642857,0.066443452381
2012-06-27 20:54:19,9592,1,71.4810267857,0.1890625
2012-06-27 20:54:20,9593,1,71.8004464286,0.319419642857
2012-06-27 20:54:21,9594,1,72.1956845238,0.395238095238
2012-06-27 20:54:22,9595,1,72.6098214286,0.414136904762
2012-06-27 20:54:23,9596,1,73.0145833333,0.404761904762
2012-06-27 20:54:24,9597,1,73.3942708333,0.3796875
2012-06-27 20:54:25,9598,1,73.7218005952,0.327529761905
2012-06-27 20:54:26,9599,1,73.9526785714,0.230877976191
2012-06-27 20:54:27,9600,1,74.0462053571,0.0935267857143
2012-06-27 20:54:28,9601,1,73.9973958333,-0.0488095238096
2012-06-27 20:54:29,9602,1,73.8423363095,-0.155059523809
2012-06-27 20:54:30,9603,1,73.6302083333,-0.212127976191
2012-06-27 20:54:31,9604,1,73.394047619,-0.236160714286
2012-06-27 20:54:32,9605,1,73.1448660714,-0.249181547619
2012-06-27 20:54:33,9606,1,72.884672619,-0.260193452381
2012-06-27 20:54:34,9607,1,72.6220982143,-0.262574404762
2012-06-27 20:54:35,9608,1,72.3789434524,-0.243154761905
2012-06-27 20:54:36,9609,1,72.184077381,-0.194866071428
2012-06-27 20:54:37,9610,1,72.0570684524,-0.127008928571
2012-06-27 20:54:38,9611,1,71.9904017857,-0.0666666666667
2012-06-27 20:54:39,9612,1,71.9488839286,-0.0415178571429
2012-06-27 20:54:40,9613,1,71.8995535714,-0.0493303571428
2012-06-27 20:54:41,9614,1,71.8462797619,-0.0532738095238
2012-06-27 20:54:42,9615,1,71.822172619,-0.0241071428572
2012-06-27 20:54:43,9616,1,71.8494791667,0.0273065476191
2012-06-27 20:54:44,9617,1,71.9210565476,0.0715773809524
2012-06-27 20:54:45,9618,1,72.011235119,0.0901785714285
2012-06-27 20:54:46,9619,1,72.0904017857,0.0791666666667
2012-06-27 20:54:47,9620,1,72.1321428571,0.0417410714286
2012-06-27 20:54:48,9621,1,72.1082589286,-0.0238839285715
2012-06-27 20:54:49,9622,1,72.0000744048,-0.108184523809
2012-06-27 20:54:50,9623,1,71.8501488095,-0.149925595238
2012-06-27 20:54:51,9624,1,71.7758184524,-0.0743303571429
2012-06-27 20:54:52,9625,1,71.8741815476,0.0983630952381
2012-06-27 20:54:53,9626,1,72.1080357143,0.233854166667
2012-06-27 20:54:54,9627,1,72.3011904762,0.193154761905
2012-06-27 20:54:55,9628,1,72.2573660714,-0.0438244047619
2012-06-27 20:54:56,9629,1,71.9135416667,-0.343824404762
2012-06-27 20:54:57,9630,1,71.3886904762,-0.524851190476
2012-06-27 20:54:58,9631,1,70.8655505952,-0.523139880952
2012-06-27 20:54:59,9632,1,70.4330357143,-0.432514880952
2012-06-27 20:55:00,9633,1,70.0544642857,-0.378571428571
2012-06-27 20:55:01,9634,1,69.6493303571,-0.405133928572
2012-06-27 20:55:02,9635,1,69.1711309524,-0.478199404762
2012-06-27 20:55:03,9636,1,68.6281994048,-0.542931547619
2012-06-27 20:55:04,9637,1,68.0546875,-0.573511904762
2012-06-27 20:55:05,9638,1,67.471875,-0.5828125
2012-06-27 20:55:06,9639,1,66.8989583333,-0.572916666667
2012-06-27 20:55:07,9640,1,66.383110119,-0.515848214286
2012-06-27 20:55:08,9641,1,65.9746279762,-0.408482142857
2012-06-27 20:55:09,9642,1,65.6878720238,-0.286755952381
2012-06-27 20:55:10,9643,1,65.5052827381,-0.182589285714
2012-06-27 20:55:11,9644,1,65.3950892857,-0.110193452381
2012-06-27 20:55:12,9645,1,65.3318452381,-0.0632440476191
2012-06-27 20:55:13,9646,1,65.320014881,-0.0118303571428
2012-06-27 20:55:14,9647,1,65.3802827381,0.0602678571428
2012-06-27 20:55:15,9648,1,65.5107886905,0.130505952381
2012-06-27 20:55:16,9649,1,65.6845238095,0.173735119048
2012-06-27 20:55:17,9650,1,65.8777529762,0.193229166667
2012-06-27 20:55:18,9651,1,66.0853422619,0.207589285714
2012-06-27 20:55:19,9652,1,66.3217261905,0.236383928571
2012-06-27 20:55:20,9653,1,66.6110119048,0.289285714286
2012-06-27 20:55:21,9654,1,66.9609375,0.349925595238
2012-06-27 20:55:22,9655,1,67.3535714286,0.392633928571
2012-06-27 20:55:23,9656,1,67.7711309524,0.41755952381
2012-06-27 20:55:24,9657,1,68.2162202381,0.445089285714
2012-06-27 20:55:25,9658,1,68.7057291667,0.489508928571
2012-06-27 20:55:26,9659,1,69.2620535714,0.556324404762
2012-06-27 20:55:27,9660,1,69.9021577381,0.640104166667
2012-06-27 20:55:28,9661,1,70.6165922619,0.71443452381
2012-06-27 20:55:29,9662,1,71.3695684524,0.752976190476
2012-06-27 20:55:30,9663,1,72.1305059524,0.7609375
2012-06-27 20:55:31,9664,1,72.8913690476,0.760863095238
2012-06-27 20:55:32,9665,1,73.6378720238,0.746502976191
2012-06-27 20:55:33,9666,1,74.2945684524,0.656696428571
2012-06-27 20:55:34,9667,1,74.7052827381,0.410714285714
2012-06-27 20:55:35,9668,1,74.70625,0.00096726190479
2012-06-27 20:55:36,9669,1,74.2531994048,-0.453050595238
2012-06-27 20:55:37,9670,1,73.4773809524,-0.775818452381
2012-06-27 20:55:38,9671,1,72.6051339286,-0.872247023809
2012-06-27 20:55:39,9672,1,71.8186755952,-0.786458333333
2012-06-27 20:55:40,9673,1,71.1881696429,-0.630505952381
2012-06-27 20:55:41,9674,1,70.7058035714,-0.482366071429
2012-06-27 20:55:42,9675,1,70.3384672619,-0.367336309524
2012-06-27 20:55:43,9676,1,70.0311755952,-0.307291666667
2012-06-27 20:55:44,9677,1,69.6895833333,-0.341592261905
2012-06-27 20:55:45,9678,1,69.2075892857,-0.481994047619
2012-06-27 20:55:46,9679,1,68.5412202381,-0.666369047619
2012-06-27 20:55:47,9680,1,67.7465029762,-0.794717261905
2012-06-27 20:55:48,9681,1,66.9206845238,-0.825818452381
2012-06-27 20:55:49,9682,1,66.1117559524,-0.808928571429
2012-06-27 20:55:50,9683,1,65.3107886905,-0.800967261905
2012-06-27 20:55:51,9684,1,64.5250744048,-0.785714285714
2012-06-27 20:55:52,9685,1,63.8264136905,-0.698660714286
2012-06-27 20:55:53,9686,1,63.3158482143,-0.510565476191
2012-06-27 20:55:54,9687,1,63.0489583333,-0.266889880952
2012-06-27 20:55:55,9688,1,63.0067708333,-0.0421875
2012-06-27 20:55:56,9689,1,63.1375,0.130729166667
2012-06-27 20:55:57,9690,1,63.4006696429,0.263169642857
2012-06-27 20:55:58,9691,1,63.7558779762,0.355208333333
2012-06-27 20:55:59,9692,1,64.1321428571,0.376264880952
2012-06-27 20:56:00,9693,1,64.4355654762,0.303422619048
2012-06-27 20:56:01,9694,1,64.5870535714,0.151488095238
2012-06-27 20:56:02,9695,1,64.546875,-0.0401785714286
2012-06-27 20:56:03,9696,1,64.3197172619,-0.227157738095
2012-06-27 20:56:04,9697,1,63.9572172619,-0.3625
2012-06-27 20:56:05,9698,1,63.5508184524,-0.406398809524
2012-06-27 20:56:06,9699,1,63.1955357143,-0.355282738095
2012-06-27 20:56:07,9700,1,62.9202380952,-0.275297619048
2012-06-27 20:56:08,9701,1,62.6421875,-0.278050595238
2012-06-27 20:56:09,9702,1,62.2415922619,-0.400595238095
2012-06-27 20:56:10,9703,1,61.7046130952,-0.536979166667
2012-06-27 20:56:11,9704,1,61.1666666667,-0.537946428571
2012-06-27 20:56:12,9705,1,60.8230654762,-0.343601190476
2012-06-27 20:56:13,9706,1,60.7890625,-0.0340029761905
2012-06-27 20:56:14,9707,1,61.0108630952,0.221800595238
2012-06-27 20:56:15,9708,1,61.3251488095,0.314285714286
2012-06-27 20:56:16,9709,1,61.597172619,0.272023809524
2012-06-27 20:56:17,9710,1,61.776860119,0.1796875
2012-06-27 20:56:18,9711,1,61.8774553571,0.100595238095
2012-06-27 20:56:19,9712,1,61.9457589286,0.0683035714285
2012-06-27 20:56:20,9713,1,62.0303571429,0.0845982142857
2012-06-27 20:56:21,9714,1,62.171875,0.141517857143
2012-06-27 20:56:22,9715,1,62.4189732143,0.247098214286
2012-06-27 20:56:23,9716,1,62.8177083333,0.398735119048
2012-06-27 20:56:24,9717,1,63.3774553571,0.55974702381
2012-06-27 20:56:25,9718,1,64.0660714286,0.688616071429
2012-06-27 20:56:26,9719,1,64.8162202381,0.750148809524
2012-06-27 20:56:27,9720,1,65.5068452381,0.690625
2012-06-27 20:56:28,9721,1,65.9764136905,0.469568452381
2012-06-27 20:56:29,9722,1,66.1117559524,0.135342261905
2012-06-27 20:56:30,9723,1,65.9460565476,-0.165699404762
2012-06-27 20:56:31,9724,1,65.671577381,-0.274479166667
2012-06-27 20:56:32,9725,1,65.5148809524,-0.156696428571
2012-06-27 20:56:33,9726,1,65.5425595238,0.0276785714286
2012-06-27 20:56:34,9727,1,65.6015625,0.0590029761905
2012-06-27 20:56:35,9728,1,65.4769345238,-0.12462797619
2012-06-27 20:56:36,9729,1,65.0796130952,-0.397321428571
2012-06-27 20:56:37,9730,1,64.4838541667,-0.595758928571
2012-06-27 20:56:38,9731,1,63.8485119048,-0.635342261905
2012-06-27 20:56:39,9732,1,63.3229166667,-0.525595238095
2012-06-27 20:56:40,9733,1,62.9872767857,-0.335639880952
2012-06-27 20:56:41,9734,1,62.862797619,-0.124479166667
2012-06-27 20:56:42,9735,1,62.9624255952,0.0996279761905
2012-06-27 20:56:43,9736,1,63.2855654762,0.323139880952
2012-06-27 20:56:44,9737,1,63.7790178571,0.493452380952
2012-06-27 20:56:45,9738,1,64.3652529762,0.586235119048
2012-06-27 20:56:46,9739,1,64.995014881,0.629761904762
2012-06-27 20:56:47,9740,1,65.6630208333,0.668005952381
2012-06-27 20:56:48,9741,1,66.4156994048,0.752678571429
2012-06-27 20:56:49,9742,1,67.3159970238,0.900297619048
2012-06-27 20:56:50,9743,1,68.3646577381,1.04866071429
2012-06-27 20:56:51,9744,1,69.4744047619,1.10974702381
2012-06-27 20:56:52,9745,1,70.4946428571,1.02023809524
2012-06-27 20:56:53,9746,1,71.2501488095,0.755505952381
2012-06-27 20:56:54,9747,1,71.612202381,0.362053571429
2012-06-27 20:56:55,9748,1,71.5651785714,-0.0470238095238
2012-06-27 20:56:56,9749,1,71.2192708333,-0.345907738095
2012-06-27 20:56:57,9750,1,70.7396577381,-0.479613095238
2012-06-27 20:56:58,9751,1,70.1965029762,-0.543154761905
2012-06-27 20:56:59,9752,1,69.5401041667,-0.656398809524
2012-06-27 20:57:00,9753,1,68.8020089286,-0.738095238095
2012-06-27 20:57:01,9754,1,68.150297619,-0.651711309524
2012-06-27 20:57:02,9755,1,67.6583333333,-0.491964285714
2012-06-27 20:57:03,9756,1,67.20625,-0.452083333333
2012-06-27 20:57:04,9757,1,66.6129464286,-0.593303571429
2012-06-27 20:57:05,9758,1,65.782514881,-0.830431547619
2012-06-27 20:57:06,9759,1,64.8250744048,-0.95744047619
2012-06-27 20:57:07,9760,1,63.9808035714,-0.844270833333
2012-06-27 20:57:08,9761,1,63.3429315476,-0.63787202381
2012-06-27 20:57:09,9762,1,62.8050595238,-0.53787202381
2012-06-27 20:57:10,9763,1,62.2579613095,-0.547098214286
2012-06-27 20:57:11,9764,1,61.6708333333,-0.587127976191
2012-06-27 20:57:12,9765,1,61.0461309524,-0.624702380952
2012-06-27 20:57:13,9766,1,60.3959821429,-0.650148809524
2012-06-27 20:57:14,9767,1,59.7238839286,-0.672098214286
2012-06-27 20:57:15,9768,1,59.0245535714,-0.699330357143
2012-06-27 20:57:16,9769,1,58.3294642857,-0.695089285714
2012-06-27 20:57:17,9770,1,57.7343005952,-0.595163690476
2012-06-27 20:57:18,9771,1,57.378422619,-0.355877976191
2012-06-27 20:57:19,9772,1,57.3947916667,0.0163690476191
2012-06-27 20:57:20,9773,1,57.8446428571,0.449851190476
2012-06-27 20:57:21,9774,1,58.6918154762,0.847172619048
2012-06-27 20:57:22,9775,1,59.836235119,1.14441964286
2012-06-27 20:57:23,9776,1,61.1445684524,1.30833333333
2012-06-27 20:57:24,9777,1,62.4602678571,1.31569940476
2012-06-27 20:57:25,9778,1,63.6317708333,1.17150297619
2012-06-27 20:57:26,9779,1,64.5566220238,0.924851190476
2012-06-27 20:57:27,9780,1,65.2051339286,0.648511904762
2012-06-27 20:57:28,9781,1,65.6302827381,0.425148809524
2012-06-27 20:57:29,9782,1,65.9639880952,0.333705357143
2012-06-27 20:57:30,9783,1,66.3304315476,0.366443452381
2012-06-27 20:57:31,9784,1,66.7240327381,0.393601190476
2012-06-27 20:57:32,9785,1,67.0239583333,0.299925595238
2012-06-27 20:57:33,9786,1,67.1335565476,0.109598214286
2012-06-27 20:57:34,9787,1,67.0918154762,-0.0417410714285
2012-06-27 20:57:35,9788,1,67.0681547619,-0.0236607142857
2012-06-27 20:57:36,9789,1,67.2068452381,0.13869047619
2012-06-27 20:57:37,9790,1,67.4509672619,0.24412202381
2012-06-27 20:57:38,9791,1,67.58125,0.130282738095
2012-06-27 20:57:39,9792,1,67.4339285714,-0.147321428571
2012-06-27 20:57:40,9793,1,67.0337053571,-0.400223214286
2012-06-27 20:57:41,9794,1,66.5332589286,-0.500446428572
2012-06-27 20:57:42,9795,1,66.0598958333,-0.473363095238
2012-06-27 20:57:43,9796,1,65.6161458333,-0.44375
2012-06-27 20:57:44,9797,1,65.1146577381,-0.501488095238
2012-06-27 20:57:45,9798,1,64.4922619048,-0.622395833333
2012-06-27 20:57:46,9799,1,63.7875,-0.704761904762
2012-06-27 20:57:47,9800,1,63.1331845238,-0.654315476191
2012-06-27 20:57:48,9801,1,62.679985119,-0.453199404762
2012-06-27 20:57:49,9802,1,62.5085565476,-0.171428571428
2012-06-27 20:57:50,9803,1,62.5992559524,0.0906994047619
2012-06-27 20:57:51,9804,1,62.8615327381,0.262276785714
2012-06-27 20:57:52,9805,1,63.176860119,0.315327380952
2012-06-27 20:57:53,9806,1,63.4336309524,0.256770833333
2012-06-27 20:57:54,9807,1,63.5517857143,0.118154761905
2012-06-27 20:57:55,9808,1,63.492485119,-0.0593005952381
2012-06-27 20:57:56,9809,1,63.2529761905,-0.239508928571
2012-06-27 20:57:57,9810,1,62.8549107143,-0.39806547619
2012-06-27 20:57:58,9811,1,62.3380952381,-0.516815476191
2012-06-27 20:57:59,9812,1,61.7678571429,-0.570238095238
2012-06-27 20:58:00,9813,1,61.2453869048,-0.522470238095
2012-06-27 20:58:01,9814,1,60.8950892857,-0.350297619048
2012-06-27 20:58:02,9815,1,60.8212797619,-0.0738095238095
2012-06-27 20:58:03,9816,1,61.0607142857,0.239434523809
2012-06-27 20:58:04,9817,1,61.5626488095,0.50193452381
2012-06-27 20:58:05,9818,1,62.1990327381,0.636383928571
2012-06-27 20:58:06,9819,1,62.798735119,0.599702380952
2012-06-27 20:58:07,9820,1,63.2157738095,0.417038690476
2012-06-27 20:58:08,9821,1,63.3990327381,0.183258928571
2012-06-27 20:58:09,9822,1,63.3926339286,-0.0063988095238
2012-06-27 20:58:10,9823,1,63.2770833333,-0.115550595238
2012-06-27 20:58:11,9824,1,63.1247767857,-0.152306547619
2012-06-27 20:58:12,9825,1,62.9944940476,-0.130282738095
2012-06-27 20:58:13,9826,1,62.9428571429,-0.0516369047619
2012-06-27 20:58:14,9827,1,63.0161458333,0.0732886904762
2012-06-27 20:58:15,9828,1,63.2086309524,0.192485119048
2012-06-27 20:58:16,9829,1,63.4406994048,0.232068452381
2012-06-27 20:58:17,9830,1,63.6013392857,0.160639880952
2012-06-27 20:58:18,9831,1,63.6121279762,0.0107886904762
2012-06-27 20:58:19,9832,1,63.453422619,-0.158705357143
2012-06-27 20:58:20,9833,1,63.1552827381,-0.298139880952
2012-06-27 20:58:21,9834,1,62.7784970238,-0.376785714286
2012-06-27 20:58:22,9835,1,62.3837797619,-0.394717261905
2012-06-27 20:58:23,9836,1,62.001860119,-0.381919642857
2012-06-27 20:58:24,9837,1,61.6397321429,-0.362127976191
2012-06-27 20:58:25,9838,1,61.3090029762,-0.330729166667
2012-06-27 20:58:26,9839,1,61.0409970238,-0.268005952381
2012-06-27 20:58:27,9840,1,60.8869791667,-0.154017857143
2012-06-27 20:58:28,9841,1,60.8907738095,0.0037946428571
2012-06-27 20:58:29,9842,1,61.040922619,0.150148809524
2012-06-27 20:58:30,9843,1,61.2686755952,0.227752976191
2012-06-27 20:58:31,9844,1,61.4968005952,0.228125
2012-06-27 20:58:32,9845,1,61.6659970238,0.169196428571
2012-06-27 20:58:33,9846,1,61.7244047619,0.0584077380953
2012-06-27 20:58:34,9847,1,61.6178571429,-0.106547619048
2012-06-27 20:58:35,9848,1,61.2926339286,-0.325223214286
2012-06-27 20:58:36,9849,1,60.7172619048,-0.575372023809
2012-06-27 20:58:37,9850,1,59.9314732143,-0.785788690476
2012-06-27 20:58:38,9851,1,59.0790178571,-0.852455357143
2012-06-27 20:58:39,9852,1,58.3520089286,-0.727008928572
2012-06-27 20:58:40,9853,1,57.8666666667,-0.485342261905
2012-06-27 20:58:41,9854,1,57.5819196429,-0.28474702381
2012-06-27 20:58:42,9855,1,57.3215029762,-0.260416666667
2012-06-27 20:58:43,9856,1,56.8869791667,-0.434523809524
2012-06-27 20:58:44,9857,1,56.2098214286,-0.677157738095
2012-06-27 20:58:45,9858,1,55.4286458333,-0.781175595238
2012-06-27 20:58:46,9859,1,54.8122767857,-0.616369047619
2012-06-27 20:58:47,9860,1,54.5876488095,-0.224627976191
2012-06-27 20:58:48,9861,1,54.7902529762,0.202604166667
2012-06-27 20:58:49,9862,1,55.2246279762,0.434375
2012-06-27 20:58:50,9863,1,55.5712797619,0.346651785714
2012-06-27 20:58:51,9864,1,55.5895833333,0.0183035714285
2012-06-27 20:58:52,9865,1,55.2838541667,-0.305729166667
2012-06-27 20:58:53,9866,1,54.9104910714,-0.373363095238
2012-06-27 20:58:54,9867,1,54.8159970238,-0.0944940476191
2012-06-27 20:58:55,9868,1,55.2081845238,0.3921875
2012-06-27 20:58:56,9869,1,56.0008928571,0.792708333333
2012-06-27 20:58:57,9870,1,56.8465029762,0.845610119048
2012-06-27 20:58:58,9871,1,57.3467261905,0.500223214286
2012-06-27 20:58:59,9872,1,57.2730654762,-0.0736607142857
2012-06-27 20:59:00,9873,1,56.6431547619,-0.629910714286
2012-06-27 20:59:01,9874,1,55.6482886905,-0.994866071429
2012-06-27 20:59:02,9875,1,54.5200892857,-1.12819940476
2012-06-27 20:59:03,9876,1,53.425,-1.09508928571
2012-06-27 20:59:04,9877,1,52.3880952381,-1.0369047619
2012-06-27 20:59:05,9878,1,51.2295386905,-1.15855654762
2012-06-27 20:59:06,9879,1,49.6354910714,-1.59404761905
2012-06-27 20:59:07,9880,1,47.423735119,-2.21175595238
2012-06-27 20:59:08,9881,1,44.7761904762,-2.64754464286
2012-06-27 20:59:09,9882,1,42.1994791667,-2.57671130952
2012-06-27 20:59:10,9883,1,40.2467261905,-1.95275297619
2012-06-27 20:59:11,9884,1,39.2155505952,-1.03117559524
2012-06-27 20:59:12,9885,1,39.0425595238,-0.172991071429
2012-06-27 20:59:13,9886,1,39.4401785714,0.397619047619
2012-06-27 20:59:14,9887,1,40.1007440476,0.66056547619
2012-06-27 20:59:15,9888,1,40.8168154762,0.716071428571
2012-06-27 20:59:16,9889,1,41.5113839286,0.694568452381
2012-06-27 20:59:17,9890,1,42.1741071429,0.662723214286
2012-06-27 20:59:18,9891,1,42.7338541667,0.55974702381
2012-06-27 20:59:19,9892,1,43.0170386905,0.283184523809
2012-06-27 20:59:20,9893,1,42.8688244048,-0.148214285714
2012-06-27 20:59:21,9894,1,42.3208333333,-0.547991071429
2012-06-27 20:59:22,9895,1,41.6398065476,-0.681026785714
2012-06-27 20:59:23,9896,1,41.1715029762,-0.468303571429
2012-06-27 20:59:24,9897,1,41.0642113095,-0.107291666667
2012-06-27 20:59:25,9898,1,41.1347470238,0.0705357142857
2012-06-27 20:59:26,9899,1,41.0601190476,-0.0746279761904
2012-06-27 20:59:27,9900,1,40.7511160714,-0.30900297619
2012-06-27 20:59:28,9901,1,40.5486607143,-0.202455357143
2012-06-27 20:59:29,9902,1,41.0189732143,0.4703125
2012-06-27 20:59:30,9903,1,42.4956845238,1.47671130952
2012-06-27 20:59:31,9904,1,44.759077381,2.26339285714
2012-06-27 20:59:32,9905,1,47.1354910714,2.37641369048
2012-06-27 20:59:33,9906,1,48.9336309524,1.79813988095
2012-06-27 20:59:34,9907,1,49.8191964286,0.88556547619
2012-06-27 20:59:35,9908,1,49.8593005952,0.0401041666667
2012-06-27 20:59:36,9909,1,49.3640625,-0.495238095238
2012-06-27 20:59:37,9910,1,48.7274553571,-0.636607142857
2012-06-27 20:59:38,9911,1,48.3050595238,-0.422395833333
2012-06-27 20:59:39,9912,1,48.3249255952,0.0198660714286
2012-06-27 20:59:40,9913,1,48.8348958333,0.509970238095
2012-06-27 20:59:41,9914,1,49.6982886905,0.863392857143
2012-06-27 20:59:42,9915,1,50.6835565476,0.985267857143
2012-06-27 20:59:43,9916,1,51.6229166667,0.939360119048
2012-06-27 20:59:44,9917,1,52.5117559524,0.888839285714
2012-06-27 20:59:45,9918,1,53.46875,0.956994047619
2012-06-27 20:59:46,9919,1,54.5906994048,1.12194940476
2012-06-27 20:59:47,9920,1,55.8218005952,1.23110119048
2012-06-27 20:59:48,9921,1,56.9845982143,1.16279761905
2012-06-27 20:59:49,9922,1,57.9404761905,0.955877976191
2012-06-27 20:59:50,9923,1,58.6712053571,0.730729166667
2012-06-27 20:59:51,9924,1,59.233110119,0.561904761905
2012-06-27 20:59:52,9925,1,59.7010416667,0.467931547619
2012-06-27 20:59:53,9926,1,60.1433779762,0.442336309524
2012-06-27 20:59:54,9927,1,60.6218005952,0.478422619048
2012-06-27 20:59:55,9928,1,61.188764881,0.566964285714
2012-06-27 20:59:56,9929,1,61.8267113095,0.637946428571
2012-06-27 20:59:57,9930,1,62.3979910714,0.571279761905
2012-06-27 20:59:58,9931,1,62.7380952381,0.340104166667
2012-06-27 20:59:59,9932,1,62.8274553571,0.0893601190477
2012-06-27 21:00:00,9933,1,62.8413690476,0.0139136904762
2012-06-27 21:00:01,9934,1,63.023735119,0.182366071429
2012-06-27 21:00:02,9935,1,63.4993303571,0.475595238095
2012-06-27 21:00:03,9936,1,64.1568452381,0.657514880952
2012-06-27 21:00:04,9937,1,64.7089285714,0.552083333333
2012-06-27 21:00:05,9938,1,64.9193452381,0.210416666667
2012-06-27 21:00:06,9939,1,64.7879464286,-0.131398809524
2012-06-27 21:00:07,9940,1,64.5177083333,-0.270238095238
2012-06-27 21:00:08,9941,1,64.3410714286,-0.176636904762
2012-06-27 21:00:09,9942,1,64.3880208333,0.0469494047619
2012-06-27 21:00:10,9943,1,64.6798363095,0.29181547619
2012-06-27 21:00:11,9944,1,65.1948660714,0.515029761905
2012-06-27 21:00:12,9945,1,65.8917410714,0.696875
2012-06-27 21:00:13,9946,1,66.6677083333,0.775967261905
2012-06-27 21:00:14,9947,1,67.3517113095,0.68400297619
2012-06-27 21:00:15,9948,1,67.780952381,0.429241071429
2012-06-27 21:00:16,9949,1,67.8854166667,0.104464285714
2012-06-27 21:00:17,9950,1,67.716889881,-0.168526785714
2012-06-27 21:00:18,9951,1,67.4295386905,-0.287351190476
2012-06-27 21:00:19,9952,1,67.2246279762,-0.204910714286
2012-06-27 21:00:20,9953,1,67.279389881,0.0547619047619
2012-06-27 21:00:21,9954,1,67.690922619,0.411532738095
2012-06-27 21:00:22,9955,1,68.4475446429,0.756622023809
2012-06-27 21:00:23,9956,1,69.4453125,0.997767857143
2012-06-27 21:00:24,9957,1,70.545610119,1.10029761905
2012-06-27 21:00:25,9958,1,71.6114583333,1.06584821429
2012-06-27 21:00:26,9959,1,72.4984375,0.886979166667
2012-06-27 21:00:27,9960,1,73.0563988095,0.557961309524
2012-06-27 21:00:28,9961,1,73.1750744048,0.118675595238
2012-06-27 21:00:29,9962,1,72.8388392857,-0.336235119048
2012-06-27 21:00:30,9963,1,72.1415178571,-0.697321428571
2012-06-27 21:00:31,9964,1,71.245610119,-0.895907738095
2012-06-27 21:00:32,9965,1,70.3039434524,-0.941666666667
2012-06-27 21:00:33,9966,1,69.3854910714,-0.918452380952
2012-06-27 21:00:34,9967,1,68.4696428571,-0.915848214286
2012-06-27 21:00:35,9968,1,67.5197916667,-0.949851190476
2012-06-27 21:00:36,9969,1,66.559375,-0.960416666667
2012-06-27 21:00:37,9970,1,65.7006696429,-0.858705357143
2012-06-27 21:00:38,9971,1,65.1232142857,-0.577455357143
2012-06-27 21:00:39,9972,1,64.9994791667,-0.123735119048
2012-06-27 21:00:40,9973,1,65.4354910714,0.436011904762
2012-06-27 21:00:41,9974,1,66.5006696429,1.06517857143
2012-06-27 21:00:42,9975,1,68.261235119,1.76056547619
2012-06-27 21:00:43,9976,1,70.6904017857,2.42916666667
2012-06-27 21:00:44,9977,1,73.5180803571,2.82767857143
2012-06-27 21:00:45,9978,1,76.2073660714,2.68928571429
2012-06-27 21:00:46,9979,1,78.1469494048,1.93958333333
2012-06-27 21:00:47,9980,1,78.9641369048,0.8171875
2012-06-27 21:00:48,9981,1,78.730952381,-0.233184523809
2012-06-27 21:00:49,9982,1,77.8777529762,-0.853199404762
2012-06-27 21:00:50,9983,1,76.8819940476,-0.995758928571
2012-06-27 21:00:51,9984,1,76.0048363095,-0.877157738095
2012-06-27 21:00:52,9985,1,75.2563988095,-0.7484375
2012-06-27 21:00:53,9986,1,74.5316220238,-0.724776785714
2012-06-27 21:00:54,9987,1,73.7597470238,-0.771875
2012-06-27 21:00:55,9988,1,72.9745535714,-0.785193452381
2012-06-27 21:00:56,9989,1,72.290922619,-0.683630952381
2012-06-27 21:00:57,9990,1,71.8197172619,-0.471205357143
2012-06-27 21:00:58,9991,1,71.5910714286,-0.228645833333
2012-06-27 21:00:59,9992,1,71.5505208333,-0.0405505952381
2012-06-27 21:01:00,9993,1,71.6204613095,0.0699404761905
2012-06-27 21:01:01,9994,1,71.7546875,0.134226190476
2012-06-27 21:01:02,9995,1,71.9345238095,0.179836309524
2012-06-27 21:01:03,9996,1,72.1267113095,0.1921875
2012-06-27 21:01:04,9997,1,72.2601190476,0.133407738095
2012-06-27 21:01:05,9998,1,72.256547619,-0.00357142857141
2012-06-27 21:01:06,9999,1,72.0936755952,-0.162872023809
2012-06-27 21:01:07,10000,1,71.8338541667,-0.259821428571
2012-06-27 21:01:08,10001,1,71.5854910714,-0.248363095238
2012-06-27 21:01:09,10002,1,71.4456845238,-0.139806547619
2012-06-27 21:01:10,10003,1,71.4786458333,0.0329613095238
2012-06-27 21:01:11,10004,1,71.7148809524,0.236235119048
2012-06-27 21:01:12,10005,1,72.144047619,0.429166666667
2012-06-27 21:01:13,10006,1,72.7167410714,0.572693452381
2012-06-27 21:01:14,10007,1,73.3604910714,0.64375
2012-06-27 21:01:15,10008,1,73.9854910714,0.625
2012-06-27 21:01:16,10009,1,74.4828869048,0.497395833333
2012-06-27 21:01:17,10010,1,74.7435267857,0.260639880952
2012-06-27 21:01:18,10011,1,74.6968005952,-0.0467261904762
2012-06-27 21:01:19,10012,1,74.3448660714,-0.35193452381
2012-06-27 21:01:20,10013,1,73.7694196429,-0.575446428571
2012-06-27 21:01:21,10014,1,73.0965029762,-0.672916666667
2012-06-27 21:01:22,10015,1,72.4333333333,-0.663169642857
2012-06-27 21:01:23,10016,1,71.8236607143,-0.609672619048
2012-06-27 21:01:24,10017,1,71.2568452381,-0.56681547619
2012-06-27 21:01:25,10018,1,70.7147321429,-0.542113095238
2012-06-27 21:01:26,10019,1,70.2017113095,-0.513020833333
2012-06-27 21:01:27,10020,1,69.7215029762,-0.480208333333
2012-06-27 21:01:28,10021,1,69.2290178571,-0.492485119048
2012-06-27 21:01:29,10022,1,68.6191220238,-0.609895833333
2012-06-27 21:01:30,10023,1,67.7845238095,-0.834598214286
2012-06-27 21:01:31,10024,1,66.7212053571,-1.06331845238
2012-06-27 21:01:32,10025,1,65.5872767857,-1.13392857143
2012-06-27 21:01:33,10026,1,64.6348958333,-0.952380952381
2012-06-27 21:01:34,10027,1,64.0895089286,-0.545386904762
2012-06-27 21:01:35,10028,1,64.0825892857,-0.0069196428571
2012-06-27 21:01:36,10029,1,64.6264136905,0.543824404762
2012-06-27 21:01:37,10030,1,65.6158482143,0.98943452381
2012-06-27 21:01:38,10031,1,66.8605654762,1.2447172619
2012-06-27 21:01:39,10032,1,68.1191220238,1.25855654762
2012-06-27 21:01:40,10033,1,69.1585565476,1.03943452381
2012-06-27 21:01:41,10034,1,69.8517857143,0.693229166667
2012-06-27 21:01:42,10035,1,70.2213541667,0.369568452381
2012-06-27 21:01:43,10036,1,70.3797619048,0.158407738095
2012-06-27 21:01:44,10037,1,70.4348958333,0.0551339285714
2012-06-27 21:01:45,10038,1,70.4429315476,0.0080357142858
2012-06-27 21:01:46,10039,1,70.4323660714,-0.0105654761905
2012-06-27 21:01:47,10040,1,70.4504464286,0.0180803571428
2012-06-27 21:01:48,10041,1,70.5601934524,0.10974702381
2012-06-27 21:01:49,10042,1,70.7889136905,0.228720238095
2012-06-27 21:01:50,10043,1,71.0968005952,0.307886904762
2012-06-27 21:01:51,10044,1,71.4000744048,0.303273809524
2012-06-27 21:01:52,10045,1,71.6226190476,0.222544642857
2012-06-27 21:01:53,10046,1,71.741889881,0.119270833333
2012-06-27 21:01:54,10047,1,71.795610119,0.0537202380952
2012-06-27 21:01:55,10048,1,71.8398809524,0.0442708333333
2012-06-27 21:01:56,10049,1,71.9130952381,0.0732142857143
2012-06-27 21:01:57,10050,1,72.0396577381,0.1265625
2012-06-27 21:01:58,10051,1,72.239360119,0.199702380952
2012-06-27 21:01:59,10052,1,72.5302827381,0.290922619048
2012-06-27 21:02:00,10053,1,72.9299107143,0.399627976191
2012-06-27 21:02:01,10054,1,73.4395833333,0.509672619048
2012-06-27 21:02:02,10055,1,74.0308779762,0.591294642857
2012-06-27 21:02:03,10056,1,74.6537202381,0.622842261905
2012-06-27 21:02:04,10057,1,75.2432291667,0.589508928571
2012-06-27 21:02:05,10058,1,75.7232886905,0.48005952381
2012-06-27 21:02:06,10059,1,76.0350446429,0.311755952381
2012-06-27 21:02:07,10060,1,76.1799107143,0.144866071429
2012-06-27 21:02:08,10061,1,76.2180059524,0.0380952380952
2012-06-27 21:02:09,10062,1,76.2005208333,-0.0174851190476
2012-06-27 21:02:10,10063,1,76.1044642857,-0.096056547619
2012-06-27 21:02:11,10064,1,75.8397321429,-0.264732142857
2012-06-27 21:02:12,10065,1,75.3188988095,-0.520833333333
2012-06-27 21:02:13,10066,1,74.5244791667,-0.794419642857
2012-06-27 21:02:14,10067,1,73.5113839286,-1.0130952381
2012-06-27 21:02:15,10068,1,72.3569196429,-1.15446428571
2012-06-27 21:02:16,10069,1,71.1334821429,-1.2234375
2012-06-27 21:02:17,10070,1,69.928422619,-1.20505952381
2012-06-27 21:02:18,10071,1,68.8536458333,-1.07477678571
2012-06-27 21:02:19,10072,1,67.9914434524,-0.862202380952
2012-06-27 21:02:20,10073,1,67.3145089286,-0.67693452381
2012-06-27 21:02:21,10074,1,66.6801339286,-0.634375
2012-06-27 21:02:22,10075,1,65.9171875,-0.762946428571
2012-06-27 21:02:23,10076,1,64.9201636905,-0.997023809524
2012-06-27 21:02:24,10077,1,63.6943452381,-1.22581845238
2012-06-27 21:02:25,10078,1,62.3626488095,-1.33169642857
2012-06-27 21:02:26,10079,1,61.1368303571,-1.22581845238
2012-06-27 21:02:27,10080,1,60.2340029762,-0.902827380952
2012-06-27 21:02:28,10081,1,59.7601934524,-0.473809523809
2012-06-27 21:02:29,10082,1,59.6498511905,-0.110342261905
2012-06-27 21:02:30,10083,1,59.721875,0.0720238095238
2012-06-27 21:02:31,10084,1,59.7926339286,0.0707589285714
2012-06-27 21:02:32,10085,1,59.7463541667,-0.0462797619047
2012-06-27 21:02:33,10086,1,59.5485863095,-0.197767857143
2012-06-27 21:02:34,10087,1,59.251860119,-0.296726190476
2012-06-27 21:02:35,10088,1,58.9966517857,-0.255208333333
2012-06-27 21:02:36,10089,1,58.9507440476,-0.0459077380953
2012-06-27 21:02:37,10090,1,59.1819196429,0.231175595238
2012-06-27 21:02:38,10091,1,59.5787946429,0.396875
2012-06-27 21:02:39,10092,1,59.9353422619,0.356547619048
2012-06-27 21:02:40,10093,1,60.1316220238,0.196279761905
2012-06-27 21:02:41,10094,1,60.2191964286,0.0875744047619
2012-06-27 21:02:42,10095,1,60.3491071429,0.129910714286
2012-06-27 21:02:43,10096,1,60.6502232143,0.301116071429
2012-06-27 21:02:44,10097,1,61.1662946429,0.516071428571
2012-06-27 21:02:45,10098,1,61.8682291667,0.70193452381
2012-06-27 21:02:46,10099,1,62.6863839286,0.818154761905
2012-06-27 21:02:47,10100,1,63.5259672619,0.839583333333
2012-06-27 21:02:48,10101,1,64.2894345238,0.763467261905
2012-06-27 21:02:49,10102,1,64.9076636905,0.618229166667
2012-06-27 21:02:50,10103,1,65.3427827381,0.435119047619
2012-06-27 21:02:51,10104,1,65.5722470238,0.229464285714
2012-06-27 21:02:52,10105,1,65.6041666667,0.0319196428572
2012-06-27 21:02:53,10106,1,65.5167410714,-0.0874255952381
2012-06-27 21:02:54,10107,1,65.448735119,-0.068005952381
2012-06-27 21:02:55,10108,1,65.5102678571,0.0615327380953
2012-06-27 21:02:56,10109,1,65.6797619048,0.169494047619
2012-06-27 21:02:57,10110,1,65.7914434524,0.111681547619
2012-06-27 21:02:58,10111,1,65.6511160714,-0.140327380952
2012-06-27 21:02:59,10112,1,65.1776785714,-0.4734375
2012-06-27 21:03:00,10113,1,64.4372767857,-0.740401785714
2012-06-27 21:03:01,10114,1,63.5821428571,-0.855133928571
2012-06-27 21:03:02,10115,1,62.7879464286,-0.794196428571
2012-06-27 21:03:03,10116,1,62.2107142857,-0.577232142857
2012-06-27 21:03:04,10117,1,61.9363839286,-0.274330357143
2012-06-27 21:03:05,10118,1,61.9340029762,-0.0023809523809
2012-06-27 21:03:06,10119,1,62.0671130952,0.133110119048
2012-06-27 21:03:07,10120,1,62.1861607143,0.119047619048
2012-06-27 21:03:08,10121,1,62.222172619,0.0360119047619
2012-06-27 21:03:09,10122,1,62.1929315476,-0.0292410714286
2012-06-27 21:03:10,10123,1,62.1441220238,-0.0488095238095
2012-06-27 21:03:11,10124,1,62.0944196429,-0.0497023809524
2012-06-27 21:03:12,10125,1,62.0371279762,-0.0572916666666
2012-06-27 21:03:13,10126,1,62.0114583333,-0.0256696428572
2012-06-27 21:03:14,10127,1,62.1413690476,0.129910714286
2012-06-27 21:03:15,10128,1,62.5460565476,0.4046875
2012-06-27 21:03:16,10129,1,63.2163690476,0.6703125
2012-06-27 21:03:17,10130,1,64.0015625,0.785193452381
2012-06-27 21:03:18,10131,1,64.7114583333,0.709895833333
2012-06-27 21:03:19,10132,1,65.2347470238,0.523288690476
2012-06-27 21:03:20,10133,1,65.5726190476,0.337872023809
2012-06-27 21:03:21,10134,1,65.7781994048,0.205580357143
2012-06-27 21:03:22,10135,1,65.8889136905,0.110714285714
2012-06-27 21:03:23,10136,1,65.9164434524,0.0275297619048
2012-06-27 21:03:24,10137,1,65.8675595238,-0.0488839285715
2012-06-27 21:03:25,10138,1,65.7488095238,-0.11875
2012-06-27 21:03:26,10139,1,65.5704613095,-0.178348214286
2012-06-27 21:03:27,10140,1,65.379389881,-0.191071428571
2012-06-27 21:03:28,10141,1,65.280952381,-0.0984375
2012-06-27 21:03:29,10142,1,65.3979166667,0.116964285714
2012-06-27 21:03:30,10143,1,65.7970982143,0.399181547619
2012-06-27 21:03:31,10144,1,66.453422619,0.656324404762
2012-06-27 21:03:32,10145,1,67.2642857143,0.810863095238
2012-06-27 21:03:33,10146,1,68.0814732143,0.8171875
2012-06-27 21:03:34,10147,1,68.7541666667,0.672693452381
2012-06-27 21:03:35,10148,1,69.1885416667,0.434375
2012-06-27 21:03:36,10149,1,69.3859375,0.197395833333
2012-06-27 21:03:37,10150,1,69.4183779762,0.0324404761905
2012-06-27 21:03:38,10151,1,69.3679315476,-0.0504464285715
2012-06-27 21:03:39,10152,1,69.2899553571,-0.0779761904761
2012-06-27 21:03:40,10153,1,69.2182291667,-0.0717261904762
2012-06-27 21:03:41,10154,1,69.193452381,-0.0247767857143
2012-06-27 21:03:42,10155,1,69.2722470238,0.0787946428571
2012-06-27 21:03:43,10156,1,69.4898809524,0.217633928571
2012-06-27 21:03:44,10157,1,69.8840029762,0.39412202381
2012-06-27 21:03:45,10158,1,70.5854166667,0.701413690476
2012-06-27 21:03:46,10159,1,71.695014881,1.10959821429
2012-06-27 21:03:47,10160,1,73.0235863095,1.32857142857
2012-06-27 21:03:48,10161,1,74.1523809524,1.12879464286
2012-06-27 21:03:49,10162,1,74.7355654762,0.58318452381
2012-06-27 21:03:50,10163,1,74.6944940476,-0.0410714285715
2012-06-27 21:03:51,10164,1,74.2625744048,-0.431919642857
2012-06-27 21:03:52,10165,1,73.8061755952,-0.456398809524
2012-06-27 21:03:53,10166,1,73.5257440476,-0.280431547619
2012-06-27 21:03:54,10167,1,73.4178571429,-0.107886904762
2012-06-27 21:03:55,10168,1,73.4336309524,0.0157738095239
2012-06-27 21:03:56,10169,1,73.5305803571,0.0969494047619
2012-06-27 21:03:57,10170,1,73.6750744048,0.144494047619
2012-06-27 21:03:58,10171,1,73.8884672619,0.213392857143
2012-06-27 21:03:59,10172,1,74.2420386905,0.353571428571
2012-06-27 21:04:00,10173,1,74.7896577381,0.547619047619
2012-06-27 21:04:01,10174,1,75.5280505952,0.738392857143
2012-06-27 21:04:02,10175,1,76.4054315476,0.877380952381
2012-06-27 21:04:03,10176,1,77.3380952381,0.932663690476
2012-06-27 21:04:04,10177,1,78.2260416667,0.887946428571
2012-06-27 21:04:05,10178,1,79.0107142857,0.784672619048
2012-06-27 21:04:06,10179,1,79.7530505952,0.742336309524
2012-06-27 21:04:07,10180,1,80.5939732143,0.840922619048
2012-06-27 21:04:08,10181,1,81.5933035714,0.999330357143
2012-06-27 21:04:09,10182,1,82.6438244048,1.05052083333
2012-06-27 21:04:10,10183,1,83.5355654762,0.891741071429
2012-06-27 21:04:11,10184,1,84.0767857143,0.541220238095
2012-06-27 21:04:12,10185,1,84.1973958333,0.120610119048
2012-06-27 21:04:13,10186,1,83.9645089286,-0.232886904762
2012-06-27 21:04:14,10187,1,83.4935267857,-0.470982142857
2012-06-27 21:04:15,10188,1,82.8670386905,-0.626488095238
2012-06-27 21:04:16,10189,1,82.1220238095,-0.745014880952
2012-06-27 21:04:17,10190,1,81.245014881,-0.877008928571
2012-06-27 21:04:18,10191,1,80.1568452381,-1.08816964286
2012-06-27 21:04:19,10192,1,78.7588541667,-1.39799107143
2012-06-27 21:04:20,10193,1,77.0763392857,-1.68251488095
2012-06-27 21:04:21,10194,1,75.3618303571,-1.71450892857
2012-06-27 21:04:22,10195,1,74.0052827381,-1.35654761905
2012-06-27 21:04:23,10196,1,73.3386904762,-0.666592261905
2012-06-27 21:04:24,10197,1,73.4819940476,0.143303571429
2012-06-27 21:04:25,10198,1,74.2831845238,0.80119047619
2012-06-27 21:04:26,10199,1,75.403422619,1.12023809524
2012-06-27 21:04:27,10200,1,76.4738095238,1.07038690476
2012-06-27 21:04:28,10201,1,77.2154761905,0.741666666667
2012-06-27 21:04:29,10202,1,77.5569940476,0.341517857143
2012-06-27 21:04:30,10203,1,77.665625,0.108630952381
2012-06-27 21:04:31,10204,1,77.76875,0.103125
2012-06-27 21:04:32,10205,1,77.9274553571,0.158705357143
2012-06-27 21:04:33,10206,1,77.9830357143,0.0555803571428
2012-06-27 21:04:34,10207,1,77.7085565476,-0.274479166667
2012-06-27 21:04:35,10208,1,77.0299107143,-0.678645833333
2012-06-27 21:04:36,10209,1,76.0892113095,-0.940699404762
2012-06-27 21:04:37,10210,1,75.0991071429,-0.990104166667
2012-06-27 21:04:38,10211,1,74.1886904762,-0.910416666667
2012-06-27 21:04:39,10212,1,73.3787202381,-0.809970238095
2012-06-27 21:04:40,10213,1,72.632514881,-0.746205357143
2012-06-27 21:04:41,10214,1,71.9032738095,-0.729241071429
2012-06-27 21:04:42,10215,1,71.1539434524,-0.749330357143
2012-06-27 21:04:43,10216,1,70.3413690476,-0.812574404762
2012-06-27 21:04:44,10217,1,69.3811011905,-0.960267857143
2012-06-27 21:04:45,10218,1,68.1499255952,-1.23117559524
2012-06-27 21:04:46,10219,1,66.5566220238,-1.59330357143
2012-06-27 21:04:47,10220,1,64.6447172619,-1.9119047619
2012-06-27 21:04:48,10221,1,62.6495535714,-1.99516369048
2012-06-27 21:04:49,10222,1,60.9328869048,-1.71666666667
2012-06-27 21:04:50,10223,1,59.8044642857,-1.12842261905
2012-06-27 21:04:51,10224,1,59.347172619,-0.457291666667
2012-06-27 21:04:52,10225,1,59.365625,0.0184523809524
2012-06-27 21:04:53,10226,1,59.496577381,0.130952380952
2012-06-27 21:04:54,10227,1,59.4092261905,-0.0873511904762
2012-06-27 21:04:55,10228,1,58.9516369048,-0.457589285714
2012-06-27 21:04:56,10229,1,58.1759672619,-0.775669642857
2012-06-27 21:04:57,10230,1,57.2837053571,-0.892261904762
2012-06-27 21:04:58,10231,1,56.5089285714,-0.774776785714
2012-06-27 21:04:59,10232,1,55.9838541667,-0.525074404762
2012-06-27 21:05:00,10233,1,55.7102678571,-0.273586309524
2012-06-27 21:05:01,10234,1,55.6325892857,-0.0776785714286
2012-06-27 21:05:02,10235,1,55.700297619,0.0677083333333
2012-06-27 21:05:03,10236,1,55.9046130952,0.20431547619
2012-06-27 21:05:04,10237,1,56.2552083333,0.350595238095
2012-06-27 21:05:05,10238,1,56.6715029762,0.416294642857
2012-06-27 21:05:06,10239,1,56.9791666667,0.307663690476
2012-06-27 21:05:07,10240,1,57.0697916667,0.090625
2012-06-27 21:05:08,10241,1,56.9761160714,-0.0936755952381
2012-06-27 21:05:09,10242,1,56.8087797619,-0.167336309524
2012-06-27 21:05:10,10243,1,56.6804315476,-0.128348214286
2012-06-27 21:05:11,10244,1,56.6207589286,-0.0596726190476
2012-06-27 21:05:12,10245,1,56.5625744048,-0.0581845238095
2012-06-27 21:05:13,10246,1,56.4529017857,-0.109672619048
2012-06-27 21:05:14,10247,1,56.3147321429,-0.138169642857
2012-06-27 21:05:15,10248,1,56.2142857143,-0.100446428571
2012-06-27 21:05:16,10249,1,56.237202381,0.0229166666667
2012-06-27 21:05:17,10250,1,56.4447916667,0.207589285714
2012-06-27 21:05:18,10251,1,56.8249255952,0.380133928571
2012-06-27 21:05:19,10252,1,57.3258184524,0.500892857143
2012-06-27 21:05:20,10253,1,57.925,0.599181547619
2012-06-27 21:05:21,10254,1,58.6673363095,0.742336309524
2012-06-27 21:05:22,10255,1,59.6494047619,0.982068452381
2012-06-27 21:05:23,10256,1,60.9361607143,1.28675595238
2012-06-27 21:05:24,10257,1,62.5001488095,1.56398809524
2012-06-27 21:05:25,10258,1,64.2325892857,1.73244047619
2012-06-27 21:05:26,10259,1,65.967485119,1.73489583333
2012-06-27 21:05:27,10260,1,67.5359375,1.56845238095
2012-06-27 21:05:28,10261,1,68.8453869048,1.30944940476
2012-06-27 21:05:29,10262,1,69.8988839286,1.05349702381
2012-06-27 21:05:30,10263,1,70.7539434524,0.85505952381
2012-06-27 21:05:31,10264,1,71.4625,0.708556547619
2012-06-27 21:05:32,10265,1,72.0266369048,0.564136904762
2012-06-27 21:05:33,10266,1,72.421577381,0.39494047619
2012-06-27 21:05:34,10267,1,72.6577380952,0.236160714286
2012-06-27 21:05:35,10268,1,72.7959077381,0.138169642857
2012-06-27 21:05:36,10269,1,72.915625,0.119717261905
2012-06-27 21:05:37,10270,1,73.0936011905,0.177976190476
2012-06-27 21:05:38,10271,1,73.3947172619,0.301116071429
2012-06-27 21:05:39,10272,1,73.8410714286,0.446354166667
2012-06-27 21:05:40,10273,1,74.3677083333,0.526636904762
2012-06-27 21:05:41,10274,1,74.8274553571,0.45974702381
2012-06-27 21:05:42,10275,1,75.0680059524,0.240550595238
2012-06-27 21:05:43,10276,1,75.0212797619,-0.0467261904761
2012-06-27 21:05:44,10277,1,74.7462053571,-0.275074404762
2012-06-27 21:05:45,10278,1,74.3918154762,-0.354389880952
2012-06-27 21:05:46,10279,1,74.0951636905,-0.296651785714
2012-06-27 21:05:47,10280,1,73.9175595238,-0.177604166667
2012-06-27 21:05:48,10281,1,73.8660714286,-0.0514880952381
2012-06-27 21:05:49,10282,1,73.9311011905,0.0650297619048
2012-06-27 21:05:50,10283,1,74.1040178571,0.172916666667
2012-06-27 21:05:51,10284,1,74.373139881,0.269122023809
2012-06-27 21:05:52,10285,1,74.6865327381,0.313392857143
2012-06-27 21:05:53,10286,1,74.9255952381,0.2390625
2012-06-27 21:05:54,10287,1,74.9448660714,0.0192708333334
2012-06-27 21:05:55,10288,1,74.6503720238,-0.294494047619
2012-06-27 21:05:56,10289,1,74.0477678571,-0.602604166667
2012-06-27 21:05:57,10290,1,73.2282738095,-0.819494047619
2012-06-27 21:05:58,10291,1,72.3066220238,-0.921651785714
2012-06-27 21:05:59,10292,1,71.3588541667,-0.947767857143
2012-06-27 21:06:00,10293,1,70.404389881,-0.954464285714
2012-06-27 21:06:01,10294,1,69.4247767857,-0.979613095238
2012-06-27 21:06:02,10295,1,68.3952380952,-1.02953869048
2012-06-27 21:06:03,10296,1,67.3316220238,-1.06361607143
2012-06-27 21:06:04,10297,1,66.3322916667,-0.999330357143
2012-06-27 21:06:05,10298,1,65.5611607143,-0.771130952381
2012-06-27 21:06:06,10299,1,65.1599702381,-0.401190476191
2012-06-27 21:06:07,10300,1,65.1542410714,-0.0057291666666
2012-06-27 21:06:08,10301,1,65.4382440476,0.28400297619
2012-06-27 21:06:09,10302,1,65.8523809524,0.414136904762
2012-06-27 21:06:10,10303,1,66.2746279762,0.42224702381
2012-06-27 21:06:11,10304,1,66.6505952381,0.375967261905
2012-06-27 21:06:12,10305,1,66.9670386905,0.316443452381
2012-06-27 21:06:13,10306,1,67.2130952381,0.246056547619
2012-06-27 21:06:14,10307,1,67.3482142857,0.135119047619
2012-06-27 21:06:15,10308,1,67.2947172619,-0.0534970238095
2012-06-27 21:06:16,10309,1,66.9930059524,-0.301711309524
2012-06-27 21:06:17,10310,1,66.4938988095,-0.499107142857
2012-06-27 21:06:18,10311,1,65.9801339286,-0.513764880952
2012-06-27 21:06:19,10312,1,65.6715029762,-0.308630952381
2012-06-27 21:06:20,10313,1,65.6955357143,0.0240327380952
2012-06-27 21:06:21,10314,1,66.0191964286,0.323660714286
2012-06-27 21:06:22,10315,1,66.4782738095,0.459077380952
2012-06-27 21:06:23,10316,1,66.8879464286,0.409672619048
2012-06-27 21:06:24,10317,1,67.1542410714,0.266294642857
2012-06-27 21:06:25,10318,1,67.3116815476,0.15744047619
2012-06-27 21:06:26,10319,1,67.4904761905,0.178794642857
2012-06-27 21:06:27,10320,1,67.823735119,0.333258928571
2012-06-27 21:06:28,10321,1,68.3235119048,0.499776785714
2012-06-27 21:06:29,10322,1,68.8435267857,0.520014880952
2012-06-27 21:06:30,10323,1,69.1806547619,0.33712797619
2012-06-27 21:06:31,10324,1,69.2125,0.0318452380953
2012-06-27 21:06:32,10325,1,68.9708333333,-0.241666666667
2012-06-27 21:06:33,10326,1,68.6077380952,-0.363095238095
2012-06-27 21:06:34,10327,1,68.2725446429,-0.335193452381
2012-06-27 21:06:35,10328,1,68.0158482143,-0.256696428571
2012-06-27 21:06:36,10329,1,67.7988095238,-0.217038690476
2012-06-27 21:06:37,10330,1,67.5636160714,-0.235193452381
2012-06-27 21:06:38,10331,1,67.3002232143,-0.263392857143
2012-06-27 21:06:39,10332,1,67.057514881,-0.242708333333
2012-06-27 21:06:40,10333,1,66.8859375,-0.171577380952
2012-06-27 21:06:41,10334,1,66.784375,-0.1015625
2012-06-27 21:06:42,10335,1,66.7144345238,-0.0699404761905
2012-06-27 21:06:43,10336,1,66.6479910714,-0.0664434523809
2012-06-27 21:06:44,10337,1,66.580952381,-0.0670386904762
2012-06-27 21:06:45,10338,1,66.5138392857,-0.0671130952381
2012-06-27 21:06:46,10339,1,66.4564732143,-0.0573660714286
2012-06-27 21:06:47,10340,1,66.4558035714,-0.00066964285709
2012-06-27 21:06:48,10341,1,66.5848214286,0.129017857143
2012-06-27 21:06:49,10342,1,66.8867559524,0.301934523809
2012-06-27 21:06:50,10343,1,67.335639881,0.448883928572
2012-06-27 21:06:51,10344,1,67.8630208333,0.527380952381
2012-06-27 21:06:52,10345,1,68.4320684524,0.569047619048
2012-06-27 21:06:53,10346,1,69.0769345238,0.644866071428
2012-06-27 21:06:54,10347,1,69.8633184524,0.786383928571
2012-06-27 21:06:55,10348,1,70.8282738095,0.964955357143
2012-06-27 21:06:56,10349,1,71.9639880952,1.13571428571
2012-06-27 21:06:57,10350,1,73.2162202381,1.25223214286
2012-06-27 21:06:58,10351,1,74.4851190476,1.26889880952
2012-06-27 21:06:59,10352,1,75.7067708333,1.22165178571
2012-06-27 21:07:00,10353,1,76.9480654762,1.24129464286
2012-06-27 21:07:01,10354,1,78.3348958333,1.38683035714
2012-06-27 21:07:02,10355,1,79.8739583333,1.5390625
2012-06-27 21:07:03,10356,1,81.3629464286,1.48898809524
2012-06-27 21:07:04,10357,1,82.4830357143,1.12008928571
2012-06-27 21:07:05,10358,1,83.0407738095,0.557738095238
2012-06-27 21:07:06,10359,1,83.1090029762,0.0682291666667
2012-06-27 21:07:07,10360,1,82.8886904762,-0.2203125
2012-06-27 21:07:08,10361,1,82.5117559524,-0.37693452381
2012-06-27 21:07:09,10362,1,82.0130208333,-0.498735119048
2012-06-27 21:07:10,10363,1,81.4133184524,-0.599702380952
2012-06-27 21:07:11,10364,1,80.7792410714,-0.634077380952
2012-06-27 21:07:12,10365,1,80.1924107143,-0.586830357143
2012-06-27 21:07:13,10366,1,79.6808035714,-0.511607142857
2012-06-27 21:07:14,10367,1,79.2183035714,-0.4625
2012-06-27 21:07:15,10368,1,78.7800595238,-0.438244047619
2012-06-27 21:07:16,10369,1,78.373139881,-0.406919642857
2012-06-27 21:07:17,10370,1,78.0291666667,-0.343973214286
2012-06-27 21:07:18,10371,1,77.7844494048,-0.244717261905
2012-06-27 21:07:19,10372,1,77.6602678571,-0.124181547619
2012-06-27 21:07:20,10373,1,77.6673363095,0.00706845238091
2012-06-27 21:07:21,10374,1,77.8008928571,0.133556547619
2012-06-27 21:07:22,10375,1,77.901264881,0.100372023809
2012-06-27 21:07:23,10376,1,77.5924107143,-0.308854166667
2012-06-27 21:07:24,10377,1,76.6876488095,-0.904761904762
2012-06-27 21:07:25,10378,1,75.5648809524,-1.12276785714
2012-06-27 21:07:26,10379,1,74.8167410714,-0.748139880952
2012-06-27 21:07:27,10380,1,74.6648065476,-0.15193452381
2012-06-27 21:07:28,10381,1,74.7766369048,0.111830357143
2012-06-27 21:07:29,10382,1,74.5107142857,-0.265922619048
2012-06-27 21:07:30,10383,1,73.4972470238,-1.0134672619
2012-06-27 21:07:31,10384,1,71.95625,-1.54099702381
2012-06-27 21:07:32,10385,1,70.2884672619,-1.6677827381
2012-06-27 21:07:33,10386,1,68.6313244048,-1.65714285714
2012-06-27 21:07:34,10387,1,66.9329613095,-1.69836309524
2012-06-27 21:07:35,10388,1,65.1600446429,-1.77291666667
2012-06-27 21:07:36,10389,1,63.3319196429,-1.828125
2012-06-27 21:07:37,10390,1,61.4839285714,-1.84799107143
2012-06-27 21:07:38,10391,1,59.6629464286,-1.82098214286
2012-06-27 21:07:39,10392,1,57.9234375,-1.73950892857
2012-06-27 21:07:40,10393,1,56.2648809524,-1.65855654762
2012-06-27 21:07:41,10394,1,54.5540178571,-1.71086309524
2012-06-27 21:07:42,10395,1,52.5172619048,-2.03675595238
2012-06-27 21:07:43,10396,1,49.8282738095,-2.68898809524
2012-06-27 21:07:44,10397,1,46.2583333333,-3.56994047619
2012-06-27 21:07:45,10398,1,41.7568452381,-4.50148809524
2012-06-27 21:07:46,10399,1,36.3647321429,-5.39211309524
2012-06-27 21:07:47,10400,1,30.1494047619,-6.21532738095
2012-06-27 21:07:48,10401,1,23.3561755952,-6.79322916667
2012-06-27 21:07:49,10402,1,16.5992559524,-6.75691964286
2012-06-27 21:07:50,10403,1,10.7943664966,-5.80488945578
2012-06-27 21:07:51,10404,1,6.75318877551,-4.04117772109
2012-06-27 21:07:52,10405,1,4.68514030612,-2.06804846939
2012-06-27 21:07:53,10406,1,4.07595663265,-0.609183673469
2012-06-27 21:07:54,10407,1,4.0940795068,0.0181228741497
2012-06-27 21:07:55,10408,1,4.11328656463,0.0192070578231
2012-06-27 21:07:56,10409,1,3.92443664966,-0.188849914966
2012-06-27 21:07:57,10410,1,3.60140660431,-0.323030045351
2012-06-27 21:07:58,10411,1,3.25610827664,-0.345298327664
2012-06-27 21:07:59,10412,1,2.92675382653,-0.329354450113
2012-06-27 21:08:00,10413,1,2.62599914966,-0.300754676871
2012-06-27 21:08:01,10414,1,2.39766156463,-0.228337585034
2012-06-27 21:08:02,10415,1,2.31312712585,-0.0845344387755
2012-06-27 21:08:03,10416,1,2.44136196145,0.128234835601
2012-06-27 21:08:04,10417,1,2.82186082766,0.380498866213
2012-06-27 21:08:05,10418,1,3.51121386054,0.68935303288
2012-06-27 21:08:06,10419,1,4.69197491497,1.18076105442
2012-06-27 21:08:07,10420,1,6.64968112245,1.95770620748
2012-06-27 21:08:08,10421,1,9.56369047619,2.91400935374
2012-06-27 21:08:09,10422,1,13.3054563492,3.74176587302
2012-06-27 21:08:10,10423,1,17.4147073413,4.10925099206
2012-06-27 21:08:11,10424,1,21.3087797619,3.89407242063
2012-06-27 21:08:12,10425,1,24.6120535714,3.30327380952
2012-06-27 21:08:13,10426,1,27.3444196429,2.73236607143
2012-06-27 21:08:14,10427,1,29.8165178571,2.47209821429
2012-06-27 21:08:15,10428,1,32.3127232143,2.49620535714
2012-06-27 21:08:16,10429,1,34.8340029762,2.5212797619
2012-06-27 21:08:17,10430,1,37.1238839286,2.28988095238
2012-06-27 21:08:18,10431,1,38.8828869048,1.75900297619
2012-06-27 21:08:19,10432,1,39.966889881,1.08400297619
2012-06-27 21:08:20,10433,1,40.4566964286,0.489806547619
2012-06-27 21:08:21,10434,1,40.535639881,0.078943452381
2012-06-27 21:08:22,10435,1,40.3280505952,-0.207589285714
2012-06-27 21:08:23,10436,1,39.9322916667,-0.395758928571
2012-06-27 21:08:24,10437,1,39.5491815476,-0.383110119048
2012-06-27 21:08:25,10438,1,39.4794642857,-0.0697172619047
2012-06-27 21:08:26,10439,1,40.0026041667,0.523139880952
2012-06-27 21:08:27,10440,1,41.2413690476,1.23876488095
2012-06-27 21:08:28,10441,1,43.0671875,1.82581845238
2012-06-27 21:08:29,10442,1,45.126860119,2.05967261905
2012-06-27 21:08:30,10443,1,47.0067708333,1.87991071429
2012-06-27 21:08:31,10444,1,48.3977678571,1.39099702381
2012-06-27 21:08:32,10445,1,49.1607142857,0.762946428571
2012-06-27 21:08:33,10446,1,49.3183035714,0.157589285714
2012-06-27 21:08:34,10447,1,48.9973214286,-0.320982142857
2012-06-27 21:08:35,10448,1,48.3529017857,-0.644419642857
2012-06-27 21:08:36,10449,1,47.5279761905,-0.824925595238
2012-06-27 21:08:37,10450,1,46.6344494048,-0.893526785714
2012-06-27 21:08:38,10451,1,45.7328869048,-0.9015625
2012-06-27 21:08:39,10452,1,44.8389880952,-0.893898809524
2012-06-27 21:08:40,10453,1,43.9519345238,-0.887053571429
2012-06-27 21:08:41,10454,1,43.0626488095,-0.889285714286
2012-06-27 21:08:42,10455,1,42.1366815476,-0.925967261905
2012-06-27 21:08:43,10456,1,41.0897321429,-1.04694940476
2012-06-27 21:08:44,10457,1,39.7811755952,-1.30855654762
2012-06-27 21:08:45,10458,1,38.0700892857,-1.71108630952
2012-06-27 21:08:46,10459,1,35.9183779762,-2.15171130952
2012-06-27 21:08:47,10460,1,33.4371279762,-2.48125
2012-06-27 21:08:48,10461,1,30.8263392857,-2.61078869048
2012-06-27 21:08:49,10462,1,28.2696428571,-2.55669642857
2012-06-27 21:08:50,10463,1,25.8678571429,-2.40178571429
2012-06-27 21:08:51,10464,1,23.6460565476,-2.22180059524
2012-06-27 21:08:52,10465,1,21.5837053571,-2.06235119048
2012-06-27 21:08:53,10466,1,19.614360119,-1.9693452381
2012-06-27 21:08:54,10467,1,17.6322916667,-1.98206845238
2012-06-27 21:08:55,10468,1,15.5404017857,-2.09188988095
2012-06-27 21:08:56,10469,1,13.3113095238,-2.2290922619
2012-06-27 21:08:57,10470,1,11.0218005952,-2.28950892857
2012-06-27 21:08:58,10471,1,8.82001488095,-2.20178571429
2012-06-27 21:08:59,10472,1,6.82209821429,-1.99791666667
2012-06-27 21:09:00,10473,1,5.02172619048,-1.80037202381
2012-06-27 21:09:01,10474,1,3.34642857143,-1.67529761905
2012-06-27 21:09:02,10475,1,1.90587797619,-1.44055059524
2012-06-27 21:09:03,10476,1,0.0,-1.90587797619
2012-06-27 21:09:17,10490,14,0.0,0.0
2012-06-27 21:09:18,10491,1,4.19084821429,4.19084821429
2012-06-27 21:09:19,10492,1,7.39985119048,3.20900297619
2012-06-27 21:09:20,10493,1,10.4796875,3.07983630952
2012-06-27 21:09:21,10494,1,12.6819196429,2.20223214286
2012-06-27 21:09:22,10495,1,13.8607142857,1.17879464286
2012-06-27 21:09:23,10496,1,14.3011160714,0.440401785714
2012-06-27 21:09:24,10497,1,14.3699404762,0.0688244047619
2012-06-27 21:09:25,10498,1,14.258110119,-0.111830357143
2012-06-27 21:09:26,10499,1,13.9803571429,-0.277752976191
2012-06-27 21:09:27,10500,1,13.5876488095,-0.392708333333
2012-06-27 21:09:28,10501,1,13.3139880952,-0.273660714286
2012-06-27 21:09:29,10502,1,13.4832589286,0.169270833333
2012-06-27 21:09:30,10503,1,14.3343005952,0.851041666667
2012-06-27 21:09:31,10504,1,15.9340029762,1.59970238095
2012-06-27 21:09:32,10505,1,18.1328125,2.19880952381
2012-06-27 21:09:33,10506,1,20.5489583333,2.41614583333
2012-06-27 21:09:34,10507,1,22.6872767857,2.13831845238
2012-06-27 21:09:35,10508,1,24.1909970238,1.5037202381
2012-06-27 21:09:36,10509,1,25.054389881,0.863392857143
2012-06-27 21:09:37,10510,1,25.6052083333,0.550818452381
2012-06-27 21:09:38,10511,1,26.2257440476,0.620535714286
2012-06-27 21:09:39,10512,1,27.0363839286,0.810639880952
2012-06-27 21:09:40,10513,1,27.8404017857,0.804017857143
2012-06-27 21:09:41,10514,1,28.3581845238,0.517782738095
2012-06-27 21:09:42,10515,1,28.4813988095,0.123214285714
2012-06-27 21:09:43,10516,1,28.3188244048,-0.162574404762
2012-06-27 21:09:44,10517,1,28.0572172619,-0.261607142857
2012-06-27 21:09:45,10518,1,27.803125,-0.254092261905
2012-06-27 21:09:46,10519,1,27.5279017857,-0.275223214286
2012-06-27 21:09:47,10520,1,27.1279761905,-0.399925595238
2012-06-27 21:09:48,10521,1,26.5541666667,-0.57380952381
2012-06-27 21:09:49,10522,1,25.9284970238,-0.625669642857
2012-06-27 21:09:50,10523,1,25.5371279762,-0.391369047619
2012-06-27 21:09:51,10524,1,25.679389881,0.142261904762
2012-06-27 21:09:52,10525,1,26.5005952381,0.821205357143
2012-06-27 21:09:53,10526,1,27.9377232143,1.43712797619
2012-06-27 21:09:54,10527,1,29.7872767857,1.84955357143
2012-06-27 21:09:55,10528,1,31.8104910714,2.02321428571
2012-06-27 21:09:56,10529,1,33.7966517857,1.98616071429
2012-06-27 21:09:57,10530,1,35.5901041667,1.79345238095
2012-06-27 21:09:58,10531,1,37.1200892857,1.52998511905
2012-06-27 21:09:59,10532,1,38.4134672619,1.29337797619
2012-06-27 21:10:00,10533,1,39.5522321429,1.13876488095
2012-06-27 21:10:01,10534,1,40.6050595238,1.05282738095
2012-06-27 21:10:02,10535,1,41.6029017857,0.997842261905
2012-06-27 21:10:03,10536,1,42.5686755952,0.965773809524
2012-06-27 21:10:04,10537,1,43.5323660714,0.963690476191
2012-06-27 21:10:05,10538,1,44.4909970238,0.958630952381
2012-06-27 21:10:06,10539,1,45.3641369048,0.873139880952
2012-06-27 21:10:07,10540,1,46.0246279762,0.660491071429
2012-06-27 21:10:08,10541,1,46.409077381,0.384449404762
2012-06-27 21:10:09,10542,1,46.59375,0.184672619048
2012-06-27 21:10:10,10543,1,46.7344494048,0.140699404762
2012-06-27 21:10:11,10544,1,46.9313244048,0.196875
2012-06-27 21:10:12,10545,1,47.157514881,0.22619047619
2012-06-27 21:10:13,10546,1,47.3119791667,0.154464285714
2012-06-27 21:10:14,10547,1,47.3398065476,0.0278273809523
2012-06-27 21:10:15,10548,1,47.2997767857,-0.0400297619047
2012-06-27 21:10:16,10549,1,47.318452381,0.0186755952381
2012-06-27 21:10:17,10550,1,47.4894345238,0.170982142857
2012-06-27 21:10:18,10551,1,47.8122767857,0.322842261905
2012-06-27 21:10:19,10552,1,48.211235119,0.398958333333
2012-06-27 21:10:20,10553,1,48.6017857143,0.390550595238
2012-06-27 21:10:21,10554,1,48.9421130952,0.340327380952
2012-06-27 21:10:22,10555,1,49.2352678571,0.293154761905
2012-06-27 21:10:23,10556,1,49.4930803571,0.2578125
2012-06-27 21:10:24,10557,1,49.7036458333,0.21056547619
2012-06-27 21:10:25,10558,1,49.8397321429,0.136086309524
2012-06-27 21:10:26,10559,1,49.8944196429,0.0546875
2012-06-27 21:10:27,10560,1,49.8960565476,0.0016369047619
2012-06-27 21:10:28,10561,1,49.8882440476,-0.0078124999999
2012-06-27 21:10:29,10562,1,49.9026785714,0.0144345238095
2012-06-27 21:10:30,10563,1,49.9303571429,0.0276785714285
2012-06-27 21:10:31,10564,1,49.8617559524,-0.0686011904762
2012-06-27 21:10:32,10565,1,49.4336309524,-0.428125
2012-06-27 21:10:33,10566,1,48.2916666667,-1.14196428571
2012-06-27 21:10:34,10567,1,46.1640625,-2.12760416667
2012-06-27 21:10:35,10568,1,42.9985119048,-3.16555059524
2012-06-27 21:10:36,10569,1,38.9634672619,-4.03504464286
2012-06-27 21:10:37,10570,1,34.3300595238,-4.6334077381
2012-06-27 21:10:38,10571,1,29.3246279762,-5.00543154762
2012-06-27 21:10:39,10572,1,24.0703869048,-5.25424107143
2012-06-27 21:10:40,10573,1,18.6555803571,-5.41480654762
2012-06-27 21:10:41,10574,1,13.2604166667,-5.39516369048
2012-06-27 21:10:42,10575,1,8.26331845238,-4.99709821429
2012-06-27 21:10:43,10576,1,4.25911458333,-4.00420386905
2012-06-27 21:10:44,10577,1,0.0,-4.25911458333
2012-06-27 21:11:18,10611,34,0.0,0.0
2012-06-27 21:11:19,10612,1,3.39419642857,3.39419642857
2012-06-27 21:11:20,10613,1,6.72038690476,3.32619047619
2012-06-27 21:11:21,10614,1,10.9505952381,4.23020833333
2012-06-27 21:11:22,10615,1,15.4041666667,4.45357142857
2012-06-27 21:11:23,10616,1,19.5240327381,4.11986607143
2012-06-27 21:11:24,10617,1,23.0174479167,3.49341517857
2012-06-27 21:11:25,10618,1,25.8779761905,2.86052827381
2012-06-27 21:11:26,10619,1,28.2246279762,2.34665178571
2012-06-27 21:11:27,10620,1,30.1398065476,1.91517857143
2012-06-27 21:11:28,10621,1,31.6424107143,1.50260416667
2012-06-27 21:11:29,10622,1,32.7439732143,1.1015625
2012-06-27 21:11:30,10623,1,33.514360119,0.770386904762
2012-06-27 21:11:31,10624,1,34.0863839286,0.572023809524
2012-06-27 21:11:32,10625,1,34.5785714286,0.4921875
2012-06-27 21:11:33,10626,1,35.0327380952,0.454166666667
2012-06-27 21:11:34,10627,1,35.4407738095,0.408035714286
2012-06-27 21:11:35,10628,1,35.8117559524,0.370982142857
2012-06-27 21:11:36,10629,1,36.1849702381,0.373214285714
2012-06-27 21:11:37,10630,1,36.5577380952,0.372767857143
2012-06-27 21:11:38,10631,1,36.8139136905,0.256175595238
2012-06-27 21:11:39,10632,1,36.7867559524,-0.0271577380953
2012-06-27 21:11:40,10633,1,36.4624255952,-0.324330357143
2012-06-27 21:11:41,10634,1,36.1247767857,-0.337648809524
2012-06-27 21:11:42,10635,1,36.2305803571,0.105803571429
2012-06-27 21:11:43,10636,1,37.0774553571,0.846875
2012-06-27 21:11:44,10637,1,38.567485119,1.4900297619
2012-06-27 21:11:45,10638,1,40.2753720238,1.70788690476
2012-06-27 21:11:46,10639,1,41.7419642857,1.4665922619
2012-06-27 21:11:47,10640,1,42.7375,0.995535714286
2012-06-27 21:11:48,10641,1,43.3002232143,0.562723214286
2012-06-27 21:11:49,10642,1,43.5881696429,0.287946428571
2012-06-27 21:11:50,10643,1,43.7366071429,0.1484375
2012-06-27 21:11:51,10644,1,43.8225446429,0.0859375
2012-06-27 21:11:52,10645,1,43.8843005952,0.061755952381
2012-06-27 21:11:53,10646,1,43.9336309524,0.0493303571428
2012-06-27 21:11:54,10647,1,43.955952381,0.0223214285715
2012-06-27 21:11:55,10648,1,43.9119047619,-0.0440476190476
2012-06-27 21:11:56,10649,1,43.7438988095,-0.168005952381
2012-06-27 21:11:57,10650,1,43.3867559524,-0.357142857143
2012-06-27 21:11:58,10651,1,42.7985863095,-0.588169642857
2012-06-27 21:11:59,10652,1,42.0255208333,-0.77306547619
2012-06-27 21:12:00,10653,1,41.2482142857,-0.777306547619
2012-06-27 21:12:01,10654,1,40.7306547619,-0.517559523809
2012-06-27 21:12:02,10655,1,40.68125,-0.0494047619048
2012-06-27 21:12:03,10656,1,41.1261904762,0.444940476191
2012-06-27 21:12:04,10657,1,41.8876488095,0.761458333333
2012-06-27 21:12:05,10658,1,42.6822172619,0.794568452381
2012-06-27 21:12:06,10659,1,43.2629464286,0.580729166667
2012-06-27 21:12:07,10660,1,43.5040922619,0.241145833333
2012-06-27 21:12:08,10661,1,43.3973958333,-0.106696428572
2012-06-27 21:12:09,10662,1,42.9954613095,-0.40193452381
2012-06-27 21:12:10,10663,1,42.3590029762,-0.636458333333
2012-06-27 21:12:11,10664,1,41.5507440476,-0.808258928572
2012-06-27 21:12:12,10665,1,40.6195684524,-0.931175595238
2012-06-27 21:12:13,10666,1,39.4632440476,-1.15632440476
2012-06-27 21:12:14,10667,1,37.679985119,-1.78325892857
2012-06-27 21:12:15,10668,1,34.7396577381,-2.94032738095
2012-06-27 21:12:16,10669,1,30.5042410714,-4.23541666667
2012-06-27 21:12:17,10670,1,25.5967261905,-4.90751488095
2012-06-27 21:12:18,10671,1,21.1705357143,-4.42619047619
2012-06-27 21:12:19,10672,1,18.2441220238,-2.92641369048
2012-06-27 21:12:20,10673,1,17.1709821429,-1.07313988095
2012-06-27 21:12:21,10674,1,17.6449404762,0.473958333333
2012-06-27 21:12:22,10675,1,19.1081845238,1.46324404762
2012-06-27 21:12:23,10676,1,21.0805803571,1.97239583333
2012-06-27 21:12:24,10677,1,23.1915922619,2.11101190476
2012-06-27 21:12:25,10678,1,25.1355654762,1.94397321429
2012-06-27 21:12:26,10679,1,26.725297619,1.58973214286
2012-06-27 21:12:27,10680,1,27.9321428571,1.2068452381
2012-06-27 21:12:28,10681,1,28.8130952381,0.880952380952
2012-06-27 21:12:29,10682,1,29.4217261905,0.608630952381
2012-06-27 21:12:30,10683,1,29.798735119,0.377008928571
2012-06-27 21:12:31,10684,1,29.9977678571,0.199032738095
2012-06-27 21:12:32,10685,1,30.0926339286,0.0948660714285
2012-06-27 21:12:33,10686,1,30.1614583333,0.0688244047619
2012-06-27 21:12:34,10687,1,30.2411458333,0.0796875
2012-06-27 21:12:35,10688,1,30.2979910714,0.0568452380953
2012-06-27 21:12:36,10689,1,30.2642113095,-0.0337797619048
2012-06-27 21:12:37,10690,1,30.0561011905,-0.208110119048
2012-06-27 21:12:38,10691,1,29.50625,-0.549851190476
2012-06-27 21:12:39,10692,1,28.3361607143,-1.17008928571
2012-06-27 21:12:40,10693,1,26.2859375,-2.05022321429
2012-06-27 21:12:41,10694,1,23.3098958333,-2.97604166667
2012-06-27 21:12:42,10695,1,19.6671130952,-3.6427827381
2012-06-27 21:12:43,10696,1,15.8291666667,-3.83794642857
2012-06-27 21:12:44,10697,1,12.276264881,-3.55290178571
2012-06-27 21:12:45,10698,1,9.3431547619,-2.93311011905
2012-06-27 21:12:46,10699,1,7.18020833333,-2.16294642857
2012-06-27 21:12:47,10700,1,5.74955357143,-1.4306547619
2012-06-27 21:12:48,10701,1,4.85275297619,-0.896800595238
2012-06-27 21:12:49,10702,1,4.27566964286,-0.577083333333
2012-06-27 21:12:50,10703,1,3.94233630952,-0.333333333333
2012-06-27 21:12:51,10704,1,3.89055059524,-0.0517857142857
2012-06-27 21:12:52,10705,1,4.13601190476,0.245461309524
2012-06-27 21:12:53,10706,1,4.59337797619,0.457366071429
2012-06-27 21:12:54,10707,1,5.1046875,0.51130952381
2012-06-27 21:12:55,10708,1,5.53891369048,0.434226190476
2012-06-27 21:12:56,10709,1,5.83735119048,0.2984375
2012-06-27 21:12:57,10710,1,5.94694940476,0.109598214286
2012-06-27 21:12:58,10711,1,5.78273809524,-0.164211309524
2012-06-27 21:12:59,10712,1,5.30014880952,-0.482589285714
2012-06-27 21:13:00,10713,1,4.57276785714,-0.727380952381
2012-06-27 21:13:01,10714,1,3.78214285714,-0.790625
2012-06-27 21:13:02,10715,1,3.12194940476,-0.660193452381
2012-06-27 21:13:03,10716,1,2.69055059524,-0.431398809524
2012-06-27 21:13:04,10717,1,2.46331845238,-0.227232142857
2012-06-27 21:13:05,10718,1,2.35178571429,-0.111532738095
2012-06-27 21:13:06,10719,1,2.2834077381,-0.0683779761905
2012-06-27 21:13:07,10720,1,2.24300595238,-0.0404017857143
2012-06-27 21:13:08,10721,1,2.27165178571,0.0286458333333
2012-06-27 21:13:09,10722,1,2.46547619048,0.193824404762
2012-06-27 21:13:10,10723,1,2.93913690476,0.473660714286
2012-06-27 21:13:11,10724,1,3.6943452381,0.755208333333
2012-06-27 21:13:12,10725,1,4.53296130952,0.838616071429
2012-06-27 21:13:13,10726,1,5.16168154762,0.628720238095
2012-06-27 21:13:14,10727,1,5.36726190476,0.205580357143
2012-06-27 21:13:15,10728,1,5.08943452381,-0.277827380952
2012-06-27 21:13:16,10729,1,4.37016369048,-0.719270833333
2012-06-27 21:13:17,10730,1,3.28511904762,-1.08504464286
2012-06-27 21:13:18,10731,1,2.01183035714,-1.27328869048
2012-06-27 21:13:19,10732,1,0.0,-2.01183035714
2012-06-27 21:13:20,10733,1,0.0,0.0
2012-06-27 21:13:21,10734,1,0.0,0.0
2012-06-27 21:13:22,10735,1,0.0,0.0
2012-06-27 21:13:23,10736,1,0.0,0.0
2012-06-27 21:13:24,10737,1,0.0,0.0
