timestamp,cycle_sec,timestep,speed_mph,accel_meters_ps
2012-09-10 07:32:20,0,57873,0.0,0.0
2012-09-10 07:32:21,1,1,4.35575810185,4.35575810185
2012-09-10 07:32:22,2,1,7.92742228836,3.57166418651
2012-09-10 07:32:23,3,1,12.0013392857,4.07391699735
2012-09-10 07:32:24,4,1,16.1373098545,4.13597056878
2012-09-10 07:32:25,5,1,20.2336722884,4.09636243386
2012-09-10 07:32:26,6,1,24.310515873,4.07684358466
2012-09-10 07:32:27,7,1,28.324917328,4.01440145503
2012-09-10 07:32:28,8,1,32.1083167989,3.7833994709
2012-09-10 07:32:29,9,1,35.4339037698,3.3255869709
2012-09-10 07:32:30,10,1,38.1465856481,2.71268187831
2012-09-10 07:32:31,11,1,40.2478091931,2.10122354497
2012-09-10 07:32:32,12,1,41.8623015873,1.61449239418
2012-09-10 07:32:33,13,1,43.1206679894,1.25836640212
2012-09-10 07:32:34,14,1,44.085557209,0.964889219577
2012-09-10 07:32:35,15,1,44.7884672619,0.70291005291
2012-09-10 07:32:36,16,1,45.3001488095,0.511681547619
2012-09-10 07:32:37,17,1,45.7375744048,0.437425595238
2012-09-10 07:32:38,18,1,46.2037946429,0.466220238095
2012-09-10 07:32:39,19,1,46.7317708333,0.527976190476
2012-09-10 07:32:40,20,1,47.292485119,0.560714285714
2012-09-10 07:32:41,21,1,47.8402529762,0.547767857143
2012-09-10 07:32:42,22,1,48.3326636905,0.492410714286
2012-09-10 07:32:43,23,1,48.7244791667,0.39181547619
2012-09-10 07:32:44,24,1,48.9696428571,0.245163690476
2012-09-10 07:32:45,25,1,49.0412946429,0.0716517857143
2012-09-10 07:32:46,26,1,48.9515625,-0.0897321428572
2012-09-10 07:32:47,27,1,48.7433779762,-0.208184523809
2012-09-10 07:32:48,28,1,48.4566220238,-0.286755952381
2012-09-10 07:32:49,29,1,48.1064732143,-0.350148809524
2012-09-10 07:32:50,30,1,47.6962053571,-0.410267857143
2012-09-10 07:32:51,31,1,47.2415178571,-0.4546875
2012-09-10 07:32:52,32,1,46.7697172619,-0.471800595238
2012-09-10 07:32:53,33,1,46.2982142857,-0.471502976191
2012-09-10 07:32:54,34,1,45.8276785714,-0.470535714286
2012-09-10 07:32:55,35,1,45.3526041667,-0.475074404762
2012-09-10 07:32:56,36,1,44.8679315476,-0.484672619048
2012-09-10 07:32:57,37,1,44.3716517857,-0.496279761905
2012-09-10 07:32:58,38,1,43.8661458333,-0.505505952381
2012-09-10 07:32:59,39,1,43.3426339286,-0.523511904762
2012-09-10 07:33:00,40,1,42.7404017857,-0.602232142857
2012-09-10 07:33:01,41,1,41.9070684524,-0.833333333333
2012-09-10 07:33:02,42,1,40.6084077381,-1.29866071429
2012-09-10 07:33:03,43,1,38.6087053571,-1.99970238095
2012-09-10 07:33:04,44,1,35.7827380952,-2.8259672619
2012-09-10 07:33:05,45,1,32.1818452381,-3.60089285714
2012-09-10 07:33:06,46,1,28.0118303571,-4.17001488095
2012-09-10 07:33:07,47,1,23.5595238095,-4.45230654762
2012-09-10 07:33:08,48,1,19.1113839286,-4.44813988095
2012-09-10 07:33:09,49,1,14.8857142857,-4.22566964286
2012-09-10 07:33:10,50,1,11.0527529762,-3.83296130952
2012-09-10 07:33:11,51,1,7.87261904762,-3.18013392857
2012-09-10 07:33:12,52,1,5.76324404762,-2.109375
2012-09-10 07:33:13,53,1,5.10066964286,-0.662574404762
2012-09-10 07:33:14,54,1,5.91547619048,0.814806547619
2012-09-10 07:33:15,55,1,7.83943452381,1.92395833333
2012-09-10 07:33:16,56,1,10.3604166667,2.52098214286
2012-09-10 07:33:17,57,1,13.1296875,2.76927083333
2012-09-10 07:33:18,58,1,16.059077381,2.92938988095
2012-09-10 07:33:19,59,1,19.1526041667,3.09352678571
2012-09-10 07:33:20,60,1,22.3113839286,3.1587797619
2012-09-10 07:33:21,61,1,25.3625,3.05111607143
2012-09-10 07:33:22,62,1,28.1989583333,2.83645833333
2012-09-10 07:33:23,63,1,30.7892857143,2.59032738095
2012-09-10 07:33:24,64,1,33.0885416667,2.29925595238
2012-09-10 07:33:25,65,1,35.0103422619,1.92180059524
2012-09-10 07:33:26,66,1,36.4743303571,1.46398809524
2012-09-10 07:33:27,67,1,37.4587797619,0.984449404762
2012-09-10 07:33:28,68,1,38.023139881,0.564360119048
2012-09-10 07:33:29,69,1,38.2907738095,0.267633928571
2012-09-10 07:33:30,70,1,38.406547619,0.115773809524
2012-09-10 07:33:31,71,1,38.5043154762,0.0977678571429
2012-09-10 07:33:32,72,1,38.6901041667,0.185788690476
2012-09-10 07:33:33,73,1,39.0267857143,0.336681547619
2012-09-10 07:33:34,74,1,39.5281994048,0.501413690476
2012-09-10 07:33:35,75,1,40.1758184524,0.647619047619
2012-09-10 07:33:36,76,1,40.9412202381,0.765401785714
2012-09-10 07:33:37,77,1,41.7829613095,0.841741071429
2012-09-10 07:33:38,78,1,42.6270089286,0.844047619048
2012-09-10 07:33:39,79,1,43.3739583333,0.746949404762
2012-09-10 07:33:40,80,1,43.9396577381,0.565699404762
2012-09-10 07:33:41,81,1,44.2960565476,0.356398809524
2012-09-10 07:33:42,82,1,44.4819940476,0.1859375
2012-09-10 07:33:43,83,1,44.5723214286,0.0903273809524
2012-09-10 07:33:44,84,1,44.6305803571,0.0582589285715
2012-09-10 07:33:45,85,1,44.6884672619,0.0578869047619
2012-09-10 07:33:46,86,1,44.7581845238,0.0697172619047
2012-09-10 07:33:47,87,1,44.8513392857,0.0931547619048
2012-09-10 07:33:48,88,1,44.9872767857,0.1359375
2012-09-10 07:33:49,89,1,45.1912946429,0.204017857143
2012-09-10 07:33:50,90,1,45.4864583333,0.295163690476
2012-09-10 07:33:51,91,1,45.8802827381,0.393824404762
2012-09-10 07:33:52,92,1,46.3540922619,0.47380952381
2012-09-10 07:33:53,93,1,46.8702380952,0.516145833333
2012-09-10 07:33:54,94,1,47.3921130952,0.521875
2012-09-10 07:33:55,95,1,47.8766369048,0.484523809524
2012-09-10 07:33:56,96,1,48.2305059524,0.353869047619
2012-09-10 07:33:57,97,1,48.3058035714,0.0752976190477
2012-09-10 07:33:58,98,1,47.9859375,-0.319866071429
2012-09-10 07:33:59,99,1,47.2866815476,-0.699255952381
2012-09-10 07:34:00,100,1,46.3579613095,-0.928720238095
2012-09-10 07:34:01,101,1,45.3683035714,-0.989657738095
2012-09-10 07:34:02,102,1,44.3920386905,-0.976264880952
2012-09-10 07:34:03,103,1,43.4299107143,-0.962127976191
2012-09-10 07:34:04,104,1,42.509672619,-0.920238095238
2012-09-10 07:34:05,105,1,41.708110119,-0.8015625
2012-09-10 07:34:06,106,1,41.0755208333,-0.632589285714
2012-09-10 07:34:07,107,1,40.5774553571,-0.49806547619
2012-09-10 07:34:08,108,1,40.1270833333,-0.45037202381
2012-09-10 07:34:09,109,1,39.6641369048,-0.462946428571
2012-09-10 07:34:10,110,1,39.1859375,-0.478199404762
2012-09-10 07:34:11,111,1,38.7211309524,-0.464806547619
2012-09-10 07:34:12,112,1,38.3209821429,-0.400148809524
2012-09-10 07:34:13,113,1,38.0742559524,-0.246726190476
2012-09-10 07:34:14,114,1,38.0777529762,0.0034970238095
2012-09-10 07:34:15,115,1,38.3691220238,0.291369047619
2012-09-10 07:34:16,116,1,38.8991071429,0.529985119048
2012-09-10 07:34:17,117,1,39.559375,0.660267857143
2012-09-10 07:34:18,118,1,40.2145833333,0.655208333333
2012-09-10 07:34:19,119,1,40.7051339286,0.490550595238
2012-09-10 07:34:20,120,1,40.8399553571,0.134821428571
2012-09-10 07:34:21,121,1,40.4320684524,-0.407886904762
2012-09-10 07:34:22,122,1,39.3926339286,-1.03943452381
2012-09-10 07:34:23,123,1,37.8220238095,-1.57061011905
2012-09-10 07:34:24,124,1,36.0163690476,-1.8056547619
2012-09-10 07:34:25,125,1,34.3557291667,-1.66063988095
2012-09-10 07:34:26,126,1,33.1307291667,-1.225
2012-09-10 07:34:27,127,1,32.4226934524,-0.708035714286
2012-09-10 07:34:28,128,1,32.1044642857,-0.318229166667
2012-09-10 07:34:29,129,1,31.9607886905,-0.143675595238
2012-09-10 07:34:30,130,1,31.8619047619,-0.0988839285714
2012-09-10 07:34:31,131,1,31.8500744048,-0.0118303571429
2012-09-10 07:34:32,132,1,32.0694196429,0.219345238095
2012-09-10 07:34:33,133,1,32.633110119,0.563690476191
2012-09-10 07:34:34,134,1,33.5432291667,0.910119047619
2012-09-10 07:34:35,135,1,34.6977678571,1.15453869048
2012-09-10 07:34:36,136,1,35.9610863095,1.26331845238
2012-09-10 07:34:37,137,1,37.2277529762,1.26666666667
2012-09-10 07:34:38,138,1,38.4255952381,1.1978422619
2012-09-10 07:34:39,139,1,39.4958333333,1.07023809524
2012-09-10 07:34:40,140,1,40.4047619048,0.908928571429
2012-09-10 07:34:41,141,1,41.1633184524,0.758556547619
2012-09-10 07:34:42,142,1,41.8120535714,0.648735119048
2012-09-10 07:34:43,143,1,42.3820684524,0.570014880952
2012-09-10 07:34:44,144,1,42.8716517857,0.489583333333
2012-09-10 07:34:45,145,1,43.2591517857,0.3875
2012-09-10 07:34:46,146,1,43.5287202381,0.269568452381
2012-09-10 07:34:47,147,1,43.6734375,0.144717261905
2012-09-10 07:34:48,148,1,43.6816220238,0.0081845238095
2012-09-10 07:34:49,149,1,43.5369791667,-0.144642857143
2012-09-10 07:34:50,150,1,43.2415178571,-0.295461309524
2012-09-10 07:34:51,151,1,42.8441220238,-0.397395833333
2012-09-10 07:34:52,152,1,42.4477678571,-0.396354166667
2012-09-10 07:34:53,153,1,42.1787946429,-0.268973214286
2012-09-10 07:34:54,154,1,42.1292410714,-0.0495535714285
2012-09-10 07:34:55,155,1,42.3075892857,0.178348214286
2012-09-10 07:34:56,156,1,42.637797619,0.330208333333
2012-09-10 07:34:57,157,1,43.0158482143,0.378050595238
2012-09-10 07:34:58,158,1,43.3790922619,0.363244047619
2012-09-10 07:34:59,159,1,43.7282738095,0.349181547619
2012-09-10 07:35:00,160,1,44.0947916667,0.366517857143
2012-09-10 07:35:01,161,1,44.4996279762,0.404836309524
2012-09-10 07:35:02,162,1,44.9351190476,0.435491071428
2012-09-10 07:35:03,163,1,45.3595238095,0.424404761905
2012-09-10 07:35:04,164,1,45.7024553571,0.342931547619
2012-09-10 07:35:05,165,1,45.9006696429,0.198214285714
2012-09-10 07:35:06,166,1,45.9523809524,0.0517113095238
2012-09-10 07:35:07,167,1,45.9369047619,-0.0154761904761
2012-09-10 07:35:08,168,1,45.9677083333,0.0308035714285
2012-09-10 07:35:09,169,1,46.1129464286,0.145238095238
2012-09-10 07:35:10,170,1,46.3548363095,0.241889880952
2012-09-10 07:35:11,171,1,46.6124255952,0.257589285714
2012-09-10 07:35:12,172,1,46.7712797619,0.158854166667
2012-09-10 07:35:13,173,1,46.6863095238,-0.0849702380953
2012-09-10 07:35:14,174,1,46.2048363095,-0.481473214286
2012-09-10 07:35:15,175,1,45.2215029762,-0.983333333333
2012-09-10 07:35:16,176,1,43.7070684524,-1.51443452381
2012-09-10 07:35:17,177,1,41.6898809524,-2.0171875
2012-09-10 07:35:18,178,1,39.2203869048,-2.46949404762
2012-09-10 07:35:19,179,1,36.3560267857,-2.86436011905
2012-09-10 07:35:20,180,1,33.1813244048,-3.17470238095
2012-09-10 07:35:21,181,1,29.817485119,-3.36383928571
2012-09-10 07:35:22,182,1,26.3697916667,-3.44769345238
2012-09-10 07:35:23,183,1,22.8476190476,-3.52217261905
2012-09-10 07:35:24,184,1,19.1570790816,-3.69053996599
2012-09-10 07:35:25,185,1,15.2325467687,-3.92453231293
2012-09-10 07:35:26,186,1,11.2307397959,-4.00180697279
2012-09-10 07:35:27,187,1,7.58507653061,-3.64566326531
2012-09-10 07:35:28,188,1,4.81069302721,-2.7743835034
2012-09-10 07:35:29,189,1,3.19481292517,-1.61588010204
2012-09-10 07:35:30,190,1,2.62951743197,-0.565295493197
2012-09-10 07:35:31,191,1,2.71691113946,0.087393707483
2012-09-10 07:35:32,192,1,3.03316326531,0.31625212585
2012-09-10 07:35:33,193,1,3.36348852041,0.330325255102
2012-09-10 07:35:34,194,1,3.82215136054,0.458662840136
2012-09-10 07:35:35,195,1,4.78700042517,0.964849064626
2012-09-10 07:35:36,196,1,6.62921981293,1.84221938776
2012-09-10 07:35:37,197,1,9.43521471088,2.80599489796
2012-09-10 07:35:38,198,1,12.9371704932,3.50195578231
2012-09-10 07:35:39,199,1,16.673352466,3.73618197279
2012-09-10 07:35:40,200,1,20.2637329932,3.59038052721
2012-09-10 07:35:41,201,1,23.5776679422,3.31393494898
2012-09-10 07:35:42,202,1,26.6510416667,3.07337372449
2012-09-10 07:35:43,203,1,29.5133928571,2.86235119048
2012-09-10 07:35:44,204,1,32.1226190476,2.60922619048
2012-09-10 07:35:45,205,1,34.3912202381,2.26860119048
2012-09-10 07:35:46,206,1,36.2374255952,1.84620535714
2012-09-10 07:35:47,207,1,37.6402529762,1.40282738095
2012-09-10 07:35:48,208,1,38.6639880952,1.02373511905
2012-09-10 07:35:49,209,1,39.4270089286,0.763020833333
2012-09-10 07:35:50,210,1,40.0445684524,0.61755952381
2012-09-10 07:35:51,211,1,40.5973958333,0.552827380952
2012-09-10 07:35:52,212,1,41.1337053571,0.53630952381
2012-09-10 07:35:53,213,1,41.6764136905,0.542708333333
2012-09-10 07:35:54,214,1,42.2302083333,0.553794642857
2012-09-10 07:35:55,215,1,42.7904761905,0.560267857143
2012-09-10 07:35:56,216,1,43.3354910714,0.545014880952
2012-09-10 07:35:57,217,1,43.80625,0.470758928571
2012-09-10 07:35:58,-86182,1,44.1103422619,0.304092261905
2012-09-10 07:35:59,-86181,1,44.1665922619,0.05625
2012-09-10 07:36:00,-86180,1,43.9593005952,-0.207291666667
2012-09-10 07:36:01,-86179,1,43.5226934524,-0.436607142857
2012-09-10 07:36:02,-86178,1,42.8310267857,-0.691666666667
2012-09-10 07:36:03,-86177,1,41.739360119,-1.09166666667
2012-09-10 07:36:04,-86176,1,40.0874255952,-1.65193452381
2012-09-10 07:36:05,-86175,1,37.8405505952,-2.246875
2012-09-10 07:36:06,-86174,1,35.131547619,-2.70900297619
2012-09-10 07:36:07,-86173,1,32.224702381,-2.9068452381
2012-09-10 07:36:08,-86172,1,29.4482142857,-2.77648809524
2012-09-10 07:36:09,-86171,1,27.1188244048,-2.32938988095
2012-09-10 07:36:10,-86170,1,25.4505952381,-1.66822916667
2012-09-10 07:36:11,-86169,1,24.4414434524,-1.00915178571
2012-09-10 07:36:12,-86168,1,23.8520089286,-0.58943452381
2012-09-10 07:36:13,-86167,1,23.3728422619,-0.479166666667
2012-09-10 07:36:14,-86166,1,22.8552083333,-0.517633928571
2012-09-10 07:36:15,-86165,1,22.3972470238,-0.457961309524
2012-09-10 07:36:16,-86164,1,22.2234375,-0.173809523809
2012-09-10 07:36:17,-86163,1,22.4959821429,0.272544642857
2012-09-10 07:36:18,-86162,1,23.2351190476,0.739136904762
2012-09-10 07:36:19,-86161,1,24.3569940476,1.121875
2012-09-10 07:36:20,-86160,1,25.7386904762,1.38169642857
2012-09-10 07:36:21,-86159,1,27.2780505952,1.53936011905
2012-09-10 07:36:22,-86158,1,28.9308035714,1.65275297619
2012-09-10 07:36:23,-86157,1,30.6941220238,1.76331845238
2012-09-10 07:36:24,-86156,1,32.5490327381,1.85491071429
2012-09-10 07:36:25,-86155,1,34.409077381,1.86004464286
2012-09-10 07:36:26,-86154,1,36.1232142857,1.71413690476
2012-09-10 07:36:27,-86153,1,37.5426339286,1.41941964286
2012-09-10 07:36:28,-86152,1,38.5969494048,1.05431547619
2012-09-10 07:36:29,-86151,1,39.3186011905,0.721651785714
2012-09-10 07:36:30,-86150,1,39.8136904762,0.495089285714
2012-09-10 07:36:31,-86149,1,40.2166666667,0.402976190476
2012-09-10 07:36:32,-86148,1,40.6493303571,0.432663690476
2012-09-10 07:36:33,-86147,1,41.1858630952,0.536532738095
2012-09-10 07:36:34,-86146,1,41.8370535714,0.651190476191
2012-09-10 07:36:35,-86145,1,42.5634672619,0.726413690476
2012-09-10 07:36:36,-86144,1,43.304985119,0.741517857143
2012-09-10 07:36:37,-86143,1,44.0057291667,0.700744047619
2012-09-10 07:36:38,-86142,1,44.6163690476,0.610639880952
2012-09-10 07:36:39,-86141,1,45.081547619,0.465178571429
2012-09-10 07:36:40,-86140,1,45.3400297619,0.258482142857
2012-09-10 07:36:41,-86139,1,45.3348214286,-0.0052083333334
2012-09-10 07:36:42,-86138,1,45.0102678571,-0.324553571429
2012-09-10 07:36:43,-86137,1,44.3033482143,-0.706919642857
2012-09-10 07:36:44,-86136,1,43.1654761905,-1.13787202381
2012-09-10 07:36:45,-86135,1,41.6226934524,-1.5427827381
2012-09-10 07:36:46,-86134,1,39.8086309524,-1.8140625
2012-09-10 07:36:47,-86133,1,37.9151785714,-1.89345238095
2012-09-10 07:36:48,-86132,1,36.1212053571,-1.79397321429
2012-09-10 07:36:49,-86131,1,34.5828125,-1.53839285714
2012-09-10 07:36:50,-86130,1,33.4622767857,-1.12053571429
2012-09-10 07:36:51,-86129,1,32.9195684524,-0.542708333333
2012-09-10 07:36:52,-86128,1,33.0419642857,0.122395833333
2012-09-10 07:36:53,-86127,1,33.7655505952,0.723586309524
2012-09-10 07:36:54,-86126,1,34.880952381,1.11540178571
2012-09-10 07:36:55,-86125,1,36.1442708333,1.26331845238
2012-09-10 07:36:56,-86124,1,37.3878720238,1.24360119048
2012-09-10 07:36:57,-86123,1,38.5369047619,1.1490327381
2012-09-10 07:36:58,-86122,1,39.5686755952,1.03177083333
2012-09-10 07:36:59,-86121,1,40.4859375,0.917261904762
2012-09-10 07:37:00,-86120,1,41.3086309524,0.822693452381
2012-09-10 07:37:01,-86119,1,42.0662202381,0.757589285714
2012-09-10 07:37:02,-86118,1,42.7898809524,0.723660714286
2012-09-10 07:37:03,-86117,1,43.5068452381,0.716964285714
2012-09-10 07:37:04,-86116,1,44.2357886905,0.728943452381
2012-09-10 07:37:05,-86115,1,44.9765625,0.740773809524
2012-09-10 07:37:06,-86114,1,45.6919642857,0.715401785714
2012-09-10 07:37:07,-86113,1,46.3041666667,0.612202380952
2012-09-10 07:37:08,-86112,1,46.7296875,0.425520833333
2012-09-10 07:37:09,-86111,1,46.9326636905,0.202976190476
2012-09-10 07:37:10,-86110,1,46.9492559524,0.0165922619048
2012-09-10 07:37:11,-86109,1,46.8635416667,-0.0857142857143
2012-09-10 07:37:12,-86108,1,46.758110119,-0.105431547619
2012-09-10 07:37:13,-86107,1,46.6805803571,-0.0775297619047
2012-09-10 07:37:14,-86106,1,46.6469494048,-0.033630952381
2012-09-10 07:37:15,-86105,1,46.6644345238,0.0174851190476
2012-09-10 07:37:16,-86104,1,46.7441964286,0.0797619047619
2012-09-10 07:37:17,-86103,1,46.8947916667,0.150595238095
2012-09-10 07:37:18,-86102,1,47.1080357143,0.213244047619
2012-09-10 07:37:19,-86101,1,47.3496279762,0.241592261905
2012-09-10 07:37:20,-86100,1,47.5623511905,0.212723214286
2012-09-10 07:37:21,-86099,1,47.6912202381,0.128869047619
2012-09-10 07:37:22,-86098,1,47.7208333333,0.0296130952381
2012-09-10 07:37:23,-86097,1,47.6895089286,-0.0313244047619
2012-09-10 07:37:24,-86096,1,47.663764881,-0.025744047619
2012-09-10 07:37:25,-86095,1,47.69375,0.0299851190476
2012-09-10 07:37:26,-86094,1,47.7833333333,0.0895833333333
2012-09-10 07:37:27,-86093,1,47.8992559524,0.115922619048
2012-09-10 07:37:28,-86092,1,48.0036458333,0.104389880952
2012-09-10 07:37:29,-86091,1,48.065922619,0.0622767857143
2012-09-10 07:37:30,-86090,1,48.0479166667,-0.0180059523809
2012-09-10 07:37:31,-86089,1,47.8980654762,-0.149851190476
2012-09-10 07:37:32,-86088,1,47.5738095238,-0.324255952381
2012-09-10 07:37:33,-86087,1,47.0707589286,-0.503050595238
2012-09-10 07:37:34,-86086,1,46.4259672619,-0.644791666667
2012-09-10 07:37:35,-86085,1,45.6928571429,-0.733110119048
2012-09-10 07:37:36,-86084,1,44.9154017857,-0.777455357143
2012-09-10 07:37:37,-86083,1,44.1226190476,-0.792782738095
2012-09-10 07:37:38,-86082,1,43.3391369048,-0.783482142857
2012-09-10 07:37:39,-86081,1,42.5930059524,-0.746130952381
2012-09-10 07:37:40,-86080,1,41.9124255952,-0.680580357143
2012-09-10 07:37:41,-86079,1,41.3151785714,-0.597247023809
2012-09-10 07:37:42,-86078,1,40.775,-0.540178571429
2012-09-10 07:37:43,-86077,1,40.1654017857,-0.609598214286
2012-09-10 07:37:44,-86076,1,39.2723958333,-0.893005952381
2012-09-10 07:37:45,-86075,1,37.9470238095,-1.32537202381
2012-09-10 07:37:46,-86074,1,36.2779761905,-1.66904761905
2012-09-10 07:37:47,-86073,1,34.59375,-1.68422619048
2012-09-10 07:37:48,-86072,1,33.2526785714,-1.34107142857
2012-09-10 07:37:49,-86071,1,32.3573660714,-0.8953125
2012-09-10 07:37:50,-86070,1,31.6357142857,-0.721651785714
2012-09-10 07:37:51,-86069,1,30.6183779762,-1.01733630952
2012-09-10 07:37:52,-86068,1,28.9294642857,-1.68891369048
2012-09-10 07:37:53,-86067,1,26.4308779762,-2.49858630952
2012-09-10 07:37:54,-86066,1,23.2051339286,-3.22574404762
2012-09-10 07:37:55,-86065,1,19.5138392857,-3.69129464286
2012-09-10 07:37:56,-86064,1,15.7848958333,-3.72894345238
2012-09-10 07:37:57,-86063,1,12.5433779762,-3.24151785714
2012-09-10 07:37:58,-86062,1,10.2386160714,-2.30476190476
2012-09-10 07:37:59,-86061,1,9.08720238095,-1.15141369048
2012-09-10 07:38:00,-86060,1,9.02767857143,-0.0595238095238
2012-09-10 07:38:01,-86059,1,9.75364583333,0.725967261905
2012-09-10 07:38:02,-86058,1,10.8076636905,1.05401785714
2012-09-10 07:38:03,-86057,1,11.7255208333,0.917857142857
2012-09-10 07:38:04,-86056,1,12.1867559524,0.461235119048
2012-09-10 07:38:05,-86055,1,12.1341517857,-0.0526041666667
2012-09-10 07:38:06,-86054,1,11.7791666667,-0.354985119048
2012-09-10 07:38:07,-86053,1,11.4476190476,-0.331547619048
2012-09-10 07:38:08,-86052,1,11.3936011905,-0.0540178571428
2012-09-10 07:38:09,-86051,1,11.7138392857,0.320238095238
2012-09-10 07:38:10,-86050,1,12.346875,0.633035714286
2012-09-10 07:38:11,-86049,1,13.1139880952,0.767113095238
2012-09-10 07:38:12,-86048,1,13.8,0.686011904762
2012-09-10 07:38:13,-86047,1,14.2398065476,0.439806547619
2012-09-10 07:38:14,-86046,1,14.338764881,0.0989583333334
2012-09-10 07:38:15,-86045,1,14.0207589286,-0.318005952381
2012-09-10 07:38:16,-86044,1,13.2107886905,-0.809970238095
2012-09-10 07:38:17,-86043,1,11.9226934524,-1.2880952381
2012-09-10 07:38:18,-86042,1,10.3453869048,-1.57730654762
2012-09-10 07:38:19,-86041,1,8.79456845238,-1.55081845238
2012-09-10 07:38:20,-86040,1,7.57418154762,-1.22038690476
2012-09-10 07:38:21,-86039,1,6.8771577381,-0.697023809524
2012-09-10 07:38:22,-86038,1,6.75796130952,-0.119196428571
2012-09-10 07:38:23,-86037,1,7.13303571429,0.375074404762
2012-09-10 07:38:24,-86036,1,7.7818452381,0.64880952381
2012-09-10 07:38:25,-86035,1,8.35171130952,0.569866071429
2012-09-10 07:38:26,-86034,1,8.40691964286,0.0552083333333
2012-09-10 07:38:27,-86033,1,7.57648809524,-0.830431547619
2012-09-10 07:38:28,-86032,1,5.79523809524,-1.78125
2012-09-10 07:38:29,-86031,1,3.53020833333,-2.2650297619
2012-09-10 07:38:30,-86030,1,0.0,-3.53020833333
2012-09-10 07:45:54,-85586,444,0.0,0.0
2012-09-10 07:45:55,-85585,1,1.20753348214,1.20753348214
2012-09-10 07:45:56,-85584,1,1.77250744048,0.564973958333
2012-09-10 07:45:57,-85583,1,2.10704985119,0.334542410714
2012-09-10 07:45:58,-85582,1,2.14847470238,0.0414248511905
2012-09-10 07:45:59,-85581,1,2.07074032738,-0.077734375
2012-09-10 07:46:00,-85580,1,2.01104910714,-0.0596912202381
2012-09-10 07:46:01,-85579,1,2.05825892857,0.0472098214286
2012-09-10 07:46:02,-85578,1,2.33180803571,0.273549107143
2012-09-10 07:46:03,-85577,1,2.94853050595,0.616722470238
2012-09-10 07:46:04,-85576,1,3.94014136905,0.991610863095
2012-09-10 07:46:05,-85575,1,5.21579241071,1.27565104167
2012-09-10 07:46:06,-85574,1,6.57726934524,1.36147693452
2012-09-10 07:46:07,-85573,1,7.80206473214,1.2247953869
2012-09-10 07:46:08,-85572,1,8.74795386905,0.945889136905
2012-09-10 07:46:09,-85571,1,9.3865327381,0.638578869048
2012-09-10 07:46:10,-85570,1,9.77633928571,0.389806547619
2012-09-10 07:46:11,-85569,1,10.0154017857,0.2390625
2012-09-10 07:46:12,-85568,1,10.1621279762,0.146726190476
2012-09-10 07:46:13,-85567,1,10.1638392857,0.0017113095238
2012-09-10 07:46:14,-85566,1,9.86837797619,-0.295461309524
2012-09-10 07:46:15,-85565,1,9.13883928571,-0.729538690476
2012-09-10 07:46:16,-85564,1,8.0134672619,-1.12537202381
2012-09-10 07:46:17,-85563,1,6.76822916667,-1.24523809524
2012-09-10 07:46:18,-85562,1,5.76755952381,-1.00066964286
2012-09-10 07:46:19,-85561,1,5.19709821429,-0.570461309524
2012-09-10 07:46:20,-85560,1,4.9369047619,-0.260193452381
2012-09-10 07:46:21,-85559,1,4.71964285714,-0.217261904762
2012-09-10 07:46:22,-85558,1,4.42351190476,-0.296130952381
2012-09-10 07:46:23,-85557,1,4.19799107143,-0.225520833333
2012-09-10 07:46:24,-85556,1,4.29806547619,0.100074404762
2012-09-10 07:46:25,-85555,1,4.84196428571,0.543898809524
2012-09-10 07:46:26,-85554,1,5.77522321429,0.933258928571
2012-09-10 07:46:27,-85553,1,7.01733630952,1.24211309524
2012-09-10 07:46:28,-85552,1,8.55238095238,1.53504464286
2012-09-10 07:46:29,-85551,1,10.3453869048,1.79300595238
2012-09-10 07:46:30,-85550,1,12.197172619,1.85178571429
2012-09-10 07:46:31,-85549,1,13.753125,1.55595238095
2012-09-10 07:46:32,-85548,1,14.6997767857,0.946651785714
2012-09-10 07:46:33,-85547,1,14.9280505952,0.228273809524
2012-09-10 07:46:34,-85546,1,14.5121279762,-0.415922619048
2012-09-10 07:46:35,-85545,1,13.5746279762,-0.9375
2012-09-10 07:46:36,-85544,1,12.1641369048,-1.41049107143
2012-09-10 07:46:37,-85543,1,10.2484375,-1.91569940476
2012-09-10 07:46:38,-85542,1,7.8484375,-2.4
2012-09-10 07:46:39,-85541,1,5.20066964286,-2.64776785714
2012-09-10 07:46:40,-85540,1,2.83348214286,-2.3671875
2012-09-10 07:46:41,-85539,1,0.0,-2.83348214286
2012-09-10 07:46:58,-85522,17,0.0,0.0
2012-09-10 07:46:59,-85521,1,3.3599702381,3.3599702381
2012-09-10 07:47:00,-85520,1,5.76257440476,2.40260416667
2012-09-10 07:47:01,-85519,1,8.01175595238,2.24918154762
2012-09-10 07:47:02,-85518,1,9.5009247449,1.48916879252
2012-09-10 07:47:03,-85517,1,9.91222363946,0.411298894558
2012-09-10 07:47:04,-85516,1,9.16193664966,-0.750286989796
2012-09-10 07:47:05,-85515,1,7.48067602041,-1.68126062925
2012-09-10 07:47:06,-85514,1,5.43274872449,-2.04792729592
2012-09-10 07:47:07,-85513,1,3.67699829932,-1.75575042517
2012-09-10 07:47:08,-85512,1,2.62151360544,-1.05548469388
2012-09-10 07:47:09,-85511,1,2.25713222789,-0.364381377551
2012-09-10 07:47:10,-85510,1,2.27501062925,0.0178784013605
2012-09-10 07:47:11,-85509,1,2.39284651361,0.117835884354
2012-09-10 07:47:12,-85508,1,2.65387967687,0.261033163265
2012-09-10 07:47:13,-85507,1,3.4205994898,0.766719812925
2012-09-10 07:47:14,-85506,1,5.07411777211,1.65351828231
2012-09-10 07:47:15,-85505,1,7.7168792517,2.64276147959
2012-09-10 07:47:16,-85504,1,11.0794430272,3.36256377551
2012-09-10 07:47:17,-85503,1,14.648480017,3.5690369898
2012-09-10 07:47:18,-85502,1,17.9425382653,3.2940582483
2012-09-10 07:47:19,-85501,1,20.7214710884,2.77893282313
2012-09-10 07:47:20,-85500,1,22.9819940476,2.26052295918
2012-09-10 07:47:21,-85499,1,24.847172619,1.86517857143
2012-09-10 07:47:22,-85498,1,26.4566220238,1.60944940476
2012-09-10 07:47:23,-85497,1,27.8679315476,1.41130952381
2012-09-10 07:47:24,-85496,1,29.0321428571,1.16421130952
2012-09-10 07:47:25,-85495,1,29.8736607143,0.841517857143
2012-09-10 07:47:26,-85494,1,30.3845238095,0.510863095238
2012-09-10 07:47:27,-85493,1,30.6365327381,0.252008928571
2012-09-10 07:47:28,-85492,1,30.7072172619,0.0706845238096
2012-09-10 07:47:29,-85491,1,30.5978422619,-0.109375
2012-09-10 07:47:30,-85490,1,30.2189732143,-0.378869047619
2012-09-10 07:47:31,-85489,1,29.449702381,-0.769270833333
2012-09-10 07:47:32,-85488,1,28.2234375,-1.22626488095
2012-09-10 07:47:33,-85487,1,26.5774553571,-1.64598214286
2012-09-10 07:47:34,-85486,1,24.6308035714,-1.94665178571
2012-09-10 07:47:35,-85485,1,22.5206845238,-2.11011904762
2012-09-10 07:47:36,-85484,1,20.339360119,-2.18132440476
2012-09-10 07:47:37,-85483,1,18.0878720238,-2.25148809524
2012-09-10 07:47:38,-85482,1,15.6999255952,-2.38794642857
2012-09-10 07:47:39,-85481,1,13.1662202381,-2.53370535714
2012-09-10 07:47:40,-85480,1,10.6605654762,-2.5056547619
2012-09-10 07:47:41,-85479,1,8.55044642857,-2.11011904762
2012-09-10 07:47:42,-85478,1,7.27008928571,-1.28035714286
2012-09-10 07:47:43,-85477,1,7.12678571429,-0.143303571429
2012-09-10 07:47:44,-85476,1,8.17983630952,1.05305059524
2012-09-10 07:47:45,-85475,1,10.2605654762,2.08072916667
2012-09-10 07:47:46,-85474,1,13.0608630952,2.80029761905
2012-09-10 07:47:47,-85473,1,16.223139881,3.16227678571
2012-09-10 07:47:48,-85472,1,19.4274553571,3.20431547619
2012-09-10 07:47:49,-85471,1,22.4701636905,3.04270833333
2012-09-10 07:47:50,-85470,1,25.2984375,2.82827380952
2012-09-10 07:47:51,-85469,1,27.9491815476,2.65074404762
2012-09-10 07:47:52,-85468,1,30.4339285714,2.48474702381
2012-09-10 07:47:53,-85467,1,32.7110119048,2.27708333333
2012-09-10 07:47:54,-85466,1,34.7629464286,2.05193452381
2012-09-10 07:47:55,-85465,1,36.6430803571,1.88013392857
2012-09-10 07:47:56,-85464,1,38.4337053571,1.790625
2012-09-10 07:47:57,-85463,1,40.1784970238,1.74479166667
2012-09-10 07:47:58,-85462,1,41.8506696429,1.67217261905
2012-09-10 07:47:59,-85461,1,43.3754464286,1.52477678571
2012-09-10 07:48:00,-85460,1,44.6713541667,1.2959077381
2012-09-10 07:48:01,-85459,1,45.6707589286,0.999404761905
2012-09-10 07:48:02,-85458,1,46.3374255952,0.666666666667
2012-09-10 07:48:03,-85457,1,46.6834821429,0.346056547619
2012-09-10 07:48:04,-85456,1,46.7520833333,0.0686011904762
2012-09-10 07:48:05,-85455,1,46.581547619,-0.170535714286
2012-09-10 07:48:06,-85454,1,46.2016369048,-0.379910714286
2012-09-10 07:48:07,-85453,1,45.6716517857,-0.529985119048
2012-09-10 07:48:08,-85452,1,45.1084821429,-0.563169642857
2012-09-10 07:48:09,-85451,1,44.6476190476,-0.460863095238
2012-09-10 07:48:10,-85450,1,44.3616815476,-0.2859375
2012-09-10 07:48:11,-85449,1,44.2172619048,-0.144419642857
2012-09-10 07:48:12,-85448,1,44.1042410714,-0.113020833333
2012-09-10 07:48:13,-85447,1,43.9074404762,-0.196800595238
2012-09-10 07:48:14,-85446,1,43.572172619,-0.335267857143
2012-09-10 07:48:15,-85445,1,43.1275297619,-0.444642857143
2012-09-10 07:48:16,-85444,1,42.6591517857,-0.46837797619
2012-09-10 07:48:17,-85443,1,42.2473214286,-0.411830357143
2012-09-10 07:48:18,-85442,1,41.8983630952,-0.348958333333
2012-09-10 07:48:19,-85441,1,41.5162946429,-0.382068452381
2012-09-10 07:48:20,-85440,1,40.9479910714,-0.568303571428
2012-09-10 07:48:21,-85439,1,40.05,-0.897991071429
2012-09-10 07:48:22,-85438,1,38.7064732143,-1.34352678571
2012-09-10 07:48:23,-85437,1,36.8410714286,-1.86540178571
2012-09-10 07:48:24,-85436,1,34.4817708333,-2.35930059524
2012-09-10 07:48:25,-85435,1,31.813764881,-2.66800595238
2012-09-10 07:48:26,-85434,1,29.1328125,-2.68095238095
2012-09-10 07:48:27,-85433,1,26.6915922619,-2.4412202381
2012-09-10 07:48:28,-85432,1,24.520014881,-2.17157738095
2012-09-10 07:48:29,-85431,1,22.3772321429,-2.1427827381
2012-09-10 07:48:30,-85430,1,19.893452381,-2.4837797619
2012-09-10 07:48:31,-85429,1,16.769047619,-3.1244047619
2012-09-10 07:48:32,-85428,1,12.933110119,-3.8359375
2012-09-10 07:48:33,-85427,1,8.68489583333,-4.24821428571
2012-09-10 07:48:34,-85426,1,4.79561011905,-3.88928571429
2012-09-10 07:48:35,-85425,1,0.0,-4.79561011905
2012-09-10 07:49:08,-85392,33,0.0,0.0
2012-09-10 07:49:09,-85391,1,4.48660714286,4.48660714286
2012-09-10 07:49:10,-85390,1,8.15074404762,3.66413690476
2012-09-10 07:49:11,-85389,1,12.2973958333,4.14665178571
2012-09-10 07:49:12,-85388,1,16.3468005952,4.0494047619
2012-09-10 07:49:13,-85387,1,20.1173363095,3.77053571429
2012-09-10 07:49:14,-85386,1,23.615327381,3.49799107143
2012-09-10 07:49:15,-85385,1,26.875297619,3.2599702381
2012-09-10 07:49:16,-85384,1,29.9217261905,3.04642857143
2012-09-10 07:49:17,-85383,1,32.7820684524,2.8603422619
2012-09-10 07:49:18,-85382,1,35.4630208333,2.68095238095
2012-09-10 07:49:19,-85381,1,37.9149553571,2.45193452381
2012-09-10 07:49:20,-85380,1,40.0500744048,2.13511904762
2012-09-10 07:49:21,-85379,1,41.8057291667,1.7556547619
2012-09-10 07:49:22,-85378,1,43.1922619048,1.3865327381
2012-09-10 07:49:23,-85377,1,44.2854166667,1.0931547619
2012-09-10 07:49:24,-85376,1,45.1741071429,0.88869047619
2012-09-10 07:49:25,-85375,1,45.9158482143,0.741741071429
2012-09-10 07:49:26,-85374,1,46.5447916667,0.628943452381
2012-09-10 07:49:27,-85373,1,47.1084821429,0.56369047619
2012-09-10 07:49:28,-85372,1,47.6726934524,0.564211309524
2012-09-10 07:49:29,-85371,1,48.2879464286,0.615252976191
2012-09-10 07:49:30,-85370,1,48.9604910714,0.672544642857
2012-09-10 07:49:31,-85369,1,49.6619791667,0.701488095238
2012-09-10 07:49:32,-85368,1,50.3820684524,0.720089285714
2012-09-10 07:49:33,-85367,1,51.1784970238,0.796428571429
2012-09-10 07:49:34,-85366,1,52.1595982143,0.981101190476
2012-09-10 07:49:35,-85365,1,53.4011904762,1.2415922619
2012-09-10 07:49:36,-85364,1,54.8688988095,1.46770833333
2012-09-10 07:49:37,-85363,1,56.4091517857,1.54025297619
2012-09-10 07:49:38,-85362,1,57.8182291667,1.40907738095
2012-09-10 07:49:39,-85361,1,58.9357886905,1.11755952381
2012-09-10 07:49:40,-85360,1,59.6901785714,0.754389880952
2012-09-10 07:49:41,-85359,1,60.0930059524,0.402827380952
2012-09-10 07:49:42,-85358,1,60.2357886905,0.142782738095
2012-09-10 07:49:43,-85357,1,60.2829613095,0.0471726190476
2012-09-10 07:49:44,-85356,1,60.4120535714,0.129092261905
2012-09-10 07:49:45,-85355,1,60.7168154762,0.304761904762
2012-09-10 07:49:46,-85354,1,61.1463541667,0.429538690476
2012-09-10 07:49:47,-85353,1,61.5451636905,0.39880952381
2012-09-10 07:49:48,-85352,1,61.7865327381,0.241369047619
2012-09-10 07:49:49,-85351,1,61.8738839286,0.0873511904762
2012-09-10 07:49:50,-85350,1,61.9035714286,0.0296875
2012-09-10 07:49:51,-85349,1,61.9552083333,0.0516369047619
2012-09-10 07:49:52,-85348,1,62.0333333333,0.078125
2012-09-10 07:49:53,-85347,1,62.0953869048,0.0620535714286
2012-09-10 07:49:54,-85346,1,62.1270833333,0.0316964285714
2012-09-10 07:49:55,-85345,1,62.1848958333,0.0578125
2012-09-10 07:49:56,-85344,1,62.3553571429,0.170461309524
2012-09-10 07:49:57,-85343,1,62.6838541667,0.32849702381
2012-09-10 07:49:58,-85342,1,63.1405505952,0.456696428571
2012-09-10 07:49:59,-85341,1,63.6286458333,0.488095238095
2012-09-10 07:50:00,-85340,1,64.0287946429,0.400148809524
2012-09-10 07:50:01,-85339,1,64.2592261905,0.230431547619
2012-09-10 07:50:02,-85338,1,64.3055803571,0.0463541666667
2012-09-10 07:50:03,-85337,1,64.2163690476,-0.0892113095238
2012-09-10 07:50:04,-85336,1,64.0886160714,-0.12775297619
2012-09-10 07:50:05,-85335,1,64.0375,-0.0511160714286
2012-09-10 07:50:06,-85334,1,64.1474702381,0.109970238095
2012-09-10 07:50:07,-85333,1,64.4314732143,0.284002976191
2012-09-10 07:50:08,-85332,1,64.8207589286,0.389285714286
2012-09-10 07:50:09,-85331,1,65.1979910714,0.377232142857
2012-09-10 07:50:10,-85330,1,65.4672619048,0.269270833333
2012-09-10 07:50:11,-85329,1,65.6057291667,0.138467261905
2012-09-10 07:50:12,-85328,1,65.6448660714,0.0391369047619
2012-09-10 07:50:13,-85327,1,65.6132440476,-0.0316220238096
2012-09-10 07:50:14,-85326,1,65.5095982143,-0.103645833333
2012-09-10 07:50:15,-85325,1,65.3215029762,-0.188095238095
2012-09-10 07:50:16,-85324,1,65.0585565476,-0.262946428571
2012-09-10 07:50:17,-85323,1,64.7664434524,-0.292113095238
2012-09-10 07:50:18,-85322,1,64.510639881,-0.255803571429
2012-09-10 07:50:19,-85321,1,64.3462797619,-0.164360119048
2012-09-10 07:50:20,-85320,1,64.290625,-0.0556547619048
2012-09-10 07:50:21,-85319,1,64.3040178571,0.0133928571429
2012-09-10 07:50:22,-85318,1,64.2949404762,-0.00907738095239
2012-09-10 07:50:23,-85317,1,64.1613095238,-0.133630952381
2012-09-10 07:50:24,-85316,1,63.8493303571,-0.311979166667
2012-09-10 07:50:25,-85315,1,63.3921130952,-0.457217261905
2012-09-10 07:50:26,-85314,1,62.8975446429,-0.494568452381
2012-09-10 07:50:27,-85313,1,62.4860863095,-0.411458333333
2012-09-10 07:50:28,-85312,1,62.2250744048,-0.261011904762
2012-09-10 07:50:29,-85311,1,62.1088541667,-0.116220238095
2012-09-10 07:50:30,-85310,1,62.0805803571,-0.0282738095238
2012-09-10 07:50:31,-85309,1,62.0675595238,-0.0130208333334
2012-09-10 07:50:32,-85308,1,62.0201636905,-0.0473958333333
2012-09-10 07:50:33,-85307,1,61.9419642857,-0.0781994047619
2012-09-10 07:50:34,-85306,1,61.8933035714,-0.0486607142857
2012-09-10 07:50:35,-85305,1,61.964360119,0.071056547619
2012-09-10 07:50:36,-85304,1,62.2218005952,0.257440476191
2012-09-10 07:50:37,-85303,1,62.6515625,0.429761904762
2012-09-10 07:50:38,-85302,1,63.1432291667,0.491666666667
2012-09-10 07:50:39,-85301,1,63.5353422619,0.392113095238
2012-09-10 07:50:40,-85300,1,63.6901785714,0.154836309524
2012-09-10 07:50:41,-85299,1,63.5529017857,-0.137276785714
2012-09-10 07:50:42,-85298,1,63.1694940476,-0.383407738095
2012-09-10 07:50:43,-85297,1,62.6592261905,-0.510267857143
2012-09-10 07:50:44,-85296,1,62.1495535714,-0.509672619048
2012-09-10 07:50:45,-85295,1,61.7049107143,-0.444642857143
2012-09-10 07:50:46,-85294,1,61.2948660714,-0.410044642857
2012-09-10 07:50:47,-85293,1,60.8016369048,-0.493229166667
2012-09-10 07:50:48,-85292,1,60.0561755952,-0.745461309524
2012-09-10 07:50:49,-85291,1,58.9336309524,-1.12254464286
2012-09-10 07:50:50,-85290,1,57.4584077381,-1.47522321429
2012-09-10 07:50:51,-85289,1,55.7831845238,-1.67522321429
2012-09-10 07:50:52,-85288,1,54.0415922619,-1.7415922619
2012-09-10 07:50:53,-85287,1,52.2338541667,-1.80773809524
2012-09-10 07:50:54,-85286,1,50.2457589286,-1.9880952381
2012-09-10 07:50:55,-85285,1,47.9368303571,-2.30892857143
2012-09-10 07:50:56,-85284,1,45.2116071429,-2.72522321429
2012-09-10 07:50:57,-85283,1,42.0841517857,-3.12745535714
2012-09-10 07:50:58,-85282,1,38.7330357143,-3.35111607143
2012-09-10 07:50:59,-85281,1,35.4982886905,-3.23474702381
2012-09-10 07:51:00,-85280,1,32.7829613095,-2.71532738095
2012-09-10 07:51:01,-85279,1,30.8218005952,-1.96116071429
2012-09-10 07:51:02,-85278,1,29.4764136905,-1.34538690476
2012-09-10 07:51:03,-85277,1,28.3647321429,-1.11168154762
2012-09-10 07:51:04,-85276,1,27.2248511905,-1.13988095238
2012-09-10 07:51:05,-85275,1,26.1023809524,-1.1224702381
2012-09-10 07:51:06,-85274,1,25.2694196429,-0.832961309524
2012-09-10 07:51:07,-85273,1,25.0375,-0.231919642857
2012-09-10 07:51:08,-85272,1,25.5875,0.55
2012-09-10 07:51:09,-85271,1,26.9168154762,1.32931547619
2012-09-10 07:51:10,-85270,1,28.8902529762,1.9734375
2012-09-10 07:51:11,-85269,1,31.295014881,2.40476190476
2012-09-10 07:51:12,-85268,1,33.9073660714,2.61235119048
2012-09-10 07:51:13,-85267,1,36.5783482143,2.67098214286
2012-09-10 07:51:14,-85266,1,39.2447916667,2.66644345238
2012-09-10 07:51:15,-85265,1,41.8441220238,2.59933035714
2012-09-10 07:51:16,-85264,1,44.2388392857,2.3947172619
2012-09-10 07:51:17,-85263,1,46.2441964286,2.00535714286
2012-09-10 07:51:18,-85262,1,47.7379464286,1.49375
2012-09-10 07:51:19,-85261,1,48.7457589286,1.0078125
2012-09-10 07:51:20,-85260,1,49.4345982143,0.688839285714
2012-09-10 07:51:21,-85259,1,50.0363095238,0.601711309524
2012-09-10 07:51:22,-85258,1,50.7583333333,0.722023809524
2012-09-10 07:51:23,-85257,1,51.7191220238,0.960788690476
2012-09-10 07:51:24,-85256,1,52.9046130952,1.18549107143
2012-09-10 07:51:25,-85255,1,54.1526785714,1.24806547619
2012-09-10 07:51:26,-85254,1,55.2150297619,1.06235119048
2012-09-10 07:51:27,-85253,1,55.8915922619,0.6765625
2012-09-10 07:51:28,-85252,1,56.1460565476,0.254464285714
2012-09-10 07:51:29,-85251,1,56.1166666667,-0.0293898809523
2012-09-10 07:51:30,-85250,1,56.0061755952,-0.110491071429
2012-09-10 07:51:31,-85249,1,55.942485119,-0.0636904761905
2012-09-10 07:51:32,-85248,1,55.9383184524,-0.00416666666671
2012-09-10 07:51:33,-85247,1,55.9517113095,0.0133928571429
2012-09-10 07:51:34,-85246,1,55.9574404762,0.0057291666667
2012-09-10 07:51:35,-85245,1,55.9860863095,0.0286458333333
2012-09-10 07:51:36,-85244,1,56.1165178571,0.130431547619
2012-09-10 07:51:37,-85243,1,56.425,0.308482142857
2012-09-10 07:51:38,-85242,1,56.9417410714,0.516741071429
2012-09-10 07:51:39,-85241,1,57.6453869048,0.703645833333
2012-09-10 07:51:40,-85240,1,58.4733630952,0.827976190476
2012-09-10 07:51:41,-85239,1,59.3306547619,0.857291666667
2012-09-10 07:51:42,-85238,1,60.1051339286,0.774479166667
2012-09-10 07:51:43,-85237,1,60.6976934524,0.59255952381
2012-09-10 07:51:44,-85236,1,61.054985119,0.357291666667
2012-09-10 07:51:45,-85235,1,61.1859375,0.130952380952
2012-09-10 07:51:46,-85234,1,61.1542410714,-0.0316964285714
2012-09-10 07:51:47,-85233,1,61.0510416667,-0.103199404762
2012-09-10 07:51:48,-85232,1,60.9716517857,-0.0793898809524
2012-09-10 07:51:49,-85231,1,61.0063244048,0.0346726190476
2012-09-10 07:51:50,-85230,1,61.2113095238,0.204985119048
2012-09-10 07:51:51,-85229,1,61.5524553571,0.341145833333
2012-09-10 07:51:52,-85228,1,61.8848214286,0.332366071429
2012-09-10 07:51:53,-85227,1,62.0225446429,0.137723214286
2012-09-10 07:51:54,-85226,1,61.8626488095,-0.159895833333
2012-09-10 07:51:55,-85225,1,61.4568452381,-0.405803571429
2012-09-10 07:51:56,-85224,1,60.9625744048,-0.494270833333
2012-09-10 07:51:57,-85223,1,60.528422619,-0.434151785714
2012-09-10 07:51:58,-85222,1,60.2269345238,-0.301488095238
2012-09-10 07:51:59,-85221,1,60.067485119,-0.159449404762
2012-09-10 07:52:00,-85220,1,60.0333333333,-0.0341517857143
2012-09-10 07:52:01,-85219,1,60.0892113095,0.0558779761905
2012-09-10 07:52:02,-85218,1,60.1634672619,0.074255952381
2012-09-10 07:52:03,-85217,1,60.156547619,-0.0069196428572
2012-09-10 07:52:04,-85216,1,59.9990327381,-0.157514880952
2012-09-10 07:52:05,-85215,1,59.7102678571,-0.288764880952
2012-09-10 07:52:06,-85214,1,59.400297619,-0.309970238095
2012-09-10 07:52:07,-85213,1,59.2039434524,-0.196354166667
2012-09-10 07:52:08,-85212,1,59.1876488095,-0.0162946428572
2012-09-10 07:52:09,-85211,1,59.3057291667,0.118080357143
2012-09-10 07:52:10,-85210,1,59.4517113095,0.145982142857
2012-09-10 07:52:11,-85209,1,59.5639880952,0.112276785714
2012-09-10 07:52:12,-85208,1,59.6774553571,0.113467261905
2012-09-10 07:52:13,-85207,1,59.8515625,0.174107142857
2012-09-10 07:52:14,-85206,1,60.0545386905,0.202976190476
2012-09-10 07:52:15,-85205,1,60.1452380952,0.0906994047619
2012-09-10 07:52:16,-85204,1,59.973735119,-0.17150297619
2012-09-10 07:52:17,-85203,1,59.4973958333,-0.476339285714
2012-09-10 07:52:18,-85202,1,58.8020833333,-0.6953125
2012-09-10 07:52:19,-85201,1,58.0208333333,-0.78125
2012-09-10 07:52:20,-85200,1,57.2625744048,-0.758258928571
2012-09-10 07:52:21,-85199,1,56.6169642857,-0.645610119048
2012-09-10 07:52:22,-85198,1,56.140625,-0.476339285714
2012-09-10 07:52:23,-85197,1,55.7654017857,-0.375223214286
2012-09-10 07:52:24,-85196,1,55.2679315476,-0.497470238095
2012-09-10 07:52:25,-85195,1,54.4155505952,-0.852380952381
2012-09-10 07:52:26,-85194,1,53.1712053571,-1.2443452381
2012-09-10 07:52:27,-85193,1,51.7658482143,-1.40535714286
2012-09-10 07:52:28,-85192,1,50.563764881,-1.20208333333
2012-09-10 07:52:29,-85191,1,49.8140625,-0.749702380952
2012-09-10 07:52:30,-85190,1,49.5198660714,-0.294196428571
2012-09-10 07:52:31,-85189,1,49.5294642857,0.0095982142857
2012-09-10 07:52:32,-85188,1,49.6458333333,0.116369047619
2012-09-10 07:52:33,-85187,1,49.6078125,-0.0380208333333
2012-09-10 07:52:34,-85186,1,49.1195684524,-0.488244047619
2012-09-10 07:52:35,-85185,1,48.0261904762,-1.09337797619
2012-09-10 07:52:36,-85184,1,46.4216517857,-1.60453869048
2012-09-10 07:52:37,-85183,1,44.537202381,-1.88444940476
2012-09-10 07:52:38,-85182,1,42.502827381,-2.034375
2012-09-10 07:52:39,-85181,1,40.1800595238,-2.32276785714
2012-09-10 07:52:40,-85180,1,37.2587797619,-2.9212797619
2012-09-10 07:52:41,-85179,1,33.5526785714,-3.70610119048
2012-09-10 07:52:42,-85178,1,29.1456845238,-4.40699404762
2012-09-10 07:52:43,-85177,1,24.256547619,-4.88913690476
2012-09-10 07:52:44,-85176,1,19.0769345238,-5.17961309524
2012-09-10 07:52:45,-85175,1,13.8005208333,-5.27641369048
2012-09-10 07:52:46,-85174,1,8.7790922619,-5.02142857143
2012-09-10 07:52:47,-85173,1,4.6505952381,-4.12849702381
2012-09-10 07:52:48,-85172,1,0.0,-4.6505952381
2012-09-10 07:53:36,-85124,48,0.0,0.0
2012-09-10 07:53:37,-85123,1,5.53831845238,5.53831845238
2012-09-10 07:53:38,-85122,1,10.5328869048,4.99456845238
2012-09-10 07:53:39,-85121,1,16.2336309524,5.70074404762
2012-09-10 07:53:40,-85120,1,21.430952381,5.19732142857
2012-09-10 07:53:41,-85119,1,25.5536458333,4.12269345238
2012-09-10 07:53:42,-85118,1,28.7517857143,3.19813988095
2012-09-10 07:53:43,-85117,1,31.478125,2.72633928571
2012-09-10 07:53:44,-85116,1,34.034375,2.55625
2012-09-10 07:53:45,-85115,1,36.4616071429,2.42723214286
2012-09-10 07:53:46,-85114,1,38.6390625,2.17745535714
2012-09-10 07:53:47,-85113,1,40.3851934524,1.74613095238
2012-09-10 07:53:48,-85112,1,41.5540178571,1.16882440476
2012-09-10 07:53:49,-85111,1,42.1178571429,0.563839285714
2012-09-10 07:53:50,-85110,1,42.1857142857,0.0678571428572
2012-09-10 07:53:51,-85109,1,41.9648809524,-0.220833333333
2012-09-10 07:53:52,-85108,1,41.7089285714,-0.255952380952
2012-09-10 07:53:53,-85107,1,41.6569196429,-0.0520089285715
2012-09-10 07:53:54,-85106,1,41.948139881,0.291220238095
2012-09-10 07:53:55,-85105,1,42.553422619,0.605282738095
2012-09-10 07:53:56,-85104,1,43.3036458333,0.750223214286
2012-09-10 07:53:57,-85103,1,44.0180803571,0.71443452381
2012-09-10 07:53:58,-85102,1,44.6208333333,0.60275297619
2012-09-10 07:53:59,-85101,1,45.1384672619,0.517633928571
2012-09-10 07:54:00,-85100,1,45.6007440476,0.462276785714
2012-09-10 07:54:01,-85099,1,45.9636160714,0.36287202381
2012-09-10 07:54:02,-85098,1,46.1340029762,0.170386904762
2012-09-10 07:54:03,-85097,1,46.06875,-0.0652529761905
2012-09-10 07:54:04,-85096,1,45.8519345238,-0.216815476191
2012-09-10 07:54:05,-85095,1,45.6494047619,-0.202529761905
2012-09-10 07:54:06,-85094,1,45.5119047619,-0.1375
2012-09-10 07:54:07,-85093,1,45.1746279762,-0.337276785714
2012-09-10 07:54:08,-85092,1,44.1161458333,-1.05848214286
2012-09-10 07:54:09,-85091,1,41.9188244048,-2.19732142857
2012-09-10 07:54:10,-85090,1,38.6171875,-3.30163690476
2012-09-10 07:54:11,-85089,1,34.7223958333,-3.89479166667
2012-09-10 07:54:12,-85088,1,30.9240327381,-3.79836309524
2012-09-10 07:54:13,-85087,1,27.7290922619,-3.19494047619
2012-09-10 07:54:14,-85086,1,25.3157738095,-2.41331845238
2012-09-10 07:54:15,-85085,1,23.6307291667,-1.68504464286
2012-09-10 07:54:16,-85084,1,22.5400297619,-1.09069940476
2012-09-10 07:54:17,-85083,1,21.9265625,-0.613467261905
2012-09-10 07:54:18,-85082,1,21.7638392857,-0.162723214286
2012-09-10 07:54:19,-85081,1,22.154985119,0.391145833333
2012-09-10 07:54:20,-85080,1,23.2535714286,1.09858630952
2012-09-10 07:54:21,-85079,1,25.0669642857,1.81339285714
2012-09-10 07:54:22,-85078,1,27.3265625,2.25959821429
2012-09-10 07:54:23,-85077,1,29.6029761905,2.27641369048
2012-09-10 07:54:24,-85076,1,31.5770833333,1.97410714286
2012-09-10 07:54:25,-85075,1,33.2039434524,1.62686011905
2012-09-10 07:54:26,-85074,1,34.6314732143,1.4275297619
2012-09-10 07:54:27,-85073,1,35.9717261905,1.34025297619
2012-09-10 07:54:28,-85072,1,37.1605654762,1.18883928571
2012-09-10 07:54:29,-85071,1,38.0567708333,0.896205357143
2012-09-10 07:54:30,-85070,1,38.6529017857,0.596130952381
2012-09-10 07:54:31,-85069,1,39.1381696429,0.485267857143
2012-09-10 07:54:32,-85068,1,39.7558035714,0.617633928572
2012-09-10 07:54:33,-85067,1,40.6209821429,0.865178571429
2012-09-10 07:54:34,-85066,1,41.6524553571,1.03147321429
2012-09-10 07:54:35,-85065,1,42.6324404762,0.979985119048
2012-09-10 07:54:36,-85064,1,43.3154017857,0.682961309524
2012-09-10 07:54:37,-85063,1,43.5235863095,0.208184523809
2012-09-10 07:54:38,-85062,1,43.2222470238,-0.301339285714
2012-09-10 07:54:39,-85061,1,42.5547619048,-0.667485119048
2012-09-10 07:54:40,-85060,1,41.7997767857,-0.754985119048
2012-09-10 07:54:41,-85059,1,41.2550595238,-0.544717261905
2012-09-10 07:54:42,-85058,1,41.0969494048,-0.158110119048
2012-09-10 07:54:43,-85057,1,41.2947172619,0.197767857143
2012-09-10 07:54:44,-85056,1,41.6599702381,0.36525297619
2012-09-10 07:54:45,-85055,1,42.0117559524,0.351785714286
2012-09-10 07:54:46,-85054,1,42.3180059524,0.30625
2012-09-10 07:54:47,-85053,1,42.689360119,0.371354166667
2012-09-10 07:54:48,-85052,1,43.2337797619,0.544419642857
2012-09-10 07:54:49,-85051,1,43.9131696429,0.679389880952
2012-09-10 07:54:50,-85050,1,44.5553571429,0.6421875
2012-09-10 07:54:51,-85049,1,45.0100446429,0.4546875
2012-09-10 07:54:52,-85048,1,45.2728422619,0.262797619048
2012-09-10 07:54:53,-85047,1,45.4493303571,0.176488095238
2012-09-10 07:54:54,-85046,1,45.6172619048,0.167931547619
2012-09-10 07:54:55,-85045,1,45.7430803571,0.125818452381
2012-09-10 07:54:56,-85044,1,45.7348214286,-0.0082589285715
2012-09-10 07:54:57,-85043,1,45.5722470238,-0.162574404762
2012-09-10 07:54:58,-85042,1,45.3802827381,-0.191964285714
2012-09-10 07:54:59,-85041,1,45.3636160714,-0.0166666666666
2012-09-10 07:55:00,-85040,1,45.6579613095,0.294345238095
2012-09-10 07:55:01,-85039,1,46.2316964286,0.573735119048
2012-09-10 07:55:02,-85038,1,46.9158482143,0.684151785714
2012-09-10 07:55:03,-85037,1,47.5283482143,0.6125
2012-09-10 07:55:04,-85036,1,47.9836309524,0.455282738095
2012-09-10 07:55:05,-85035,1,48.304389881,0.320758928572
2012-09-10 07:55:06,-85034,1,48.5566220238,0.252232142857
2012-09-10 07:55:07,-85033,1,48.7915178571,0.234895833333
2012-09-10 07:55:08,-85032,1,49.0482142857,0.256696428571
2012-09-10 07:55:09,-85031,1,49.3947916667,0.346577380952
2012-09-10 07:55:10,-85030,1,49.9271577381,0.532366071428
2012-09-10 07:55:11,-85029,1,50.6879464286,0.760788690476
2012-09-10 07:55:12,-85028,1,51.5798363095,0.891889880952
2012-09-10 07:55:13,-85027,1,52.3744047619,0.794568452381
2012-09-10 07:55:14,-85026,1,52.8270833333,0.452678571428
2012-09-10 07:55:15,-85025,1,52.8180059524,-0.0090773809523
2012-09-10 07:55:16,-85024,1,52.4100446429,-0.407961309524
2012-09-10 07:55:17,-85023,1,51.7719494048,-0.638095238095
2012-09-10 07:55:18,-85022,1,51.0566964286,-0.71525297619
2012-09-10 07:55:19,-85021,1,50.375,-0.681696428571
2012-09-10 07:55:20,-85020,1,49.8474702381,-0.527529761905
2012-09-10 07:55:21,-85019,1,49.6116815476,-0.235788690476
2012-09-10 07:55:22,-85018,1,49.7619047619,0.150223214286
2012-09-10 07:55:23,-85017,1,50.2916666667,0.529761904762
2012-09-10 07:55:24,-85016,1,51.0938244048,0.802157738095
2012-09-10 07:55:25,-85015,1,52.0320684524,0.938244047619
2012-09-10 07:55:26,-85014,1,53.0209077381,0.988839285714
2012-09-10 07:55:27,-85013,1,54.0105654762,0.989657738095
2012-09-10 07:55:28,-85012,1,54.8944196429,0.883854166667
2012-09-10 07:55:29,-85011,1,55.4857886905,0.591369047619
2012-09-10 07:55:30,-85010,1,55.622172619,0.136383928571
2012-09-10 07:55:31,-85009,1,55.2835565476,-0.338616071429
2012-09-10 07:55:32,-85008,1,54.6034970238,-0.680059523809
2012-09-10 07:55:33,-85007,1,53.7689732143,-0.834523809524
2012-09-10 07:55:34,-85006,1,52.9207589286,-0.848214285714
2012-09-10 07:55:35,-85005,1,52.1702380952,-0.750520833333
2012-09-10 07:55:36,-85004,1,51.6813988095,-0.488839285714
2012-09-10 07:55:37,-85003,1,51.6618303571,-0.0195684523809
2012-09-10 07:55:38,-85002,1,52.2279761905,0.566145833333
2012-09-10 07:55:39,-85001,1,53.2707589286,1.0427827381
2012-09-10 07:55:40,-85000,1,54.4805059524,1.20974702381
2012-09-10 07:55:41,-84999,1,55.5282738095,1.04776785714
2012-09-10 07:55:42,-84998,1,56.2145833333,0.686309523809
2012-09-10 07:55:43,-84997,1,56.4842261905,0.269642857143
2012-09-10 07:55:44,-84996,1,56.3742559524,-0.109970238095
2012-09-10 07:55:45,-84995,1,55.9595238095,-0.414732142857
2012-09-10 07:55:46,-84994,1,55.3283482143,-0.631175595238
2012-09-10 07:55:47,-84993,1,54.568452381,-0.759895833333
2012-09-10 07:55:48,-84992,1,53.7073660714,-0.861086309524
2012-09-10 07:55:49,-84991,1,52.6796875,-1.02767857143
2012-09-10 07:55:50,-84990,1,51.4240327381,-1.2556547619
2012-09-10 07:55:51,-84989,1,50.0188988095,-1.40513392857
2012-09-10 07:55:52,-84988,1,48.7048363095,-1.3140625
2012-09-10 07:55:53,-84987,1,47.7700892857,-0.934747023809
2012-09-10 07:55:54,-84986,1,47.3834077381,-0.386681547619
2012-09-10 07:55:55,-84985,1,47.5057291667,0.122321428571
2012-09-10 07:55:56,-84984,1,47.9486607143,0.442931547619
2012-09-10 07:55:57,-84983,1,48.4970238095,0.548363095238
2012-09-10 07:55:58,-84982,1,48.989360119,0.492336309524
2012-09-10 07:55:59,-84981,1,49.344047619,0.3546875
2012-09-10 07:56:00,-84980,1,49.5546130952,0.210565476191
2012-09-10 07:56:01,-84979,1,49.6655505952,0.1109375
2012-09-10 07:56:02,-84978,1,49.74375,0.0781994047619
2012-09-10 07:56:03,-84977,1,49.8540178571,0.110267857143
2012-09-10 07:56:04,-84976,1,50.0229910714,0.168973214286
2012-09-10 07:56:05,-84975,1,50.1972470238,0.174255952381
2012-09-10 07:56:06,-84974,1,50.2615327381,0.0642857142857
2012-09-10 07:56:07,-84973,1,50.1447172619,-0.11681547619
2012-09-10 07:56:08,-84972,1,49.9115327381,-0.23318452381
2012-09-10 07:56:09,-84971,1,49.7349702381,-0.1765625
2012-09-10 07:56:10,-84970,1,49.7752232143,0.0402529761905
2012-09-10 07:56:11,-84969,1,50.0638392857,0.288616071429
2012-09-10 07:56:12,-84968,1,50.4910714286,0.427232142857
2012-09-10 07:56:13,-84967,1,50.9210565476,0.429985119048
2012-09-10 07:56:14,-84966,1,51.306547619,0.385491071429
2012-09-10 07:56:15,-84965,1,51.6735119048,0.366964285714
2012-09-10 07:56:16,-84964,1,52.0386160714,0.365104166667
2012-09-10 07:56:17,-84963,1,52.390922619,0.352306547619
2012-09-10 07:56:18,-84962,1,52.734375,0.343452380952
2012-09-10 07:56:19,-84961,1,53.0956845238,0.36130952381
2012-09-10 07:56:20,-84960,1,53.466889881,0.371205357143
2012-09-10 07:56:21,-84959,1,53.751264881,0.284375
2012-09-10 07:56:22,-84958,1,53.7949404762,0.0436755952381
2012-09-10 07:56:23,-84957,1,53.5037202381,-0.291220238095
2012-09-10 07:56:24,-84956,1,52.9313244048,-0.572395833333
2012-09-10 07:56:25,-84955,1,52.2319940476,-0.699330357143
2012-09-10 07:56:26,-84954,1,51.5340029762,-0.697991071428
2012-09-10 07:56:27,-84953,1,50.8853422619,-0.648660714286
2012-09-10 07:56:28,-84952,1,50.3063988095,-0.578943452381
2012-09-10 07:56:29,-84951,1,49.8419642857,-0.46443452381
2012-09-10 07:56:30,-84950,1,49.5361607143,-0.305803571429
2012-09-10 07:56:31,-84949,1,49.3786458333,-0.157514880952
2012-09-10 07:56:32,-84948,1,49.296875,-0.0817708333333
2012-09-10 07:56:33,-84947,1,49.1916666667,-0.105208333333
2012-09-10 07:56:34,-84946,1,48.9786458333,-0.213020833333
2012-09-10 07:56:35,-84945,1,48.623139881,-0.355505952381
2012-09-10 07:56:36,-84944,1,48.1477678571,-0.475372023809
2012-09-10 07:56:37,-84943,1,47.6029017857,-0.544866071429
2012-09-10 07:56:38,-84942,1,47.0407738095,-0.562127976191
2012-09-10 07:56:39,-84941,1,46.4982142857,-0.54255952381
2012-09-10 07:56:40,-84940,1,45.9439732143,-0.554241071429
2012-09-10 07:56:41,-84939,1,45.2113839286,-0.732589285714
2012-09-10 07:56:42,-84938,1,43.9907738095,-1.22061011905
2012-09-10 07:56:43,-84937,1,41.9243303571,-2.06644345238
2012-09-10 07:56:44,-84936,1,38.7973214286,-3.12700892857
2012-09-10 07:56:45,-84935,1,34.7253720238,-4.07194940476
2012-09-10 07:56:46,-84934,1,30.1522321429,-4.57313988095
2012-09-10 07:56:47,-84933,1,25.6148809524,-4.53735119048
2012-09-10 07:56:48,-84932,1,21.4881696429,-4.12671130952
2012-09-10 07:56:49,-84931,1,17.9037946429,-3.584375
2012-09-10 07:56:50,-84930,1,14.821875,-3.08191964286
2012-09-10 07:56:51,-84929,1,12.138764881,-2.68311011905
2012-09-10 07:56:52,-84928,1,9.7306547619,-2.40811011905
2012-09-10 07:56:53,-84927,1,7.43288690476,-2.29776785714
2012-09-10 07:56:54,-84926,1,5.11748511905,-2.31540178571
2012-09-10 07:56:55,-84925,1,2.93511904762,-2.18236607143
2012-09-10 07:56:56,-84924,1,0.0,-2.93511904762
2012-09-10 07:57:25,-84895,29,0.0,0.0
2012-09-10 07:57:26,-84894,1,1.27339015152,1.27339015152
2012-09-10 07:57:27,-84893,1,1.94616477273,0.672774621212
2012-09-10 07:57:28,-84892,1,2.42610930736,0.479944534632
2012-09-10 07:57:29,-84891,1,2.64898538961,0.222876082251
2012-09-10 07:57:30,-84890,1,2.79425730519,0.145271915584
2012-09-10 07:57:31,-84889,1,3.01333874459,0.219081439394
2012-09-10 07:57:32,-84888,1,3.32433712121,0.310998376623
2012-09-10 07:57:33,-84887,1,3.67453327922,0.350196158009
2012-09-10 07:57:34,-84886,1,4.02601461039,0.351481331169
2012-09-10 07:57:35,-84885,1,4.36714015152,0.341125541126
2012-09-10 07:57:36,-84884,1,4.68350243506,0.31636228355
2012-09-10 07:57:37,-84883,1,4.99032061688,0.306818181818
2012-09-10 07:57:38,-84882,1,5.43576839827,0.445447781385
2012-09-10 07:57:39,-84881,1,6.313183171,0.877414772727
2012-09-10 07:57:40,-84880,1,7.89119318182,1.57801001082
2012-09-10 07:57:41,-84879,1,10.2156317641,2.32443858225
2012-09-10 07:57:42,-84878,1,13.0580018939,2.84237012987
2012-09-10 07:57:43,-84877,1,16.0510146104,2.99301271645
2012-09-10 07:57:44,-84876,1,18.9029694264,2.85195481602
2012-09-10 07:57:45,-84875,1,21.4688176407,2.56584821429
2012-09-10 07:57:46,-84874,1,23.6448660714,2.17604843074
2012-09-10 07:57:47,-84873,1,25.303125,1.65825892857
2012-09-10 07:57:48,-84872,1,26.3586309524,1.05550595238
2012-09-10 07:57:49,-84871,1,26.8592261905,0.500595238095
2012-09-10 07:57:50,-84870,1,26.9802083333,0.120982142857
2012-09-10 07:57:51,-84869,1,26.9042410714,-0.0759672619047
2012-09-10 07:57:52,-84868,1,26.7038690476,-0.20037202381
2012-09-10 07:57:53,-84867,1,26.3548363095,-0.349032738095
2012-09-10 07:57:54,-84866,1,25.8470238095,-0.5078125
2012-09-10 07:57:55,-84865,1,25.2736607143,-0.573363095238
2012-09-10 07:57:56,-84864,1,24.8386160714,-0.435044642857
2012-09-10 07:57:57,-84863,1,24.7668154762,-0.0718005952381
2012-09-10 07:57:58,-84862,1,25.1496279762,0.3828125
2012-09-10 07:57:59,-84861,1,25.8576636905,0.708035714286
2012-09-10 07:58:00,-84860,1,26.6183779762,0.760714285714
2012-09-10 07:58:01,-84859,1,27.1829613095,0.564583333333
2012-09-10 07:58:02,-84858,1,27.4572172619,0.274255952381
2012-09-10 07:58:03,-84857,1,27.5203125,0.0630952380952
2012-09-10 07:58:04,-84856,1,27.5161458333,-0.0041666666667
2012-09-10 07:58:05,-84855,1,27.5334821429,0.0173363095238
2012-09-10 07:58:06,-84854,1,27.5997767857,0.0662946428572
2012-09-10 07:58:07,-84853,1,27.7290178571,0.129241071429
2012-09-10 07:58:08,-84852,1,27.9186011905,0.189583333333
2012-09-10 07:58:09,-84851,1,28.1217261905,0.203125
2012-09-10 07:58:10,-84850,1,28.2575892857,0.135863095238
2012-09-10 07:58:11,-84849,1,28.2601934524,0.0026041666667
2012-09-10 07:58:12,-84848,1,28.1307291667,-0.129464285714
2012-09-10 07:58:13,-84847,1,27.9436011905,-0.18712797619
2012-09-10 07:58:14,-84846,1,27.7843005952,-0.159300595238
2012-09-10 07:58:15,-84845,1,27.6692708333,-0.115029761905
2012-09-10 07:58:16,-84844,1,27.5014880952,-0.167782738095
2012-09-10 07:58:17,-84843,1,27.0675595238,-0.433928571429
2012-09-10 07:58:18,-84842,1,26.0957589286,-0.971800595238
2012-09-10 07:58:19,-84841,1,24.3941964286,-1.7015625
2012-09-10 07:58:20,-84840,1,22.0061011905,-2.3880952381
2012-09-10 07:58:21,-84839,1,19.2662202381,-2.73988095238
2012-09-10 07:58:22,-84838,1,16.6919642857,-2.57425595238
2012-09-10 07:58:23,-84837,1,14.7709077381,-1.92105654762
2012-09-10 07:58:24,-84836,1,13.7966517857,-0.974255952381
2012-09-10 07:58:25,-84835,1,13.8355654762,0.0389136904762
2012-09-10 07:58:26,-84834,1,14.7641369048,0.928571428571
2012-09-10 07:58:27,-84833,1,16.2894345238,1.52529761905
2012-09-10 07:58:28,-84832,1,17.9875744048,1.69813988095
2012-09-10 07:58:29,-84831,1,19.4541666667,1.4665922619
2012-09-10 07:58:30,-84830,1,20.4942708333,1.04010416667
2012-09-10 07:58:31,-84829,1,21.1598214286,0.665550595238
2012-09-10 07:58:32,-84828,1,21.602827381,0.443005952381
2012-09-10 07:58:33,-84827,1,21.9040178571,0.30119047619
2012-09-10 07:58:34,-84826,1,22.0376488095,0.133630952381
2012-09-10 07:58:35,-84825,1,21.9813988095,-0.05625
2012-09-10 07:58:36,-84824,1,21.8066220238,-0.174776785714
2012-09-10 07:58:37,-84823,1,21.6192708333,-0.187351190476
2012-09-10 07:58:38,-84822,1,21.4579613095,-0.161309523809
2012-09-10 07:58:39,-84821,1,21.3151785714,-0.142782738095
2012-09-10 07:58:40,-84820,1,21.240625,-0.0745535714286
2012-09-10 07:58:41,-84819,1,21.3742559524,0.133630952381
2012-09-10 07:58:42,-84818,1,21.8563988095,0.482142857143
2012-09-10 07:58:43,-84817,1,22.6790178571,0.822619047619
2012-09-10 07:58:44,-84816,1,23.6247767857,0.945758928571
2012-09-10 07:58:45,-84815,1,24.4035714286,0.778794642857
2012-09-10 07:58:46,-84814,1,24.8680059524,0.46443452381
2012-09-10 07:58:47,-84813,1,25.0773809524,0.209375
2012-09-10 07:58:48,-84812,1,25.1578125,0.0804315476191
2012-09-10 07:58:49,-84811,1,25.1148809524,-0.042931547619
2012-09-10 07:58:50,-84810,1,24.8049107143,-0.309970238095
2012-09-10 07:58:51,-84809,1,24.1151041667,-0.689806547619
2012-09-10 07:58:52,-84808,1,23.1555059524,-0.959598214286
2012-09-10 07:58:53,-84807,1,22.2474702381,-0.908035714286
2012-09-10 07:58:54,-84806,1,21.7165178571,-0.530952380952
2012-09-10 07:58:55,-84805,1,21.6680059524,-0.048511904762
2012-09-10 07:58:56,-84804,1,21.9238095238,0.255803571429
2012-09-10 07:58:57,-84803,1,22.1540922619,0.230282738095
2012-09-10 07:58:58,-84802,1,22.070610119,-0.0834821428572
2012-09-10 07:58:59,-84801,1,21.5328125,-0.537797619048
2012-09-10 07:59:00,-84800,1,20.5295386905,-1.00327380952
2012-09-10 07:59:01,-84799,1,19.095610119,-1.43392857143
2012-09-10 07:59:02,-84798,1,17.2453125,-1.85029761905
2012-09-10 07:59:03,-84797,1,14.9584077381,-2.2869047619
2012-09-10 07:59:04,-84796,1,12.2171875,-2.7412202381
2012-09-10 07:59:05,-84795,1,9.09791666667,-3.11927083333
2012-09-10 07:59:06,-84794,1,5.88638392857,-3.2115327381
2012-09-10 07:59:07,-84793,1,3.14672619048,-2.7396577381
2012-09-10 07:59:08,-84792,1,0.0,-3.14672619048
2012-09-10 07:59:39,-84761,31,0.0,0.0
2012-09-10 07:59:40,-84760,1,3.75037202381,3.75037202381
2012-09-10 07:59:41,-84759,1,6.33697916667,2.58660714286
2012-09-10 07:59:42,-84758,1,8.75349702381,2.41651785714
2012-09-10 07:59:43,-84757,1,10.5867559524,1.83325892857
2012-09-10 07:59:44,-84756,1,11.8949404762,1.30818452381
2012-09-10 07:59:45,-84755,1,12.9426339286,1.04769345238
2012-09-10 07:59:46,-84754,1,13.9892113095,1.04657738095
2012-09-10 07:59:47,-84753,1,15.2118303571,1.22261904762
2012-09-10 07:59:48,-84752,1,16.6747767857,1.46294642857
2012-09-10 07:59:49,-84751,1,18.2751488095,1.60037202381
2012-09-10 07:59:50,-84750,1,19.7688244048,1.49367559524
2012-09-10 07:59:51,-84749,1,20.929389881,1.16056547619
2012-09-10 07:59:52,-84748,1,21.6901041667,0.760714285714
2012-09-10 07:59:53,-84747,1,22.1405505952,0.450446428571
2012-09-10 07:59:54,-84746,1,22.4230654762,0.282514880952
2012-09-10 07:59:55,-84745,1,22.6381696429,0.215104166667
2012-09-10 07:59:56,-84744,1,22.8160714286,0.177901785714
2012-09-10 07:59:57,-84743,1,22.9430803571,0.127008928571
2012-09-10 07:59:58,-84742,1,23.0010416667,0.0579613095238
2012-09-10 07:59:59,-84741,1,22.9874255952,-0.0136160714286
2012-09-10 08:00:00,-84740,1,22.9051339286,-0.0822916666667
2012-09-10 08:00:01,-84739,1,22.7296130952,-0.175520833333
2012-09-10 08:00:02,-84738,1,22.3677827381,-0.361830357143
2012-09-10 08:00:03,-84737,1,21.6319940476,-0.735788690476
2012-09-10 08:00:04,-84736,1,20.2798363095,-1.3521577381
2012-09-10 08:00:05,-84735,1,18.163764881,-2.11607142857
2012-09-10 08:00:06,-84734,1,15.4235119048,-2.74025297619
2012-09-10 08:00:07,-84733,1,12.540922619,-2.88258928571
2012-09-10 08:00:08,-84732,1,10.1583333333,-2.38258928571
2012-09-10 08:00:09,-84731,1,8.75558035714,-1.40275297619
2012-09-10 08:00:10,-84730,1,8.38794642857,-0.367633928571
2012-09-10 08:00:11,-84729,1,8.68869047619,0.300744047619
2012-09-10 08:00:12,-84728,1,9.15223214286,0.463541666667
2012-09-10 08:00:13,-84727,1,9.44962797619,0.297395833333
2012-09-10 08:00:14,-84726,1,9.55758928571,0.107961309524
2012-09-10 08:00:15,-84725,1,9.67492559524,0.117336309524
2012-09-10 08:00:16,-84724,1,9.99270833333,0.317782738095
2012-09-10 08:00:17,-84723,1,10.4939732143,0.501264880952
2012-09-10 08:00:18,-84722,1,10.9586309524,0.464657738095
2012-09-10 08:00:19,-84721,1,11.1274553571,0.168824404762
2012-09-10 08:00:20,-84720,1,10.8592261905,-0.268229166667
2012-09-10 08:00:21,-84719,1,10.1851934524,-0.674032738095
2012-09-10 08:00:22,-84718,1,9.2484375,-0.936755952381
2012-09-10 08:00:23,-84717,1,8.19724702381,-1.05119047619
2012-09-10 08:00:24,-84716,1,7.1334077381,-1.06383928571
2012-09-10 08:00:25,-84715,1,6.11398809524,-1.01941964286
2012-09-10 08:00:26,-84714,1,5.12879464286,-0.985193452381
2012-09-10 08:00:27,-84713,1,4.08288690476,-1.0459077381
2012-09-10 08:00:28,-84712,1,2.89717261905,-1.18571428571
2012-09-10 08:00:29,-84711,1,1.69888392857,-1.19828869048
2012-09-10 08:00:30,-84710,1,0.0,-1.69888392857
2012-09-10 11:18:05,-72855,11855,0.0,0.0
2012-09-10 11:18:06,-72854,1,1.13400297619,1.13400297619
2012-09-10 11:18:07,-72853,1,1.69404761905,0.560044642857
2012-09-10 11:18:08,-72852,1,2.02797619048,0.333928571429
2012-09-10 11:18:09,-72851,1,2.10736607143,0.0793898809524
2012-09-10 11:18:10,-72850,1,2.09650297619,-0.0108630952381
2012-09-10 11:18:11,-72849,1,2.13563988095,0.0391369047619
2012-09-10 11:18:12,-72848,1,2.27150297619,0.135863095238
2012-09-10 11:18:13,-72847,1,2.48608630952,0.214583333333
2012-09-10 11:18:14,-72846,1,2.74947916667,0.263392857143
2012-09-10 11:18:15,-72845,1,3.10029761905,0.350818452381
2012-09-10 11:18:16,-72844,1,3.68288690476,0.582589285714
2012-09-10 11:18:17,-72843,1,4.66852678571,0.985639880952
2012-09-10 11:18:18,-72842,1,6.13578869048,1.46726190476
2012-09-10 11:18:19,-72841,1,7.99389880952,1.85811011905
2012-09-10 11:18:20,-72840,1,9.9740327381,1.98013392857
2012-09-10 11:18:21,-72839,1,11.7117559524,1.73772321429
2012-09-10 11:18:22,-72838,1,12.8685267857,1.15677083333
2012-09-10 11:18:23,-72837,1,13.2366815476,0.368154761905
2012-09-10 11:18:24,-72836,1,12.8451636905,-0.391517857143
2012-09-10 11:18:25,-72835,1,11.9836309524,-0.861532738095
2012-09-10 11:18:26,-72834,1,11.044047619,-0.939583333333
2012-09-10 11:18:27,-72833,1,10.2814732143,-0.762574404762
2012-09-10 11:18:28,-72832,1,9.67886904762,-0.602604166667
2012-09-10 11:18:29,-72831,1,9.03735119048,-0.641517857143
2012-09-10 11:18:30,-72830,1,8.2540922619,-0.783258928571
2012-09-10 11:18:31,-72829,1,7.51651785714,-0.737574404762
2012-09-10 11:18:32,-72828,1,7.20141369048,-0.315104166667
2012-09-10 11:18:33,-72827,1,7.60022321429,0.39880952381
2012-09-10 11:18:34,-72826,1,8.7353422619,1.13511904762
2012-09-10 11:18:35,-72825,1,10.4162202381,1.68087797619
2012-09-10 11:18:36,-72824,1,12.4456845238,2.02946428571
2012-09-10 11:18:37,-72823,1,14.729985119,2.28430059524
2012-09-10 11:18:38,-72822,1,17.2144345238,2.48444940476
2012-09-10 11:18:39,-72821,1,19.7969494048,2.58251488095
2012-09-10 11:18:40,-72820,1,22.326264881,2.52931547619
2012-09-10 11:18:41,-72819,1,24.6551339286,2.32886904762
2012-09-10 11:18:42,-72818,1,26.6767113095,2.02157738095
2012-09-10 11:18:43,-72817,1,28.3078125,1.63110119048
2012-09-10 11:18:44,-72816,1,29.4683035714,1.16049107143
2012-09-10 11:18:45,-72815,1,30.1052827381,0.636979166667
2012-09-10 11:18:46,-72814,1,30.2011904762,0.0959077380953
2012-09-10 11:18:47,-72813,1,29.7114583333,-0.489732142857
2012-09-10 11:18:48,-72812,1,28.5118303571,-1.19962797619
2012-09-10 11:18:49,-72811,1,26.4362053571,-2.075625
2012-09-10 11:18:50,-72810,1,23.3771875,-3.05901785714
2012-09-10 11:18:51,-72809,1,19.426264881,-3.95092261905
2012-09-10 11:18:52,-72808,1,15.0046279762,-4.42163690476
2012-09-10 11:18:53,-72807,1,10.8026041667,-4.20202380952
2012-09-10 11:18:54,-72806,1,7.4659672619,-3.33663690476
2012-09-10 11:18:55,-72805,1,5.27168154762,-2.19428571429
2012-09-10 11:18:56,-72804,1,4.07223214286,-1.19944940476
2012-09-10 11:18:57,-72803,1,3.56601190476,-0.506220238095
2012-09-10 11:18:58,-72802,1,3.63516369048,0.0691517857143
2012-09-10 11:18:59,-72801,1,4.3730952381,0.737931547619
2012-09-10 11:19:00,-72800,1,5.83080357143,1.45770833333
2012-09-10 11:19:01,-72799,1,7.87535714286,2.04455357143
2012-09-10 11:19:02,-72798,1,10.3104166667,2.43505952381
2012-09-10 11:19:03,-72797,1,13.0536904762,2.74327380952
2012-09-10 11:19:04,-72796,1,16.1354464286,3.08175595238
2012-09-10 11:19:05,-72795,1,19.5170386905,3.3815922619
2012-09-10 11:19:06,-72794,1,22.9784970238,3.46145833333
2012-09-10 11:19:07,-72793,1,26.2150297619,3.2365327381
2012-09-10 11:19:08,-72792,1,28.9952380952,2.78020833333
2012-09-10 11:19:09,-72791,1,31.2270833333,2.2318452381
2012-09-10 11:19:10,-72790,1,32.9323660714,1.7052827381
2012-09-10 11:19:11,-72789,1,34.1866071429,1.25424107143
2012-09-10 11:19:12,-72788,1,35.0616071429,0.875
2012-09-10 11:19:13,-72787,1,35.5912202381,0.529613095238
2012-09-10 11:19:14,-72786,1,35.778422619,0.187202380952
2012-09-10 11:19:15,-72785,1,35.6384672619,-0.139955357143
2012-09-10 11:19:16,-72784,1,35.2390625,-0.399404761905
2012-09-10 11:19:17,-72783,1,34.697172619,-0.541889880952
2012-09-10 11:19:18,-72782,1,34.1290178571,-0.568154761905
2012-09-10 11:19:19,-72781,1,33.5989583333,-0.53005952381
2012-09-10 11:19:20,-72780,1,33.1133928571,-0.485565476191
2012-09-10 11:19:21,-72779,1,32.649702381,-0.46369047619
2012-09-10 11:19:22,-72778,1,32.176264881,-0.4734375
2012-09-10 11:19:23,-72777,1,31.6392113095,-0.537053571429
2012-09-10 11:19:24,-72776,1,30.9323660714,-0.706845238095
2012-09-10 11:19:25,-72775,1,29.9023809524,-1.02998511905
2012-09-10 11:19:26,-72774,1,28.4270833333,-1.47529761905
2012-09-10 11:19:27,-72773,1,26.5166666667,-1.91041666667
2012-09-10 11:19:28,-72772,1,24.3257440476,-2.19092261905
2012-09-10 11:19:29,-72771,1,22.0361607143,-2.28958333333
2012-09-10 11:19:30,-72770,1,19.699702381,-2.33645833333
2012-09-10 11:19:31,-72769,1,17.1785714286,-2.52113095238
2012-09-10 11:19:32,-72768,1,14.2823660714,-2.89620535714
2012-09-10 11:19:33,-72767,1,11.0811011905,-3.20126488095
2012-09-10 11:19:34,-72766,1,8.13191964286,-2.94918154762
2012-09-10 11:19:35,-72765,1,6.28206845238,-1.84985119048
2012-09-10 11:19:36,-72764,1,6.13549107143,-0.146577380952
2012-09-10 11:19:37,-72763,1,7.68072916667,1.54523809524
2012-09-10 11:19:38,-72762,1,10.3861607143,2.70543154762
2012-09-10 11:19:39,-72761,1,13.628125,3.24196428571
2012-09-10 11:19:40,-72760,1,17.0614583333,3.43333333333
2012-09-10 11:19:41,-72759,1,20.6172619048,3.55580357143
2012-09-10 11:19:42,-72758,1,24.2551339286,3.63787202381
2012-09-10 11:19:43,-72757,1,27.8447916667,3.5896577381
2012-09-10 11:19:44,-72756,1,31.2448660714,3.40007440476
2012-09-10 11:19:45,-72755,1,34.3764136905,3.13154761905
2012-09-10 11:19:46,-72754,1,37.2031994048,2.82678571429
2012-09-10 11:19:47,-72753,1,39.687797619,2.48459821429
2012-09-10 11:19:48,-72752,1,41.7897321429,2.10193452381
2012-09-10 11:19:49,-72751,1,43.4954613095,1.70572916667
2012-09-10 11:19:50,-72750,1,44.8261904762,1.33072916667
2012-09-10 11:19:51,-72749,1,45.8042410714,0.978050595238
2012-09-10 11:19:52,-72748,1,46.4205357143,0.616294642857
2012-09-10 11:19:53,-72747,1,46.6502232143,0.2296875
2012-09-10 11:19:54,-72746,1,46.5088541667,-0.141369047619
2012-09-10 11:19:55,-72745,1,46.0977678571,-0.411086309524
2012-09-10 11:19:56,-72744,1,45.5941220238,-0.503645833333
2012-09-10 11:19:57,-72743,1,45.1877232143,-0.406398809524
2012-09-10 11:19:58,-72742,1,45.0136904762,-0.174032738095
2012-09-10 11:19:59,-72741,1,45.1255208333,0.111830357143
2012-09-10 11:20:00,-72740,1,45.5083333333,0.3828125
2012-09-10 11:20:01,-72739,1,46.1048363095,0.596502976191
2012-09-10 11:20:02,-72738,1,46.8347470238,0.729910714286
2012-09-10 11:20:03,-72737,1,47.6087053571,0.773958333333
2012-09-10 11:20:04,-72736,1,48.3410714286,0.732366071428
2012-09-10 11:20:05,-72735,1,48.9598958333,0.618824404762
2012-09-10 11:20:06,-72734,1,49.4199404762,0.460044642857
2012-09-10 11:20:07,-72733,1,49.7207589286,0.300818452381
2012-09-10 11:20:08,-72732,1,49.9077380952,0.186979166667
2012-09-10 11:20:09,-72731,1,50.0423363095,0.134598214286
2012-09-10 11:20:10,-72730,1,50.1682291667,0.125892857143
2012-09-10 11:20:11,-72729,1,50.3040178571,0.135788690476
2012-09-10 11:20:12,-72728,1,50.4553571429,0.151339285714
2012-09-10 11:20:13,-72727,1,50.6201636905,0.164806547619
2012-09-10 11:20:14,-72726,1,50.7787946429,0.158630952381
2012-09-10 11:20:15,-72725,1,50.8855654762,0.106770833333
2012-09-10 11:20:16,-72724,1,50.882514881,-0.0030505952381
2012-09-10 11:20:17,-72723,1,50.7319196429,-0.150595238095
2012-09-10 11:20:18,-72722,1,50.4341517857,-0.297767857143
2012-09-10 11:20:19,-72721,1,50.0116071429,-0.422544642857
2012-09-10 11:20:20,-72720,1,49.4738095238,-0.537797619048
2012-09-10 11:20:21,-72719,1,48.7774553571,-0.696354166667
2012-09-10 11:20:22,-72718,1,47.7915922619,-0.985863095238
2012-09-10 11:20:23,-72717,1,46.2858630952,-1.50572916667
2012-09-10 11:20:24,-72716,1,43.9625744048,-2.32328869048
2012-09-10 11:20:25,-72715,1,40.5616815476,-3.40089285714
2012-09-10 11:20:26,-72714,1,36.0148809524,-4.54680059524
2012-09-10 11:20:27,-72713,1,30.5427083333,-5.47217261905
2012-09-10 11:20:28,-72712,1,24.6215029762,-5.92120535714
2012-09-10 11:20:29,-72711,1,18.8270833333,-5.79441964286
2012-09-10 11:20:30,-72710,1,13.6146577381,-5.21242559524
2012-09-10 11:20:31,-72709,1,9.18147321429,-4.43318452381
2012-09-10 11:20:32,-72708,1,5.55602678571,-3.62544642857
2012-09-10 11:20:33,-72707,1,2.87470238095,-2.68132440476
2012-09-10 11:20:34,-72706,1,0.0,-2.87470238095
2012-09-10 11:21:00,-72680,26,0.0,0.0
2012-09-10 11:21:01,-72679,1,4.91577380952,4.91577380952
2012-09-10 11:21:02,-72678,1,8.96279761905,4.04702380952
2012-09-10 11:21:03,-72677,1,13.4828125,4.52001488095
2012-09-10 11:21:04,-72676,1,17.8377232143,4.35491071429
2012-09-10 11:21:05,-72675,1,21.7747767857,3.93705357143
2012-09-10 11:21:06,-72674,1,25.282514881,3.50773809524
2012-09-10 11:21:07,-72673,1,28.4125,3.12998511905
2012-09-10 11:21:08,-72672,1,31.1818452381,2.7693452381
2012-09-10 11:21:09,-72671,1,33.5756696429,2.39382440476
2012-09-10 11:21:10,-72670,1,35.5749255952,1.99925595238
2012-09-10 11:21:11,-72669,1,37.178422619,1.60349702381
2012-09-10 11:21:12,-72668,1,38.4310267857,1.25260416667
2012-09-10 11:21:13,-72667,1,39.4202380952,0.989211309524
2012-09-10 11:21:14,-72666,1,40.2236607143,0.803422619048
2012-09-10 11:21:15,-72665,1,40.8670386905,0.643377976191
2012-09-10 11:21:16,-72664,1,41.3323660714,0.465327380952
2012-09-10 11:21:17,-72663,1,41.5898809524,0.257514880952
2012-09-10 11:21:18,-72662,1,41.6265625,0.036681547619
2012-09-10 11:21:19,-72661,1,41.4652529762,-0.161309523809
2012-09-10 11:21:20,-72660,1,41.1620535714,-0.303199404762
2012-09-10 11:21:21,-72659,1,40.7642113095,-0.397842261905
2012-09-10 11:21:22,-72658,1,40.2435267857,-0.520684523809
2012-09-10 11:21:23,-72657,1,39.4654017857,-0.778125
2012-09-10 11:21:24,-72656,1,38.2302827381,-1.23511904762
2012-09-10 11:21:25,-72655,1,36.3543154762,-1.8759672619
2012-09-10 11:21:26,-72654,1,33.7404017857,-2.61391369048
2012-09-10 11:21:27,-72653,1,30.406547619,-3.33385416667
2012-09-10 11:21:28,-72652,1,26.4572916667,-3.94925595238
2012-09-10 11:21:29,-72651,1,22.0374255952,-4.41986607143
2012-09-10 11:21:30,-72650,1,17.3172619048,-4.72016369048
2012-09-10 11:21:31,-72649,1,12.5142857143,-4.80297619048
2012-09-10 11:21:32,-72648,1,7.96168154762,-4.55260416667
2012-09-10 11:21:33,-72647,1,4.22113095238,-3.74055059524
2012-09-10 11:21:34,-72646,1,0.0,-4.22113095238
2012-09-10 11:22:36,-72584,62,0.0,0.0
2012-09-10 11:22:37,-72583,1,4.55885416667,4.55885416667
2012-09-10 11:22:38,-72582,1,8.52819940476,3.9693452381
2012-09-10 11:22:39,-72581,1,13.1875744048,4.659375
2012-09-10 11:22:40,-72580,1,17.8584821429,4.6709077381
2012-09-10 11:22:41,-72579,1,22.2104166667,4.35193452381
2012-09-10 11:22:42,-72578,1,26.1595982143,3.94918154762
2012-09-10 11:22:43,-72577,1,29.7171130952,3.55751488095
2012-09-10 11:22:44,-72576,1,32.9057291667,3.18861607143
2012-09-10 11:22:45,-72575,1,35.7464285714,2.84069940476
2012-09-10 11:22:46,-72574,1,38.240922619,2.49449404762
2012-09-10 11:22:47,-72573,1,40.3558779762,2.11495535714
2012-09-10 11:22:48,-72572,1,42.0583333333,1.70245535714
2012-09-10 11:22:49,-72571,1,43.3755952381,1.31726190476
2012-09-10 11:22:50,-72570,1,44.4027529762,1.0271577381
2012-09-10 11:22:51,-72569,1,45.2475446429,0.844791666667
2012-09-10 11:22:52,-72568,1,45.9784970238,0.730952380952
2012-09-10 11:22:53,-72567,1,46.6138392857,0.635342261905
2012-09-10 11:22:54,-72566,1,47.1392113095,0.52537202381
2012-09-10 11:22:55,-72565,1,47.5385416667,0.399330357143
2012-09-10 11:22:56,-72564,1,47.8147321429,0.27619047619
2012-09-10 11:22:57,-72563,1,47.9828125,0.168080357143
2012-09-10 11:22:58,-72562,1,48.0484375,0.065625
2012-09-10 11:22:59,-72561,1,47.9923363095,-0.0561011904762
2012-09-10 11:23:00,-72560,1,47.7714285714,-0.220907738095
2012-09-10 11:23:01,-72559,1,47.3229910714,-0.4484375
2012-09-10 11:23:02,-72558,1,46.5498511905,-0.773139880952
2012-09-10 11:23:03,-72557,1,45.311235119,-1.23861607143
2012-09-10 11:23:04,-72556,1,43.4473214286,-1.86391369048
2012-09-10 11:23:05,-72555,1,40.8151041667,-2.6322172619
2012-09-10 11:23:06,-72554,1,37.3291666667,-3.4859375
2012-09-10 11:23:07,-72553,1,33.0053571429,-4.32380952381
2012-09-10 11:23:08,-72552,1,27.9686755952,-5.03668154762
2012-09-10 11:23:09,-72551,1,22.4473958333,-5.5212797619
2012-09-10 11:23:10,-72550,1,16.7888392857,-5.65855654762
2012-09-10 11:23:11,-72549,1,11.429389881,-5.35944940476
2012-09-10 11:23:12,-72548,1,6.8162202381,-4.61316964286
2012-09-10 11:23:13,-72547,1,3.40141369048,-3.41480654762
2012-09-10 11:23:14,-72546,1,0.0,-3.40141369048
2012-09-10 11:23:35,-72525,21,0.0,0.0
2012-09-10 11:23:36,-72524,1,4.5790922619,4.5790922619
2012-09-10 11:23:37,-72523,1,8.5994047619,4.0203125
2012-09-10 11:23:38,-72522,1,13.2927827381,4.69337797619
2012-09-10 11:23:39,-72521,1,17.9703869048,4.67760416667
2012-09-10 11:23:40,-72520,1,22.2925595238,4.32217261905
2012-09-10 11:23:41,-72519,1,26.2008184524,3.90825892857
2012-09-10 11:23:42,-72518,1,29.7398809524,3.5390625
2012-09-10 11:23:43,-72517,1,32.9357886905,3.1959077381
2012-09-10 11:23:44,-72516,1,35.775297619,2.83950892857
2012-09-10 11:23:45,-72515,1,38.2060267857,2.43072916667
2012-09-10 11:23:46,-72514,1,40.1427083333,1.93668154762
2012-09-10 11:23:47,-72513,1,41.5145833333,1.371875
2012-09-10 11:23:48,-72512,1,42.3156994048,0.801116071429
2012-09-10 11:23:49,-72511,1,42.6002232143,0.284523809524
2012-09-10 11:23:50,-72510,1,42.4439732143,-0.15625
2012-09-10 11:23:51,-72509,1,41.939360119,-0.504613095238
2012-09-10 11:23:52,-72508,1,41.2203869048,-0.718973214286
2012-09-10 11:23:53,-72507,1,40.4475446429,-0.772842261905
2012-09-10 11:23:54,-72506,1,39.7426339286,-0.704910714286
2012-09-10 11:23:55,-72505,1,39.1373511905,-0.605282738095
2012-09-10 11:23:56,-72504,1,38.5844494048,-0.552901785714
2012-09-10 11:23:57,-72503,1,38.0215029762,-0.562946428571
2012-09-10 11:23:58,-72502,1,37.4126488095,-0.608854166667
2012-09-10 11:23:59,-72501,1,36.7005208333,-0.712127976191
2012-09-10 11:24:00,-72500,1,35.7164434524,-0.984077380952
2012-09-10 11:24:01,-72499,1,34.1757440476,-1.54069940476
2012-09-10 11:24:02,-72498,1,31.815625,-2.36011904762
2012-09-10 11:24:03,-72497,1,28.5890625,-3.2265625
2012-09-10 11:24:04,-72496,1,24.7460565476,-3.84300595238
2012-09-10 11:24:05,-72495,1,20.705952381,-4.04010416667
2012-09-10 11:24:06,-72494,1,16.821875,-3.88407738095
2012-09-10 11:24:07,-72493,1,13.2593005952,-3.56257440476
2012-09-10 11:24:08,-72492,1,10.0686011905,-3.19069940476
2012-09-10 11:24:09,-72491,1,7.29032738095,-2.77827380952
2012-09-10 11:24:10,-72490,1,4.95141369048,-2.33891369048
2012-09-10 11:24:11,-72489,1,3.04114583333,-1.91026785714
2012-09-10 11:24:12,-72488,1,1.62886904762,-1.41227678571
2012-09-10 11:24:13,-72487,1,0.0,-1.62886904762
2012-09-10 11:24:41,-72459,28,0.0,0.0
2012-09-10 11:24:42,-72458,1,4.5375,4.5375
2012-09-10 11:24:43,-72457,1,8.55394345238,4.01644345238
2012-09-10 11:24:44,-72456,1,13.2293154762,4.67537202381
2012-09-10 11:24:45,-72455,1,17.8499255952,4.62061011905
2012-09-10 11:24:46,-72454,1,22.0165178571,4.1665922619
2012-09-10 11:24:47,-72453,1,25.6492559524,3.63273809524
2012-09-10 11:24:48,-72452,1,28.8354166667,3.18616071429
2012-09-10 11:24:49,-72451,1,31.6885416667,2.853125
2012-09-10 11:24:50,-72450,1,34.2849702381,2.59642857143
2012-09-10 11:24:51,-72449,1,36.6162946429,2.33132440476
2012-09-10 11:24:52,-72448,1,38.5789434524,1.96264880952
2012-09-10 11:24:53,-72447,1,40.0563244048,1.47738095238
2012-09-10 11:24:54,-72446,1,41.0276041667,0.971279761905
2012-09-10 11:24:55,-72445,1,41.6015625,0.573958333333
2012-09-10 11:24:56,-72444,1,41.963764881,0.362202380952
2012-09-10 11:24:57,-72443,1,42.2881696429,0.324404761905
2012-09-10 11:24:58,-72442,1,42.6648065476,0.376636904762
2012-09-10 11:24:59,-72441,1,43.0837797619,0.418973214286
2012-09-10 11:25:00,-72440,1,43.4785714286,0.394791666667
2012-09-10 11:25:01,-72439,1,43.7875744048,0.30900297619
2012-09-10 11:25:02,-72438,1,44.0014880952,0.213913690476
2012-09-10 11:25:03,-72437,1,44.1747767857,0.173288690476
2012-09-10 11:25:04,-72436,1,44.3804315476,0.205654761905
2012-09-10 11:25:05,-72435,1,44.6447172619,0.264285714286
2012-09-10 11:25:06,-72434,1,44.9261904762,0.281473214286
2012-09-10 11:25:07,-72433,1,45.1469494048,0.220758928571
2012-09-10 11:25:08,-72432,1,45.2516369048,0.1046875
2012-09-10 11:25:09,-72431,1,45.2572916667,0.0056547619048
2012-09-10 11:25:10,-72430,1,45.2419642857,-0.0153273809524
2012-09-10 11:25:11,-72429,1,45.2784970238,0.0365327380952
2012-09-10 11:25:12,-72428,1,45.3831845238,0.1046875
2012-09-10 11:25:13,-72427,1,45.5164434524,0.133258928572
2012-09-10 11:25:14,-72426,1,45.6202380952,0.103794642857
2012-09-10 11:25:15,-72425,1,45.6628720238,0.0426339285714
2012-09-10 11:25:16,-72424,1,45.6619047619,-0.000967261904698
2012-09-10 11:25:17,-72423,1,45.6730654762,0.0111607142857
2012-09-10 11:25:18,-72422,1,45.75625,0.0831845238095
2012-09-10 11:25:19,-72421,1,45.9376488095,0.181398809524
2012-09-10 11:25:20,-72420,1,46.1898809524,0.252232142857
2012-09-10 11:25:21,-72419,1,46.4444940476,0.254613095238
2012-09-10 11:25:22,-72418,1,46.6256696429,0.181175595238
2012-09-10 11:25:23,-72417,1,46.6788690476,0.0531994047619
2012-09-10 11:25:24,-72416,1,46.5796130952,-0.0992559523809
2012-09-10 11:25:25,-72415,1,46.3283482143,-0.251264880952
2012-09-10 11:25:26,-72414,1,45.9491815476,-0.379166666667
2012-09-10 11:25:27,-72413,1,45.4986607143,-0.450520833333
2012-09-10 11:25:28,-72412,1,45.0645833333,-0.434077380952
2012-09-10 11:25:29,-72411,1,44.7389136905,-0.325669642857
2012-09-10 11:25:30,-72410,1,44.5816964286,-0.157217261905
2012-09-10 11:25:31,-72409,1,44.5990327381,0.0173363095238
2012-09-10 11:25:32,-72408,1,44.744047619,0.145014880952
2012-09-10 11:25:33,-72407,1,44.9433035714,0.199255952381
2012-09-10 11:25:34,-72406,1,45.1319196429,0.188616071428
2012-09-10 11:25:35,-72405,1,45.2703869048,0.138467261905
2012-09-10 11:25:36,-72404,1,45.3414434524,0.071056547619
2012-09-10 11:25:37,-72403,1,45.3386160714,-0.0028273809523
2012-09-10 11:25:38,-72402,1,45.2455357143,-0.0930803571429
2012-09-10 11:25:39,-72401,1,45.004985119,-0.240550595238
2012-09-10 11:25:40,-72400,1,44.4941964286,-0.510788690476
2012-09-10 11:25:41,-72399,1,43.5391369048,-0.95505952381
2012-09-10 11:25:42,-72398,1,41.9822916667,-1.5568452381
2012-09-10 11:25:43,-72397,1,39.7650297619,-2.21726190476
2012-09-10 11:25:44,-72396,1,36.964360119,-2.80066964286
2012-09-10 11:25:45,-72395,1,33.7587053571,-3.2056547619
2012-09-10 11:25:46,-72394,1,30.3458333333,-3.41287202381
2012-09-10 11:25:47,-72393,1,26.8715029762,-3.47433035714
2012-09-10 11:25:48,-72392,1,23.4159970238,-3.45550595238
2012-09-10 11:25:49,-72391,1,20.0251488095,-3.39084821429
2012-09-10 11:25:50,-72390,1,16.7413690476,-3.2837797619
2012-09-10 11:25:51,-72389,1,13.6086309524,-3.13273809524
2012-09-10 11:25:52,-72388,1,10.644047619,-2.96458333333
2012-09-10 11:25:53,-72387,1,7.81614583333,-2.82790178571
2012-09-10 11:25:54,-72386,1,5.12901785714,-2.68712797619
2012-09-10 11:25:55,-72385,1,2.83511904762,-2.29389880952
2012-09-10 11:25:56,-72384,1,0.0,-2.83511904762
2012-09-10 11:26:16,-72364,20,0.0,0.0
2012-09-10 11:26:17,-72363,1,4.50342261905,4.50342261905
2012-09-10 11:26:18,-72362,1,8.54962797619,4.04620535714
2012-09-10 11:26:19,-72361,1,13.3904017857,4.84077380952
2012-09-10 11:26:20,-72360,1,18.3386904762,4.94828869048
2012-09-10 11:26:21,-72359,1,22.9810267857,4.64233630952
2012-09-10 11:26:22,-72358,1,27.1590029762,4.17797619048
2012-09-10 11:26:23,-72357,1,30.8604910714,3.70148809524
2012-09-10 11:26:24,-72356,1,34.1061011905,3.24561011905
2012-09-10 11:26:25,-72355,1,36.9053571429,2.79925595238
2012-09-10 11:26:26,-72354,1,39.2673363095,2.36197916667
2012-09-10 11:26:27,-72353,1,41.2226934524,1.95535714286
2012-09-10 11:26:28,-72352,1,42.8438988095,1.62120535714
2012-09-10 11:26:29,-72351,1,44.2337053571,1.38980654762
2012-09-10 11:26:30,-72350,1,45.4647321429,1.23102678571
2012-09-10 11:26:31,-72349,1,46.5317708333,1.06703869048
2012-09-10 11:26:32,-72348,1,47.376860119,0.845089285714
2012-09-10 11:26:33,-72347,1,47.9509672619,0.574107142857
2012-09-10 11:26:34,-72346,1,48.2463541667,0.295386904762
2012-09-10 11:26:35,-72345,1,48.2879464286,0.0415922619047
2012-09-10 11:26:36,-72344,1,48.1103422619,-0.177604166667
2012-09-10 11:26:37,-72343,1,47.7472470238,-0.363095238095
2012-09-10 11:26:38,-72342,1,47.237797619,-0.509449404762
2012-09-10 11:26:39,-72341,1,46.6306547619,-0.607142857143
2012-09-10 11:26:40,-72340,1,45.9719494048,-0.658705357143
2012-09-10 11:26:41,-72339,1,45.2881696429,-0.683779761905
2012-09-10 11:26:42,-72338,1,44.5843005952,-0.703869047619
2012-09-10 11:26:43,-72337,1,43.8591517857,-0.725148809524
2012-09-10 11:26:44,-72336,1,43.121577381,-0.737574404762
2012-09-10 11:26:45,-72335,1,42.3939732143,-0.727604166667
2012-09-10 11:26:46,-72334,1,41.7011904762,-0.692782738095
2012-09-10 11:26:47,-72333,1,41.0580357143,-0.643154761905
2012-09-10 11:26:48,-72332,1,40.473139881,-0.584895833333
2012-09-10 11:26:49,-72331,1,39.9644345238,-0.508705357143
2012-09-10 11:26:50,-72330,1,39.5625,-0.40193452381
2012-09-10 11:26:51,-72329,1,39.2905505952,-0.271949404762
2012-09-10 11:26:52,-72328,1,39.1349702381,-0.155580357143
2012-09-10 11:26:53,-72327,1,39.0332589286,-0.101711309524
2012-09-10 11:26:54,-72326,1,38.8950892857,-0.138169642857
2012-09-10 11:26:55,-72325,1,38.6453869048,-0.249702380952
2012-09-10 11:26:56,-72324,1,38.2611607143,-0.384226190476
2012-09-10 11:26:57,-72323,1,37.774702381,-0.486458333333
2012-09-10 11:26:58,-72322,1,37.2249255952,-0.549776785714
2012-09-10 11:26:59,-72321,1,36.5689732143,-0.655952380952
2012-09-10 11:27:00,-72320,1,35.6219494048,-0.947023809524
2012-09-10 11:27:01,-72319,1,34.0975446429,-1.5244047619
2012-09-10 11:27:02,-72318,1,31.7398065476,-2.35773809524
2012-09-10 11:27:03,-72317,1,28.4654017857,-3.2744047619
2012-09-10 11:27:04,-72316,1,24.4354166667,-4.02998511905
2012-09-10 11:27:05,-72315,1,20.0177827381,-4.41763392857
2012-09-10 11:27:06,-72314,1,15.6732886905,-4.34449404762
2012-09-10 11:27:07,-72313,1,11.8213541667,-3.85193452381
2012-09-10 11:27:08,-72312,1,8.68839285714,-3.13296130952
2012-09-10 11:27:09,-72311,1,6.20029761905,-2.4880952381
2012-09-10 11:27:10,-72310,1,4.10327380952,-2.09702380952
2012-09-10 11:27:11,-72309,1,2.33556547619,-1.76770833333
2012-09-10 11:27:12,-72308,1,0.0,-2.33556547619
2012-09-10 11:27:44,-72276,32,0.0,0.0
2012-09-10 11:27:45,-72275,1,3.52276785714,3.52276785714
2012-09-10 11:27:46,-72274,1,6.75193452381,3.22916666667
2012-09-10 11:27:47,-72273,1,10.5984375,3.84650297619
2012-09-10 11:27:48,-72272,1,14.3841517857,3.78571428571
2012-09-10 11:27:49,-72271,1,17.6479910714,3.26383928571
2012-09-10 11:27:50,-72270,1,20.2220982143,2.57410714286
2012-09-10 11:27:51,-72269,1,22.2024553571,1.98035714286
2012-09-10 11:27:52,-72268,1,23.8066964286,1.60424107143
2012-09-10 11:27:53,-72267,1,25.2055059524,1.39880952381
2012-09-10 11:27:54,-72266,1,26.4327380952,1.22723214286
2012-09-10 11:27:55,-72265,1,27.3942708333,0.961532738095
2012-09-10 11:27:56,-72264,1,27.9382440476,0.543973214286
2012-09-10 11:27:57,-72263,1,27.9207589286,-0.0174851190476
2012-09-10 11:27:58,-72262,1,27.2009672619,-0.719791666667
2012-09-10 11:27:59,-72261,1,25.5870535714,-1.61391369048
2012-09-10 11:28:00,-72260,1,22.8900297619,-2.69702380952
2012-09-10 11:28:01,-72259,1,19.1805803571,-3.70944940476
2012-09-10 11:28:02,-72258,1,15.0135416667,-4.16703869048
2012-09-10 11:28:03,-72257,1,11.2896577381,-3.72388392857
2012-09-10 11:28:04,-72256,1,8.81889880952,-2.47075892857
2012-09-10 11:28:05,-72255,1,7.96026785714,-0.858630952381
2012-09-10 11:28:06,-72254,1,8.5662202381,0.605952380952
2012-09-10 11:28:07,-72253,1,10.1429315476,1.57671130952
2012-09-10 11:28:08,-72252,1,12.0076636905,1.86473214286
2012-09-10 11:28:09,-72251,1,13.3983630952,1.39069940476
2012-09-10 11:28:10,-72250,1,13.698735119,0.300372023809
2012-09-10 11:28:11,-72249,1,12.7814732143,-0.917261904762
2012-09-10 11:28:12,-72248,1,11.1217261905,-1.65974702381
2012-09-10 11:28:13,-72247,1,9.45037202381,-1.67135416667
2012-09-10 11:28:14,-72246,1,8.26183035714,-1.18854166667
2012-09-10 11:28:15,-72245,1,7.63936011905,-0.622470238095
2012-09-10 11:28:16,-72244,1,7.46688988095,-0.172470238095
2012-09-10 11:28:17,-72243,1,7.72886904762,0.261979166667
2012-09-10 11:28:18,-72242,1,8.54233630952,0.813467261905
2012-09-10 11:28:19,-72241,1,9.89196428571,1.34962797619
2012-09-10 11:28:20,-72240,1,11.425,1.53303571429
2012-09-10 11:28:21,-72239,1,12.5664434524,1.14144345238
2012-09-10 11:28:22,-72238,1,12.8617559524,0.2953125
2012-09-10 11:28:23,-72237,1,12.2683779762,-0.59337797619
2012-09-10 11:28:24,-72236,1,11.1234375,-1.14494047619
2012-09-10 11:28:25,-72235,1,9.80163690476,-1.32180059524
2012-09-10 11:28:26,-72234,1,8.41086309524,-1.39077380952
2012-09-10 11:28:27,-72233,1,6.80052083333,-1.6103422619
2012-09-10 11:28:28,-72232,1,4.8546875,-1.94583333333
2012-09-10 11:28:29,-72231,1,2.82492559524,-2.02976190476
2012-09-10 11:28:30,-72230,1,0.0,-2.82492559524
2012-09-10 11:33:03,-71957,273,0.0,0.0
2012-09-10 11:33:04,-71956,1,1.06837797619,1.06837797619
2012-09-10 11:33:05,-71955,1,1.63036954365,0.56199156746
2012-09-10 11:33:06,-71954,1,2.05620039683,0.425830853175
2012-09-10 11:33:07,-71953,1,2.29136904762,0.235168650794
2012-09-10 11:33:08,-71952,1,2.45503472222,0.163665674603
2012-09-10 11:33:09,-71951,1,2.62606646825,0.171031746032
2012-09-10 11:33:10,-71950,1,2.81748511905,0.191418650794
2012-09-10 11:33:11,-71949,1,3.0736359127,0.256150793651
2012-09-10 11:33:12,-71948,1,3.51773313492,0.444097222222
2012-09-10 11:33:13,-71947,1,4.26458333333,0.746850198413
2012-09-10 11:33:14,-71946,1,5.24885912698,0.984275793651
2012-09-10 11:33:15,-71945,1,6.13986855159,0.891009424603
2012-09-10 11:33:16,-71944,1,6.53430059524,0.394432043651
2012-09-10 11:33:17,-71943,1,6.31839037698,-0.215910218254
2012-09-10 11:33:18,-71942,1,5.78953373016,-0.528856646825
2012-09-10 11:33:19,-71941,1,5.42328869048,-0.366245039683
2012-09-10 11:33:20,-71940,1,5.58921130952,0.165922619048
2012-09-10 11:33:21,-71939,1,6.4234375,0.834226190476
2012-09-10 11:33:22,-71938,1,7.84441964286,1.42098214286
2012-09-10 11:33:23,-71937,1,9.58214285714,1.73772321429
2012-09-10 11:33:24,-71936,1,11.1196800595,1.53753720238
2012-09-10 11:33:25,-71935,1,11.7759672619,0.656287202381
2012-09-10 11:33:26,-71934,1,11.1309895833,-0.644977678572
2012-09-10 11:33:27,-71933,1,9.38794642857,-1.74304315476
2012-09-10 11:33:28,-71932,1,7.21834077381,-2.16960565476
2012-09-10 11:33:29,-71931,1,5.32834821429,-1.88999255952
2012-09-10 11:33:30,-71930,1,4.2119047619,-1.11644345238
2012-09-10 11:33:31,-71929,1,4.1109375,-0.100967261905
2012-09-10 11:33:32,-71928,1,5.02749255952,0.916555059524
2012-09-10 11:33:33,-71927,1,6.79828869048,1.77079613095
2012-09-10 11:33:34,-71926,1,9.18746279762,2.38917410714
2012-09-10 11:33:35,-71925,1,11.9411458333,2.75368303571
2012-09-10 11:33:36,-71924,1,14.8589657738,2.91781994048
2012-09-10 11:33:37,-71923,1,17.7837797619,2.9248139881
2012-09-10 11:33:38,-71922,1,20.4770089286,2.69322916667
2012-09-10 11:33:39,-71921,1,22.6615327381,2.18452380952
2012-09-10 11:33:40,-71920,1,24.2373511905,1.57581845238
2012-09-10 11:33:41,-71919,1,25.3061011905,1.06875
2012-09-10 11:33:42,-71918,1,25.9521577381,0.646056547619
2012-09-10 11:33:43,-71917,1,26.0784970238,0.126339285714
2012-09-10 11:33:44,-71916,1,25.4882440476,-0.590252976191
2012-09-10 11:33:45,-71915,1,24.1234375,-1.36480654762
2012-09-10 11:33:46,-71914,1,22.1976190476,-1.92581845238
2012-09-10 11:33:47,-71913,1,20.0587797619,-2.13883928571
2012-09-10 11:33:48,-71912,1,17.923139881,-2.13563988095
2012-09-10 11:33:49,-71911,1,15.7753720238,-2.14776785714
2012-09-10 11:33:50,-71910,1,13.5199298469,-2.25544217687
2012-09-10 11:33:51,-71909,1,11.1576318027,-2.36229804422
2012-09-10 11:33:52,-71908,1,8.80527210884,-2.35235969388
2012-09-10 11:33:53,-71907,1,6.63598001701,-2.16929209184
2012-09-10 11:33:54,-71906,1,4.84049744898,-1.79548256803
2012-09-10 11:33:55,-71905,1,3.59090136054,-1.24959608844
2012-09-10 11:33:56,-71904,1,2.97583971088,-0.61506164966
2012-09-10 11:33:57,-71903,1,2.91857993197,-0.0572597789116
2012-09-10 11:33:58,-71902,1,3.17464923469,0.256069302721
2012-09-10 11:33:59,-71901,1,3.51984481293,0.345195578231
2012-09-10 11:34:00,-71900,1,3.99704506803,0.477200255102
2012-09-10 11:34:01,-71899,1,4.92676445578,0.929719387755
2012-09-10 11:34:02,-71898,1,6.66304209184,1.73627763605
2012-09-10 11:34:03,-71897,1,9.3390412415,2.67599914966
2012-09-10 11:34:04,-71896,1,12.7290497449,3.3900085034
2012-09-10 11:34:05,-71895,1,16.282599915,3.55355017007
2012-09-10 11:34:06,-71894,1,19.3914009354,3.10880102041
2012-09-10 11:34:07,-71893,1,21.7155612245,2.32416028912
2012-09-10 11:34:08,-71892,1,23.3058035714,1.59024234694
2012-09-10 11:34:09,-71891,1,24.4735119048,1.16770833333
2012-09-10 11:34:10,-71890,1,25.5186011905,1.04508928571
2012-09-10 11:34:11,-71889,1,26.5419642857,1.02336309524
2012-09-10 11:34:12,-71888,1,27.503422619,0.961458333333
2012-09-10 11:34:13,-71887,1,28.294047619,0.790625
2012-09-10 11:34:14,-71886,1,28.5872767857,0.293229166667
2012-09-10 11:34:15,-71885,1,27.7774553571,-0.809821428571
2012-09-10 11:34:16,-71884,1,25.3622767857,-2.41517857143
2012-09-10 11:34:17,-71883,1,21.5185267857,-3.84375
2012-09-10 11:34:18,-71882,1,17.3021577381,-4.21636904762
2012-09-10 11:34:19,-71881,1,14.1703125,-3.1318452381
2012-09-10 11:34:20,-71880,1,13.1226190476,-1.04769345238
2012-09-10 11:34:21,-71879,1,14.2127232143,1.09010416667
2012-09-10 11:34:22,-71878,1,16.7975446429,2.58482142857
2012-09-10 11:34:23,-71877,1,20.0973958333,3.29985119048
2012-09-10 11:34:24,-71876,1,23.5450892857,3.44769345238
2012-09-10 11:34:25,-71875,1,26.8479910714,3.30290178571
2012-09-10 11:34:26,-71874,1,29.8989583333,3.0509672619
2012-09-10 11:34:27,-71873,1,32.6383184524,2.73936011905
2012-09-10 11:34:28,-71872,1,34.9544642857,2.31614583333
2012-09-10 11:34:29,-71871,1,36.6946428571,1.74017857143
2012-09-10 11:34:30,-71870,1,37.7658482143,1.07120535714
2012-09-10 11:34:31,-71869,1,38.2177827381,0.45193452381
2012-09-10 11:34:32,-71868,1,38.2277529762,0.0099702380953
2012-09-10 11:34:33,-71867,1,38.0109375,-0.216815476191
2012-09-10 11:34:34,-71866,1,37.7430803571,-0.267857142857
2012-09-10 11:34:35,-71865,1,37.5459077381,-0.197172619048
2012-09-10 11:34:36,-71864,1,37.4913690476,-0.0545386904762
2012-09-10 11:34:37,-71863,1,37.5787202381,0.0873511904762
2012-09-10 11:34:38,-71862,1,37.7254464286,0.146726190476
2012-09-10 11:34:39,-71861,1,37.8151041667,0.0896577380953
2012-09-10 11:34:40,-71860,1,37.7654761905,-0.0496279761905
2012-09-10 11:34:41,-71859,1,37.5406994048,-0.224776785714
2012-09-10 11:34:42,-71858,1,37.0906994048,-0.45
2012-09-10 11:34:43,-71857,1,36.306547619,-0.784151785714
2012-09-10 11:34:44,-71856,1,35.0677827381,-1.23876488095
2012-09-10 11:34:45,-71855,1,33.3448660714,-1.72291666667
2012-09-10 11:34:46,-71854,1,31.2479166667,-2.09694940476
2012-09-10 11:34:47,-71853,1,28.9208333333,-2.32708333333
2012-09-10 11:34:48,-71852,1,26.3552827381,-2.56555059524
2012-09-10 11:34:49,-71851,1,23.3741071429,-2.98117559524
2012-09-10 11:34:50,-71850,1,19.8245535714,-3.54955357143
2012-09-10 11:34:51,-71849,1,15.7446428571,-4.07991071429
2012-09-10 11:34:52,-71848,1,11.3947916667,-4.34985119048
2012-09-10 11:34:53,-71847,1,7.221875,-4.17291666667
2012-09-10 11:34:54,-71846,1,3.80085565476,-3.42101934524
2012-09-10 11:34:55,-71845,1,0.0,-3.80085565476
2012-09-10 11:35:18,-71822,23,0.0,0.0
2012-09-10 11:35:19,-71821,1,2.90550595238,2.90550595238
2012-09-10 11:35:20,-71820,1,5.66592261905,2.76041666667
2012-09-10 11:35:21,-71819,1,9.14308035714,3.4771577381
2012-09-10 11:35:22,-71818,1,12.8505952381,3.70751488095
2012-09-10 11:35:23,-71817,1,16.4675595238,3.61696428571
2012-09-10 11:35:24,-71816,1,19.8289806548,3.36142113095
2012-09-10 11:35:25,-71815,1,22.8819940476,3.05301339286
2012-09-10 11:35:26,-71814,1,25.5995535714,2.71755952381
2012-09-10 11:35:27,-71813,1,27.9215029762,2.32194940476
2012-09-10 11:35:28,-71812,1,29.7902529762,1.86875
2012-09-10 11:35:29,-71811,1,31.237202381,1.44694940476
2012-09-10 11:35:30,-71810,1,32.4207589286,1.18355654762
2012-09-10 11:35:31,-71809,1,33.571875,1.15111607143
2012-09-10 11:35:32,-71808,1,34.8780505952,1.30617559524
2012-09-10 11:35:33,-71807,1,36.3697172619,1.49166666667
2012-09-10 11:35:34,-71806,1,37.9116815476,1.54196428571
2012-09-10 11:35:35,-71805,1,39.3345238095,1.4228422619
2012-09-10 11:35:36,-71804,1,40.5551339286,1.22061011905
2012-09-10 11:35:37,-71803,1,41.5613839286,1.00625
2012-09-10 11:35:38,-71802,1,42.3375,0.776116071429
2012-09-10 11:35:39,-71801,1,42.8186011905,0.481101190476
2012-09-10 11:35:40,-71800,1,42.8696428571,0.0510416666667
2012-09-10 11:35:41,-71799,1,42.3324404762,-0.537202380952
2012-09-10 11:35:42,-71798,1,41.1890625,-1.14337797619
2012-09-10 11:35:43,-71797,1,39.709077381,-1.47998511905
2012-09-10 11:35:44,-71796,1,38.397172619,-1.3119047619
2012-09-10 11:35:45,-71795,1,37.7491071429,-0.648065476191
2012-09-10 11:35:46,-71794,1,37.9840029762,0.234895833333
2012-09-10 11:35:47,-71793,1,38.9535714286,0.969568452381
2012-09-10 11:35:48,-71792,1,40.3068452381,1.35327380952
2012-09-10 11:35:49,-71791,1,41.7360119048,1.42916666667
2012-09-10 11:35:50,-71790,1,43.0738095238,1.33779761905
2012-09-10 11:35:51,-71789,1,44.2352678571,1.16145833333
2012-09-10 11:35:52,-71788,1,45.1447916667,0.909523809524
2012-09-10 11:35:53,-71787,1,45.7286458333,0.583854166667
2012-09-10 11:35:54,-71786,1,45.9514136905,0.222767857143
2012-09-10 11:35:55,-71785,1,45.8482886905,-0.103125
2012-09-10 11:35:56,-71784,1,45.5261904762,-0.322098214286
2012-09-10 11:35:57,-71783,1,45.1252232143,-0.400967261905
2012-09-10 11:35:58,-71782,1,44.7550595238,-0.370163690476
2012-09-10 11:35:59,-71781,1,44.4424107143,-0.312648809524
2012-09-10 11:36:00,-71780,1,44.1220982143,-0.3203125
2012-09-10 11:36:01,-71779,1,43.6829613095,-0.439136904762
2012-09-10 11:36:02,-71778,1,43.0482142857,-0.634747023809
2012-09-10 11:36:03,-71777,1,42.2441964286,-0.804017857143
2012-09-10 11:36:04,-71776,1,41.4099702381,-0.834226190476
2012-09-10 11:36:05,-71775,1,40.7314732143,-0.678497023809
2012-09-10 11:36:06,-71774,1,40.3449404762,-0.386532738095
2012-09-10 11:36:07,-71773,1,40.2799107143,-0.0650297619048
2012-09-10 11:36:08,-71772,1,40.4683035714,0.188392857143
2012-09-10 11:36:09,-71771,1,40.7984375,0.330133928571
2012-09-10 11:36:10,-71770,1,41.1745535714,0.376116071429
2012-09-10 11:36:11,-71769,1,41.5463541667,0.371800595238
2012-09-10 11:36:12,-71768,1,41.9026785714,0.356324404762
2012-09-10 11:36:13,-71767,1,42.246875,0.344196428571
2012-09-10 11:36:14,-71766,1,42.569047619,0.322172619048
2012-09-10 11:36:15,-71765,1,42.8302083333,0.261160714286
2012-09-10 11:36:16,-71764,1,42.974702381,0.144494047619
2012-09-10 11:36:17,-71763,1,42.9648809524,-0.0098214285715
2012-09-10 11:36:18,-71762,1,42.804389881,-0.160491071429
2012-09-10 11:36:19,-71761,1,42.5238095238,-0.280580357143
2012-09-10 11:36:20,-71760,1,42.1424107143,-0.381398809524
2012-09-10 11:36:21,-71759,1,41.6458333333,-0.496577380952
2012-09-10 11:36:22,-71758,1,41.0017857143,-0.644047619048
2012-09-10 11:36:23,-71757,1,40.1986607143,-0.803125
2012-09-10 11:36:24,-71756,1,39.2617559524,-0.936904761905
2012-09-10 11:36:25,-71755,1,38.2044642857,-1.05729166667
2012-09-10 11:36:26,-71754,1,36.9433035714,-1.26116071429
2012-09-10 11:36:27,-71753,1,35.271875,-1.67142857143
2012-09-10 11:36:28,-71752,1,32.9412946429,-2.33058035714
2012-09-10 11:36:29,-71751,1,29.797172619,-3.14412202381
2012-09-10 11:36:30,-71750,1,25.8899553571,-3.9072172619
2012-09-10 11:36:31,-71749,1,21.5052083333,-4.38474702381
2012-09-10 11:36:32,-71748,1,17.0990327381,-4.40617559524
2012-09-10 11:36:33,-71747,1,13.167485119,-3.93154761905
2012-09-10 11:36:34,-71746,1,10.1388392857,-3.02864583333
2012-09-10 11:36:35,-71745,1,8.34523809524,-1.79360119048
2012-09-10 11:36:36,-71744,1,8.00014880952,-0.345089285714
2012-09-10 11:36:37,-71743,1,9.12380952381,1.12366071429
2012-09-10 11:36:38,-71742,1,11.4944196429,2.37061011905
2012-09-10 11:36:39,-71741,1,14.6927827381,3.19836309524
2012-09-10 11:36:40,-71740,1,18.2299107143,3.53712797619
2012-09-10 11:36:41,-71739,1,21.7169642857,3.48705357143
2012-09-10 11:36:42,-71738,1,24.9702380952,3.25327380952
2012-09-10 11:36:43,-71737,1,27.9686755952,2.9984375
2012-09-10 11:36:44,-71736,1,30.7455357143,2.77686011905
2012-09-10 11:36:45,-71735,1,33.3227678571,2.57723214286
2012-09-10 11:36:46,-71734,1,35.6914434524,2.36867559524
2012-09-10 11:36:47,-71733,1,37.822172619,2.13072916667
2012-09-10 11:36:48,-71732,1,39.6959077381,1.87373511905
2012-09-10 11:36:49,-71731,1,41.3174107143,1.62150297619
2012-09-10 11:36:50,-71730,1,42.6950892857,1.37767857143
2012-09-10 11:36:51,-71729,1,43.8174107143,1.12232142857
2012-09-10 11:36:52,-71728,1,44.6610119048,0.843601190476
2012-09-10 11:36:53,-71727,1,45.2261160714,0.565104166667
2012-09-10 11:36:54,-71726,1,45.5508184524,0.324702380952
2012-09-10 11:36:55,-71725,1,45.6713541667,0.120535714286
2012-09-10 11:36:56,-71724,1,45.5523809524,-0.118973214286
2012-09-10 11:36:57,-71723,1,45.04375,-0.508630952381
2012-09-10 11:36:58,-71722,1,43.9236607143,-1.12008928571
2012-09-10 11:36:59,-71721,1,42.0314732143,-1.8921875
2012-09-10 11:37:00,-71720,1,39.3772321429,-2.65424107143
2012-09-10 11:37:01,-71719,1,36.1084821429,-3.26875
2012-09-10 11:37:02,-71718,1,32.3751488095,-3.73333333333
2012-09-10 11:37:03,-71717,1,28.2386904762,-4.13645833333
2012-09-10 11:37:04,-71716,1,23.7094494048,-4.52924107143
2012-09-10 11:37:05,-71715,1,18.8876488095,-4.82180059524
2012-09-10 11:37:06,-71714,1,14.1046875,-4.78296130952
2012-09-10 11:37:07,-71713,1,9.94069940476,-4.16398809524
2012-09-10 11:37:08,-71712,1,7.06339285714,-2.87730654762
2012-09-10 11:37:09,-71711,1,5.94174107143,-1.12165178571
2012-09-10 11:37:10,-71710,1,6.59345238095,0.651711309524
2012-09-10 11:37:11,-71709,1,8.5572172619,1.96376488095
2012-09-10 11:37:12,-71708,1,11.1327380952,2.57552083333
2012-09-10 11:37:13,-71707,1,13.7206845238,2.58794642857
2012-09-10 11:37:14,-71706,1,16.0319196429,2.31123511905
2012-09-10 11:37:15,-71705,1,18.0581845238,2.02626488095
2012-09-10 11:37:16,-71704,1,19.8951636905,1.83697916667
2012-09-10 11:37:17,-71703,1,21.5779761905,1.6828125
2012-09-10 11:37:18,-71702,1,23.0041666667,1.42619047619
2012-09-10 11:37:19,-71701,1,23.9593005952,0.955133928571
2012-09-10 11:37:20,-71700,1,24.2245535714,0.26525297619
2012-09-10 11:37:21,-71699,1,23.687202381,-0.537351190476
2012-09-10 11:37:22,-71698,1,22.3775297619,-1.30967261905
2012-09-10 11:37:23,-71697,1,20.4273065476,-1.95022321429
2012-09-10 11:37:24,-71696,1,18.0109375,-2.41636904762
2012-09-10 11:37:25,-71695,1,15.3185267857,-2.69241071429
2012-09-10 11:37:26,-71694,1,12.5446800595,-2.77384672619
2012-09-10 11:37:27,-71693,1,9.87001488095,-2.67466517857
2012-09-10 11:37:28,-71692,1,7.44404761905,-2.4259672619
2012-09-10 11:37:29,-71691,1,5.38430059524,-2.05974702381
2012-09-10 11:37:30,-71690,1,3.81796875,-1.56633184524
2012-09-10 11:37:31,-71689,1,2.94895833333,-0.869010416667
2012-09-10 11:37:32,-71688,1,3.03359375,0.0846354166667
2012-09-10 11:37:33,-71687,1,4.21904761905,1.18545386905
2012-09-10 11:37:34,-71686,1,6.39389880952,2.17485119048
2012-09-10 11:37:35,-71685,1,9.20022321429,2.80632440476
2012-09-10 11:37:36,-71684,1,12.2091889881,3.00896577381
2012-09-10 11:37:37,-71683,1,15.15,2.9408110119
2012-09-10 11:37:38,-71682,1,18.0061755952,2.85617559524
2012-09-10 11:37:39,-71681,1,20.8932291667,2.88705357143
2012-09-10 11:37:40,-71680,1,23.8599702381,2.96674107143
2012-09-10 11:37:41,-71679,1,26.7783482143,2.91837797619
2012-09-10 11:37:42,-71678,1,29.3670386905,2.58869047619
2012-09-10 11:37:43,-71677,1,31.3319196429,1.96488095238
2012-09-10 11:37:44,-71676,1,32.5270833333,1.19516369048
2012-09-10 11:37:45,-71675,1,32.9985863095,0.471502976191
2012-09-10 11:37:46,-71674,1,32.8840029762,-0.114583333333
2012-09-10 11:37:47,-71673,1,32.2882440476,-0.595758928571
2012-09-10 11:37:48,-71672,1,31.2638392857,-1.0244047619
2012-09-10 11:37:49,-71671,1,29.8650297619,-1.39880952381
2012-09-10 11:37:50,-71670,1,28.1558779762,-1.70915178571
2012-09-10 11:37:51,-71669,1,26.1758184524,-1.98005952381
2012-09-10 11:37:52,-71668,1,23.948735119,-2.22708333333
2012-09-10 11:37:53,-71667,1,21.5389136905,-2.40982142857
2012-09-10 11:37:54,-71666,1,19.0865327381,-2.45238095238
2012-09-10 11:37:55,-71665,1,16.7681547619,-2.31837797619
2012-09-10 11:37:56,-71664,1,14.7130208333,-2.05513392857
2012-09-10 11:37:57,-71663,1,12.9904761905,-1.72254464286
2012-09-10 11:37:58,-71662,1,11.701860119,-1.28861607143
2012-09-10 11:37:59,-71661,1,11.0482886905,-0.653571428571
2012-09-10 11:38:00,-71660,1,11.2586309524,0.210342261905
2012-09-10 11:38:01,-71659,1,12.4294642857,1.17083333333
2012-09-10 11:38:02,-71658,1,14.4307291667,2.00126488095
2012-09-10 11:38:03,-71657,1,16.9507440476,2.52001488095
2012-09-10 11:38:04,-71656,1,19.6058035714,2.65505952381
2012-09-10 11:38:05,-71655,1,22.0343005952,2.42849702381
2012-09-10 11:38:06,-71654,1,23.9871279762,1.95282738095
2012-09-10 11:38:07,-71653,1,25.4095238095,1.42239583333
2012-09-10 11:38:08,-71652,1,26.4459821429,1.03645833333
2012-09-10 11:38:09,-71651,1,27.3271577381,0.881175595238
2012-09-10 11:38:10,-71650,1,28.1708333333,0.843675595238
2012-09-10 11:38:11,-71649,1,28.8285714286,0.657738095238
2012-09-10 11:38:12,-71648,1,28.9347470238,0.106175595238
2012-09-10 11:38:13,-71647,1,28.1136904762,-0.821056547619
2012-09-10 11:38:14,-71646,1,26.1405505952,-1.97313988095
2012-09-10 11:38:15,-71645,1,22.9952752976,-3.14527529762
2012-09-10 11:38:16,-71644,1,18.890922619,-4.10435267857
2012-09-10 11:38:17,-71643,1,14.2718005952,-4.61912202381
2012-09-10 11:38:18,-71642,1,9.71331845238,-4.55848214286
2012-09-10 11:38:19,-71641,1,5.7625,-3.95081845238
2012-09-10 11:38:20,-71640,1,2.85089285714,-2.91160714286
2012-09-10 11:38:21,-71639,1,0.0,-2.85089285714
2012-09-10 11:38:46,-71614,25,0.0,0.0
2012-09-10 11:38:47,-71613,1,1.82079613095,1.82079613095
2012-09-10 11:38:48,-71612,1,2.72857142857,0.907775297619
2012-09-10 11:38:49,-71611,1,3.23571428571,0.507142857143
2012-09-10 11:38:50,-71610,1,3.30297619048,0.0672619047619
2012-09-10 11:38:51,-71609,1,3.32661210317,0.0236359126984
2012-09-10 11:38:52,-71608,1,3.77532242063,0.44871031746
2012-09-10 11:38:53,-71607,1,4.85223214286,1.07690972222
2012-09-10 11:38:54,-71606,1,6.46517857143,1.61294642857
2012-09-10 11:38:55,-71605,1,8.4296875,1.96450892857
2012-09-10 11:38:56,-71604,1,10.6006696429,2.17098214286
2012-09-10 11:38:57,-71603,1,12.8964037698,2.29573412698
2012-09-10 11:38:58,-71602,1,15.2871527778,2.39074900794
2012-09-10 11:38:59,-71601,1,17.7379464286,2.45079365079
2012-09-10 11:39:00,-71600,1,20.183110119,2.44516369048
2012-09-10 11:39:01,-71599,1,22.5723214286,2.38921130952
2012-09-10 11:39:02,-71598,1,24.8752232143,2.30290178571
2012-09-10 11:39:03,-71597,1,27.020610119,2.14538690476
2012-09-10 11:39:04,-71596,1,28.8752232143,1.85461309524
2012-09-10 11:39:05,-71595,1,30.2908482143,1.415625
2012-09-10 11:39:06,-71594,1,31.1640625,0.873214285714
2012-09-10 11:39:07,-71593,1,31.4677827381,0.303720238095
2012-09-10 11:39:08,-71592,1,31.2291666667,-0.238616071428
2012-09-10 11:39:09,-71591,1,30.4647321429,-0.76443452381
2012-09-10 11:39:10,-71590,1,29.1363095238,-1.32842261905
2012-09-10 11:39:11,-71589,1,27.1763392857,-1.9599702381
2012-09-10 11:39:12,-71588,1,24.5898809524,-2.58645833333
2012-09-10 11:39:13,-71587,1,21.5682291667,-3.02165178571
2012-09-10 11:39:14,-71586,1,18.4648065476,-3.10342261905
2012-09-10 11:39:15,-71585,1,15.5992559524,-2.86555059524
2012-09-10 11:39:16,-71584,1,13.0607886905,-2.5384672619
2012-09-10 11:39:17,-71583,1,10.6746279762,-2.38616071429
2012-09-10 11:39:18,-71582,1,8.17626488095,-2.49836309524
2012-09-10 11:39:19,-71581,1,5.5140625,-2.66220238095
2012-09-10 11:39:20,-71580,1,3.0693452381,-2.4447172619
2012-09-10 11:39:21,-71579,1,0.0,-3.0693452381
2012-09-10 11:39:41,-71559,20,0.0,0.0
2012-09-10 11:39:42,-71558,1,3.77485119048,3.77485119048
2012-09-10 11:39:43,-71557,1,7.16577380952,3.39092261905
2012-09-10 11:39:44,-71556,1,11.2257440476,4.0599702381
2012-09-10 11:39:45,-71555,1,15.3702380952,4.14449404762
2012-09-10 11:39:46,-71554,1,19.2827380952,3.9125
2012-09-10 11:39:47,-71553,1,22.8685267857,3.58578869048
2012-09-10 11:39:48,-71552,1,26.1433035714,3.27477678571
2012-09-10 11:39:49,-71551,1,29.1415922619,2.99828869048
2012-09-10 11:39:50,-71550,1,31.8807291667,2.73913690476
2012-09-10 11:39:51,-71549,1,34.3552827381,2.47455357143
2012-09-10 11:39:52,-71548,1,36.5382440476,2.18296130952
2012-09-10 11:39:53,-71547,1,38.390327381,1.85208333333
2012-09-10 11:39:54,-71546,1,39.8693452381,1.47901785714
2012-09-10 11:39:55,-71545,1,40.9290178571,1.05967261905
2012-09-10 11:39:56,-71544,1,41.5264880952,0.597470238095
2012-09-10 11:39:57,-71543,1,41.6635416667,0.137053571429
2012-09-10 11:39:58,-71542,1,41.4162946429,-0.24724702381
2012-09-10 11:39:59,-71541,1,40.8656994048,-0.550595238095
2012-09-10 11:40:00,-71540,1,39.9615327381,-0.904166666667
2012-09-10 11:40:01,-71539,1,38.4804315476,-1.48110119048
2012-09-10 11:40:02,-71538,1,36.1538690476,-2.3265625
2012-09-10 11:40:03,-71537,1,32.8572172619,-3.29665178571
2012-09-10 11:40:04,-71536,1,28.6986607143,-4.15855654762
2012-09-10 11:40:05,-71535,1,23.964360119,-4.73430059524
2012-09-10 11:40:06,-71534,1,19.0063244048,-4.95803571429
2012-09-10 11:40:07,-71533,1,14.1569940476,-4.84933035714
2012-09-10 11:40:08,-71532,1,9.69397321429,-4.46302083333
2012-09-10 11:40:09,-71531,1,5.86703869048,-3.82693452381
2012-09-10 11:40:10,-71530,1,2.98325892857,-2.8837797619
2012-09-10 11:40:11,-71529,1,0.0,-2.98325892857
2012-09-10 11:40:30,-71510,19,0.0,0.0
2012-09-10 11:40:31,-71509,1,3.37938988095,3.37938988095
2012-09-10 11:40:32,-71508,1,6.259375,2.87998511905
2012-09-10 11:40:33,-71507,1,9.55275297619,3.29337797619
2012-09-10 11:40:34,-71506,1,12.7083333333,3.15558035714
2012-09-10 11:40:35,-71505,1,15.4026041667,2.69427083333
2012-09-10 11:40:36,-71504,1,17.5214285714,2.11882440476
2012-09-10 11:40:37,-71503,1,19.0923363095,1.5709077381
2012-09-10 11:40:38,-71502,1,20.2071428571,1.11480654762
2012-09-10 11:40:39,-71501,1,20.9970238095,0.789880952381
2012-09-10 11:40:40,-71500,1,21.6066220238,0.609598214286
2012-09-10 11:40:41,-71499,1,22.1417410714,0.535119047619
2012-09-10 11:40:42,-71498,1,22.6664434524,0.524702380952
2012-09-10 11:40:43,-71497,1,23.2438244048,0.577380952381
2012-09-10 11:40:44,-71496,1,23.955952381,0.712127976191
2012-09-10 11:40:45,-71495,1,24.881547619,0.925595238095
2012-09-10 11:40:46,-71494,1,26.0226190476,1.14107142857
2012-09-10 11:40:47,-71493,1,27.2193452381,1.19672619048
2012-09-10 11:40:48,-71492,1,28.142485119,0.923139880952
2012-09-10 11:40:49,-71491,1,28.3878720238,0.245386904762
2012-09-10 11:40:50,-71490,1,27.6191220238,-0.76875
2012-09-10 11:40:51,-71489,1,25.6993303571,-1.91979166667
2012-09-10 11:40:52,-71488,1,22.7760416667,-2.92328869048
2012-09-10 11:40:53,-71487,1,19.2864583333,-3.48958333333
2012-09-10 11:40:54,-71486,1,15.8324404762,-3.45401785714
2012-09-10 11:40:55,-71485,1,12.959672619,-2.87276785714
2012-09-10 11:40:56,-71484,1,11.0104910714,-1.94918154762
2012-09-10 11:40:57,-71483,1,10.1350446429,-0.875446428572
2012-09-10 11:40:58,-71482,1,10.359077381,0.224032738095
2012-09-10 11:40:59,-71481,1,11.6075892857,1.24851190476
2012-09-10 11:41:00,-71480,1,13.6747767857,2.0671875
2012-09-10 11:41:01,-71479,1,16.1950892857,2.5203125
2012-09-10 11:41:02,-71478,1,18.702827381,2.50773809524
2012-09-10 11:41:03,-71477,1,20.7838541667,2.08102678571
2012-09-10 11:41:04,-71476,1,22.2000744048,1.4162202381
2012-09-10 11:41:05,-71475,1,22.8929315476,0.692857142857
2012-09-10 11:41:06,-71474,1,22.9044642857,0.0115327380953
2012-09-10 11:41:07,-71473,1,22.2911458333,-0.613318452381
2012-09-10 11:41:08,-71472,1,21.0419642857,-1.24918154762
2012-09-10 11:41:09,-71471,1,19.0456845238,-1.9962797619
2012-09-10 11:41:10,-71470,1,16.2223958333,-2.82328869048
2012-09-10 11:41:11,-71469,1,12.7891369048,-3.43325892857
2012-09-10 11:41:12,-71468,1,9.38973214286,-3.3994047619
2012-09-10 11:41:13,-71467,1,6.85186011905,-2.53787202381
2012-09-10 11:41:14,-71466,1,5.68355654762,-1.16830357143
2012-09-10 11:41:15,-71465,1,5.72291666667,0.0393601190476
2012-09-10 11:41:16,-71464,1,6.26011904762,0.537202380952
2012-09-10 11:41:17,-71463,1,6.53854166667,0.278422619048
2012-09-10 11:41:18,-71462,1,6.22098214286,-0.31755952381
2012-09-10 11:41:19,-71461,1,5.47686011905,-0.74412202381
2012-09-10 11:41:20,-71460,1,4.71391369048,-0.762946428571
2012-09-10 11:41:21,-71459,1,4.25119047619,-0.462723214286
2012-09-10 11:41:22,-71458,1,4.18013392857,-0.0710565476191
2012-09-10 11:41:23,-71457,1,4.44583333333,0.265699404762
2012-09-10 11:41:24,-71456,1,5.00989583333,0.5640625
2012-09-10 11:41:25,-71455,1,5.92328869048,0.913392857143
2012-09-10 11:41:26,-71454,1,7.2505952381,1.32730654762
2012-09-10 11:41:27,-71453,1,8.92566964286,1.67507440476
2012-09-10 11:41:28,-71452,1,10.6919642857,1.76629464286
2012-09-10 11:41:29,-71451,1,12.2161458333,1.52418154762
2012-09-10 11:41:30,-71450,1,13.2571428571,1.04099702381
2012-09-10 11:41:31,-71449,1,13.7229166667,0.465773809524
2012-09-10 11:41:32,-71448,1,13.6233630952,-0.0995535714286
2012-09-10 11:41:33,-71447,1,13.0030505952,-0.6203125
2012-09-10 11:41:34,-71446,1,11.9000744048,-1.10297619048
2012-09-10 11:41:35,-71445,1,10.3694196429,-1.5306547619
2012-09-10 11:41:36,-71444,1,8.54769345238,-1.82172619048
2012-09-10 11:41:37,-71443,1,6.6453125,-1.90238095238
2012-09-10 11:41:38,-71442,1,4.82738095238,-1.81793154762
2012-09-10 11:41:39,-71441,1,3.15729166667,-1.67008928571
2012-09-10 11:41:40,-71440,1,1.76160714286,-1.39568452381
2012-09-10 11:41:41,-71439,1,0.0,-1.76160714286
2012-09-10 11:47:00,-71120,319,0.0,0.0
2012-09-10 11:47:01,-71119,1,2.91822916667,2.91822916667
2012-09-10 11:47:02,-71118,1,5.15282738095,2.23459821429
2012-09-10 11:47:03,-71117,1,7.43601190476,2.28318452381
2012-09-10 11:47:04,-71116,1,9.36026785714,1.92425595238
2012-09-10 11:47:05,-71115,1,10.833110119,1.4728422619
2012-09-10 11:47:06,-71114,1,11.9223958333,1.08928571429
2012-09-10 11:47:07,-71113,1,12.7107142857,0.788318452381
2012-09-10 11:47:08,-71112,1,13.25,0.539285714286
2012-09-10 11:47:09,-71111,1,13.5701636905,0.320163690476
2012-09-10 11:47:10,-71110,1,13.6883184524,0.118154761905
2012-09-10 11:47:11,-71109,1,13.5752232143,-0.113095238095
2012-09-10 11:47:12,-71108,1,13.0753720238,-0.499851190476
2012-09-10 11:47:13,-71107,1,11.9384672619,-1.1369047619
2012-09-10 11:47:14,-71106,1,10.065327381,-1.87313988095
2012-09-10 11:47:15,-71105,1,7.74419642857,-2.32113095238
2012-09-10 11:47:16,-71104,1,5.59642857143,-2.14776785714
2012-09-10 11:47:17,-71103,1,4.23638392857,-1.36004464286
2012-09-10 11:47:18,-71102,1,3.88355654762,-0.352827380952
2012-09-10 11:47:19,-71101,1,4.23697916667,0.353422619048
2012-09-10 11:47:20,-71100,1,4.75796130952,0.520982142857
2012-09-10 11:47:21,-71099,1,5.09732142857,0.339360119048
2012-09-10 11:47:22,-71098,1,5.25944940476,0.16212797619
2012-09-10 11:47:23,-71097,1,5.46413690476,0.2046875
2012-09-10 11:47:24,-71096,1,5.96599702381,0.501860119048
2012-09-10 11:47:25,-71095,1,6.97604166667,1.01004464286
2012-09-10 11:47:26,-71094,1,8.64382440476,1.6677827381
2012-09-10 11:47:27,-71093,1,11.0260416667,2.3822172619
2012-09-10 11:47:28,-71092,1,14.0203125,2.99427083333
2012-09-10 11:47:29,-71091,1,17.3328869048,3.31257440476
2012-09-10 11:47:30,-71090,1,20.5645089286,3.23162202381
2012-09-10 11:47:31,-71089,1,23.3651785714,2.80066964286
2012-09-10 11:47:32,-71088,1,25.5165922619,2.15141369048
2012-09-10 11:47:33,-71087,1,26.8988095238,1.3822172619
2012-09-10 11:47:34,-71086,1,27.4293154762,0.530505952381
2012-09-10 11:47:35,-71085,1,27.0429315476,-0.386383928572
2012-09-10 11:47:36,-71084,1,25.6761904762,-1.36674107143
2012-09-10 11:47:37,-71083,1,23.2438244048,-2.43236607143
2012-09-10 11:47:38,-71082,1,19.7210565476,-3.52276785714
2012-09-10 11:47:39,-71081,1,15.3859375,-4.33511904762
2012-09-10 11:47:40,-71080,1,11.0123511905,-4.37358630952
2012-09-10 11:47:41,-71079,1,7.70825892857,-3.3040922619
2012-09-10 11:47:42,-71078,1,6.39136904762,-1.31688988095
2012-09-10 11:47:43,-71077,1,7.28928571429,0.897916666667
2012-09-10 11:47:44,-71076,1,9.86986607143,2.58058035714
2012-09-10 11:47:45,-71075,1,13.228125,3.35825892857
2012-09-10 11:47:46,-71074,1,16.571875,3.34375
2012-09-10 11:47:47,-71073,1,19.4273809524,2.85550595238
2012-09-10 11:47:48,-71072,1,21.5542410714,2.12686011905
2012-09-10 11:47:49,-71071,1,22.8329613095,1.2787202381
2012-09-10 11:47:50,-71070,1,23.2370535714,0.404092261905
2012-09-10 11:47:51,-71069,1,22.8077380952,-0.42931547619
2012-09-10 11:47:52,-71068,1,21.6016369048,-1.20610119048
2012-09-10 11:47:53,-71067,1,19.666889881,-1.93474702381
2012-09-10 11:47:54,-71066,1,17.0863095238,-2.58058035714
2012-09-10 11:47:55,-71065,1,14.0407738095,-3.04553571429
2012-09-10 11:47:56,-71064,1,10.8117559524,-3.22901785714
2012-09-10 11:47:57,-71063,1,7.74918154762,-3.06257440476
2012-09-10 11:47:58,-71062,1,5.26919642857,-2.47998511905
2012-09-10 11:47:59,-71061,1,3.81904761905,-1.45014880952
2012-09-10 11:48:00,-71060,1,3.73296130952,-0.0860863095238
2012-09-10 11:48:01,-71059,1,5.05074404762,1.3177827381
2012-09-10 11:48:02,-71058,1,7.42380952381,2.37306547619
2012-09-10 11:48:03,-71057,1,10.1880208333,2.76421130952
2012-09-10 11:48:04,-71056,1,12.6353422619,2.44732142857
2012-09-10 11:48:05,-71055,1,14.3566220238,1.7212797619
2012-09-10 11:48:06,-71054,1,15.3938244048,1.03720238095
2012-09-10 11:48:07,-71053,1,16.1118303571,0.718005952381
2012-09-10 11:48:08,-71052,1,16.9306547619,0.818824404762
2012-09-10 11:48:09,-71051,1,18.0848214286,1.15416666667
2012-09-10 11:48:10,-71050,1,19.5432291667,1.4584077381
2012-09-10 11:48:11,-71049,1,21.1133928571,1.57016369048
2012-09-10 11:48:12,-71048,1,22.5776041667,1.46421130952
2012-09-10 11:48:13,-71047,1,23.7306547619,1.15305059524
2012-09-10 11:48:14,-71046,1,24.3529761905,0.622321428571
2012-09-10 11:48:15,-71045,1,24.2100446429,-0.142931547619
2012-09-10 11:48:16,-71044,1,23.1254464286,-1.08459821429
2012-09-10 11:48:17,-71043,1,21.1107886905,-2.0146577381
2012-09-10 11:48:18,-71042,1,18.459672619,-2.65111607143
2012-09-10 11:48:19,-71041,1,15.6663159014,-2.79335671769
2012-09-10 11:48:20,-71040,1,13.1453762755,-2.52093962585
2012-09-10 11:48:21,-71039,1,10.9956313776,-2.14974489796
2012-09-10 11:48:22,-71038,1,9.07327806122,-1.92235331633
2012-09-10 11:48:23,-71037,1,7.27041879252,-1.80285926871
2012-09-10 11:48:24,-71036,1,5.67087585034,-1.59954294218
2012-09-10 11:48:25,-71035,1,4.45903486395,-1.21184098639
2012-09-10 11:48:26,-71034,1,3.70599489796,-0.753039965986
2012-09-10 11:48:27,-71033,1,3.2587372449,-0.447257653061
2012-09-10 11:48:28,-71032,1,2.91209608844,-0.346641156463
2012-09-10 11:48:29,-71031,1,2.72964498299,-0.182451105442
2012-09-10 11:48:30,-71030,1,3.11462585034,0.384980867347
2012-09-10 11:48:31,-71029,1,4.50442176871,1.38979591837
2012-09-10 11:48:32,-71028,1,7.01388180272,2.50946003401
2012-09-10 11:48:33,-71027,1,10.3418261054,3.32794430272
2012-09-10 11:48:34,-71026,1,13.9648596939,3.62303358844
2012-09-10 11:48:35,-71025,1,17.4528380102,3.48797831633
2012-09-10 11:48:36,-71024,1,20.6345769558,3.18173894558
2012-09-10 11:48:37,-71023,1,23.4827380952,2.84816113946
2012-09-10 11:48:38,-71022,1,25.9433779762,2.46063988095
2012-09-10 11:48:39,-71021,1,27.9342261905,1.99084821429
2012-09-10 11:48:40,-71020,1,29.4114583333,1.47723214286
2012-09-10 11:48:41,-71019,1,30.3741071429,0.962648809524
2012-09-10 11:48:42,-71018,1,30.8630208333,0.488913690476
2012-09-10 11:48:43,-71017,1,31.0025297619,0.139508928571
2012-09-10 11:48:44,-71016,1,31.0257440476,0.0232142857142
2012-09-10 11:48:45,-71015,1,31.2185267857,0.192782738095
2012-09-10 11:48:46,-71014,1,31.7879464286,0.569419642857
2012-09-10 11:48:47,-71013,1,32.7474702381,0.959523809524
2012-09-10 11:48:48,-71012,1,33.9135416667,1.16607142857
2012-09-10 11:48:49,-71011,1,35.0107142857,1.09717261905
2012-09-10 11:48:50,-71010,1,35.8051339286,0.794419642857
2012-09-10 11:48:51,-71009,1,36.1631696429,0.358035714286
2012-09-10 11:48:52,-71008,1,35.9956845238,-0.167485119048
2012-09-10 11:48:53,-71007,1,35.210639881,-0.785044642857
2012-09-10 11:48:54,-71006,1,33.8013392857,-1.40930059524
2012-09-10 11:48:55,-71005,1,31.965625,-1.83571428571
2012-09-10 11:48:56,-71004,1,30.0723214286,-1.89330357143
2012-09-10 11:48:57,-71003,1,28.4615327381,-1.61078869048
2012-09-10 11:48:58,-71002,1,27.20625,-1.2552827381
2012-09-10 11:48:59,-71001,1,26.0342261905,-1.17202380952
2012-09-10 11:49:00,-71000,1,24.5238095238,-1.51041666667
2012-09-10 11:49:01,-70999,1,22.3898065476,-2.13400297619
2012-09-10 11:49:02,-70998,1,19.6004464286,-2.78936011905
2012-09-10 11:49:03,-70997,1,16.3206845238,-3.27976190476
2012-09-10 11:49:04,-70996,1,12.7984375,-3.52224702381
2012-09-10 11:49:05,-70995,1,9.26584821429,-3.53258928571
2012-09-10 11:49:06,-70994,1,5.94583333333,-3.32001488095
2012-09-10 11:49:07,-70993,1,3.18608630952,-2.75974702381
2012-09-10 11:49:08,-70992,1,0.0,-3.18608630952
2012-09-10 11:49:27,-70973,19,0.0,0.0
2012-09-10 11:49:28,-70972,1,2.959375,2.959375
2012-09-10 11:49:29,-70971,1,5.79270833333,2.83333333333
2012-09-10 11:49:30,-70970,1,9.35148809524,3.5587797619
2012-09-10 11:49:31,-70969,1,13.1567708333,3.8052827381
2012-09-10 11:49:32,-70968,1,16.9058035714,3.7490327381
2012-09-10 11:49:33,-70967,1,20.4514136905,3.54561011905
2012-09-10 11:49:34,-70966,1,23.7447916667,3.29337797619
2012-09-10 11:49:35,-70965,1,26.7670386905,3.02224702381
2012-09-10 11:49:36,-70964,1,29.5056547619,2.73861607143
2012-09-10 11:49:37,-70963,1,31.9566220238,2.4509672619
2012-09-10 11:49:38,-70962,1,34.0861607143,2.12953869048
2012-09-10 11:49:39,-70961,1,35.8009672619,1.71480654762
2012-09-10 11:49:40,-70960,1,36.9874255952,1.18645833333
2012-09-10 11:49:41,-70959,1,37.5826636905,0.595238095238
2012-09-10 11:49:42,-70958,1,37.5920386905,0.009375
2012-09-10 11:49:43,-70957,1,37.0165922619,-0.575446428571
2012-09-10 11:49:44,-70956,1,35.7930803571,-1.22351190476
2012-09-10 11:49:45,-70955,1,33.8452380952,-1.9478422619
2012-09-10 11:49:46,-70954,1,31.1696428571,-2.6755952381
2012-09-10 11:49:47,-70953,1,27.8472470238,-3.32239583333
2012-09-10 11:49:48,-70952,1,23.9825892857,-3.8646577381
2012-09-10 11:49:49,-70951,1,19.6701636905,-4.31242559524
2012-09-10 11:49:50,-70950,1,15.1080357143,-4.56212797619
2012-09-10 11:49:51,-70949,1,10.7729166667,-4.33511904762
2012-09-10 11:49:52,-70948,1,7.36889880952,-3.40401785714
2012-09-10 11:49:53,-70947,1,5.47827380952,-1.890625
2012-09-10 11:49:54,-70946,1,5.20386904762,-0.274404761905
2012-09-10 11:49:55,-70945,1,6.1259672619,0.922098214286
2012-09-10 11:49:56,-70944,1,7.62120535714,1.49523809524
2012-09-10 11:49:57,-70943,1,9.26651785714,1.6453125
2012-09-10 11:49:58,-70942,1,10.9955357143,1.72901785714
2012-09-10 11:49:59,-70941,1,12.9592261905,1.96369047619
2012-09-10 11:50:00,-70940,1,15.2973214286,2.3380952381
2012-09-10 11:50:01,-70939,1,18.0054315476,2.70811011905
2012-09-10 11:50:02,-70938,1,20.9301339286,2.92470238095
2012-09-10 11:50:03,-70937,1,23.8227678571,2.89263392857
2012-09-10 11:50:04,-70936,1,26.3854166667,2.56264880952
2012-09-10 11:50:05,-70935,1,28.2994791667,1.9140625
2012-09-10 11:50:06,-70934,1,29.2633184524,0.963839285714
2012-09-10 11:50:07,-70933,1,29.0681547619,-0.195163690476
2012-09-10 11:50:08,-70932,1,27.691889881,-1.37626488095
2012-09-10 11:50:09,-70931,1,25.3219494048,-2.36994047619
2012-09-10 11:50:10,-70930,1,22.2661458333,-3.05580357143
2012-09-10 11:50:11,-70929,1,18.8339285714,-3.4322172619
2012-09-10 11:50:12,-70928,1,15.275297619,-3.55863095238
2012-09-10 11:50:13,-70927,1,11.7673363095,-3.50796130952
2012-09-10 11:50:14,-70926,1,8.42001488095,-3.34732142857
2012-09-10 11:50:15,-70925,1,5.35126488095,-3.06875
2012-09-10 11:50:16,-70924,1,2.87395833333,-2.47730654762
2012-09-10 11:50:17,-70923,1,0.0,-2.87395833333
2012-09-10 11:50:33,-70907,16,0.0,0.0
2012-09-10 11:50:34,-70906,1,5.07120535714,5.07120535714
2012-09-10 11:50:35,-70905,1,9.23712797619,4.16592261905
2012-09-10 11:50:36,-70904,1,13.8178571429,4.58072916667
2012-09-10 11:50:37,-70903,1,18.0593005952,4.24144345238
2012-09-10 11:50:38,-70902,1,21.6159970238,3.55669642857
2012-09-10 11:50:39,-70901,1,24.4360119048,2.82001488095
2012-09-10 11:50:40,-70900,1,26.6066964286,2.17068452381
2012-09-10 11:50:41,-70899,1,28.2790922619,1.67239583333
2012-09-10 11:50:42,-70898,1,29.6376488095,1.35855654762
2012-09-10 11:50:43,-70897,1,30.8246279762,1.18697916667
2012-09-10 11:50:44,-70896,1,31.8639136905,1.03928571429
2012-09-10 11:50:45,-70895,1,32.6709821429,0.807068452381
2012-09-10 11:50:46,-70894,1,33.126860119,0.455877976191
2012-09-10 11:50:47,-70893,1,33.1489583333,0.0220982142857
2012-09-10 11:50:48,-70892,1,32.7058779762,-0.443080357143
2012-09-10 11:50:49,-70891,1,31.7669642857,-0.938913690476
2012-09-10 11:50:50,-70890,1,30.2556547619,-1.51130952381
2012-09-10 11:50:51,-70889,1,28.0688244048,-2.18683035714
2012-09-10 11:50:52,-70888,1,25.1486607143,-2.92016369048
2012-09-10 11:50:53,-70887,1,21.5751488095,-3.57351190476
2012-09-10 11:50:54,-70886,1,17.6421130952,-3.93303571429
2012-09-10 11:50:55,-70885,1,13.8665178571,-3.7755952381
2012-09-10 11:50:56,-70884,1,10.9049107143,-2.96160714286
2012-09-10 11:50:57,-70883,1,9.36004464286,-1.54486607143
2012-09-10 11:50:58,-70882,1,9.52306547619,0.163020833333
2012-09-10 11:50:59,-70881,1,11.2335565476,1.71049107143
2012-09-10 11:51:00,-70880,1,13.9827380952,2.74918154762
2012-09-10 11:51:01,-70879,1,17.1676339286,3.18489583333
2012-09-10 11:51:02,-70878,1,20.3317708333,3.16413690476
2012-09-10 11:51:03,-70877,1,23.2633184524,2.93154761905
2012-09-10 11:51:04,-70876,1,25.9098958333,2.64657738095
2012-09-10 11:51:05,-70875,1,28.2430059524,2.33311011905
2012-09-10 11:51:06,-70874,1,30.2281994048,1.98519345238
2012-09-10 11:51:07,-70873,1,31.8755952381,1.64739583333
2012-09-10 11:51:08,-70872,1,33.2566964286,1.38110119048
2012-09-10 11:51:09,-70871,1,34.453125,1.19642857143
2012-09-10 11:51:10,-70870,1,35.4845982143,1.03147321429
2012-09-10 11:51:11,-70869,1,36.2802827381,0.79568452381
2012-09-10 11:51:12,-70868,1,36.7172619048,0.436979166667
2012-09-10 11:51:13,-70867,1,36.6761904762,-0.0410714285714
2012-09-10 11:51:14,-70866,1,36.0610863095,-0.615104166667
2012-09-10 11:51:15,-70865,1,34.8192708333,-1.24181547619
2012-09-10 11:51:16,-70864,1,33.007514881,-1.81175595238
2012-09-10 11:51:17,-70863,1,30.8424107143,-2.16510416667
2012-09-10 11:51:18,-70862,1,28.6424107143,-2.2
2012-09-10 11:51:19,-70861,1,26.6693452381,-1.97306547619
2012-09-10 11:51:20,-70860,1,24.9884672619,-1.68087797619
2012-09-10 11:51:21,-70859,1,23.4960565476,-1.49241071429
2012-09-10 11:51:22,-70858,1,22.1208333333,-1.37522321429
2012-09-10 11:51:23,-70857,1,20.9951636905,-1.12566964286
2012-09-10 11:51:24,-70856,1,20.4171130952,-0.578050595238
2012-09-10 11:51:25,-70855,1,20.6532738095,0.236160714286
2012-09-10 11:51:26,-70854,1,21.7658482143,1.11257440476
2012-09-10 11:51:27,-70853,1,23.5989583333,1.83311011905
2012-09-10 11:51:28,-70852,1,25.9037202381,2.30476190476
2012-09-10 11:51:29,-70851,1,28.4468005952,2.54308035714
2012-09-10 11:51:30,-70850,1,30.9966517857,2.54985119048
2012-09-10 11:51:31,-70849,1,33.2779017857,2.28125
2012-09-10 11:51:32,-70848,1,35.0384672619,1.76056547619
2012-09-10 11:51:33,-70847,1,36.1904017857,1.15193452381
2012-09-10 11:51:34,-70846,1,36.8686755952,0.678273809524
2012-09-10 11:51:35,-70845,1,37.3474702381,0.478794642857
2012-09-10 11:51:36,-70844,1,37.8761160714,0.528645833333
2012-09-10 11:51:37,-70843,1,38.5636160714,0.6875
2012-09-10 11:51:38,-70842,1,39.4003720238,0.836755952381
2012-09-10 11:51:39,-70841,1,40.3482142857,0.947842261905
2012-09-10 11:51:40,-70840,1,41.3857142857,1.0375
2012-09-10 11:51:41,-70839,1,42.5054315476,1.1197172619
2012-09-10 11:51:42,-70838,1,43.7006696429,1.19523809524
2012-09-10 11:51:43,-70837,1,44.9462797619,1.24561011905
2012-09-10 11:51:44,-70836,1,46.1835565476,1.23727678571
2012-09-10 11:51:45,-70835,1,47.328125,1.14456845238
2012-09-10 11:51:46,-70834,1,48.2964285714,0.968303571429
2012-09-10 11:51:47,-70833,1,49.0375,0.741071428571
2012-09-10 11:51:48,-70832,1,49.5607142857,0.523214285714
2012-09-10 11:51:49,-70831,1,49.9328869048,0.372172619048
2012-09-10 11:51:50,-70830,1,50.2292410714,0.296354166667
2012-09-10 11:51:51,-70829,1,50.4764136905,0.247172619048
2012-09-10 11:51:52,-70828,1,50.6322916667,0.155877976191
2012-09-10 11:51:53,-70827,1,50.6147321429,-0.0175595238096
2012-09-10 11:51:54,-70826,1,50.372172619,-0.242559523809
2012-09-10 11:51:55,-70825,1,49.9444940476,-0.427678571429
2012-09-10 11:51:56,-70824,1,49.4476934524,-0.496800595238
2012-09-10 11:51:57,-70823,1,49.0041666667,-0.443526785714
2012-09-10 11:51:58,-70822,1,48.6895089286,-0.314657738095
2012-09-10 11:51:59,-70821,1,48.5130952381,-0.176413690476
2012-09-10 11:52:00,-70820,1,48.43125,-0.0818452380952
2012-09-10 11:52:01,-70819,1,48.3956845238,-0.0355654761905
2012-09-10 11:52:02,-70818,1,48.3950892857,-0.000595238095201
2012-09-10 11:52:03,-70817,1,48.4493303571,0.0542410714286
2012-09-10 11:52:04,-70816,1,48.5678571429,0.118526785714
2012-09-10 11:52:05,-70815,1,48.6980654762,0.130208333333
2012-09-10 11:52:06,-70814,1,48.7072172619,0.0091517857143
2012-09-10 11:52:07,-70813,1,48.4446428571,-0.262574404762
2012-09-10 11:52:08,-70812,1,47.8354910714,-0.609151785714
2012-09-10 11:52:09,-70811,1,46.895014881,-0.940476190476
2012-09-10 11:52:10,-70810,1,45.651264881,-1.24375
2012-09-10 11:52:11,-70809,1,44.0723214286,-1.57894345238
2012-09-10 11:52:12,-70808,1,42.0697172619,-2.00260416667
2012-09-10 11:52:13,-70807,1,39.5697172619,-2.5
2012-09-10 11:52:14,-70806,1,36.5957589286,-2.97395833333
2012-09-10 11:52:15,-70805,1,33.2880208333,-3.30773809524
2012-09-10 11:52:16,-70804,1,29.8279761905,-3.46004464286
2012-09-10 11:52:17,-70803,1,26.3388392857,-3.48913690476
2012-09-10 11:52:18,-70802,1,22.8628720238,-3.4759672619
2012-09-10 11:52:19,-70801,1,19.4132440476,-3.44962797619
2012-09-10 11:52:20,-70800,1,16.013764881,-3.39947916667
2012-09-10 11:52:21,-70799,1,12.6808779762,-3.33288690476
2012-09-10 11:52:22,-70798,1,9.40245535714,-3.27842261905
2012-09-10 11:52:23,-70797,1,6.22209821429,-3.18035714286
2012-09-10 11:52:24,-70796,1,3.43921130952,-2.78288690476
2012-09-10 11:52:25,-70795,1,0.0,-3.43921130952
2012-09-10 11:53:06,-70754,41,0.0,0.0
2012-09-10 11:53:07,-70753,1,3.27373511905,3.27373511905
2012-09-10 11:53:08,-70752,1,6.49055059524,3.21681547619
2012-09-10 11:53:09,-70751,1,10.6451636905,4.15461309524
2012-09-10 11:53:10,-70750,1,15.1767113095,4.53154761905
2012-09-10 11:53:11,-70749,1,19.6181547619,4.44144345238
2012-09-10 11:53:12,-70748,1,23.6592261905,4.04107142857
2012-09-10 11:53:13,-70747,1,27.1990327381,3.53980654762
2012-09-10 11:53:14,-70746,1,30.3047619048,3.10572916667
2012-09-10 11:53:15,-70745,1,33.1015625,2.79680059524
2012-09-10 11:53:16,-70744,1,35.678422619,2.57686011905
2012-09-10 11:53:17,-70743,1,38.0360119048,2.35758928571
2012-09-10 11:53:18,-70742,1,40.0988095238,2.06279761905
2012-09-10 11:53:19,-70741,1,41.7921130952,1.69330357143
2012-09-10 11:53:20,-70740,1,43.1113839286,1.31927083333
2012-09-10 11:53:21,-70739,1,44.1287946429,1.01741071429
2012-09-10 11:53:22,-70738,1,44.950297619,0.821502976191
2012-09-10 11:53:23,-70737,1,45.6579613095,0.707663690476
2012-09-10 11:53:24,-70736,1,46.2808779762,0.622916666667
2012-09-10 11:53:25,-70735,1,46.8170386905,0.536160714286
2012-09-10 11:53:26,-70734,1,47.265327381,0.448288690476
2012-09-10 11:53:27,-70733,1,47.629985119,0.364657738095
2012-09-10 11:53:28,-70732,1,47.9149553571,0.284970238095
2012-09-10 11:53:29,-70731,1,48.1233630952,0.208407738095
2012-09-10 11:53:30,-70730,1,48.2632440476,0.139880952381
2012-09-10 11:53:31,-70729,1,48.3603422619,0.0970982142858
2012-09-10 11:53:32,-70728,1,48.4501488095,0.089806547619
2012-09-10 11:53:33,-70727,1,48.546875,0.0967261904762
2012-09-10 11:53:34,-70726,1,48.6461309524,0.099255952381
2012-09-10 11:53:35,-70725,1,48.7610119048,0.114880952381
2012-09-10 11:53:36,-70724,1,48.9264136905,0.165401785714
2012-09-10 11:53:37,-70723,1,49.1661458333,0.239732142857
2012-09-10 11:53:38,-70722,1,49.4665922619,0.300446428571
2012-09-10 11:53:39,-70721,1,49.7839285714,0.317336309524
2012-09-10 11:53:40,-70720,1,50.0773809524,0.293452380952
2012-09-10 11:53:41,-70719,1,50.3178571429,0.240476190476
2012-09-10 11:53:42,-70718,1,50.4595982143,0.141741071429
2012-09-10 11:53:43,-70717,1,50.437202381,-0.0223958333333
2012-09-10 11:53:44,-70716,1,50.2081845238,-0.229017857143
2012-09-10 11:53:45,-70715,1,49.7968005952,-0.411383928571
2012-09-10 11:53:46,-70714,1,49.3036458333,-0.493154761905
2012-09-10 11:53:47,-70713,1,48.8645833333,-0.4390625
2012-09-10 11:53:48,-70712,1,48.5817708333,-0.2828125
2012-09-10 11:53:49,-70711,1,48.4806547619,-0.101116071428
2012-09-10 11:53:50,-70710,1,48.5098214286,0.0291666666666
2012-09-10 11:53:51,-70709,1,48.5743303571,0.0645089285715
2012-09-10 11:53:52,-70708,1,48.5958333333,0.0215029761904
2012-09-10 11:53:53,-70707,1,48.5615327381,-0.0343005952381
2012-09-10 11:53:54,-70706,1,48.5156994048,-0.0458333333333
2012-09-10 11:53:55,-70705,1,48.5033482143,-0.0123511904762
2012-09-10 11:53:56,-70704,1,48.5212053571,0.0178571428572
2012-09-10 11:53:57,-70703,1,48.5209821429,-0.000223214285796
2012-09-10 11:53:58,-70702,1,48.4598214286,-0.0611607142857
2012-09-10 11:53:59,-70701,1,48.3473214286,-0.1125
2012-09-10 11:54:00,-70700,1,48.2439732143,-0.103348214286
2012-09-10 11:54:01,-70699,1,48.2098958333,-0.0340773809524
2012-09-10 11:54:02,-70698,1,48.2494047619,0.0395089285715
2012-09-10 11:54:03,-70697,1,48.3094494048,0.0600446428571
2012-09-10 11:54:04,-70696,1,48.3316220238,0.0221726190476
2012-09-10 11:54:05,-70695,1,48.2949404762,-0.036681547619
2012-09-10 11:54:06,-70694,1,48.2133184524,-0.0816220238095
2012-09-10 11:54:07,-70693,1,48.1075892857,-0.105729166667
2012-09-10 11:54:08,-70692,1,47.9860863095,-0.12150297619
2012-09-10 11:54:09,-70691,1,47.8574404762,-0.128645833333
2012-09-10 11:54:10,-70690,1,47.7544642857,-0.102976190476
2012-09-10 11:54:11,-70689,1,47.7203869048,-0.0340773809524
2012-09-10 11:54:12,-70688,1,47.768452381,0.0480654761905
2012-09-10 11:54:13,-70687,1,47.8693452381,0.100892857143
2012-09-10 11:54:14,-70686,1,47.9813244048,0.111979166667
2012-09-10 11:54:15,-70685,1,48.0925595238,0.111235119048
2012-09-10 11:54:16,-70684,1,48.2284970238,0.1359375
2012-09-10 11:54:17,-70683,1,48.4098214286,0.181324404762
2012-09-10 11:54:18,-70682,1,48.6110863095,0.201264880952
2012-09-10 11:54:19,-70681,1,48.76875,0.157663690476
2012-09-10 11:54:20,-70680,1,48.8292410714,0.0604910714286
2012-09-10 11:54:21,-70679,1,48.7947172619,-0.0345238095238
2012-09-10 11:54:22,-70678,1,48.7265625,-0.0681547619048
2012-09-10 11:54:23,-70677,1,48.7020833333,-0.0244791666667
2012-09-10 11:54:24,-70676,1,48.763764881,0.0616815476191
2012-09-10 11:54:25,-70675,1,48.8988839286,0.135119047619
2012-09-10 11:54:26,-70674,1,49.058110119,0.159226190476
2012-09-10 11:54:27,-70673,1,49.2006696429,0.14255952381
2012-09-10 11:54:28,-70672,1,49.3295386905,0.128869047619
2012-09-10 11:54:29,-70671,1,49.4830357143,0.153497023809
2012-09-10 11:54:30,-70670,1,49.6976934524,0.214657738095
2012-09-10 11:54:31,-70669,1,49.9773065476,0.279613095238
2012-09-10 11:54:32,-70668,1,50.2854166667,0.308110119048
2012-09-10 11:54:33,-70667,1,50.5688244048,0.283407738095
2012-09-10 11:54:34,-70666,1,50.790625,0.221800595238
2012-09-10 11:54:35,-70665,1,50.9377232143,0.147098214286
2012-09-10 11:54:36,-70664,1,51.0084077381,0.0706845238095
2012-09-10 11:54:37,-70663,1,51.0030505952,-0.0053571428571
2012-09-10 11:54:38,-70662,1,50.928125,-0.0749255952381
2012-09-10 11:54:39,-70661,1,50.8064732143,-0.121651785714
2012-09-10 11:54:40,-70660,1,50.6688244048,-0.137648809524
2012-09-10 11:54:41,-70659,1,50.5311755952,-0.137648809524
2012-09-10 11:54:42,-70658,1,50.3875,-0.143675595238
2012-09-10 11:54:43,-70657,1,50.2246279762,-0.16287202381
2012-09-10 11:54:44,-70656,1,50.0529761905,-0.171651785714
2012-09-10 11:54:45,-70655,1,49.9232886905,-0.1296875
2012-09-10 11:54:46,-70654,1,49.8988839286,-0.0244047619048
2012-09-10 11:54:47,-70653,1,50.0141369048,0.11525297619
2012-09-10 11:54:48,-70652,1,50.2586309524,0.244494047619
2012-09-10 11:54:49,-70651,1,50.5838541667,0.325223214286
2012-09-10 11:54:50,-70650,1,50.9217261905,0.33787202381
2012-09-10 11:54:51,-70649,1,51.2035714286,0.281845238095
2012-09-10 11:54:52,-70648,1,51.3757440476,0.172172619048
2012-09-10 11:54:53,-70647,1,51.4207589286,0.0450148809524
2012-09-10 11:54:54,-70646,1,51.3703869048,-0.0503720238095
2012-09-10 11:54:55,-70645,1,51.2930803571,-0.0773065476191
2012-09-10 11:54:56,-70644,1,51.2638392857,-0.0292410714285
2012-09-10 11:54:57,-70643,1,51.3267113095,0.0628720238095
2012-09-10 11:54:58,-70642,1,51.4668154762,0.140104166667
2012-09-10 11:54:59,-70641,1,51.6164434524,0.14962797619
2012-09-10 11:55:00,-70640,1,51.6908482143,0.0744047619048
2012-09-10 11:55:01,-70639,1,51.6337797619,-0.0570684523809
2012-09-10 11:55:02,-70638,1,51.4599702381,-0.17380952381
2012-09-10 11:55:03,-70637,1,51.2662946429,-0.193675595238
2012-09-10 11:55:04,-70636,1,51.1872767857,-0.0790178571428
2012-09-10 11:55:05,-70635,1,51.3239583333,0.136681547619
2012-09-10 11:55:06,-70634,1,51.6978422619,0.373883928572
2012-09-10 11:55:07,-70633,1,52.2476190476,0.549776785714
2012-09-10 11:55:08,-70632,1,52.8623511905,0.614732142857
2012-09-10 11:55:09,-70631,1,53.4295386905,0.5671875
2012-09-10 11:55:10,-70630,1,53.8665178571,0.436979166667
2012-09-10 11:55:11,-70629,1,54.1355654762,0.269047619048
2012-09-10 11:55:12,-70628,1,54.2494047619,0.113839285714
2012-09-10 11:55:13,-70627,1,54.2466517857,-0.0027529761905
2012-09-10 11:55:14,-70626,1,54.1587797619,-0.0878720238095
2012-09-10 11:55:15,-70625,1,54.0171130952,-0.141666666667
2012-09-10 11:55:16,-70624,1,53.8781994048,-0.138913690476
2012-09-10 11:55:17,-70623,1,53.8186755952,-0.0595238095238
2012-09-10 11:55:18,-70622,1,53.8944940476,0.0758184523809
2012-09-10 11:55:19,-70621,1,54.0907738095,0.196279761905
2012-09-10 11:55:20,-70620,1,54.3151785714,0.224404761905
2012-09-10 11:55:21,-70619,1,54.4626488095,0.147470238095
2012-09-10 11:55:22,-70618,1,54.4908482143,0.0281994047619
2012-09-10 11:55:23,-70617,1,54.4318452381,-0.0590029761905
2012-09-10 11:55:24,-70616,1,54.3464285714,-0.0854166666666
2012-09-10 11:55:25,-70615,1,54.2787202381,-0.0677083333334
2012-09-10 11:55:26,-70614,1,54.2438988095,-0.0348214285714
2012-09-10 11:55:27,-70613,1,54.2367559524,-0.0071428571428
2012-09-10 11:55:28,-70612,1,54.2436011905,0.0068452380952
2012-09-10 11:55:29,-70611,1,54.2535714286,0.0099702380952
2012-09-10 11:55:30,-70610,1,54.2613095238,0.0077380952381
2012-09-10 11:55:31,-70609,1,54.2647321429,0.0034226190476
2012-09-10 11:55:32,-70608,1,54.2714285714,0.0066964285715
2012-09-10 11:55:33,-70607,1,54.2976190476,0.0261904761904
2012-09-10 11:55:34,-70606,1,54.3475446429,0.0499255952381
2012-09-10 11:55:35,-70605,1,54.4010416667,0.0534970238096
2012-09-10 11:55:36,-70604,1,54.4256696429,0.0246279761904
2012-09-10 11:55:37,-70603,1,54.4011160714,-0.0245535714285
2012-09-10 11:55:38,-70602,1,54.3401041667,-0.0610119047619
2012-09-10 11:55:39,-70601,1,54.284672619,-0.0554315476191
2012-09-10 11:55:40,-70600,1,54.2738839286,-0.0107886904762
2012-09-10 11:55:41,-70599,1,54.3148809524,0.0409970238096
2012-09-10 11:55:42,-70598,1,54.3839285714,0.0690476190476
2012-09-10 11:55:43,-70597,1,54.4475446429,0.0636160714285
2012-09-10 11:55:44,-70596,1,54.4805059524,0.0329613095238
2012-09-10 11:55:45,-70595,1,54.4729166667,-0.0075892857142
2012-09-10 11:55:46,-70594,1,54.4288690476,-0.0440476190477
2012-09-10 11:55:47,-70593,1,54.3632440476,-0.065625
2012-09-10 11:55:48,-70592,1,54.298139881,-0.0651041666666
2012-09-10 11:55:49,-70591,1,54.2288690476,-0.0692708333334
2012-09-10 11:55:50,-70590,1,54.0503720238,-0.178497023809
2012-09-10 11:55:51,-70589,1,53.5197916667,-0.530580357143
2012-09-10 11:55:52,-70588,1,52.3206845238,-1.19910714286
2012-09-10 11:55:53,-70587,1,50.1955357143,-2.12514880952
2012-09-10 11:55:54,-70586,1,47.0671130952,-3.12842261905
2012-09-10 11:55:55,-70585,1,43.0726190476,-3.99449404762
2012-09-10 11:55:56,-70584,1,38.4841517857,-4.5884672619
2012-09-10 11:55:57,-70583,1,33.5851190476,-4.8990327381
2012-09-10 11:55:58,-70582,1,28.5930803571,-4.99203869048
2012-09-10 11:55:59,-70581,1,23.6408482143,-4.95223214286
2012-09-10 11:56:00,-70580,1,18.7943452381,-4.84650297619
2012-09-10 11:56:01,-70579,1,14.1374255952,-4.65691964286
2012-09-10 11:56:02,-70578,1,9.90602678571,-4.23139880952
2012-09-10 11:56:03,-70577,1,6.49799107143,-3.40803571429
2012-09-10 11:56:04,-70576,1,4.2671875,-2.23080357143
2012-09-10 11:56:05,-70575,1,3.27946428571,-0.987723214286
2012-09-10 11:56:06,-70574,1,3.24255952381,-0.0369047619048
2012-09-10 11:56:07,-70573,1,3.71026785714,0.467708333333
2012-09-10 11:56:08,-70572,1,4.4765625,0.766294642857
2012-09-10 11:56:09,-70571,1,5.75639880952,1.27983630952
2012-09-10 11:56:10,-70570,1,7.90446428571,2.14806547619
2012-09-10 11:56:11,-70569,1,11.024702381,3.12023809524
2012-09-10 11:56:12,-70568,1,14.8586309524,3.83392857143
2012-09-10 11:56:13,-70567,1,18.9382440476,4.07961309524
2012-09-10 11:56:14,-70566,1,22.8491815476,3.9109375
2012-09-10 11:56:15,-70565,1,26.4061011905,3.55691964286
2012-09-10 11:56:16,-70564,1,29.6071428571,3.20104166667
2012-09-10 11:56:17,-70563,1,32.503125,2.89598214286
2012-09-10 11:56:18,-70562,1,35.1388392857,2.63571428571
2012-09-10 11:56:19,-70561,1,37.5332589286,2.39441964286
2012-09-10 11:56:20,-70560,1,39.665625,2.13236607143
2012-09-10 11:56:21,-70559,1,41.4982886905,1.83266369048
2012-09-10 11:56:22,-70558,1,43.0177827381,1.51949404762
2012-09-10 11:56:23,-70557,1,44.2478422619,1.23005952381
2012-09-10 11:56:24,-70556,1,45.2351934524,0.987351190476
2012-09-10 11:56:25,-70555,1,46.0368303571,0.801636904762
2012-09-10 11:56:26,-70554,1,46.7159970238,0.679166666667
2012-09-10 11:56:27,-70553,1,47.3352678571,0.619270833333
2012-09-10 11:56:28,-70552,1,47.9447916667,0.609523809524
2012-09-10 11:56:29,-70551,1,48.5730654762,0.628273809524
2012-09-10 11:56:30,-70550,1,49.2199404762,0.646875
2012-09-10 11:56:31,-70549,1,49.8546130952,0.634672619048
2012-09-10 11:56:32,-70548,1,50.43125,0.576636904762
2012-09-10 11:56:33,-70547,1,50.9162202381,0.484970238095
2012-09-10 11:56:34,-70546,1,51.3046875,0.388467261905
2012-09-10 11:56:35,-70545,1,51.6191220238,0.31443452381
2012-09-10 11:56:36,-70544,1,51.8930803571,0.273958333333
2012-09-10 11:56:37,-70543,1,52.1496279762,0.256547619048
2012-09-10 11:56:38,-70542,1,52.3942708333,0.244642857143
2012-09-10 11:56:39,-70541,1,52.6305059524,0.236235119048
2012-09-10 11:56:40,-70540,1,52.8794642857,0.248958333333
2012-09-10 11:56:41,-70539,1,53.1800595238,0.300595238095
2012-09-10 11:56:42,-70538,1,53.5696428571,0.389583333333
2012-09-10 11:56:43,-70537,1,54.0630208333,0.49337797619
2012-09-10 11:56:44,-70536,1,54.6443452381,0.581324404762
2012-09-10 11:56:45,-70535,1,55.28125,0.636904761905
2012-09-10 11:56:46,-70534,1,55.9479910714,0.666741071429
2012-09-10 11:56:47,-70533,1,56.6254464286,0.677455357143
2012-09-10 11:56:48,-70532,1,57.284375,0.658928571429
2012-09-10 11:56:49,-70531,1,57.8851190476,0.600744047619
2012-09-10 11:56:50,-70530,1,58.3922619048,0.507142857143
2012-09-10 11:56:51,-70529,1,58.784672619,0.392410714286
2012-09-10 11:56:52,-70528,1,59.056547619,0.271875
2012-09-10 11:56:53,-70527,1,59.2157738095,0.159226190476
2012-09-10 11:56:54,-70526,1,59.2875,0.0717261904762
2012-09-10 11:56:55,-70525,1,59.316889881,0.0293898809524
2012-09-10 11:56:56,-70524,1,59.3577380952,0.0408482142857
2012-09-10 11:56:57,-70523,1,59.4500744048,0.0923363095238
2012-09-10 11:56:58,-70522,1,59.6026041667,0.152529761905
2012-09-10 11:56:59,-70521,1,59.7955357143,0.192931547619
2012-09-10 11:57:00,-70520,1,60.0015625,0.206026785714
2012-09-10 11:57:01,-70519,1,60.1989583333,0.197395833333
2012-09-10 11:57:02,-70518,1,60.3673363095,0.16837797619
2012-09-10 11:57:03,-70517,1,60.4898809524,0.122544642857
2012-09-10 11:57:04,-70516,1,60.5714285714,0.0815476190476
2012-09-10 11:57:05,-70515,1,60.6473214286,0.0758928571428
2012-09-10 11:57:06,-70514,1,60.7636160714,0.116294642857
2012-09-10 11:57:07,-70513,1,60.9407738095,0.177157738095
2012-09-10 11:57:08,-70512,1,61.1489583333,0.208184523809
2012-09-10 11:57:09,-70511,1,61.3182291667,0.169270833333
2012-09-10 11:57:10,-70510,1,61.383110119,0.0648809523809
2012-09-10 11:57:11,-70509,1,61.3276041667,-0.0555059523809
2012-09-10 11:57:12,-70508,1,61.1935267857,-0.134077380952
2012-09-10 11:57:13,-70507,1,61.0498511905,-0.143675595238
2012-09-10 11:57:14,-70506,1,60.9505208333,-0.0993303571429
2012-09-10 11:57:15,-70505,1,60.9084821429,-0.0420386904762
2012-09-10 11:57:16,-70504,1,60.8960565476,-0.0124255952381
2012-09-10 11:57:17,-70503,1,60.865327381,-0.0307291666666
2012-09-10 11:57:18,-70502,1,60.7756696429,-0.0896577380953
2012-09-10 11:57:19,-70501,1,60.6163690476,-0.159300595238
2012-09-10 11:57:20,-70500,1,60.4149553571,-0.201413690476
2012-09-10 11:57:21,-70499,1,60.2241071429,-0.190848214286
2012-09-10 11:57:22,-70498,1,60.0898809524,-0.134226190476
2012-09-10 11:57:23,-70497,1,60.0206845238,-0.0691964285714
2012-09-10 11:57:24,-70496,1,59.9808779762,-0.039806547619
2012-09-10 11:57:25,-70495,1,59.9151041667,-0.0657738095238
2012-09-10 11:57:26,-70494,1,59.7816964286,-0.133407738095
2012-09-10 11:57:27,-70493,1,59.5686755952,-0.213020833333
2012-09-10 11:57:28,-70492,1,59.2895089286,-0.279166666667
2012-09-10 11:57:29,-70491,1,58.9686011905,-0.320907738095
2012-09-10 11:57:30,-70490,1,58.6235863095,-0.345014880952
2012-09-10 11:57:31,-70489,1,58.2561755952,-0.367410714286
2012-09-10 11:57:32,-70488,1,57.8668154762,-0.389360119048
2012-09-10 11:57:33,-70487,1,57.4881696429,-0.378645833333
2012-09-10 11:57:34,-70486,1,57.197172619,-0.29099702381
2012-09-10 11:57:35,-70485,1,57.0773065476,-0.119866071429
2012-09-10 11:57:36,-70484,1,57.1625,0.085193452381
2012-09-10 11:57:37,-70483,1,57.4108630952,0.248363095238
2012-09-10 11:57:38,-70482,1,57.7285714286,0.317708333333
2012-09-10 11:57:39,-70481,1,58.0291666667,0.300595238095
2012-09-10 11:57:40,-70480,1,58.2728422619,0.243675595238
2012-09-10 11:57:41,-70479,1,58.4552083333,0.182366071429
2012-09-10 11:57:42,-70478,1,58.5860863095,0.13087797619
2012-09-10 11:57:43,-70477,1,58.6851934524,0.0991071428572
2012-09-10 11:57:44,-70476,1,58.7754464286,0.0902529761904
2012-09-10 11:57:45,-70475,1,58.8670386905,0.0915922619048
2012-09-10 11:57:46,-70474,1,58.9404017857,0.0733630952381
2012-09-10 11:57:47,-70473,1,58.9444196429,0.0040178571428
2012-09-10 11:57:48,-70472,1,58.8238095238,-0.120610119048
2012-09-10 11:57:49,-70471,1,58.5477678571,-0.276041666667
2012-09-10 11:57:50,-70470,1,58.1168154762,-0.430952380952
2012-09-10 11:57:51,-70469,1,57.5707589286,-0.546056547619
2012-09-10 11:57:52,-70468,1,56.9965029762,-0.574255952381
2012-09-10 11:57:53,-70467,1,56.5055803571,-0.490922619048
2012-09-10 11:57:54,-70466,1,56.187202381,-0.31837797619
2012-09-10 11:57:55,-70465,1,56.0671130952,-0.120089285714
2012-09-10 11:57:56,-70464,1,56.0972470238,0.0301339285714
2012-09-10 11:57:57,-70463,1,56.1871279762,0.089880952381
2012-09-10 11:57:58,-70462,1,56.2529761905,0.0658482142857
2012-09-10 11:57:59,-70461,1,56.2441220238,-0.00885416666669
2012-09-10 11:58:00,-70460,1,56.1412946429,-0.102827380952
2012-09-10 11:58:01,-70459,1,55.9492559524,-0.192038690476
2012-09-10 11:58:02,-70458,1,55.6896577381,-0.259598214286
2012-09-10 11:58:03,-70457,1,55.3891369048,-0.300520833333
2012-09-10 11:58:04,-70456,1,55.0689732143,-0.320163690476
2012-09-10 11:58:05,-70455,1,54.7394345238,-0.329538690476
2012-09-10 11:58:06,-70454,1,54.3959821429,-0.343452380952
2012-09-10 11:58:07,-70453,1,54.0257440476,-0.370238095238
2012-09-10 11:58:08,-70452,1,53.6296875,-0.396056547619
2012-09-10 11:58:09,-70451,1,53.240625,-0.3890625
2012-09-10 11:58:10,-70450,1,52.9155505952,-0.325074404762
2012-09-10 11:58:11,-70449,1,52.7110863095,-0.204464285714
2012-09-10 11:58:12,-70448,1,52.6623511905,-0.0487351190476
2012-09-10 11:58:13,-70447,1,52.7741071429,0.111755952381
2012-09-10 11:58:14,-70446,1,53.0274553571,0.253348214286
2012-09-10 11:58:15,-70445,1,53.392485119,0.365029761905
2012-09-10 11:58:16,-70444,1,53.8324404762,0.439955357143
2012-09-10 11:58:17,-70443,1,54.3067708333,0.474330357143
2012-09-10 11:58:18,-70442,1,54.7807291667,0.473958333333
2012-09-10 11:58:19,-70441,1,55.234672619,0.453943452381
2012-09-10 11:58:20,-70440,1,55.6770833333,0.442410714286
2012-09-10 11:58:21,-70439,1,56.1584077381,0.481324404762
2012-09-10 11:58:22,-70438,1,56.7574404762,0.599032738095
2012-09-10 11:58:23,-70437,1,57.5338541667,0.776413690476
2012-09-10 11:58:24,-70436,1,58.4845982143,0.950744047619
2012-09-10 11:58:25,-70435,1,59.5423363095,1.05773809524
2012-09-10 11:58:26,-70434,1,60.6158482143,1.07351190476
2012-09-10 11:58:27,-70433,1,61.6353422619,1.01949404762
2012-09-10 11:58:28,-70432,1,62.5605654762,0.925223214286
2012-09-10 11:58:29,-70431,1,63.3476934524,0.787127976191
2012-09-10 11:58:30,-70430,1,63.9274553571,0.579761904762
2012-09-10 11:58:31,-70429,1,64.246577381,0.31912202381
2012-09-10 11:58:32,-70428,1,64.3361607143,0.0895833333333
2012-09-10 11:58:33,-70427,1,64.3180803571,-0.0180803571428
2012-09-10 11:58:34,-70426,1,64.3322172619,0.0141369047619
2012-09-10 11:58:35,-70425,1,64.4493303571,0.117113095238
2012-09-10 11:58:36,-70424,1,64.6386904762,0.189360119048
2012-09-10 11:58:37,-70423,1,64.815625,0.176934523809
2012-09-10 11:58:38,-70422,1,64.9202380952,0.104613095238
2012-09-10 11:58:39,-70421,1,64.9479910714,0.0277529761905
2012-09-10 11:58:40,-70420,1,64.9255208333,-0.0224702380953
2012-09-10 11:58:41,-70419,1,64.8823660714,-0.0431547619047
2012-09-10 11:58:42,-70418,1,64.8378720238,-0.0444940476191
2012-09-10 11:58:43,-70417,1,64.7982142857,-0.0396577380952
2012-09-10 11:58:44,-70416,1,64.7641369048,-0.0340773809524
2012-09-10 11:58:45,-70415,1,64.7389136905,-0.0252232142857
2012-09-10 11:58:46,-70414,1,64.7256696429,-0.0132440476191
2012-09-10 11:58:47,-70413,1,64.7229910714,-0.0026785714285
2012-09-10 11:58:48,-70412,1,64.7275297619,0.00453869047621
2012-09-10 11:58:49,-70411,1,64.7381696429,0.0106398809523
2012-09-10 11:58:50,-70410,1,64.754389881,0.0162202380953
2012-09-10 11:58:51,-70409,1,64.7665178571,0.0121279761905
2012-09-10 11:58:52,-70408,1,64.7482142857,-0.0183035714286
2012-09-10 11:58:53,-70407,1,64.6724702381,-0.0757440476191
2012-09-10 11:58:54,-70406,1,64.5461309524,-0.126339285714
2012-09-10 11:58:55,-70405,1,64.4224702381,-0.123660714286
2012-09-10 11:58:56,-70404,1,64.3699404762,-0.0525297619047
2012-09-10 11:58:57,-70403,1,64.4238095238,0.053869047619
2012-09-10 11:58:58,-70402,1,64.5632440476,0.139434523809
2012-09-10 11:58:59,-70401,1,64.7295386905,0.166294642857
2012-09-10 11:59:00,-70400,1,64.8642113095,0.134672619048
2012-09-10 11:59:01,-70399,1,64.934375,0.0701636904762
2012-09-10 11:59:02,-70398,1,64.9328125,-0.00156250000001
2012-09-10 11:59:03,-70397,1,64.8681547619,-0.0646577380952
2012-09-10 11:59:04,-70396,1,64.7632440476,-0.104910714286
2012-09-10 11:59:05,-70395,1,64.6550595238,-0.108184523809
2012-09-10 11:59:06,-70394,1,64.5825892857,-0.0724702380952
2012-09-10 11:59:07,-70393,1,64.5692708333,-0.013318452381
2012-09-10 11:59:08,-70392,1,64.6148065476,0.0455357142858
2012-09-10 11:59:09,-70391,1,64.7002232143,0.0854166666666
2012-09-10 11:59:10,-70390,1,64.7986607143,0.0984375
2012-09-10 11:59:11,-70389,1,64.883110119,0.0844494047619
2012-09-10 11:59:12,-70388,1,64.9316220238,0.0485119047619
2012-09-10 11:59:13,-70387,1,64.9337053571,0.0020833333334
2012-09-10 11:59:14,-70386,1,64.8950892857,-0.0386160714286
2012-09-10 11:59:15,-70385,1,64.8375744048,-0.0575148809524
2012-09-10 11:59:16,-70384,1,64.7938244048,-0.04375
2012-09-10 11:59:17,-70383,1,64.7962797619,0.00245535714289
2012-09-10 11:59:18,-70382,1,64.8608630952,0.0645833333333
2012-09-10 11:59:19,-70381,1,64.9741071429,0.113244047619
2012-09-10 11:59:20,-70380,1,65.0976190476,0.123511904762
2012-09-10 11:59:21,-70379,1,65.1886160714,0.0909970238096
2012-09-10 11:59:22,-70378,1,65.2142113095,0.0255952380952
2012-09-10 11:59:23,-70377,1,65.1438988095,-0.0703125
2012-09-10 11:59:24,-70376,1,64.9317708333,-0.212127976191
2012-09-10 11:59:25,-70375,1,64.5188244048,-0.412946428571
2012-09-10 11:59:26,-70374,1,63.8686011905,-0.650223214286
2012-09-10 11:59:27,-70373,1,62.9954613095,-0.873139880952
2012-09-10 11:59:28,-70372,1,61.9304315476,-1.0650297619
2012-09-10 11:59:29,-70371,1,60.643452381,-1.28697916667
2012-09-10 11:59:30,-70370,1,59.0148809524,-1.62857142857
2012-09-10 11:59:31,-70369,1,56.9107886905,-2.1040922619
2012-09-10 11:59:32,-70368,1,54.2914434524,-2.6193452381
2012-09-10 11:59:33,-70367,1,51.2348958333,-3.05654761905
2012-09-10 11:59:34,-70366,1,47.8605654762,-3.37433035714
2012-09-10 11:59:35,-70365,1,44.2420386905,-3.61852678571
2012-09-10 11:59:36,-70364,1,40.3814732143,-3.86056547619
2012-09-10 11:59:37,-70363,1,36.2380208333,-4.14345238095
2012-09-10 11:59:38,-70362,1,31.7696428571,-4.46837797619
2012-09-10 11:59:39,-70361,1,26.9878720238,-4.78177083333
2012-09-10 11:59:40,-70360,1,22.0215029762,-4.96636904762
2012-09-10 11:59:41,-70359,1,17.1242559524,-4.89724702381
2012-09-10 11:59:42,-70358,1,12.6116815476,-4.51257440476
2012-09-10 11:59:43,-70357,1,8.78764880952,-3.8240327381
2012-09-10 11:59:44,-70356,1,5.87023809524,-2.91741071429
2012-09-10 11:59:45,-70355,1,3.92336309524,-1.946875
2012-09-10 11:59:46,-70354,1,2.84129464286,-1.08206845238
2012-09-10 11:59:47,-70353,1,2.37239583333,-0.468898809524
2012-09-10 11:59:48,-70352,1,2.18229166667,-0.190104166667
2012-09-10 11:59:49,-70351,1,2.04680059524,-0.135491071429
2012-09-10 11:59:50,-70350,1,2.10944940476,0.0626488095238
2012-09-10 11:59:51,-70349,1,2.89025297619,0.780803571429
2012-09-10 11:59:52,-70348,1,4.92686011905,2.03660714286
2012-09-10 11:59:53,-70347,1,8.36666666667,3.43980654762
2012-09-10 11:59:54,-70346,1,12.8383928571,4.47172619048
2012-09-10 11:59:55,-70345,1,17.6551339286,4.81674107143
2012-09-10 11:59:56,-70344,1,22.2118303571,4.55669642857
2012-09-10 11:59:57,-70343,1,26.2620535714,4.05022321429
2012-09-10 11:59:58,-70342,1,29.8546875,3.59263392857
2012-09-10 11:59:59,-70341,1,33.1174107143,3.26272321429
2012-09-10 12:00:00,-70340,1,36.136235119,3.01882440476
2012-09-10 12:00:01,-70339,1,38.9266369048,2.79040178571
2012-09-10 12:00:02,-70338,1,41.4488095238,2.52217261905
2012-09-10 12:00:03,-70337,1,43.6674107143,2.21860119048
2012-09-10 12:00:04,-70336,1,45.5604910714,1.89308035714
2012-09-10 12:00:05,-70335,1,46.9719494048,1.41145833333
2012-09-10 12:00:06,-70334,1,47.4498511905,0.477901785714
2012-09-10 12:00:07,-70333,1,46.3505208333,-1.09933035714
2012-09-10 12:00:08,-70332,1,43.1953869048,-3.15513392857
2012-09-10 12:00:09,-70331,1,37.9546875,-5.24069940476
2012-09-10 12:00:10,-70330,1,31.0666666667,-6.88802083333
2012-09-10 12:00:11,-70329,1,23.3773809524,-7.68928571429
2012-09-10 12:00:12,-70328,1,16.1705357143,-7.2068452381
2012-09-10 12:00:13,-70327,1,10.9944196429,-5.17611607143
2012-09-10 12:00:28,-70312,15,9.04330357143,-0.130074404762
2012-09-10 12:00:29,-70311,1,10.5145089286,1.47120535714
2012-09-10 12:00:30,-70310,1,14.5135416667,3.9990327381
2012-09-10 12:00:31,-70309,1,19.6200892857,5.10654761905
2012-09-10 12:00:32,-70308,1,24.7072916667,5.08720238095
2012-09-10 12:00:33,-70307,1,29.323139881,4.61584821429
2012-09-10 12:00:34,-70306,1,33.434077381,4.1109375
2012-09-10 12:00:35,-70305,1,37.06875,3.63467261905
2012-09-10 12:00:36,-70304,1,40.2383184524,3.16956845238
2012-09-10 12:00:37,-70303,1,42.9689732143,2.7306547619
2012-09-10 12:00:38,-70302,1,45.2816964286,2.31272321429
2012-09-10 12:00:39,-70301,1,47.1696428571,1.88794642857
2012-09-10 12:00:40,-70300,1,48.6176339286,1.44799107143
2012-09-10 12:00:41,-70299,1,49.6281994048,1.01056547619
2012-09-10 12:00:42,-70298,1,50.2306547619,0.602455357143
2012-09-10 12:00:43,-70297,1,50.4848214286,0.254166666667
2012-09-10 12:00:44,-70296,1,50.4770089286,-0.0078125
2012-09-10 12:00:45,-70295,1,50.2880208333,-0.188988095238
2012-09-10 12:00:46,-70294,1,49.9344494048,-0.353571428571
2012-09-10 12:00:47,-70293,1,49.3183035714,-0.616145833333
2012-09-10 12:00:48,-70292,1,48.2269345238,-1.09136904762
2012-09-10 12:00:49,-70291,1,46.4008184524,-1.82611607143
2012-09-10 12:00:50,-70290,1,43.640625,-2.76019345238
2012-09-10 12:00:51,-70289,1,39.8951636905,-3.74546130952
2012-09-10 12:00:52,-70288,1,35.2927827381,-4.60238095238
2012-09-10 12:00:53,-70287,1,30.109375,-5.1834077381
2012-09-10 12:00:54,-70286,1,24.6842261905,-5.42514880952
2012-09-10 12:00:55,-70285,1,19.3265625,-5.35766369048
2012-09-10 12:00:56,-70284,1,14.26875,-5.0578125
2012-09-10 12:00:57,-70283,1,9.69069940476,-4.57805059524
2012-09-10 12:00:58,-70282,1,5.79813988095,-3.89255952381
2012-09-10 12:00:59,-70281,1,2.89568452381,-2.90245535714
2012-09-10 12:01:00,-70280,1,0.0,-2.89568452381
2012-09-10 12:01:18,-70262,18,0.0,0.0
2012-09-10 12:01:19,-70261,1,3.3271577381,3.3271577381
2012-09-10 12:01:20,-70260,1,6.46889880952,3.14174107143
2012-09-10 12:01:21,-70259,1,10.4160714286,3.94717261905
2012-09-10 12:01:22,-70258,1,14.677827381,4.26175595238
2012-09-10 12:01:23,-70257,1,18.8757440476,4.19791666667
2012-09-10 12:01:24,-70256,1,22.7805059524,3.90476190476
2012-09-10 12:01:25,-70255,1,26.3171130952,3.53660714286
2012-09-10 12:01:26,-70254,1,29.469047619,3.15193452381
2012-09-10 12:01:27,-70253,1,32.1541666667,2.68511904762
2012-09-10 12:01:28,-70252,1,34.2128720238,2.05870535714
2012-09-10 12:01:29,-70251,1,35.5176339286,1.30476190476
2012-09-10 12:01:30,-70250,1,36.1203125,0.602678571429
2012-09-10 12:01:31,-70249,1,36.3204613095,0.200148809524
2012-09-10 12:01:32,-70248,1,36.548735119,0.228273809524
2012-09-10 12:01:33,-70247,1,37.128125,0.579389880952
2012-09-10 12:01:34,-70246,1,38.1244791667,0.996354166667
2012-09-10 12:01:35,-70245,1,39.3907738095,1.26629464286
2012-09-10 12:01:36,-70244,1,40.7186755952,1.32790178571
2012-09-10 12:01:37,-70243,1,41.9656994048,1.24702380952
2012-09-10 12:01:38,-70242,1,43.0901785714,1.12447916667
2012-09-10 12:01:39,-70241,1,44.1071428571,1.01696428571
2012-09-10 12:01:40,-70240,1,45.0321428571,0.925
2012-09-10 12:01:41,-70239,1,45.864360119,0.832217261905
2012-09-10 12:01:42,-70238,1,46.5984375,0.734077380952
2012-09-10 12:01:43,-70237,1,47.2340029762,0.635565476191
2012-09-10 12:01:44,-70236,1,47.7773809524,0.54337797619
2012-09-10 12:01:45,-70235,1,48.2378720238,0.460491071428
2012-09-10 12:01:46,-70234,1,48.6209821429,0.383110119048
2012-09-10 12:01:47,-70233,1,48.9311755952,0.310193452381
2012-09-10 12:01:48,-70232,1,49.1849702381,0.253794642857
2012-09-10 12:01:49,-70231,1,49.4161458333,0.231175595238
2012-09-10 12:01:50,-70230,1,49.6655505952,0.249404761905
2012-09-10 12:01:51,-70229,1,49.9680803571,0.302529761905
2012-09-10 12:01:52,-70228,1,50.3458333333,0.37775297619
2012-09-10 12:01:53,-70227,1,50.8042410714,0.458407738095
2012-09-10 12:01:54,-70226,1,51.3313988095,0.527157738095
2012-09-10 12:01:55,-70225,1,51.9001488095,0.56875
2012-09-10 12:01:56,-70224,1,52.4611607143,0.561011904762
2012-09-10 12:01:57,-70223,1,52.9298363095,0.468675595238
2012-09-10 12:01:58,-70222,1,53.1951636905,0.265327380952
2012-09-10 12:01:59,-70221,1,53.159375,-0.0357886904762
2012-09-10 12:02:00,-70220,1,52.7769345238,-0.38244047619
2012-09-10 12:02:01,-70219,1,52.0577380952,-0.719196428571
2012-09-10 12:02:02,-70218,1,51.0316964286,-1.02604166667
2012-09-10 12:02:03,-70217,1,49.7101934524,-1.32150297619
2012-09-10 12:02:04,-70216,1,48.0823660714,-1.62782738095
2012-09-10 12:02:05,-70215,1,46.1396577381,-1.94270833333
2012-09-10 12:02:06,-70214,1,43.8955357143,-2.24412202381
2012-09-10 12:02:07,-70213,1,41.3895833333,-2.50595238095
2012-09-10 12:02:08,-70212,1,38.6804315476,-2.70915178571
2012-09-10 12:02:09,-70211,1,35.8170386905,-2.86339285714
2012-09-10 12:02:10,-70210,1,32.7895833333,-3.02745535714
2012-09-10 12:02:11,-70209,1,29.5110119048,-3.27857142857
2012-09-10 12:02:12,-70208,1,25.8694940476,-3.64151785714
2012-09-10 12:02:13,-70207,1,21.8127232143,-4.05677083333
2012-09-10 12:02:14,-70206,1,17.4270833333,-4.38563988095
2012-09-10 12:02:15,-70205,1,13.040327381,-4.38675595238
2012-09-10 12:02:16,-70204,1,9.30141369048,-3.73891369048
2012-09-10 12:02:17,-70203,1,7.0584077381,-2.24300595238
2012-09-10 12:02:18,-70202,1,6.97663690476,-0.0817708333333
2012-09-10 12:02:19,-70201,1,9.13601190476,2.159375
2012-09-10 12:02:20,-70200,1,12.9355654762,3.79955357143
2012-09-10 12:02:21,-70199,1,17.411235119,4.47566964286
2012-09-10 12:02:22,-70198,1,21.7322172619,4.32098214286
2012-09-10 12:02:23,-70197,1,25.4899553571,3.75773809524
2012-09-10 12:02:24,-70196,1,28.6381696429,3.14821428571
2012-09-10 12:02:25,-70195,1,31.2899553571,2.65178571429
2012-09-10 12:02:26,-70194,1,33.5882440476,2.29828869048
2012-09-10 12:02:27,-70193,1,35.648139881,2.05989583333
2012-09-10 12:02:28,-70192,1,37.49375,1.84561011905
2012-09-10 12:02:29,-70191,1,39.0131696429,1.51941964286
2012-09-10 12:02:30,-70190,1,40.0116071429,0.9984375
2012-09-10 12:02:31,-70189,1,40.3482142857,0.336607142857
2012-09-10 12:02:32,-70188,1,40.0377232143,-0.310491071429
2012-09-10 12:02:33,-70187,1,39.2272321429,-0.810491071429
2012-09-10 12:02:34,-70186,1,38.0767857143,-1.15044642857
2012-09-10 12:02:35,-70185,1,36.6703125,-1.40647321429
2012-09-10 12:02:36,-70184,1,35.0532738095,-1.61703869048
2012-09-10 12:02:37,-70183,1,33.3381696429,-1.71510416667
2012-09-10 12:02:38,-70182,1,31.75625,-1.58191964286
2012-09-10 12:02:39,-70181,1,30.6254464286,-1.13080357143
2012-09-10 12:02:40,-70180,1,30.2557291667,-0.369717261905
2012-09-10 12:02:41,-70179,1,30.823735119,0.568005952381
2012-09-10 12:02:42,-70178,1,32.2957589286,1.47202380952
2012-09-10 12:02:43,-70177,1,34.4539434524,2.15818452381
2012-09-10 12:02:44,-70176,1,36.9991815476,2.54523809524
2012-09-10 12:02:45,-70175,1,39.654985119,2.65580357143
2012-09-10 12:02:46,-70174,1,42.176860119,2.521875
2012-09-10 12:02:47,-70173,1,44.2788690476,2.10200892857
2012-09-10 12:02:48,-70172,1,45.6473958333,1.36852678571
2012-09-10 12:02:49,-70171,1,46.1194940476,0.472098214286
2012-09-10 12:02:50,-70170,1,45.8511160714,-0.26837797619
2012-09-10 12:02:51,-70169,1,45.2601934524,-0.590922619048
2012-09-10 12:02:52,-70168,1,44.7599702381,-0.500223214286
2012-09-10 12:02:53,-70167,1,44.5276785714,-0.232291666667
2012-09-10 12:02:54,-70166,1,44.501860119,-0.025818452381
2012-09-10 12:02:55,-70165,1,44.5412946429,0.0394345238095
2012-09-10 12:02:56,-70164,1,44.5488839286,0.0075892857143
2012-09-10 12:02:57,-70163,1,44.4765625,-0.0723214285714
2012-09-10 12:02:58,-70162,1,44.2946428571,-0.181919642857
2012-09-10 12:02:59,-70161,1,44.0110119048,-0.283630952381
2012-09-10 12:03:00,-70160,1,43.695610119,-0.315401785714
2012-09-10 12:03:01,-70159,1,43.4567708333,-0.238839285714
2012-09-10 12:03:02,-70158,1,43.4050595238,-0.0517113095238
2012-09-10 12:03:03,-70157,1,43.6334077381,0.228348214286
2012-09-10 12:03:04,-70156,1,44.2078869048,0.574479166667
2012-09-10 12:03:05,-70155,1,45.148735119,0.940848214286
2012-09-10 12:03:06,-70154,1,46.3771577381,1.22842261905
2012-09-10 12:03:07,-70153,1,47.6888392857,1.31168154762
2012-09-10 12:03:08,-70152,1,48.8255208333,1.13668154762
2012-09-10 12:03:09,-70151,1,49.5702380952,0.744717261905
2012-09-10 12:03:10,-70150,1,49.7772321429,0.206994047619
2012-09-10 12:03:11,-70149,1,49.3486607143,-0.428571428571
2012-09-10 12:03:12,-70148,1,48.1801339286,-1.16852678571
2012-09-10 12:03:13,-70147,1,46.1267113095,-2.05342261905
2012-09-10 12:03:14,-70146,1,43.0629464286,-3.06376488095
2012-09-10 12:03:15,-70145,1,38.9933779762,-4.06956845238
2012-09-10 12:03:16,-70144,1,34.1154017857,-4.87797619048
2012-09-10 12:03:17,-70143,1,28.798735119,-5.31666666667
2012-09-10 12:03:18,-70142,1,23.4607291667,-5.33800595238
2012-09-10 12:03:19,-70141,1,18.3955208333,-5.06520833333
2012-09-10 12:03:20,-70140,1,13.745014881,-4.65050595238
2012-09-10 12:03:21,-70139,1,9.65680059524,-4.08821428571
2012-09-10 12:03:22,-70138,1,6.39345238095,-3.26334821429
2012-09-10 12:03:23,-70137,1,4.21883928571,-2.17461309524
2012-09-10 12:03:24,-70136,1,3.18964285714,-1.02919642857
2012-09-10 12:03:25,-70135,1,3.10666666667,-0.0829761904762
2012-09-10 12:03:26,-70134,1,3.70925595238,0.602589285714
2012-09-10 12:03:27,-70133,1,4.86095238095,1.15169642857
2012-09-10 12:03:28,-70132,1,6.47364583333,1.61269345238
2012-09-10 12:03:29,-70131,1,8.36004464286,1.88639880952
2012-09-10 12:03:30,-70130,1,10.3018303571,1.94178571429
2012-09-10 12:03:31,-70129,1,12.2438988095,1.94206845238
2012-09-10 12:03:32,-70128,1,14.3501636905,2.10626488095
2012-09-10 12:03:33,-70127,1,16.8111458333,2.46098214286
2012-09-10 12:03:34,-70126,1,19.5964285714,2.7852827381
2012-09-10 12:03:35,-70125,1,22.4624255952,2.86599702381
2012-09-10 12:03:36,-70124,1,25.1642857143,2.70186011905
2012-09-10 12:03:37,-70123,1,27.5642113095,2.39992559524
2012-09-10 12:03:38,-70122,1,29.5928571429,2.02864583333
2012-09-10 12:03:39,-70121,1,31.2193452381,1.62648809524
2012-09-10 12:03:40,-70120,1,32.4555803571,1.23623511905
2012-09-10 12:03:41,-70119,1,33.3254464286,0.869866071428
2012-09-10 12:03:42,-70118,1,33.7984375,0.472991071429
2012-09-10 12:03:43,-70117,1,33.7889136905,-0.0095238095238
2012-09-10 12:03:44,-70116,1,33.2957589286,-0.493154761905
2012-09-10 12:03:45,-70115,1,32.5673363095,-0.728422619048
2012-09-10 12:03:46,-70114,1,32.0793154762,-0.488020833333
2012-09-10 12:03:47,-70113,1,32.3011904762,0.221875
2012-09-10 12:03:48,-70112,1,33.4581845238,1.15699404762
2012-09-10 12:03:49,-70111,1,35.4691220238,2.0109375
2012-09-10 12:03:50,-70110,1,38.0619047619,2.5927827381
2012-09-10 12:03:51,-70109,1,40.945610119,2.88370535714
2012-09-10 12:03:52,-70108,1,43.8895833333,2.94397321429
2012-09-10 12:03:53,-70107,1,46.678422619,2.78883928571
2012-09-10 12:03:54,-70106,1,49.0644345238,2.38601190476
2012-09-10 12:03:55,-70105,1,50.7912202381,1.72678571429
2012-09-10 12:03:56,-70104,1,51.6514136905,0.860193452381
2012-09-10 12:03:57,-70103,1,51.5412202381,-0.110193452381
2012-09-10 12:03:58,-70102,1,50.4736607143,-1.06755952381
2012-09-10 12:03:59,-70101,1,48.5333333333,-1.94032738095
2012-09-10 12:04:00,-70100,1,45.8271577381,-2.70617559524
2012-09-10 12:04:01,-70099,1,42.4693452381,-3.3578125
2012-09-10 12:04:02,-70098,1,38.584375,-3.8849702381
2012-09-10 12:04:03,-70097,1,34.3193452381,-4.2650297619
2012-09-10 12:04:04,-70096,1,29.8526041667,-4.46674107143
2012-09-10 12:04:05,-70095,1,25.3776041667,-4.475
2012-09-10 12:04:06,-70094,1,21.0886160714,-4.28898809524
2012-09-10 12:04:07,-70093,1,17.1976190476,-3.89099702381
2012-09-10 12:04:08,-70092,1,13.9203125,-3.27730654762
2012-09-10 12:04:09,-70091,1,11.3661458333,-2.55416666667
2012-09-10 12:04:10,-70090,1,9.42983630952,-1.93630952381
2012-09-10 12:04:11,-70089,1,7.83995535714,-1.58988095238
2012-09-10 12:04:12,-70088,1,6.34620535714,-1.49375
2012-09-10 12:04:13,-70087,1,4.88958333333,-1.45662202381
2012-09-10 12:04:14,-70086,1,3.61882440476,-1.27075892857
2012-09-10 12:04:15,-70085,1,2.72537202381,-0.893452380952
2012-09-10 12:04:16,-70084,1,2.25535714286,-0.470014880952
2012-09-10 12:04:17,-70083,1,2.09166666667,-0.16369047619
2012-09-10 12:04:18,-70082,1,2.07276785714,-0.0188988095238
2012-09-10 12:04:19,-70081,1,2.08869047619,0.0159226190476
2012-09-10 12:04:20,-70080,1,2.09821428571,0.00952380952381
2012-09-10 12:04:21,-70079,1,2.1,0.00178571428571
2012-09-10 12:04:22,-70078,1,2.1,0.0
2012-09-10 12:04:23,-70077,1,2.09360119048,-0.00639880952381
2012-09-10 12:04:24,-70076,1,2.05870535714,-0.0348958333333
2012-09-10 12:04:25,-70075,1,2.0068452381,-0.0518601190476
2012-09-10 12:04:26,-70074,1,2.11316964286,0.106324404762
2012-09-10 12:04:27,-70073,1,2.75133928571,0.638169642857
2012-09-10 12:04:28,-70072,1,4.29367559524,1.54233630952
2012-09-10 12:04:29,-70071,1,6.85401785714,2.5603422619
2012-09-10 12:04:30,-70070,1,10.2064732143,3.35245535714
2012-09-10 12:04:31,-70069,1,13.9163690476,3.70989583333
2012-09-10 12:04:32,-70068,1,17.5873511905,3.67098214286
2012-09-10 12:04:33,-70067,1,21.0225446429,3.43519345238
2012-09-10 12:04:34,-70066,1,24.1777529762,3.15520833333
2012-09-10 12:04:35,-70065,1,27.0336309524,2.85587797619
2012-09-10 12:04:36,-70064,1,29.5202380952,2.48660714286
2012-09-10 12:04:37,-70063,1,31.5203125,2.00007440476
2012-09-10 12:04:38,-70062,1,32.976264881,1.45595238095
2012-09-10 12:04:39,-70061,1,34.0236607143,1.04739583333
2012-09-10 12:04:40,-70060,1,34.9872767857,0.963616071429
2012-09-10 12:04:41,-70059,1,36.2083333333,1.22105654762
2012-09-10 12:04:42,-70058,1,37.8270833333,1.61875
2012-09-10 12:04:43,-70057,1,39.690327381,1.86324404762
2012-09-10 12:04:44,-70056,1,41.4680059524,1.77767857143
2012-09-10 12:04:45,-70055,1,42.8675595238,1.39955357143
2012-09-10 12:04:46,-70054,1,43.7720982143,0.904538690476
2012-09-10 12:04:47,-70053,1,44.2558035714,0.483705357143
2012-09-10 12:04:48,-70052,1,44.5058035714,0.25
2012-09-10 12:04:49,-70051,1,44.6886160714,0.1828125
2012-09-10 12:04:50,-70050,1,44.8427827381,0.154166666667
2012-09-10 12:04:51,-70049,1,44.8738839286,0.0311011904762
2012-09-10 12:04:52,-70048,1,44.6491815476,-0.224702380952
2012-09-10 12:04:53,-70047,1,44.1185267857,-0.530654761905
2012-09-10 12:04:54,-70046,1,43.3624255952,-0.756101190476
2012-09-10 12:04:55,-70045,1,42.5303571429,-0.832068452381
2012-09-10 12:04:56,-70044,1,41.7468005952,-0.783556547619
2012-09-10 12:04:57,-70043,1,41.0758184524,-0.670982142857
2012-09-10 12:04:58,-70042,1,40.5417410714,-0.534077380952
2012-09-10 12:04:59,-70041,1,40.1480654762,-0.393675595238
2012-09-10 12:05:00,-70040,1,39.8517857143,-0.296279761905
2012-09-10 12:05:01,-70039,1,39.5092261905,-0.342559523809
2012-09-10 12:05:02,-70038,1,38.8904761905,-0.61875
2012-09-10 12:05:03,-70037,1,37.8128720238,-1.07760416667
2012-09-10 12:05:04,-70036,1,36.2709821429,-1.54188988095
2012-09-10 12:05:05,-70035,1,34.4392857143,-1.83169642857
2012-09-10 12:05:06,-70034,1,32.587797619,-1.85148809524
2012-09-10 12:05:07,-70033,1,30.9821428571,-1.6056547619
2012-09-10 12:05:08,-70032,1,29.7912946429,-1.19084821429
2012-09-10 12:05:09,-70031,1,29.0402529762,-0.751041666667
2012-09-10 12:05:10,-70030,1,28.625,-0.415252976191
2012-09-10 12:05:11,-70029,1,28.3734375,-0.2515625
2012-09-10 12:05:12,-70028,1,28.1354910714,-0.237946428571
2012-09-10 12:05:13,-70027,1,27.8494791667,-0.286011904762
2012-09-10 12:05:14,-70026,1,27.5464285714,-0.303050595238
2012-09-10 12:05:15,-70025,1,27.3428571429,-0.203571428572
2012-09-10 12:05:16,-70024,1,27.4398809524,0.0970238095238
2012-09-10 12:05:17,-70023,1,28.0444196429,0.604538690476
2012-09-10 12:05:18,-70022,1,29.2136904762,1.16927083333
2012-09-10 12:05:19,-70021,1,30.7857886905,1.57209821429
2012-09-10 12:05:20,-70020,1,32.4831845238,1.69739583333
2012-09-10 12:05:21,-70019,1,34.0740327381,1.59084821429
2012-09-10 12:05:22,-70018,1,35.4555803571,1.38154761905
2012-09-10 12:05:23,-70017,1,36.6369047619,1.18132440476
2012-09-10 12:05:24,-70016,1,37.6837053571,1.04680059524
2012-09-10 12:05:25,-70015,1,38.698139881,1.01443452381
2012-09-10 12:05:26,-70014,1,39.8108630952,1.11272321429
2012-09-10 12:05:27,-70013,1,41.1088541667,1.29799107143
2012-09-10 12:05:28,-70012,1,42.5419642857,1.43311011905
2012-09-10 12:05:29,-70011,1,43.9287202381,1.38675595238
2012-09-10 12:05:30,-70010,1,45.0712053571,1.14248511905
2012-09-10 12:05:31,-70009,1,45.8711309524,0.799925595238
2012-09-10 12:05:32,-70008,1,46.3522321429,0.481101190476
2012-09-10 12:05:33,-70007,1,46.5892857143,0.237053571429
2012-09-10 12:05:34,-70006,1,46.622172619,0.0328869047619
2012-09-10 12:05:35,-70005,1,46.4267857143,-0.195386904762
2012-09-10 12:05:36,-70004,1,45.9550595238,-0.471726190476
2012-09-10 12:05:37,-70003,1,45.2032738095,-0.751785714286
2012-09-10 12:05:38,-70002,1,44.2422619048,-0.961011904762
2012-09-10 12:05:39,-70001,1,43.1848214286,-1.05744047619
2012-09-10 12:05:40,-70000,1,42.1326636905,-1.0521577381
2012-09-10 12:05:41,-69999,1,41.140625,-0.992038690476
2012-09-10 12:05:42,-69998,1,40.2125,-0.928125
2012-09-10 12:05:43,-69997,1,39.3482886905,-0.864211309524
2012-09-10 12:05:44,-69996,1,38.6191964286,-0.729092261905
2012-09-10 12:05:45,-69995,1,38.1806547619,-0.438541666667
2012-09-10 12:05:46,-69994,1,38.1649553571,-0.0156994047619
2012-09-10 12:05:47,-69993,1,38.5338541667,0.368898809524
2012-09-10 12:05:48,-69992,1,39.0688988095,0.535044642857
2012-09-10 12:05:49,-69991,1,39.5560267857,0.487127976191
2012-09-10 12:05:50,-69990,1,39.980952381,0.424925595238
2012-09-10 12:05:51,-69989,1,40.5186011905,0.537648809524
2012-09-10 12:05:52,-69988,1,41.3183035714,0.799702380952
2012-09-10 12:05:53,-69987,1,42.2972470238,0.978943452381
2012-09-10 12:05:54,-69986,1,43.1664434524,0.869196428572
2012-09-10 12:05:55,-69985,1,43.6796130952,0.513169642857
2012-09-10 12:05:56,-69984,1,43.8352678571,0.155654761905
2012-09-10 12:05:57,-69983,1,43.8400297619,0.0047619047619
2012-09-10 12:05:58,-69982,1,43.9264880952,0.0864583333333
2012-09-10 12:05:59,-69981,1,44.1980654762,0.271577380952
2012-09-10 12:06:00,-69980,1,44.5880208333,0.389955357143
2012-09-10 12:06:01,-69979,1,44.9428571429,0.354836309524
2012-09-10 12:06:02,-69978,1,45.1443452381,0.201488095238
2012-09-10 12:06:03,-69977,1,45.156547619,0.0122023809524
2012-09-10 12:06:04,-69976,1,44.9853422619,-0.171205357143
2012-09-10 12:06:05,-69975,1,44.6316964286,-0.353645833333
2012-09-10 12:06:06,-69974,1,44.1049107143,-0.526785714286
2012-09-10 12:06:07,-69973,1,43.4697916667,-0.635119047619
2012-09-10 12:06:08,-69972,1,42.8546875,-0.615104166667
2012-09-10 12:06:09,-69971,1,42.3921875,-0.4625
2012-09-10 12:06:10,-69970,1,42.1380208333,-0.254166666667
2012-09-10 12:06:11,-69969,1,42.0593005952,-0.0787202380952
2012-09-10 12:06:12,-69968,1,42.1078869048,0.0485863095238
2012-09-10 12:06:13,-69967,1,42.2694940476,0.161607142857
2012-09-10 12:06:14,-69966,1,42.5332589286,0.263764880952
2012-09-10 12:06:15,-69965,1,42.855952381,0.322693452381
2012-09-10 12:06:16,-69964,1,43.1665922619,0.310639880952
2012-09-10 12:06:17,-69963,1,43.3796130952,0.213020833333
2012-09-10 12:06:18,-69962,1,43.4032738095,0.0236607142857
2012-09-10 12:06:19,-69961,1,43.1619047619,-0.241369047619
2012-09-10 12:06:20,-69960,1,42.6284970238,-0.533407738095
2012-09-10 12:06:21,-69959,1,41.8412946429,-0.787202380952
2012-09-10 12:06:22,-69958,1,40.8886160714,-0.952678571428
2012-09-10 12:06:23,-69957,1,39.8733630952,-1.01525297619
2012-09-10 12:06:24,-69956,1,38.898735119,-0.97462797619
2012-09-10 12:06:25,-69955,1,38.0977678571,-0.800967261905
2012-09-10 12:06:26,-69954,1,37.6327380952,-0.465029761905
2012-09-10 12:06:27,-69953,1,37.5915922619,-0.0411458333333
2012-09-10 12:06:28,-69952,1,37.8898065476,0.298214285714
2012-09-10 12:06:29,-69951,1,38.325297619,0.435491071429
2012-09-10 12:06:30,-69950,1,38.7293154762,0.404017857143
2012-09-10 12:06:31,-69949,1,39.0660714286,0.336755952381
2012-09-10 12:06:32,-69948,1,39.4174107143,0.351339285714
2012-09-10 12:06:33,-69947,1,39.8674107143,0.45
2012-09-10 12:06:34,-69946,1,40.3976190476,0.530208333333
2012-09-10 12:06:35,-69945,1,40.9092261905,0.511607142857
2012-09-10 12:06:36,-69944,1,41.3210565476,0.411830357143
2012-09-10 12:06:37,-69943,1,41.6149553571,0.293898809524
2012-09-10 12:06:38,-69942,1,41.7953125,0.180357142857
2012-09-10 12:06:39,-69941,1,41.803125,0.0078125
2012-09-10 12:06:40,-69940,1,41.4540922619,-0.349032738095
2012-09-10 12:06:41,-69939,1,40.4788690476,-0.975223214286
2012-09-10 12:06:42,-69938,1,38.6607886905,-1.81808035714
2012-09-10 12:06:43,-69937,1,35.9550595238,-2.70572916667
2012-09-10 12:06:44,-69936,1,32.4951636905,-3.45989583333
2012-09-10 12:06:45,-69935,1,28.535639881,-3.95952380952
2012-09-10 12:06:46,-69934,1,24.4200892857,-4.11555059524
2012-09-10 12:06:47,-69933,1,20.5354166667,-3.88467261905
2012-09-10 12:06:48,-69932,1,17.1756696429,-3.35974702381
2012-09-10 12:06:49,-69931,1,14.3671875,-2.80848214286
2012-09-10 12:06:50,-69930,1,11.8162202381,-2.5509672619
2012-09-10 12:06:51,-69929,1,9.12180059524,-2.69441964286
2012-09-10 12:06:52,-69928,1,6.17611607143,-2.94568452381
2012-09-10 12:06:53,-69927,1,3.44575892857,-2.73035714286
2012-09-10 12:06:54,-69926,1,0.0,-3.44575892857
2012-09-10 12:07:41,-69879,47,0.0,0.0
2012-09-10 12:07:42,-69878,1,4.94151785714,4.94151785714
2012-09-10 12:07:43,-69877,1,8.79642857143,3.85491071429
2012-09-10 12:07:44,-69876,1,12.6290178571,3.83258928571
2012-09-10 12:07:45,-69875,1,15.4776041667,2.84858630952
2012-09-10 12:07:46,-69874,1,17.029389881,1.55178571429
2012-09-10 12:07:47,-69873,1,17.5449404762,0.515550595238
2012-09-10 12:07:48,-69872,1,17.5905505952,0.0456101190476
2012-09-10 12:07:49,-69871,1,17.7818452381,0.191294642857
2012-09-10 12:07:50,-69870,1,18.6024553571,0.820610119048
2012-09-10 12:07:51,-69869,1,20.282514881,1.68005952381
2012-09-10 12:07:52,-69868,1,22.7598958333,2.47738095238
2012-09-10 12:07:53,-69867,1,25.7523809524,2.99248511905
2012-09-10 12:07:54,-69866,1,28.9202380952,3.16785714286
2012-09-10 12:07:55,-69865,1,32.014360119,3.09412202381
2012-09-10 12:07:56,-69864,1,34.8991071429,2.88474702381
2012-09-10 12:07:57,-69863,1,37.4918154762,2.59270833333
2012-09-10 12:07:58,-69862,1,39.7412202381,2.2494047619
2012-09-10 12:07:59,-69861,1,41.6549107143,1.91369047619
2012-09-10 12:08:00,-69860,1,43.3023809524,1.6474702381
2012-09-10 12:08:01,-69859,1,44.7698660714,1.46748511905
2012-09-10 12:08:02,-69858,1,46.1057291667,1.33586309524
2012-09-10 12:08:03,-69857,1,47.2944940476,1.18876488095
2012-09-10 12:08:04,-69856,1,48.2644345238,0.96994047619
2012-09-10 12:08:05,-69855,1,48.9209821429,0.656547619048
2012-09-10 12:08:06,-69854,1,49.2020833333,0.281101190476
2012-09-10 12:08:07,-69853,1,49.1336309524,-0.0684523809523
2012-09-10 12:08:08,-69852,1,48.8436755952,-0.289955357143
2012-09-10 12:08:09,-69851,1,48.5173363095,-0.326339285714
2012-09-10 12:08:10,-69850,1,48.3161458333,-0.20119047619
2012-09-10 12:08:11,-69849,1,48.3068452381,-0.0093005952381
2012-09-10 12:08:12,-69848,1,48.4448660714,0.138020833333
2012-09-10 12:08:13,-69847,1,48.6232886905,0.178422619048
2012-09-10 12:08:14,-69846,1,48.744047619,0.120758928571
2012-09-10 12:08:15,-69845,1,48.7619791667,0.0179315476191
2012-09-10 12:08:16,-69844,1,48.6886904762,-0.0732886904762
2012-09-10 12:08:17,-69843,1,48.567485119,-0.121205357143
2012-09-10 12:08:18,-69842,1,48.4419642857,-0.125520833333
2012-09-10 12:08:19,-69841,1,48.3398065476,-0.102157738095
2012-09-10 12:08:20,-69840,1,48.2742559524,-0.0655505952381
2012-09-10 12:08:21,-69839,1,48.2534970238,-0.0207589285714
2012-09-10 12:08:22,-69838,1,48.284672619,0.0311755952381
2012-09-10 12:08:23,-69837,1,48.3646577381,0.0799851190476
2012-09-10 12:08:24,-69836,1,48.4730654762,0.108407738095
2012-09-10 12:08:25,-69835,1,48.5784970238,0.105431547619
2012-09-10 12:08:26,-69834,1,48.6372767857,0.0587797619048
2012-09-10 12:08:27,-69833,1,48.5822916667,-0.0549851190476
2012-09-10 12:08:28,-69832,1,48.3353422619,-0.246949404762
2012-09-10 12:08:29,-69831,1,47.8578125,-0.477529761905
2012-09-10 12:08:30,-69830,1,47.2133184524,-0.644494047619
2012-09-10 12:08:31,-69829,1,46.5820684524,-0.63125
2012-09-10 12:08:32,-69828,1,46.1781994048,-0.403869047619
2012-09-10 12:08:33,-69827,1,46.1199404762,-0.0582589285714
2012-09-10 12:08:34,-69826,1,46.3728422619,0.252901785714
2012-09-10 12:08:35,-69825,1,46.8052083333,0.432366071428
2012-09-10 12:08:36,-69824,1,47.2787202381,0.473511904762
2012-09-10 12:08:37,-69823,1,47.7002232143,0.421502976191
2012-09-10 12:08:38,-69822,1,48.0255208333,0.325297619048
2012-09-10 12:08:39,-69821,1,48.2430803571,0.21755952381
2012-09-10 12:08:40,-69820,1,48.36875,0.125669642857
2012-09-10 12:08:41,-69819,1,48.4422619048,0.0735119047619
2012-09-10 12:08:42,-69818,1,48.4970238095,0.0547619047619
2012-09-10 12:08:43,-69817,1,48.5244791667,0.0274553571429
2012-09-10 12:08:44,-69816,1,48.472172619,-0.0523065476191
2012-09-10 12:08:45,-69815,1,48.2697916667,-0.202380952381
2012-09-10 12:08:46,-69814,1,47.8438988095,-0.425892857143
2012-09-10 12:08:47,-69813,1,47.0994047619,-0.744494047619
2012-09-10 12:08:48,-69812,1,45.9014880952,-1.19791666667
2012-09-10 12:08:49,-69811,1,44.0962797619,-1.80520833333
2012-09-10 12:08:50,-69810,1,41.557514881,-2.53876488095
2012-09-10 12:08:51,-69809,1,38.2352678571,-3.32224702381
2012-09-10 12:08:52,-69808,1,34.1761160714,-4.05915178571
2012-09-10 12:08:53,-69807,1,29.4872767857,-4.68883928571
2012-09-10 12:08:54,-69806,1,24.3043154762,-5.18296130952
2012-09-10 12:08:55,-69805,1,18.8252232143,-5.4790922619
2012-09-10 12:08:56,-69804,1,13.3531994048,-5.47202380952
2012-09-10 12:08:57,-69803,1,8.31614583333,-5.03705357143
2012-09-10 12:08:58,-69802,1,4.30305059524,-4.0130952381
2012-09-10 12:08:59,-69801,1,0.0,-4.30305059524
2012-09-10 12:09:18,-69782,19,0.0,0.0
2012-09-10 12:09:19,-69781,1,3.54040178571,3.54040178571
2012-09-10 12:09:20,-69780,1,6.32886904762,2.7884672619
2012-09-10 12:09:21,-69779,1,9.32626488095,2.99739583333
2012-09-10 12:09:22,-69778,1,12.1148065476,2.78854166667
2012-09-10 12:09:23,-69777,1,14.7546130952,2.63980654762
2012-09-10 12:09:24,-69776,1,17.5017113095,2.74709821429
2012-09-10 12:09:25,-69775,1,20.4635416667,2.96183035714
2012-09-10 12:09:26,-69774,1,23.4099702381,2.94642857143
2012-09-10 12:09:27,-69773,1,25.8790178571,2.46904761905
2012-09-10 12:09:28,-69772,1,27.4490327381,1.57001488095
2012-09-10 12:09:29,-69771,1,27.8773809524,0.428348214286
2012-09-10 12:09:30,-69770,1,27.0499255952,-0.827455357143
2012-09-10 12:09:31,-69769,1,24.9631696429,-2.08675595238
2012-09-10 12:09:32,-69768,1,21.8630208333,-3.10014880952
2012-09-10 12:09:33,-69767,1,18.3884672619,-3.47455357143
2012-09-10 12:09:34,-69766,1,15.4711309524,-2.91733630952
2012-09-10 12:09:35,-69765,1,13.9179315476,-1.55319940476
2012-09-10 12:09:36,-69764,1,13.9122767857,-0.0056547619047
2012-09-10 12:09:37,-69763,1,14.8642857143,0.952008928571
2012-09-10 12:09:38,-69762,1,15.8172619048,0.952976190476
2012-09-10 12:09:39,-69761,1,16.0632440476,0.245982142857
2012-09-10 12:09:40,-69760,1,15.4508184524,-0.612425595238
2012-09-10 12:09:41,-69759,1,14.2696428571,-1.18117559524
2012-09-10 12:09:42,-69758,1,12.926264881,-1.34337797619
2012-09-10 12:09:43,-69757,1,11.6738839286,-1.25238095238
2012-09-10 12:09:44,-69756,1,10.5614583333,-1.11242559524
2012-09-10 12:09:45,-69755,1,9.52328869048,-1.03816964286
2012-09-10 12:09:46,-69754,1,8.44724702381,-1.07604166667
2012-09-10 12:09:47,-69753,1,7.24337797619,-1.20386904762
2012-09-10 12:09:48,-69752,1,5.94367559524,-1.29970238095
2012-09-10 12:09:49,-69751,1,4.71696428571,-1.22671130952
2012-09-10 12:09:50,-69750,1,3.75052083333,-0.966443452381
2012-09-10 12:09:51,-69749,1,3.0921875,-0.658333333333
2012-09-10 12:09:52,-69748,1,2.57894345238,-0.513244047619
2012-09-10 12:09:53,-69747,1,1.97046130952,-0.608482142857
2012-09-10 12:09:54,-69746,1,1.24233630952,-0.728125
2012-09-10 12:09:55,-69745,1,0.0,-1.24233630952
2012-09-10 12:33:38,-68322,1423,0.0,0.0
2012-09-10 12:33:39,-68321,1,1.36919642857,1.36919642857
2012-09-10 12:33:40,-68320,1,2.11651785714,0.747321428571
2012-09-10 12:33:41,-68319,1,2.62864583333,0.51212797619
2012-09-10 12:33:42,-68318,1,2.86227678571,0.233630952381
2012-09-10 12:33:43,-68317,1,2.99642857143,0.134151785714
2012-09-10 12:33:44,-68316,1,3.19456845238,0.198139880952
2012-09-10 12:33:45,-68315,1,3.50416666667,0.309598214286
2012-09-10 12:33:46,-68314,1,3.88824404762,0.384077380952
2012-09-10 12:33:47,-68313,1,4.29427083333,0.406026785714
2012-09-10 12:33:48,-68312,1,4.69553571429,0.401264880952
2012-09-10 12:33:49,-68311,1,5.09382440476,0.398288690476
2012-09-10 12:33:50,-68310,1,5.51532738095,0.42150297619
2012-09-10 12:33:51,-68309,1,5.99427083333,0.478943452381
2012-09-10 12:33:52,-68308,1,6.51026785714,0.51599702381
2012-09-10 12:33:53,-68307,1,6.92514880952,0.414880952381
2012-09-10 12:33:54,-68306,1,7.01592261905,0.0907738095238
2012-09-10 12:33:55,-68305,1,6.62395833333,-0.391964285714
2012-09-10 12:33:56,-68304,1,5.82953869048,-0.794419642857
2012-09-10 12:33:57,-68303,1,5.00081845238,-0.828720238095
2012-09-10 12:33:58,-68302,1,4.63422619048,-0.366592261905
2012-09-10 12:33:59,-68301,1,5.10260416667,0.46837797619
2012-09-10 12:34:00,-68300,1,6.50126488095,1.39866071429
2012-09-10 12:34:01,-68299,1,8.61755952381,2.11629464286
2012-09-10 12:34:02,-68298,1,10.9549107143,2.33735119048
2012-09-10 12:34:03,-68297,1,12.829985119,1.87507440476
2012-09-10 12:34:04,-68296,1,13.6005952381,0.770610119048
2012-09-10 12:34:05,-68295,1,12.9996279762,-0.600967261905
2012-09-10 12:34:06,-68294,1,11.3867559524,-1.61287202381
2012-09-10 12:34:07,-68293,1,9.64144345238,-1.7453125
2012-09-10 12:34:08,-68292,1,8.68482142857,-0.95662202381
2012-09-10 12:34:09,-68291,1,9.00319940476,0.31837797619
2012-09-10 12:34:10,-68290,1,10.5215029762,1.51830357143
2012-09-10 12:34:11,-68289,1,12.820014881,2.29851190476
2012-09-10 12:34:12,-68288,1,15.4412202381,2.62120535714
2012-09-10 12:34:13,-68287,1,18.0460565476,2.60483630952
2012-09-10 12:34:14,-68286,1,20.3870535714,2.34099702381
2012-09-10 12:34:15,-68285,1,22.2504464286,1.86339285714
2012-09-10 12:34:16,-68284,1,23.4470982143,1.19665178571
2012-09-10 12:34:17,-68283,1,23.8089285714,0.361830357143
2012-09-10 12:34:18,-68282,1,23.1997767857,-0.609151785714
2012-09-10 12:34:19,-68281,1,21.5382440476,-1.6615327381
2012-09-10 12:34:20,-68280,1,18.8123511905,-2.72589285714
2012-09-10 12:34:21,-68279,1,15.2298363095,-3.58251488095
2012-09-10 12:34:22,-68278,1,11.4793154762,-3.75052083333
2012-09-10 12:34:23,-68277,1,8.6459077381,-2.8334077381
2012-09-10 12:34:38,-68262,15,7.60885416667,-0.0691369047619
2012-09-10 12:34:39,-68261,1,8.43325892857,0.824404761905
2012-09-10 12:34:40,-68260,1,10.3011904762,1.86793154762
2012-09-10 12:34:41,-68259,1,12.1078869048,1.80669642857
2012-09-10 12:34:42,-68258,1,13.3197916667,1.2119047619
2012-09-10 12:34:43,-68257,1,14.2814732143,0.961681547619
2012-09-10 12:34:44,-68256,1,15.6948660714,1.41339285714
2012-09-10 12:34:45,-68255,1,17.9563244048,2.26145833333
2012-09-10 12:34:46,-68254,1,20.964360119,3.00803571429
2012-09-10 12:34:47,-68253,1,24.3269345238,3.36257440476
2012-09-10 12:34:48,-68252,1,27.6662946429,3.33936011905
2012-09-10 12:34:49,-68251,1,30.7952380952,3.12894345238
2012-09-10 12:34:50,-68250,1,33.6800595238,2.88482142857
2012-09-10 12:34:51,-68249,1,36.3089285714,2.62886904762
2012-09-10 12:34:52,-68248,1,38.6264880952,2.31755952381
2012-09-10 12:34:53,-68247,1,40.5586309524,1.93214285714
2012-09-10 12:34:54,-68246,1,42.0636160714,1.50498511905
2012-09-10 12:34:55,-68245,1,43.1641369048,1.10052083333
2012-09-10 12:34:56,-68244,1,43.9447916667,0.780654761905
2012-09-10 12:34:57,-68243,1,44.5151785714,0.570386904762
2012-09-10 12:34:58,-68242,1,44.9675595238,0.452380952381
2012-09-10 12:34:59,-68241,1,45.3600446429,0.392485119048
2012-09-10 12:35:00,-68240,1,45.7178571429,0.3578125
2012-09-10 12:35:01,-68239,1,46.0402529762,0.322395833333
2012-09-10 12:35:02,-68238,1,46.3216517857,0.281398809524
2012-09-10 12:35:03,-68237,1,46.575297619,0.253645833333
2012-09-10 12:35:04,-68236,1,46.8311011905,0.255803571429
2012-09-10 12:35:05,-68235,1,47.1149553571,0.283854166667
2012-09-10 12:35:06,-68234,1,47.4390625,0.324107142857
2012-09-10 12:35:07,-68233,1,47.8061011905,0.367038690476
2012-09-10 12:35:08,-68232,1,48.2116071429,0.405505952381
2012-09-10 12:35:09,-68231,1,48.6425595238,0.430952380952
2012-09-10 12:35:10,-68230,1,49.0767113095,0.434151785714
2012-09-10 12:35:11,-68229,1,49.4817708333,0.405059523809
2012-09-10 12:35:12,-68228,1,49.823139881,0.341369047619
2012-09-10 12:35:13,-68227,1,50.0855654762,0.262425595238
2012-09-10 12:35:14,-68226,1,50.2828869048,0.197321428571
2012-09-10 12:35:15,-68225,1,50.4404017857,0.157514880952
2012-09-10 12:35:16,-68224,1,50.5791666667,0.138764880952
2012-09-10 12:35:17,-68223,1,50.7188988095,0.139732142857
2012-09-10 12:35:18,-68222,1,50.8790178571,0.160119047619
2012-09-10 12:35:19,-68221,1,51.06875,0.189732142857
2012-09-10 12:35:20,-68220,1,51.2761160714,0.207366071429
2012-09-10 12:35:21,-68219,1,51.4676339286,0.191517857143
2012-09-10 12:35:22,-68218,1,51.6105654762,0.142931547619
2012-09-10 12:35:23,-68217,1,51.7030505952,0.0924851190476
2012-09-10 12:35:24,-68216,1,51.7730654762,0.0700148809524
2012-09-10 12:35:25,-68215,1,51.8433779762,0.0703125
2012-09-10 12:35:26,-68214,1,51.9069940476,0.0636160714285
2012-09-10 12:35:27,-68213,1,51.9401041667,0.0331101190477
2012-09-10 12:35:28,-68212,1,51.9325892857,-0.0075148809524
2012-09-10 12:35:29,-68211,1,51.904985119,-0.0276041666667
2012-09-10 12:35:30,-68210,1,51.89375,-0.0112351190476
2012-09-10 12:35:31,-68209,1,51.912202381,0.0184523809524
2012-09-10 12:35:32,-68208,1,51.9337053571,0.0215029761905
2012-09-10 12:35:33,-68207,1,51.925297619,-0.0084077380953
2012-09-10 12:35:34,-68206,1,51.886235119,-0.0390625
2012-09-10 12:35:35,-68205,1,51.8436755952,-0.0425595238095
2012-09-10 12:35:36,-68204,1,51.8171875,-0.0264880952381
2012-09-10 12:35:37,-68203,1,51.7894345238,-0.0277529761905
2012-09-10 12:35:38,-68202,1,51.7189732143,-0.0704613095238
2012-09-10 12:35:39,-68201,1,51.5886160714,-0.130357142857
2012-09-10 12:35:40,-68200,1,51.4239583333,-0.164657738095
2012-09-10 12:35:41,-68199,1,51.2570684524,-0.166889880952
2012-09-10 12:35:42,-68198,1,51.0897321429,-0.167336309524
2012-09-10 12:35:43,-68197,1,50.8939732143,-0.195758928571
2012-09-10 12:35:44,-68196,1,50.6363839286,-0.257589285714
2012-09-10 12:35:45,-68195,1,50.3063244048,-0.330059523809
2012-09-10 12:35:46,-68194,1,49.9297619048,-0.3765625
2012-09-10 12:35:47,-68193,1,49.5517857143,-0.377976190476
2012-09-10 12:35:48,-68192,1,49.2009672619,-0.350818452381
2012-09-10 12:35:49,-68191,1,48.8753720238,-0.325595238095
2012-09-10 12:35:50,-68190,1,48.559672619,-0.315699404762
2012-09-10 12:35:51,-68189,1,48.2355654762,-0.324107142857
2012-09-10 12:35:52,-68188,1,47.8648065476,-0.370758928572
2012-09-10 12:35:53,-68187,1,47.3763392857,-0.488467261905
2012-09-10 12:35:54,-68186,1,46.6888392857,-0.6875
2012-09-10 12:35:55,-68185,1,45.7535714286,-0.935267857143
2012-09-10 12:35:56,-68184,1,44.570610119,-1.18296130952
2012-09-10 12:35:57,-68183,1,43.1483630952,-1.42224702381
2012-09-10 12:35:58,-68182,1,41.4401041667,-1.70825892857
2012-09-10 12:35:59,-68181,1,39.329389881,-2.11071428571
2012-09-10 12:36:00,-68180,1,36.6852678571,-2.64412202381
2012-09-10 12:36:01,-68179,1,33.4376488095,-3.24761904762
2012-09-10 12:36:02,-68178,1,29.6265625,-3.81108630952
2012-09-10 12:36:03,-68177,1,25.4192708333,-4.20729166667
2012-09-10 12:36:04,-68176,1,21.0814732143,-4.33779761905
2012-09-10 12:36:05,-68175,1,16.8770833333,-4.20438988095
2012-09-10 12:36:06,-68174,1,12.9475446429,-3.92953869048
2012-09-10 12:36:07,-68173,1,9.29739583333,-3.65014880952
2012-09-10 12:36:08,-68172,1,5.95200892857,-3.34538690476
2012-09-10 12:36:09,-68171,1,3.21287202381,-2.73913690476
2012-09-10 12:36:10,-68170,1,0.0,-3.21287202381
2012-09-10 12:36:31,-68149,21,0.0,0.0
2012-09-10 12:36:32,-68148,1,4.92686011905,4.92686011905
2012-09-10 12:36:33,-68147,1,8.88244047619,3.95558035714
2012-09-10 12:36:34,-68146,1,13.2468005952,4.36436011905
2012-09-10 12:36:35,-68145,1,17.446875,4.20007440476
2012-09-10 12:36:36,-68144,1,21.3138392857,3.86696428571
2012-09-10 12:36:37,-68143,1,24.8371279762,3.52328869048
2012-09-10 12:36:38,-68142,1,27.9796875,3.14255952381
2012-09-10 12:36:39,-68141,1,30.6775297619,2.6978422619
2012-09-10 12:36:40,-68140,1,32.9293154762,2.25178571429
2012-09-10 12:36:41,-68139,1,34.8212797619,1.89196428571
2012-09-10 12:36:42,-68138,1,36.4620535714,1.64077380952
2012-09-10 12:36:43,-68137,1,37.9162202381,1.45416666667
2012-09-10 12:36:44,-68136,1,39.199702381,1.28348214286
2012-09-10 12:36:45,-68135,1,40.3110863095,1.11138392857
2012-09-10 12:36:46,-68134,1,41.2533482143,0.942261904762
2012-09-10 12:36:47,-68133,1,42.0432291667,0.789880952381
2012-09-10 12:36:48,-68132,1,42.7159970238,0.672767857143
2012-09-10 12:36:49,-68131,1,43.3232886905,0.607291666667
2012-09-10 12:36:50,-68130,1,43.9261160714,0.602827380952
2012-09-10 12:36:51,-68129,1,44.5750744048,0.648958333333
2012-09-10 12:36:52,-68128,1,45.2758184524,0.700744047619
2012-09-10 12:36:53,-68127,1,45.9800595238,0.704241071429
2012-09-10 12:36:54,-68126,1,46.6219494048,0.641889880952
2012-09-10 12:36:55,-68125,1,47.1539434524,0.531994047619
2012-09-10 12:36:56,-68124,1,47.5541666667,0.400223214286
2012-09-10 12:36:57,-68123,1,47.8209077381,0.266741071428
2012-09-10 12:36:58,-68122,1,47.9587797619,0.13787202381
2012-09-10 12:36:59,-68121,1,47.9697916667,0.0110119047619
2012-09-10 12:37:00,-68120,1,47.8692708333,-0.100520833333
2012-09-10 12:37:01,-68119,1,47.6993303571,-0.16994047619
2012-09-10 12:37:02,-68118,1,47.5084077381,-0.190922619048
2012-09-10 12:37:03,-68117,1,47.3072172619,-0.20119047619
2012-09-10 12:37:04,-68116,1,47.0239583333,-0.283258928572
2012-09-10 12:37:05,-68115,1,46.5045386905,-0.519419642857
2012-09-10 12:37:06,-68114,1,45.5973214286,-0.907217261905
2012-09-10 12:37:07,-68113,1,44.2683779762,-1.32894345238
2012-09-10 12:37:08,-68112,1,42.6564732143,-1.6119047619
2012-09-10 12:37:09,-68111,1,41.0413690476,-1.61510416667
2012-09-10 12:37:10,-68110,1,39.7345982143,-1.30677083333
2012-09-10 12:37:11,-68109,1,38.9337797619,-0.800818452381
2012-09-10 12:37:12,-68108,1,38.6406994048,-0.293080357143
2012-09-10 12:37:13,-68107,1,38.7003720238,0.0596726190476
2012-09-10 12:37:14,-68106,1,38.9051339286,0.204761904762
2012-09-10 12:37:15,-68105,1,39.080952381,0.175818452381
2012-09-10 12:37:16,-68104,1,39.1,0.0190476190476
2012-09-10 12:37:17,-68103,1,38.8222470238,-0.27775297619
2012-09-10 12:37:18,-68102,1,38.0816220238,-0.740625
2012-09-10 12:37:19,-68101,1,36.7880952381,-1.29352678571
2012-09-10 12:37:20,-68100,1,35.0078869048,-1.78020833333
2012-09-10 12:37:21,-68099,1,32.8876488095,-2.12023809524
2012-09-10 12:37:22,-68098,1,30.5023065476,-2.3853422619
2012-09-10 12:37:23,-68097,1,27.7874255952,-2.71488095238
2012-09-10 12:37:24,-68096,1,24.6213541667,-3.16607142857
2012-09-10 12:37:25,-68095,1,20.9756696429,-3.64568452381
2012-09-10 12:37:26,-68094,1,16.9844494048,-3.9912202381
2012-09-10 12:37:27,-68093,1,12.8868303571,-4.09761904762
2012-09-10 12:37:28,-68092,1,8.94293154762,-3.94389880952
2012-09-10 12:37:29,-68091,1,5.43630952381,-3.50662202381
2012-09-10 12:37:30,-68090,1,2.76004464286,-2.67626488095
2012-09-10 12:37:31,-68089,1,0.0,-2.76004464286
2012-09-10 12:38:30,-68030,59,0.0,0.0
2012-09-10 12:38:31,-68029,1,4.12879464286,4.12879464286
2012-09-10 12:38:32,-68028,1,7.37961309524,3.25081845238
2012-09-10 12:38:33,-68027,1,10.778422619,3.39880952381
2012-09-10 12:38:34,-68026,1,13.7161458333,2.93772321429
2012-09-10 12:38:35,-68025,1,16.0523809524,2.33623511905
2012-09-10 12:38:36,-68024,1,18.0160714286,1.96369047619
2012-09-10 12:38:37,-68023,1,19.9645089286,1.9484375
2012-09-10 12:38:38,-68022,1,22.1501488095,2.18563988095
2012-09-10 12:38:39,-68021,1,24.6290922619,2.47894345238
2012-09-10 12:38:40,-68020,1,27.3171130952,2.68802083333
2012-09-10 12:38:41,-68019,1,30.104985119,2.78787202381
2012-09-10 12:38:42,-68018,1,32.9192708333,2.81428571429
2012-09-10 12:38:43,-68017,1,35.6767113095,2.75744047619
2012-09-10 12:38:44,-68016,1,38.218452381,2.54174107143
2012-09-10 12:38:45,-68015,1,40.3327380952,2.11428571429
2012-09-10 12:38:46,-68014,1,41.8537202381,1.52098214286
2012-09-10 12:38:47,-68013,1,42.7491815476,0.895461309524
2012-09-10 12:38:48,-68012,1,43.1304315476,0.38125
2012-09-10 12:38:49,-68011,1,43.173735119,0.0433035714286
2012-09-10 12:38:50,-68010,1,43.0098214286,-0.163913690476
2012-09-10 12:38:51,-68009,1,42.6575892857,-0.352232142857
2012-09-10 12:38:52,-68008,1,42.028422619,-0.629166666667
2012-09-10 12:38:53,-68007,1,40.9795386905,-1.04888392857
2012-09-10 12:38:54,-68006,1,39.381547619,-1.59799107143
2012-09-10 12:38:55,-68005,1,37.1753720238,-2.20617559524
2012-09-10 12:38:56,-68004,1,34.4056547619,-2.7697172619
2012-09-10 12:38:57,-68003,1,31.20625,-3.1994047619
2012-09-10 12:38:58,-68002,1,27.731547619,-3.47470238095
2012-09-10 12:38:59,-68001,1,24.0941964286,-3.63735119048
2012-09-10 12:39:00,-68000,1,20.3691964286,-3.725
2012-09-10 12:39:01,-67999,1,16.6379464286,-3.73125
2012-09-10 12:39:02,-67998,1,13.0290178571,-3.60892857143
2012-09-10 12:39:03,-67997,1,9.78608630952,-3.24293154762
2012-09-10 12:39:04,-67996,1,7.33132440476,-2.45476190476
2012-09-10 12:39:05,-67995,1,6.15691964286,-1.1744047619
2012-09-10 12:39:06,-67994,1,6.54918154762,0.392261904762
2012-09-10 12:39:07,-67993,1,8.4015625,1.85238095238
2012-09-10 12:39:08,-67992,1,11.2652529762,2.86369047619
2012-09-10 12:39:09,-67991,1,14.5907738095,3.32552083333
2012-09-10 12:39:10,-67990,1,18.004985119,3.41421130952
2012-09-10 12:39:11,-67989,1,21.3818452381,3.37686011905
2012-09-10 12:39:12,-67988,1,24.6771577381,3.2953125
2012-09-10 12:39:13,-67987,1,27.7912946429,3.11413690476
2012-09-10 12:39:14,-67986,1,30.5959821429,2.8046875
2012-09-10 12:39:15,-67985,1,33.0145089286,2.41852678571
2012-09-10 12:39:16,-67984,1,35.060639881,2.04613095238
2012-09-10 12:39:17,-67983,1,36.8282738095,1.76763392857
2012-09-10 12:39:18,-67982,1,38.4395089286,1.61123511905
2012-09-10 12:39:19,-67981,1,39.974702381,1.53519345238
2012-09-10 12:39:20,-67980,1,41.4279761905,1.45327380952
2012-09-10 12:39:21,-67979,1,42.7212053571,1.29322916667
2012-09-10 12:39:22,-67978,1,43.7729166667,1.05171130952
2012-09-10 12:39:23,-67977,1,44.5734375,0.800520833333
2012-09-10 12:39:24,-67976,1,45.2063988095,0.632961309524
2012-09-10 12:39:25,-67975,1,45.8025297619,0.596130952381
2012-09-10 12:39:26,-67974,1,46.4618303571,0.659300595238
2012-09-10 12:39:27,-67973,1,47.203422619,0.741592261905
2012-09-10 12:39:28,-67972,1,47.9795386905,0.776116071429
2012-09-10 12:39:29,-67971,1,48.7223214286,0.742782738095
2012-09-10 12:39:30,-67970,1,49.4183035714,0.695982142857
2012-09-10 12:39:31,-67969,1,50.1776785714,0.759375
2012-09-10 12:39:32,-67968,1,51.1102678571,0.932589285714
2012-09-10 12:39:33,-67967,1,52.0994047619,0.989136904762
2012-09-10 12:39:34,-67966,1,52.8520833333,0.752678571428
2012-09-10 12:39:35,-67965,1,53.1505208333,0.2984375
2012-09-10 12:39:36,-67964,1,53.009375,-0.141145833333
2012-09-10 12:39:37,-67963,1,52.6880952381,-0.321279761905
2012-09-10 12:39:38,-67962,1,52.4869791667,-0.201116071429
2012-09-10 12:39:39,-67961,1,52.487797619,0.000818452380898
2012-09-10 12:39:40,-67960,1,52.5961309524,0.108333333333
2012-09-10 12:39:41,-67959,1,52.7373511905,0.141220238095
2012-09-10 12:39:42,-67958,1,52.890625,0.153273809524
2012-09-10 12:39:43,-67957,1,53.0232142857,0.132589285714
2012-09-10 12:39:44,-67956,1,53.0547619048,0.0315476190476
2012-09-10 12:39:45,-67955,1,52.8803571429,-0.174404761905
2012-09-10 12:39:46,-67954,1,52.4510416667,-0.429315476191
2012-09-10 12:39:47,-67953,1,51.8372767857,-0.613764880952
2012-09-10 12:39:48,-67952,1,51.2014880952,-0.635788690476
2012-09-10 12:39:49,-67951,1,50.7022321429,-0.499255952381
2012-09-10 12:39:50,-67950,1,50.4085565476,-0.293675595238
2012-09-10 12:39:51,-67949,1,50.2811011905,-0.127455357143
2012-09-10 12:39:52,-67948,1,50.215327381,-0.0657738095238
2012-09-10 12:39:53,-67947,1,50.0986607143,-0.116666666667
2012-09-10 12:39:54,-67946,1,49.8388392857,-0.259821428571
2012-09-10 12:39:55,-67945,1,49.3517857143,-0.487053571429
2012-09-10 12:39:56,-67944,1,48.5238839286,-0.827901785714
2012-09-10 12:39:57,-67943,1,47.1823660714,-1.34151785714
2012-09-10 12:39:58,-67942,1,45.1201636905,-2.06220238095
2012-09-10 12:39:59,-67941,1,42.1886904762,-2.93147321429
2012-09-10 12:40:00,-67940,1,38.3860119048,-3.80267857143
2012-09-10 12:40:01,-67939,1,33.8584077381,-4.52760416667
2012-09-10 12:40:02,-67938,1,28.8341517857,-5.02425595238
2012-09-10 12:40:03,-67937,1,23.562202381,-5.27194940476
2012-09-10 12:40:04,-67936,1,18.3145833333,-5.24761904762
2012-09-10 12:40:05,-67935,1,13.4476190476,-4.86696428571
2012-09-10 12:40:06,-67934,1,9.38452380952,-4.0630952381
2012-09-10 12:40:07,-67933,1,6.42819940476,-2.95632440476
2012-09-10 12:40:08,-67932,1,4.57351190476,-1.8546875
2012-09-10 12:40:09,-67931,1,3.56711309524,-1.00639880952
2012-09-10 12:40:10,-67930,1,3.22931547619,-0.337797619048
2012-09-10 12:40:11,-67929,1,3.71242559524,0.483110119048
2012-09-10 12:40:12,-67928,1,5.36175595238,1.64933035714
2012-09-10 12:40:13,-67927,1,8.33273809524,2.97098214286
2012-09-10 12:40:14,-67926,1,12.3908482143,4.05811011905
2012-09-10 12:40:15,-67925,1,17.0448660714,4.65401785714
2012-09-10 12:40:16,-67924,1,21.840625,4.79575892857
2012-09-10 12:40:17,-67923,1,26.513764881,4.67313988095
2012-09-10 12:40:18,-67922,1,30.8783482143,4.36458333333
2012-09-10 12:40:19,-67921,1,34.6835565476,3.80520833333
2012-09-10 12:40:20,-67920,1,37.653125,2.96956845238
2012-09-10 12:40:21,-67919,1,39.6286458333,1.97552083333
2012-09-10 12:40:22,-67918,1,40.6663690476,1.03772321429
2012-09-10 12:40:23,-67917,1,41.0385416667,0.372172619048
2012-09-10 12:40:24,-67916,1,41.14375,0.105208333333
2012-09-10 12:40:25,-67915,1,41.3564732143,0.212723214286
2012-09-10 12:40:26,-67914,1,41.9008184524,0.544345238095
2012-09-10 12:40:27,-67913,1,42.8294642857,0.928645833333
2012-09-10 12:40:28,-67912,1,44.0836309524,1.25416666667
2012-09-10 12:40:29,-67911,1,45.553422619,1.46979166667
2012-09-10 12:40:30,-67910,1,47.1081845238,1.55476190476
2012-09-10 12:40:31,-67909,1,48.6135416667,1.50535714286
2012-09-10 12:40:32,-67908,1,49.9490327381,1.33549107143
2012-09-10 12:40:33,-67907,1,51.0241815476,1.07514880952
2012-09-10 12:40:34,-67906,1,51.7877232143,0.763541666667
2012-09-10 12:40:35,-67905,1,52.2292410714,0.441517857143
2012-09-10 12:40:36,-67904,1,52.3735119048,0.144270833333
2012-09-10 12:40:37,-67903,1,52.2677083333,-0.105803571429
2012-09-10 12:40:38,-67902,1,51.960639881,-0.307068452381
2012-09-10 12:40:39,-67901,1,51.479985119,-0.480654761905
2012-09-10 12:40:40,-67900,1,50.8307291667,-0.649255952381
2012-09-10 12:40:41,-67899,1,50.0308779762,-0.799851190476
2012-09-10 12:40:42,-67898,1,49.1595238095,-0.871354166667
2012-09-10 12:40:43,-67897,1,48.3621279762,-0.797395833333
2012-09-10 12:40:44,-67896,1,47.7814732143,-0.580654761905
2012-09-10 12:40:45,-67895,1,47.4603422619,-0.321130952381
2012-09-10 12:40:46,-67894,1,47.3071428571,-0.153199404762
2012-09-10 12:40:47,-67893,1,47.1552827381,-0.151860119048
2012-09-10 12:40:48,-67892,1,46.8630952381,-0.2921875
2012-09-10 12:40:49,-67891,1,46.384375,-0.478720238095
2012-09-10 12:40:50,-67890,1,45.7728422619,-0.611532738095
2012-09-10 12:40:51,-67889,1,45.1389136905,-0.633928571429
2012-09-10 12:40:52,-67888,1,44.6054315476,-0.533482142857
2012-09-10 12:40:53,-67887,1,44.275,-0.330431547619
2012-09-10 12:40:54,-67886,1,44.1997767857,-0.0752232142857
2012-09-10 12:40:55,-67885,1,44.3686011905,0.168824404762
2012-09-10 12:40:56,-67884,1,44.7232886905,0.3546875
2012-09-10 12:40:57,-67883,1,45.1889136905,0.465625
2012-09-10 12:40:58,-67882,1,45.703125,0.514211309524
2012-09-10 12:40:59,-67881,1,46.2345982143,0.531473214286
2012-09-10 12:41:00,-67880,1,46.7797619048,0.545163690476
2012-09-10 12:41:01,-67879,1,47.3425595238,0.562797619048
2012-09-10 12:41:02,-67878,1,47.9160714286,0.573511904762
2012-09-10 12:41:03,-67877,1,48.4772321429,0.561160714286
2012-09-10 12:41:04,-67876,1,48.990922619,0.513690476191
2012-09-10 12:41:05,-67875,1,49.4141369048,0.423214285714
2012-09-10 12:41:06,-67874,1,49.6982886905,0.284151785714
2012-09-10 12:41:07,-67873,1,49.7921875,0.0938988095238
2012-09-10 12:41:08,-67872,1,49.6415922619,-0.150595238095
2012-09-10 12:41:09,-67871,1,49.1851190476,-0.456473214286
2012-09-10 12:41:10,-67870,1,48.3535714286,-0.831547619048
2012-09-10 12:41:11,-67869,1,47.0700892857,-1.28348214286
2012-09-10 12:41:12,-67868,1,45.2532738095,-1.81681547619
2012-09-10 12:41:13,-67867,1,42.8394345238,-2.41383928571
2012-09-10 12:41:14,-67866,1,39.8151041667,-3.02433035714
2012-09-10 12:41:15,-67865,1,36.2336309524,-3.58147321429
2012-09-10 12:41:16,-67864,1,32.2213541667,-4.01227678571
2012-09-10 12:41:17,-67863,1,27.9811755952,-4.24017857143
2012-09-10 12:41:18,-67862,1,23.7796130952,-4.2015625
2012-09-10 12:41:19,-67861,1,19.9364583333,-3.8431547619
2012-09-10 12:41:20,-67860,1,16.8306547619,-3.10580357143
2012-09-10 12:41:21,-67859,1,14.8540922619,-1.9765625
2012-09-10 12:41:22,-67858,1,14.2713541667,-0.582738095238
2012-09-10 12:41:23,-67857,1,15.0735863095,0.802232142857
2012-09-10 12:41:24,-67856,1,16.949702381,1.87611607143
2012-09-10 12:41:25,-67855,1,19.4199404762,2.47023809524
2012-09-10 12:41:26,-67854,1,22.0558779762,2.6359375
2012-09-10 12:41:27,-67853,1,24.6214285714,2.56555059524
2012-09-10 12:41:28,-67852,1,27.0454613095,2.4240327381
2012-09-10 12:41:29,-67851,1,29.3171130952,2.27165178571
2012-09-10 12:41:30,-67850,1,31.4313988095,2.11428571429
2012-09-10 12:41:31,-67849,1,33.3948660714,1.9634672619
2012-09-10 12:41:32,-67848,1,35.2359375,1.84107142857
2012-09-10 12:41:33,-67847,1,36.9969494048,1.76101190476
2012-09-10 12:41:34,-67846,1,38.7176339286,1.72068452381
2012-09-10 12:41:35,-67845,1,40.423735119,1.70610119048
2012-09-10 12:41:36,-67844,1,42.1195684524,1.69583333333
2012-09-10 12:41:37,-67843,1,43.7729910714,1.65342261905
2012-09-10 12:41:38,-67842,1,45.3022321429,1.52924107143
2012-09-10 12:41:39,-67841,1,46.5859375,1.28370535714
2012-09-10 12:41:40,-67840,1,47.4958333333,0.909895833333
2012-09-10 12:41:41,-67839,1,47.9438244048,0.447991071429
2012-09-10 12:41:42,-67838,1,47.9368303571,-0.006994047619
2012-09-10 12:41:43,-67837,1,47.6020089286,-0.334821428572
2012-09-10 12:41:44,-67836,1,47.1394345238,-0.462574404762
2012-09-10 12:41:45,-67835,1,46.7238839286,-0.415550595238
2012-09-10 12:41:46,-67834,1,46.4280505952,-0.295833333333
2012-09-10 12:41:47,-67833,1,46.2209821429,-0.207068452381
2012-09-10 12:41:48,-67832,1,46.0369791667,-0.18400297619
2012-09-10 12:41:49,-67831,1,45.8477678571,-0.189211309524
2012-09-10 12:41:50,-67830,1,45.6723214286,-0.175446428571
2012-09-10 12:41:51,-67829,1,45.534672619,-0.137648809524
2012-09-10 12:41:52,-67828,1,45.4283482143,-0.106324404762
2012-09-10 12:41:53,-67827,1,45.3212053571,-0.107142857143
2012-09-10 12:41:54,-67826,1,45.195014881,-0.126190476191
2012-09-10 12:41:55,-67825,1,45.0980654762,-0.0969494047619
2012-09-10 12:41:56,-67824,1,45.165625,0.0675595238095
2012-09-10 12:41:57,-67823,1,45.5578125,0.3921875
2012-09-10 12:41:58,-67822,1,46.3475446429,0.789732142857
2012-09-10 12:41:59,-67821,1,47.4584821429,1.1109375
2012-09-10 12:42:00,-67820,1,48.6941220238,1.23563988095
2012-09-10 12:42:01,-67819,1,49.8215029762,1.12738095238
2012-09-10 12:42:02,-67818,1,50.6511160714,0.829613095238
2012-09-10 12:42:03,-67817,1,51.0707589286,0.419642857143
2012-09-10 12:42:04,-67816,1,51.048139881,-0.022619047619
2012-09-10 12:42:05,-67815,1,50.6394345238,-0.408705357143
2012-09-10 12:42:06,-67814,1,49.9811755952,-0.658258928571
2012-09-10 12:42:07,-67813,1,49.222172619,-0.759002976191
2012-09-10 12:42:08,-67812,1,48.4334077381,-0.788764880952
2012-09-10 12:42:09,-67811,1,47.5806547619,-0.85275297619
2012-09-10 12:42:10,-67810,1,46.5824404762,-0.998214285714
2012-09-10 12:42:11,-67809,1,45.4077380952,-1.17470238095
2012-09-10 12:42:12,-67808,1,44.1383928571,-1.2693452381
2012-09-10 12:42:13,-67807,1,42.9345238095,-1.20386904762
2012-09-10 12:42:14,-67806,1,41.9395089286,-0.995014880952
2012-09-10 12:42:15,-67805,1,41.2260416667,-0.713467261905
2012-09-10 12:42:16,-67804,1,40.8076636905,-0.418377976191
2012-09-10 12:42:17,-67803,1,40.6700892857,-0.137574404762
2012-09-10 12:42:18,-67802,1,40.790922619,0.120833333333
2012-09-10 12:42:19,-67801,1,41.1330357143,0.342113095238
2012-09-10 12:42:20,-67800,1,41.6308035714,0.497767857143
2012-09-10 12:42:21,-67799,1,42.2103422619,0.579538690476
2012-09-10 12:42:22,-67798,1,42.823139881,0.612797619048
2012-09-10 12:42:23,-67797,1,43.4453869048,0.622247023809
2012-09-10 12:42:24,-67796,1,44.059077381,0.613690476191
2012-09-10 12:42:25,-67795,1,44.6517113095,0.592633928571
2012-09-10 12:42:26,-67794,1,45.2294642857,0.577752976191
2012-09-10 12:42:27,-67793,1,45.8180803571,0.588616071429
2012-09-10 12:42:28,-67792,1,46.4436011905,0.625520833333
2012-09-10 12:42:29,-67791,1,47.1104166667,0.666815476191
2012-09-10 12:42:30,-67790,1,47.7963541667,0.6859375
2012-09-10 12:42:31,-67789,1,48.4665178571,0.670163690476
2012-09-10 12:42:32,-67788,1,49.084375,0.617857142857
2012-09-10 12:42:33,-67787,1,49.5969494048,0.512574404762
2012-09-10 12:42:34,-67786,1,49.9240327381,0.327083333333
2012-09-10 12:42:35,-67785,1,50.0104910714,0.0864583333334
2012-09-10 12:42:36,-67784,1,49.9078125,-0.102678571429
2012-09-10 12:42:37,-67783,1,49.7654761905,-0.142336309524
2012-09-10 12:42:38,-67782,1,49.7030505952,-0.0624255952381
2012-09-10 12:42:39,-67781,1,49.6918154762,-0.0112351190476
2012-09-10 12:42:40,-67780,1,49.5917410714,-0.100074404762
2012-09-10 12:42:41,-67779,1,49.3287202381,-0.263020833333
2012-09-10 12:42:42,-67778,1,49.0251488095,-0.303571428571
2012-09-10 12:42:43,-67777,1,48.9340029762,-0.0911458333333
2012-09-10 12:42:44,-67776,1,49.2422619048,0.308258928571
2012-09-10 12:42:45,-67775,1,49.9419642857,0.699702380952
2012-09-10 12:42:46,-67774,1,50.8717261905,0.929761904762
2012-09-10 12:42:47,-67773,1,51.8322916667,0.96056547619
2012-09-10 12:42:48,-67772,1,52.6383928571,0.806101190476
2012-09-10 12:42:49,-67771,1,53.1272321429,0.488839285714
2012-09-10 12:42:50,-67770,1,53.2173363095,0.0901041666667
2012-09-10 12:42:51,-67769,1,52.985639881,-0.231696428571
2012-09-10 12:42:52,-67768,1,52.6527529762,-0.332886904762
2012-09-10 12:42:53,-67767,1,52.4609375,-0.19181547619
2012-09-10 12:42:54,-67766,1,52.5361607143,0.0752232142857
2012-09-10 12:42:55,-67765,1,52.8391369048,0.302976190476
2012-09-10 12:42:56,-67764,1,53.2357142857,0.396577380952
2012-09-10 12:42:57,-67763,1,53.6017113095,0.365997023809
2012-09-10 12:42:58,-67762,1,53.8652529762,0.263541666667
2012-09-10 12:42:59,-67761,1,53.9935267857,0.128273809524
2012-09-10 12:43:00,-67760,1,53.9770833333,-0.016443452381
2012-09-10 12:43:01,-67759,1,53.828422619,-0.148660714286
2012-09-10 12:43:02,-67758,1,53.5869047619,-0.241517857143
2012-09-10 12:43:03,-67757,1,53.317485119,-0.269419642857
2012-09-10 12:43:04,-67756,1,53.0916666667,-0.225818452381
2012-09-10 12:43:05,-67755,1,52.9557291667,-0.1359375
2012-09-10 12:43:06,-67754,1,52.9172619048,-0.0384672619048
2012-09-10 12:43:07,-67753,1,52.9688988095,0.0516369047619
2012-09-10 12:43:08,-67752,1,53.112797619,0.143898809524
2012-09-10 12:43:09,-67751,1,53.3464285714,0.233630952381
2012-09-10 12:43:10,-67750,1,53.6311011905,0.284672619048
2012-09-10 12:43:11,-67749,1,53.8860863095,0.254985119048
2012-09-10 12:43:12,-67748,1,54.0226190476,0.136532738095
2012-09-10 12:43:13,-67747,1,53.9972470238,-0.0253720238095
2012-09-10 12:43:14,-67746,1,53.8378720238,-0.159375
2012-09-10 12:43:15,-67745,1,53.6194940476,-0.21837797619
2012-09-10 12:43:16,-67744,1,53.4218005952,-0.197693452381
2012-09-10 12:43:17,-67743,1,53.3022321429,-0.119568452381
2012-09-10 12:43:18,-67742,1,53.2827380952,-0.019494047619
2012-09-10 12:43:19,-67741,1,53.3473958333,0.0646577380952
2012-09-10 12:43:20,-67740,1,53.4583333333,0.1109375
2012-09-10 12:43:21,-67739,1,53.5811011905,0.122767857143
2012-09-10 12:43:22,-67738,1,53.6994791667,0.118377976191
2012-09-10 12:43:23,-67737,1,53.8136160714,0.114136904762
2012-09-10 12:43:24,-67736,1,53.9295386905,0.115922619048
2012-09-10 12:43:25,-67735,1,54.0466517857,0.117113095238
2012-09-10 12:43:26,-67734,1,54.147172619,0.100520833333
2012-09-10 12:43:27,-67733,1,54.1959077381,0.0487351190476
2012-09-10 12:43:28,-67732,1,54.1532738095,-0.0426339285714
2012-09-10 12:43:29,-67731,1,53.9959077381,-0.157366071429
2012-09-10 12:43:30,-67730,1,53.7370535714,-0.258854166667
2012-09-10 12:43:31,-67729,1,53.4247767857,-0.312276785714
2012-09-10 12:43:32,-67728,1,53.1090029762,-0.315773809524
2012-09-10 12:43:33,-67727,1,52.8183779762,-0.290625
2012-09-10 12:43:34,-67726,1,52.5760416667,-0.242336309524
2012-09-10 12:43:35,-67725,1,52.4243303571,-0.151711309524
2012-09-10 12:43:36,-67724,1,52.4239583333,-0.000372023809497
2012-09-10 12:43:37,-67723,1,52.6186755952,0.194717261905
2012-09-10 12:43:38,-67722,1,52.9837797619,0.365104166667
2012-09-10 12:43:39,-67721,1,53.4107886905,0.427008928571
2012-09-10 12:43:40,-67720,1,53.7573660714,0.346577380952
2012-09-10 12:43:41,-67719,1,53.9238839286,0.166517857143
2012-09-10 12:43:42,-67718,1,53.9007440476,-0.0231398809524
2012-09-10 12:43:43,-67717,1,53.7613839286,-0.139360119048
2012-09-10 12:43:44,-67716,1,53.608110119,-0.153273809524
2012-09-10 12:43:45,-67715,1,53.5089285714,-0.099181547619
2012-09-10 12:43:46,-67714,1,53.4733630952,-0.0355654761905
2012-09-10 12:43:47,-67713,1,53.4789434524,0.0055803571428
2012-09-10 12:43:48,-67712,1,53.5128720238,0.0339285714286
2012-09-10 12:43:49,-67711,1,53.5857886905,0.0729166666667
2012-09-10 12:43:50,-67710,1,53.7084821429,0.122693452381
2012-09-10 12:43:51,-67709,1,53.8619047619,0.153422619048
2012-09-10 12:43:52,-67708,1,53.9976190476,0.135714285714
2012-09-10 12:43:53,-67707,1,54.0735863095,0.0759672619048
2012-09-10 12:43:54,-67706,1,54.0898065476,0.0162202380952
2012-09-10 12:43:55,-67705,1,54.0843005952,-0.0055059523809
2012-09-10 12:43:56,-67704,1,54.0950892857,0.0107886904762
2012-09-10 12:43:57,-67703,1,54.1294642857,0.034375
2012-09-10 12:43:58,-67702,1,54.165327381,0.0358630952381
2012-09-10 12:43:59,-67701,1,54.1780505952,0.0127232142857
2012-09-10 12:44:00,-67700,1,54.1659970238,-0.0120535714286
2012-09-10 12:44:01,-67699,1,54.1494047619,-0.0165922619047
2012-09-10 12:44:02,-67698,1,54.1513392857,0.0019345238095
2012-09-10 12:44:03,-67697,1,54.1875744048,0.0362351190476
2012-09-10 12:44:04,-67696,1,54.271875,0.0843005952381
2012-09-10 12:44:05,-67695,1,54.4241815476,0.152306547619
2012-09-10 12:44:06,-67694,1,54.6642113095,0.240029761905
2012-09-10 12:44:07,-67693,1,54.9866071429,0.322395833333
2012-09-10 12:44:08,-67692,1,55.3401785714,0.353571428571
2012-09-10 12:44:09,-67691,1,55.6358630952,0.295684523809
2012-09-10 12:44:10,-67690,1,55.7833333333,0.147470238095
2012-09-10 12:44:11,-67689,1,55.728125,-0.0552083333333
2012-09-10 12:44:12,-67688,1,55.4604166667,-0.267708333333
2012-09-10 12:44:13,-67687,1,55.0077380952,-0.452678571429
2012-09-10 12:44:14,-67686,1,54.4389136905,-0.568824404762
2012-09-10 12:44:15,-67685,1,53.864360119,-0.574553571429
2012-09-10 12:44:16,-67684,1,53.4029761905,-0.461383928571
2012-09-10 12:44:17,-67683,1,53.124702381,-0.278273809524
2012-09-10 12:44:18,-67682,1,53.0116815476,-0.113020833333
2012-09-10 12:44:19,-67681,1,52.9787946429,-0.0328869047619
2012-09-10 12:44:20,-67680,1,52.9450892857,-0.0337053571428
2012-09-10 12:44:21,-67679,1,52.8879464286,-0.0571428571429
2012-09-10 12:44:22,-67678,1,52.8341517857,-0.0537946428571
2012-09-10 12:44:23,-67677,1,52.8251488095,-0.00900297619049
2012-09-10 12:44:24,-67676,1,52.9033482143,0.0781994047619
2012-09-10 12:44:25,-67675,1,53.1050595238,0.201711309524
2012-09-10 12:44:26,-67674,1,53.4324404762,0.327380952381
2012-09-10 12:44:27,-67673,1,53.8211309524,0.38869047619
2012-09-10 12:44:28,-67672,1,54.1517857143,0.330654761905
2012-09-10 12:44:29,-67671,1,54.3235863095,0.171800595238
2012-09-10 12:44:30,-67670,1,54.329389881,0.0058035714286
2012-09-10 12:44:31,-67669,1,54.2544642857,-0.0749255952381
2012-09-10 12:44:32,-67668,1,54.2017857143,-0.0526785714286
2012-09-10 12:44:33,-67667,1,54.2174107143,0.015625
2012-09-10 12:44:34,-67666,1,54.2787202381,0.0613095238095
2012-09-10 12:44:35,-67665,1,54.3404017857,0.0616815476191
2012-09-10 12:44:36,-67664,1,54.3807291667,0.0403273809524
2012-09-10 12:44:37,-67663,1,54.4123511905,0.0316220238095
2012-09-10 12:44:38,-67662,1,54.4680059524,0.0556547619047
2012-09-10 12:44:39,-67661,1,54.5804315476,0.112425595238
2012-09-10 12:44:40,-67660,1,54.7677827381,0.187351190476
2012-09-10 12:44:41,-67659,1,55.0288690476,0.261086309524
2012-09-10 12:44:42,-67658,1,55.3465029762,0.317633928572
2012-09-10 12:44:43,-67657,1,55.6975446429,0.351041666667
2012-09-10 12:44:44,-67656,1,56.0634672619,0.365922619048
2012-09-10 12:44:45,-67655,1,56.4333333333,0.369866071429
2012-09-10 12:44:46,-67654,1,56.8023809524,0.369047619048
2012-09-10 12:44:47,-67653,1,57.1683779762,0.36599702381
2012-09-10 12:44:48,-67652,1,57.5227678571,0.354389880952
2012-09-10 12:44:49,-67651,1,57.8467261905,0.323958333333
2012-09-10 12:44:50,-67650,1,58.121577381,0.274851190476
2012-09-10 12:44:51,-67649,1,58.3408482143,0.219270833333
2012-09-10 12:44:52,-67648,1,58.5066964286,0.165848214286
2012-09-10 12:44:53,-67647,1,58.6133184524,0.106622023809
2012-09-10 12:44:54,-67646,1,58.6359375,0.0226190476191
2012-09-10 12:44:55,-67645,1,58.5381696429,-0.0977678571429
2012-09-10 12:44:56,-67644,1,58.2954613095,-0.242708333333
2012-09-10 12:44:57,-67643,1,57.920014881,-0.375446428571
2012-09-10 12:44:58,-67642,1,57.4654017857,-0.454613095238
2012-09-10 12:44:59,-67641,1,57.0052083333,-0.460193452381
2012-09-10 12:45:00,-67640,1,56.6070684524,-0.398139880952
2012-09-10 12:45:01,-67639,1,56.3199404762,-0.28712797619
2012-09-10 12:45:02,-67638,1,56.1712053571,-0.148735119048
2012-09-10 12:45:03,-67637,1,56.1662202381,-0.0049851190477
2012-09-10 12:45:04,-67636,1,56.2900297619,0.12380952381
2012-09-10 12:45:05,-67635,1,56.5127232143,0.222693452381
2012-09-10 12:45:06,-67634,1,56.7974702381,0.28474702381
2012-09-10 12:45:07,-67633,1,57.1086309524,0.311160714286
2012-09-10 12:45:08,-67632,1,57.4183779762,0.30974702381
2012-09-10 12:45:09,-67631,1,57.711235119,0.292857142857
2012-09-10 12:45:10,-67630,1,57.9848958333,0.273660714286
2012-09-10 12:45:11,-67629,1,58.2477678571,0.26287202381
2012-09-10 12:45:12,-67628,1,58.5159970238,0.268229166667
2012-09-10 12:45:13,-67627,1,58.8074404762,0.291443452381
2012-09-10 12:45:14,-67626,1,59.1303571429,0.322916666667
2012-09-10 12:45:15,-67625,1,59.4764136905,0.346056547619
2012-09-10 12:45:16,-67624,1,59.8246279762,0.348214285714
2012-09-10 12:45:17,-67623,1,60.1404761905,0.315848214286
2012-09-10 12:45:18,-67622,1,60.3541666667,0.213690476191
2012-09-10 12:45:19,-67621,1,60.3491071429,-0.0050595238096
2012-09-10 12:45:20,-67620,1,60.0124255952,-0.336681547619
2012-09-10 12:45:21,-67619,1,59.3188988095,-0.693526785714
2012-09-10 12:45:22,-67618,1,58.3564732143,-0.962425595238
2012-09-10 12:45:23,-67617,1,57.2669642857,-1.08950892857
2012-09-10 12:45:24,-67616,1,56.1601190476,-1.1068452381
2012-09-10 12:45:25,-67615,1,55.0800595238,-1.08005952381
2012-09-10 12:45:26,-67614,1,54.0530505952,-1.02700892857
2012-09-10 12:45:27,-67613,1,53.1391369048,-0.913913690476
2012-09-10 12:45:28,-67612,1,52.40625,-0.732886904762
2012-09-10 12:45:29,-67611,1,51.8742559524,-0.531994047619
2012-09-10 12:45:30,-67610,1,51.5159970238,-0.358258928571
2012-09-10 12:45:31,-67609,1,51.3045386905,-0.211458333333
2012-09-10 12:45:32,-67608,1,51.2354166667,-0.0691220238095
2012-09-10 12:45:33,-67607,1,51.2998511905,0.0644345238095
2012-09-10 12:45:34,-67606,1,51.4494047619,0.149553571429
2012-09-10 12:45:35,-67605,1,51.5994047619,0.15
2012-09-10 12:45:36,-67604,1,51.6788690476,0.0794642857142
2012-09-10 12:45:37,-67603,1,51.6777529762,-0.00111607142851
2012-09-10 12:45:38,-67602,1,51.6416666667,-0.0360863095238
2012-09-10 12:45:39,-67601,1,51.6404761905,-0.0011904761905
2012-09-10 12:45:40,-67600,1,51.7460565476,0.105580357143
2012-09-10 12:45:41,-67599,1,52.0036458333,0.257589285714
2012-09-10 12:45:42,-67598,1,52.4087797619,0.405133928572
2012-09-10 12:45:43,-67597,1,52.9098214286,0.501041666667
2012-09-10 12:45:44,-67596,1,53.4136904762,0.503869047619
2012-09-10 12:45:45,-67595,1,53.809077381,0.395386904762
2012-09-10 12:45:46,-67594,1,54.0257440476,0.216666666667
2012-09-10 12:45:47,-67593,1,54.0709821429,0.0452380952381
2012-09-10 12:45:48,-67592,1,54.0063244048,-0.0646577380952
2012-09-10 12:45:49,-67591,1,53.9011160714,-0.105208333333
2012-09-10 12:45:50,-67590,1,53.7946428571,-0.106473214286
2012-09-10 12:45:51,-67589,1,53.686235119,-0.108407738095
2012-09-10 12:45:52,-67588,1,53.5665922619,-0.119642857143
2012-09-10 12:45:53,-67587,1,53.4563244048,-0.110267857143
2012-09-10 12:45:54,-67586,1,53.4022321429,-0.0540922619048
2012-09-10 12:45:55,-67585,1,53.437202381,0.0349702380953
2012-09-10 12:45:56,-67584,1,53.5503720238,0.113169642857
2012-09-10 12:45:57,-67583,1,53.6938244048,0.143452380952
2012-09-10 12:45:58,-67582,1,53.8145833333,0.120758928571
2012-09-10 12:45:59,-67581,1,53.8831845238,0.0686011904762
2012-09-10 12:46:00,-67580,1,53.8985119048,0.0153273809524
2012-09-10 12:46:01,-67579,1,53.874702381,-0.0238095238095
2012-09-10 12:46:02,-67578,1,53.8292410714,-0.0454613095238
2012-09-10 12:46:03,-67577,1,53.7771577381,-0.0520833333334
2012-09-10 12:46:04,-67576,1,53.725297619,-0.0518601190476
2012-09-10 12:46:05,-67575,1,53.6701636905,-0.0551339285714
2012-09-10 12:46:06,-67574,1,53.6072916667,-0.0628720238095
2012-09-10 12:46:07,-67573,1,53.5476190476,-0.0596726190477
2012-09-10 12:46:08,-67572,1,53.5229166667,-0.0247023809523
2012-09-10 12:46:09,-67571,1,53.5662946429,0.0433779761904
2012-09-10 12:46:10,-67570,1,53.6808779762,0.114583333333
2012-09-10 12:46:11,-67569,1,53.8261904762,0.1453125
2012-09-10 12:46:12,-67568,1,53.9328869048,0.106696428571
2012-09-10 12:46:13,-67567,1,53.9384672619,0.0055803571429
2012-09-10 12:46:14,-67566,1,53.8288690476,-0.109598214286
2012-09-10 12:46:15,-67565,1,53.6548363095,-0.174032738095
2012-09-10 12:46:16,-67564,1,53.5033482143,-0.151488095238
2012-09-10 12:46:17,-67563,1,53.445610119,-0.0577380952381
2012-09-10 12:46:18,-67562,1,53.4979910714,0.052380952381
2012-09-10 12:46:19,-67561,1,53.6183779762,0.120386904762
2012-09-10 12:46:20,-67560,1,53.7380952381,0.119717261905
2012-09-10 12:46:21,-67559,1,53.8027529762,0.0646577380953
2012-09-10 12:46:22,-67558,1,53.7930803571,-0.0096726190477
2012-09-10 12:46:23,-67557,1,53.7229166667,-0.0701636904761
2012-09-10 12:46:24,-67556,1,53.626860119,-0.0960565476191
2012-09-10 12:46:25,-67555,1,53.545014881,-0.0818452380952
2012-09-10 12:46:26,-67554,1,53.5079613095,-0.0370535714286
2012-09-10 12:46:27,-67553,1,53.5276041667,0.0196428571429
2012-09-10 12:46:28,-67552,1,53.5953125,0.0677083333333
2012-09-10 12:46:29,-67551,1,53.6825892857,0.0872767857143
2012-09-10 12:46:30,-67550,1,53.7501488095,0.0675595238095
2012-09-10 12:46:31,-67549,1,53.7712797619,0.021130952381
2012-09-10 12:46:32,-67548,1,53.7488839286,-0.0223958333334
2012-09-10 12:46:33,-67547,1,53.7054315476,-0.0434523809524
2012-09-10 12:46:34,-67546,1,53.6603422619,-0.0450892857142
2012-09-10 12:46:35,-67545,1,53.6229166667,-0.0374255952381
2012-09-10 12:46:36,-67544,1,53.6040178571,-0.0188988095238
2012-09-10 12:46:37,-67543,1,53.622172619,0.0181547619047
2012-09-10 12:46:38,-67542,1,53.6860863095,0.0639136904762
2012-09-10 12:46:39,-67541,1,53.7706845238,0.0845982142857
2012-09-10 12:46:40,-67540,1,53.8216517857,0.0509672619048
2012-09-10 12:46:41,-67539,1,53.7959821429,-0.0256696428572
2012-09-10 12:46:42,-67538,1,53.7007440476,-0.0952380952381
2012-09-10 12:46:43,-67537,1,53.5869791667,-0.113764880952
2012-09-10 12:46:44,-67536,1,53.5064732143,-0.080505952381
2012-09-10 12:46:45,-67535,1,53.4796875,-0.0267857142857
2012-09-10 12:46:46,-67534,1,53.4990327381,0.0193452380952
2012-09-10 12:46:47,-67533,1,53.5485119048,0.0494791666667
2012-09-10 12:46:48,-67532,1,53.6149553571,0.066443452381
2012-09-10 12:46:49,-67531,1,53.6860119048,0.071056547619
2012-09-10 12:46:50,-67530,1,53.7470982143,0.0610863095238
2012-09-10 12:46:51,-67529,1,53.786235119,0.0391369047619
2012-09-10 12:46:52,-67528,1,53.798735119,0.0125
2012-09-10 12:46:53,-67527,1,53.7849702381,-0.0137648809524
2012-09-10 12:46:54,-67526,1,53.7482886905,-0.036681547619
2012-09-10 12:46:55,-67525,1,53.6982142857,-0.0500744047619
2012-09-10 12:46:56,-67524,1,53.6540178571,-0.0441964285714
2012-09-10 12:46:57,-67523,1,53.637797619,-0.0162202380953
2012-09-10 12:46:58,-67522,1,53.653125,0.0153273809524
2012-09-10 12:46:59,-67521,1,53.673139881,0.0200148809524
2012-09-10 12:47:00,-67520,1,53.6648065476,-0.0083333333334
2012-09-10 12:47:01,-67519,1,53.626264881,-0.0385416666666
2012-09-10 12:47:02,-67518,1,53.5921875,-0.0340773809524
2012-09-10 12:47:03,-67517,1,53.6037946429,0.0116071428571
2012-09-10 12:47:04,-67516,1,53.6719494048,0.0681547619048
2012-09-10 12:47:05,-67515,1,53.7632440476,0.0912946428571
2012-09-10 12:47:06,-67514,1,53.8256696429,0.0624255952381
2012-09-10 12:47:07,-67513,1,53.8306547619,0.0049851190477
2012-09-10 12:47:08,-67512,1,53.7892113095,-0.041443452381
2012-09-10 12:47:09,-67511,1,53.7339285714,-0.0552827380952
2012-09-10 12:47:10,-67510,1,53.6898809524,-0.0440476190477
2012-09-10 12:47:11,-67509,1,53.6598958333,-0.0299851190476
2012-09-10 12:47:12,-67508,1,53.6343005952,-0.0255952380952
2012-09-10 12:47:13,-67507,1,53.6102678571,-0.0240327380952
2012-09-10 12:47:14,-67506,1,53.6008928571,-0.009375
2012-09-10 12:47:15,-67505,1,53.6269345238,0.0260416666666
2012-09-10 12:47:16,-67504,1,53.6936755952,0.0667410714286
2012-09-10 12:47:17,-67503,1,53.7755208333,0.0818452380952
2012-09-10 12:47:18,-67502,1,53.8322916667,0.0567708333334
2012-09-10 12:47:19,-67501,1,53.8404761905,0.0081845238095
2012-09-10 12:47:20,-67500,1,53.809077381,-0.0313988095238
2012-09-10 12:47:21,-67499,1,53.7741071429,-0.0349702380953
2012-09-10 12:47:22,-67498,1,53.7741071429,0.0
2012-09-10 12:47:23,-67497,1,53.8189732143,0.0448660714286
2012-09-10 12:47:24,-67496,1,53.8804315476,0.0614583333333
2012-09-10 12:47:25,-67495,1,53.914360119,0.0339285714286
2012-09-10 12:47:26,-67494,1,53.8927827381,-0.0215773809524
2012-09-10 12:47:27,-67493,1,53.8203869048,-0.0723958333333
2012-09-10 12:47:28,-67492,1,53.7302827381,-0.0901041666667
2012-09-10 12:47:29,-67491,1,53.6638392857,-0.0664434523809
2012-09-10 12:47:30,-67490,1,53.6421875,-0.0216517857143
2012-09-10 12:47:31,-67489,1,53.6530505952,0.0108630952381
2012-09-10 12:47:32,-67488,1,53.6710565476,0.0180059523809
2012-09-10 12:47:33,-67487,1,53.6877232143,0.0166666666667
2012-09-10 12:47:34,-67486,1,53.716889881,0.0291666666667
2012-09-10 12:47:35,-67485,1,53.7741071429,0.0572172619047
2012-09-10 12:47:36,-67484,1,53.8503720238,0.0762648809524
2012-09-10 12:47:37,-67483,1,53.9085565476,0.0581845238095
2012-09-10 12:47:38,-67482,1,53.9158482143,0.0072916666667
2012-09-10 12:47:39,-67481,1,53.8775297619,-0.0383184523809
2012-09-10 12:47:40,-67480,1,53.8308779762,-0.0466517857143
2012-09-10 12:47:41,-67479,1,53.8116815476,-0.0191964285715
2012-09-10 12:47:42,-67478,1,53.8298363095,0.0181547619048
2012-09-10 12:47:43,-67477,1,53.8647321429,0.0348958333333
2012-09-10 12:47:44,-67476,1,53.8749255952,0.010193452381
2012-09-10 12:47:45,-67475,1,53.8213541667,-0.0535714285714
2012-09-10 12:47:46,-67474,1,53.6964285714,-0.124925595238
2012-09-10 12:47:47,-67473,1,53.5368303571,-0.159598214286
2012-09-10 12:47:48,-67472,1,53.404985119,-0.131845238095
2012-09-10 12:47:49,-67471,1,53.3492559524,-0.0557291666667
2012-09-10 12:47:50,-67470,1,53.375297619,0.0260416666667
2012-09-10 12:47:51,-67469,1,53.4522321429,0.0769345238095
2012-09-10 12:47:52,-67468,1,53.5388392857,0.0866071428572
2012-09-10 12:47:53,-67467,1,53.6051339286,0.0662946428571
2012-09-10 12:47:54,-67466,1,53.6418154762,0.0366815476191
2012-09-10 12:47:55,-67465,1,53.656547619,0.0147321428571
2012-09-10 12:47:56,-67464,1,53.665922619,0.009375
2012-09-10 12:47:57,-67463,1,53.6875,0.0215773809524
2012-09-10 12:47:58,-67462,1,53.723735119,0.0362351190476
2012-09-10 12:47:59,-67461,1,53.7538690476,0.0301339285714
2012-09-10 12:48:00,-67460,1,53.7544642857,0.0005952380953
2012-09-10 12:48:01,-67459,1,53.7258928571,-0.0285714285715
2012-09-10 12:48:02,-67458,1,53.6933035714,-0.0325892857142
2012-09-10 12:48:03,-67457,1,53.684375,-0.0089285714286
2012-09-10 12:48:04,-67456,1,53.704389881,0.0200148809524
2012-09-10 12:48:05,-67455,1,53.7292410714,0.0248511904762
2012-09-10 12:48:06,-67454,1,53.7266369048,-0.00260416666671
2012-09-10 12:48:07,-67453,1,53.6864583333,-0.0401785714286
2012-09-10 12:48:08,-67452,1,53.6273065476,-0.0591517857143
2012-09-10 12:48:09,-67451,1,53.5782738095,-0.0490327380952
2012-09-10 12:48:10,-67450,1,53.5601190476,-0.0181547619048
2012-09-10 12:48:11,-67449,1,53.5751488095,0.0150297619048
2012-09-10 12:48:12,-67448,1,53.6071428571,0.0319940476191
2012-09-10 12:48:13,-67447,1,53.6348214286,0.0276785714285
2012-09-10 12:48:14,-67446,1,53.6476934524,0.0128720238095
2012-09-10 12:48:15,-67445,1,53.6498511905,0.0021577380953
2012-09-10 12:48:16,-67444,1,53.6529761905,0.003125
2012-09-10 12:48:17,-67443,1,53.665922619,0.0129464285714
2012-09-10 12:48:18,-67442,1,53.687797619,0.021875
2012-09-10 12:48:19,-67441,1,53.7101934524,0.0223958333333
2012-09-10 12:48:20,-67440,1,53.7243303571,0.0141369047619
2012-09-10 12:48:21,-67439,1,53.7238839286,-0.000446428571401
2012-09-10 12:48:22,-67438,1,53.7061755952,-0.0177083333333
2012-09-10 12:48:23,-67437,1,53.6779017857,-0.0282738095238
2012-09-10 12:48:24,-67436,1,53.6552827381,-0.0226190476191
2012-09-10 12:48:25,-67435,1,53.651264881,-0.00401785714281
2012-09-10 12:48:26,-67434,1,53.6648809524,0.0136160714285
2012-09-10 12:48:27,-67433,1,53.6847470238,0.0198660714286
2012-09-10 12:48:28,-67432,1,53.6988095238,0.0140625
2012-09-10 12:48:29,-67431,1,53.6991071429,0.000297619047601
2012-09-10 12:48:30,-67430,1,53.6814732143,-0.0176339285714
2012-09-10 12:48:31,-67429,1,53.6483630952,-0.0331101190476
2012-09-10 12:48:32,-67428,1,53.6142113095,-0.0341517857143
2012-09-10 12:48:33,-67427,1,53.6030505952,-0.0111607142857
2012-09-10 12:48:34,-67426,1,53.6357142857,0.0326636904762
2012-09-10 12:48:35,-67425,1,53.7144345238,0.0787202380952
2012-09-10 12:48:36,-67424,1,53.8194940476,0.10505952381
2012-09-10 12:48:37,-67423,1,53.9239583333,0.104464285714
2012-09-10 12:48:38,-67422,1,54.0080357143,0.0840773809524
2012-09-10 12:48:39,-67421,1,54.0636904762,0.0556547619048
2012-09-10 12:48:40,-67420,1,54.1033482143,0.0396577380952
2012-09-10 12:48:41,-67419,1,54.159672619,0.0563244047619
2012-09-10 12:48:42,-67418,1,54.254389881,0.0947172619048
2012-09-10 12:48:43,-67417,1,54.365922619,0.111532738095
2012-09-10 12:48:44,-67416,1,54.4320684524,0.0661458333333
2012-09-10 12:48:45,-67415,1,54.3827380952,-0.0493303571428
2012-09-10 12:48:46,-67414,1,54.1855654762,-0.197172619048
2012-09-10 12:48:47,-67413,1,53.8749255952,-0.310639880952
2012-09-10 12:48:48,-67412,1,53.5345238095,-0.340401785714
2012-09-10 12:48:49,-67411,1,53.2516369048,-0.282886904762
2012-09-10 12:48:50,-67410,1,53.0832589286,-0.168377976191
2012-09-10 12:48:51,-67409,1,53.0458333333,-0.0374255952381
2012-09-10 12:48:52,-67408,1,53.1236607143,0.0778273809524
2012-09-10 12:48:53,-67407,1,53.2895089286,0.165848214286
2012-09-10 12:48:54,-67406,1,53.5152529762,0.225744047619
2012-09-10 12:48:55,-67405,1,53.7564732143,0.241220238095
2012-09-10 12:48:56,-67404,1,53.9431547619,0.186681547619
2012-09-10 12:48:57,-67403,1,54.0102678571,0.067113095238
2012-09-10 12:48:58,-67402,1,53.9431547619,-0.067113095238
2012-09-10 12:48:59,-67401,1,53.7953869048,-0.147767857143
2012-09-10 12:49:00,-67400,1,53.6569196429,-0.138467261905
2012-09-10 12:49:01,-67399,1,53.5880952381,-0.0688244047619
2012-09-10 12:49:02,-67398,1,53.5871279762,-0.000967261904698
2012-09-10 12:49:03,-67397,1,53.6180059524,0.0308779761905
2012-09-10 12:49:04,-67396,1,53.6454613095,0.0274553571428
2012-09-10 12:49:05,-67395,1,53.6493303571,0.0038690476191
2012-09-10 12:49:06,-67394,1,53.6273809524,-0.021949404762
2012-09-10 12:49:07,-67393,1,53.5882440476,-0.0391369047619
2012-09-10 12:49:08,-67392,1,53.5514136905,-0.0368303571428
2012-09-10 12:49:09,-67391,1,53.553422619,0.0020089285714
2012-09-10 12:49:10,-67390,1,53.6270833333,0.0736607142857
2012-09-10 12:49:11,-67389,1,53.7651041667,0.138020833333
2012-09-10 12:49:12,-67388,1,53.9156994048,0.150595238095
2012-09-10 12:49:13,-67387,1,54.0151041667,0.0994047619048
2012-09-10 12:49:14,-67386,1,54.0234375,0.0083333333333
2012-09-10 12:49:15,-67385,1,53.9425595238,-0.0808779761905
2012-09-10 12:49:16,-67384,1,53.8108630952,-0.131696428571
2012-09-10 12:49:17,-67383,1,53.678125,-0.132738095238
2012-09-10 12:49:18,-67382,1,53.581547619,-0.0965773809524
2012-09-10 12:49:19,-67381,1,53.5371279762,-0.0444196428571
2012-09-10 12:49:20,-67380,1,53.5358630952,-0.0012648809524
2012-09-10 12:49:21,-67379,1,53.5457589286,0.0098958333333
2012-09-10 12:49:22,-67378,1,53.5298363095,-0.0159226190476
2012-09-10 12:49:23,-67377,1,53.4681547619,-0.0616815476191
2012-09-10 12:49:24,-67376,1,53.3662202381,-0.101934523809
2012-09-10 12:49:25,-67375,1,53.2439732143,-0.122247023809
2012-09-10 12:49:26,-67374,1,53.1124255952,-0.131547619048
2012-09-10 12:49:27,-67373,1,52.9623511905,-0.150074404762
2012-09-10 12:49:28,-67372,1,52.7837053571,-0.178645833333
2012-09-10 12:49:29,-67371,1,52.6026041667,-0.181101190476
2012-09-10 12:49:30,-67370,1,52.5017857143,-0.100818452381
2012-09-10 12:49:31,-67369,1,52.5930059524,0.0912202380952
2012-09-10 12:49:32,-67368,1,52.9397321429,0.346726190476
2012-09-10 12:49:33,-67367,1,53.4820684524,0.542336309524
2012-09-10 12:49:34,-67366,1,54.0390625,0.556994047619
2012-09-10 12:49:35,-67365,1,54.4097470238,0.37068452381
2012-09-10 12:49:36,-67364,1,54.5002232143,0.0904761904762
2012-09-10 12:49:37,-67363,1,54.3683779762,-0.131845238095
2012-09-10 12:49:38,-67362,1,54.1572172619,-0.211160714286
2012-09-10 12:49:39,-67361,1,53.9907738095,-0.166443452381
2012-09-10 12:49:40,-67360,1,53.9156994048,-0.0750744047619
2012-09-10 12:49:41,-67359,1,53.9148065476,-0.000892857142901
2012-09-10 12:49:42,-67358,1,53.9563988095,0.0415922619048
2012-09-10 12:49:43,-67357,1,54.0194940476,0.0630952380952
2012-09-10 12:49:44,-67356,1,54.0906994048,0.0712053571429
2012-09-10 12:49:45,-67355,1,54.1677083333,0.0770089285714
2012-09-10 12:49:46,-67354,1,54.2630952381,0.0953869047619
2012-09-10 12:49:47,-67353,1,54.391889881,0.128794642857
2012-09-10 12:49:48,-67352,1,54.5578125,0.165922619048
2012-09-10 12:49:49,-67351,1,54.7485863095,0.190773809524
2012-09-10 12:49:50,-67350,1,54.9386904762,0.190104166667
2012-09-10 12:49:51,-67349,1,55.0972470238,0.158556547619
2012-09-10 12:49:52,-67348,1,55.1951636905,0.0979166666667
2012-09-10 12:49:53,-67347,1,55.2099702381,0.014806547619
2012-09-10 12:49:54,-67346,1,55.1299107143,-0.0800595238095
2012-09-10 12:49:55,-67345,1,54.9572172619,-0.172693452381
2012-09-10 12:49:56,-67344,1,54.7107886905,-0.246428571429
2012-09-10 12:49:57,-67343,1,54.4255208333,-0.285267857143
2012-09-10 12:49:58,-67342,1,54.1449404762,-0.280580357143
2012-09-10 12:49:59,-67341,1,53.9079613095,-0.236979166667
2012-09-10 12:50:00,-67340,1,53.7338541667,-0.174107142857
2012-09-10 12:50:01,-67339,1,53.6129464286,-0.120907738095
2012-09-10 12:50:02,-67338,1,53.5129464286,-0.1
2012-09-10 12:50:03,-67337,1,53.4029017857,-0.110044642857
2012-09-10 12:50:04,-67336,1,53.2797619048,-0.123139880952
2012-09-10 12:50:05,-67335,1,53.1783482143,-0.101413690476
2012-09-10 12:50:06,-67334,1,53.15625,-0.0220982142857
2012-09-10 12:50:07,-67333,1,53.25625,0.1
2012-09-10 12:50:08,-67332,1,53.4682291667,0.211979166667
2012-09-10 12:50:09,-67331,1,53.7255208333,0.257291666667
2012-09-10 12:50:10,-67330,1,53.9445684524,0.219047619048
2012-09-10 12:50:11,-67329,1,54.0755952381,0.131026785714
2012-09-10 12:50:12,-67328,1,54.1240327381,0.0484375
2012-09-10 12:50:13,-67327,1,54.1313244048,0.0072916666667
2012-09-10 12:50:14,-67326,1,54.1394345238,0.0081101190476
2012-09-10 12:50:15,-67325,1,54.173735119,0.0343005952381
2012-09-10 12:50:16,-67324,1,54.2521577381,0.0784226190476
2012-09-10 12:50:17,-67323,1,54.3953869048,0.143229166667
2012-09-10 12:50:18,-67322,1,54.618452381,0.22306547619
2012-09-10 12:50:19,-67321,1,54.9156994048,0.29724702381
2012-09-10 12:50:20,-67320,1,55.2597470238,0.344047619048
2012-09-10 12:50:21,-67319,1,55.6180803571,0.358333333333
2012-09-10 12:50:22,-67318,1,55.9700892857,0.352008928571
2012-09-10 12:50:23,-67317,1,56.3032738095,0.333184523809
2012-09-10 12:50:24,-67316,1,56.597172619,0.293898809524
2012-09-10 12:50:25,-67315,1,56.8189732143,0.221800595238
2012-09-10 12:50:26,-67314,1,56.928422619,0.109449404762
2012-09-10 12:50:27,-67313,1,56.8860863095,-0.0423363095238
2012-09-10 12:50:28,-67312,1,56.6700892857,-0.215997023809
2012-09-10 12:50:29,-67311,1,56.2896577381,-0.380431547619
2012-09-10 12:50:30,-67310,1,55.784672619,-0.504985119048
2012-09-10 12:50:31,-67309,1,55.216889881,-0.567782738095
2012-09-10 12:50:32,-67308,1,54.6547619048,-0.562127976191
2012-09-10 12:50:33,-67307,1,54.1568452381,-0.497916666667
2012-09-10 12:50:34,-67306,1,53.7652529762,-0.391592261905
2012-09-10 12:50:35,-67305,1,53.5082589286,-0.256994047619
2012-09-10 12:50:36,-67304,1,53.4000744048,-0.108184523809
2012-09-10 12:50:37,-67303,1,53.4322172619,0.0321428571429
2012-09-10 12:50:38,-67302,1,53.5654761905,0.133258928571
2012-09-10 12:50:39,-67301,1,53.7328125,0.167336309524
2012-09-10 12:50:40,-67300,1,53.8561755952,0.123363095238
2012-09-10 12:50:41,-67299,1,53.8793154762,0.0231398809524
2012-09-10 12:50:42,-67298,1,53.7998511905,-0.0794642857143
2012-09-10 12:50:43,-67297,1,53.6664434524,-0.133407738095
2012-09-10 12:50:44,-67296,1,53.5433779762,-0.12306547619
2012-09-10 12:50:45,-67295,1,53.478125,-0.0652529761905
2012-09-10 12:50:46,-67294,1,53.4875744048,0.0094494047619
2012-09-10 12:50:47,-67293,1,53.5624255952,0.0748511904762
2012-09-10 12:50:48,-67292,1,53.6818452381,0.119419642857
2012-09-10 12:50:49,-67291,1,53.8197172619,0.137872023809
2012-09-10 12:50:50,-67290,1,53.9445684524,0.124851190476
2012-09-10 12:50:51,-67289,1,54.0298363095,0.0852678571429
2012-09-10 12:50:52,-67288,1,54.06875,0.0389136904762
2012-09-10 12:50:53,-67287,1,54.0786458333,0.0098958333333
2012-09-10 12:50:54,-67286,1,54.0914434524,0.0127976190477
2012-09-10 12:50:55,-67285,1,54.1353422619,0.0438988095238
2012-09-10 12:50:56,-67284,1,54.2175595238,0.0822172619047
2012-09-10 12:50:57,-67283,1,54.320610119,0.103050595238
2012-09-10 12:50:58,-67282,1,54.4149553571,0.0943452380953
2012-09-10 12:50:59,-67281,1,54.4720982143,0.0571428571428
2012-09-10 12:51:00,-67280,1,54.4703125,-0.0017857142857
2012-09-10 12:51:01,-67279,1,54.3962797619,-0.0740327380952
2012-09-10 12:51:02,-67278,1,54.2256696429,-0.170610119048
2012-09-10 12:51:03,-67277,1,53.915327381,-0.310342261905
2012-09-10 12:51:04,-67276,1,53.4789434524,-0.436383928571
2012-09-10 12:51:05,-67275,1,53.0551339286,-0.42380952381
2012-09-10 12:51:06,-67274,1,52.8264880952,-0.228645833333
2012-09-10 12:51:07,-67273,1,52.879389881,0.0529017857143
2012-09-10 12:51:08,-67272,1,53.1486607143,0.269270833333
2012-09-10 12:51:09,-67271,1,53.465625,0.316964285714
2012-09-10 12:51:10,-67270,1,53.6894345238,0.223809523809
2012-09-10 12:51:11,-67269,1,53.8035714286,0.114136904762
2012-09-10 12:51:12,-67268,1,53.8595238095,0.0559523809524
2012-09-10 12:51:13,-67267,1,53.8735863095,0.0140625
2012-09-10 12:51:14,-67266,1,53.8168154762,-0.0567708333333
2012-09-10 12:51:15,-67265,1,53.670610119,-0.146205357143
2012-09-10 12:51:16,-67264,1,53.4697916667,-0.200818452381
2012-09-10 12:51:17,-67263,1,53.2969494048,-0.172842261905
2012-09-10 12:51:18,-67262,1,53.2360863095,-0.0608630952381
2012-09-10 12:51:19,-67261,1,53.3215029762,0.0854166666667
2012-09-10 12:51:20,-67260,1,53.5161458333,0.194642857143
2012-09-10 12:51:21,-67259,1,53.739360119,0.223214285714
2012-09-10 12:51:22,-67258,1,53.9186755952,0.17931547619
2012-09-10 12:51:23,-67257,1,54.0138392857,0.0951636904762
2012-09-10 12:51:24,-67256,1,54.0140625,0.000223214285704
2012-09-10 12:51:25,-67255,1,53.938764881,-0.0752976190476
2012-09-10 12:51:26,-67254,1,53.8329613095,-0.105803571429
2012-09-10 12:51:27,-67253,1,53.7436011905,-0.0893601190476
2012-09-10 12:51:28,-67252,1,53.6953869048,-0.0482142857143
2012-09-10 12:51:29,-67251,1,53.6851934524,-0.010193452381
2012-09-10 12:51:30,-67250,1,53.6956845238,0.0104910714286
2012-09-10 12:51:31,-67249,1,53.7141369048,0.0184523809524
2012-09-10 12:51:32,-67248,1,53.7375744048,0.0234375
2012-09-10 12:51:33,-67247,1,53.7640625,0.0264880952381
2012-09-10 12:51:34,-67246,1,53.7864583333,0.0223958333333
2012-09-10 12:51:35,-67245,1,53.7955357143,0.0090773809524
2012-09-10 12:51:36,-67244,1,53.7871279762,-0.0084077380952
2012-09-10 12:51:37,-67243,1,53.7646577381,-0.0224702380953
2012-09-10 12:51:38,-67242,1,53.7351190476,-0.0295386904762
2012-09-10 12:51:39,-67241,1,53.7045386905,-0.0305803571428
2012-09-10 12:51:40,-67240,1,53.6742559524,-0.0302827380953
2012-09-10 12:51:41,-67239,1,53.6420386905,-0.0322172619047
2012-09-10 12:51:42,-67238,1,53.6105654762,-0.0314732142857
2012-09-10 12:51:43,-67237,1,53.5869791667,-0.0235863095238
2012-09-10 12:51:44,-67236,1,53.5713541667,-0.015625
2012-09-10 12:51:45,-67235,1,53.5541666667,-0.0171875
2012-09-10 12:51:46,-67234,1,53.525297619,-0.0288690476191
2012-09-10 12:51:47,-67233,1,53.4865327381,-0.0387648809524
2012-09-10 12:51:48,-67232,1,53.4578125,-0.0287202380952
2012-09-10 12:51:49,-67231,1,53.4648809524,0.0070684523809
2012-09-10 12:51:50,-67230,1,53.5209077381,0.0560267857143
2012-09-10 12:51:51,-67229,1,53.619047619,0.0981398809524
2012-09-10 12:51:52,-67228,1,53.7313988095,0.112351190476
2012-09-10 12:51:53,-67227,1,53.8169642857,0.0855654761905
2012-09-10 12:51:54,-67226,1,53.8418154762,0.0248511904762
2012-09-10 12:51:55,-67225,1,53.7992559524,-0.0425595238096
2012-09-10 12:51:56,-67224,1,53.719047619,-0.0802083333333
2012-09-10 12:51:57,-67223,1,53.6529017857,-0.0661458333333
2012-09-10 12:51:58,-67222,1,53.6399553571,-0.0129464285714
2012-09-10 12:51:59,-67221,1,53.685639881,0.0456845238095
2012-09-10 12:52:00,-67220,1,53.7633928571,0.0777529761905
2012-09-10 12:52:01,-67219,1,53.8276785714,0.0642857142857
2012-09-10 12:52:02,-67218,1,53.8445684524,0.0168898809523
2012-09-10 12:52:03,-67217,1,53.8191964286,-0.0253720238095
2012-09-10 12:52:04,-67216,1,53.7849702381,-0.0342261904762
2012-09-10 12:52:05,-67215,1,53.7741071429,-0.0108630952381
2012-09-10 12:52:06,-67214,1,53.7988095238,0.0247023809524
2012-09-10 12:52:07,-67213,1,53.8438244048,0.0450148809524
2012-09-10 12:52:08,-67212,1,53.8751488095,0.0313244047619
2012-09-10 12:52:09,-67211,1,53.8572916667,-0.0178571428571
2012-09-10 12:52:10,-67210,1,53.7624255952,-0.0948660714286
2012-09-10 12:52:11,-67209,1,53.5807291667,-0.181696428571
2012-09-10 12:52:12,-67208,1,53.3343005952,-0.246428571429
2012-09-10 12:52:13,-67207,1,53.0717261905,-0.262574404762
2012-09-10 12:52:14,-67206,1,52.840625,-0.231101190476
2012-09-10 12:52:15,-67205,1,52.6688988095,-0.171726190476
2012-09-10 12:52:16,-67204,1,52.5755208333,-0.0933779761905
2012-09-10 12:52:17,-67203,1,52.5918154762,0.0162946428572
2012-09-10 12:52:18,-67202,1,52.7598958333,0.168080357143
2012-09-10 12:52:19,-67201,1,53.0989583333,0.3390625
2012-09-10 12:52:20,-67200,1,53.5655505952,0.466592261905
2012-09-10 12:52:21,-67199,1,54.0503720238,0.484821428571
2012-09-10 12:52:22,-67198,1,54.4238839286,0.373511904762
2012-09-10 12:52:23,-67197,1,54.5983630952,0.174479166667
2012-09-10 12:52:24,-67196,1,54.5662946429,-0.032068452381
2012-09-10 12:52:25,-67195,1,54.3933779762,-0.172916666667
2012-09-10 12:52:26,-67194,1,54.1745535714,-0.218824404762
2012-09-10 12:52:27,-67193,1,53.9879464286,-0.186607142857
2012-09-10 12:52:28,-67192,1,53.8720238095,-0.115922619048
2012-09-10 12:52:29,-67191,1,53.8258928571,-0.046130952381
2012-09-10 12:52:30,-67190,1,53.8242559524,-0.0016369047618
2012-09-10 12:52:31,-67189,1,53.8357886905,0.0115327380952
2012-09-10 12:52:32,-67188,1,53.8335565476,-0.0022321428572
2012-09-10 12:52:33,-67187,1,53.7962797619,-0.0372767857142
2012-09-10 12:52:34,-67186,1,53.7111607143,-0.0851190476191
2012-09-10 12:52:35,-67185,1,53.585639881,-0.125520833333
2012-09-10 12:52:36,-67184,1,53.4549107143,-0.130729166667
2012-09-10 12:52:37,-67183,1,53.3688988095,-0.0860119047619
2012-09-10 12:52:38,-67182,1,53.3658482143,-0.0030505952381
2012-09-10 12:52:39,-67181,1,53.4529761905,0.0871279761905
2012-09-10 12:52:40,-67180,1,53.6058779762,0.152901785714
2012-09-10 12:52:41,-67179,1,53.7773809524,0.171502976191
2012-09-10 12:52:42,-67178,1,53.9045386905,0.127157738095
2012-09-10 12:52:43,-67177,1,53.9300595238,0.0255208333333
2012-09-10 12:52:44,-67176,1,53.8427083333,-0.0873511904762
2012-09-10 12:52:45,-67175,1,53.6948660714,-0.147842261905
2012-09-10 12:52:46,-67174,1,53.5691964286,-0.125669642857
2012-09-10 12:52:47,-67173,1,53.5195684524,-0.0496279761904
2012-09-10 12:52:48,-67172,1,53.5338541667,0.0142857142857
2012-09-10 12:52:49,-67171,1,53.5546130952,0.0207589285714
2012-09-10 12:52:50,-67170,1,53.5380952381,-0.0165178571429
2012-09-10 12:52:51,-67169,1,53.4805059524,-0.0575892857142
2012-09-10 12:52:52,-67168,1,53.3920386905,-0.0884672619048
2012-09-10 12:52:53,-67167,1,53.2746279762,-0.117410714286
2012-09-10 12:52:54,-67166,1,53.1303571429,-0.144270833333
2012-09-10 12:52:55,-67165,1,52.978422619,-0.15193452381
2012-09-10 12:52:56,-67164,1,52.8628720238,-0.115550595238
2012-09-10 12:52:57,-67163,1,52.8380208333,-0.0248511904762
2012-09-10 12:52:58,-67162,1,52.9359375,0.0979166666667
2012-09-10 12:52:59,-67161,1,53.1463541667,0.210416666667
2012-09-10 12:53:00,-67160,1,53.4213541667,0.275
2012-09-10 12:53:01,-67159,1,53.693452381,0.272098214286
2012-09-10 12:53:02,-67158,1,53.8990327381,0.205580357143
2012-09-10 12:53:03,-67157,1,54.0009672619,0.10193452381
2012-09-10 12:53:04,-67156,1,53.9998511905,-0.0011160714286
2012-09-10 12:53:05,-67155,1,53.9256696429,-0.0741815476191
2012-09-10 12:53:06,-67154,1,53.8162946429,-0.109375
2012-09-10 12:53:07,-67153,1,53.7011904762,-0.115104166667
2012-09-10 12:53:08,-67152,1,53.6001488095,-0.101041666667
2012-09-10 12:53:09,-67151,1,53.5300595238,-0.0700892857143
2012-09-10 12:53:10,-67150,1,53.5056547619,-0.0244047619047
2012-09-10 12:53:11,-67149,1,53.5296875,0.0240327380952
2012-09-10 12:53:12,-67148,1,53.5854166667,0.0557291666667
2012-09-10 12:53:13,-67147,1,53.6447172619,0.0593005952381
2012-09-10 12:53:14,-67146,1,53.6852678571,0.0405505952381
2012-09-10 12:53:15,-67145,1,53.698735119,0.0134672619047
2012-09-10 12:53:16,-67144,1,53.6860863095,-0.0126488095238
2012-09-10 12:53:17,-67143,1,53.6511904762,-0.0348958333333
2012-09-10 12:53:18,-67142,1,53.5982886905,-0.0529017857143
2012-09-10 12:53:19,-67141,1,53.5331845238,-0.0651041666667
2012-09-10 12:53:20,-67140,1,53.466889881,-0.0662946428571
2012-09-10 12:53:21,-67139,1,53.4144345238,-0.0524553571429
2012-09-10 12:53:22,-67138,1,53.3880208333,-0.0264136904762
2012-09-10 12:53:23,-67137,1,53.3929315476,0.0049107142857
2012-09-10 12:53:24,-67136,1,53.4265625,0.033630952381
2012-09-10 12:53:25,-67135,1,53.4773809524,0.0508184523809
2012-09-10 12:53:26,-67134,1,53.5248511905,0.0474702380953
2012-09-10 12:53:27,-67133,1,53.5418154762,0.0169642857143
2012-09-10 12:53:28,-67132,1,53.5042410714,-0.0375744047619
2012-09-10 12:53:29,-67131,1,53.4074404762,-0.0968005952381
2012-09-10 12:53:30,-67130,1,53.2741071429,-0.133333333333
2012-09-10 12:53:31,-67129,1,53.144047619,-0.130059523809
2012-09-10 12:53:32,-67128,1,53.053422619,-0.090625
2012-09-10 12:53:33,-67127,1,53.023139881,-0.0302827380952
2012-09-10 12:53:34,-67126,1,53.0666666667,0.0435267857143
2012-09-10 12:53:35,-67125,1,53.1991815476,0.132514880952
2012-09-10 12:53:36,-67124,1,53.4251488095,0.225967261905
2012-09-10 12:53:37,-67123,1,53.7144345238,0.289285714286
2012-09-10 12:53:38,-67122,1,53.9996279762,0.285193452381
2012-09-10 12:53:39,-67121,1,54.2080357143,0.208407738095
2012-09-10 12:53:40,-67120,1,54.3035714286,0.0955357142857
2012-09-10 12:53:41,-67119,1,54.3008184524,-0.0027529761905
2012-09-10 12:53:42,-67118,1,54.2432291667,-0.0575892857142
2012-09-10 12:53:43,-67117,1,54.1705357143,-0.072693452381
2012-09-10 12:53:44,-67116,1,54.1004464286,-0.0700892857143
2012-09-10 12:53:45,-67115,1,54.0323660714,-0.0680803571428
2012-09-10 12:53:46,-67114,1,53.9634672619,-0.0688988095238
2012-09-10 12:53:47,-67113,1,53.8991071429,-0.0643601190477
2012-09-10 12:53:48,-67112,1,53.8523065476,-0.0468005952381
2012-09-10 12:53:49,-67111,1,53.8357886905,-0.0165178571428
2012-09-10 12:53:50,-67110,1,53.8478422619,0.0120535714286
2012-09-10 12:53:51,-67109,1,53.8671875,0.0193452380952
2012-09-10 12:53:52,-67108,1,53.870610119,0.0034226190476
2012-09-10 12:53:53,-67107,1,53.8563244048,-0.0142857142857
2012-09-10 12:53:54,-67106,1,53.8479910714,-0.0083333333333
2012-09-10 12:53:55,-67105,1,53.8730654762,0.0250744047619
2012-09-10 12:53:56,-67104,1,53.934077381,0.0610119047619
2012-09-10 12:53:57,-67103,1,54.0058779762,0.0718005952381
2012-09-10 12:53:58,-67102,1,54.0640625,0.0581845238095
2012-09-10 12:53:59,-67101,1,54.1122767857,0.0482142857143
2012-09-10 12:54:00,-67100,1,54.1819940476,0.0697172619047
2012-09-10 12:54:01,-67099,1,54.3084821429,0.126488095238
2012-09-10 12:54:02,-67098,1,54.5061011905,0.197619047619
2012-09-10 12:54:03,-67097,1,54.7619047619,0.255803571429
2012-09-10 12:54:04,-67096,1,55.0467261905,0.284821428571
2012-09-10 12:54:05,-67095,1,55.3316964286,0.284970238095
2012-09-10 12:54:06,-67094,1,55.5993303571,0.267633928571
2012-09-10 12:54:07,-67093,1,55.8457589286,0.246428571429
2012-09-10 12:54:08,-67092,1,56.0781994048,0.23244047619
2012-09-10 12:54:09,-67091,1,56.3073660714,0.229166666667
2012-09-10 12:54:10,-67090,1,56.5347470238,0.227380952381
2012-09-10 12:54:11,-67089,1,56.7479910714,0.213244047619
2012-09-10 12:54:12,-67088,1,56.9316964286,0.183705357143
2012-09-10 12:54:13,-67087,1,57.0820684524,0.15037202381
2012-09-10 12:54:14,-67086,1,57.2136904762,0.13162202381
2012-09-10 12:54:15,-67085,1,57.3540922619,0.140401785714
2012-09-10 12:54:16,-67084,1,57.5297619048,0.175669642857
2012-09-10 12:54:17,-67083,1,57.7551339286,0.225372023809
2012-09-10 12:54:18,-67082,1,58.0288690476,0.273735119048
2012-09-10 12:54:19,-67081,1,58.334672619,0.305803571429
2012-09-10 12:54:20,-67080,1,58.6482886905,0.313616071429
2012-09-10 12:54:21,-67079,1,58.9485119048,0.300223214286
2012-09-10 12:54:22,-67078,1,59.2238839286,0.275372023809
2012-09-10 12:54:23,-67077,1,59.4697916667,0.245907738095
2012-09-10 12:54:24,-67076,1,59.6765625,0.206770833333
2012-09-10 12:54:25,-67075,1,59.8202380952,0.143675595238
2012-09-10 12:54:26,-67074,1,59.8691220238,0.0488839285714
2012-09-10 12:54:27,-67073,1,59.8010416667,-0.0680803571428
2012-09-10 12:54:28,-67072,1,59.6185267857,-0.182514880952
2012-09-10 12:54:29,-67071,1,59.3536458333,-0.264880952381
2012-09-10 12:54:30,-67070,1,59.0560267857,-0.297619047619
2012-09-10 12:54:31,-67069,1,58.7697916667,-0.286235119048
2012-09-10 12:54:32,-67068,1,58.5165178571,-0.253273809524
2012-09-10 12:54:33,-67067,1,58.2975446429,-0.218973214286
2012-09-10 12:54:34,-67066,1,58.1128720238,-0.184672619048
2012-09-10 12:54:35,-67065,1,57.9589285714,-0.153943452381
2012-09-10 12:54:36,-67064,1,57.7811011905,-0.177827380952
2012-09-10 12:54:37,-67063,1,57.4523809524,-0.328720238095
2012-09-10 12:54:38,-67062,1,56.8514880952,-0.600892857143
2012-09-10 12:54:39,-67061,1,55.9744791667,-0.877008928571
2012-09-10 12:54:40,-67060,1,54.9633928571,-1.01108630952
2012-09-10 12:54:41,-67059,1,54.0261160714,-0.937276785714
2012-09-10 12:54:42,-67058,1,53.3085565476,-0.71755952381
2012-09-10 12:54:43,-67057,1,52.8218005952,-0.486755952381
2012-09-10 12:54:44,-67056,1,52.4835565476,-0.338244047619
2012-09-10 12:54:45,-67055,1,52.2086309524,-0.274925595238
2012-09-10 12:54:46,-67054,1,51.9521577381,-0.256473214286
2012-09-10 12:54:47,-67053,1,51.7046130952,-0.247544642857
2012-09-10 12:54:48,-67052,1,51.4780505952,-0.2265625
2012-09-10 12:54:49,-67051,1,51.2945684524,-0.183482142857
2012-09-10 12:54:50,-67050,1,51.1930803571,-0.101488095238
2012-09-10 12:54:51,-67049,1,51.2494791667,0.0563988095238
2012-09-10 12:54:52,-67048,1,51.555952381,0.306473214286
2012-09-10 12:54:53,-67047,1,52.1517857143,0.595833333333
2012-09-10 12:54:54,-67046,1,52.9727678571,0.820982142857
2012-09-10 12:54:55,-67045,1,53.865922619,0.893154761905
2012-09-10 12:54:56,-67044,1,54.6616815476,0.795758928571
2012-09-10 12:54:57,-67043,1,55.2572172619,0.595535714286
2012-09-10 12:54:58,-67042,1,55.6477678571,0.390550595238
2012-09-10 12:54:59,-67041,1,55.8916666667,0.243898809524
2012-09-10 12:55:00,-67040,1,56.0586309524,0.166964285714
2012-09-10 12:55:01,-67039,1,56.1990327381,0.140401785714
2012-09-10 12:55:02,-67038,1,56.3310267857,0.131994047619
2012-09-10 12:55:03,-67037,1,56.4431547619,0.112127976191
2012-09-10 12:55:04,-67036,1,56.5136904762,0.0705357142857
2012-09-10 12:55:05,-67035,1,56.5273065476,0.0136160714286
2012-09-10 12:55:06,-67034,1,56.4732886905,-0.0540178571429
2012-09-10 12:55:07,-67033,1,56.3365327381,-0.136755952381
2012-09-10 12:55:08,-67032,1,56.0985119048,-0.238020833333
2012-09-10 12:55:09,-67031,1,55.7540922619,-0.344419642857
2012-09-10 12:55:10,-67030,1,55.3291666667,-0.424925595238
2012-09-10 12:55:11,-67029,1,54.8742559524,-0.454910714286
2012-09-10 12:55:12,-67028,1,54.4410714286,-0.43318452381
2012-09-10 12:55:13,-67027,1,54.0689732143,-0.372098214286
2012-09-10 12:55:14,-67026,1,53.7857142857,-0.283258928571
2012-09-10 12:55:15,-67025,1,53.6146577381,-0.171056547619
2012-09-10 12:55:16,-67024,1,53.576860119,-0.0377976190476
2012-09-10 12:55:17,-67023,1,53.678125,0.101264880952
2012-09-10 12:55:18,-67022,1,53.8998511905,0.221726190476
2012-09-10 12:55:19,-67021,1,54.2087797619,0.308928571429
2012-09-10 12:55:20,-67020,1,54.5631696429,0.354389880952
2012-09-10 12:55:21,-67019,1,54.9072172619,0.344047619048
2012-09-10 12:55:22,-67018,1,55.1766369048,0.269419642857
2012-09-10 12:55:23,-67017,1,55.3213541667,0.144717261905
2012-09-10 12:55:24,-67016,1,55.3294642857,0.0081101190476
2012-09-10 12:55:25,-67015,1,55.2330357143,-0.0964285714286
2012-09-10 12:55:26,-67014,1,55.084077381,-0.148958333333
2012-09-10 12:55:27,-67013,1,54.9185267857,-0.165550595238
2012-09-10 12:55:28,-67012,1,54.7398065476,-0.178720238095
2012-09-10 12:55:29,-67011,1,54.5293154762,-0.210491071428
2012-09-10 12:55:30,-67010,1,54.2701636905,-0.259151785714
2012-09-10 12:55:31,-67009,1,53.9644345238,-0.305729166667
2012-09-10 12:55:32,-67008,1,53.6281994048,-0.336235119048
2012-09-10 12:55:33,-67007,1,53.2733630952,-0.354836309524
2012-09-10 12:55:34,-67006,1,52.9041666667,-0.369196428571
2012-09-10 12:55:35,-67005,1,52.5310267857,-0.373139880952
2012-09-10 12:55:36,-67004,1,52.1750744048,-0.355952380952
2012-09-10 12:55:37,-67003,1,51.8592261905,-0.315848214286
2012-09-10 12:55:38,-67002,1,51.6027529762,-0.256473214286
2012-09-10 12:55:39,-67001,1,51.4148809524,-0.18787202381
2012-09-10 12:55:40,-67000,1,51.2854166667,-0.129464285714
2012-09-10 12:55:41,-66999,1,51.1880208333,-0.0973958333334
2012-09-10 12:55:42,-66998,1,51.0930059524,-0.0950148809523
2012-09-10 12:55:43,-66997,1,50.981547619,-0.111458333333
2012-09-10 12:55:44,-66996,1,50.8626488095,-0.118898809524
2012-09-10 12:55:45,-66995,1,50.7628720238,-0.0997767857143
2012-09-10 12:55:46,-66994,1,50.6546875,-0.108184523809
2012-09-10 12:55:47,-66993,1,50.3759672619,-0.278720238095
2012-09-10 12:55:48,-66992,1,49.6439732143,-0.731994047619
2012-09-10 12:55:49,-66991,1,48.1790178571,-1.46495535714
2012-09-10 12:55:50,-66990,1,45.8503720238,-2.32864583333
2012-09-10 12:55:51,-66989,1,42.7464285714,-3.10394345238
2012-09-10 12:55:52,-66988,1,39.1192708333,-3.6271577381
2012-09-10 12:55:53,-66987,1,35.2443452381,-3.87492559524
2012-09-10 12:55:54,-66986,1,31.3003720238,-3.94397321429
2012-09-10 12:55:55,-66985,1,27.3265625,-3.97380952381
2012-09-10 12:55:56,-66984,1,23.2380208333,-4.08854166667
2012-09-10 12:55:57,-66983,1,18.8875,-4.35052083333
2012-09-10 12:55:58,-66982,1,14.2021577381,-4.6853422619
2012-09-10 12:55:59,-66981,1,9.39337797619,-4.8087797619
2012-09-10 12:56:00,-66980,1,5.13370535714,-4.25967261905
2012-09-10 12:56:01,-66979,1,0.0,-5.13370535714
2012-09-10 12:56:21,-66959,20,0.0,0.0
2012-09-10 12:56:22,-66958,1,4.23511904762,4.23511904762
2012-09-10 12:56:23,-66957,1,8.00483630952,3.7697172619
2012-09-10 12:56:24,-66956,1,12.5630208333,4.55818452381
2012-09-10 12:56:25,-66955,1,17.254985119,4.69196428571
2012-09-10 12:56:26,-66954,1,21.7118303571,4.4568452381
2012-09-10 12:56:27,-66953,1,25.7933035714,4.08147321429
2012-09-10 12:56:28,-66952,1,29.5046875,3.71138392857
2012-09-10 12:56:29,-66951,1,32.8502232143,3.34553571429
2012-09-10 12:56:30,-66950,1,35.7275297619,2.87730654762
2012-09-10 12:56:31,-66949,1,37.9674107143,2.23988095238
2012-09-10 12:56:32,-66948,1,39.4436011905,1.47619047619
2012-09-10 12:56:33,-66947,1,40.1363095238,0.692708333333
2012-09-10 12:56:34,-66946,1,40.102827381,-0.0334821428571
2012-09-10 12:56:35,-66945,1,39.3736607143,-0.729166666667
2012-09-10 12:56:36,-66944,1,37.8869047619,-1.48675595238
2012-09-10 12:56:37,-66943,1,35.5541666667,-2.33273809524
2012-09-10 12:56:38,-66942,1,32.3685267857,-3.18563988095
2012-09-10 12:56:39,-66941,1,28.4132759354,-3.95525085034
2012-09-10 12:56:40,-66940,1,23.8033694728,-4.60990646258
2012-09-10 12:56:41,-66939,1,18.7181866497,-5.08518282313
2012-09-10 12:56:42,-66938,1,13.5521045918,-5.16608205782
2012-09-10 12:56:43,-66937,1,8.95045705782,-4.60164753401
2012-09-10 12:56:44,-66936,1,5.55214710884,-3.39830994898
2012-09-10 12:56:45,-66935,1,3.63066539116,-1.92148171769
2012-09-10 12:56:46,-66934,1,2.9418792517,-0.688786139456
2012-09-10 12:56:47,-66933,1,2.89859693878,-0.0432823129252
2012-09-10 12:56:48,-66932,1,3.02134353741,0.122746598639
2012-09-10 12:56:49,-66931,1,3.36548681973,0.344143282313
2012-09-10 12:56:50,-66930,1,4.48927508503,1.12378826531
2012-09-10 12:56:51,-66929,1,6.96325467687,2.47397959184
2012-09-10 12:56:52,-66928,1,10.9037096088,3.94045493197
2012-09-10 12:56:53,-66927,1,15.8646364796,4.96092687075
2012-09-10 12:56:54,-66926,1,21.0930484694,5.2284119898
2012-09-10 12:56:55,-66925,1,25.9643388605,4.87129039116
2012-09-10 12:56:56,-66924,1,30.2193877551,4.25504889456
2012-09-10 12:56:57,-66923,1,33.826264881,3.60687712585
2012-09-10 12:56:58,-66922,1,36.7741815476,2.94791666667
2012-09-10 12:56:59,-66921,1,39.0590029762,2.28482142857
2012-09-10 12:57:00,-66920,1,40.7507440476,1.69174107143
2012-09-10 12:57:01,-66919,1,41.9933035714,1.24255952381
2012-09-10 12:57:02,-66918,1,42.9371279762,0.943824404762
2012-09-10 12:57:03,-66917,1,43.6732886905,0.736160714286
2012-09-10 12:57:04,-66916,1,44.2209077381,0.547619047619
2012-09-10 12:57:05,-66915,1,44.5639880952,0.343080357143
2012-09-10 12:57:06,-66914,1,44.698735119,0.134747023809
2012-09-10 12:57:07,-66913,1,44.6607142857,-0.0380208333333
2012-09-10 12:57:08,-66912,1,44.5212053571,-0.139508928571
2012-09-10 12:57:09,-66911,1,44.3601190476,-0.161086309524
2012-09-10 12:57:10,-66910,1,44.2374255952,-0.122693452381
2012-09-10 12:57:11,-66909,1,44.1770089286,-0.0604166666667
2012-09-10 12:57:12,-66908,1,44.1618303571,-0.0151785714285
2012-09-10 12:57:13,-66907,1,44.1446428571,-0.0171875
2012-09-10 12:57:14,-66906,1,44.071875,-0.0727678571429
2012-09-10 12:57:15,-66905,1,43.9013392857,-0.170535714286
2012-09-10 12:57:16,-66904,1,43.6113095238,-0.290029761905
2012-09-10 12:57:17,-66903,1,43.2107886905,-0.400520833333
2012-09-10 12:57:18,-66902,1,42.7404017857,-0.470386904762
2012-09-10 12:57:19,-66901,1,42.2557291667,-0.484672619048
2012-09-10 12:57:20,-66900,1,41.804985119,-0.450744047619
2012-09-10 12:57:21,-66899,1,41.4119047619,-0.393080357143
2012-09-10 12:57:22,-66898,1,41.0635416667,-0.348363095238
2012-09-10 12:57:23,-66897,1,40.6915178571,-0.372023809524
2012-09-10 12:57:24,-66896,1,40.1582589286,-0.533258928571
2012-09-10 12:57:25,-66895,1,39.2938244048,-0.864434523809
2012-09-10 12:57:26,-66894,1,37.9795386905,-1.31428571429
2012-09-10 12:57:27,-66893,1,36.2133184524,-1.7662202381
2012-09-10 12:57:28,-66892,1,34.1104910714,-2.10282738095
2012-09-10 12:57:29,-66891,1,31.8212797619,-2.28921130952
2012-09-10 12:57:30,-66890,1,29.3964285714,-2.42485119048
2012-09-10 12:57:31,-66889,1,26.7168154762,-2.67961309524
2012-09-10 12:57:32,-66888,1,23.5799107143,-3.1369047619
2012-09-10 12:57:33,-66887,1,19.9140625,-3.66584821429
2012-09-10 12:57:34,-66886,1,15.990922619,-3.92313988095
2012-09-10 12:57:35,-66885,1,12.4501488095,-3.54077380952
2012-09-10 12:57:36,-66884,1,10.0271577381,-2.42299107143
2012-09-10 12:57:37,-66883,1,9.13296130952,-0.894196428571
2012-09-10 12:57:38,-66882,1,9.61391369048,0.480952380952
2012-09-10 12:57:39,-66881,1,10.8723958333,1.25848214286
2012-09-10 12:57:40,-66880,1,12.2299107143,1.35751488095
2012-09-10 12:57:41,-66879,1,13.2666666667,1.03675595238
2012-09-10 12:57:42,-66878,1,13.9369791667,0.6703125
2012-09-10 12:57:43,-66877,1,14.4526041667,0.515625
2012-09-10 12:57:44,-66876,1,15.0891369048,0.636532738095
2012-09-10 12:57:45,-66875,1,16.0484375,0.959300595238
2012-09-10 12:57:46,-66874,1,17.3894345238,1.34099702381
2012-09-10 12:57:47,-66873,1,18.9879464286,1.59851190476
2012-09-10 12:57:48,-66872,1,20.5093005952,1.52135416667
2012-09-10 12:57:49,-66871,1,21.4427827381,0.933482142857
2012-09-10 12:57:50,-66870,1,21.2773065476,-0.165476190476
2012-09-10 12:57:51,-66869,1,19.7845982143,-1.49270833333
2012-09-10 12:57:52,-66868,1,17.2100446429,-2.57455357143
2012-09-10 12:57:53,-66867,1,14.2024553571,-3.00758928571
2012-09-10 12:57:54,-66866,1,11.5474702381,-2.65498511905
2012-09-10 12:57:55,-66865,1,9.8709077381,-1.6765625
2012-09-10 12:57:56,-66864,1,9.39828869048,-0.472619047619
2012-09-10 12:57:57,-66863,1,9.8619047619,0.463616071429
2012-09-10 12:57:58,-66862,1,10.6344494048,0.772544642857
2012-09-10 12:57:59,-66861,1,11.0275297619,0.393080357143
2012-09-10 12:58:00,-66860,1,10.6287946429,-0.398735119048
2012-09-10 12:58:01,-66859,1,9.51651785714,-1.11227678571
2012-09-10 12:58:02,-66858,1,8.17686011905,-1.3396577381
2012-09-10 12:58:03,-66857,1,7.17901785714,-0.997842261905
2012-09-10 12:58:04,-66856,1,6.88720238095,-0.29181547619
2012-09-10 12:58:05,-66855,1,7.35811011905,0.470907738095
2012-09-10 12:58:06,-66854,1,8.36822916667,1.01011904762
2012-09-10 12:58:07,-66853,1,9.5265625,1.15833333333
2012-09-10 12:58:08,-66852,1,10.4552083333,0.928645833333
2012-09-10 12:58:09,-66851,1,10.9401041667,0.484895833333
2012-09-10 12:58:10,-66850,1,10.9536458333,0.0135416666666
2012-09-10 12:58:11,-66849,1,10.5771577381,-0.376488095238
2012-09-10 12:58:12,-66848,1,9.92321428571,-0.653943452381
2012-09-10 12:58:13,-66847,1,9.09635416667,-0.826860119048
2012-09-10 12:58:14,-66846,1,8.17723214286,-0.91912202381
2012-09-10 12:58:15,-66845,1,7.23333333333,-0.943898809524
2012-09-10 12:58:16,-66844,1,6.33169642857,-0.901636904762
2012-09-10 12:58:17,-66843,1,5.52120535714,-0.810491071429
2012-09-10 12:58:18,-66842,1,4.82805059524,-0.693154761905
2012-09-10 12:58:19,-66841,1,4.26592261905,-0.56212797619
2012-09-10 12:58:20,-66840,1,3.78772321429,-0.478199404762
2012-09-10 12:58:21,-66839,1,3.23787202381,-0.549851190476
2012-09-10 12:58:22,-66838,1,2.4587797619,-0.779092261905
2012-09-10 12:58:23,-66837,1,1.52790178571,-0.93087797619
2012-09-10 12:58:24,-66836,1,0.0,-1.52790178571
2012-09-10 13:18:33,-65627,1209,0.0,0.0
2012-09-10 13:18:34,-65626,1,1.82209821429,1.82209821429
2012-09-10 13:18:35,-65625,1,3.14181547619,1.3197172619
2012-09-10 13:18:36,-65624,1,4.32150297619,1.1796875
2012-09-10 13:18:37,-65623,1,4.98638392857,0.664880952381
2012-09-10 13:18:38,-65622,1,5.06078869048,0.0744047619048
2012-09-10 13:18:39,-65621,1,4.72113095238,-0.339657738095
2012-09-10 13:18:40,-65620,1,4.28251488095,-0.438616071429
2012-09-10 13:18:41,-65619,1,4.00438988095,-0.278125
2012-09-10 13:18:42,-65618,1,3.92172619048,-0.0826636904762
2012-09-10 13:18:43,-65617,1,3.88206845238,-0.0396577380952
2012-09-10 13:18:44,-65616,1,3.7490327381,-0.133035714286
2012-09-10 13:18:45,-65615,1,3.55431547619,-0.194717261905
2012-09-10 13:18:46,-65614,1,3.47886904762,-0.0754464285714
2012-09-10 13:18:47,-65613,1,3.70944940476,0.230580357143
2012-09-10 13:18:48,-65612,1,4.2994047619,0.589955357143
2012-09-10 13:18:49,-65611,1,5.15617559524,0.856770833333
2012-09-10 13:18:50,-65610,1,6.1400297619,0.983854166667
2012-09-10 13:18:51,-65609,1,7.12194940476,0.981919642857
2012-09-10 13:18:52,-65608,1,7.92712797619,0.805178571429
2012-09-10 13:18:53,-65607,1,8.27688988095,0.349761904762
2012-09-10 13:18:54,-65606,1,7.88623511905,-0.390654761905
2012-09-10 13:18:55,-65605,1,6.70507440476,-1.18116071429
2012-09-10 13:18:56,-65604,1,5.05982142857,-1.64525297619
2012-09-10 13:18:57,-65603,1,3.48970238095,-1.57011904762
2012-09-10 13:18:58,-65602,1,2.4053125,-1.08438988095
2012-09-10 13:18:59,-65601,1,1.90177083333,-0.503541666667
2012-09-10 13:19:00,-65600,1,1.89927083333,-0.0025
2012-09-10 13:19:01,-65599,1,2.41113095238,0.511860119048
2012-09-10 13:19:02,-65598,1,3.58864583333,1.17751488095
2012-09-10 13:19:03,-65597,1,5.52239583333,1.93375
2012-09-10 13:19:04,-65596,1,8.06561011905,2.54321428571
2012-09-10 13:19:05,-65595,1,10.8379464286,2.77233630952
2012-09-10 13:19:06,-65594,1,13.4190178571,2.58107142857
2012-09-10 13:19:07,-65593,1,15.5791220238,2.16010416667
2012-09-10 13:19:08,-65592,1,17.320014881,1.74089285714
2012-09-10 13:19:09,-65591,1,18.7837797619,1.46376488095
2012-09-10 13:19:10,-65590,1,20.198139881,1.41436011905
2012-09-10 13:19:11,-65589,1,21.7993303571,1.60119047619
2012-09-10 13:19:12,-65588,1,23.726860119,1.9275297619
2012-09-10 13:19:13,-65587,1,26.0056547619,2.27879464286
2012-09-10 13:19:14,-65586,1,28.5742559524,2.56860119048
2012-09-10 13:19:15,-65585,1,31.2946428571,2.72038690476
2012-09-10 13:19:16,-65584,1,33.9860863095,2.69144345238
2012-09-10 13:19:17,-65583,1,36.4760416667,2.48995535714
2012-09-10 13:19:18,-65582,1,38.6345238095,2.15848214286
2012-09-10 13:19:19,-65581,1,40.4064732143,1.77194940476
2012-09-10 13:19:20,-65580,1,41.8232142857,1.41674107143
2012-09-10 13:19:21,-65579,1,42.9555803571,1.13236607143
2012-09-10 13:19:22,-65578,1,43.8530505952,0.897470238095
2012-09-10 13:19:23,-65577,1,44.5438988095,0.690848214286
2012-09-10 13:19:24,-65576,1,45.079389881,0.535491071429
2012-09-10 13:19:25,-65575,1,45.5389880952,0.459598214286
2012-09-10 13:19:26,-65574,1,45.9740327381,0.435044642857
2012-09-10 13:19:27,-65573,1,46.3662202381,0.3921875
2012-09-10 13:19:28,-65572,1,46.6696428571,0.303422619048
2012-09-10 13:19:29,-65571,1,46.8870535714,0.217410714286
2012-09-10 13:19:30,-65570,1,47.0840029762,0.196949404762
2012-09-10 13:19:31,-65569,1,47.3351934524,0.25119047619
2012-09-10 13:19:32,-65568,1,47.6691964286,0.33400297619
2012-09-10 13:19:33,-65567,1,48.0619047619,0.392708333333
2012-09-10 13:19:34,-65566,1,48.4757440476,0.413839285714
2012-09-10 13:19:35,-65565,1,48.8917410714,0.41599702381
2012-09-10 13:19:36,-65564,1,49.3015625,0.409821428571
2012-09-10 13:19:37,-65563,1,49.6897321429,0.388169642857
2012-09-10 13:19:38,-65562,1,50.0328869048,0.343154761905
2012-09-10 13:19:39,-65561,1,50.3064732143,0.273586309524
2012-09-10 13:19:40,-65560,1,50.4770089286,0.170535714286
2012-09-10 13:19:41,-65559,1,50.4337797619,-0.0432291666666
2012-09-10 13:19:42,-65558,1,49.8805803571,-0.553199404762
2012-09-10 13:19:43,-65557,1,48.3739583333,-1.50662202381
2012-09-10 13:19:44,-65556,1,45.5994047619,-2.77455357143
2012-09-10 13:19:45,-65555,1,41.646875,-3.9525297619
2012-09-10 13:19:46,-65554,1,37.0061755952,-4.64069940476
2012-09-10 13:19:47,-65553,1,32.2662202381,-4.73995535714
2012-09-10 13:19:48,-65552,1,27.7396577381,-4.5265625
2012-09-10 13:19:49,-65551,1,23.3255952381,-4.4140625
2012-09-10 13:19:50,-65550,1,18.7323660714,-4.59322916667
2012-09-10 13:19:51,-65549,1,13.8430803571,-4.88928571429
2012-09-10 13:19:52,-65548,1,8.94888392857,-4.89419642857
2012-09-10 13:19:53,-65547,1,4.77983630952,-4.16904761905
2012-09-10 13:19:54,-65546,1,0.0,-4.77983630952
2012-09-10 13:20:13,-65527,19,0.0,0.0
2012-09-10 13:20:14,-65526,1,4.62723214286,4.62723214286
2012-09-10 13:20:15,-65525,1,8.5490327381,3.92180059524
2012-09-10 13:20:16,-65524,1,13.0054315476,4.45639880952
2012-09-10 13:20:17,-65523,1,17.2570684524,4.25163690476
2012-09-10 13:20:18,-65522,1,21.0162202381,3.75915178571
2012-09-10 13:20:19,-65521,1,24.3138392857,3.29761904762
2012-09-10 13:20:20,-65520,1,27.2594494048,2.94561011905
2012-09-10 13:20:21,-65519,1,29.86875,2.60930059524
2012-09-10 13:20:22,-65518,1,32.0214285714,2.15267857143
2012-09-10 13:20:23,-65517,1,33.5212053571,1.49977678571
2012-09-10 13:20:24,-65516,1,34.2226934524,0.701488095238
2012-09-10 13:20:25,-65515,1,34.1388392857,-0.0838541666666
2012-09-10 13:20:26,-65514,1,33.4475446429,-0.691294642857
2012-09-10 13:20:27,-65513,1,32.3989583333,-1.04858630952
2012-09-10 13:20:28,-65512,1,31.159375,-1.23958333333
2012-09-10 13:20:29,-65511,1,29.6972470238,-1.46212797619
2012-09-10 13:20:30,-65510,1,27.8652529762,-1.83199404762
2012-09-10 13:20:31,-65509,1,25.6369047619,-2.22834821429
2012-09-10 13:20:32,-65508,1,23.2602678571,-2.37663690476
2012-09-10 13:20:33,-65507,1,21.2020833333,-2.05818452381
2012-09-10 13:20:34,-65506,1,19.9358630952,-1.2662202381
2012-09-10 13:20:35,-65505,1,19.7119791667,-0.223883928571
2012-09-10 13:20:36,-65504,1,20.4925595238,0.780580357143
2012-09-10 13:20:37,-65503,1,22.0792410714,1.58668154762
2012-09-10 13:20:38,-65502,1,24.245610119,2.16636904762
2012-09-10 13:20:39,-65501,1,26.7753720238,2.52976190476
2012-09-10 13:20:40,-65500,1,29.471875,2.69650297619
2012-09-10 13:20:41,-65499,1,32.1695684524,2.69769345238
2012-09-10 13:20:42,-65498,1,34.7379464286,2.56837797619
2012-09-10 13:20:43,-65497,1,37.0806547619,2.34270833333
2012-09-10 13:20:44,-65496,1,39.1281994048,2.04754464286
2012-09-10 13:20:45,-65495,1,40.8427827381,1.71458333333
2012-09-10 13:20:46,-65494,1,42.2425595238,1.39977678571
2012-09-10 13:20:47,-65493,1,43.405952381,1.16339285714
2012-09-10 13:20:48,-65492,1,44.434375,1.02842261905
2012-09-10 13:20:49,-65491,1,45.4013392857,0.966964285714
2012-09-10 13:20:50,-65490,1,46.326264881,0.924925595238
2012-09-10 13:20:51,-65489,1,47.1871279762,0.860863095238
2012-09-10 13:20:52,-65488,1,47.9492559524,0.76212797619
2012-09-10 13:20:53,-65487,1,48.5802827381,0.631026785714
2012-09-10 13:20:54,-65486,1,49.056547619,0.476264880952
2012-09-10 13:20:55,-65485,1,49.3806547619,0.324107142857
2012-09-10 13:20:56,-65484,1,49.5960565476,0.215401785714
2012-09-10 13:20:57,-65483,1,49.7709821429,0.174925595238
2012-09-10 13:20:58,-65482,1,49.9611607143,0.190178571429
2012-09-10 13:20:59,-65481,1,50.1828869048,0.221726190476
2012-09-10 13:21:00,-65480,1,50.4146577381,0.231770833333
2012-09-10 13:21:01,-65479,1,50.6284970238,0.213839285714
2012-09-10 13:21:02,-65478,1,50.8215029762,0.193005952381
2012-09-10 13:21:03,-65477,1,51.0075892857,0.186086309524
2012-09-10 13:21:04,-65476,1,51.184672619,0.177083333333
2012-09-10 13:21:05,-65475,1,51.3296875,0.145014880952
2012-09-10 13:21:06,-65474,1,51.4244791667,0.0947916666667
2012-09-10 13:21:07,-65473,1,51.4665922619,0.0421130952381
2012-09-10 13:21:08,-65472,1,51.4548363095,-0.011755952381
2012-09-10 13:21:09,-65471,1,51.3938244048,-0.0610119047619
2012-09-10 13:21:10,-65470,1,51.3276785714,-0.0661458333333
2012-09-10 13:21:11,-65469,1,51.3542410714,0.0265625
2012-09-10 13:21:12,-65468,1,51.5941964286,0.239955357143
2012-09-10 13:21:13,-65467,1,52.1300595238,0.535863095238
2012-09-10 13:21:14,-65466,1,52.9466517857,0.816592261905
2012-09-10 13:21:15,-65465,1,53.9260416667,0.979389880952
2012-09-10 13:21:16,-65464,1,54.9090029762,0.982961309524
2012-09-10 13:21:17,-65463,1,55.7630208333,0.854017857143
2012-09-10 13:21:18,-65462,1,56.4177827381,0.654761904762
2012-09-10 13:21:19,-65461,1,56.8746279762,0.456845238095
2012-09-10 13:21:20,-65460,1,57.1854166667,0.310788690476
2012-09-10 13:21:21,-65459,1,57.4063244048,0.220907738095
2012-09-10 13:21:22,-65458,1,57.5654761905,0.159151785714
2012-09-10 13:21:23,-65457,1,57.6639136905,0.0984375
2012-09-10 13:21:24,-65456,1,57.6927827381,0.028869047619
2012-09-10 13:21:25,-65455,1,57.6499255952,-0.0428571428571
2012-09-10 13:21:26,-65454,1,57.5451636905,-0.104761904762
2012-09-10 13:21:27,-65453,1,57.3897321429,-0.155431547619
2012-09-10 13:21:28,-65452,1,57.1821428571,-0.207589285714
2012-09-10 13:21:29,-65451,1,56.9000744048,-0.282068452381
2012-09-10 13:21:30,-65450,1,56.5055803571,-0.394494047619
2012-09-10 13:21:31,-65449,1,55.9736607143,-0.531919642857
2012-09-10 13:21:32,-65448,1,55.3139880952,-0.659672619048
2012-09-10 13:21:33,-65447,1,54.5482886905,-0.765699404762
2012-09-10 13:21:34,-65446,1,53.6771577381,-0.871130952381
2012-09-10 13:21:35,-65445,1,52.6800595238,-0.997098214286
2012-09-10 13:21:36,-65444,1,51.5316220238,-1.1484375
2012-09-10 13:21:37,-65443,1,50.2107886905,-1.32083333333
2012-09-10 13:21:38,-65442,1,48.704389881,-1.50639880952
2012-09-10 13:21:39,-65441,1,47.0052827381,-1.69910714286
2012-09-10 13:21:40,-65440,1,45.0924107143,-1.91287202381
2012-09-10 13:21:41,-65439,1,42.8857886905,-2.20662202381
2012-09-10 13:21:42,-65438,1,40.2227678571,-2.66302083333
2012-09-10 13:21:43,-65437,1,36.9322172619,-3.29055059524
2012-09-10 13:21:44,-65436,1,32.9970238095,-3.93519345238
2012-09-10 13:21:45,-65435,1,28.6672619048,-4.32976190476
2012-09-10 13:21:46,-65434,1,24.3670386905,-4.30022321429
2012-09-10 13:21:47,-65433,1,20.4073660714,-3.95967261905
2012-09-10 13:21:48,-65432,1,16.7667410714,-3.640625
2012-09-10 13:21:49,-65431,1,13.2195684524,-3.54717261905
2012-09-10 13:21:50,-65430,1,9.72492559524,-3.49464285714
2012-09-10 13:21:51,-65429,1,6.63608630952,-3.08883928571
2012-09-10 13:21:52,-65428,1,4.52202380952,-2.1140625
2012-09-10 13:21:53,-65427,1,3.8603422619,-0.661681547619
2012-09-10 13:21:54,-65426,1,4.83147321429,0.971130952381
2012-09-10 13:21:55,-65425,1,7.25327380952,2.42180059524
2012-09-10 13:21:56,-65424,1,10.695014881,3.44174107143
2012-09-10 13:21:57,-65423,1,14.6496279762,3.95461309524
2012-09-10 13:21:58,-65422,1,18.6223214286,3.97269345238
2012-09-10 13:21:59,-65421,1,22.2351934524,3.61287202381
2012-09-10 13:22:00,-65420,1,25.3354910714,3.10029761905
2012-09-10 13:22:01,-65419,1,27.9530505952,2.61755952381
2012-09-10 13:22:02,-65418,1,30.1956845238,2.24263392857
2012-09-10 13:22:03,-65417,1,32.2098214286,2.01413690476
2012-09-10 13:22:04,-65416,1,34.1331845238,1.92336309524
2012-09-10 13:22:05,-65415,1,36.0178571429,1.88467261905
2012-09-10 13:22:06,-65414,1,37.8180059524,1.80014880952
2012-09-10 13:22:07,-65413,1,39.4552083333,1.63720238095
2012-09-10 13:22:08,-65412,1,40.8875744048,1.43236607143
2012-09-10 13:22:09,-65411,1,42.131547619,1.24397321429
2012-09-10 13:22:10,-65410,1,43.2343005952,1.10275297619
2012-09-10 13:22:11,-65409,1,44.2316964286,0.997395833333
2012-09-10 13:22:12,-65408,1,45.1296875,0.897991071429
2012-09-10 13:22:13,-65407,1,45.9098214286,0.780133928571
2012-09-10 13:22:14,-65406,1,46.5426339286,0.6328125
2012-09-10 13:22:15,-65405,1,47.0055803571,0.462946428571
2012-09-10 13:22:16,-65404,1,47.2988095238,0.293229166667
2012-09-10 13:22:17,-65403,1,47.4414434524,0.142633928571
2012-09-10 13:22:18,-65402,1,47.4514880952,0.0100446428571
2012-09-10 13:22:19,-65401,1,47.3450892857,-0.106398809524
2012-09-10 13:22:20,-65400,1,47.1668154762,-0.178273809524
2012-09-10 13:22:21,-65399,1,47.0032738095,-0.163541666667
2012-09-10 13:22:22,-65398,1,46.945610119,-0.0576636904762
2012-09-10 13:22:23,-65397,1,47.0328869048,0.0872767857143
2012-09-10 13:22:24,-65396,1,47.2287946429,0.195907738095
2012-09-10 13:22:25,-65395,1,47.455952381,0.227157738095
2012-09-10 13:22:26,-65394,1,47.6584821429,0.202529761905
2012-09-10 13:22:27,-65393,1,47.8274553571,0.168973214286
2012-09-10 13:22:28,-65392,1,47.9729910714,0.145535714286
2012-09-10 13:22:29,-65391,1,48.0984375,0.125446428571
2012-09-10 13:22:30,-65390,1,48.2155505952,0.117113095238
2012-09-10 13:22:31,-65389,1,48.3712053571,0.155654761905
2012-09-10 13:22:32,-65388,1,48.6395833333,0.268377976191
2012-09-10 13:22:33,-65387,1,49.0810267857,0.441443452381
2012-09-10 13:22:34,-65386,1,49.7034970238,0.622470238095
2012-09-10 13:22:35,-65385,1,50.4540922619,0.750595238095
2012-09-10 13:22:36,-65384,1,51.2488095238,0.794717261905
2012-09-10 13:22:37,-65383,1,52.0186011905,0.769791666667
2012-09-10 13:22:38,-65382,1,52.731547619,0.712946428571
2012-09-10 13:22:39,-65381,1,53.3852678571,0.653720238095
2012-09-10 13:22:40,-65380,1,53.9926339286,0.607366071429
2012-09-10 13:22:41,-65379,1,54.5675595238,0.574925595238
2012-09-10 13:22:42,-65378,1,55.1122767857,0.544717261905
2012-09-10 13:22:43,-65377,1,55.6146577381,0.502380952381
2012-09-10 13:22:44,-65376,1,56.0546130952,0.439955357143
2012-09-10 13:22:45,-65375,1,56.4177083333,0.363095238095
2012-09-10 13:22:46,-65374,1,56.7110119048,0.293303571429
2012-09-10 13:22:47,-65373,1,56.9566220238,0.245610119048
2012-09-10 13:22:48,-65372,1,57.1529761905,0.196354166667
2012-09-10 13:22:49,-65371,1,57.2351190476,0.0821428571428
2012-09-10 13:22:50,-65370,1,57.0800595238,-0.155059523809
2012-09-10 13:22:51,-65369,1,56.5866071429,-0.493452380952
2012-09-10 13:22:52,-65368,1,55.7866815476,-0.799925595238
2012-09-10 13:22:53,-65367,1,54.8772321429,-0.909449404762
2012-09-10 13:22:54,-65366,1,54.1317708333,-0.745461309524
2012-09-10 13:22:55,-65365,1,53.7646577381,-0.367113095238
2012-09-10 13:22:56,-65364,1,53.8382440476,0.0735863095238
2012-09-10 13:22:57,-65363,1,54.2668154762,0.428571428572
2012-09-10 13:22:58,-65362,1,54.8921130952,0.625297619048
2012-09-10 13:22:59,-65361,1,55.5421130952,0.65
2012-09-10 13:23:00,-65360,1,56.0549107143,0.512797619048
2012-09-10 13:23:01,-65359,1,56.3169642857,0.262053571429
2012-09-10 13:23:02,-65358,1,56.3086309524,-0.0083333333333
2012-09-10 13:23:03,-65357,1,56.1110119048,-0.197619047619
2012-09-10 13:23:04,-65356,1,55.8627232143,-0.248288690476
2012-09-10 13:23:05,-65355,1,55.6886160714,-0.174107142857
2012-09-10 13:23:06,-65354,1,55.6450892857,-0.0435267857143
2012-09-10 13:23:07,-65353,1,55.7183779762,0.0732886904762
2012-09-10 13:23:08,-65352,1,55.8584821429,0.140104166667
2012-09-10 13:23:09,-65351,1,56.0075892857,0.149107142857
2012-09-10 13:23:10,-65350,1,56.1145833333,0.106994047619
2012-09-10 13:23:11,-65349,1,56.1489583333,0.034375
2012-09-10 13:23:12,-65348,1,56.1131696429,-0.0357886904762
2012-09-10 13:23:13,-65347,1,56.0395089286,-0.0736607142857
2012-09-10 13:23:14,-65346,1,55.9700892857,-0.0694196428571
2012-09-10 13:23:15,-65345,1,55.9342261905,-0.0358630952381
2012-09-10 13:23:16,-65344,1,55.9357142857,0.00148809523809
2012-09-10 13:23:17,-65343,1,55.9579613095,0.0222470238095
2012-09-10 13:23:18,-65342,1,55.9841517857,0.0261904761905
2012-09-10 13:23:19,-65341,1,56.0122767857,0.028125
2012-09-10 13:23:20,-65340,1,56.0520833333,0.039806547619
2012-09-10 13:23:21,-65339,1,56.1134672619,0.0613839285715
2012-09-10 13:23:22,-65338,1,56.2,0.0865327380952
2012-09-10 13:23:23,-65337,1,56.3108630952,0.110863095238
2012-09-10 13:23:24,-65336,1,56.4476190476,0.136755952381
2012-09-10 13:23:25,-65335,1,56.6191964286,0.171577380952
2012-09-10 13:23:26,-65334,1,56.8353422619,0.216145833333
2012-09-10 13:23:27,-65333,1,57.0896577381,0.25431547619
2012-09-10 13:23:28,-65332,1,57.3503720238,0.260714285714
2012-09-10 13:23:29,-65331,1,57.5686755952,0.218303571429
2012-09-10 13:23:30,-65330,1,57.698139881,0.129464285714
2012-09-10 13:23:31,-65329,1,57.717485119,0.0193452380952
2012-09-10 13:23:32,-65328,1,57.6415178571,-0.0759672619047
2012-09-10 13:23:33,-65327,1,57.5054315476,-0.136086309524
2012-09-10 13:23:34,-65326,1,57.3380208333,-0.167410714286
2012-09-10 13:23:35,-65325,1,57.1516369048,-0.186383928571
2012-09-10 13:23:36,-65324,1,56.9492559524,-0.202380952381
2012-09-10 13:23:37,-65323,1,56.7336309524,-0.215625
2012-09-10 13:23:38,-65322,1,56.5130208333,-0.220610119048
2012-09-10 13:23:39,-65321,1,56.3017857143,-0.211235119048
2012-09-10 13:23:40,-65320,1,56.1151041667,-0.186681547619
2012-09-10 13:23:41,-65319,1,55.9635416667,-0.1515625
2012-09-10 13:23:42,-65318,1,55.8517113095,-0.111830357143
2012-09-10 13:23:43,-65317,1,55.7779017857,-0.0738095238095
2012-09-10 13:23:44,-65316,1,55.7337797619,-0.0441220238095
2012-09-10 13:23:45,-65315,1,55.7095238095,-0.024255952381
2012-09-10 13:23:46,-65314,1,55.7023809524,-0.0071428571429
2012-09-10 13:23:47,-65313,1,55.7165178571,0.0141369047619
2012-09-10 13:23:48,-65312,1,55.7521577381,0.0356398809524
2012-09-10 13:23:49,-65311,1,55.7973958333,0.0452380952381
2012-09-10 13:23:50,-65310,1,55.8326636905,0.0352678571429
2012-09-10 13:23:51,-65309,1,55.8448660714,0.0122023809524
2012-09-10 13:23:52,-65308,1,55.8389880952,-0.0058779761905
2012-09-10 13:23:53,-65307,1,55.833110119,-0.0058779761905
2012-09-10 13:23:54,-65306,1,55.8385416667,0.0054315476191
2012-09-10 13:23:55,-65305,1,55.8476190476,0.0090773809523
2012-09-10 13:23:56,-65304,1,55.844047619,-0.0035714285714
2012-09-10 13:23:57,-65303,1,55.8224702381,-0.0215773809524
2012-09-10 13:23:58,-65302,1,55.7941964286,-0.0282738095238
2012-09-10 13:23:59,-65301,1,55.7758184524,-0.0183779761905
2012-09-10 13:24:00,-65300,1,55.7744047619,-0.00141369047611
2012-09-10 13:24:01,-65299,1,55.7754464286,0.0010416666666
2012-09-10 13:24:02,-65298,1,55.7421130952,-0.0333333333333
2012-09-10 13:24:03,-65297,1,55.640922619,-0.101190476191
2012-09-10 13:24:04,-65296,1,55.4777529762,-0.163169642857
2012-09-10 13:24:05,-65295,1,55.3077380952,-0.170014880952
2012-09-10 13:24:06,-65294,1,55.2085565476,-0.0991815476191
2012-09-10 13:24:07,-65293,1,55.2320684524,0.023511904762
2012-09-10 13:24:08,-65292,1,55.3659970238,0.133928571428
2012-09-10 13:24:09,-65291,1,55.5430803571,0.177083333333
2012-09-10 13:24:10,-65290,1,55.6933035714,0.150223214286
2012-09-10 13:24:11,-65289,1,55.7845238095,0.0912202380952
2012-09-10 13:24:12,-65288,1,55.8196428571,0.0351190476191
2012-09-10 13:24:13,-65287,1,55.8160714286,-0.0035714285715
2012-09-10 13:24:14,-65286,1,55.7925595238,-0.0235119047619
2012-09-10 13:24:15,-65285,1,55.7618303571,-0.0307291666666
2012-09-10 13:24:16,-65284,1,55.7283482143,-0.0334821428572
2012-09-10 13:24:17,-65283,1,55.6886904762,-0.0396577380952
2012-09-10 13:24:18,-65282,1,55.6313988095,-0.0572916666667
2012-09-10 13:24:19,-65281,1,55.5446428571,-0.086755952381
2012-09-10 13:24:20,-65280,1,55.4311011905,-0.113541666667
2012-09-10 13:24:21,-65279,1,55.3151041667,-0.115997023809
2012-09-10 13:24:22,-65278,1,55.234077381,-0.0810267857143
2012-09-10 13:24:23,-65277,1,55.2194196429,-0.0146577380953
2012-09-10 13:24:24,-65276,1,55.2798363095,0.0604166666667
2012-09-10 13:24:25,-65275,1,55.398735119,0.118898809524
2012-09-10 13:24:26,-65274,1,55.5462797619,0.147544642857
2012-09-10 13:24:27,-65273,1,55.6970238095,0.150744047619
2012-09-10 13:24:28,-65272,1,55.8392857143,0.142261904762
2012-09-10 13:24:29,-65271,1,55.9666666667,0.127380952381
2012-09-10 13:24:30,-65270,1,56.0645833333,0.0979166666666
2012-09-10 13:24:31,-65269,1,56.117485119,0.0529017857143
2012-09-10 13:24:32,-65268,1,56.1296875,0.0122023809524
2012-09-10 13:24:33,-65267,1,56.1259672619,-0.00372023809521
2012-09-10 13:24:34,-65266,1,56.1306547619,0.0046875
2012-09-10 13:24:35,-65265,1,56.1532738095,0.022619047619
2012-09-10 13:24:36,-65264,1,56.1898809524,0.0366071428571
2012-09-10 13:24:37,-65263,1,56.2285714286,0.0386904761905
2012-09-10 13:24:38,-65262,1,56.2491815476,0.0206101190477
2012-09-10 13:24:39,-65261,1,56.2200892857,-0.0290922619048
2012-09-10 13:24:40,-65260,1,56.1077380952,-0.112351190476
2012-09-10 13:24:41,-65259,1,55.903125,-0.204613095238
2012-09-10 13:24:42,-65258,1,55.6398065476,-0.263318452381
2012-09-10 13:24:43,-65257,1,55.3802827381,-0.259523809524
2012-09-10 13:24:44,-65256,1,55.1851934524,-0.195089285714
2012-09-10 13:24:45,-65255,1,55.0938244048,-0.0913690476191
2012-09-10 13:24:46,-65254,1,55.1213541667,0.0275297619048
2012-09-10 13:24:47,-65253,1,55.2594494048,0.138095238095
2012-09-10 13:24:48,-65252,1,55.473735119,0.214285714286
2012-09-10 13:24:49,-65251,1,55.7077380952,0.23400297619
2012-09-10 13:24:50,-65250,1,55.9007440476,0.193005952381
2012-09-10 13:24:51,-65249,1,56.0122767857,0.111532738095
2012-09-10 13:24:52,-65248,1,56.037797619,0.0255208333333
2012-09-10 13:24:53,-65247,1,56.0017857143,-0.0360119047619
2012-09-10 13:24:54,-65246,1,55.9360119048,-0.0657738095238
2012-09-10 13:24:55,-65245,1,55.8675595238,-0.0684523809524
2012-09-10 13:24:56,-65244,1,55.8186011905,-0.0489583333333
2012-09-10 13:24:57,-65243,1,55.8029761905,-0.015625
2012-09-10 13:24:58,-65242,1,55.8186755952,0.0156994047619
2012-09-10 13:24:59,-65241,1,55.8445684524,0.0258928571428
2012-09-10 13:25:00,-65240,1,55.8510416667,0.0064732142858
2012-09-10 13:25:01,-65239,1,55.8233630952,-0.0276785714286
2012-09-10 13:25:02,-65238,1,55.7746279762,-0.0487351190476
2012-09-10 13:25:03,-65237,1,55.7340029762,-0.040625
2012-09-10 13:25:04,-65236,1,55.7226190476,-0.0113839285715
2012-09-10 13:25:05,-65235,1,55.7354166667,0.0127976190477
2012-09-10 13:25:06,-65234,1,55.7433035714,0.0078869047619
2012-09-10 13:25:07,-65233,1,55.715922619,-0.027380952381
2012-09-10 13:25:08,-65232,1,55.6448660714,-0.071056547619
2012-09-10 13:25:09,-65231,1,55.5500744048,-0.0947916666667
2012-09-10 13:25:10,-65230,1,55.4694196429,-0.0806547619048
2012-09-10 13:25:11,-65229,1,55.4377232143,-0.0316964285714
2012-09-10 13:25:12,-65228,1,55.4654761905,0.0277529761905
2012-09-10 13:25:13,-65227,1,55.5340029762,0.0685267857143
2012-09-10 13:25:14,-65226,1,55.6109375,0.0769345238095
2012-09-10 13:25:15,-65225,1,55.6685267857,0.0575892857143
2012-09-10 13:25:16,-65224,1,55.6938988095,0.0253720238095
2012-09-10 13:25:17,-65223,1,55.6919642857,-0.0019345238095
2012-09-10 13:25:18,-65222,1,55.6765625,-0.0154017857143
2012-09-10 13:25:19,-65221,1,55.6580357143,-0.0185267857143
2012-09-10 13:25:20,-65220,1,55.643452381,-0.0145833333333
2012-09-10 13:25:21,-65219,1,55.6400297619,-0.0034226190476
2012-09-10 13:25:22,-65218,1,55.6494047619,0.009375
2012-09-10 13:25:23,-65217,1,55.6635416667,0.0141369047619
2012-09-10 13:25:24,-65216,1,55.6696428571,0.00610119047619
2012-09-10 13:25:25,-65215,1,55.6588541667,-0.0107886904762
2012-09-10 13:25:26,-65214,1,55.6341517857,-0.0247023809524
2012-09-10 13:25:27,-65213,1,55.6131696429,-0.0209821428572
2012-09-10 13:25:28,-65212,1,55.6222470238,0.0090773809524
2012-09-10 13:25:29,-65211,1,55.6822172619,0.0599702380953
2012-09-10 13:25:30,-65210,1,55.7931547619,0.1109375
2012-09-10 13:25:31,-65209,1,55.9275297619,0.134375
2012-09-10 13:25:32,-65208,1,56.0380208333,0.110491071428
2012-09-10 13:25:33,-65207,1,56.0800595238,0.0420386904762
2012-09-10 13:25:34,-65206,1,56.032514881,-0.0475446428571
2012-09-10 13:25:35,-65205,1,55.9006696429,-0.131845238095
2012-09-10 13:25:36,-65204,1,55.712202381,-0.188467261905
2012-09-10 13:25:37,-65203,1,55.5158482143,-0.196354166667
2012-09-10 13:25:38,-65202,1,55.3727678571,-0.143080357143
2012-09-10 13:25:39,-65201,1,55.3339285714,-0.0388392857143
2012-09-10 13:25:40,-65200,1,55.4098214286,0.0758928571428
2012-09-10 13:25:41,-65199,1,55.5555059524,0.14568452381
2012-09-10 13:25:42,-65198,1,55.6959821429,0.140476190476
2012-09-10 13:25:43,-65197,1,55.776860119,0.0808779761905
2012-09-10 13:25:44,-65196,1,55.7915922619,0.0147321428571
2012-09-10 13:25:45,-65195,1,55.7642113095,-0.0273809523809
2012-09-10 13:25:46,-65194,1,55.7161458333,-0.0480654761905
2012-09-10 13:25:47,-65193,1,55.6503720238,-0.0657738095238
2012-09-10 13:25:48,-65192,1,55.5609375,-0.0894345238095
2012-09-10 13:25:49,-65191,1,55.455952381,-0.104985119048
2012-09-10 13:25:50,-65190,1,55.3620535714,-0.0938988095238
2012-09-10 13:25:51,-65189,1,55.2972470238,-0.0648065476191
2012-09-10 13:25:52,-65188,1,55.2547619048,-0.0424851190476
2012-09-10 13:25:53,-65187,1,55.225,-0.0297619047619
2012-09-10 13:25:54,-65186,1,55.216889881,-0.0081101190476
2012-09-10 13:25:55,-65185,1,55.2494791667,0.0325892857143
2012-09-10 13:25:56,-65184,1,55.3334077381,0.0839285714285
2012-09-10 13:25:57,-65183,1,55.4623511905,0.128943452381
2012-09-10 13:25:58,-65182,1,55.61875,0.156398809524
2012-09-10 13:25:59,-65181,1,55.7898065476,0.171056547619
2012-09-10 13:26:00,-65180,1,55.9726934524,0.182886904762
2012-09-10 13:26:01,-65179,1,56.1561755952,0.183482142857
2012-09-10 13:26:02,-65178,1,56.3033482143,0.147172619048
2012-09-10 13:26:03,-65177,1,56.3625,0.0591517857143
2012-09-10 13:26:04,-65176,1,56.2976190476,-0.0648809523809
2012-09-10 13:26:05,-65175,1,56.1151041667,-0.182514880952
2012-09-10 13:26:06,-65174,1,55.8698660714,-0.245238095238
2012-09-10 13:26:07,-65173,1,55.6398065476,-0.23005952381
2012-09-10 13:26:08,-65172,1,55.4825892857,-0.157217261905
2012-09-10 13:26:09,-65171,1,55.4146577381,-0.0679315476191
2012-09-10 13:26:10,-65170,1,55.4267857143,0.0121279761905
2012-09-10 13:26:11,-65169,1,55.5058035714,0.0790178571429
2012-09-10 13:26:12,-65168,1,55.6334821429,0.127678571428
2012-09-10 13:26:13,-65167,1,55.7700892857,0.136607142857
2012-09-10 13:26:14,-65166,1,55.8557291667,0.0856398809524
2012-09-10 13:26:15,-65165,1,55.8456845238,-0.0100446428572
2012-09-10 13:26:16,-65164,1,55.748735119,-0.0969494047619
2012-09-10 13:26:17,-65163,1,55.6241815476,-0.124553571429
2012-09-10 13:26:18,-65162,1,55.538764881,-0.0854166666666
2012-09-10 13:26:19,-65161,1,55.5248511905,-0.0139136904762
2012-09-10 13:26:20,-65160,1,55.5671875,0.0423363095238
2012-09-10 13:26:21,-65159,1,55.6148809524,0.0476934523809
2012-09-10 13:26:22,-65158,1,55.609672619,-0.0052083333333
2012-09-10 13:26:23,-65157,1,55.5186011905,-0.0910714285714
2012-09-10 13:26:24,-65156,1,55.3485863095,-0.170014880952
2012-09-10 13:26:25,-65155,1,55.1351934524,-0.213392857143
2012-09-10 13:26:26,-65154,1,54.920610119,-0.214583333333
2012-09-10 13:26:27,-65153,1,54.7359375,-0.184672619048
2012-09-10 13:26:28,-65152,1,54.6030505952,-0.132886904762
2012-09-10 13:26:29,-65151,1,54.553125,-0.0499255952381
2012-09-10 13:26:30,-65150,1,54.6243303571,0.0712053571429
2012-09-10 13:26:31,-65149,1,54.8316220238,0.207291666667
2012-09-10 13:26:32,-65148,1,55.1491071429,0.317485119048
2012-09-10 13:26:33,-65147,1,55.5183779762,0.369270833333
2012-09-10 13:26:34,-65146,1,55.8667410714,0.348363095238
2012-09-10 13:26:35,-65145,1,56.1276041667,0.260863095238
2012-09-10 13:26:36,-65144,1,56.2578125,0.130208333333
2012-09-10 13:26:37,-65143,1,56.251860119,-0.0059523809524
2012-09-10 13:26:38,-65142,1,56.1508928571,-0.100967261905
2012-09-10 13:26:39,-65141,1,56.0286458333,-0.12224702381
2012-09-10 13:26:40,-65140,1,55.9517857143,-0.0768601190476
2012-09-10 13:26:41,-65139,1,55.9447916667,-0.006994047619
2012-09-10 13:26:42,-65138,1,55.9869791667,0.0421875
2012-09-10 13:26:43,-65137,1,56.0357142857,0.0487351190476
2012-09-10 13:26:44,-65136,1,56.0473214286,0.0116071428571
2012-09-10 13:26:45,-65135,1,55.9837797619,-0.0635416666666
2012-09-10 13:26:46,-65134,1,55.8223214286,-0.161458333333
2012-09-10 13:26:47,-65133,1,55.5776785714,-0.244642857143
2012-09-10 13:26:48,-65132,1,55.3171875,-0.260491071429
2012-09-10 13:26:49,-65131,1,55.1412946429,-0.175892857143
2012-09-10 13:26:50,-65130,1,55.126264881,-0.0150297619047
2012-09-10 13:26:51,-65129,1,55.2693452381,0.143080357143
2012-09-10 13:26:52,-65128,1,55.4892857143,0.219940476191
2012-09-10 13:26:53,-65127,1,55.6817708333,0.192485119048
2012-09-10 13:26:54,-65126,1,55.7760416667,0.0942708333334
2012-09-10 13:26:55,-65125,1,55.7537946429,-0.0222470238096
2012-09-10 13:26:56,-65124,1,55.637202381,-0.116592261905
2012-09-10 13:26:57,-65123,1,55.4674107143,-0.169791666667
2012-09-10 13:26:58,-65122,1,55.2858630952,-0.181547619048
2012-09-10 13:26:59,-65121,1,55.1272321429,-0.158630952381
2012-09-10 13:27:00,-65120,1,55.0208333333,-0.106398809524
2012-09-10 13:27:01,-65119,1,54.9876488095,-0.0331845238095
2012-09-10 13:27:02,-65118,1,55.0377232143,0.0500744047619
2012-09-10 13:27:03,-65117,1,55.1741815476,0.136458333333
2012-09-10 13:27:04,-65116,1,55.3910714286,0.216889880952
2012-09-10 13:27:05,-65115,1,55.6650297619,0.273958333333
2012-09-10 13:27:06,-65114,1,55.9532738095,0.288244047619
2012-09-10 13:27:07,-65113,1,56.1992559524,0.245982142857
2012-09-10 13:27:08,-65112,1,56.349702381,0.150446428571
2012-09-10 13:27:09,-65111,1,56.3791666667,0.0294642857143
2012-09-10 13:27:10,-65110,1,56.3015625,-0.0776041666667
2012-09-10 13:27:11,-65109,1,56.1654017857,-0.136160714286
2012-09-10 13:27:12,-65108,1,56.0400297619,-0.12537202381
2012-09-10 13:27:13,-65107,1,55.9888392857,-0.0511904761905
2012-09-10 13:27:14,-65106,1,56.0373511905,0.0485119047619
2012-09-10 13:27:15,-65105,1,56.159375,0.122023809524
2012-09-10 13:27:16,-65104,1,56.2963541667,0.136979166667
2012-09-10 13:27:17,-65103,1,56.4017857143,0.105431547619
2012-09-10 13:27:18,-65102,1,56.4750744048,0.0732886904762
2012-09-10 13:27:19,-65101,1,56.5526785714,0.0776041666667
2012-09-10 13:27:20,-65100,1,56.6654017857,0.112723214286
2012-09-10 13:27:21,-65099,1,56.8015625,0.136160714286
2012-09-10 13:27:22,-65098,1,56.9063988095,0.104836309524
2012-09-10 13:27:23,-65097,1,56.9117559524,0.0053571428572
2012-09-10 13:27:24,-65096,1,56.7691220238,-0.142633928571
2012-09-10 13:27:25,-65095,1,56.4720238095,-0.297098214286
2012-09-10 13:27:26,-65094,1,56.0677083333,-0.40431547619
2012-09-10 13:27:27,-65093,1,55.6515625,-0.416145833333
2012-09-10 13:27:28,-65092,1,55.3345982143,-0.316964285714
2012-09-10 13:27:29,-65091,1,55.195014881,-0.139583333333
2012-09-10 13:27:30,-65090,1,55.2427083333,0.0476934523809
2012-09-10 13:27:31,-65089,1,55.4173363095,0.174627976191
2012-09-10 13:27:32,-65088,1,55.6223958333,0.20505952381
2012-09-10 13:27:33,-65087,1,55.7741071429,0.151711309524
2012-09-10 13:27:34,-65086,1,55.8330357143,0.0589285714286
2012-09-10 13:27:35,-65085,1,55.8107886905,-0.0222470238095
2012-09-10 13:27:36,-65084,1,55.759375,-0.0514136904762
2012-09-10 13:27:37,-65083,1,55.7418154762,-0.0175595238095
2012-09-10 13:27:38,-65082,1,55.7913690476,0.0495535714285
2012-09-10 13:27:39,-65081,1,55.8851190476,0.09375
2012-09-10 13:27:40,-65080,1,55.9569196429,0.0718005952381
2012-09-10 13:27:41,-65079,1,55.9463541667,-0.0105654761904
2012-09-10 13:27:42,-65078,1,55.842485119,-0.103869047619
2012-09-10 13:27:43,-65077,1,55.6879464286,-0.154538690476
2012-09-10 13:27:44,-65076,1,55.5519345238,-0.136011904762
2012-09-10 13:27:45,-65075,1,55.4938988095,-0.0580357142857
2012-09-10 13:27:46,-65074,1,55.5321428571,0.0382440476191
2012-09-10 13:27:47,-65073,1,55.634672619,0.102529761905
2012-09-10 13:27:48,-65072,1,55.739360119,0.1046875
2012-09-10 13:27:49,-65071,1,55.7916666667,0.0523065476191
2012-09-10 13:27:50,-65070,1,55.7817708333,-0.0098958333334
2012-09-10 13:27:51,-65069,1,55.7525297619,-0.0292410714285
2012-09-10 13:27:52,-65068,1,55.7623511905,0.0098214285714
2012-09-10 13:27:53,-65067,1,55.8369047619,0.0745535714286
2012-09-10 13:27:54,-65066,1,55.9524553571,0.115550595238
2012-09-10 13:27:55,-65065,1,56.0519345238,0.0994791666666
2012-09-10 13:27:56,-65064,1,56.0747767857,0.0228422619048
2012-09-10 13:27:57,-65063,1,55.9855654762,-0.0892113095238
2012-09-10 13:27:58,-65062,1,55.7915922619,-0.193973214286
2012-09-10 13:27:59,-65061,1,55.5441964286,-0.247395833333
2012-09-10 13:28:00,-65060,1,55.3171875,-0.227008928571
2012-09-10 13:28:01,-65059,1,55.1654761905,-0.151711309524
2012-09-10 13:28:02,-65058,1,55.0910714286,-0.0744047619048
2012-09-10 13:28:03,-65057,1,55.0462797619,-0.0447916666666
2012-09-10 13:28:04,-65056,1,54.9774553571,-0.0688244047619
2012-09-10 13:28:05,-65055,1,54.8781994048,-0.099255952381
2012-09-10 13:28:06,-65054,1,54.808110119,-0.0700892857143
2012-09-10 13:28:07,-65053,1,54.8619791667,0.0538690476191
2012-09-10 13:28:08,-65052,1,55.1101934524,0.248214285714
2012-09-10 13:28:09,-65051,1,55.5420386905,0.431845238095
2012-09-10 13:28:10,-65050,1,56.0489583333,0.506919642857
2012-09-10 13:28:11,-65049,1,56.4713541667,0.422395833333
2012-09-10 13:28:12,-65048,1,56.680952381,0.209598214286
2012-09-10 13:28:13,-65047,1,56.6412946429,-0.0396577380953
2012-09-10 13:28:14,-65046,1,56.4148809524,-0.226413690476
2012-09-10 13:28:15,-65045,1,56.120014881,-0.294866071429
2012-09-10 13:28:16,-65044,1,55.8661458333,-0.253869047619
2012-09-10 13:28:17,-65043,1,55.7110119048,-0.155133928571
2012-09-10 13:28:18,-65042,1,55.6571428571,-0.053869047619
2012-09-10 13:28:19,-65041,1,55.6696428571,0.0125
2012-09-10 13:28:20,-65040,1,55.7014880952,0.0318452380952
2012-09-10 13:28:21,-65039,1,55.7210565476,0.0195684523809
2012-09-10 13:28:22,-65038,1,55.7248511905,0.0037946428572
2012-09-10 13:28:23,-65037,1,55.7276785714,0.0028273809524
2012-09-10 13:28:24,-65036,1,55.7446428571,0.0169642857143
2012-09-10 13:28:25,-65035,1,55.7774553571,0.0328125
2012-09-10 13:28:26,-65034,1,55.8095982143,0.0321428571428
2012-09-10 13:28:27,-65033,1,55.8156994048,0.0061011904762
2012-09-10 13:28:28,-65032,1,55.7820684524,-0.033630952381
2012-09-10 13:28:29,-65031,1,55.7188244048,-0.063244047619
2012-09-10 13:28:30,-65030,1,55.6498511905,-0.0689732142857
2012-09-10 13:28:31,-65029,1,55.5933779762,-0.0564732142857
2012-09-10 13:28:32,-65028,1,55.551264881,-0.0421130952381
2012-09-10 13:28:33,-65027,1,55.5136160714,-0.0376488095238
2012-09-10 13:28:34,-65026,1,55.4767857143,-0.0368303571429
2012-09-10 13:28:35,-65025,1,55.4546130952,-0.0221726190476
2012-09-10 13:28:36,-65024,1,55.4667410714,0.0121279761905
2012-09-10 13:28:37,-65023,1,55.5200892857,0.0533482142857
2012-09-10 13:28:38,-65022,1,55.600297619,0.0802083333333
2012-09-10 13:28:39,-65021,1,55.6761904762,0.0758928571429
2012-09-10 13:28:40,-65020,1,55.7197916667,0.0436011904762
2012-09-10 13:28:41,-65019,1,55.7258184524,0.0060267857142
2012-09-10 13:28:42,-65018,1,55.7098214286,-0.0159970238095
2012-09-10 13:28:43,-65017,1,55.6938244048,-0.0159970238095
2012-09-10 13:28:44,-65016,1,55.6938988095,7.44047619037e-05
2012-09-10 13:28:45,-65015,1,55.7110863095,0.0171875
2012-09-10 13:28:46,-65014,1,55.7325892857,0.0215029761905
2012-09-10 13:28:47,-65013,1,55.7464285714,0.0138392857143
2012-09-10 13:28:48,-65012,1,55.7538690476,0.0074404761904
2012-09-10 13:28:49,-65011,1,55.7654761905,0.0116071428572
2012-09-10 13:28:50,-65010,1,55.7877232143,0.0222470238095
2012-09-10 13:28:51,-65009,1,55.8157738095,0.0280505952381
2012-09-10 13:28:52,-65008,1,55.836235119,0.0204613095238
2012-09-10 13:28:53,-65007,1,55.8337797619,-0.0024553571428
2012-09-10 13:28:54,-65006,1,55.796875,-0.0369047619048
2012-09-10 13:28:55,-65005,1,55.7212797619,-0.0755952380953
2012-09-10 13:28:56,-65004,1,55.6125,-0.108779761905
2012-09-10 13:28:57,-65003,1,55.4864583333,-0.126041666667
2012-09-10 13:28:58,-65002,1,55.3645833333,-0.121875
2012-09-10 13:28:59,-65001,1,55.2652529762,-0.0993303571428
2012-09-10 13:29:00,-65000,1,55.1999255952,-0.0653273809524
2012-09-10 13:29:01,-64999,1,55.1765625,-0.0233630952381
2012-09-10 13:29:02,-64998,1,55.2024553571,0.0258928571429
2012-09-10 13:29:03,-64997,1,55.2800595238,0.0776041666666
2012-09-10 13:29:04,-64996,1,55.4014136905,0.121354166667
2012-09-10 13:29:05,-64995,1,55.5494047619,0.147991071428
2012-09-10 13:29:06,-64994,1,55.7023065476,0.152901785714
2012-09-10 13:29:07,-64993,1,55.8340029762,0.131696428571
2012-09-10 13:29:08,-64992,1,55.9163690476,0.0823660714286
2012-09-10 13:29:09,-64991,1,55.9319940476,0.0156249999999
2012-09-10 13:29:10,-64990,1,55.8853422619,-0.0466517857142
2012-09-10 13:29:11,-64989,1,55.7994791667,-0.0858630952381
2012-09-10 13:29:12,-64988,1,55.7049107143,-0.094568452381
2012-09-10 13:29:13,-64987,1,55.6295386905,-0.0753720238095
2012-09-10 13:29:14,-64986,1,55.5911458333,-0.0383928571429
2012-09-10 13:29:15,-64985,1,55.5927827381,0.0016369047619
2012-09-10 13:29:16,-64984,1,55.622172619,0.0293898809524
2012-09-10 13:29:17,-64983,1,55.6585565476,0.0363839285714
2012-09-10 13:29:18,-64982,1,55.6853422619,0.0267857142858
2012-09-10 13:29:19,-64981,1,55.6972470238,0.0119047619047
2012-09-10 13:29:20,-64980,1,55.6983630952,0.0011160714286
2012-09-10 13:29:21,-64979,1,55.6996279762,0.0012648809524
2012-09-10 13:29:22,-64978,1,55.7179315476,0.0183035714286
2012-09-10 13:29:23,-64977,1,55.7703125,0.0523809523809
2012-09-10 13:29:24,-64976,1,55.8595982143,0.0892857142857
2012-09-10 13:29:25,-64975,1,55.9595238095,0.0999255952381
2012-09-10 13:29:26,-64974,1,56.0203125,0.0607886904762
2012-09-10 13:29:27,-64973,1,56.0023065476,-0.0180059523809
2012-09-10 13:29:28,-64972,1,55.9083333333,-0.0939732142858
2012-09-10 13:29:29,-64971,1,55.7820684524,-0.126264880952
2012-09-10 13:29:30,-64970,1,55.6758184524,-0.10625
2012-09-10 13:29:31,-64969,1,55.6164434524,-0.059375
2012-09-10 13:29:32,-64968,1,55.5966517857,-0.0197916666666
2012-09-10 13:29:33,-64967,1,55.5952380952,-0.0014136904762
2012-09-10 13:29:34,-64966,1,55.6002232143,0.0049851190476
2012-09-10 13:29:35,-64965,1,55.6125744048,0.0123511904762
2012-09-10 13:29:36,-64964,1,55.6379464286,0.0253720238095
2012-09-10 13:29:37,-64963,1,55.6802083333,0.0422619047619
2012-09-10 13:29:38,-64962,1,55.7369047619,0.0566964285715
2012-09-10 13:29:39,-64961,1,55.7978422619,0.0609375
2012-09-10 13:29:40,-64960,1,55.8506696429,0.0528273809523
2012-09-10 13:29:41,-64959,1,55.8866071429,0.0359375
2012-09-10 13:29:42,-64958,1,55.8993303571,0.0127232142858
2012-09-10 13:29:43,-64957,1,55.882514881,-0.0168154761905
2012-09-10 13:29:44,-64956,1,55.8336309524,-0.0488839285715
2012-09-10 13:29:45,-64955,1,55.7616815476,-0.0719494047619
2012-09-10 13:29:46,-64954,1,55.6894345238,-0.0722470238095
2012-09-10 13:29:47,-64953,1,55.645014881,-0.0444196428571
2012-09-10 13:29:48,-64952,1,55.6461309524,0.0011160714286
2012-09-10 13:29:49,-64951,1,55.6873511905,0.0412202380952
2012-09-10 13:29:50,-64950,1,55.7438988095,0.0565476190476
2012-09-10 13:29:51,-64949,1,55.7886904762,0.0447916666667
2012-09-10 13:29:52,-64948,1,55.8041666667,0.0154761904762
2012-09-10 13:29:53,-64947,1,55.7852678571,-0.0188988095239
2012-09-10 13:29:54,-64946,1,55.7392857143,-0.0459821428571
2012-09-10 13:29:55,-64945,1,55.682514881,-0.0567708333333
2012-09-10 13:29:56,-64944,1,55.6354910714,-0.0470238095238
2012-09-10 13:29:57,-64943,1,55.6151785714,-0.0203125
2012-09-10 13:29:58,-64942,1,55.6247767857,0.0095982142857
2012-09-10 13:29:59,-64941,1,55.6522321429,0.0274553571428
2012-09-10 13:30:00,-64940,1,55.6792410714,0.0270089285715
2012-09-10 13:30:01,-64939,1,55.6949404762,0.0156994047619
2012-09-10 13:30:02,-64938,1,55.706547619,0.0116071428571
2012-09-10 13:30:03,-64937,1,55.7316964286,0.0251488095238
2012-09-10 13:30:04,-64936,1,55.7770089286,0.0453125
2012-09-10 13:30:05,-64935,1,55.8272321429,0.0502232142857
2012-09-10 13:30:06,-64934,1,55.8522321429,0.025
2012-09-10 13:30:07,-64933,1,55.8265625,-0.0256696428571
2012-09-10 13:30:08,-64932,1,55.7505208333,-0.0760416666667
2012-09-10 13:30:09,-64931,1,55.6514136905,-0.0991071428571
2012-09-10 13:30:10,-64930,1,55.5648065476,-0.0866071428572
2012-09-10 13:30:11,-64929,1,55.5195684524,-0.045238095238
2012-09-10 13:30:12,-64928,1,55.5330357143,0.0134672619047
2012-09-10 13:30:13,-64927,1,55.6057291667,0.072693452381
2012-09-10 13:30:14,-64926,1,55.7148809524,0.109151785714
2012-09-10 13:30:15,-64925,1,55.8161458333,0.101264880952
2012-09-10 13:30:16,-64924,1,55.8621279762,0.0459821428572
2012-09-10 13:30:17,-64923,1,55.8302083333,-0.0319196428572
2012-09-10 13:30:18,-64922,1,55.7354910714,-0.0947172619047
2012-09-10 13:30:19,-64921,1,55.6180803571,-0.117410714286
2012-09-10 13:30:20,-64920,1,55.5194940476,-0.0985863095239
2012-09-10 13:30:21,-64919,1,55.4665178571,-0.0529761904761
2012-09-10 13:30:22,-64918,1,55.4672619048,0.000744047619001
2012-09-10 13:30:23,-64917,1,55.5136160714,0.0463541666667
2012-09-10 13:30:24,-64916,1,55.5860863095,0.0724702380952
2012-09-10 13:30:25,-64915,1,55.6610863095,0.075
2012-09-10 13:30:26,-64914,1,55.718452381,0.0573660714286
2012-09-10 13:30:27,-64913,1,55.7470982143,0.0286458333333
2012-09-10 13:30:28,-64912,1,55.7485863095,0.0014880952381
2012-09-10 13:30:29,-64911,1,55.7374255952,-0.0111607142857
2012-09-10 13:30:30,-64910,1,55.7348958333,-0.0025297619048
2012-09-10 13:30:31,-64909,1,55.7543154762,0.0194196428572
2012-09-10 13:30:32,-64908,1,55.7874255952,0.0331101190476
2012-09-10 13:30:33,-64907,1,55.8069196429,0.019494047619
2012-09-10 13:30:34,-64906,1,55.7860863095,-0.0208333333333
2012-09-10 13:30:35,-64905,1,55.7227678571,-0.0633184523809
2012-09-10 13:30:36,-64904,1,55.646875,-0.0758928571429
2012-09-10 13:30:37,-64903,1,55.5974702381,-0.0494047619048
2012-09-10 13:30:38,-64902,1,55.5890625,-0.0084077380952
2012-09-10 13:30:39,-64901,1,55.6049107143,0.0158482142857
2012-09-10 13:30:40,-64900,1,55.6226934524,0.0177827380952
2012-09-10 13:30:41,-64899,1,55.6385416667,0.0158482142858
2012-09-10 13:30:42,-64898,1,55.6639880952,0.0254464285714
2012-09-10 13:30:43,-64897,1,55.7069196429,0.042931547619
2012-09-10 13:30:44,-64896,1,55.7603422619,0.0534226190477
2012-09-10 13:30:45,-64895,1,55.8090029762,0.0486607142857
2012-09-10 13:30:46,-64894,1,55.8420386905,0.0330357142857
2012-09-10 13:30:47,-64893,1,55.8509672619,0.0089285714286
2012-09-10 13:30:48,-64892,1,55.8183035714,-0.0326636904762
2012-09-10 13:30:49,-64891,1,55.7241071429,-0.0941964285715
2012-09-10 13:30:50,-64890,1,55.5706845238,-0.153422619048
2012-09-10 13:30:51,-64889,1,55.3931547619,-0.177529761905
2012-09-10 13:30:52,-64888,1,55.2406994048,-0.152455357143
2012-09-10 13:30:53,-64887,1,55.1526785714,-0.0880208333333
2012-09-10 13:30:54,-64886,1,55.1551339286,0.0024553571428
2012-09-10 13:30:55,-64885,1,55.2665178571,0.111383928571
2012-09-10 13:30:56,-64884,1,55.4870535714,0.220535714286
2012-09-10 13:30:57,-64883,1,55.7766369048,0.289583333333
2012-09-10 13:30:58,-64882,1,56.0523809524,0.275744047619
2012-09-10 13:30:59,-64881,1,56.2229910714,0.170610119048
2012-09-10 13:31:00,-64880,1,56.2386160714,0.015625
2012-09-10 13:31:01,-64879,1,56.115625,-0.122991071429
2012-09-10 13:31:02,-64878,1,55.9218005952,-0.193824404762
2012-09-10 13:31:03,-64877,1,55.7364583333,-0.185342261905
2012-09-10 13:31:04,-64876,1,55.609672619,-0.126785714286
2012-09-10 13:31:05,-64875,1,55.5479166667,-0.0617559523809
2012-09-10 13:31:06,-64874,1,55.5256696429,-0.0222470238096
2012-09-10 13:31:07,-64873,1,55.5043154762,-0.0213541666666
2012-09-10 13:31:08,-64872,1,55.4594494048,-0.0448660714286
2012-09-10 13:31:09,-64871,1,55.4021577381,-0.0572916666667
2012-09-10 13:31:10,-64870,1,55.3677827381,-0.034375
2012-09-10 13:31:11,-64869,1,55.3877232143,0.0199404761905
2012-09-10 13:31:12,-64868,1,55.4694940476,0.0817708333333
2012-09-10 13:31:13,-64867,1,55.5883928571,0.118898809524
2012-09-10 13:31:14,-64866,1,55.6944196429,0.106026785714
2012-09-10 13:31:15,-64865,1,55.7345238095,0.0401041666667
2012-09-10 13:31:16,-64864,1,55.678422619,-0.0561011904762
2012-09-10 13:31:17,-64863,1,55.5328869048,-0.145535714286
2012-09-10 13:31:18,-64862,1,55.3375,-0.195386904762
2012-09-10 13:31:19,-64861,1,55.1484375,-0.1890625
2012-09-10 13:31:20,-64860,1,55.0148065476,-0.133630952381
2012-09-10 13:31:21,-64859,1,54.9525297619,-0.0622767857142
2012-09-10 13:31:22,-64858,1,54.9390625,-0.0134672619048
2012-09-10 13:31:23,-64857,1,54.9420386905,0.0029761904762
2012-09-10 13:31:24,-64856,1,54.9568452381,0.014806547619
2012-09-10 13:31:25,-64855,1,55.0165922619,0.0597470238096
2012-09-10 13:31:26,-64854,1,55.1592261905,0.142633928571
2012-09-10 13:31:27,-64853,1,55.3772321429,0.218005952381
2012-09-10 13:31:28,-64852,1,55.6030505952,0.225818452381
2012-09-10 13:31:29,-64851,1,55.7501488095,0.147098214286
2012-09-10 13:31:30,-64850,1,55.7725446429,0.0223958333333
2012-09-10 13:31:31,-64849,1,55.6916666667,-0.0808779761904
2012-09-10 13:31:32,-64848,1,55.5716517857,-0.120014880952
2012-09-10 13:31:33,-64847,1,55.4719494048,-0.0997023809524
2012-09-10 13:31:34,-64846,1,55.4185267857,-0.0534226190476
2012-09-10 13:31:35,-64845,1,55.4055059524,-0.0130208333334
2012-09-10 13:31:36,-64844,1,55.4188988095,0.0133928571429
2012-09-10 13:31:37,-64843,1,55.4603422619,0.041443452381
2012-09-10 13:31:38,-64842,1,55.5426339286,0.0822916666666
2012-09-10 13:31:39,-64841,1,55.6650297619,0.122395833333
2012-09-10 13:31:40,-64840,1,55.8017113095,0.136681547619
2012-09-10 13:31:41,-64839,1,55.9132440476,0.111532738095
2012-09-10 13:31:42,-64838,1,55.9699404762,0.0566964285715
2012-09-10 13:31:43,-64837,1,55.9667410714,-0.0031994047619
2012-09-10 13:31:44,-64836,1,55.9127232143,-0.0540178571429
2012-09-10 13:31:45,-64835,1,55.8119791667,-0.100744047619
2012-09-10 13:31:46,-64834,1,55.6610863095,-0.150892857143
2012-09-10 13:31:47,-64833,1,55.4567708333,-0.204315476191
2012-09-10 13:31:48,-64832,1,55.2020833333,-0.2546875
2012-09-10 13:31:49,-64831,1,54.9162202381,-0.285863095238
2012-09-10 13:31:50,-64830,1,54.6482886905,-0.267931547619
2012-09-10 13:31:51,-64829,1,54.4793154762,-0.168973214286
2012-09-10 13:31:52,-64828,1,54.4938988095,0.0145833333333
2012-09-10 13:31:53,-64827,1,54.725297619,0.231398809524
2012-09-10 13:31:54,-64826,1,55.114360119,0.3890625
2012-09-10 13:31:55,-64825,1,55.5266369048,0.412276785714
2012-09-10 13:31:56,-64824,1,55.8224702381,0.295833333333
2012-09-10 13:31:57,-64823,1,55.9267857143,0.104315476191
2012-09-10 13:31:58,-64822,1,55.8546130952,-0.0721726190476
2012-09-10 13:31:59,-64821,1,55.6881696429,-0.166443452381
2012-09-10 13:32:00,-64820,1,55.5257440476,-0.162425595238
2012-09-10 13:32:01,-64819,1,55.4351934524,-0.090550595238
2012-09-10 13:32:02,-64818,1,55.441889881,0.0066964285714
2012-09-10 13:32:03,-64817,1,55.5413690476,0.0994791666666
2012-09-10 13:32:04,-64816,1,55.6994047619,0.158035714286
2012-09-10 13:32:05,-64815,1,55.8525297619,0.153125
2012-09-10 13:32:06,-64814,1,55.9546130952,0.102083333333
2012-09-10 13:32:07,-64813,1,56.0254464286,0.0708333333333
2012-09-10 13:32:08,-64812,1,56.1195684524,0.0941220238095
2012-09-10 13:32:09,-64811,1,56.2540922619,0.134523809524
2012-09-10 13:32:10,-64810,1,56.3822172619,0.128125
2012-09-10 13:32:11,-64809,1,56.4280505952,0.0458333333333
2012-09-10 13:32:12,-64808,1,56.3609375,-0.0671130952381
2012-09-10 13:32:13,-64807,1,56.2392857143,-0.121651785714
2012-09-10 13:32:14,-64806,1,56.1571428571,-0.0821428571428
2012-09-10 13:32:15,-64805,1,56.1668154762,0.0096726190476
2012-09-10 13:32:16,-64804,1,56.2767857143,0.109970238095
2012-09-10 13:32:17,-64803,1,56.4860863095,0.209300595238
2012-09-10 13:32:18,-64802,1,56.7864583333,0.30037202381
2012-09-10 13:32:19,-64801,1,57.1427083333,0.35625
2012-09-10 13:32:20,-64800,1,57.4852678571,0.34255952381
2012-09-10 13:32:21,-64799,1,57.7249255952,0.239657738095
2012-09-10 13:32:22,-64798,1,57.7819940476,0.0570684523809
2012-09-10 13:32:23,-64797,1,57.6122767857,-0.169717261905
2012-09-10 13:32:24,-64796,1,57.2176339286,-0.394642857143
2012-09-10 13:32:25,-64795,1,56.6503720238,-0.567261904762
2012-09-10 13:32:26,-64794,1,56.0145089286,-0.635863095238
2012-09-10 13:32:27,-64793,1,55.4427083333,-0.571800595238
2012-09-10 13:32:28,-64792,1,55.0450892857,-0.397619047619
2012-09-10 13:32:29,-64791,1,54.8577380952,-0.187351190476
2012-09-10 13:32:30,-64790,1,54.826264881,-0.0314732142857
2012-09-10 13:32:31,-64789,1,54.8447172619,0.0184523809524
2012-09-10 13:32:32,-64788,1,54.8240327381,-0.0206845238096
2012-09-10 13:32:33,-64787,1,54.7420386905,-0.081994047619
2012-09-10 13:32:34,-64786,1,54.6573660714,-0.0846726190476
2012-09-10 13:32:35,-64785,1,54.6823660714,0.025
2012-09-10 13:32:36,-64784,1,54.9131696429,0.230803571428
2012-09-10 13:32:37,-64783,1,55.3501488095,0.436979166667
2012-09-10 13:32:38,-64782,1,55.8678571429,0.517708333333
2012-09-10 13:32:39,-64781,1,56.2752232143,0.407366071429
2012-09-10 13:32:40,-64780,1,56.4380952381,0.162872023809
2012-09-10 13:32:41,-64779,1,56.3662946429,-0.0718005952381
2012-09-10 13:32:42,-64778,1,56.1908482143,-0.175446428571
2012-09-10 13:32:43,-64777,1,56.0571428571,-0.133705357143
2012-09-10 13:32:44,-64776,1,56.0302827381,-0.0268601190477
2012-09-10 13:32:45,-64775,1,56.0860119048,0.0557291666667
2012-09-10 13:32:46,-64774,1,56.1667410714,0.0807291666667
2012-09-10 13:32:47,-64773,1,56.2298363095,0.0630952380952
2012-09-10 13:32:48,-64772,1,56.258110119,0.0282738095238
2012-09-10 13:32:49,-64771,1,56.2544642857,-0.0036458333333
2012-09-10 13:32:50,-64770,1,56.2404761905,-0.0139880952381
2012-09-10 13:32:51,-64769,1,56.2534970238,0.0130208333333
2012-09-10 13:32:52,-64768,1,56.3329613095,0.0794642857143
2012-09-10 13:32:53,-64767,1,56.5008184524,0.167857142857
2012-09-10 13:32:54,-64766,1,56.7486607143,0.247842261905
2012-09-10 13:32:55,-64765,1,57.0441220238,0.295461309524
2012-09-10 13:32:56,-64764,1,57.3517113095,0.307589285714
2012-09-10 13:32:57,-64763,1,57.6443452381,0.292633928571
2012-09-10 13:32:58,-64762,1,57.9040922619,0.25974702381
2012-09-10 13:32:59,-64761,1,58.1270833333,0.222991071429
2012-09-10 13:33:00,-64760,1,58.3243303571,0.19724702381
2012-09-10 13:33:01,-64759,1,58.5125,0.188169642857
2012-09-10 13:33:02,-64758,1,58.7072916667,0.194791666667
2012-09-10 13:33:03,-64757,1,58.9186755952,0.211383928571
2012-09-10 13:33:04,-64756,1,59.141889881,0.223214285714
2012-09-10 13:33:05,-64755,1,59.3523809524,0.210491071428
2012-09-10 13:33:06,-64754,1,59.509672619,0.157291666667
2012-09-10 13:33:07,-64753,1,59.566889881,0.0572172619048
2012-09-10 13:33:08,-64752,1,59.486235119,-0.0806547619048
2012-09-10 13:33:09,-64751,1,59.2567708333,-0.229464285714
2012-09-10 13:33:10,-64750,1,58.8997767857,-0.356994047619
2012-09-10 13:33:11,-64749,1,58.4573660714,-0.442410714286
2012-09-10 13:33:12,-64748,1,57.9795386905,-0.477827380952
2012-09-10 13:33:13,-64747,1,57.516889881,-0.462648809524
2012-09-10 13:33:14,-64746,1,57.114360119,-0.402529761905
2012-09-10 13:33:15,-64745,1,56.8074404762,-0.306919642857
2012-09-10 13:33:16,-64744,1,56.6195684524,-0.18787202381
2012-09-10 13:33:17,-64743,1,56.5561011905,-0.0634672619047
2012-09-10 13:33:18,-64742,1,56.6009672619,0.0448660714286
2012-09-10 13:33:19,-64741,1,56.7228422619,0.121875
2012-09-10 13:33:20,-64740,1,56.8863095238,0.163467261905
2012-09-10 13:33:21,-64739,1,57.0598214286,0.173511904762
2012-09-10 13:33:22,-64738,1,57.2192708333,0.159449404762
2012-09-10 13:33:23,-64737,1,57.3506696429,0.131398809524
2012-09-10 13:33:24,-64736,1,57.4536458333,0.102976190476
2012-09-10 13:33:25,-64735,1,57.5382440476,0.0845982142857
2012-09-10 13:33:26,-64734,1,57.5881696429,0.0499255952381
2012-09-10 13:33:27,-64733,1,57.4985119048,-0.0896577380952
2012-09-10 13:33:28,-64732,1,57.0828125,-0.415699404762
2012-09-10 13:33:29,-64731,1,56.202827381,-0.879985119048
2012-09-10 13:33:30,-64730,1,54.9154761905,-1.28735119048
2012-09-10 13:33:31,-64729,1,53.4927083333,-1.42276785714
2012-09-10 13:33:32,-64728,1,52.2786458333,-1.2140625
2012-09-10 13:33:33,-64727,1,51.4885416667,-0.790104166667
2012-09-10 13:33:34,-64726,1,51.1229910714,-0.365550595238
2012-09-10 13:33:35,-64725,1,51.0546130952,-0.0683779761905
2012-09-10 13:33:36,-64724,1,51.1645833333,0.109970238095
2012-09-10 13:33:37,-64723,1,51.3988095238,0.234226190476
2012-09-10 13:33:38,-64722,1,51.7341517857,0.335342261905
2012-09-10 13:33:39,-64721,1,52.1242559524,0.390104166667
2012-09-10 13:33:40,-64720,1,52.4865327381,0.362276785714
2012-09-10 13:33:41,-64719,1,52.7383184524,0.251785714286
2012-09-10 13:33:42,-64718,1,52.8439732143,0.105654761905
2012-09-10 13:33:43,-64717,1,52.8257440476,-0.0182291666667
2012-09-10 13:33:44,-64716,1,52.7348214286,-0.0909226190476
2012-09-10 13:33:45,-64715,1,52.6232886905,-0.111532738095
2012-09-10 13:33:46,-64714,1,52.5336309524,-0.0896577380952
2012-09-10 13:33:47,-64713,1,52.4905505952,-0.0430803571429
2012-09-10 13:33:48,-64712,1,52.494047619,0.0034970238095
2012-09-10 13:33:49,-64711,1,52.5212797619,0.0272321428572
2012-09-10 13:33:50,-64710,1,52.5399553571,0.0186755952381
2012-09-10 13:33:51,-64709,1,52.5314732143,-0.0084821428572
2012-09-10 13:33:52,-64708,1,52.504389881,-0.0270833333333
2012-09-10 13:33:53,-64707,1,52.4813988095,-0.0229910714286
2012-09-10 13:33:54,-64706,1,52.475,-0.0063988095238
2012-09-10 13:33:55,-64705,1,52.4789434524,0.003943452381
2012-09-10 13:33:56,-64704,1,52.4861607143,0.0072172619047
2012-09-10 13:33:57,-64703,1,52.5186011905,0.0324404761905
2012-09-10 13:33:58,-64702,1,52.6328125,0.114211309524
2012-09-10 13:33:59,-64701,1,52.8779761905,0.245163690476
2012-09-10 13:34:00,-64700,1,53.2345238095,0.356547619048
2012-09-10 13:34:01,-64699,1,53.5990327381,0.364508928571
2012-09-10 13:34:02,-64698,1,53.8475446429,0.248511904762
2012-09-10 13:34:03,-64697,1,53.9226190476,0.0750744047619
2012-09-10 13:34:04,-64696,1,53.8584821429,-0.0641369047619
2012-09-10 13:34:05,-64695,1,53.7305803571,-0.127901785714
2012-09-10 13:34:06,-64694,1,53.5883928571,-0.1421875
2012-09-10 13:34:07,-64693,1,53.4258184524,-0.162574404762
2012-09-10 13:34:08,-64692,1,53.2000744048,-0.225744047619
2012-09-10 13:34:09,-64691,1,52.8675595238,-0.332514880952
2012-09-10 13:34:10,-64690,1,52.3999255952,-0.467633928571
2012-09-10 13:34:11,-64689,1,51.7889136905,-0.611011904762
2012-09-10 13:34:12,-64688,1,51.049702381,-0.739211309524
2012-09-10 13:34:13,-64687,1,50.2010416667,-0.848660714286
2012-09-10 13:34:14,-64686,1,49.2429315476,-0.958110119048
2012-09-10 13:34:15,-64685,1,48.1654761905,-1.07745535714
2012-09-10 13:34:16,-64684,1,46.9733630952,-1.19211309524
2012-09-10 13:34:17,-64683,1,45.7167410714,-1.25662202381
2012-09-10 13:34:18,-64682,1,44.501264881,-1.21547619048
2012-09-10 13:34:19,-64681,1,43.4357886905,-1.06547619048
2012-09-10 13:34:20,-64680,1,42.5796130952,-0.856175595238
2012-09-10 13:34:21,-64679,1,41.966889881,-0.612723214286
2012-09-10 13:34:22,-64678,1,41.6590029762,-0.307886904762
2012-09-10 13:34:23,-64677,1,41.7514136905,0.0924107142857
2012-09-10 13:34:24,-64676,1,42.3323660714,0.580952380952
2012-09-10 13:34:25,-64675,1,43.4183035714,1.0859375
2012-09-10 13:34:26,-64674,1,44.9061011905,1.48779761905
2012-09-10 13:34:27,-64673,1,46.5825892857,1.67648809524
2012-09-10 13:34:28,-64672,1,48.183110119,1.60052083333
2012-09-10 13:34:29,-64671,1,49.4763392857,1.29322916667
2012-09-10 13:34:30,-64670,1,50.3599702381,0.883630952381
2012-09-10 13:34:31,-64669,1,50.8988839286,0.538913690476
2012-09-10 13:34:32,-64668,1,51.2486607143,0.349776785714
2012-09-10 13:34:33,-64667,1,51.5333333333,0.284672619048
2012-09-10 13:34:34,-64666,1,51.7882440476,0.254910714286
2012-09-10 13:34:35,-64665,1,51.9935267857,0.205282738095
2012-09-10 13:34:36,-64664,1,52.1415178571,0.147991071429
2012-09-10 13:34:37,-64663,1,52.2577380952,0.116220238095
2012-09-10 13:34:38,-64662,1,52.3597470238,0.102008928571
2012-09-10 13:34:39,-64661,1,52.4280505952,0.0683035714286
2012-09-10 13:34:40,-64660,1,52.4321428571,0.0040922619048
2012-09-10 13:34:41,-64659,1,52.3681547619,-0.0639880952381
2012-09-10 13:34:42,-64658,1,52.2648065476,-0.103348214286
2012-09-10 13:34:43,-64657,1,52.1513392857,-0.113467261905
2012-09-10 13:34:44,-64656,1,52.0174107143,-0.133928571429
2012-09-10 13:34:45,-64655,1,51.8263392857,-0.191071428571
2012-09-10 13:34:46,-64654,1,51.5822916667,-0.244047619048
2012-09-10 13:34:47,-64653,1,51.365625,-0.216666666667
2012-09-10 13:34:48,-64652,1,51.2866071429,-0.0790178571429
2012-09-10 13:34:49,-64651,1,51.3962797619,0.109672619048
2012-09-10 13:34:50,-64650,1,51.628422619,0.232142857143
2012-09-10 13:34:51,-64649,1,51.8337797619,0.205357142857
2012-09-10 13:34:52,-64648,1,51.8888392857,0.0550595238095
2012-09-10 13:34:53,-64647,1,51.7724702381,-0.116369047619
2012-09-10 13:34:54,-64646,1,51.5483630952,-0.224107142857
2012-09-10 13:34:55,-64645,1,51.3038690476,-0.244494047619
2012-09-10 13:34:56,-64644,1,51.1027529762,-0.201116071429
2012-09-10 13:34:57,-64643,1,50.9665178571,-0.136235119048
2012-09-10 13:34:58,-64642,1,50.8897321429,-0.0767857142857
2012-09-10 13:34:59,-64641,1,50.8652529762,-0.0244791666666
2012-09-10 13:35:00,-64640,1,50.890327381,0.0250744047619
2012-09-10 13:35:01,-64639,1,50.9686755952,0.0783482142857
2012-09-10 13:35:02,-64638,1,51.1119791667,0.143303571429
2012-09-10 13:35:03,-64637,1,51.3228422619,0.210863095238
2012-09-10 13:35:04,-64636,1,51.5787946429,0.255952380952
2012-09-10 13:35:05,-64635,1,51.8406994048,0.261904761905
2012-09-10 13:35:06,-64634,1,52.0758928571,0.235193452381
2012-09-10 13:35:07,-64633,1,52.2776041667,0.201711309524
2012-09-10 13:35:08,-64632,1,52.463764881,0.186160714286
2012-09-10 13:35:09,-64631,1,52.6576636905,0.193898809524
2012-09-10 13:35:10,-64630,1,52.8712053571,0.213541666667
2012-09-10 13:35:11,-64629,1,53.0930803571,0.221875
2012-09-10 13:35:12,-64628,1,53.284077381,0.190997023809
2012-09-10 13:35:13,-64627,1,53.4005208333,0.116443452381
2012-09-10 13:35:14,-64626,1,53.43125,0.0307291666667
2012-09-10 13:35:15,-64625,1,53.4015625,-0.0296875
2012-09-10 13:35:16,-64624,1,53.3400297619,-0.0615327380952
2012-09-10 13:35:17,-64623,1,53.2436011905,-0.0964285714286
2012-09-10 13:35:18,-64622,1,53.0708333333,-0.172767857143
2012-09-10 13:35:19,-64621,1,52.7726190476,-0.298214285714
2012-09-10 13:35:20,-64620,1,52.334077381,-0.438541666667
2012-09-10 13:35:21,-64619,1,51.7930059524,-0.541071428571
2012-09-10 13:35:22,-64618,1,51.2348214286,-0.55818452381
2012-09-10 13:35:23,-64617,1,50.7663690476,-0.468452380952
2012-09-10 13:35:24,-64616,1,50.4611607143,-0.305208333333
2012-09-10 13:35:25,-64615,1,50.3095238095,-0.151636904762
2012-09-10 13:35:26,-64614,1,50.229985119,-0.0795386904762
2012-09-10 13:35:27,-64613,1,50.1444196429,-0.0855654761905
2012-09-10 13:35:28,-64612,1,50.0520089286,-0.0924107142857
2012-09-10 13:35:29,-64611,1,50.0287946429,-0.0232142857143
2012-09-10 13:35:30,-64610,1,50.1486607143,0.119866071429
2012-09-10 13:35:31,-64609,1,50.4050595238,0.256398809524
2012-09-10 13:35:32,-64608,1,50.7107142857,0.305654761905
2012-09-10 13:35:33,-64607,1,50.9724702381,0.261755952381
2012-09-10 13:35:34,-64606,1,51.1696428571,0.197172619048
2012-09-10 13:35:35,-64605,1,51.3632440476,0.193601190476
2012-09-10 13:35:36,-64604,1,51.6381696429,0.274925595238
2012-09-10 13:35:37,-64603,1,52.0447172619,0.406547619048
2012-09-10 13:35:38,-64602,1,52.5764136905,0.531696428571
2012-09-10 13:35:39,-64601,1,53.1759672619,0.599553571429
2012-09-10 13:35:40,-64600,1,53.7605654762,0.584598214286
2012-09-10 13:35:41,-64599,1,54.2516369048,0.491071428571
2012-09-10 13:35:42,-64598,1,54.5954613095,0.343824404762
2012-09-10 13:35:43,-64597,1,54.7759672619,0.180505952381
2012-09-10 13:35:44,-64596,1,54.8094494048,0.0334821428571
2012-09-10 13:35:45,-64595,1,54.7211309524,-0.088318452381
2012-09-10 13:35:46,-64594,1,54.5397321429,-0.181398809524
2012-09-10 13:35:47,-64593,1,54.3142857143,-0.225446428571
2012-09-10 13:35:48,-64592,1,54.1044642857,-0.209821428571
2012-09-10 13:35:49,-64591,1,53.9417410714,-0.162723214286
2012-09-10 13:35:50,-64590,1,53.8180059524,-0.123735119048
2012-09-10 13:35:51,-64589,1,53.713764881,-0.104241071429
2012-09-10 13:35:52,-64588,1,53.6290922619,-0.0846726190476
2012-09-10 13:35:53,-64587,1,53.5925595238,-0.0365327380953
2012-09-10 13:35:54,-64586,1,53.6368303571,0.0442708333333
2012-09-10 13:35:55,-64585,1,53.7626488095,0.125818452381
2012-09-10 13:35:56,-64584,1,53.9366071429,0.173958333333
2012-09-10 13:35:57,-64583,1,54.1146577381,0.178050595238
2012-09-10 13:35:58,-64582,1,54.2526785714,0.138020833333
2012-09-10 13:35:59,-64581,1,54.3094494048,0.0567708333333
2012-09-10 13:36:00,-64580,1,54.2659970238,-0.0434523809524
2012-09-10 13:36:01,-64579,1,54.1554315476,-0.11056547619
2012-09-10 13:36:02,-64578,1,54.0697172619,-0.0857142857142
2012-09-10 13:36:03,-64577,1,54.1198660714,0.0501488095238
2012-09-10 13:36:04,-64576,1,54.3742559524,0.254389880952
2012-09-10 13:36:05,-64575,1,54.823735119,0.449479166667
2012-09-10 13:36:06,-64574,1,55.3936755952,0.569940476191
2012-09-10 13:36:07,-64573,1,55.9841517857,0.590476190476
2012-09-10 13:36:08,-64572,1,56.5019345238,0.517782738095
2012-09-10 13:36:09,-64571,1,56.8715029762,0.369568452381
2012-09-10 13:36:10,-64570,1,57.0466517857,0.175148809524
2012-09-10 13:36:11,-64569,1,57.0292410714,-0.0174107142857
2012-09-10 13:36:12,-64568,1,56.8700892857,-0.159151785714
2012-09-10 13:36:13,-64567,1,56.6386904762,-0.231398809524
2012-09-10 13:36:14,-64566,1,56.3827380952,-0.255952380952
2012-09-10 13:36:15,-64565,1,56.1101934524,-0.272544642857
2012-09-10 13:36:16,-64564,1,55.8047619048,-0.305431547619
2012-09-10 13:36:17,-64563,1,55.456547619,-0.348214285714
2012-09-10 13:36:18,-64562,1,55.079985119,-0.3765625
2012-09-10 13:36:19,-64561,1,54.7046875,-0.375297619048
2012-09-10 13:36:20,-64560,1,54.3551339286,-0.349553571429
2012-09-10 13:36:21,-64559,1,54.0371279762,-0.318005952381
2012-09-10 13:36:22,-64558,1,53.720014881,-0.317113095238
2012-09-10 13:36:23,-64557,1,53.3499255952,-0.370089285714
2012-09-10 13:36:24,-64556,1,52.9445684524,-0.405357142857
2012-09-10 13:36:25,-64555,1,52.6459077381,-0.298660714286
2012-09-10 13:36:26,-64554,1,52.6049107143,-0.0409970238095
2012-09-10 13:36:27,-64553,1,52.8384672619,0.233556547619
2012-09-10 13:36:28,-64552,1,53.2072172619,0.36875
2012-09-10 13:36:29,-64551,1,53.5051339286,0.297916666667
2012-09-10 13:36:30,-64550,1,53.6155505952,0.110416666667
2012-09-10 13:36:31,-64549,1,53.5719494048,-0.0436011904762
2012-09-10 13:36:32,-64548,1,53.423139881,-0.14880952381
2012-09-10 13:36:33,-64547,1,53.1171875,-0.305952380952
2012-09-10 13:36:34,-64546,1,52.5513392857,-0.565848214286
2012-09-10 13:36:35,-64545,1,51.6441220238,-0.907217261905
2012-09-10 13:36:36,-64544,1,50.3404761905,-1.30364583333
2012-09-10 13:36:37,-64543,1,48.6165922619,-1.72388392857
2012-09-10 13:36:38,-64542,1,46.520014881,-2.09657738095
2012-09-10 13:36:39,-64541,1,44.1970982143,-2.32291666667
2012-09-10 13:36:40,-64540,1,41.8443452381,-2.35275297619
2012-09-10 13:36:41,-64539,1,39.6029761905,-2.24136904762
2012-09-10 13:36:42,-64538,1,37.502827381,-2.10014880952
2012-09-10 13:36:43,-64537,1,35.50625,-1.99657738095
2012-09-10 13:36:44,-64536,1,33.5660714286,-1.94017857143
2012-09-10 13:36:45,-64535,1,31.5994047619,-1.96666666667
2012-09-10 13:36:46,-64534,1,29.439360119,-2.16004464286
2012-09-10 13:36:47,-64533,1,26.9300595238,-2.50930059524
2012-09-10 13:36:48,-64532,1,24.1488839286,-2.78117559524
2012-09-10 13:36:49,-64531,1,21.4877232143,-2.66116071429
2012-09-10 13:36:50,-64530,1,19.4420386905,-2.04568452381
2012-09-10 13:36:51,-64529,1,18.3119047619,-1.13013392857
2012-09-10 13:36:52,-64528,1,18.0911458333,-0.220758928571
2012-09-10 13:36:53,-64527,1,18.6020089286,0.510863095238
2012-09-10 13:36:54,-64526,1,19.7174107143,1.11540178571
2012-09-10 13:36:55,-64525,1,21.4319940476,1.71458333333
2012-09-10 13:36:56,-64524,1,23.728422619,2.29642857143
2012-09-10 13:36:57,-64523,1,26.4467261905,2.71830357143
2012-09-10 13:36:58,-64522,1,29.3023809524,2.8556547619
2012-09-10 13:36:59,-64521,1,31.9890625,2.68668154762
2012-09-10 13:37:00,-64520,1,34.2795386905,2.29047619048
2012-09-10 13:37:01,-64519,1,36.0816964286,1.8021577381
2012-09-10 13:37:02,-64518,1,37.4259672619,1.34427083333
2012-09-10 13:37:03,-64517,1,38.4226934524,0.996726190476
2012-09-10 13:37:04,-64516,1,39.2171130952,0.794419642857
2012-09-10 13:37:05,-64515,1,39.9052083333,0.688095238095
2012-09-10 13:37:06,-64514,1,40.456547619,0.551339285714
2012-09-10 13:37:07,-64513,1,40.7336309524,0.277083333333
2012-09-10 13:37:08,-64512,1,40.5438244048,-0.189806547619
2012-09-10 13:37:09,-64511,1,39.6613839286,-0.882440476191
2012-09-10 13:37:10,-64510,1,37.9186755952,-1.74270833333
2012-09-10 13:37:11,-64509,1,35.3793154762,-2.53936011905
2012-09-10 13:37:12,-64508,1,32.4140625,-2.96525297619
2012-09-10 13:37:13,-64507,1,29.5542410714,-2.85982142857
2012-09-10 13:37:14,-64506,1,27.1824404762,-2.37180059524
2012-09-10 13:37:15,-64505,1,25.2770089286,-1.90543154762
2012-09-10 13:37:16,-64504,1,23.4631696429,-1.81383928571
2012-09-10 13:37:17,-64503,1,21.3641369048,-2.0990327381
2012-09-10 13:37:18,-64502,1,18.9109375,-2.45319940476
2012-09-10 13:37:19,-64501,1,16.311875,-2.5990625
2012-09-10 13:37:20,-64500,1,13.7630505952,-2.54882440476
2012-09-10 13:37:21,-64499,1,11.2709821429,-2.49206845238
2012-09-10 13:37:22,-64498,1,8.79674107143,-2.47424107143
2012-09-10 13:37:23,-64497,1,6.48861607143,-2.308125
2012-09-10 13:37:24,-64496,1,4.68538690476,-1.80322916667
2012-09-10 13:37:25,-64495,1,3.68594246032,-0.999444444444
2012-09-10 13:37:26,-64494,1,3.48840277778,-0.19753968254
2012-09-10 13:37:27,-64493,1,3.74458333333,0.256180555556
2012-09-10 13:37:28,-64492,1,4.02444940476,0.279866071429
2012-09-10 13:37:29,-64491,1,4.11349702381,0.0890476190476
2012-09-10 13:37:30,-64490,1,4.07574404762,-0.0377529761905
2012-09-10 13:37:31,-64489,1,4.18716269841,0.111418650794
2012-09-10 13:37:32,-64488,1,4.8123015873,0.625138888889
2012-09-10 13:37:33,-64487,1,6.1812202381,1.36891865079
2012-09-10 13:37:34,-64486,1,8.2459375,2.0647172619
2012-09-10 13:37:35,-64485,1,10.7511904762,2.50525297619
2012-09-10 13:37:36,-64484,1,13.4034970238,2.65230654762
2012-09-10 13:37:37,-64483,1,16.0278025794,2.62430555556
2012-09-10 13:37:38,-64482,1,18.6134920635,2.58568948413
2012-09-10 13:37:39,-64481,1,21.2102678571,2.59677579365
2012-09-10 13:37:40,-64480,1,23.8324404762,2.62217261905
2012-09-10 13:37:41,-64479,1,26.4566964286,2.62425595238
2012-09-10 13:37:42,-64478,1,29.0199404762,2.56324404762
2012-09-10 13:37:43,-64477,1,31.4171875,2.39724702381
2012-09-10 13:37:44,-64476,1,33.5543154762,2.13712797619
2012-09-10 13:37:45,-64475,1,35.3985863095,1.84427083333
2012-09-10 13:37:46,-64474,1,36.9712797619,1.57269345238
2012-09-10 13:37:47,-64473,1,38.306547619,1.33526785714
2012-09-10 13:37:48,-64472,1,39.4186755952,1.11212797619
2012-09-10 13:37:49,-64471,1,40.306547619,0.887872023809
2012-09-10 13:37:50,-64470,1,40.9822916667,0.675744047619
2012-09-10 13:37:51,-64469,1,41.4802827381,0.497991071429
2012-09-10 13:37:52,-64468,1,41.8389880952,0.358705357143
2012-09-10 13:37:53,-64467,1,42.0898809524,0.250892857143
2012-09-10 13:37:54,-64466,1,42.2691964286,0.17931547619
2012-09-10 13:37:55,-64465,1,42.4232142857,0.154017857143
2012-09-10 13:37:56,-64464,1,42.5886160714,0.165401785714
2012-09-10 13:37:57,-64463,1,42.7779017857,0.189285714286
2012-09-10 13:37:58,-64462,1,42.9889136905,0.211011904762
2012-09-10 13:37:59,-64461,1,43.2162202381,0.227306547619
2012-09-10 13:38:00,-64460,1,43.4497767857,0.233556547619
2012-09-10 13:38:01,-64459,1,43.6715029762,0.221726190476
2012-09-10 13:38:02,-64458,1,43.859672619,0.188169642857
2012-09-10 13:38:03,-64457,1,44.0037946429,0.14412202381
2012-09-10 13:38:04,-64456,1,44.1218005952,0.118005952381
2012-09-10 13:38:05,-64455,1,44.2413690476,0.119568452381
2012-09-10 13:38:06,-64454,1,44.3209077381,0.0795386904762
2012-09-10 13:38:07,-64453,1,44.176860119,-0.144047619048
2012-09-10 13:38:08,-64452,1,43.5144345238,-0.662425595238
2012-09-10 13:38:09,-64451,1,42.059077381,-1.45535714286
2012-09-10 13:38:10,-64450,1,39.6904761905,-2.36860119048
2012-09-10 13:38:11,-64449,1,36.4787946429,-3.21168154762
2012-09-10 13:38:12,-64448,1,32.6160714286,-3.86272321429
2012-09-10 13:38:13,-64447,1,28.3509672619,-4.26510416667
2012-09-10 13:38:14,-64446,1,23.9808779762,-4.37008928571
2012-09-10 13:38:15,-64445,1,19.8064732143,-4.1744047619
2012-09-10 13:38:16,-64444,1,16.0094494048,-3.79702380952
2012-09-10 13:38:17,-64443,1,12.5645833333,-3.44486607143
2012-09-10 13:38:18,-64442,1,9.29925595238,-3.26532738095
2012-09-10 13:38:19,-64441,1,6.13244047619,-3.16681547619
2012-09-10 13:38:20,-64440,1,3.36964285714,-2.76279761905
2012-09-10 13:38:21,-64439,1,0.0,-3.36964285714
2012-09-10 13:39:13,-64387,52,0.0,0.0
2012-09-10 13:39:14,-64386,1,4.16919642857,4.16919642857
2012-09-10 13:39:15,-64385,1,7.85208333333,3.68288690476
2012-09-10 13:39:16,-64384,1,12.2270089286,4.37492559524
2012-09-10 13:39:17,-64383,1,16.670014881,4.44300595238
2012-09-10 13:39:18,-64382,1,20.8113839286,4.14136904762
2012-09-10 13:39:19,-64381,1,24.48125,3.66986607143
2012-09-10 13:39:20,-64380,1,27.6337053571,3.15245535714
2012-09-10 13:39:21,-64379,1,30.2770833333,2.64337797619
2012-09-10 13:39:22,-64378,1,32.4445684524,2.16748511905
2012-09-10 13:39:23,-64377,1,34.1941964286,1.74962797619
2012-09-10 13:39:24,-64376,1,35.6019345238,1.40773809524
2012-09-10 13:39:25,-64375,1,36.7531994048,1.15126488095
2012-09-10 13:39:26,-64374,1,37.7377232143,0.984523809524
2012-09-10 13:39:27,-64373,1,38.630952381,0.893229166667
2012-09-10 13:39:28,-64372,1,39.4651041667,0.834151785714
2012-09-10 13:39:29,-64371,1,40.224702381,0.759598214286
2012-09-10 13:39:30,-64370,1,40.886235119,0.661532738095
2012-09-10 13:39:31,-64369,1,41.4644345238,0.578199404762
2012-09-10 13:39:32,-64368,1,42.0133184524,0.548883928571
2012-09-10 13:39:33,-64367,1,42.5857142857,0.572395833333
2012-09-10 13:39:34,-64366,1,43.197172619,0.611458333333
2012-09-10 13:39:35,-64365,1,43.8212053571,0.624032738095
2012-09-10 13:39:36,-64364,1,44.4123511905,0.591145833333
2012-09-10 13:39:37,-64363,1,44.9380208333,0.525669642857
2012-09-10 13:39:38,-64362,1,45.389360119,0.451339285714
2012-09-10 13:39:39,-64361,1,45.7663690476,0.377008928571
2012-09-10 13:39:40,-64360,1,46.0697916667,0.303422619048
2012-09-10 13:39:41,-64359,1,46.312202381,0.242410714286
2012-09-10 13:39:42,-64358,1,46.526860119,0.214657738095
2012-09-10 13:39:43,-64357,1,46.7579613095,0.231101190476
2012-09-10 13:39:44,-64356,1,47.0296130952,0.271651785714
2012-09-10 13:39:45,-64355,1,47.3133928571,0.283779761905
2012-09-10 13:39:46,-64354,1,47.5296875,0.216294642857
2012-09-10 13:39:47,-64353,1,47.5874255952,0.0577380952381
2012-09-10 13:39:48,-64352,1,47.4328869048,-0.154538690476
2012-09-10 13:39:49,-64351,1,47.0741071429,-0.358779761905
2012-09-10 13:39:50,-64350,1,46.5675595238,-0.506547619048
2012-09-10 13:39:51,-64349,1,45.9919642857,-0.575595238095
2012-09-10 13:39:52,-64348,1,45.4302827381,-0.561681547619
2012-09-10 13:39:53,-64347,1,44.946577381,-0.483705357143
2012-09-10 13:39:54,-64346,1,44.5682291667,-0.378348214286
2012-09-10 13:39:55,-64345,1,44.2989583333,-0.269270833333
2012-09-10 13:39:56,-64344,1,44.1348958333,-0.1640625
2012-09-10 13:39:57,-64343,1,44.0609375,-0.0739583333333
2012-09-10 13:39:58,-64342,1,44.0525297619,-0.0084077380952
2012-09-10 13:39:59,-64341,1,44.0790922619,0.0265625
2012-09-10 13:40:00,-64340,1,44.0962053571,0.0171130952381
2012-09-10 13:40:01,-64339,1,44.0563244048,-0.039880952381
2012-09-10 13:40:02,-64338,1,43.9351934524,-0.121130952381
2012-09-10 13:40:03,-64337,1,43.7345238095,-0.200669642857
2012-09-10 13:40:04,-64336,1,43.4674107143,-0.267113095238
2012-09-10 13:40:05,-64335,1,43.1550595238,-0.312351190476
2012-09-10 13:40:06,-64334,1,42.8359375,-0.319122023809
2012-09-10 13:40:07,-64333,1,42.5735119048,-0.262425595238
2012-09-10 13:40:08,-64332,1,42.440327381,-0.13318452381
2012-09-10 13:40:09,-64331,1,42.4676339286,0.027306547619
2012-09-10 13:40:10,-64330,1,42.6064732143,0.138839285714
2012-09-10 13:40:11,-64329,1,42.7625744048,0.156101190476
2012-09-10 13:40:12,-64328,1,42.8814732143,0.118898809524
2012-09-10 13:40:13,-64327,1,42.9980654762,0.116592261905
2012-09-10 13:40:14,-64326,1,43.2097470238,0.211681547619
2012-09-10 13:40:15,-64325,1,43.5957589286,0.386011904762
2012-09-10 13:40:16,-64324,1,44.1472470238,0.551488095238
2012-09-10 13:40:17,-64323,1,44.7709077381,0.623660714286
2012-09-10 13:40:18,-64322,1,45.3485119048,0.577604166667
2012-09-10 13:40:19,-64321,1,45.7880952381,0.439583333333
2012-09-10 13:40:20,-64320,1,46.0485863095,0.260491071429
2012-09-10 13:40:21,-64319,1,46.1488839286,0.100297619048
2012-09-10 13:40:22,-64318,1,46.1617559524,0.0128720238096
2012-09-10 13:40:23,-64317,1,46.1866815476,0.024925595238
2012-09-10 13:40:24,-64316,1,46.2988095238,0.112127976191
2012-09-10 13:40:25,-64315,1,46.4966517857,0.197842261905
2012-09-10 13:40:26,-64314,1,46.6983630952,0.201711309524
2012-09-10 13:40:27,-64313,1,46.8093005952,0.1109375
2012-09-10 13:40:28,-64312,1,46.8066220238,-0.0026785714286
2012-09-10 13:40:29,-64311,1,46.7537946429,-0.0528273809524
2012-09-10 13:40:30,-64310,1,46.7329613095,-0.0208333333333
2012-09-10 13:40:31,-64309,1,46.7753720238,0.0424107142857
2012-09-10 13:40:32,-64308,1,46.8577380952,0.0823660714286
2012-09-10 13:40:33,-64307,1,46.9460565476,0.088318452381
2012-09-10 13:40:34,-64306,1,47.0258928571,0.0798363095238
2012-09-10 13:40:35,-64305,1,47.0946428571,0.06875
2012-09-10 13:40:36,-64304,1,47.1429315476,0.0482886904762
2012-09-10 13:40:37,-64303,1,47.1545386905,0.0116071428571
2012-09-10 13:40:38,-64302,1,47.1148809524,-0.0396577380952
2012-09-10 13:40:39,-64301,1,47.0064732143,-0.108407738095
2012-09-10 13:40:40,-64300,1,46.8035714286,-0.202901785714
2012-09-10 13:40:41,-64299,1,46.4921130952,-0.311458333333
2012-09-10 13:40:42,-64298,1,46.1008184524,-0.391294642857
2012-09-10 13:40:43,-64297,1,45.6926339286,-0.40818452381
2012-09-10 13:40:44,-64296,1,45.3124255952,-0.380208333333
2012-09-10 13:40:45,-64295,1,44.9549107143,-0.357514880952
2012-09-10 13:40:46,-64294,1,44.586235119,-0.368675595238
2012-09-10 13:40:47,-64293,1,44.1895833333,-0.396651785714
2012-09-10 13:40:48,-64292,1,43.7917410714,-0.397842261905
2012-09-10 13:40:49,-64291,1,43.4332589286,-0.358482142857
2012-09-10 13:40:50,-64290,1,43.0868303571,-0.346428571428
2012-09-10 13:40:51,-64289,1,42.5842261905,-0.502604166667
2012-09-10 13:40:52,-64288,1,41.6080357143,-0.976190476191
2012-09-10 13:40:53,-64287,1,39.7633184524,-1.8447172619
2012-09-10 13:40:54,-64286,1,36.7172619048,-3.04605654762
2012-09-10 13:40:55,-64285,1,32.384672619,-4.33258928571
2012-09-10 13:40:56,-64284,1,27.0980654762,-5.28660714286
2012-09-10 13:40:57,-64283,1,21.6352678571,-5.46279761905
2012-09-10 13:40:58,-64282,1,17.0144345238,-4.62083333333
2012-09-10 13:40:59,-64281,1,14.131547619,-2.88288690476
2012-09-10 13:41:00,-64280,1,13.4252232143,-0.706324404762
2012-09-10 13:41:01,-64279,1,14.728422619,1.30319940476
2012-09-10 13:41:02,-64278,1,17.3736607143,2.64523809524
2012-09-10 13:41:03,-64277,1,20.476264881,3.10260416667
2012-09-10 13:41:04,-64276,1,23.2261160714,2.74985119048
2012-09-10 13:41:05,-64275,1,25.0701636905,1.84404761905
2012-09-10 13:41:06,-64274,1,25.7490327381,0.678869047619
2012-09-10 13:41:07,-64273,1,25.2155505952,-0.533482142857
2012-09-10 13:41:08,-64272,1,23.5572916667,-1.65825892857
2012-09-10 13:41:09,-64271,1,21.0258928571,-2.53139880952
2012-09-10 13:41:10,-64270,1,18.112202381,-2.91369047619
2012-09-10 13:41:11,-64269,1,15.5107886905,-2.60141369048
2012-09-10 13:41:12,-64268,1,13.8729910714,-1.63779761905
2012-09-10 13:41:13,-64267,1,13.4386160714,-0.434375
2012-09-10 13:41:14,-64266,1,13.8550595238,0.416443452381
2012-09-10 13:41:15,-64265,1,14.4036458333,0.548586309524
2012-09-10 13:41:16,-64264,1,14.463764881,0.0601190476191
2012-09-10 13:41:17,-64263,1,13.8450892857,-0.618675595238
2012-09-10 13:41:18,-64262,1,12.7679315476,-1.0771577381
2012-09-10 13:41:19,-64261,1,11.5746279762,-1.19330357143
2012-09-10 13:41:20,-64260,1,10.4777529762,-1.096875
2012-09-10 13:41:21,-64259,1,9.52738095238,-0.95037202381
2012-09-10 13:41:22,-64258,1,8.69880952381,-0.828571428571
2012-09-10 13:41:23,-64257,1,7.96599702381,-0.7328125
2012-09-10 13:41:24,-64256,1,7.31339285714,-0.652604166667
2012-09-10 13:41:25,-64255,1,6.70267857143,-0.610714285714
2012-09-10 13:41:26,-64254,1,6.07581845238,-0.626860119048
2012-09-10 13:41:27,-64253,1,5.40863095238,-0.6671875
2012-09-10 13:41:28,-64252,1,4.73102678571,-0.677604166667
2012-09-10 13:41:29,-64251,1,4.09389880952,-0.63712797619
2012-09-10 13:41:30,-64250,1,3.53311011905,-0.560788690476
2012-09-10 13:41:31,-64249,1,3.05714285714,-0.475967261905
2012-09-10 13:41:32,-64248,1,2.67075892857,-0.386383928571
2012-09-10 13:41:33,-64247,1,2.41428571429,-0.256473214286
2012-09-10 13:41:34,-64246,1,2.31391369048,-0.10037202381
2012-09-10 13:41:35,-64245,1,2.23787202381,-0.0760416666667
2012-09-10 13:41:36,-64244,1,1.92425595238,-0.313616071429
2012-09-10 13:41:37,-64243,1,1.33683035714,-0.587425595238
2012-09-10 13:41:38,-64242,1,0.0,-1.33683035714
2012-09-10 15:02:48,-59372,4870,0.0,0.0
2012-09-10 15:02:49,-59371,1,2.7056547619,2.7056547619
2012-09-10 15:02:50,-59370,1,4.22358630952,1.51793154762
2012-09-10 15:02:51,-59369,1,5.18400297619,0.960416666667
2012-09-10 15:02:52,-59368,1,5.30744047619,0.1234375
2012-09-10 15:02:53,-59367,1,4.76354166667,-0.543898809524
2012-09-10 15:02:54,-59366,1,3.91227678571,-0.851264880952
2012-09-10 15:02:55,-59365,1,3.12075892857,-0.791517857143
2012-09-10 15:02:56,-59364,1,2.64040178571,-0.480357142857
2012-09-10 15:02:57,-59363,1,2.5265625,-0.113839285714
2012-09-10 15:02:58,-59362,1,2.65863095238,0.132068452381
2012-09-10 15:02:59,-59361,1,2.86726190476,0.208630952381
2012-09-10 15:03:00,-59360,1,3.07008928571,0.202827380952
2012-09-10 15:03:01,-59359,1,3.31436011905,0.244270833333
2012-09-10 15:03:02,-59358,1,3.7146577381,0.400297619048
2012-09-10 15:03:03,-59357,1,4.3474702381,0.6328125
2012-09-10 15:03:04,-59356,1,5.2021577381,0.8546875
2012-09-10 15:03:05,-59355,1,6.23660714286,1.03444940476
2012-09-10 15:03:06,-59354,1,7.45580357143,1.21919642857
2012-09-10 15:03:07,-59353,1,8.89188988095,1.43608630952
2012-09-10 15:03:08,-59352,1,10.4630208333,1.57113095238
2012-09-10 15:03:09,-59351,1,11.8370535714,1.3740327381
2012-09-10 15:03:10,-59350,1,12.49375,0.656696428571
2012-09-10 15:03:11,-59349,1,12.036235119,-0.457514880952
2012-09-10 15:03:12,-59348,1,10.5352678571,-1.5009672619
2012-09-10 15:03:13,-59347,1,8.58950892857,-1.94575892857
2012-09-10 15:03:14,-59346,1,7.01867559524,-1.57083333333
2012-09-10 15:03:15,-59345,1,6.43794642857,-0.580729166667
2012-09-10 15:03:16,-59344,1,7.0209077381,0.582961309524
2012-09-10 15:03:17,-59343,1,8.55602678571,1.53511904762
2012-09-10 15:03:18,-59342,1,10.670014881,2.11398809524
2012-09-10 15:03:19,-59341,1,12.9914434524,2.32142857143
2012-09-10 15:03:20,-59340,1,15.174702381,2.18325892857
2012-09-10 15:03:21,-59339,1,16.9183035714,1.74360119048
2012-09-10 15:03:22,-59338,1,18.0587797619,1.14047619048
2012-09-10 15:03:23,-59337,1,18.6349702381,0.57619047619
2012-09-10 15:03:24,-59336,1,18.8248511905,0.189880952381
2012-09-10 15:03:25,-59335,1,18.7896577381,-0.035193452381
2012-09-10 15:03:26,-59334,1,18.5343005952,-0.255357142857
2012-09-10 15:03:27,-59333,1,17.8897321429,-0.644568452381
2012-09-10 15:03:28,-59332,1,16.6377232143,-1.25200892857
2012-09-10 15:03:29,-59331,1,14.6983630952,-1.93936011905
2012-09-10 15:03:30,-59330,1,12.2504464286,-2.44791666667
2012-09-10 15:03:31,-59329,1,9.64330357143,-2.60714285714
2012-09-10 15:03:32,-59328,1,7.13645833333,-2.5068452381
2012-09-10 15:03:33,-59327,1,4.79263392857,-2.34382440476
2012-09-10 15:03:34,-59326,1,2.73790922619,-2.05472470238
2012-09-10 15:03:35,-59325,1,0.0,-2.73790922619
2012-09-10 15:03:52,-59308,17,0.0,0.0
2012-09-10 15:03:53,-59307,1,3.12217261905,3.12217261905
2012-09-10 15:03:54,-59306,1,5.74486607143,2.62269345238
2012-09-10 15:03:55,-59305,1,8.65334821429,2.90848214286
2012-09-10 15:03:56,-59304,1,11.2802083333,2.62686011905
2012-09-10 15:03:57,-59303,1,13.3891369048,2.10892857143
2012-09-10 15:03:58,-59302,1,15.064546131,1.67540922619
2012-09-10 15:03:59,-59301,1,16.6132440476,1.54869791667
2012-09-10 15:04:00,-59300,1,18.3785714286,1.76532738095
2012-09-10 15:04:01,-59299,1,20.5476934524,2.16912202381
2012-09-10 15:04:02,-59298,1,23.0680803571,2.52038690476
2012-09-10 15:04:03,-59297,1,25.7020833333,2.63400297619
2012-09-10 15:04:04,-59296,1,28.1614583333,2.459375
2012-09-10 15:04:05,-59295,1,30.237797619,2.07633928571
2012-09-10 15:04:06,-59294,1,31.8603422619,1.62254464286
2012-09-10 15:04:07,-59293,1,33.072172619,1.21183035714
2012-09-10 15:04:08,-59292,1,33.9790178571,0.906845238095
2012-09-10 15:04:09,-59291,1,34.7072916667,0.728273809524
2012-09-10 15:04:10,-59290,1,35.3662946429,0.65900297619
2012-09-10 15:04:11,-59289,1,36.0286458333,0.662351190476
2012-09-10 15:04:12,-59288,1,36.7398809524,0.711235119048
2012-09-10 15:04:13,-59287,1,37.5293154762,0.789434523809
2012-09-10 15:04:14,-59286,1,38.4046875,0.87537202381
2012-09-10 15:04:15,-59285,1,39.3397321429,0.935044642857
2012-09-10 15:04:16,-59284,1,40.2736607143,0.933928571429
2012-09-10 15:04:17,-59283,1,41.1359375,0.862276785714
2012-09-10 15:04:18,-59282,1,41.8784970238,0.74255952381
2012-09-10 15:04:19,-59281,1,42.4929315476,0.61443452381
2012-09-10 15:04:20,-59280,1,43.0087053571,0.515773809524
2012-09-10 15:04:21,-59279,1,43.4728422619,0.464136904762
2012-09-10 15:04:22,-59278,1,43.9296130952,0.456770833333
2012-09-10 15:04:23,-59277,1,44.4134672619,0.483854166667
2012-09-10 15:04:24,-59276,1,44.9392857143,0.525818452381
2012-09-10 15:04:25,-59275,1,45.4955357143,0.55625
2012-09-10 15:04:26,-59274,1,46.059672619,0.564136904762
2012-09-10 15:04:27,-59273,1,46.6206845238,0.561011904762
2012-09-10 15:04:28,-59272,1,47.1853422619,0.564657738095
2012-09-10 15:04:29,-59271,1,47.7613095238,0.575967261905
2012-09-10 15:04:30,-59270,1,48.3307291667,0.569419642857
2012-09-10 15:04:31,-59269,1,48.8500744048,0.519345238095
2012-09-10 15:04:32,-59268,1,49.2836309524,0.433556547619
2012-09-10 15:04:33,-59267,1,49.6313988095,0.347767857143
2012-09-10 15:04:34,-59266,1,49.9246279762,0.293229166667
2012-09-10 15:04:35,-59265,1,50.1929315476,0.268303571428
2012-09-10 15:04:36,-59264,1,50.4290178571,0.236086309524
2012-09-10 15:04:37,-59263,1,50.5925595238,0.163541666667
2012-09-10 15:04:38,-59262,1,50.648735119,0.0561755952381
2012-09-10 15:04:39,-59261,1,50.5860119048,-0.0627232142857
2012-09-10 15:04:40,-59260,1,50.4021577381,-0.183854166667
2012-09-10 15:04:41,-59259,1,50.1006696429,-0.301488095238
2012-09-10 15:04:42,-59258,1,49.709077381,-0.391592261905
2012-09-10 15:04:43,-59257,1,49.2892857143,-0.419791666667
2012-09-10 15:04:44,-59256,1,48.9229166667,-0.366369047619
2012-09-10 15:04:45,-59255,1,48.6813244048,-0.241592261905
2012-09-10 15:04:46,-59254,1,48.5977678571,-0.083556547619
2012-09-10 15:04:47,-59253,1,48.6610863095,0.0633184523809
2012-09-10 15:04:48,-59252,1,48.8322916667,0.171205357143
2012-09-10 15:04:49,-59251,1,49.0583333333,0.226041666667
2012-09-10 15:04:50,-59250,1,49.2802827381,0.221949404762
2012-09-10 15:04:51,-59249,1,49.4578125,0.177529761905
2012-09-10 15:04:52,-59248,1,49.5909970238,0.133184523809
2012-09-10 15:04:53,-59247,1,49.7055059524,0.114508928572
2012-09-10 15:04:54,-59246,1,49.8185267857,0.113020833333
2012-09-10 15:04:55,-59245,1,49.9222470238,0.103720238095
2012-09-10 15:04:56,-59244,1,49.9935267857,0.0712797619048
2012-09-10 15:04:57,-59243,1,50.016889881,0.0233630952381
2012-09-10 15:04:58,-59242,1,50.0005952381,-0.0162946428572
2012-09-10 15:04:59,-59241,1,49.9704613095,-0.0301339285714
2012-09-10 15:05:00,-59240,1,49.9486607143,-0.0218005952381
2012-09-10 15:05:01,-59239,1,49.9443452381,-0.0043154761905
2012-09-10 15:05:02,-59238,1,49.9657738095,0.0214285714286
2012-09-10 15:05:03,-59237,1,50.0305059524,0.0647321428572
2012-09-10 15:05:04,-59236,1,50.1571428571,0.126636904762
2012-09-10 15:05:05,-59235,1,50.3485119048,0.191369047619
2012-09-10 15:05:06,-59234,1,50.577827381,0.229315476191
2012-09-10 15:05:07,-59233,1,50.7889880952,0.211160714286
2012-09-10 15:05:08,-59232,1,50.923139881,0.134151785714
2012-09-10 15:05:09,-59231,1,50.9537202381,0.0305803571428
2012-09-10 15:05:10,-59230,1,50.887797619,-0.0659226190476
2012-09-10 15:05:11,-59229,1,50.729389881,-0.158407738095
2012-09-10 15:05:12,-59228,1,50.4519345238,-0.277455357143
2012-09-10 15:05:13,-59227,1,50.0082589286,-0.443675595238
2012-09-10 15:05:14,-59226,1,49.345610119,-0.662648809524
2012-09-10 15:05:15,-59225,1,48.3863839286,-0.959226190476
2012-09-10 15:05:16,-59224,1,46.9964285714,-1.38995535714
2012-09-10 15:05:17,-59223,1,45.001264881,-1.99516369048
2012-09-10 15:05:18,-59222,1,42.2640625,-2.73720238095
2012-09-10 15:05:19,-59221,1,38.7648809524,-3.49918154762
2012-09-10 15:05:20,-59220,1,34.6121279762,-4.15275297619
2012-09-10 15:05:21,-59219,1,30.0040178571,-4.60811011905
2012-09-10 15:05:22,-59218,1,25.2368303571,-4.7671875
2012-09-10 15:05:23,-59217,1,20.7714285714,-4.46540178571
2012-09-10 15:05:24,-59216,1,17.2156994048,-3.55572916667
2012-09-10 15:05:25,-59215,1,15.127827381,-2.08787202381
2012-09-10 15:05:26,-59214,1,14.7593005952,-0.368526785714
2012-09-10 15:05:27,-59213,1,15.9470982143,1.18779761905
2012-09-10 15:05:28,-59212,1,18.2375,2.29040178571
2012-09-10 15:05:29,-59211,1,21.1339285714,2.89642857143
2012-09-10 15:05:30,-59210,1,24.2796875,3.14575892857
2012-09-10 15:05:31,-59209,1,27.4788690476,3.19918154762
2012-09-10 15:05:32,-59208,1,30.617485119,3.13861607143
2012-09-10 15:05:33,-59207,1,33.5885416667,2.97105654762
2012-09-10 15:05:34,-59206,1,36.2628720238,2.67433035714
2012-09-10 15:05:35,-59205,1,38.5135416667,2.25066964286
2012-09-10 15:05:36,-59204,1,40.276264881,1.76272321429
2012-09-10 15:05:37,-59203,1,41.5894345238,1.31316964286
2012-09-10 15:05:38,-59202,1,42.5764880952,0.987053571429
2012-09-10 15:05:39,-59201,1,43.3829613095,0.806473214286
2012-09-10 15:05:40,-59200,1,44.1055803571,0.722619047619
2012-09-10 15:05:41,-59199,1,44.7589285714,0.653348214286
2012-09-10 15:05:42,-59198,1,45.2930059524,0.534077380952
2012-09-10 15:05:43,-59197,1,45.6297619048,0.336755952381
2012-09-10 15:05:44,-59196,1,45.6919642857,0.0622023809524
2012-09-10 15:05:45,-59195,1,45.4125744048,-0.279389880952
2012-09-10 15:05:46,-59194,1,44.7176339286,-0.69494047619
2012-09-10 15:05:47,-59193,1,43.5020833333,-1.21555059524
2012-09-10 15:05:48,-59192,1,41.6287202381,-1.87336309524
2012-09-10 15:05:49,-59191,1,38.9604166667,-2.66830357143
2012-09-10 15:05:50,-59190,1,35.4162946429,-3.54412202381
2012-09-10 15:05:51,-59189,1,31.0264880952,-4.38980654762
2012-09-10 15:05:52,-59188,1,25.9591517857,-5.06733630952
2012-09-10 15:05:53,-59187,1,20.5165178571,-5.44263392857
2012-09-10 15:05:54,-59186,1,15.099702381,-5.41681547619
2012-09-10 15:05:55,-59185,1,10.1308779762,-4.96882440476
2012-09-10 15:05:56,-59184,1,5.97648809524,-4.15438988095
2012-09-10 15:05:57,-59183,1,2.95204613095,-3.02444196429
2012-09-10 15:05:58,-59182,1,0.0,-2.95204613095
2012-09-10 15:06:28,-59152,30,0.0,0.0
2012-09-10 15:06:29,-59151,1,3.12224702381,3.12224702381
2012-09-10 15:06:30,-59150,1,5.92849702381,2.80625
2012-09-10 15:06:31,-59149,1,9.10186011905,3.17336309524
2012-09-10 15:06:32,-59148,1,11.9178571429,2.81599702381
2012-09-10 15:06:33,-59147,1,14.0413690476,2.12351190476
2012-09-10 15:06:34,-59146,1,15.6927455357,1.6513764881
2012-09-10 15:06:35,-59145,1,17.4148809524,1.72213541667
2012-09-10 15:06:36,-59144,1,19.5950892857,2.18020833333
2012-09-10 15:06:37,-59143,1,22.1782738095,2.58318452381
2012-09-10 15:06:38,-59142,1,24.7579613095,2.5796875
2012-09-10 15:06:39,-59141,1,26.8663690476,2.1084077381
2012-09-10 15:06:40,-59140,1,28.171577381,1.30520833333
2012-09-10 15:06:41,-59139,1,28.4510416667,0.279464285714
2012-09-10 15:06:42,-59138,1,27.5140625,-0.936979166667
2012-09-10 15:06:43,-59137,1,25.2688816392,-2.24518086081
2012-09-10 15:06:44,-59136,1,21.8519345238,-3.41694711538
2012-09-10 15:06:45,-59135,1,17.6654418498,-4.18649267399
2012-09-10 15:06:46,-59134,1,13.3234088828,-4.34203296703
2012-09-10 15:06:47,-59133,1,9.50528846154,-3.81812042125
2012-09-10 15:06:48,-59132,1,6.70857944139,-2.79670902015
2012-09-10 15:06:49,-59131,1,5.0591632326,-1.64941620879
2012-09-10 15:06:50,-59130,1,4.32528044872,-0.733882783883
2012-09-10 15:06:51,-59129,1,4.09410485348,-0.231175595238
2012-09-10 15:06:52,-59128,1,4.00649610806,-0.0876087454212
2012-09-10 15:06:53,-59127,1,3.90149954212,-0.104996565934
2012-09-10 15:06:54,-59126,1,3.76923076923,-0.132268772894
2012-09-10 15:06:55,-59125,1,3.63076923077,-0.138461538462
2012-09-10 15:06:56,-59124,1,3.48674450549,-0.144024725275
2012-09-10 15:06:57,-59123,1,3.31872710623,-0.168017399267
2012-09-10 15:06:58,-59122,1,3.13974931319,-0.17897779304
2012-09-10 15:06:59,-59121,1,3.101058837,-0.0386904761905
2012-09-10 15:07:00,-59120,1,3.50132783883,0.400269001832
2012-09-10 15:07:01,-59119,1,4.60377174908,1.10244391026
2012-09-10 15:07:02,-59118,1,6.46175022894,1.85797847985
2012-09-10 15:07:03,-59117,1,8.93923992674,2.4774896978
2012-09-10 15:07:04,-59116,1,11.8623111264,2.92307119963
2012-09-10 15:07:05,-59115,1,15.1494791667,3.28716804029
2012-09-10 15:07:06,-59114,1,18.786996337,3.63751717033
2012-09-10 15:07:07,-59113,1,22.6703125,3.883316163
2012-09-10 15:07:08,-59112,1,26.546875,3.8765625
2012-09-10 15:07:09,-59111,1,30.1574404762,3.61056547619
2012-09-10 15:07:10,-59110,1,33.3830357143,3.2255952381
2012-09-10 15:07:11,-59109,1,36.2489583333,2.86592261905
2012-09-10 15:07:12,-59108,1,38.8310267857,2.58206845238
2012-09-10 15:07:13,-59107,1,41.1552083333,2.32418154762
2012-09-10 15:07:14,-59106,1,43.1665178571,2.01130952381
2012-09-10 15:07:15,-59105,1,44.7951636905,1.62864583333
2012-09-10 15:07:16,-59104,1,46.0409970238,1.24583333333
2012-09-10 15:07:17,-59103,1,46.9866815476,0.94568452381
2012-09-10 15:07:18,-59102,1,47.7453125,0.758630952381
2012-09-10 15:07:19,-59101,1,48.3938244048,0.648511904762
2012-09-10 15:07:20,-59100,1,48.9473958333,0.553571428571
2012-09-10 15:07:21,-59099,1,49.3988839286,0.451488095238
2012-09-10 15:07:22,-59098,1,49.7651785714,0.366294642857
2012-09-10 15:07:23,-59097,1,50.084077381,0.318898809524
2012-09-10 15:07:24,-59096,1,50.3857142857,0.301636904762
2012-09-10 15:07:25,-59095,1,50.6707589286,0.285044642857
2012-09-10 15:07:26,-59094,1,50.9013392857,0.230580357143
2012-09-10 15:07:27,-59093,1,51.023735119,0.122395833333
2012-09-10 15:07:28,-59092,1,51.021577381,-0.0021577380952
2012-09-10 15:07:29,-59091,1,50.9405505952,-0.0810267857143
2012-09-10 15:07:30,-59090,1,50.8476934524,-0.0928571428571
2012-09-10 15:07:31,-59089,1,50.7726190476,-0.0750744047619
2012-09-10 15:07:32,-59088,1,50.6904017857,-0.0822172619048
2012-09-10 15:07:33,-59087,1,50.5587053571,-0.131696428571
2012-09-10 15:07:34,-59086,1,50.3776041667,-0.181101190476
2012-09-10 15:07:35,-59085,1,50.2055803571,-0.172023809524
2012-09-10 15:07:36,-59084,1,50.1093005952,-0.0962797619047
2012-09-10 15:07:37,-59083,1,50.1119791667,0.0026785714286
2012-09-10 15:07:38,-59082,1,50.1874255952,0.0754464285714
2012-09-10 15:07:39,-59081,1,50.2844494048,0.0970238095238
2012-09-10 15:07:40,-59080,1,50.3598958333,0.0754464285714
2012-09-10 15:07:41,-59079,1,50.3975446429,0.0376488095238
2012-09-10 15:07:42,-59078,1,50.4033482143,0.0058035714286
2012-09-10 15:07:43,-59077,1,50.3966517857,-0.0066964285714
2012-09-10 15:07:44,-59076,1,50.401860119,0.0052083333333
2012-09-10 15:07:45,-59075,1,50.436235119,0.034375
2012-09-10 15:07:46,-59074,1,50.5067708333,0.0705357142857
2012-09-10 15:07:47,-59073,1,50.6139880952,0.107217261905
2012-09-10 15:07:48,-59072,1,50.7513392857,0.137351190476
2012-09-10 15:07:49,-59071,1,50.9040178571,0.152678571429
2012-09-10 15:07:50,-59070,1,51.0485863095,0.144568452381
2012-09-10 15:07:51,-59069,1,51.1554315476,0.106845238095
2012-09-10 15:07:52,-59068,1,51.1982142857,0.0427827380953
2012-09-10 15:07:53,-59067,1,51.1633184524,-0.0348958333334
2012-09-10 15:07:54,-59066,1,51.0574404762,-0.10587797619
2012-09-10 15:07:55,-59065,1,50.9110119048,-0.146428571429
2012-09-10 15:07:56,-59064,1,50.7642113095,-0.146800595238
2012-09-10 15:07:57,-59063,1,50.6438988095,-0.1203125
2012-09-10 15:07:58,-59062,1,50.5534970238,-0.0904017857143
2012-09-10 15:07:59,-59061,1,50.4786458333,-0.0748511904762
2012-09-10 15:08:00,-59060,1,50.4054315476,-0.0732142857143
2012-09-10 15:08:01,-59059,1,50.3398809524,-0.065550595238
2012-09-10 15:08:02,-59058,1,50.3054315476,-0.034449404762
2012-09-10 15:08:03,-59057,1,50.3241071429,0.0186755952381
2012-09-10 15:08:04,-59056,1,50.4094494048,0.0853422619048
2012-09-10 15:08:05,-59055,1,50.5673363095,0.157886904762
2012-09-10 15:08:06,-59054,1,50.7804315476,0.213095238095
2012-09-10 15:08:07,-59053,1,50.9811011905,0.200669642857
2012-09-10 15:08:08,-59052,1,51.0453869048,0.0642857142857
2012-09-10 15:08:09,-59051,1,50.8320684524,-0.213318452381
2012-09-10 15:08:10,-59050,1,50.2533482143,-0.578720238095
2012-09-10 15:08:11,-59049,1,49.3188244048,-0.934523809524
2012-09-10 15:08:12,-59048,1,48.0950892857,-1.22373511905
2012-09-10 15:08:13,-59047,1,46.5988839286,-1.49620535714
2012-09-10 15:08:14,-59046,1,44.709672619,-1.88921130952
2012-09-10 15:08:15,-59045,1,42.1767857143,-2.53288690476
2012-09-10 15:08:16,-59044,1,38.7418154762,-3.4349702381
2012-09-10 15:08:17,-59043,1,34.3107886905,-4.43102678571
2012-09-10 15:08:18,-59042,1,29.0485119048,-5.26227678571
2012-09-10 15:08:19,-59041,1,23.3416666667,-5.7068452381
2012-09-10 15:08:20,-59040,1,17.7043154762,-5.63735119048
2012-09-10 15:08:21,-59039,1,12.7238095238,-4.98050595238
2012-09-10 15:08:22,-59038,1,9.0421875,-3.68162202381
2012-09-10 15:08:23,-59037,1,7.23392857143,-1.80825892857
2012-09-10 15:08:24,-59036,1,7.51555059524,0.28162202381
2012-09-10 15:08:25,-59035,1,9.49375,1.97819940476
2012-09-10 15:08:26,-59034,1,12.237202381,2.74345238095
2012-09-10 15:08:27,-59033,1,14.7260416667,2.48883928571
2012-09-10 15:08:28,-59032,1,16.4055059524,1.67946428571
2012-09-10 15:08:29,-59031,1,17.4138392857,1.00833333333
2012-09-10 15:08:30,-59030,1,18.3226190476,0.908779761905
2012-09-10 15:08:31,-59029,1,19.6711309524,1.34851190476
2012-09-10 15:08:32,-59028,1,21.6632440476,1.99211309524
2012-09-10 15:08:33,-59027,1,24.1626488095,2.4994047619
2012-09-10 15:08:34,-59026,1,26.8819940476,2.7193452381
2012-09-10 15:08:35,-59025,1,29.545610119,2.66361607143
2012-09-10 15:08:36,-59024,1,31.9219494048,2.37633928571
2012-09-10 15:08:37,-59023,1,33.8130208333,1.89107142857
2012-09-10 15:08:38,-59022,1,35.0639136905,1.25089285714
2012-09-10 15:08:39,-59021,1,35.5686755952,0.504761904762
2012-09-10 15:08:40,-59020,1,35.2801339286,-0.288541666667
2012-09-10 15:08:41,-59019,1,34.2255208333,-1.05461309524
2012-09-10 15:08:42,-59018,1,32.5020089286,-1.72351190476
2012-09-10 15:08:43,-59017,1,30.2738095238,-2.22819940476
2012-09-10 15:08:44,-59016,1,27.7816220238,-2.4921875
2012-09-10 15:08:45,-59015,1,25.3098214286,-2.47180059524
2012-09-10 15:08:46,-59014,1,23.0851934524,-2.22462797619
2012-09-10 15:08:47,-59013,1,21.1645833333,-1.92061011905
2012-09-10 15:08:48,-59012,1,19.4138392857,-1.75074404762
2012-09-10 15:08:49,-59011,1,17.6523065476,-1.7615327381
2012-09-10 15:08:50,-59010,1,15.8828869048,-1.76941964286
2012-09-10 15:08:51,-59009,1,14.3645833333,-1.51830357143
2012-09-10 15:08:52,-59008,1,13.3993303571,-0.96525297619
2012-09-10 15:08:53,-59007,1,13.0215029762,-0.377827380952
2012-09-10 15:08:54,-59006,1,12.8930803571,-0.128422619048
2012-09-10 15:08:55,-59005,1,12.5203125,-0.372767857143
2012-09-10 15:08:56,-59004,1,11.5922619048,-0.928050595238
2012-09-10 15:08:57,-59003,1,10.0879464286,-1.50431547619
2012-09-10 15:08:58,-59002,1,8.1021577381,-1.98578869048
2012-09-10 15:08:59,-59001,1,5.75044642857,-2.35171130952
2012-09-10 15:09:00,-59000,1,3.3796875,-2.37075892857
2012-09-10 15:09:01,-58999,1,0.0,-3.3796875
2012-09-10 15:09:31,-58969,30,0.0,0.0
2012-09-10 15:09:32,-58968,1,3.0537202381,3.0537202381
2012-09-10 15:09:33,-58967,1,5.67901785714,2.62529761905
2012-09-10 15:09:34,-58966,1,8.76614583333,3.08712797619
2012-09-10 15:09:35,-58965,1,11.8138392857,3.04769345238
2012-09-10 15:09:36,-58964,1,14.552827381,2.73898809524
2012-09-10 15:09:37,-58963,1,16.9114583333,2.35863095238
2012-09-10 15:09:38,-58962,1,18.9810267857,2.06956845238
2012-09-10 15:09:39,-58961,1,20.9395833333,1.95855654762
2012-09-10 15:09:40,-58960,1,22.9124255952,1.9728422619
2012-09-10 15:09:41,-58959,1,24.8712053571,1.9587797619
2012-09-10 15:09:42,-58958,1,26.7038690476,1.83266369048
2012-09-10 15:09:43,-58957,1,28.3605654762,1.65669642857
2012-09-10 15:09:44,-58956,1,29.8779017857,1.51733630952
2012-09-10 15:09:45,-58955,1,31.2949404762,1.41703869048
2012-09-10 15:09:46,-58954,1,32.5936011905,1.29866071429
2012-09-10 15:09:47,-58953,1,33.7156994048,1.12209821429
2012-09-10 15:09:48,-58952,1,34.6326636905,0.916964285714
2012-09-10 15:09:49,-58951,1,35.3960565476,0.763392857143
2012-09-10 15:09:50,-58950,1,36.1207589286,0.724702380952
2012-09-10 15:09:51,-58949,1,36.9380208333,0.817261904762
2012-09-10 15:09:52,-58948,1,37.9520833333,1.0140625
2012-09-10 15:09:53,-58947,1,39.1895833333,1.2375
2012-09-10 15:09:54,-58946,1,40.562797619,1.37321428571
2012-09-10 15:09:55,-58945,1,41.8952380952,1.33244047619
2012-09-10 15:09:56,-58944,1,43.0138392857,1.11860119048
2012-09-10 15:09:57,-58943,1,43.8466517857,0.8328125
2012-09-10 15:09:58,-58942,1,44.4444196429,0.597767857143
2012-09-10 15:09:59,-58941,1,44.9170386905,0.472619047619
2012-09-10 15:10:00,-58940,1,45.3640625,0.447023809524
2012-09-10 15:10:01,-58939,1,45.8505952381,0.486532738095
2012-09-10 15:10:02,-58938,1,46.4073660714,0.556770833333
2012-09-10 15:10:03,-58937,1,47.0333333333,0.625967261905
2012-09-10 15:10:04,-58936,1,47.6970982143,0.663764880952
2012-09-10 15:10:05,-58935,1,48.3391369048,0.642038690476
2012-09-10 15:10:06,-58934,1,48.8898065476,0.550669642857
2012-09-10 15:10:07,-58933,1,49.2974702381,0.407663690476
2012-09-10 15:10:08,-58932,1,49.5392857143,0.24181547619
2012-09-10 15:10:09,-58931,1,49.6148065476,0.0755208333333
2012-09-10 15:10:10,-58930,1,49.537202381,-0.0776041666666
2012-09-10 15:10:11,-58929,1,49.3235863095,-0.213616071429
2012-09-10 15:10:12,-58928,1,48.9888392857,-0.334747023809
2012-09-10 15:10:13,-58927,1,48.5473958333,-0.441443452381
2012-09-10 15:10:14,-58926,1,48.0162946429,-0.531101190476
2012-09-10 15:10:15,-58925,1,47.4133184524,-0.602976190476
2012-09-10 15:10:16,-58924,1,46.7503720238,-0.662946428572
2012-09-10 15:10:17,-58923,1,46.0283482143,-0.722023809524
2012-09-10 15:10:18,-58922,1,45.2494791667,-0.778869047619
2012-09-10 15:10:19,-58921,1,44.4540922619,-0.795386904762
2012-09-10 15:10:20,-58920,1,43.7454613095,-0.708630952381
2012-09-10 15:10:21,-58919,1,43.2549107143,-0.490550595238
2012-09-10 15:10:22,-58918,1,43.0645089286,-0.190401785714
2012-09-10 15:10:23,-58917,1,43.156547619,0.0920386904762
2012-09-10 15:10:24,-58916,1,43.4322172619,0.275669642857
2012-09-10 15:10:25,-58915,1,43.7820684524,0.349851190476
2012-09-10 15:10:26,-58914,1,44.1469494048,0.364880952381
2012-09-10 15:10:27,-58913,1,44.5194196429,0.372470238095
2012-09-10 15:10:28,-58912,1,44.9022321429,0.3828125
2012-09-10 15:10:29,-58911,1,45.2805803571,0.378348214286
2012-09-10 15:10:30,-58910,1,45.6314732143,0.350892857143
2012-09-10 15:10:31,-58909,1,45.9458333333,0.314360119048
2012-09-10 15:10:32,-58908,1,46.2370535714,0.291220238095
2012-09-10 15:10:33,-58907,1,46.5327380952,0.295684523809
2012-09-10 15:10:34,-58906,1,46.8563244048,0.323586309524
2012-09-10 15:10:35,-58905,1,47.2113095238,0.354985119048
2012-09-10 15:10:36,-58904,1,47.5836309524,0.372321428572
2012-09-10 15:10:37,-58903,1,47.9594494048,0.375818452381
2012-09-10 15:10:38,-58902,1,48.3386904762,0.379241071429
2012-09-10 15:10:39,-58901,1,48.7320684524,0.393377976191
2012-09-10 15:10:40,-58900,1,49.1435267857,0.411458333333
2012-09-10 15:10:41,-58899,1,49.5545386905,0.411011904762
2012-09-10 15:10:42,-58898,1,49.9352678571,0.380729166667
2012-09-10 15:10:43,-58897,1,50.2780505952,0.342782738095
2012-09-10 15:10:44,-58896,1,50.6099702381,0.331919642857
2012-09-10 15:10:45,-58895,1,50.9630952381,0.353125
2012-09-10 15:10:46,-58894,1,51.3322916667,0.369196428571
2012-09-10 15:10:47,-58893,1,51.6661458333,0.333854166667
2012-09-10 15:10:48,-58892,1,51.9099702381,0.243824404762
2012-09-10 15:10:49,-58891,1,52.0580357143,0.148065476191
2012-09-10 15:10:50,-58890,1,52.1488095238,0.0907738095238
2012-09-10 15:10:51,-58889,1,52.2120535714,0.0632440476191
2012-09-10 15:10:52,-58888,1,52.2311755952,0.0191220238095
2012-09-10 15:10:53,-58887,1,52.1456845238,-0.0854910714286
2012-09-10 15:10:54,-58886,1,51.8889880952,-0.256696428571
2012-09-10 15:10:55,-58885,1,51.4485863095,-0.440401785714
2012-09-10 15:10:56,-58884,1,50.8991815476,-0.549404761905
2012-09-10 15:10:57,-58883,1,50.3680059524,-0.531175595238
2012-09-10 15:10:58,-58882,1,49.9641369048,-0.403869047619
2012-09-10 15:10:59,-58881,1,49.726860119,-0.237276785714
2012-09-10 15:11:00,-58880,1,49.6107886905,-0.116071428571
2012-09-10 15:11:01,-58879,1,49.5039434524,-0.106845238095
2012-09-10 15:11:02,-58878,1,49.2640625,-0.239880952381
2012-09-10 15:11:03,-58877,1,48.7554315476,-0.508630952381
2012-09-10 15:11:04,-58876,1,47.8928571429,-0.862574404762
2012-09-10 15:11:05,-58875,1,46.6881696429,-1.2046875
2012-09-10 15:11:06,-58874,1,45.2431547619,-1.44501488095
2012-09-10 15:11:07,-58873,1,43.6540178571,-1.58913690476
2012-09-10 15:11:08,-58872,1,41.9085565476,-1.74546130952
2012-09-10 15:11:09,-58871,1,39.9113839286,-1.99717261905
2012-09-10 15:11:10,-58870,1,37.6243303571,-2.28705357143
2012-09-10 15:11:11,-58869,1,35.1418154762,-2.48251488095
2012-09-10 15:11:12,-58868,1,32.6132440476,-2.52857142857
2012-09-10 15:11:13,-58867,1,30.1142113095,-2.4990327381
2012-09-10 15:11:14,-58866,1,27.5835565476,-2.5306547619
2012-09-10 15:11:15,-58865,1,24.8677083333,-2.71584821429
2012-09-10 15:11:16,-58864,1,21.834375,-3.03333333333
2012-09-10 15:11:17,-58863,1,18.4441964286,-3.39017857143
2012-09-10 15:11:18,-58862,1,14.7373511905,-3.7068452381
2012-09-10 15:11:19,-58861,1,10.8320684524,-3.9052827381
2012-09-10 15:11:20,-58860,1,7.00007440476,-3.83199404762
2012-09-10 15:11:21,-58859,1,3.7634672619,-3.23660714286
2012-09-10 15:11:22,-58858,1,0.0,-3.7634672619
2012-09-10 15:11:54,-58826,32,0.0,0.0
2012-09-10 15:11:55,-58825,1,4.08385416667,4.08385416667
2012-09-10 15:11:56,-58824,1,7.61450892857,3.5306547619
2012-09-10 15:11:57,-58823,1,11.5933779762,3.97886904762
2012-09-10 15:11:58,-58822,1,15.2401785714,3.64680059524
2012-09-10 15:11:59,-58821,1,18.2179315476,2.97775297619
2012-09-10 15:12:00,-58820,1,20.6008928571,2.38296130952
2012-09-10 15:12:01,-58819,1,22.607514881,2.00662202381
2012-09-10 15:12:02,-58818,1,24.3648809524,1.75736607143
2012-09-10 15:12:03,-58817,1,25.8991071429,1.53422619048
2012-09-10 15:12:04,-58816,1,27.2503720238,1.35126488095
2012-09-10 15:12:05,-58815,1,28.5328125,1.28244047619
2012-09-10 15:12:06,-58814,1,29.8844494048,1.35163690476
2012-09-10 15:12:07,-58813,1,31.3688244048,1.484375
2012-09-10 15:12:08,-58812,1,32.937797619,1.56897321429
2012-09-10 15:12:09,-58811,1,34.4826636905,1.54486607143
2012-09-10 15:12:10,-58810,1,35.8801339286,1.3974702381
2012-09-10 15:12:11,-58809,1,36.9868303571,1.10669642857
2012-09-10 15:12:12,-58808,1,37.654985119,0.668154761905
2012-09-10 15:12:13,-58807,1,37.8060267857,0.151041666667
2012-09-10 15:12:14,-58806,1,37.4890625,-0.316964285714
2012-09-10 15:12:15,-58805,1,36.8563988095,-0.632663690476
2012-09-10 15:12:16,-58804,1,36.0789434524,-0.777455357143
2012-09-10 15:12:17,-58803,1,35.2796130952,-0.799330357143
2012-09-10 15:12:18,-58802,1,34.5326636905,-0.746949404762
2012-09-10 15:12:19,-58801,1,33.8941220238,-0.638541666667
2012-09-10 15:12:20,-58800,1,33.3982142857,-0.495907738095
2012-09-10 15:12:21,-58799,1,33.0235863095,-0.374627976191
2012-09-10 15:12:22,-58798,1,32.689360119,-0.334226190476
2012-09-10 15:12:23,-58797,1,32.3006696429,-0.38869047619
2012-09-10 15:12:24,-58796,1,31.8104166667,-0.49025297619
2012-09-10 15:12:25,-58795,1,31.2537202381,-0.556696428571
2012-09-10 15:12:26,-58794,1,30.7152529762,-0.538467261905
2012-09-10 15:12:27,-58793,1,30.2470238095,-0.468229166667
2012-09-10 15:12:28,-58792,1,29.8279017857,-0.419122023809
2012-09-10 15:12:29,-58791,1,29.4180059524,-0.409895833333
2012-09-10 15:12:30,-58790,1,29.062797619,-0.355208333333
2012-09-10 15:12:31,-58789,1,28.9472470238,-0.115550595238
2012-09-10 15:12:32,-58788,1,29.3139880952,0.366741071429
2012-09-10 15:12:33,-58787,1,30.2829613095,0.968973214286
2012-09-10 15:12:34,-58786,1,31.7380952381,1.45513392857
2012-09-10 15:12:35,-58785,1,33.3905505952,1.65245535714
2012-09-10 15:12:36,-58784,1,34.954389881,1.56383928571
2012-09-10 15:12:37,-58783,1,36.2829613095,1.32857142857
2012-09-10 15:12:38,-58782,1,37.370610119,1.08764880952
2012-09-10 15:12:39,-58781,1,38.2489583333,0.878348214286
2012-09-10 15:12:40,-58780,1,38.8982886905,0.649330357143
2012-09-10 15:12:41,-58779,1,39.2673363095,0.369047619048
2012-09-10 15:12:42,-58778,1,39.3618303571,0.0944940476191
2012-09-10 15:12:43,-58777,1,39.2886904762,-0.0731398809524
2012-09-10 15:12:44,-58776,1,39.214360119,-0.0743303571429
2012-09-10 15:12:45,-58775,1,39.2816964286,0.0673363095238
2012-09-10 15:12:46,-58774,1,39.5517113095,0.270014880952
2012-09-10 15:12:47,-58773,1,40.0142857143,0.462574404762
2012-09-10 15:12:48,-58772,1,40.6370535714,0.622767857143
2012-09-10 15:12:49,-58771,1,41.38125,0.744196428571
2012-09-10 15:12:50,-58770,1,42.1837797619,0.802529761905
2012-09-10 15:12:51,-58769,1,42.9604910714,0.776711309524
2012-09-10 15:12:52,-58768,1,43.6415178571,0.681026785714
2012-09-10 15:12:53,-58767,1,44.1948660714,0.553348214286
2012-09-10 15:12:54,-58766,1,44.609672619,0.414806547619
2012-09-10 15:12:55,-58765,1,44.8686011905,0.258928571429
2012-09-10 15:12:56,-58764,1,44.9473958333,0.0787946428571
2012-09-10 15:12:57,-58763,1,44.8354166667,-0.111979166667
2012-09-10 15:12:58,-58762,1,44.5534970238,-0.281919642857
2012-09-10 15:12:59,-58761,1,44.1468005952,-0.406696428571
2012-09-10 15:13:00,-58760,1,43.6449404762,-0.501860119048
2012-09-10 15:13:01,-58759,1,43.0326636905,-0.612276785714
2012-09-10 15:13:02,-58758,1,42.2694940476,-0.763169642857
2012-09-10 15:13:03,-58757,1,41.3169642857,-0.952529761905
2012-09-10 15:13:04,-58756,1,40.1222470238,-1.1947172619
2012-09-10 15:13:05,-58755,1,38.5845238095,-1.53772321429
2012-09-10 15:13:06,-58754,1,36.5698660714,-2.0146577381
2012-09-10 15:13:07,-58753,1,33.9907738095,-2.5790922619
2012-09-10 15:13:08,-58752,1,30.8819940476,-3.1087797619
2012-09-10 15:13:09,-58751,1,27.3857886905,-3.49620535714
2012-09-10 15:13:10,-58750,1,23.653125,-3.73266369048
2012-09-10 15:13:11,-58749,1,19.7616815476,-3.89144345238
2012-09-10 15:13:12,-58748,1,15.7244047619,-4.03727678571
2012-09-10 15:13:13,-58747,1,11.5798363095,-4.14456845238
2012-09-10 15:13:14,-58746,1,7.52916666667,-4.05066964286
2012-09-10 15:13:15,-58745,1,4.07708333333,-3.45208333333
2012-09-10 15:13:16,-58744,1,0.0,-4.07708333333
2012-09-10 15:14:24,-58676,68,0.0,0.0
2012-09-10 15:14:25,-58675,1,3.69761904762,3.69761904762
2012-09-10 15:14:26,-58674,1,6.48898809524,2.79136904762
2012-09-10 15:14:27,-58673,1,9.3328125,2.84382440476
2012-09-10 15:14:28,-58672,1,11.6886904762,2.35587797619
2012-09-10 15:14:29,-58671,1,13.4705357143,1.7818452381
2012-09-10 15:14:30,-58670,1,14.7920386905,1.32150297619
2012-09-10 15:14:31,-58669,1,15.7411458333,0.949107142857
2012-09-10 15:14:32,-58668,1,16.3972470238,0.656101190476
2012-09-10 15:14:33,-58667,1,16.9855654762,0.588318452381
2012-09-10 15:14:34,-58666,1,17.8712053571,0.885639880952
2012-09-10 15:14:35,-58665,1,19.3478422619,1.47663690476
2012-09-10 15:14:36,-58664,1,21.4390625,2.0912202381
2012-09-10 15:14:37,-58663,1,23.8625,2.4234375
2012-09-10 15:14:38,-58662,1,26.1529017857,2.29040178571
2012-09-10 15:14:39,-58661,1,27.8549107143,1.70200892857
2012-09-10 15:14:40,-58660,1,28.6415178571,0.786607142857
2012-09-10 15:14:41,-58659,1,28.3095238095,-0.331994047619
2012-09-10 15:14:42,-58658,1,26.7677083333,-1.54181547619
2012-09-10 15:14:43,-58657,1,24.0819940476,-2.68571428571
2012-09-10 15:14:44,-58656,1,20.508110119,-3.57388392857
2012-09-10 15:14:45,-58655,1,16.4906994048,-4.01741071429
2012-09-10 15:14:46,-58654,1,12.6584821429,-3.8322172619
2012-09-10 15:14:47,-58653,1,9.73199404762,-2.92648809524
2012-09-10 15:14:48,-58652,1,8.26651785714,-1.46547619048
2012-09-10 15:14:49,-58651,1,8.37946428571,0.112946428571
2012-09-10 15:14:50,-58650,1,9.69255952381,1.3130952381
2012-09-10 15:14:51,-58649,1,11.5649553571,1.87239583333
2012-09-10 15:14:52,-58648,1,13.4921875,1.92723214286
2012-09-10 15:14:53,-58647,1,15.3527529762,1.86056547619
2012-09-10 15:14:54,-58646,1,17.2702380952,1.91748511905
2012-09-10 15:14:55,-58645,1,19.2956845238,2.02544642857
2012-09-10 15:14:56,-58644,1,21.2795386905,1.98385416667
2012-09-10 15:14:57,-58643,1,22.9863839286,1.7068452381
2012-09-10 15:14:58,-58642,1,24.2598958333,1.27351190476
2012-09-10 15:14:59,-58641,1,25.09375,0.833854166667
2012-09-10 15:15:00,-58640,1,25.5919642857,0.498214285714
2012-09-10 15:15:01,-58639,1,25.8859375,0.293973214286
2012-09-10 15:15:02,-58638,1,26.065327381,0.179389880952
2012-09-10 15:15:03,-58637,1,26.1212797619,0.0559523809524
2012-09-10 15:15:04,-58636,1,25.9319940476,-0.189285714286
2012-09-10 15:15:05,-58635,1,25.3601190476,-0.571875
2012-09-10 15:15:06,-58634,1,24.4152529762,-0.944866071428
2012-09-10 15:15:07,-58633,1,23.3176339286,-1.09761904762
2012-09-10 15:15:08,-58632,1,22.3872767857,-0.930357142857
2012-09-10 15:15:09,-58631,1,21.8583333333,-0.528943452381
2012-09-10 15:15:10,-58630,1,21.7706845238,-0.0876488095238
2012-09-10 15:15:11,-58629,1,21.9977678571,0.227083333333
2012-09-10 15:15:12,-58628,1,22.3525297619,0.354761904762
2012-09-10 15:15:13,-58627,1,22.6842261905,0.331696428571
2012-09-10 15:15:14,-58626,1,22.9277529762,0.243526785714
2012-09-10 15:15:15,-58625,1,23.1008928571,0.173139880952
2012-09-10 15:15:16,-58624,1,23.2239583333,0.12306547619
2012-09-10 15:15:17,-58623,1,23.18125,-0.0427083333333
2012-09-10 15:15:18,-58622,1,22.6988095238,-0.48244047619
2012-09-10 15:15:19,-58621,1,21.5530505952,-1.14575892857
2012-09-10 15:15:20,-58620,1,19.8045386905,-1.74851190476
2012-09-10 15:15:21,-58619,1,17.8023809524,-2.0021577381
2012-09-10 15:15:22,-58618,1,15.9860119048,-1.81636904762
2012-09-10 15:15:23,-58617,1,14.6857886905,-1.30022321429
2012-09-10 15:15:24,-58616,1,14.0772321429,-0.608556547619
2012-09-10 15:15:25,-58615,1,14.2345982143,0.157366071429
2012-09-10 15:15:26,-58614,1,15.0827380952,0.848139880952
2012-09-10 15:15:27,-58613,1,16.248735119,1.16599702381
2012-09-10 15:15:28,-58612,1,17.0758928571,0.827157738095
2012-09-10 15:15:29,-58611,1,16.9351190476,-0.140773809524
2012-09-10 15:15:30,-58610,1,15.6099702381,-1.32514880952
2012-09-10 15:15:31,-58609,1,13.4166666667,-2.19330357143
2012-09-10 15:15:32,-58608,1,10.988764881,-2.42790178571
2012-09-10 15:15:33,-58607,1,8.94985119048,-2.03891369048
2012-09-10 15:15:34,-58606,1,7.68549107143,-1.26436011905
2012-09-10 15:15:35,-58605,1,7.25974702381,-0.425744047619
2012-09-10 15:15:36,-58604,1,7.45602678571,0.196279761905
2012-09-10 15:15:37,-58603,1,7.90870535714,0.452678571429
2012-09-10 15:15:38,-58602,1,8.2744047619,0.365699404762
2012-09-10 15:15:39,-58601,1,8.39367559524,0.119270833333
2012-09-10 15:15:40,-58600,1,8.35572916667,-0.0379464285714
2012-09-10 15:15:41,-58599,1,8.39694940476,0.0412202380953
2012-09-10 15:15:42,-58598,1,8.71458333333,0.317633928571
2012-09-10 15:15:43,-58597,1,9.33839285714,0.62380952381
2012-09-10 15:15:44,-58596,1,10.1200892857,0.781696428571
2012-09-10 15:15:45,-58595,1,10.8261904762,0.706101190476
2012-09-10 15:15:46,-58594,1,11.2697916667,0.443601190476
2012-09-10 15:15:47,-58593,1,11.3946428571,0.124851190476
2012-09-10 15:15:48,-58592,1,11.2538690476,-0.140773809524
2012-09-10 15:15:49,-58591,1,10.9080357143,-0.345833333333
2012-09-10 15:15:50,-58590,1,10.3628720238,-0.545163690476
2012-09-10 15:15:51,-58589,1,9.61101190476,-0.751860119048
2012-09-10 15:15:52,-58588,1,8.6943452381,-0.916666666667
2012-09-10 15:15:53,-58587,1,7.71837797619,-0.975967261905
2012-09-10 15:15:54,-58586,1,6.81956845238,-0.89880952381
2012-09-10 15:15:55,-58585,1,6.07313988095,-0.746428571429
2012-09-10 15:15:56,-58584,1,5.39389880952,-0.679241071429
2012-09-10 15:15:57,-58583,1,4.55863095238,-0.835267857143
2012-09-10 15:15:58,-58582,1,3.39858630952,-1.16004464286
2012-09-10 15:15:59,-58581,1,2.07663690476,-1.32194940476
2012-09-10 15:16:00,-58580,1,0.0,-2.07663690476
2012-09-10 15:22:37,-58183,397,0.0,0.0
2012-09-10 15:22:38,-58182,1,2.37574404762,2.37574404762
2012-09-10 15:22:39,-58181,1,3.90572916667,1.52998511905
2012-09-10 15:22:40,-58180,1,5.33913690476,1.4334077381
2012-09-10 15:22:41,-58179,1,6.53936011905,1.20022321429
2012-09-10 15:22:42,-58178,1,7.55729166667,1.01793154762
2012-09-10 15:22:43,-58177,1,8.36696428571,0.809672619048
2012-09-10 15:22:44,-58176,1,8.87209821429,0.505133928571
2012-09-10 15:22:45,-58175,1,9.0490327381,0.17693452381
2012-09-10 15:22:46,-58174,1,8.98288690476,-0.0661458333333
2012-09-10 15:22:47,-58173,1,8.78236607143,-0.200520833333
2012-09-10 15:22:48,-58172,1,8.52016369048,-0.262202380952
2012-09-10 15:22:49,-58171,1,8.25617559524,-0.263988095238
2012-09-10 15:22:50,-58170,1,8.06212797619,-0.194047619048
2012-09-10 15:22:51,-58169,1,7.97857142857,-0.083556547619
2012-09-10 15:22:52,-58168,1,7.95758928571,-0.0209821428572
2012-09-10 15:22:53,-58167,1,7.8828125,-0.0747767857143
2012-09-10 15:22:54,-58166,1,7.66257440476,-0.220238095238
2012-09-10 15:22:55,-58165,1,7.3052827381,-0.357291666667
2012-09-10 15:22:56,-58164,1,6.90349702381,-0.401785714286
2012-09-10 15:22:57,-58163,1,6.55885416667,-0.344642857143
2012-09-10 15:22:58,-58162,1,6.33251488095,-0.226339285714
2012-09-10 15:22:59,-58161,1,6.22098214286,-0.111532738095
2012-09-10 15:23:00,-58160,1,6.13854166667,-0.0824404761905
2012-09-10 15:23:01,-58159,1,5.96860119048,-0.16994047619
2012-09-10 15:23:02,-58158,1,5.68251488095,-0.286086309524
2012-09-10 15:23:03,-58157,1,5.41421130952,-0.268303571429
2012-09-10 15:23:04,-58156,1,5.41845238095,0.00424107142857
2012-09-10 15:23:05,-58155,1,5.9275297619,0.509077380952
2012-09-10 15:23:06,-58154,1,7.00617559524,1.07864583333
2012-09-10 15:23:07,-58153,1,8.5271577381,1.52098214286
2012-09-10 15:23:08,-58152,1,10.2537946429,1.72663690476
2012-09-10 15:23:09,-58151,1,11.9189732143,1.66517857143
2012-09-10 15:23:10,-58150,1,13.2697916667,1.35081845238
2012-09-10 15:23:11,-58149,1,14.1189732143,0.849181547619
2012-09-10 15:23:12,-58148,1,14.4052083333,0.286235119048
2012-09-10 15:23:13,-58147,1,14.2148065476,-0.190401785714
2012-09-10 15:23:14,-58146,1,13.7454613095,-0.469345238095
2012-09-10 15:23:15,-58145,1,13.2491815476,-0.496279761905
2012-09-10 15:23:16,-58144,1,12.9927827381,-0.256398809524
2012-09-10 15:23:17,-58143,1,13.2288690476,0.236086309524
2012-09-10 15:23:18,-58142,1,14.1304315476,0.9015625
2012-09-10 15:23:19,-58141,1,15.688764881,1.55833333333
2012-09-10 15:23:20,-58140,1,17.6714285714,1.98266369048
2012-09-10 15:23:21,-58139,1,19.7069196429,2.03549107143
2012-09-10 15:23:22,-58138,1,21.4416666667,1.73474702381
2012-09-10 15:23:23,-58137,1,22.6712797619,1.22961309524
2012-09-10 15:23:24,-58136,1,23.3752232143,0.703943452381
2012-09-10 15:23:25,-58135,1,23.6602678571,0.285044642857
2012-09-10 15:23:26,-58134,1,23.6930803571,0.0328125
2012-09-10 15:23:27,-58133,1,23.6534970238,-0.0395833333334
2012-09-10 15:23:28,-58132,1,23.6710565476,0.0175595238095
2012-09-10 15:23:29,-58131,1,23.7625,0.091443452381
2012-09-10 15:23:30,-58130,1,23.8328869048,0.0703869047619
2012-09-10 15:23:31,-58129,1,23.7478422619,-0.0850446428571
2012-09-10 15:23:32,-58128,1,23.4334821429,-0.314360119048
2012-09-10 15:23:33,-58127,1,22.9417410714,-0.491741071428
2012-09-10 15:23:34,-58126,1,22.4260416667,-0.515699404762
2012-09-10 15:23:35,-58125,1,22.0494047619,-0.376636904762
2012-09-10 15:23:36,-58124,1,21.9051339286,-0.144270833333
2012-09-10 15:23:37,-58123,1,21.9808779762,0.0757440476191
2012-09-10 15:23:38,-58122,1,22.1607142857,0.179836309524
2012-09-10 15:23:39,-58121,1,22.2764136905,0.115699404762
2012-09-10 15:23:40,-58120,1,22.185639881,-0.0907738095238
2012-09-10 15:23:41,-58119,1,21.8265625,-0.359077380952
2012-09-10 15:23:42,-58118,1,21.233110119,-0.593452380952
2012-09-10 15:23:43,-58117,1,20.5010416667,-0.732068452381
2012-09-10 15:23:44,-58116,1,19.6883928571,-0.812648809524
2012-09-10 15:23:45,-58115,1,18.701264881,-0.987127976191
2012-09-10 15:23:46,-58114,1,17.2858630952,-1.41540178571
2012-09-10 15:23:47,-58113,1,15.2130208333,-2.0728422619
2012-09-10 15:23:48,-58112,1,12.5808779762,-2.63214285714
2012-09-10 15:23:49,-58111,1,9.95386904762,-2.62700892857
2012-09-10 15:23:50,-58110,1,8.11398809524,-1.83988095238
2012-09-10 15:23:51,-58109,1,7.61748511905,-0.49650297619
2012-09-10 15:23:52,-58108,1,8.55238095238,0.934895833333
2012-09-10 15:23:53,-58107,1,10.6154761905,2.0630952381
2012-09-10 15:23:54,-58106,1,13.35,2.73452380952
2012-09-10 15:23:55,-58105,1,16.328125,2.978125
2012-09-10 15:23:56,-58104,1,19.1839285714,2.85580357143
2012-09-10 15:23:57,-58103,1,21.6232886905,2.43936011905
2012-09-10 15:23:58,-58102,1,23.4997767857,1.87648809524
2012-09-10 15:23:59,-58101,1,24.8241815476,1.3244047619
2012-09-10 15:24:00,-58100,1,25.6409970238,0.816815476191
2012-09-10 15:24:01,-58099,1,25.9188988095,0.277901785714
2012-09-10 15:24:02,-58098,1,25.5677083333,-0.35119047619
2012-09-10 15:24:03,-58097,1,24.4962797619,-1.07142857143
2012-09-10 15:24:04,-58096,1,22.6071800595,-1.88909970238
2012-09-10 15:24:05,-58095,1,19.80625,-2.80093005952
2012-09-10 15:24:06,-58094,1,16.1183035714,-3.68794642857
2012-09-10 15:24:07,-58093,1,11.8191964286,-4.29910714286
2012-09-10 15:24:08,-58092,1,7.47492559524,-4.34427083333
2012-09-10 15:24:09,-58091,1,3.87604166667,-3.59888392857
2012-09-10 15:24:10,-58090,1,0.0,-3.87604166667
2012-09-10 15:24:26,-58074,16,0.0,0.0
2012-09-10 15:24:27,-58073,1,3.31908482143,3.31908482143
2012-09-10 15:24:28,-58072,1,5.71644345238,2.39735863095
2012-09-10 15:24:29,-58071,1,8.21949404762,2.50305059524
2012-09-10 15:24:30,-58070,1,10.6022321429,2.38273809524
2012-09-10 15:24:31,-58069,1,12.9874255952,2.38519345238
2012-09-10 15:24:32,-58068,1,15.5238839286,2.53645833333
2012-09-10 15:24:33,-58067,1,18.2216517857,2.69776785714
2012-09-10 15:24:34,-58066,1,21.0046875,2.78303571429
2012-09-10 15:24:35,-58065,1,23.8043154762,2.79962797619
2012-09-10 15:24:36,-58064,1,26.551264881,2.74694940476
2012-09-10 15:24:37,-58063,1,29.1421875,2.59092261905
2012-09-10 15:24:38,-58062,1,31.4656994048,2.32351190476
2012-09-10 15:24:39,-58061,1,33.4466517857,1.98095238095
2012-09-10 15:24:40,-58060,1,35.0712797619,1.62462797619
2012-09-10 15:24:41,-58059,1,36.3926339286,1.32135416667
2012-09-10 15:24:42,-58058,1,37.4993303571,1.10669642857
2012-09-10 15:24:43,-58057,1,38.4601934524,0.960863095238
2012-09-10 15:24:44,-58056,1,39.2863095238,0.826116071429
2012-09-10 15:24:45,-58055,1,39.9174107143,0.631101190476
2012-09-10 15:24:46,-58054,1,40.2308035714,0.313392857143
2012-09-10 15:24:47,-58053,1,40.0866071429,-0.144196428572
2012-09-10 15:24:48,-58052,1,39.4001488095,-0.686458333333
2012-09-10 15:24:49,-58051,1,38.201860119,-1.19828869048
2012-09-10 15:24:50,-58050,1,36.6373511905,-1.56450892857
2012-09-10 15:24:51,-58049,1,34.8848214286,-1.7525297619
2012-09-10 15:24:52,-58048,1,33.0349702381,-1.84985119048
2012-09-10 15:24:53,-58047,1,31.0414434524,-1.99352678571
2012-09-10 15:24:54,-58046,1,28.8024553571,-2.23898809524
2012-09-10 15:24:55,-58045,1,26.2918154762,-2.51063988095
2012-09-10 15:24:56,-58044,1,23.6078869048,-2.68392857143
2012-09-10 15:24:57,-58043,1,20.912202381,-2.69568452381
2012-09-10 15:24:58,-58042,1,18.3350446429,-2.5771577381
2012-09-10 15:24:59,-58041,1,15.9125956633,-2.42244897959
2012-09-10 15:25:00,-58040,1,13.5573554422,-2.35524022109
2012-09-10 15:25:01,-58039,1,11.1161670918,-2.44118835034
2012-09-10 15:25:02,-58038,1,8.56725127551,-2.54891581633
2012-09-10 15:25:03,-58037,1,6.16565688776,-2.40159438776
2012-09-10 15:25:04,-58036,1,4.32474489796,-1.8409119898
2012-09-10 15:25:05,-58035,1,3.34140093537,-0.983343962585
2012-09-10 15:25:06,-58034,1,3.18843537415,-0.152965561224
2012-09-10 15:25:07,-58033,1,3.52890093537,0.340465561224
2012-09-10 15:25:08,-58032,1,4.01886692177,0.489965986395
2012-09-10 15:25:09,-58031,1,4.6509247449,0.632057823129
2012-09-10 15:25:10,-58030,1,5.7459502551,1.0950255102
2012-09-10 15:25:11,-58029,1,7.62986819728,1.88391794218
2012-09-10 15:25:12,-58028,1,10.3682716837,2.73840348639
2012-09-10 15:25:13,-58027,1,13.7233737245,3.35510204082
2012-09-10 15:25:14,-58026,1,17.2933567177,3.5699829932
2012-09-10 15:25:15,-58025,1,20.7520195578,3.45866284014
2012-09-10 15:25:16,-58024,1,23.9798894558,3.22786989796
2012-09-10 15:25:17,-58023,1,26.9749255952,2.99503613946
2012-09-10 15:25:18,-58022,1,29.7109375,2.73601190476
2012-09-10 15:25:19,-58021,1,32.0829613095,2.37202380952
2012-09-10 15:25:20,-58020,1,33.9424107143,1.85944940476
2012-09-10 15:25:21,-58019,1,35.2206845238,1.27827380952
2012-09-10 15:25:22,-58018,1,36.0509672619,0.830282738095
2012-09-10 15:25:23,-58017,1,36.7317708333,0.680803571428
2012-09-10 15:25:24,-58016,1,37.5313988095,0.799627976191
2012-09-10 15:25:25,-58015,1,38.5064732143,0.975074404762
2012-09-10 15:25:26,-58014,1,39.4896577381,0.983184523809
2012-09-10 15:25:27,-58013,1,40.2470238095,0.757366071429
2012-09-10 15:25:28,-58012,1,40.6533482143,0.406324404762
2012-09-10 15:25:29,-58011,1,40.7127232143,0.059375
2012-09-10 15:25:30,-58010,1,40.4363095238,-0.276413690476
2012-09-10 15:25:31,-58009,1,39.7585565476,-0.67775297619
2012-09-10 15:25:32,-58008,1,38.5613095238,-1.19724702381
2012-09-10 15:25:33,-58007,1,36.7299107143,-1.83139880952
2012-09-10 15:25:34,-58006,1,34.2235863095,-2.50632440476
2012-09-10 15:25:35,-58005,1,31.140625,-3.08296130952
2012-09-10 15:25:36,-58004,1,27.6896577381,-3.4509672619
2012-09-10 15:25:37,-58003,1,24.0840029762,-3.6056547619
2012-09-10 15:25:38,-58002,1,20.4844494048,-3.59955357143
2012-09-10 15:25:39,-58001,1,17.0511904762,-3.43325892857
2012-09-10 15:25:40,-58000,1,14.0272321429,-3.02395833333
2012-09-10 15:25:41,-57999,1,11.680275974,-2.34695616883
2012-09-10 15:25:42,-57998,1,10.0574337121,-1.6228422619
2012-09-10 15:25:43,-57997,1,8.82980925325,-1.22762445887
2012-09-10 15:25:44,-57996,1,7.52422213203,-1.30558712121
2012-09-10 15:25:45,-57995,1,5.95476866883,-1.5694534632
2012-09-10 15:25:46,-57994,1,4.3685741342,-1.58619453463
2012-09-10 15:25:47,-57993,1,3.17434388528,-1.19423024892
2012-09-10 15:25:48,-57992,1,2.56538149351,-0.608962391775
2012-09-10 15:25:49,-57991,1,2.39508252165,-0.170298971861
2012-09-10 15:25:50,-57990,1,2.38313041126,-0.0119521103896
2012-09-10 15:25:51,-57989,1,2.36699134199,-0.0161390692641
2012-09-10 15:25:52,-57988,1,2.31976461039,-0.0472267316017
2012-09-10 15:25:53,-57987,1,2.2331642316,-0.0866003787879
2012-09-10 15:25:54,-57986,1,2.12560200216,-0.107562229437
2012-09-10 15:25:55,-57985,1,2.20284767316,0.0772456709957
2012-09-10 15:25:56,-57984,1,2.91055194805,0.707704274892
2012-09-10 15:25:57,-57983,1,4.70121753247,1.79066558442
2012-09-10 15:25:58,-57982,1,7.71933847403,3.01812094156
2012-09-10 15:25:59,-57981,1,11.6873850108,3.9680465368
2012-09-10 15:26:00,-57980,1,16.0567978896,4.36941287879
2012-09-10 15:26:01,-57979,1,20.3142924784,4.25749458874
2012-09-10 15:26:02,-57978,1,24.1843817641,3.87008928571
2012-09-10 15:26:03,-57977,1,27.5834077381,3.39902597403
2012-09-10 15:26:04,-57976,1,30.5168154762,2.9334077381
2012-09-10 15:26:05,-57975,1,33.0632440476,2.54642857143
2012-09-10 15:26:06,-57974,1,35.3313244048,2.26808035714
2012-09-10 15:26:07,-57973,1,37.3497767857,2.01845238095
2012-09-10 15:26:08,-57972,1,39.0196428571,1.66986607143
2012-09-10 15:26:09,-57971,1,40.1938244048,1.17418154762
2012-09-10 15:26:10,-57970,1,40.811235119,0.617410714286
2012-09-10 15:26:11,-57969,1,40.972172619,0.1609375
2012-09-10 15:26:12,-57968,1,40.8871279762,-0.0850446428571
2012-09-10 15:26:13,-57967,1,40.7495535714,-0.137574404762
2012-09-10 15:26:14,-57966,1,40.674702381,-0.0748511904762
2012-09-10 15:26:15,-57965,1,40.7442708333,0.0695684523809
2012-09-10 15:26:16,-57964,1,41.04375,0.299479166667
2012-09-10 15:26:17,-57963,1,41.6214285714,0.577678571429
2012-09-10 15:26:18,-57962,1,42.4209821429,0.799553571428
2012-09-10 15:26:19,-57961,1,43.2779017857,0.856919642857
2012-09-10 15:26:20,-57960,1,44.0239583333,0.746056547619
2012-09-10 15:26:21,-57959,1,44.6203869048,0.596428571429
2012-09-10 15:26:22,-57958,1,45.1756696429,0.555282738095
2012-09-10 15:26:23,-57957,1,45.8293154762,0.653645833333
2012-09-10 15:26:24,-57956,1,46.6284970238,0.799181547619
2012-09-10 15:26:25,-57955,1,47.503125,0.87462797619
2012-09-10 15:26:26,-57954,1,48.3302083333,0.827083333333
2012-09-10 15:26:27,-57953,1,49.0140625,0.683854166667
2012-09-10 15:26:28,-57952,1,49.5259672619,0.511904761905
2012-09-10 15:26:29,-57951,1,49.8917410714,0.365773809524
2012-09-10 15:26:30,-57950,1,50.1513392857,0.259598214286
2012-09-10 15:26:31,-57949,1,50.3270833333,0.175744047619
2012-09-10 15:26:32,-57948,1,50.421577381,0.0944940476191
2012-09-10 15:26:33,-57947,1,50.4479910714,0.0264136904762
2012-09-10 15:26:34,-57946,1,50.4665178571,0.0185267857142
2012-09-10 15:26:35,-57945,1,50.570610119,0.104092261905
2012-09-10 15:26:36,-57944,1,50.8122767857,0.241666666667
2012-09-10 15:26:37,-57943,1,51.1410714286,0.328794642857
2012-09-10 15:26:38,-57942,1,51.433110119,0.292038690476
2012-09-10 15:26:39,-57941,1,51.5972470238,0.164136904762
2012-09-10 15:26:40,-57940,1,51.6578125,0.0605654761905
2012-09-10 15:26:41,-57939,1,51.7289434524,0.0711309523809
2012-09-10 15:26:42,-57938,1,51.9078869048,0.178943452381
2012-09-10 15:26:43,-57937,1,52.1895089286,0.281622023809
2012-09-10 15:26:44,-57936,1,52.478125,0.288616071429
2012-09-10 15:26:45,-57935,1,52.6824404762,0.204315476191
2012-09-10 15:26:46,-57934,1,52.792485119,0.110044642857
2012-09-10 15:26:47,-57933,1,52.8625744048,0.0700892857143
2012-09-10 15:26:48,-57932,1,52.9388392857,0.0762648809524
2012-09-10 15:26:49,-57931,1,53.0152529762,0.0764136904762
2012-09-10 15:26:50,-57930,1,53.054985119,0.0397321428571
2012-09-10 15:26:51,-57929,1,53.0478422619,-0.0071428571428
2012-09-10 15:26:52,-57928,1,53.0361607143,-0.0116815476191
2012-09-10 15:26:53,-57927,1,53.0797619048,0.0436011904762
2012-09-10 15:26:54,-57926,1,53.2014136905,0.121651785714
2012-09-10 15:26:55,-57925,1,53.3648809524,0.163467261905
2012-09-10 15:26:56,-57924,1,53.5040922619,0.139211309524
2012-09-10 15:26:57,-57923,1,53.5798363095,0.075744047619
2012-09-10 15:26:58,-57922,1,53.6071428571,0.0273065476191
2012-09-10 15:26:59,-57921,1,53.6281994048,0.021056547619
2012-09-10 15:27:00,-57920,1,53.6747767857,0.0465773809524
2012-09-10 15:27:01,-57919,1,53.7607142857,0.0859375
2012-09-10 15:27:02,-57918,1,53.8895089286,0.128794642857
2012-09-10 15:27:03,-57917,1,54.053125,0.163616071429
2012-09-10 15:27:04,-57916,1,54.2228422619,0.169717261905
2012-09-10 15:27:05,-57915,1,54.3556547619,0.1328125
2012-09-10 15:27:06,-57914,1,54.4391369048,0.0834821428571
2012-09-10 15:27:07,-57913,1,54.533110119,0.0939732142857
2012-09-10 15:27:08,-57912,1,54.7366815476,0.203571428571
2012-09-10 15:27:09,-57911,1,55.1015625,0.364880952381
2012-09-10 15:27:10,-57910,1,55.5822916667,0.480729166667
2012-09-10 15:27:11,-57909,1,56.0727678571,0.490476190476
2012-09-10 15:27:12,-57908,1,56.4923363095,0.419568452381
2012-09-10 15:27:13,-57907,1,56.8171875,0.324851190476
2012-09-10 15:27:14,-57906,1,57.0119047619,0.194717261905
2012-09-10 15:27:15,-57905,1,56.9696428571,-0.0422619047619
2012-09-10 15:27:16,-57904,1,56.5727678571,-0.396875
2012-09-10 15:27:17,-57903,1,55.8208333333,-0.75193452381
2012-09-10 15:27:18,-57902,1,54.8845238095,-0.936309523809
2012-09-10 15:27:19,-57901,1,54.0198660714,-0.864657738095
2012-09-10 15:27:20,-57900,1,53.4082589286,-0.611607142857
2012-09-10 15:27:21,-57899,1,53.0604910714,-0.347767857143
2012-09-10 15:27:22,-57898,1,52.8633184524,-0.197172619048
2012-09-10 15:27:23,-57897,1,52.7003720238,-0.162946428572
2012-09-10 15:27:24,-57896,1,52.5212053571,-0.179166666667
2012-09-10 15:27:25,-57895,1,52.3264136905,-0.194791666667
2012-09-10 15:27:26,-57894,1,52.1285714286,-0.197842261905
2012-09-10 15:27:27,-57893,1,51.9311755952,-0.197395833333
2012-09-10 15:27:28,-57892,1,51.7240327381,-0.207142857143
2012-09-10 15:27:29,-57891,1,51.4906994048,-0.233333333333
2012-09-10 15:27:30,-57890,1,51.212202381,-0.278497023809
2012-09-10 15:27:31,-57889,1,50.842485119,-0.369717261905
2012-09-10 15:27:32,-57888,1,50.286235119,-0.55625
2012-09-10 15:27:33,-57887,1,49.4339285714,-0.852306547619
2012-09-10 15:27:34,-57886,1,48.2272321429,-1.20669642857
2012-09-10 15:27:35,-57885,1,46.6826636905,-1.54456845238
2012-09-10 15:27:36,-57884,1,44.8494791667,-1.83318452381
2012-09-10 15:27:37,-57883,1,42.7289434524,-2.12053571429
2012-09-10 15:27:38,-57882,1,40.2274553571,-2.50148809524
2012-09-10 15:27:39,-57881,1,37.2055059524,-3.02194940476
2012-09-10 15:27:40,-57880,1,33.5738839286,-3.63162202381
2012-09-10 15:27:41,-57879,1,29.3389880952,-4.23489583333
2012-09-10 15:27:42,-57878,1,24.5831845238,-4.75580357143
2012-09-10 15:27:43,-57877,1,19.4404761905,-5.14270833333
2012-09-10 15:27:44,-57876,1,14.1249255952,-5.31555059524
2012-09-10 15:27:45,-57875,1,9.02209821429,-5.10282738095
2012-09-10 15:27:46,-57874,1,4.78779761905,-4.23430059524
2012-09-10 15:27:47,-57873,1,0.0,-4.78779761905
2012-09-10 15:28:02,-57858,15,0.0,0.0
2012-09-10 15:28:03,-57857,1,4.36078869048,4.36078869048
2012-09-10 15:28:04,-57856,1,8.14739583333,3.78660714286
2012-09-10 15:28:05,-57855,1,12.5677827381,4.42038690476
2012-09-10 15:28:06,-57854,1,16.9292410714,4.36145833333
2012-09-10 15:28:07,-57853,1,20.9149553571,3.98571428571
2012-09-10 15:28:08,-57852,1,24.467485119,3.5525297619
2012-09-10 15:28:09,-57851,1,27.6074404762,3.13995535714
2012-09-10 15:28:10,-57850,1,30.3511904762,2.74375
2012-09-10 15:28:11,-57849,1,32.7370535714,2.38586309524
2012-09-10 15:28:12,-57848,1,34.8285714286,2.09151785714
2012-09-10 15:28:13,-57847,1,36.6639136905,1.8353422619
2012-09-10 15:28:14,-57846,1,38.2321428571,1.56822916667
2012-09-10 15:28:15,-57845,1,39.5054315476,1.27328869048
2012-09-10 15:28:16,-57844,1,40.4879464286,0.982514880952
2012-09-10 15:28:17,-57843,1,41.236235119,0.748288690476
2012-09-10 15:28:18,-57842,1,41.8322916667,0.596056547619
2012-09-10 15:28:19,-57841,1,42.3402529762,0.507961309524
2012-09-10 15:28:20,-57840,1,42.7951636905,0.454910714286
2012-09-10 15:28:21,-57839,1,43.2245535714,0.429389880952
2012-09-10 15:28:22,-57838,1,43.6665178571,0.441964285714
2012-09-10 15:28:23,-57837,1,44.1662202381,0.499702380952
2012-09-10 15:28:24,-57836,1,44.7604166667,0.594196428572
2012-09-10 15:28:25,-57835,1,45.4651041667,0.7046875
2012-09-10 15:28:26,-57834,1,46.2759672619,0.810863095238
2012-09-10 15:28:27,-57833,1,47.1796130952,0.903645833333
2012-09-10 15:28:28,-57832,1,48.1593005952,0.9796875
2012-09-10 15:28:29,-57831,1,49.184672619,1.02537202381
2012-09-10 15:28:30,-57830,1,50.1988095238,1.01413690476
2012-09-10 15:28:31,-57829,1,51.1206845238,0.921875
2012-09-10 15:28:32,-57828,1,51.8620535714,0.741369047619
2012-09-10 15:28:33,-57827,1,52.351264881,0.489211309524
2012-09-10 15:28:34,-57826,1,52.5609375,0.209672619048
2012-09-10 15:28:35,-57825,1,52.523139881,-0.0377976190476
2012-09-10 15:28:36,-57824,1,52.3147321429,-0.208407738095
2012-09-10 15:28:37,-57823,1,52.0244791667,-0.29025297619
2012-09-10 15:28:38,-57822,1,51.7233630952,-0.301116071429
2012-09-10 15:28:39,-57821,1,51.4500744048,-0.273288690476
2012-09-10 15:28:40,-57820,1,51.216889881,-0.233184523809
2012-09-10 15:28:41,-57819,1,51.0242559524,-0.192633928571
2012-09-10 15:28:42,-57818,1,50.8703125,-0.153943452381
2012-09-10 15:28:43,-57817,1,50.7560267857,-0.114285714286
2012-09-10 15:28:44,-57816,1,50.6845982143,-0.0714285714286
2012-09-10 15:28:45,-57815,1,50.6586309524,-0.0259672619047
2012-09-10 15:28:46,-57814,1,50.6833333333,0.0247023809523
2012-09-10 15:28:47,-57813,1,50.7654761905,0.0821428571429
2012-09-10 15:28:48,-57812,1,50.9020089286,0.136532738095
2012-09-10 15:28:49,-57811,1,51.073735119,0.171726190476
2012-09-10 15:28:50,-57810,1,51.2536458333,0.179910714286
2012-09-10 15:28:51,-57809,1,51.423735119,0.170089285714
2012-09-10 15:28:52,-57808,1,51.5860119048,0.162276785714
2012-09-10 15:28:53,-57807,1,51.7563988095,0.170386904762
2012-09-10 15:28:54,-57806,1,51.9459077381,0.189508928571
2012-09-10 15:28:55,-57805,1,52.1454613095,0.199553571429
2012-09-10 15:28:56,-57804,1,52.3301339286,0.184672619048
2012-09-10 15:28:57,-57803,1,52.4811011905,0.150967261905
2012-09-10 15:28:58,-57802,1,52.6021577381,0.121056547619
2012-09-10 15:28:59,-57801,1,52.7148809524,0.112723214286
2012-09-10 15:29:00,-57800,1,52.8418154762,0.12693452381
2012-09-10 15:29:01,-57799,1,52.9932291667,0.151413690476
2012-09-10 15:29:02,-57798,1,53.1629464286,0.169717261905
2012-09-10 15:29:03,-57797,1,53.3341517857,0.171205357143
2012-09-10 15:29:04,-57796,1,53.4901041667,0.155952380952
2012-09-10 15:29:05,-57795,1,53.6164434524,0.126339285714
2012-09-10 15:29:06,-57794,1,53.6954613095,0.0790178571429
2012-09-10 15:29:07,-57793,1,53.7045386905,0.0090773809524
2012-09-10 15:29:08,-57792,1,53.6173363095,-0.0872023809524
2012-09-10 15:29:09,-57791,1,53.4101190476,-0.207217261905
2012-09-10 15:29:10,-57790,1,53.0790922619,-0.331026785714
2012-09-10 15:29:11,-57789,1,52.6480654762,-0.431026785714
2012-09-10 15:29:12,-57788,1,52.1534970238,-0.494568452381
2012-09-10 15:29:13,-57787,1,51.6238839286,-0.529613095238
2012-09-10 15:29:14,-57786,1,51.0677083333,-0.556175595238
2012-09-10 15:29:15,-57785,1,50.4808779762,-0.586830357143
2012-09-10 15:29:16,-57784,1,49.8682291667,-0.612648809524
2012-09-10 15:29:17,-57783,1,49.2480654762,-0.620163690476
2012-09-10 15:29:18,-57782,1,48.637797619,-0.610267857143
2012-09-10 15:29:19,-57781,1,48.0482142857,-0.589583333333
2012-09-10 15:29:20,-57780,1,47.4924107143,-0.555803571429
2012-09-10 15:29:21,-57779,1,46.9950892857,-0.497321428571
2012-09-10 15:29:22,-57778,1,46.5889136905,-0.406175595238
2012-09-10 15:29:23,-57777,1,46.3030505952,-0.285863095238
2012-09-10 15:29:24,-57776,1,46.1567708333,-0.146279761905
2012-09-10 15:29:25,-57775,1,46.1485863095,-0.0081845238095
2012-09-10 15:29:26,-57774,1,46.2383184524,0.0897321428571
2012-09-10 15:29:27,-57773,1,46.3458333333,0.107514880952
2012-09-10 15:29:28,-57772,1,46.3775297619,0.0316964285715
2012-09-10 15:29:29,-57771,1,46.271875,-0.105654761905
2012-09-10 15:29:30,-57770,1,46.034077381,-0.237797619048
2012-09-10 15:29:31,-57769,1,45.7081845238,-0.325892857143
2012-09-10 15:29:32,-57768,1,45.2802827381,-0.427901785714
2012-09-10 15:29:33,-57767,1,44.5921875,-0.688095238095
2012-09-10 15:29:34,-57766,1,43.3634672619,-1.2287202381
2012-09-10 15:29:35,-57765,1,41.3339285714,-2.02953869048
2012-09-10 15:29:36,-57764,1,38.4149553571,-2.91897321429
2012-09-10 15:29:37,-57763,1,34.7204613095,-3.69449404762
2012-09-10 15:29:38,-57762,1,30.4743303571,-4.24613095238
2012-09-10 15:29:39,-57761,1,25.895014881,-4.57931547619
2012-09-10 15:29:40,-57760,1,21.1449404762,-4.75007440476
2012-09-10 15:29:41,-57759,1,16.3831845238,-4.76175595238
2012-09-10 15:29:42,-57758,1,11.8985119048,-4.48467261905
2012-09-10 15:29:43,-57757,1,8.20587797619,-3.69263392857
2012-09-10 15:29:44,-57756,1,5.95275297619,-2.253125
2012-09-10 15:29:45,-57755,1,5.61785714286,-0.334895833333
2012-09-10 15:29:46,-57754,1,7.21912202381,1.60126488095
2012-09-10 15:29:47,-57753,1,10.288764881,3.06964285714
2012-09-10 15:29:48,-57752,1,14.1350446429,3.8462797619
2012-09-10 15:29:49,-57751,1,18.1761160714,4.04107142857
2012-09-10 15:29:50,-57750,1,22.0955357143,3.91941964286
2012-09-10 15:29:51,-57749,1,25.7370535714,3.64151785714
2012-09-10 15:29:52,-57748,1,28.925297619,3.18824404762
2012-09-10 15:29:53,-57747,1,31.443452381,2.5181547619
2012-09-10 15:29:54,-57746,1,33.1475446429,1.7040922619
2012-09-10 15:29:55,-57745,1,34.0537202381,0.906175595238
2012-09-10 15:29:56,-57744,1,34.3354166667,0.281696428572
2012-09-10 15:29:57,-57743,1,34.246875,-0.0885416666667
2012-09-10 15:29:58,-57742,1,33.996875,-0.25
2012-09-10 15:29:59,-57741,1,33.637797619,-0.359077380952
2012-09-10 15:30:00,-57740,1,33.040327381,-0.597470238095
2012-09-10 15:30:01,-57739,1,31.9555059524,-1.08482142857
2012-09-10 15:30:02,-57738,1,30.1229910714,-1.83251488095
2012-09-10 15:30:03,-57737,1,27.3799107143,-2.74308035714
2012-09-10 15:30:04,-57736,1,23.7170386905,-3.66287202381
2012-09-10 15:30:05,-57735,1,19.2674107143,-4.44962797619
2012-09-10 15:30:06,-57734,1,14.2984375,-4.96897321429
2012-09-10 15:30:07,-57733,1,9.2796875,-5.01875
2012-09-10 15:30:08,-57732,1,4.98110119048,-4.29858630952
2012-09-10 15:30:09,-57731,1,0.0,-4.98110119048
2012-09-10 15:30:37,-57703,28,0.0,0.0
2012-09-10 15:30:38,-57702,1,3.99010416667,3.99010416667
2012-09-10 15:30:39,-57701,1,6.89546130952,2.90535714286
2012-09-10 15:30:40,-57700,1,9.67953869048,2.78407738095
2012-09-10 15:30:41,-57699,1,11.7213541667,2.04181547619
2012-09-10 15:30:42,-57698,1,13.0411458333,1.31979166667
2012-09-10 15:30:43,-57697,1,13.9479166667,0.906770833333
2012-09-10 15:30:44,-57696,1,14.5733630952,0.625446428571
2012-09-10 15:30:45,-57695,1,14.6959821429,0.122619047619
2012-09-10 15:30:46,-57694,1,13.9529761905,-0.743005952381
2012-09-10 15:30:47,-57693,1,12.2060267857,-1.74694940476
2012-09-10 15:30:48,-57692,1,9.75342261905,-2.45260416667
2012-09-10 15:30:49,-57691,1,7.16584821429,-2.58757440476
2012-09-10 15:30:50,-57690,1,4.88630952381,-2.27953869048
2012-09-10 15:30:51,-57689,1,3.04188988095,-1.84441964286
2012-09-10 15:30:52,-57688,1,1.64635416667,-1.39553571429
2012-09-10 15:30:53,-57687,1,0.0,-1.64635416667
2012-09-10 15:40:10,-57130,557,0.0,0.0
2012-09-10 15:40:11,-57129,1,1.56666666667,1.56666666667
2012-09-10 15:40:12,-57128,1,2.39293154762,0.826264880952
2012-09-10 15:40:13,-57127,1,2.95476190476,0.561830357143
2012-09-10 15:40:14,-57126,1,3.24933035714,0.294568452381
2012-09-10 15:40:15,-57125,1,3.51994047619,0.270610119048
2012-09-10 15:40:16,-57124,1,3.94955357143,0.429613095238
2012-09-10 15:40:17,-57123,1,4.54635416667,0.596800595238
2012-09-10 15:40:18,-57122,1,5.21607142857,0.669717261905
2012-09-10 15:40:19,-57121,1,5.85617559524,0.640104166667
2012-09-10 15:40:20,-57120,1,6.40572916667,0.549553571429
2012-09-10 15:40:21,-57119,1,6.8540922619,0.448363095238
2012-09-10 15:40:22,-57118,1,7.20885416667,0.354761904762
2012-09-10 15:40:23,-57117,1,7.47775297619,0.268898809524
2012-09-10 15:40:24,-57116,1,7.69888392857,0.221130952381
2012-09-10 15:40:25,-57115,1,7.96212797619,0.263244047619
2012-09-10 15:40:26,-57114,1,8.37373511905,0.411607142857
2012-09-10 15:40:27,-57113,1,8.97671130952,0.602976190476
2012-09-10 15:40:28,-57112,1,9.69151785714,0.714806547619
2012-09-10 15:40:29,-57111,1,10.3509672619,0.659449404762
2012-09-10 15:40:30,-57110,1,10.8080357143,0.457068452381
2012-09-10 15:40:31,-57109,1,11.0100446429,0.202008928571
2012-09-10 15:40:32,-57108,1,10.9651041667,-0.0449404761904
2012-09-10 15:40:33,-57107,1,10.6444940476,-0.320610119048
2012-09-10 15:40:34,-57106,1,9.96726190476,-0.677232142857
2012-09-10 15:40:35,-57105,1,8.92388392857,-1.04337797619
2012-09-10 15:40:36,-57104,1,7.69188988095,-1.23199404762
2012-09-10 15:40:37,-57103,1,6.59717261905,-1.0947172619
2012-09-10 15:40:38,-57102,1,5.9525297619,-0.644642857143
2012-09-10 15:40:39,-57101,1,5.90431547619,-0.0482142857143
2012-09-10 15:40:40,-57100,1,6.39568452381,0.491369047619
2012-09-10 15:40:41,-57099,1,7.24494047619,0.849255952381
2012-09-10 15:40:42,-57098,1,8.23154761905,0.986607142857
2012-09-10 15:40:43,-57097,1,9.13072916667,0.899181547619
2012-09-10 15:40:44,-57096,1,9.7353422619,0.604613095238
2012-09-10 15:40:45,-57095,1,9.88115079365,0.145808531746
2012-09-10 15:40:46,-57094,1,9.4560515873,-0.425099206349
2012-09-10 15:40:47,-57093,1,8.42522321429,-1.03082837302
2012-09-10 15:40:48,-57092,1,6.90778769841,-1.51743551587
2012-09-10 15:40:49,-57091,1,5.21840277778,-1.68938492063
2012-09-10 15:40:50,-57090,1,3.75580357143,-1.46259920635
2012-09-10 15:40:51,-57089,1,2.79283234127,-0.962971230159
2012-09-10 15:40:52,-57088,1,2.34273313492,-0.450099206349
2012-09-10 15:40:53,-57087,1,2.22061011905,-0.122123015873
2012-09-10 15:40:54,-57086,1,2.25808531746,0.0374751984127
2012-09-10 15:40:55,-57085,1,2.44459325397,0.186507936508
2012-09-10 15:40:56,-57084,1,2.84040178571,0.395808531746
2012-09-10 15:40:57,-57083,1,3.41671626984,0.576314484127
2012-09-10 15:40:58,-57082,1,4.05419146825,0.637475198413
2012-09-10 15:40:59,-57081,1,4.6959077381,0.641716269841
2012-09-10 15:41:00,-57080,1,5.45763888889,0.761731150794
2012-09-10 15:41:01,-57079,1,6.55076884921,1.09312996032
2012-09-10 15:41:02,-57078,1,8.0744047619,1.5236359127
2012-09-10 15:41:03,-57077,1,9.86569940476,1.79129464286
2012-09-10 15:41:04,-57076,1,11.5618303571,1.69613095238
2012-09-10 15:41:05,-57075,1,12.8286458333,1.26681547619
2012-09-10 15:41:06,-57074,1,13.541889881,0.713244047619
2012-09-10 15:41:07,-57073,1,13.7990327381,0.257142857143
2012-09-10 15:41:08,-57072,1,13.8048363095,0.0058035714286
2012-09-10 15:41:09,-57071,1,13.716889881,-0.0879464285714
2012-09-10 15:41:10,-57070,1,13.5677827381,-0.149107142857
2012-09-10 15:41:11,-57069,1,13.3159970238,-0.251785714286
2012-09-10 15:41:12,-57068,1,12.9061011905,-0.409895833333
2012-09-10 15:41:13,-57067,1,12.2619047619,-0.644196428571
2012-09-10 15:41:14,-57066,1,11.3186755952,-0.943229166667
2012-09-10 15:41:15,-57065,1,10.1404017857,-1.17827380952
2012-09-10 15:41:16,-57064,1,9.00639880952,-1.13400297619
2012-09-10 15:41:17,-57063,1,8.37083333333,-0.63556547619
2012-09-10 15:41:18,-57062,1,8.67790178571,0.307068452381
2012-09-10 15:41:19,-57061,1,10.1171875,1.43928571429
2012-09-10 15:41:20,-57060,1,12.5240327381,2.4068452381
2012-09-10 15:41:21,-57059,1,15.5048363095,2.98080357143
2012-09-10 15:41:22,-57058,1,18.616889881,3.11205357143
2012-09-10 15:41:23,-57057,1,21.462797619,2.8459077381
2012-09-10 15:41:24,-57056,1,23.7260416667,2.26324404762
2012-09-10 15:41:25,-57055,1,25.1759672619,1.44992559524
2012-09-10 15:41:26,-57054,1,25.6447172619,0.46875
2012-09-10 15:41:27,-57053,1,25.0240327381,-0.62068452381
2012-09-10 15:41:28,-57052,1,23.2973214286,-1.72671130952
2012-09-10 15:41:29,-57051,1,20.5508184524,-2.74650297619
2012-09-10 15:41:30,-57050,1,16.9510416667,-3.59977678571
2012-09-10 15:41:31,-57049,1,12.7522321429,-4.19880952381
2012-09-10 15:41:32,-57048,1,8.3796875,-4.37254464286
2012-09-10 15:41:33,-57047,1,4.55833333333,-3.82135416667
2012-09-10 15:41:34,-57046,1,0.0,-4.55833333333
2012-09-10 15:42:15,-57005,41,0.0,0.0
2012-09-10 15:42:16,-57004,1,4.58482142857,4.58482142857
2012-09-10 15:42:17,-57003,1,8.06763392857,3.4828125
2012-09-10 15:42:18,-57002,1,11.5970238095,3.52938988095
2012-09-10 15:42:19,-57001,1,14.4885416667,2.89151785714
2012-09-10 15:42:20,-57000,1,16.6847470238,2.19620535714
2012-09-10 15:42:21,-56999,1,18.5287202381,1.84397321429
2012-09-10 15:42:22,-56998,1,20.4352678571,1.90654761905
2012-09-10 15:42:23,-56997,1,22.6598214286,2.22455357143
2012-09-10 15:42:24,-56996,1,25.2491815476,2.58936011905
2012-09-10 15:42:25,-56995,1,28.0945684524,2.84538690476
2012-09-10 15:42:26,-56994,1,31.0047619048,2.91019345238
2012-09-10 15:42:27,-56993,1,33.7917410714,2.78697916667
2012-09-10 15:42:28,-56992,1,36.3386904762,2.54694940476
2012-09-10 15:42:29,-56991,1,38.6013392857,2.26264880952
2012-09-10 15:42:30,-56990,1,40.5663690476,1.9650297619
2012-09-10 15:42:31,-56989,1,42.2275297619,1.66116071429
2012-09-10 15:42:32,-56988,1,43.5885416667,1.36101190476
2012-09-10 15:42:33,-56987,1,44.6712053571,1.08266369048
2012-09-10 15:42:34,-56986,1,45.5267113095,0.855505952381
2012-09-10 15:42:35,-56985,1,46.2328869048,0.706175595238
2012-09-10 15:42:36,-56984,1,46.8476934524,0.614806547619
2012-09-10 15:42:37,-56983,1,47.3635416667,0.515848214286
2012-09-10 15:42:38,-56982,1,47.7288690476,0.365327380952
2012-09-10 15:42:39,-56981,1,47.9076636905,0.178794642857
2012-09-10 15:42:40,-56980,1,47.9159970238,0.0083333333333
2012-09-10 15:42:41,-56979,1,47.8186755952,-0.0973214285714
2012-09-10 15:42:42,-56978,1,47.6873511905,-0.131324404762
2012-09-10 15:42:43,-56977,1,47.555952381,-0.131398809524
2012-09-10 15:42:44,-56976,1,47.4242559524,-0.131696428571
2012-09-10 15:42:45,-56975,1,47.2957589286,-0.12849702381
2012-09-10 15:42:46,-56974,1,47.19375,-0.102008928571
2012-09-10 15:42:47,-56973,1,47.1360119048,-0.0577380952381
2012-09-10 15:42:48,-56972,1,47.102827381,-0.0331845238095
2012-09-10 15:42:49,-56971,1,47.0383928571,-0.0644345238095
2012-09-10 15:42:50,-56970,1,46.8885416667,-0.149851190476
2012-09-10 15:42:51,-56969,1,46.6508928571,-0.237648809524
2012-09-10 15:42:52,-56968,1,46.386235119,-0.264657738095
2012-09-10 15:42:53,-56967,1,46.1601934524,-0.226041666667
2012-09-10 15:42:54,-56966,1,45.9724702381,-0.187723214286
2012-09-10 15:42:55,-56965,1,45.7320684524,-0.240401785714
2012-09-10 15:42:56,-56964,1,45.2810267857,-0.451041666667
2012-09-10 15:42:57,-56963,1,44.4555803571,-0.825446428571
2012-09-10 15:42:58,-56962,1,43.1287202381,-1.32686011905
2012-09-10 15:42:59,-56961,1,41.2005208333,-1.92819940476
2012-09-10 15:43:00,-56960,1,38.6024553571,-2.59806547619
2012-09-10 15:43:01,-56959,1,35.3366815476,-3.26577380952
2012-09-10 15:43:02,-56958,1,31.4863839286,-3.85029761905
2012-09-10 15:43:03,-56957,1,27.1757440476,-4.31063988095
2012-09-10 15:43:04,-56956,1,22.5276041667,-4.64813988095
2012-09-10 15:43:05,-56955,1,17.7232142857,-4.80438988095
2012-09-10 15:43:06,-56954,1,13.1925595238,-4.5306547619
2012-09-10 15:43:07,-56953,1,9.69508928571,-3.4974702381
2012-09-10 15:43:08,-56952,1,8.03705357143,-1.65803571429
2012-09-10 15:43:09,-56951,1,8.59568452381,0.558630952381
2012-09-10 15:43:10,-56950,1,11.0795386905,2.48385416667
2012-09-10 15:43:11,-56949,1,14.7175595238,3.63802083333
2012-09-10 15:43:12,-56948,1,18.6999255952,3.98236607143
2012-09-10 15:43:13,-56947,1,22.5258928571,3.8259672619
2012-09-10 15:43:14,-56946,1,26.0447916667,3.51889880952
2012-09-10 15:43:15,-56945,1,29.2836309524,3.23883928571
2012-09-10 15:43:16,-56944,1,32.2848214286,3.00119047619
2012-09-10 15:43:17,-56943,1,35.0453125,2.76049107143
2012-09-10 15:43:18,-56942,1,37.5235863095,2.47827380952
2012-09-10 15:43:19,-56941,1,39.6760416667,2.15245535714
2012-09-10 15:43:20,-56940,1,41.5023809524,1.82633928571
2012-09-10 15:43:21,-56939,1,43.0555059524,1.553125
2012-09-10 15:43:22,-56938,1,44.3806547619,1.32514880952
2012-09-10 15:43:23,-56937,1,45.4549107143,1.07425595238
2012-09-10 15:43:24,-56936,1,46.2147321429,0.759821428571
2012-09-10 15:43:25,-56935,1,46.6257440476,0.411011904762
2012-09-10 15:43:26,-56934,1,46.7198660714,0.0941220238096
2012-09-10 15:43:27,-56933,1,46.5967261905,-0.123139880952
2012-09-10 15:43:28,-56932,1,46.390922619,-0.205803571429
2012-09-10 15:43:29,-56931,1,46.2212797619,-0.169642857143
2012-09-10 15:43:30,-56930,1,46.1680059524,-0.0532738095238
2012-09-10 15:43:31,-56929,1,46.2726934524,0.1046875
2012-09-10 15:43:32,-56928,1,46.5235863095,0.250892857143
2012-09-10 15:43:33,-56927,1,46.8456845238,0.322098214286
2012-09-10 15:43:34,-56926,1,47.1398065476,0.294122023809
2012-09-10 15:43:35,-56925,1,47.3472470238,0.20744047619
2012-09-10 15:43:36,-56924,1,47.4744047619,0.127157738095
2012-09-10 15:43:37,-56923,1,47.559375,0.0849702380952
2012-09-10 15:43:38,-56922,1,47.6138392857,0.0544642857143
2012-09-10 15:43:39,-56921,1,47.5906994048,-0.0231398809524
2012-09-10 15:43:40,-56920,1,47.4167410714,-0.173958333333
2012-09-10 15:43:41,-56919,1,47.0610863095,-0.355654761905
2012-09-10 15:43:42,-56918,1,46.5649553571,-0.496130952381
2012-09-10 15:43:43,-56917,1,46.0145833333,-0.55037202381
2012-09-10 15:43:44,-56916,1,45.4926339286,-0.521949404762
2012-09-10 15:43:45,-56915,1,45.029985119,-0.462648809524
2012-09-10 15:43:46,-56914,1,44.5708333333,-0.459151785714
2012-09-10 15:43:47,-56913,1,43.9753720238,-0.595461309524
2012-09-10 15:43:48,-56912,1,43.0703869048,-0.904985119048
2012-09-10 15:43:49,-56911,1,41.7241071429,-1.3462797619
2012-09-10 15:43:50,-56910,1,39.8982886905,-1.82581845238
2012-09-10 15:43:51,-56909,1,37.6302083333,-2.26808035714
2012-09-10 15:43:52,-56908,1,34.948139881,-2.68206845238
2012-09-10 15:43:53,-56907,1,31.7982142857,-3.14992559524
2012-09-10 15:43:54,-56906,1,28.0646577381,-3.73355654762
2012-09-10 15:43:55,-56905,1,23.7176339286,-4.34702380952
2012-09-10 15:43:56,-56904,1,19.0251488095,-4.69248511905
2012-09-10 15:43:57,-56903,1,14.6113839286,-4.41376488095
2012-09-10 15:43:58,-56902,1,11.2154017857,-3.39598214286
2012-09-10 15:43:59,-56901,1,9.33191964286,-1.88348214286
2012-09-10 15:44:00,-56900,1,9.02916666667,-0.30275297619
2012-09-10 15:44:01,-56899,1,10.0374255952,1.00825892857
2012-09-10 15:44:02,-56898,1,11.9720982143,1.93467261905
2012-09-10 15:44:03,-56897,1,14.4669642857,2.49486607143
2012-09-10 15:44:04,-56896,1,17.1507440476,2.6837797619
2012-09-10 15:44:05,-56895,1,19.6244047619,2.47366071429
2012-09-10 15:44:06,-56894,1,21.5550595238,1.9306547619
2012-09-10 15:44:07,-56893,1,22.7833333333,1.22827380952
2012-09-10 15:44:08,-56892,1,23.2836309524,0.500297619048
2012-09-10 15:44:09,-56891,1,23.0179315476,-0.265699404762
2012-09-10 15:44:10,-56890,1,21.8976934524,-1.12023809524
2012-09-10 15:44:11,-56889,1,19.9303571429,-1.96733630952
2012-09-10 15:44:12,-56888,1,17.3882440476,-2.54211309524
2012-09-10 15:44:13,-56887,1,14.8244791667,-2.56376488095
2012-09-10 15:44:14,-56886,1,12.8930059524,-1.93147321429
2012-09-10 15:44:15,-56885,1,12.0470982143,-0.845907738095
2012-09-10 15:44:16,-56884,1,12.2899553571,0.242857142857
2012-09-10 15:44:17,-56883,1,13.1610863095,0.871130952381
2012-09-10 15:44:18,-56882,1,13.990922619,0.829836309524
2012-09-10 15:44:19,-56881,1,14.2614583333,0.270535714286
2012-09-10 15:44:20,-56880,1,13.8348214286,-0.426636904762
2012-09-10 15:44:21,-56879,1,12.9130952381,-0.921726190476
2012-09-10 15:44:22,-56878,1,11.8131696429,-1.09992559524
2012-09-10 15:44:23,-56877,1,10.7729910714,-1.04017857143
2012-09-10 15:44:24,-56876,1,9.9052827381,-0.867708333333
2012-09-10 15:44:25,-56875,1,9.23549107143,-0.669791666667
2012-09-10 15:44:26,-56874,1,8.7162202381,-0.519270833333
2012-09-10 15:44:27,-56873,1,8.21436011905,-0.501860119048
2012-09-10 15:44:28,-56872,1,7.56008184524,-0.65427827381
2012-09-10 15:44:29,-56871,1,6.66279761905,-0.89728422619
2012-09-10 15:44:30,-56870,1,5.57328869048,-1.08950892857
2012-09-10 15:44:31,-56869,1,4.44813988095,-1.12514880952
2012-09-10 15:44:32,-56868,1,3.4841889881,-0.963950892857
2012-09-10 15:44:33,-56867,1,2.83950892857,-0.644680059524
2012-09-10 15:44:34,-56866,1,2.54579613095,-0.293712797619
2012-09-10 15:44:35,-56865,1,2.46909722222,-0.0766989087302
2012-09-10 15:44:36,-56864,1,2.34322916667,-0.125868055556
2012-09-10 15:44:37,-56863,1,1.92135416667,-0.421875
2012-09-10 15:44:38,-56862,1,1.27553323413,-0.64582093254
2012-09-10 15:44:39,-56861,1,0.0,-1.27553323413
