timestamp,cycle_sec,timestep,speed_mph,accel_meters_ps
2012-07-17 08:41:17,0,50812,0.0,0.0
2012-07-17 08:41:18,1,1,3.65967261905,3.65967261905
2012-07-17 08:41:19,2,1,6.43139880952,2.77172619048
2012-07-17 08:41:20,3,1,9.26391369048,2.83251488095
2012-07-17 08:41:21,4,1,11.697172619,2.43325892857
2012-07-17 08:41:22,5,1,13.6367559524,1.93958333333
2012-07-17 08:41:23,6,1,15.0727678571,1.43601190476
2012-07-17 08:41:24,7,1,15.8842261905,0.811458333333
2012-07-17 08:41:25,8,1,15.8579613095,-0.0262648809524
2012-07-17 08:41:26,9,1,14.8550595238,-1.00290178571
2012-07-17 08:41:27,10,1,13.0377232143,-1.81733630952
2012-07-17 08:41:28,11,1,10.9883184524,-2.0494047619
2012-07-17 08:41:29,12,1,9.51257440476,-1.47574404762
2012-07-17 08:41:30,13,1,9.2203125,-0.292261904762
2012-07-17 08:41:31,14,1,10.2247767857,1.00446428571
2012-07-17 08:41:32,15,1,12.1508184524,1.92604166667
2012-07-17 08:41:33,16,1,14.4126488095,2.26183035714
2012-07-17 08:41:34,17,1,16.5551339286,2.14248511905
2012-07-17 08:41:35,18,1,18.3894345238,1.83430059524
2012-07-17 08:41:36,19,1,19.8920386905,1.50260416667
2012-07-17 08:41:37,20,1,21.0822172619,1.19017857143
2012-07-17 08:41:38,21,1,21.9863095238,0.904092261905
2012-07-17 08:41:39,22,1,22.6267857143,0.640476190476
2012-07-17 08:41:40,23,1,23.0064732143,0.3796875
2012-07-17 08:41:41,24,1,23.115625,0.109151785714
2012-07-17 08:41:42,25,1,22.9611607143,-0.154464285714
2012-07-17 08:41:43,26,1,22.5861607143,-0.375
2012-07-17 08:41:44,27,1,22.0555059524,-0.530654761905
2012-07-17 08:41:45,28,1,21.4227678571,-0.632738095238
2012-07-17 08:41:46,29,1,20.7130952381,-0.709672619048
2012-07-17 08:41:47,30,1,19.9366815476,-0.776413690476
2012-07-17 08:41:48,31,1,19.140625,-0.796056547619
2012-07-17 08:41:49,32,1,18.4715029762,-0.669122023809
2012-07-17 08:41:50,33,1,18.1621279762,-0.309375
2012-07-17 08:41:51,34,1,18.4167410714,0.254613095238
2012-07-17 08:41:52,35,1,19.2796875,0.862946428571
2012-07-17 08:41:53,36,1,20.5802083333,1.30052083333
2012-07-17 08:41:54,37,1,22.0029761905,1.42276785714
2012-07-17 08:41:55,38,1,23.2578869048,1.25491071429
2012-07-17 08:41:56,39,1,24.21875,0.960863095238
2012-07-17 08:41:57,40,1,24.9246279762,0.705877976191
2012-07-17 08:41:58,41,1,25.4876488095,0.563020833333
2012-07-17 08:41:59,42,1,26.0107142857,0.52306547619
2012-07-17 08:42:00,43,1,26.5448660714,0.534151785714
2012-07-17 08:42:01,44,1,27.075,0.530133928571
2012-07-17 08:42:02,45,1,27.5459077381,0.470907738095
2012-07-17 08:42:03,46,1,27.9145089286,0.368601190476
2012-07-17 08:42:04,47,1,28.1821428571,0.267633928571
2012-07-17 08:42:05,48,1,28.3955357143,0.213392857143
2012-07-17 08:42:06,49,1,28.6099702381,0.21443452381
2012-07-17 08:42:07,50,1,28.8162946429,0.206324404762
2012-07-17 08:42:08,51,1,28.9067708333,0.0904761904762
2012-07-17 08:42:09,52,1,28.725297619,-0.181473214286
2012-07-17 08:42:10,53,1,28.1414434524,-0.583854166667
2012-07-17 08:42:11,54,1,27.0844494048,-1.05699404762
2012-07-17 08:42:12,55,1,25.5058779762,-1.57857142857
2012-07-17 08:42:13,56,1,23.2935267857,-2.21235119048
2012-07-17 08:42:14,57,1,20.2756696429,-3.01785714286
2012-07-17 08:42:15,58,1,16.4417410714,-3.83392857143
2012-07-17 08:42:16,59,1,12.2552827381,-4.18645833333
2012-07-17 08:42:17,60,1,8.69583333333,-3.55944940476
2012-07-17 08:42:18,61,1,6.81830357143,-1.8775297619
2012-07-17 08:42:19,62,1,7.11979166667,0.301488095238
2012-07-17 08:42:20,63,1,9.26168154762,2.14188988095
2012-07-17 08:42:21,64,1,12.3790178571,3.11733630952
2012-07-17 08:42:22,65,1,15.674702381,3.29568452381
2012-07-17 08:42:23,66,1,18.7710565476,3.09635416667
2012-07-17 08:42:24,67,1,21.5947916667,2.82373511905
2012-07-17 08:42:25,68,1,24.0648809524,2.47008928571
2012-07-17 08:42:26,69,1,25.9599702381,1.89508928571
2012-07-17 08:42:27,70,1,27.0334077381,1.0734375
2012-07-17 08:42:28,71,1,27.184672619,0.151264880952
2012-07-17 08:42:29,72,1,26.5180059524,-0.666666666667
2012-07-17 08:42:30,73,1,25.2642113095,-1.25379464286
2012-07-17 08:42:31,74,1,23.6260416667,-1.63816964286
2012-07-17 08:42:32,75,1,21.6342857143,-1.99175595238
2012-07-17 08:42:33,76,1,19.1345386905,-2.49974702381
2012-07-17 08:42:34,77,1,15.9892857143,-3.14525297619
2012-07-17 08:42:35,78,1,12.3697619048,-3.61952380952
2012-07-17 08:42:36,79,1,8.82581845238,-3.54394345238
2012-07-17 08:42:37,80,1,5.99425595238,-2.8315625
2012-07-17 08:42:38,81,1,4.19302083333,-1.80123511905
2012-07-17 08:42:39,82,1,3.30776785714,-0.88525297619
2012-07-17 08:42:40,83,1,3.11209821429,-0.195669642857
2012-07-17 08:42:41,84,1,3.63741071429,0.5253125
2012-07-17 08:42:42,85,1,5.09711309524,1.45970238095
2012-07-17 08:42:43,86,1,7.47886904762,2.38175595238
2012-07-17 08:42:44,87,1,10.3442261905,2.86535714286
2012-07-17 08:42:45,88,1,13.065327381,2.72110119048
2012-07-17 08:42:46,89,1,15.2683630952,2.20303571429
2012-07-17 08:42:47,90,1,17.0776934524,1.80933035714
2012-07-17 08:42:48,91,1,18.9388392857,1.86114583333
2012-07-17 08:42:49,92,1,21.2258184524,2.28697916667
2012-07-17 08:42:50,93,1,24.004985119,2.77916666667
2012-07-17 08:42:51,94,1,27.069047619,3.0640625
2012-07-17 08:42:52,95,1,30.1084077381,3.03936011905
2012-07-17 08:42:53,96,1,32.8777529762,2.7693452381
2012-07-17 08:42:54,97,1,35.2708333333,2.39308035714
2012-07-17 08:42:55,98,1,37.2802083333,2.009375
2012-07-17 08:42:56,99,1,38.926264881,1.64605654762
2012-07-17 08:42:57,100,1,40.2441220238,1.31785714286
2012-07-17 08:42:58,101,1,41.2991815476,1.05505952381
2012-07-17 08:42:59,102,1,42.1663690476,0.8671875
2012-07-17 08:43:00,103,1,42.8861607143,0.719791666667
2012-07-17 08:43:01,104,1,43.4585565476,0.572395833333
2012-07-17 08:43:02,105,1,43.8864583333,0.427901785714
2012-07-17 08:43:03,106,1,44.2081845238,0.321726190476
2012-07-17 08:43:04,107,1,44.479985119,0.271800595238
2012-07-17 08:43:05,108,1,44.7395089286,0.259523809524
2012-07-17 08:43:06,109,1,44.987202381,0.247693452381
2012-07-17 08:43:07,110,1,45.1973214286,0.210119047619
2012-07-17 08:43:08,111,1,45.3511160714,0.153794642857
2012-07-17 08:43:09,112,1,45.4555803571,0.104464285714
2012-07-17 08:43:10,113,1,45.5279017857,0.0723214285714
2012-07-17 08:43:11,114,1,45.5724702381,0.0445684523809
2012-07-17 08:43:12,115,1,45.5703869048,-0.0020833333333
2012-07-17 08:43:13,116,1,45.4848214286,-0.0855654761905
2012-07-17 08:43:14,117,1,45.2885416667,-0.196279761905
2012-07-17 08:43:15,118,1,44.9953125,-0.293229166667
2012-07-17 08:43:16,119,1,44.6604166667,-0.334895833333
2012-07-17 08:43:17,120,1,44.3472470238,-0.313169642857
2012-07-17 08:43:18,121,1,44.092485119,-0.254761904762
2012-07-17 08:43:19,122,1,43.8999255952,-0.192559523809
2012-07-17 08:43:20,123,1,43.7595982143,-0.140327380952
2012-07-17 08:43:21,124,1,43.6648809524,-0.0947172619048
2012-07-17 08:43:22,125,1,43.6122767857,-0.0526041666666
2012-07-17 08:43:23,126,1,43.5958333333,-0.016443452381
2012-07-17 08:43:24,127,1,43.6116071429,0.0157738095238
2012-07-17 08:43:25,128,1,43.6650297619,0.0534226190477
2012-07-17 08:43:26,129,1,43.7673363095,0.102306547619
2012-07-17 08:43:27,130,1,43.9220982143,0.154761904762
2012-07-17 08:43:28,131,1,44.1102678571,0.188169642857
2012-07-17 08:43:29,132,1,44.2907738095,0.180505952381
2012-07-17 08:43:30,133,1,44.4328125,0.142038690476
2012-07-17 08:43:31,134,1,44.5583333333,0.125520833333
2012-07-17 08:43:32,135,1,44.7505952381,0.192261904762
2012-07-17 08:43:33,136,1,45.1117559524,0.361160714286
2012-07-17 08:43:34,137,1,45.6900297619,0.578273809524
2012-07-17 08:43:35,138,1,46.4313988095,0.741369047619
2012-07-17 08:43:36,139,1,47.2071428571,0.775744047619
2012-07-17 08:43:37,140,1,47.892485119,0.685342261905
2012-07-17 08:43:38,141,1,48.421875,0.529389880952
2012-07-17 08:43:39,142,1,48.7938988095,0.372023809524
2012-07-17 08:43:40,143,1,49.0523065476,0.258407738095
2012-07-17 08:43:41,144,1,49.2592261905,0.206919642857
2012-07-17 08:43:42,145,1,49.4584821429,0.199255952381
2012-07-17 08:43:43,146,1,49.6478422619,0.189360119048
2012-07-17 08:43:44,147,1,49.7849702381,0.13712797619
2012-07-17 08:43:45,148,1,49.8228422619,0.0378720238096
2012-07-17 08:43:46,149,1,49.7540922619,-0.06875
2012-07-17 08:43:47,150,1,49.6287202381,-0.12537202381
2012-07-17 08:43:48,151,1,49.5191964286,-0.109523809524
2012-07-17 08:43:49,152,1,49.471875,-0.0473214285714
2012-07-17 08:43:50,153,1,49.4938244048,0.0219494047619
2012-07-17 08:43:51,154,1,49.5679315476,0.0741071428571
2012-07-17 08:43:52,155,1,49.6720238095,0.104092261905
2012-07-17 08:43:53,156,1,49.7816220238,0.109598214286
2012-07-17 08:43:54,157,1,49.8563988095,0.0747767857143
2012-07-17 08:43:55,158,1,49.8495535714,-0.0068452380952
2012-07-17 08:43:56,159,1,49.7457589286,-0.103794642857
2012-07-17 08:43:57,160,1,49.5775297619,-0.168229166667
2012-07-17 08:43:58,161,1,49.3994791667,-0.178050595238
2012-07-17 08:43:59,162,1,49.2479166667,-0.1515625
2012-07-17 08:44:00,163,1,49.1200892857,-0.127827380952
2012-07-17 08:44:01,164,1,48.9915178571,-0.128571428571
2012-07-17 08:44:02,165,1,48.85,-0.141517857143
2012-07-17 08:44:03,166,1,48.7038690476,-0.146130952381
2012-07-17 08:44:04,167,1,48.5613839286,-0.142485119048
2012-07-17 08:44:05,168,1,48.4197916667,-0.141592261905
2012-07-17 08:44:06,169,1,48.2869791667,-0.1328125
2012-07-17 08:44:07,170,1,48.2127232143,-0.074255952381
2012-07-17 08:44:08,171,1,48.2910714286,0.0783482142857
2012-07-17 08:44:09,172,1,48.620610119,0.329538690476
2012-07-17 08:44:10,173,1,49.2450892857,0.624479166667
2012-07-17 08:44:11,174,1,50.1193452381,0.874255952381
2012-07-17 08:44:12,175,1,51.1290922619,1.00974702381
2012-07-17 08:44:13,176,1,52.1457589286,1.01666666667
2012-07-17 08:44:14,177,1,53.0715029762,0.925744047619
2012-07-17 08:44:15,178,1,53.845610119,0.774107142857
2012-07-17 08:44:16,179,1,54.4245535714,0.578943452381
2012-07-17 08:44:17,180,1,54.7770833333,0.352529761905
2012-07-17 08:44:18,181,1,54.9107142857,0.133630952381
2012-07-17 08:44:19,182,1,54.8948660714,-0.0158482142857
2012-07-17 08:44:20,183,1,54.8423363095,-0.0525297619048
2012-07-17 08:44:21,184,1,54.8537202381,0.0113839285714
2012-07-17 08:44:22,185,1,54.9623511905,0.108630952381
2012-07-17 08:44:23,186,1,55.123139881,0.160788690476
2012-07-17 08:44:24,187,1,55.2601934524,0.137053571429
2012-07-17 08:44:25,188,1,55.3293154762,0.0691220238095
2012-07-17 08:44:26,189,1,55.3374255952,0.0081101190476
2012-07-17 08:44:27,190,1,55.3177827381,-0.0196428571429
2012-07-17 08:44:28,191,1,55.3014136905,-0.016369047619
2012-07-17 08:44:29,192,1,55.3069196429,0.0055059523809
2012-07-17 08:44:30,193,1,55.3395089286,0.0325892857143
2012-07-17 08:44:31,194,1,55.3921130952,0.0526041666667
2012-07-17 08:44:32,195,1,55.4536458333,0.0615327380952
2012-07-17 08:44:33,196,1,55.5186755952,0.0650297619048
2012-07-17 08:44:34,197,1,55.592485119,0.0738095238095
2012-07-17 08:44:35,198,1,55.6948660714,0.102380952381
2012-07-17 08:44:36,199,1,55.8552083333,0.160342261905
2012-07-17 08:44:37,200,1,56.0959821429,0.240773809524
2012-07-17 08:44:38,201,1,56.4188244048,0.322842261905
2012-07-17 08:44:39,202,1,56.8008928571,0.382068452381
2012-07-17 08:44:40,203,1,57.2010416667,0.400148809524
2012-07-17 08:44:41,204,1,57.5726190476,0.371577380952
2012-07-17 08:44:42,205,1,57.8726190476,0.3
2012-07-17 08:44:43,206,1,58.060639881,0.188020833333
2012-07-17 08:44:44,207,1,58.0972470238,0.0366071428571
2012-07-17 08:44:45,208,1,57.959077381,-0.138169642857
2012-07-17 08:44:46,209,1,57.6625,-0.296577380952
2012-07-17 08:44:47,210,1,57.2633184524,-0.399181547619
2012-07-17 08:44:48,211,1,56.8302827381,-0.433035714286
2012-07-17 08:44:49,212,1,56.4215029762,-0.408779761905
2012-07-17 08:44:50,213,1,56.0767857143,-0.344717261905
2012-07-17 08:44:51,214,1,55.8203125,-0.256473214286
2012-07-17 08:44:52,215,1,55.6608630952,-0.159449404762
2012-07-17 08:44:53,216,1,55.5822172619,-0.0786458333333
2012-07-17 08:44:54,217,1,55.5458333333,-0.0363839285715
2012-07-17 08:44:55,218,1,55.5251488095,-0.0206845238095
2012-07-17 08:44:56,219,1,55.5411458333,0.0159970238095
2012-07-17 08:44:57,220,1,55.6555059524,0.114360119048
2012-07-17 08:44:58,221,1,55.922172619,0.266666666667
2012-07-17 08:44:59,222,1,56.3376488095,0.415476190476
2012-07-17 08:45:00,223,1,56.8300595238,0.492410714286
2012-07-17 08:45:01,224,1,57.2952380952,0.465178571429
2012-07-17 08:45:02,225,1,57.6491071429,0.353869047619
2012-07-17 08:45:03,226,1,57.8560267857,0.206919642857
2012-07-17 08:45:04,227,1,57.9227678571,0.0667410714286
2012-07-17 08:45:05,228,1,57.876860119,-0.0459077380953
2012-07-17 08:45:06,229,1,57.7491815476,-0.127678571429
2012-07-17 08:45:07,230,1,57.5666666667,-0.182514880952
2012-07-17 08:45:08,231,1,57.3497767857,-0.216889880952
2012-07-17 08:45:09,232,1,57.1148809524,-0.234895833333
2012-07-17 08:45:10,233,1,56.8834077381,-0.231473214286
2012-07-17 08:45:11,234,1,56.6867559524,-0.196651785714
2012-07-17 08:45:12,235,1,56.5618303571,-0.124925595238
2012-07-17 08:45:13,236,1,56.534077381,-0.0277529761905
2012-07-17 08:45:14,237,1,56.5808779762,0.0468005952381
2012-07-17 08:45:15,238,1,56.6080357143,0.0271577380952
2012-07-17 08:45:16,239,1,56.4864583333,-0.121577380952
2012-07-17 08:45:17,240,1,56.1202380952,-0.366220238095
2012-07-17 08:45:18,241,1,55.442485119,-0.67775297619
2012-07-17 08:45:19,242,1,54.2982142857,-1.14427083333
2012-07-17 08:45:20,243,1,52.3704613095,-1.92775297619
2012-07-17 08:45:21,244,1,49.3354910714,-3.0349702381
2012-07-17 08:45:22,245,1,45.1401785714,-4.1953125
2012-07-17 08:45:23,246,1,40.0997767857,-5.04040178571
2012-07-17 08:45:24,247,1,34.7156994048,-5.38407738095
2012-07-17 08:45:25,248,1,29.4099702381,-5.30572916667
2012-07-17 08:45:26,249,1,24.4453125,-4.9646577381
2012-07-17 08:45:27,250,1,20.1014880952,-4.34382440476
2012-07-17 08:45:28,251,1,16.8505952381,-3.25089285714
2012-07-17 08:45:29,252,1,15.2210565476,-1.62953869048
2012-07-17 08:45:30,253,1,15.4400297619,0.218973214286
2012-07-17 08:45:31,254,1,17.2361607143,1.79613095238
2012-07-17 08:45:32,255,1,19.9692708333,2.73311011905
2012-07-17 08:45:33,256,1,22.9492559524,2.97998511905
2012-07-17 08:45:34,257,1,25.7218005952,2.77254464286
2012-07-17 08:45:35,258,1,28.1447916667,2.42299107143
2012-07-17 08:45:36,259,1,30.2645833333,2.11979166667
2012-07-17 08:45:37,260,1,32.1700892857,1.90550595238
2012-07-17 08:45:38,261,1,33.9321428571,1.76205357143
2012-07-17 08:45:39,262,1,35.5975446429,1.66540178571
2012-07-17 08:45:40,263,1,37.1896577381,1.59211309524
2012-07-17 08:45:41,264,1,38.7037202381,1.5140625
2012-07-17 08:45:42,265,1,40.1010416667,1.39732142857
2012-07-17 08:45:43,266,1,41.2845238095,1.18348214286
2012-07-17 08:45:44,267,1,42.0563244048,0.771800595238
2012-07-17 08:45:45,268,1,42.1557291667,0.0994047619048
2012-07-17 08:45:46,269,1,41.4335565476,-0.722172619048
2012-07-17 08:45:47,270,1,40.0157738095,-1.4177827381
2012-07-17 08:45:48,271,1,38.2923363095,-1.7234375
2012-07-17 08:45:49,272,1,36.744047619,-1.54828869048
2012-07-17 08:45:50,273,1,35.7130208333,-1.03102678571
2012-07-17 08:45:51,274,1,35.2552083333,-0.4578125
2012-07-17 08:45:52,275,1,35.190922619,-0.0642857142857
2012-07-17 08:45:53,276,1,35.2894345238,0.0985119047619
2012-07-17 08:45:54,277,1,35.4085565476,0.11912202381
2012-07-17 08:45:55,278,1,35.5238095238,0.11525297619
2012-07-17 08:45:56,279,1,35.6918154762,0.168005952381
2012-07-17 08:45:57,280,1,35.9843005952,0.292485119048
2012-07-17 08:45:58,281,1,36.4317708333,0.447470238095
2012-07-17 08:45:59,282,1,37.0158482143,0.584077380952
2012-07-17 08:46:00,283,1,37.6859375,0.670089285714
2012-07-17 08:46:01,284,1,38.3616071429,0.675669642857
2012-07-17 08:46:02,285,1,38.9517113095,0.590104166667
2012-07-17 08:46:03,286,1,39.4148809524,0.463169642857
2012-07-17 08:46:04,287,1,39.7921875,0.377306547619
2012-07-17 08:46:05,288,1,40.1603422619,0.368154761905
2012-07-17 08:46:06,289,1,40.565327381,0.404985119048
2012-07-17 08:46:07,290,1,40.9953125,0.429985119048
2012-07-17 08:46:08,291,1,41.3917410714,0.396428571429
2012-07-17 08:46:09,292,1,41.7008184524,0.309077380952
2012-07-17 08:46:10,293,1,41.9385416667,0.237723214286
2012-07-17 08:46:11,294,1,42.2,0.261458333333
2012-07-17 08:46:12,295,1,42.5988839286,0.398883928571
2012-07-17 08:46:13,296,1,43.1869047619,0.588020833333
2012-07-17 08:46:14,297,1,43.912797619,0.725892857143
2012-07-17 08:46:15,298,1,44.6636904762,0.750892857143
2012-07-17 08:46:16,299,1,45.3541666667,0.690476190476
2012-07-17 08:46:17,300,1,45.9677083333,0.613541666667
2012-07-17 08:46:18,301,1,46.5210565476,0.553348214286
2012-07-17 08:46:19,302,1,47.0116071429,0.490550595238
2012-07-17 08:46:20,303,1,47.4071428571,0.395535714286
2012-07-17 08:46:21,304,1,47.6836309524,0.276488095238
2012-07-17 08:46:22,305,1,47.8666666667,0.183035714286
2012-07-17 08:46:23,306,1,48.0266369048,0.159970238095
2012-07-17 08:46:24,307,1,48.2307291667,0.204092261905
2012-07-17 08:46:25,308,1,48.4983630952,0.267633928571
2012-07-17 08:46:26,309,1,48.7932291667,0.294866071429
2012-07-17 08:46:27,310,1,49.0514136905,0.25818452381
2012-07-17 08:46:28,311,1,49.223139881,0.171726190476
2012-07-17 08:46:29,312,1,49.2991071429,0.0759672619047
2012-07-17 08:46:30,313,1,49.3047619048,0.00565476190479
2012-07-17 08:46:31,314,1,49.2740327381,-0.0307291666667
2012-07-17 08:46:32,315,1,49.2303571429,-0.0436755952381
2012-07-17 08:46:33,316,1,49.1857886905,-0.0445684523809
2012-07-17 08:46:34,317,1,49.1485119048,-0.0372767857143
2012-07-17 08:46:35,318,1,49.1284970238,-0.0200148809524
2012-07-17 08:46:36,319,1,49.1369791667,0.0084821428572
2012-07-17 08:46:37,320,1,49.1820684524,0.0450892857142
2012-07-17 08:46:38,321,1,49.2644345238,0.0823660714286
2012-07-17 08:46:39,322,1,49.3747767857,0.110342261905
2012-07-17 08:46:40,323,1,49.4938988095,0.119122023809
2012-07-17 08:46:41,324,1,49.5939732143,0.100074404762
2012-07-17 08:46:42,325,1,49.64375,0.0497767857143
2012-07-17 08:46:43,326,1,49.6207589286,-0.0229910714286
2012-07-17 08:46:44,327,1,49.5225446429,-0.0982142857143
2012-07-17 08:46:45,328,1,49.3650297619,-0.157514880952
2012-07-17 08:46:46,329,1,49.1640625,-0.200967261905
2012-07-17 08:46:47,330,1,48.9098958333,-0.254166666667
2012-07-17 08:46:48,331,1,48.5388392857,-0.371056547619
2012-07-17 08:46:49,332,1,47.9035714286,-0.635267857143
2012-07-17 08:46:50,333,1,46.7806547619,-1.12291666667
2012-07-17 08:46:51,334,1,44.9395833333,-1.84107142857
2012-07-17 08:46:52,335,1,42.2322916667,-2.70729166667
2012-07-17 08:46:53,336,1,38.6597470238,-3.57254464286
2012-07-17 08:46:54,337,1,34.3767857143,-4.28296130952
2012-07-17 08:46:55,338,1,29.6162946429,-4.76049107143
2012-07-17 08:46:56,339,1,24.6289434524,-4.98735119048
2012-07-17 08:46:57,340,1,19.7302827381,-4.89866071429
2012-07-17 08:46:58,341,1,15.3498511905,-4.38043154762
2012-07-17 08:46:59,342,1,11.9210565476,-3.42879464286
2012-07-17 08:47:00,343,1,9.62529761905,-2.29575892857
2012-07-17 08:47:01,344,1,8.21517857143,-1.41011904762
2012-07-17 08:47:02,345,1,7.20744047619,-1.00773809524
2012-07-17 08:47:03,346,1,6.38444940476,-0.822991071429
2012-07-17 08:47:04,347,1,6.0677827381,-0.316666666667
2012-07-17 08:47:05,348,1,6.82589285714,0.758110119048
2012-07-17 08:47:06,349,1,8.92834821429,2.10245535714
2012-07-17 08:47:07,350,1,12.0867559524,3.1584077381
2012-07-17 08:47:08,351,1,15.7003720238,3.61361607143
2012-07-17 08:47:09,352,1,19.3151785714,3.61480654762
2012-07-17 08:47:10,353,1,22.8107886905,3.49561011905
2012-07-17 08:47:11,354,1,26.220610119,3.40982142857
2012-07-17 08:47:12,355,1,29.5117559524,3.29114583333
2012-07-17 08:47:13,356,1,32.5639136905,3.0521577381
2012-07-17 08:47:14,357,1,35.2694196429,2.70550595238
2012-07-17 08:47:15,358,1,37.5820684524,2.31264880952
2012-07-17 08:47:16,359,1,39.4881696429,1.90610119048
2012-07-17 08:47:17,360,1,40.9838541667,1.49568452381
2012-07-17 08:47:18,361,1,42.0946428571,1.11078869048
2012-07-17 08:47:19,362,1,42.9009672619,0.806324404762
2012-07-17 08:47:20,363,1,43.5279017857,0.626934523809
2012-07-17 08:47:21,364,1,44.1,0.572098214286
2012-07-17 08:47:22,365,1,44.7026041667,0.602604166667
2012-07-17 08:47:23,366,1,45.3732886905,0.670684523809
2012-07-17 08:47:24,367,1,46.1104910714,0.737202380952
2012-07-17 08:47:25,368,1,46.8895833333,0.779092261905
2012-07-17 08:47:26,369,1,47.6796875,0.790104166667
2012-07-17 08:47:27,370,1,48.4482142857,0.768526785714
2012-07-17 08:47:28,371,1,49.1577380952,0.709523809524
2012-07-17 08:47:29,372,1,49.7694196429,0.611681547619
2012-07-17 08:47:30,373,1,50.2538690476,0.484449404762
2012-07-17 08:47:31,374,1,50.6043154762,0.350446428572
2012-07-17 08:47:32,375,1,50.8415178571,0.237202380952
2012-07-17 08:47:33,376,1,51.0002232143,0.158705357143
2012-07-17 08:47:34,377,1,51.1115327381,0.11130952381
2012-07-17 08:47:35,378,1,51.201860119,0.0903273809524
2012-07-17 08:47:36,379,1,51.3006696429,0.0988095238095
2012-07-17 08:47:37,380,1,51.4371279762,0.136458333333
2012-07-17 08:47:38,381,1,51.6264136905,0.189285714286
2012-07-17 08:47:39,382,1,51.8650297619,0.238616071429
2012-07-17 08:47:40,383,1,52.138764881,0.273735119048
2012-07-17 08:47:41,384,1,52.4202380952,0.281473214286
2012-07-17 08:47:42,385,1,52.6508184524,0.230580357143
2012-07-17 08:47:43,386,1,52.7398065476,0.0889880952381
2012-07-17 08:47:44,387,1,52.6024553571,-0.137351190476
2012-07-17 08:47:45,388,1,52.2103422619,-0.392113095238
2012-07-17 08:47:46,389,1,51.6099702381,-0.600372023809
2012-07-17 08:47:47,390,1,50.8941964286,-0.715773809524
2012-07-17 08:47:48,391,1,50.1488839286,-0.7453125
2012-07-17 08:47:49,392,1,49.4146577381,-0.734226190476
2012-07-17 08:47:50,393,1,48.6892113095,-0.725446428571
2012-07-17 08:47:51,394,1,47.9648809524,-0.724330357143
2012-07-17 08:47:52,395,1,47.2745535714,-0.690327380952
2012-07-17 08:47:53,396,1,46.7055803571,-0.568973214286
2012-07-17 08:47:54,397,1,46.3600446429,-0.345535714286
2012-07-17 08:47:55,398,1,46.2914434524,-0.0686011904762
2012-07-17 08:47:56,399,1,46.466889881,0.175446428571
2012-07-17 08:47:57,400,1,46.7825892857,0.315699404762
2012-07-17 08:47:58,401,1,47.1232142857,0.340625
2012-07-17 08:47:59,402,1,47.4162202381,0.293005952381
2012-07-17 08:48:00,403,1,47.6424107143,0.226190476191
2012-07-17 08:48:01,404,1,47.8069940476,0.164583333333
2012-07-17 08:48:02,405,1,47.8929315476,0.0859375000001
2012-07-17 08:48:03,406,1,47.834672619,-0.0582589285715
2012-07-17 08:48:04,407,1,47.5469494048,-0.287723214286
2012-07-17 08:48:05,408,1,46.9800595238,-0.566889880952
2012-07-17 08:48:06,409,1,46.1380952381,-0.841964285714
2012-07-17 08:48:07,410,1,45.0505952381,-1.0875
2012-07-17 08:48:08,411,1,43.74375,-1.3068452381
2012-07-17 08:48:09,412,1,42.2363095238,-1.50744047619
2012-07-17 08:48:10,413,1,40.526264881,-1.71004464286
2012-07-17 08:48:11,414,1,38.5636904762,-1.96257440476
2012-07-17 08:48:12,415,1,36.2991071429,-2.26458333333
2012-07-17 08:48:13,416,1,33.8039434524,-2.49516369048
2012-07-17 08:48:14,417,1,31.2922619048,-2.51168154762
2012-07-17 08:48:15,418,1,28.9808779762,-2.31138392857
2012-07-17 08:48:16,419,1,26.8926339286,-2.08824404762
2012-07-17 08:48:17,420,1,24.7582589286,-2.134375
2012-07-17 08:48:18,421,1,22.2069940476,-2.55126488095
2012-07-17 08:48:19,422,1,19.137202381,-3.06979166667
2012-07-17 08:48:20,423,1,15.8088541667,-3.32834821429
2012-07-17 08:48:21,424,1,12.583110119,-3.22574404762
2012-07-17 08:48:22,425,1,9.70401785714,-2.8790922619
2012-07-17 08:48:23,426,1,7.27425595238,-2.42976190476
2012-07-17 08:48:24,427,1,5.31294642857,-1.96130952381
2012-07-17 08:48:25,428,1,3.84077380952,-1.47217261905
2012-07-17 08:48:26,429,1,2.89017857143,-0.950595238095
2012-07-17 08:48:27,430,1,2.41123511905,-0.478943452381
2012-07-17 08:48:28,431,1,2.26235119048,-0.148883928571
2012-07-17 08:48:29,432,1,2.31324404762,0.0508928571429
2012-07-17 08:48:30,433,1,2.47857142857,0.165327380952
2012-07-17 08:48:31,434,1,2.68824404762,0.209672619048
2012-07-17 08:48:32,435,1,2.89791666667,0.209672619048
2012-07-17 08:48:33,436,1,3.09375,0.195833333333
2012-07-17 08:48:34,437,1,3.25922619048,0.165476190476
2012-07-17 08:48:35,438,1,3.40662202381,0.147395833333
2012-07-17 08:48:36,439,1,3.7103422619,0.303720238095
2012-07-17 08:48:37,440,1,4.55,0.839657738095
2012-07-17 08:48:38,441,1,6.30066964286,1.75066964286
2012-07-17 08:48:39,442,1,9.04486607143,2.74419642857
2012-07-17 08:48:40,443,1,12.4851934524,3.44032738095
2012-07-17 08:48:41,444,1,16.1225446429,3.63735119048
2012-07-17 08:48:42,445,1,19.5608630952,3.43831845238
2012-07-17 08:48:43,446,1,22.6761160714,3.11525297619
2012-07-17 08:48:44,447,1,25.5130952381,2.83697916667
2012-07-17 08:48:45,448,1,28.10625,2.5931547619
2012-07-17 08:48:46,449,1,30.4377232143,2.33147321429
2012-07-17 08:48:47,450,1,32.4808035714,2.04308035714
2012-07-17 08:48:48,451,1,34.2235119048,1.74270833333
2012-07-17 08:48:49,452,1,35.6750744048,1.4515625
2012-07-17 08:48:50,453,1,36.8697172619,1.19464285714
2012-07-17 08:48:51,454,1,37.8616071429,0.991889880952
2012-07-17 08:48:52,455,1,38.7136904762,0.852083333333
2012-07-17 08:48:53,456,1,39.4802827381,0.766592261905
2012-07-17 08:48:54,457,1,40.1914434524,0.711160714286
2012-07-17 08:48:55,458,1,40.8536458333,0.662202380952
2012-07-17 08:48:56,459,1,41.4595238095,0.60587797619
2012-07-17 08:48:57,460,1,41.9964285714,0.536904761905
2012-07-17 08:48:58,461,1,42.4567708333,0.460342261905
2012-07-17 08:48:59,462,1,42.8486607143,0.391889880952
2012-07-17 08:49:00,463,1,43.198139881,0.349479166667
2012-07-17 08:49:01,464,1,43.5319940476,0.333854166667
2012-07-17 08:49:02,465,1,43.8433035714,0.31130952381
2012-07-17 08:49:03,466,1,44.0736607143,0.230357142857
2012-07-17 08:49:04,467,1,44.1426339286,0.0689732142857
2012-07-17 08:49:05,468,1,44.0049107143,-0.137723214286
2012-07-17 08:49:06,469,1,43.6859375,-0.318973214286
2012-07-17 08:49:07,470,1,43.2652529762,-0.420684523809
2012-07-17 08:49:08,471,1,42.8206845238,-0.444568452381
2012-07-17 08:49:09,472,1,42.3895833333,-0.431101190476
2012-07-17 08:49:10,473,1,41.9901041667,-0.399479166667
2012-07-17 08:49:11,474,1,41.6657738095,-0.324330357143
2012-07-17 08:49:12,475,1,41.4822916667,-0.183482142857
2012-07-17 08:49:13,476,1,41.476860119,-0.0054315476191
2012-07-17 08:49:14,477,1,41.6208333333,0.143973214286
2012-07-17 08:49:15,478,1,41.8313988095,0.21056547619
2012-07-17 08:49:16,479,1,42.0216517857,0.190252976191
2012-07-17 08:49:17,480,1,42.1469494048,0.125297619048
2012-07-17 08:49:18,481,1,42.2086309524,0.0616815476191
2012-07-17 08:49:19,482,1,42.2281994048,0.0195684523809
2012-07-17 08:49:20,483,1,42.2277529762,-0.000446428571401
2012-07-17 08:49:21,484,1,42.2236607143,-0.0040922619048
2012-07-17 08:49:22,485,1,42.2286458333,0.0049851190476
2012-07-17 08:49:23,486,1,42.253125,0.0244791666667
2012-07-17 08:49:24,487,1,42.2917410714,0.0386160714286
2012-07-17 08:49:25,488,1,42.3080357143,0.0162946428571
2012-07-17 08:49:26,489,1,42.2420386905,-0.0659970238095
2012-07-17 08:49:27,490,1,42.0391369048,-0.202901785714
2012-07-17 08:49:28,491,1,41.684672619,-0.354464285714
2012-07-17 08:49:29,492,1,41.2241815476,-0.460491071429
2012-07-17 08:49:30,493,1,40.7475446429,-0.476636904762
2012-07-17 08:49:31,494,1,40.3460565476,-0.401488095238
2012-07-17 08:49:32,495,1,40.0839285714,-0.26212797619
2012-07-17 08:49:33,496,1,40.0067708333,-0.0771577380953
2012-07-17 08:49:34,497,1,40.1584821429,0.151711309524
2012-07-17 08:49:35,498,1,40.5682291667,0.40974702381
2012-07-17 08:49:36,499,1,41.215922619,0.647693452381
2012-07-17 08:49:37,500,1,42.0130952381,0.797172619048
2012-07-17 08:49:38,501,1,42.8227678571,0.809672619048
2012-07-17 08:49:39,502,1,43.5197172619,0.696949404762
2012-07-17 08:49:40,503,1,44.0532738095,0.533556547619
2012-07-17 08:49:41,504,1,44.4552827381,0.402008928571
2012-07-17 08:49:42,505,1,44.7926339286,0.337351190476
2012-07-17 08:49:43,506,1,45.1199404762,0.327306547619
2012-07-17 08:49:44,507,1,45.465327381,0.345386904762
2012-07-17 08:49:45,508,1,45.8389880952,0.373660714286
2012-07-17 08:49:46,509,1,46.2432291667,0.404241071429
2012-07-17 08:49:47,510,1,46.6735119048,0.430282738095
2012-07-17 08:49:48,511,1,47.1164434524,0.442931547619
2012-07-17 08:49:49,512,1,47.5508928571,0.434449404762
2012-07-17 08:49:50,513,1,47.9517857143,0.400892857143
2012-07-17 08:49:51,514,1,48.2988095238,0.347023809524
2012-07-17 08:49:52,515,1,48.5845982143,0.285788690476
2012-07-17 08:49:53,516,1,48.8158482143,0.23125
2012-07-17 08:49:54,517,1,49.0136160714,0.197767857143
2012-07-17 08:49:55,518,1,49.2119791667,0.198363095238
2012-07-17 08:49:56,519,1,49.4520089286,0.240029761905
2012-07-17 08:49:57,520,1,49.7773065476,0.325297619048
2012-07-17 08:49:58,521,1,50.2205357143,0.443229166667
2012-07-17 08:49:59,522,1,50.771875,0.551339285714
2012-07-17 08:50:00,523,1,51.3630952381,0.591220238095
2012-07-17 08:50:01,524,1,51.8991071429,0.536011904762
2012-07-17 08:50:02,525,1,52.3103422619,0.411235119048
2012-07-17 08:50:03,526,1,52.5794642857,0.26912202381
2012-07-17 08:50:04,527,1,52.730952381,0.151488095238
2012-07-17 08:50:05,528,1,52.8019345238,0.0709821428571
2012-07-17 08:50:06,529,1,52.821577381,0.0196428571429
2012-07-17 08:50:07,530,1,52.812797619,-0.0087797619048
2012-07-17 08:50:08,531,1,52.8014136905,-0.0113839285714
2012-07-17 08:50:09,532,1,52.8169642857,0.0155505952381
2012-07-17 08:50:10,533,1,52.8861607143,0.0691964285714
2012-07-17 08:50:11,534,1,53.0192708333,0.133110119048
2012-07-17 08:50:12,535,1,53.1969494048,0.177678571429
2012-07-17 08:50:13,536,1,53.3782738095,0.181324404762
2012-07-17 08:50:14,537,1,53.5302083333,0.15193452381
2012-07-17 08:50:15,538,1,53.6490327381,0.118824404762
2012-07-17 08:50:16,539,1,53.752827381,0.103794642857
2012-07-17 08:50:17,540,1,53.8605654762,0.107738095238
2012-07-17 08:50:18,541,1,53.9881696429,0.127604166667
2012-07-17 08:50:19,542,1,54.1556547619,0.167485119048
2012-07-17 08:50:20,543,1,54.3713541667,0.215699404762
2012-07-17 08:50:21,544,1,54.6042410714,0.232886904762
2012-07-17 08:50:22,545,1,54.790922619,0.186681547619
2012-07-17 08:50:23,546,1,54.8783482143,0.0874255952381
2012-07-17 08:50:24,547,1,54.8633184524,-0.0150297619048
2012-07-17 08:50:25,548,1,54.7995535714,-0.0637648809523
2012-07-17 08:50:26,549,1,54.7651785714,-0.034375
2012-07-17 08:50:27,550,1,54.8151041667,0.0499255952381
2012-07-17 08:50:28,551,1,54.954985119,0.139880952381
2012-07-17 08:50:29,552,1,55.1461309524,0.191145833333
2012-07-17 08:50:30,553,1,55.3296875,0.183556547619
2012-07-17 08:50:31,554,1,55.4587053571,0.129017857143
2012-07-17 08:50:32,555,1,55.5235119048,0.064806547619
2012-07-17 08:50:33,556,1,55.5491815476,0.0256696428572
2012-07-17 08:50:34,557,1,55.5648809524,0.0156994047619
2012-07-17 08:50:35,558,1,55.5807291667,0.0158482142857
2012-07-17 08:50:36,559,1,55.588764881,0.0080357142857
2012-07-17 08:50:37,560,1,55.5599702381,-0.0287946428572
2012-07-17 08:50:38,561,1,55.4314732143,-0.128497023809
2012-07-17 08:50:39,562,1,55.1146577381,-0.316815476191
2012-07-17 08:50:40,563,1,54.5250744048,-0.589583333333
2012-07-17 08:50:41,564,1,53.608110119,-0.916964285714
2012-07-17 08:50:42,565,1,52.3610863095,-1.24702380952
2012-07-17 08:50:43,566,1,50.856547619,-1.50453869048
2012-07-17 08:50:44,567,1,49.2374255952,-1.61912202381
2012-07-17 08:50:45,568,1,47.6704613095,-1.56696428571
2012-07-17 08:50:46,569,1,46.2980654762,-1.37239583333
2012-07-17 08:50:47,570,1,45.2208333333,-1.07723214286
2012-07-17 08:50:48,571,1,44.501264881,-0.719568452381
2012-07-17 08:50:49,572,1,44.1758184524,-0.325446428571
2012-07-17 08:50:50,573,1,44.2560267857,0.0802083333333
2012-07-17 08:50:51,574,1,44.7056547619,0.449627976191
2012-07-17 08:50:52,575,1,45.4306547619,0.725
2012-07-17 08:50:53,576,1,46.2994047619,0.86875
2012-07-17 08:50:54,577,1,47.1545386905,0.855133928571
2012-07-17 08:50:55,578,1,47.8244047619,0.669866071429
2012-07-17 08:50:56,579,1,48.179985119,0.355580357143
2012-07-17 08:50:57,580,1,48.2121279762,0.0321428571429
2012-07-17 08:50:58,581,1,48.0488839286,-0.163244047619
2012-07-17 08:50:59,582,1,47.878125,-0.170758928571
2012-07-17 08:51:00,583,1,47.8373511905,-0.0407738095238
2012-07-17 08:51:01,584,1,47.9632440476,0.125892857143
2012-07-17 08:51:02,585,1,48.2180803571,0.254836309524
2012-07-17 08:51:03,586,1,48.5385416667,0.320461309524
2012-07-17 08:51:04,587,1,48.8613095238,0.322767857143
2012-07-17 08:51:05,588,1,49.1379464286,0.276636904762
2012-07-17 08:51:06,589,1,49.3673363095,0.229389880952
2012-07-17 08:51:07,590,1,49.606547619,0.239211309524
2012-07-17 08:51:08,591,1,49.9061011905,0.299553571429
2012-07-17 08:51:09,592,1,50.2229166667,0.31681547619
2012-07-17 08:51:10,593,1,50.4206845238,0.197767857143
2012-07-17 08:51:11,594,1,50.3688244048,-0.0518601190476
2012-07-17 08:51:12,595,1,50.0258928571,-0.342931547619
2012-07-17 08:51:13,596,1,49.4019345238,-0.623958333333
2012-07-17 08:51:14,597,1,48.4522321429,-0.949702380952
2012-07-17 08:51:15,598,1,47.0726934524,-1.37953869048
2012-07-17 08:51:16,599,1,45.2462053571,-1.82648809524
2012-07-17 08:51:17,600,1,43.1771577381,-2.06904761905
2012-07-17 08:51:18,601,1,41.2558035714,-1.92135416667
2012-07-17 08:51:19,602,1,39.8823660714,-1.3734375
2012-07-17 08:51:20,603,1,39.301264881,-0.581101190476
2012-07-17 08:51:21,604,1,39.5556547619,0.254389880952
2012-07-17 08:51:22,605,1,40.5410714286,0.985416666667
2012-07-17 08:51:23,606,1,42.0546130952,1.51354166667
2012-07-17 08:51:24,607,1,43.8020089286,1.74739583333
2012-07-17 08:51:25,608,1,45.4330357143,1.63102678571
2012-07-17 08:51:26,609,1,46.6457589286,1.21272321429
2012-07-17 08:51:27,610,1,47.2904761905,0.644717261905
2012-07-17 08:51:28,611,1,47.3960565476,0.105580357143
2012-07-17 08:51:29,612,1,47.1151785714,-0.28087797619
2012-07-17 08:51:30,613,1,46.6442708333,-0.470907738095
2012-07-17 08:51:31,614,1,46.1863839286,-0.457886904762
2012-07-17 08:51:32,615,1,45.9490327381,-0.237351190476
2012-07-17 08:51:33,616,1,46.0998511905,0.150818452381
2012-07-17 08:51:34,617,1,46.6803571429,0.580505952381
2012-07-17 08:51:35,618,1,47.5722470238,0.891889880952
2012-07-17 08:51:36,619,1,48.5651785714,0.992931547619
2012-07-17 08:51:37,620,1,49.4726190476,0.90744047619
2012-07-17 08:51:38,621,1,50.2026785714,0.73005952381
2012-07-17 08:51:39,622,1,50.7456845238,0.543005952381
2012-07-17 08:51:40,623,1,51.1264136905,0.380729166667
2012-07-17 08:51:41,624,1,51.375297619,0.248883928571
2012-07-17 08:51:42,625,1,51.5218005952,0.14650297619
2012-07-17 08:51:43,626,1,51.595014881,0.0732142857143
2012-07-17 08:51:44,627,1,51.6210565476,0.0260416666666
2012-07-17 08:51:45,628,1,51.6131696429,-0.0078869047619
2012-07-17 08:51:46,629,1,51.5621279762,-0.0510416666666
2012-07-17 08:51:47,630,1,51.4404761905,-0.121651785714
2012-07-17 08:51:48,631,1,51.2367559524,-0.203720238095
2012-07-17 08:51:49,632,1,51.0072172619,-0.229538690476
2012-07-17 08:51:50,633,1,50.8779761905,-0.129241071429
2012-07-17 08:51:51,634,1,50.9578125,0.0798363095238
2012-07-17 08:51:52,635,1,51.2340029762,0.276190476191
2012-07-17 08:51:53,636,1,51.5621279762,0.328125
2012-07-17 08:51:54,637,1,51.7642857143,0.202157738095
2012-07-17 08:51:55,638,1,51.7418154762,-0.0224702380952
2012-07-17 08:51:56,639,1,51.5071428571,-0.234672619048
2012-07-17 08:51:57,640,1,51.1256696429,-0.381473214286
2012-07-17 08:51:58,641,1,50.6410714286,-0.484598214286
2012-07-17 08:51:59,642,1,50.064360119,-0.576711309524
2012-07-17 08:52:00,643,1,49.4279761905,-0.636383928571
2012-07-17 08:52:01,644,1,48.827827381,-0.600148809524
2012-07-17 08:52:02,645,1,48.3943452381,-0.433482142857
2012-07-17 08:52:03,646,1,48.2155505952,-0.178794642857
2012-07-17 08:52:04,647,1,48.2825892857,0.0670386904762
2012-07-17 08:52:05,648,1,48.5033482143,0.220758928571
2012-07-17 08:52:06,649,1,48.7634672619,0.260119047619
2012-07-17 08:52:07,650,1,48.9761160714,0.212648809524
2012-07-17 08:52:08,651,1,49.0924107143,0.116294642857
2012-07-17 08:52:09,652,1,49.0933035714,0.000892857142901
2012-07-17 08:52:10,653,1,48.9863839286,-0.106919642857
2012-07-17 08:52:11,654,1,48.7991815476,-0.187202380952
2012-07-17 08:52:12,655,1,48.5554315476,-0.24375
2012-07-17 08:52:13,656,1,48.2517113095,-0.303720238095
2012-07-17 08:52:14,657,1,47.8578125,-0.393898809524
2012-07-17 08:52:15,658,1,47.3392857143,-0.518526785714
2012-07-17 08:52:16,659,1,46.6891369048,-0.650148809524
2012-07-17 08:52:17,660,1,45.9494047619,-0.739732142857
2012-07-17 08:52:18,661,1,45.204985119,-0.744419642857
2012-07-17 08:52:19,662,1,44.5500744048,-0.654910714286
2012-07-17 08:52:20,663,1,44.0433779762,-0.506696428571
2012-07-17 08:52:21,664,1,43.6926339286,-0.350744047619
2012-07-17 08:52:22,665,1,43.4865327381,-0.206101190476
2012-07-17 08:52:23,666,1,43.4097470238,-0.0767857142857
2012-07-17 08:52:24,667,1,43.4046875,-0.0050595238095
2012-07-17 08:52:25,668,1,43.3505952381,-0.0540922619048
2012-07-17 08:52:26,669,1,43.110639881,-0.239955357143
2012-07-17 08:52:27,670,1,42.6188988095,-0.491741071429
2012-07-17 08:52:28,671,1,41.9391369048,-0.679761904762
2012-07-17 08:52:29,672,1,41.2150297619,-0.724107142857
2012-07-17 08:52:30,673,1,40.5427083333,-0.672321428572
2012-07-17 08:52:31,674,1,39.912797619,-0.629910714286
2012-07-17 08:52:32,675,1,39.2634672619,-0.649330357143
2012-07-17 08:52:33,676,1,38.5520089286,-0.711458333333
2012-07-17 08:52:34,677,1,37.780952381,-0.771056547619
2012-07-17 08:52:35,678,1,36.9636904762,-0.817261904762
2012-07-17 08:52:36,679,1,36.059375,-0.90431547619
2012-07-17 08:52:37,680,1,34.9708333333,-1.08854166667
2012-07-17 08:52:38,681,1,33.6333333333,-1.3375
2012-07-17 08:52:39,682,1,32.0865327381,-1.54680059524
2012-07-17 08:52:40,683,1,30.4498511905,-1.63668154762
2012-07-17 08:52:41,684,1,28.8421875,-1.60766369048
2012-07-17 08:52:42,685,1,27.3154761905,-1.52671130952
2012-07-17 08:52:43,686,1,25.8507440476,-1.46473214286
2012-07-17 08:52:44,687,1,24.4288690476,-1.421875
2012-07-17 08:52:45,688,1,23.1155505952,-1.31331845238
2012-07-17 08:52:46,689,1,22.0911458333,-1.0244047619
2012-07-17 08:52:47,690,1,21.6133928571,-0.477752976191
2012-07-17 08:52:48,691,1,21.9203125,0.306919642857
2012-07-17 08:52:49,692,1,23.1052827381,1.1849702381
2012-07-17 08:52:50,693,1,25.0495535714,1.94427083333
2012-07-17 08:52:51,694,1,27.4728422619,2.42328869048
2012-07-17 08:52:52,695,1,30.0642113095,2.59136904762
2012-07-17 08:52:53,696,1,32.595610119,2.53139880952
2012-07-17 08:52:54,697,1,34.9448660714,2.34925595238
2012-07-17 08:52:55,698,1,37.0386160714,2.09375
2012-07-17 08:52:56,699,1,38.7949404762,1.75632440476
2012-07-17 08:52:57,700,1,40.1176339286,1.32269345238
2012-07-17 08:52:58,701,1,40.9139136905,0.796279761905
2012-07-17 08:52:59,702,1,41.0927827381,0.178869047619
2012-07-17 08:53:00,703,1,40.5442708333,-0.548511904762
2012-07-17 08:53:01,704,1,39.131547619,-1.41272321429
2012-07-17 08:53:02,705,1,36.7337053571,-2.3978422619
2012-07-17 08:53:03,706,1,33.3459077381,-3.38779761905
2012-07-17 08:53:04,707,1,29.199702381,-4.14620535714
2012-07-17 08:53:05,708,1,24.8433779762,-4.35632440476
2012-07-17 08:53:06,709,1,21.0886160714,-3.75476190476
2012-07-17 08:53:07,710,1,18.7533482143,-2.33526785714
2012-07-17 08:53:08,711,1,18.312202381,-0.441145833333
2012-07-17 08:53:09,712,1,19.7052083333,1.39300595238
2012-07-17 08:53:10,713,1,22.4345238095,2.72931547619
2012-07-17 08:53:11,714,1,25.8526041667,3.41808035714
2012-07-17 08:53:12,715,1,29.4261160714,3.57351190476
2012-07-17 08:53:13,716,1,32.8171130952,3.39099702381
2012-07-17 08:53:14,717,1,35.8254464286,3.00833333333
2012-07-17 08:53:15,718,1,38.3441220238,2.51867559524
2012-07-17 08:53:16,719,1,40.3649553571,2.02083333333
2012-07-17 08:53:17,720,1,41.9656994048,1.60074404762
2012-07-17 08:53:18,721,1,43.2484375,1.28273809524
2012-07-17 08:53:19,722,1,44.2689732143,1.02053571429
2012-07-17 08:53:20,723,1,45.0136160714,0.744642857143
2012-07-17 08:53:21,724,1,45.4401041667,0.426488095238
2012-07-17 08:53:22,725,1,45.54375,0.103645833333
2012-07-17 08:53:23,726,1,45.3915922619,-0.152157738095
2012-07-17 08:53:24,727,1,45.0995535714,-0.292038690476
2012-07-17 08:53:25,728,1,44.7802083333,-0.319345238095
2012-07-17 08:53:26,729,1,44.5038690476,-0.276339285714
2012-07-17 08:53:27,730,1,44.2877232143,-0.216145833333
2012-07-17 08:53:28,731,1,44.1094494048,-0.178273809524
2012-07-17 08:53:29,732,1,43.9345982143,-0.174851190476
2012-07-17 08:53:30,733,1,43.7399553571,-0.194642857143
2012-07-17 08:53:31,734,1,43.5240327381,-0.215922619048
2012-07-17 08:53:32,735,1,43.3031994048,-0.220833333333
2012-07-17 08:53:33,736,1,43.097172619,-0.206026785714
2012-07-17 08:53:34,737,1,42.922172619,-0.175
2012-07-17 08:53:35,738,1,42.7997767857,-0.122395833333
2012-07-17 08:53:36,739,1,42.7615327381,-0.0382440476191
2012-07-17 08:53:37,740,1,42.8350446429,0.0735119047619
2012-07-17 08:53:38,741,1,43.0226934524,0.187648809524
2012-07-17 08:53:39,742,1,43.2886904762,0.26599702381
2012-07-17 08:53:40,743,1,43.5676339286,0.278943452381
2012-07-17 08:53:41,744,1,43.8009672619,0.233333333333
2012-07-17 08:53:42,745,1,43.973735119,0.172767857143
2012-07-17 08:53:43,746,1,44.1133928571,0.139657738095
2012-07-17 08:53:44,747,1,44.258110119,0.144717261905
2012-07-17 08:53:45,748,1,44.4284970238,0.170386904762
2012-07-17 08:53:46,749,1,44.6241071429,0.195610119048
2012-07-17 08:53:47,750,1,44.8479166667,0.22380952381
2012-07-17 08:53:48,751,1,45.1270089286,0.279092261905
2012-07-17 08:53:49,752,1,45.4953869048,0.368377976191
2012-07-17 08:53:50,753,1,45.960639881,0.46525297619
2012-07-17 08:53:51,754,1,46.4913690476,0.530729166667
2012-07-17 08:53:52,755,1,47.0285714286,0.537202380952
2012-07-17 08:53:53,756,1,47.5104166667,0.481845238095
2012-07-17 08:53:54,757,1,47.890922619,0.380505952381
2012-07-17 08:53:55,758,1,48.1386904762,0.247767857143
2012-07-17 08:53:56,759,1,48.2254464286,0.0867559523809
2012-07-17 08:53:57,760,1,48.0959077381,-0.129538690476
2012-07-17 08:53:58,761,1,47.619047619,-0.476860119048
2012-07-17 08:53:59,762,1,46.5930059524,-1.02604166667
2012-07-17 08:54:00,763,1,44.8405505952,-1.75245535714
2012-07-17 08:54:01,764,1,42.3046875,-2.53586309524
2012-07-17 08:54:02,765,1,39.0546875,-3.25
2012-07-17 08:54:03,766,1,35.234375,-3.8203125
2012-07-17 08:54:04,767,1,31.0546130952,-4.17976190476
2012-07-17 08:54:05,768,1,26.8489583333,-4.2056547619
2012-07-17 08:54:06,769,1,23.0676339286,-3.78132440476
2012-07-17 08:54:07,770,1,20.1256696429,-2.94196428571
2012-07-17 08:54:08,771,1,18.2180059524,-1.90766369048
2012-07-17 08:54:09,772,1,17.2717261905,-0.946279761905
2012-07-17 08:54:10,773,1,17.0533482143,-0.218377976191
2012-07-17 08:54:11,774,1,17.2785714286,0.225223214286
2012-07-17 08:54:12,775,1,17.6061755952,0.327604166667
2012-07-17 08:54:13,776,1,17.6235119048,0.0173363095238
2012-07-17 08:54:14,777,1,16.9878720238,-0.635639880952
2012-07-17 08:54:15,778,1,15.6382440476,-1.34962797619
2012-07-17 08:54:16,779,1,13.8392857143,-1.79895833333
2012-07-17 08:54:17,780,1,11.9992559524,-1.8400297619
2012-07-17 08:54:18,781,1,10.4145089286,-1.58474702381
2012-07-17 08:54:19,782,1,9.10974702381,-1.30476190476
2012-07-17 08:54:20,783,1,7.86086309524,-1.24888392857
2012-07-17 08:54:21,784,1,6.37797619048,-1.48288690476
2012-07-17 08:54:22,785,1,4.55148809524,-1.82648809524
2012-07-17 08:54:23,786,1,2.66889880952,-1.88258928571
2012-07-17 08:54:24,787,1,0.0,-2.66889880952
2012-07-17 18:24:57,35020,34233,0.0,0.0
2012-07-17 18:24:58,35021,1,2.04694940476,2.04694940476
2012-07-17 18:24:59,35022,1,2.95505952381,0.908110119048
2012-07-17 18:25:00,35023,1,3.42113095238,0.466071428571
2012-07-17 18:25:01,35024,1,3.56763392857,0.14650297619
2012-07-17 18:25:02,35025,1,3.8953125,0.327678571429
2012-07-17 18:25:03,35026,1,4.72819940476,0.832886904762
2012-07-17 18:25:04,35027,1,5.97738095238,1.24918154762
2012-07-17 18:25:05,35028,1,7.3771577381,1.39977678571
2012-07-17 18:25:06,35029,1,8.82566964286,1.44851190476
2012-07-17 18:25:07,35030,1,10.4131696429,1.5875
2012-07-17 18:25:08,35031,1,12.2014880952,1.78831845238
2012-07-17 18:25:09,35032,1,14.0732886905,1.87180059524
2012-07-17 18:25:10,35033,1,15.7619047619,1.68861607143
2012-07-17 18:25:11,35034,1,16.9410714286,1.17916666667
2012-07-17 18:25:12,35035,1,17.3128720238,0.371800595238
2012-07-17 18:25:13,35036,1,16.7585565476,-0.55431547619
2012-07-17 18:25:14,35037,1,15.493452381,-1.26510416667
2012-07-17 18:25:15,35038,1,14.0511160714,-1.44233630952
2012-07-17 18:25:16,35039,1,13.0802827381,-0.970833333333
2012-07-17 18:25:17,35040,1,13.088764881,0.0084821428572
2012-07-17 18:25:18,35041,1,14.2610119048,1.17224702381
2012-07-17 18:25:19,35042,1,16.4398809524,2.17886904762
2012-07-17 18:25:20,35043,1,19.2505208333,2.81063988095
2012-07-17 18:25:21,35044,1,22.2421875,2.99166666667
2012-07-17 18:25:22,35045,1,25.0145089286,2.77232142857
2012-07-17 18:25:23,35046,1,27.3467261905,2.3322172619
2012-07-17 18:25:24,35047,1,29.2416666667,1.89494047619
2012-07-17 18:25:25,35048,1,30.8295386905,1.58787202381
2012-07-17 18:25:26,35049,1,32.2383928571,1.40885416667
2012-07-17 18:25:27,35050,1,33.536235119,1.2978422619
2012-07-17 18:25:28,35051,1,34.7357142857,1.19947916667
2012-07-17 18:25:29,35052,1,35.8245535714,1.08883928571
2012-07-17 18:25:30,35053,1,36.8020089286,0.977455357143
2012-07-17 18:25:31,35054,1,37.6919642857,0.889955357143
2012-07-17 18:25:32,35055,1,38.5254464286,0.833482142857
2012-07-17 18:25:33,35056,1,39.3220238095,0.796577380952
2012-07-17 18:25:34,35057,1,40.0848214286,0.762797619048
2012-07-17 18:25:35,35058,1,40.8061011905,0.721279761905
2012-07-17 18:25:36,35059,1,41.4804315476,0.674330357143
2012-07-17 18:25:37,35060,1,42.1116071429,0.631175595238
2012-07-17 18:25:38,35061,1,42.7074404762,0.595833333333
2012-07-17 18:25:39,35062,1,43.2668154762,0.559375
2012-07-17 18:25:40,35063,1,43.7590029762,0.4921875
2012-07-17 18:25:41,35064,1,44.1181547619,0.359151785714
2012-07-17 18:25:42,35065,1,44.2783482143,0.160193452381
2012-07-17 18:25:43,35066,1,44.2269345238,-0.0514136904762
2012-07-17 18:25:44,35067,1,44.0316220238,-0.1953125
2012-07-17 18:25:45,35068,1,43.8135416667,-0.218080357143
2012-07-17 18:25:46,35069,1,43.6787946429,-0.13474702381
2012-07-17 18:25:47,35070,1,43.6646577381,-0.0141369047619
2012-07-17 18:25:48,35071,1,43.7407738095,0.0761160714286
2012-07-17 18:25:49,35072,1,43.8513392857,0.110565476191
2012-07-17 18:25:50,35073,1,43.9589285714,0.107589285714
2012-07-17 18:25:51,35074,1,44.0591517857,0.100223214286
2012-07-17 18:25:52,35075,1,44.167485119,0.108333333333
2012-07-17 18:25:53,35076,1,44.3039434524,0.136458333333
2012-07-17 18:25:54,35077,1,44.4837797619,0.179836309524
2012-07-17 18:25:55,35078,1,44.696875,0.213095238095
2012-07-17 18:25:56,35079,1,44.8759672619,0.179092261905
2012-07-17 18:25:57,35080,1,44.8918154762,0.0158482142857
2012-07-17 18:25:58,35081,1,44.6011160714,-0.290699404762
2012-07-17 18:25:59,35082,1,43.9204613095,-0.680654761905
2012-07-17 18:26:00,35083,1,42.8821428571,-1.03831845238
2012-07-17 18:26:01,35084,1,41.6443452381,-1.23779761905
2012-07-17 18:26:02,35085,1,40.4459077381,-1.1984375
2012-07-17 18:26:03,35086,1,39.5179315476,-0.927976190476
2012-07-17 18:26:04,35087,1,38.9851190476,-0.5328125
2012-07-17 18:26:05,35088,1,38.8064732143,-0.178645833333
2012-07-17 18:26:06,35089,1,38.8027529762,-0.00372023809521
2012-07-17 18:26:07,35090,1,38.7652529762,-0.0375
2012-07-17 18:26:08,35091,1,38.5741071429,-0.191145833333
2012-07-17 18:26:09,35092,1,38.2399553571,-0.334151785714
2012-07-17 18:26:10,35093,1,37.8429315476,-0.397023809524
2012-07-17 18:26:11,35094,1,37.4376488095,-0.405282738095
2012-07-17 18:26:12,35095,1,37.0118303571,-0.425818452381
2012-07-17 18:26:13,35096,1,36.5132440476,-0.498586309524
2012-07-17 18:26:14,35097,1,35.9023809524,-0.610863095238
2012-07-17 18:26:15,35098,1,35.1700892857,-0.732291666667
2012-07-17 18:26:16,35099,1,34.286235119,-0.883854166667
2012-07-17 18:26:17,35100,1,33.141889881,-1.1443452381
2012-07-17 18:26:18,35101,1,31.5811755952,-1.56071428571
2012-07-17 18:26:19,35102,1,29.523139881,-2.05803571429
2012-07-17 18:26:20,35103,1,27.0899553571,-2.43318452381
2012-07-17 18:26:21,35104,1,24.6455357143,-2.44441964286
2012-07-17 18:26:22,35105,1,22.6980654762,-1.9474702381
2012-07-17 18:26:23,35106,1,21.7180059524,-0.98005952381
2012-07-17 18:26:24,35107,1,21.9696428571,0.251636904762
2012-07-17 18:26:25,35108,1,23.430952381,1.46130952381
2012-07-17 18:26:26,35109,1,25.8314732143,2.40052083333
2012-07-17 18:26:27,35110,1,28.7625,2.93102678571
2012-07-17 18:26:28,35111,1,31.7805803571,3.01808035714
2012-07-17 18:26:29,35112,1,34.4793154762,2.69873511905
2012-07-17 18:26:30,35113,1,36.5450892857,2.06577380952
2012-07-17 18:26:31,35114,1,37.7959077381,1.25081845238
2012-07-17 18:26:32,35115,1,38.1791666667,0.383258928572
2012-07-17 18:26:33,35116,1,37.7199404762,-0.459226190476
2012-07-17 18:26:34,35117,1,36.4634672619,-1.25647321429
2012-07-17 18:26:35,35118,1,34.4642857143,-1.99918154762
2012-07-17 18:26:36,35119,1,31.8093005952,-2.65498511905
2012-07-17 18:26:37,35120,1,28.6188988095,-3.19040178571
2012-07-17 18:26:38,35121,1,25.0116815476,-3.6072172619
2012-07-17 18:26:39,35122,1,21.084077381,-3.92760416667
2012-07-17 18:26:40,35123,1,16.9483630952,-4.13571428571
2012-07-17 18:26:41,35124,1,12.7818452381,-4.16651785714
2012-07-17 18:26:42,35125,1,8.8203125,-3.9615327381
2012-07-17 18:26:43,35126,1,5.340625,-3.4796875
2012-07-17 18:26:44,35127,1,2.71428571429,-2.62633928571
2012-07-17 18:26:45,35128,1,0.0,-2.71428571429
2012-07-17 18:27:32,35175,47,0.0,0.0
2012-07-17 18:27:33,35176,1,4.36651785714,4.36651785714
2012-07-17 18:27:34,35177,1,7.74672619048,3.38020833333
2012-07-17 18:27:35,35178,1,11.195014881,3.44828869048
2012-07-17 18:27:36,35179,1,14.028125,2.83311011905
2012-07-17 18:27:37,35180,1,16.0276041667,1.99947916667
2012-07-17 18:27:38,35181,1,17.3503720238,1.32276785714
2012-07-17 18:27:39,35182,1,18.3607142857,1.0103422619
2012-07-17 18:27:40,35183,1,19.4646577381,1.10394345238
2012-07-17 18:27:41,35184,1,20.9732142857,1.50855654762
2012-07-17 18:27:42,35185,1,23.0045386905,2.03132440476
2012-07-17 18:27:43,35186,1,25.4673363095,2.46279761905
2012-07-17 18:27:44,35187,1,28.1412946429,2.67395833333
2012-07-17 18:27:45,35188,1,30.7936755952,2.65238095238
2012-07-17 18:27:46,35189,1,33.2621279762,2.46845238095
2012-07-17 18:27:47,35190,1,35.4787946429,2.21666666667
2012-07-17 18:27:48,35191,1,37.4466517857,1.96785714286
2012-07-17 18:27:49,35192,1,39.2001488095,1.75349702381
2012-07-17 18:27:50,35193,1,40.7792410714,1.5790922619
2012-07-17 18:27:51,35194,1,42.2181547619,1.43891369048
2012-07-17 18:27:52,35195,1,43.5385416667,1.32038690476
2012-07-17 18:27:53,35196,1,44.7489583333,1.21041666667
2012-07-17 18:27:54,35197,1,45.8532738095,1.10431547619
2012-07-17 18:27:55,35198,1,46.8569196429,1.00364583333
2012-07-17 18:27:56,35199,1,47.7585565476,0.901636904762
2012-07-17 18:27:57,35200,1,48.5334077381,0.774851190476
2012-07-17 18:27:58,35201,1,49.1338541667,0.600446428572
2012-07-17 18:27:59,35202,1,49.5210565476,0.387202380952
2012-07-17 18:28:00,35203,1,49.703422619,0.182366071429
2012-07-17 18:28:01,35204,1,49.7442708333,0.0408482142857
2012-07-17 18:28:02,35205,1,49.7292410714,-0.0150297619047
2012-07-17 18:28:03,35206,1,49.721577381,-0.00766369047621
2012-07-17 18:28:04,35207,1,49.7425595238,0.0209821428571
2012-07-17 18:28:05,35208,1,49.7800595238,0.0375
2012-07-17 18:28:06,35209,1,49.8017857143,0.0217261904762
2012-07-17 18:28:07,35210,1,49.7726190476,-0.0291666666667
2012-07-17 18:28:08,35211,1,49.6832589286,-0.0893601190476
2012-07-17 18:28:09,35212,1,49.5660714286,-0.1171875
2012-07-17 18:28:10,35213,1,49.4758184524,-0.0902529761905
2012-07-17 18:28:11,35214,1,49.4497767857,-0.0260416666666
2012-07-17 18:28:12,35215,1,49.4821428571,0.0323660714286
2012-07-17 18:28:13,35216,1,49.5385416667,0.0563988095238
2012-07-17 18:28:14,35217,1,49.5962053571,0.0576636904762
2012-07-17 18:28:15,35218,1,49.6650297619,0.0688244047619
2012-07-17 18:28:16,35219,1,49.7724702381,0.10744047619
2012-07-17 18:28:17,35220,1,49.9350446429,0.162574404762
2012-07-17 18:28:18,35221,1,50.1399553571,0.204910714286
2012-07-17 18:28:19,35222,1,50.3454613095,0.205505952381
2012-07-17 18:28:20,35223,1,50.4999255952,0.154464285714
2012-07-17 18:28:21,35224,1,50.5689732143,0.0690476190476
2012-07-17 18:28:22,35225,1,50.5502232143,-0.01875
2012-07-17 18:28:23,35226,1,50.4639136905,-0.0863095238095
2012-07-17 18:28:24,35227,1,50.3305059524,-0.133407738095
2012-07-17 18:28:25,35228,1,50.1563244048,-0.174181547619
2012-07-17 18:28:26,35229,1,49.9407738095,-0.215550595238
2012-07-17 18:28:27,35230,1,49.6982886905,-0.242485119048
2012-07-17 18:28:28,35231,1,49.4682291667,-0.230059523809
2012-07-17 18:28:29,35232,1,49.2976934524,-0.170535714286
2012-07-17 18:28:30,35233,1,49.215625,-0.082068452381
2012-07-17 18:28:31,35234,1,49.225297619,0.0096726190476
2012-07-17 18:28:32,35235,1,49.3167410714,0.091443452381
2012-07-17 18:28:33,35236,1,49.4783482143,0.161607142857
2012-07-17 18:28:34,35237,1,49.6952380952,0.216889880952
2012-07-17 18:28:35,35238,1,49.9363839286,0.241145833333
2012-07-17 18:28:36,35239,1,50.1401785714,0.203794642857
2012-07-17 18:28:37,35240,1,50.2257440476,0.0855654761904
2012-07-17 18:28:38,35241,1,50.1433779762,-0.0823660714285
2012-07-17 18:28:39,35242,1,49.9077380952,-0.235639880952
2012-07-17 18:28:40,35243,1,49.545014881,-0.362723214286
2012-07-17 18:28:41,35244,1,49.0011904762,-0.543824404762
2012-07-17 18:28:42,35245,1,48.1333333333,-0.867857142857
2012-07-17 18:28:43,35246,1,46.7960565476,-1.33727678571
2012-07-17 18:28:44,35247,1,44.9111607143,-1.88489583333
2012-07-17 18:28:45,35248,1,42.4590029762,-2.4521577381
2012-07-17 18:28:46,35249,1,39.4491071429,-3.00989583333
2012-07-17 18:28:47,35250,1,35.9308779762,-3.51822916667
2012-07-17 18:28:48,35251,1,32.0220982143,-3.9087797619
2012-07-17 18:28:49,35252,1,27.9035714286,-4.11852678571
2012-07-17 18:28:50,35253,1,23.7598958333,-4.14367559524
2012-07-17 18:28:51,35254,1,19.7027157738,-4.05718005952
2012-07-17 18:28:52,35255,1,15.7661458333,-3.93656994048
2012-07-17 18:28:53,35256,1,11.9805059524,-3.78563988095
2012-07-17 18:28:54,35257,1,8.41919642857,-3.56130952381
2012-07-17 18:28:55,35258,1,5.22767857143,-3.19151785714
2012-07-17 18:28:56,35259,1,2.72295386905,-2.50472470238
2012-07-17 18:28:57,35260,1,0.0,-2.72295386905
2012-07-17 18:29:32,35295,35,0.0,0.0
2012-07-17 18:29:33,35296,1,4.14289434524,4.14289434524
2012-07-17 18:29:34,35297,1,7.57849702381,3.43560267857
2012-07-17 18:29:35,35298,1,11.3947916667,3.81629464286
2012-07-17 18:29:36,35299,1,14.9896577381,3.59486607143
2012-07-17 18:29:37,35300,1,18.1240327381,3.134375
2012-07-17 18:29:38,35301,1,20.8532366071,2.72920386905
2012-07-17 18:29:39,35302,1,23.3760416667,2.52280505952
2012-07-17 18:29:40,35303,1,25.8619791667,2.4859375
2012-07-17 18:29:41,35304,1,28.3491071429,2.48712797619
2012-07-17 18:29:42,35305,1,30.7589285714,2.40982142857
2012-07-17 18:29:43,35306,1,32.98125,2.22232142857
2012-07-17 18:29:44,35307,1,34.9511904762,1.96994047619
2012-07-17 18:29:45,35308,1,36.6674107143,1.7162202381
2012-07-17 18:29:46,35309,1,38.15625,1.48883928571
2012-07-17 18:29:47,35310,1,39.4313244048,1.27507440476
2012-07-17 18:29:48,35311,1,40.4898065476,1.05848214286
2012-07-17 18:29:49,35312,1,41.3394345238,0.849627976191
2012-07-17 18:29:50,35313,1,42.0220238095,0.682589285714
2012-07-17 18:29:51,35314,1,42.610639881,0.588616071429
2012-07-17 18:29:52,35315,1,43.1837053571,0.573065476191
2012-07-17 18:29:53,35316,1,43.7991071429,0.615401785714
2012-07-17 18:29:54,35317,1,44.4818452381,0.682738095238
2012-07-17 18:29:55,35318,1,45.2160714286,0.734226190476
2012-07-17 18:29:56,35319,1,45.9435267857,0.727455357143
2012-07-17 18:29:57,35320,1,46.5841517857,0.640625
2012-07-17 18:29:58,35321,1,47.0760416667,0.491889880952
2012-07-17 18:29:59,35322,1,47.4141369048,0.338095238095
2012-07-17 18:30:00,35323,1,47.659672619,0.245535714286
2012-07-17 18:30:01,35324,1,47.9047619048,0.245089285714
2012-07-17 18:30:02,35325,1,48.218452381,0.313690476191
2012-07-17 18:30:03,35326,1,48.6144345238,0.395982142857
2012-07-17 18:30:04,35327,1,49.0494791667,0.435044642857
2012-07-17 18:30:05,35328,1,49.4416666667,0.3921875
2012-07-17 18:30:06,35329,1,49.7011904762,0.259523809524
2012-07-17 18:30:07,35330,1,49.7723958333,0.0712053571428
2012-07-17 18:30:08,35331,1,49.6728422619,-0.0995535714285
2012-07-17 18:30:09,35332,1,49.4917410714,-0.181101190476
2012-07-17 18:30:10,35333,1,49.334375,-0.157366071429
2012-07-17 18:30:11,35334,1,49.2564732143,-0.0779017857143
2012-07-17 18:30:12,35335,1,49.238764881,-0.0177083333333
2012-07-17 18:30:13,35336,1,49.2131696429,-0.0255952380953
2012-07-17 18:30:14,35337,1,49.1121279762,-0.101041666667
2012-07-17 18:30:15,35338,1,48.8894345238,-0.222693452381
2012-07-17 18:30:16,35339,1,48.5020089286,-0.387425595238
2012-07-17 18:30:17,35340,1,47.9120535714,-0.589955357143
2012-07-17 18:30:18,35341,1,47.1416666667,-0.770386904762
2012-07-17 18:30:19,35342,1,46.3193452381,-0.822321428571
2012-07-17 18:30:20,35343,1,45.65,-0.669345238095
2012-07-17 18:30:21,35344,1,45.3158482143,-0.334151785714
2012-07-17 18:30:22,35345,1,45.3769345238,0.0610863095238
2012-07-17 18:30:23,35346,1,45.745610119,0.368675595238
2012-07-17 18:30:24,35347,1,46.2501488095,0.504538690476
2012-07-17 18:30:25,35348,1,46.7301339286,0.479985119048
2012-07-17 18:30:26,35349,1,47.1029017857,0.372767857143
2012-07-17 18:30:27,35350,1,47.3834077381,0.280505952381
2012-07-17 18:30:28,35351,1,47.6597470238,0.276339285714
2012-07-17 18:30:29,35352,1,48.0265625,0.36681547619
2012-07-17 18:30:30,35353,1,48.503125,0.4765625
2012-07-17 18:30:31,35354,1,49.0039434524,0.500818452381
2012-07-17 18:30:32,35355,1,49.3965029762,0.392559523809
2012-07-17 18:30:33,35356,1,49.5860863095,0.189583333333
2012-07-17 18:30:34,35357,1,49.5587797619,-0.027306547619
2012-07-17 18:30:35,35358,1,49.3707589286,-0.188020833333
2012-07-17 18:30:36,35359,1,49.0999255952,-0.270833333333
2012-07-17 18:30:37,35360,1,48.8039434524,-0.295982142857
2012-07-17 18:30:38,35361,1,48.5150297619,-0.288913690476
2012-07-17 18:30:39,35362,1,48.244047619,-0.270982142857
2012-07-17 18:30:40,35363,1,47.9827380952,-0.26130952381
2012-07-17 18:30:41,35364,1,47.7220238095,-0.260714285714
2012-07-17 18:30:42,35365,1,47.4710565476,-0.250967261905
2012-07-17 18:30:43,35366,1,47.2571428571,-0.213913690476
2012-07-17 18:30:44,35367,1,47.1100446429,-0.147098214286
2012-07-17 18:30:45,35368,1,47.0401041667,-0.0699404761904
2012-07-17 18:30:46,35369,1,47.0308035714,-0.0093005952381
2012-07-17 18:30:47,35370,1,47.0578125,0.0270089285714
2012-07-17 18:30:48,35371,1,47.1128720238,0.0550595238095
2012-07-17 18:30:49,35372,1,47.2061755952,0.0933035714286
2012-07-17 18:30:50,35373,1,47.3462053571,0.140029761905
2012-07-17 18:30:51,35374,1,47.5195684524,0.173363095238
2012-07-17 18:30:52,35375,1,47.6945684524,0.175
2012-07-17 18:30:53,35376,1,47.8431547619,0.148586309524
2012-07-17 18:30:54,35377,1,47.9607142857,0.11755952381
2012-07-17 18:30:55,35378,1,48.0753720238,0.114657738095
2012-07-17 18:30:56,35379,1,48.2331845238,0.1578125
2012-07-17 18:30:57,35380,1,48.45625,0.22306547619
2012-07-17 18:30:58,35381,1,48.7133184524,0.257068452381
2012-07-17 18:30:59,35382,1,48.9349702381,0.221651785714
2012-07-17 18:31:00,35383,1,49.0579613095,0.122991071429
2012-07-17 18:31:01,35384,1,49.0654017857,0.0074404761905
2012-07-17 18:31:02,35385,1,48.994047619,-0.0713541666667
2012-07-17 18:31:03,35386,1,48.9015625,-0.0924851190476
2012-07-17 18:31:04,35387,1,48.8255952381,-0.0759672619048
2012-07-17 18:31:05,35388,1,48.7738095238,-0.0517857142857
2012-07-17 18:31:06,35389,1,48.7410714286,-0.0327380952381
2012-07-17 18:31:07,35390,1,48.7229910714,-0.0180803571428
2012-07-17 18:31:08,35391,1,48.7171875,-0.0058035714286
2012-07-17 18:31:09,35392,1,48.7182291667,0.0010416666667
2012-07-17 18:31:10,35393,1,48.7089285714,-0.0093005952381
2012-07-17 18:31:11,35394,1,48.6598958333,-0.0490327380953
2012-07-17 18:31:12,35395,1,48.5428571429,-0.117038690476
2012-07-17 18:31:13,35396,1,48.3436755952,-0.199181547619
2012-07-17 18:31:14,35397,1,48.06875,-0.274925595238
2012-07-17 18:31:15,35398,1,47.7456845238,-0.323065476191
2012-07-17 18:31:16,35399,1,47.4083333333,-0.337351190476
2012-07-17 18:31:17,35400,1,47.0754464286,-0.332886904762
2012-07-17 18:31:18,35401,1,46.7526041667,-0.322842261905
2012-07-17 18:31:19,35402,1,46.4511904762,-0.301413690476
2012-07-17 18:31:20,35403,1,46.1963541667,-0.254836309524
2012-07-17 18:31:21,35404,1,46.0197916667,-0.1765625
2012-07-17 18:31:22,35405,1,45.9384672619,-0.0813244047619
2012-07-17 18:31:23,35406,1,45.9296875,-0.0087797619048
2012-07-17 18:31:24,35407,1,45.9275297619,-0.0021577380952
2012-07-17 18:31:25,35408,1,45.8413690476,-0.0861607142858
2012-07-17 18:31:26,35409,1,45.5871279762,-0.254241071428
2012-07-17 18:31:27,35410,1,45.1292410714,-0.457886904762
2012-07-17 18:31:28,35411,1,44.5119047619,-0.617336309524
2012-07-17 18:31:29,35412,1,43.8530505952,-0.658854166667
2012-07-17 18:31:30,35413,1,43.2952380952,-0.5578125
2012-07-17 18:31:31,35414,1,42.9352678571,-0.359970238095
2012-07-17 18:31:32,35415,1,42.7814732143,-0.153794642857
2012-07-17 18:31:33,35416,1,42.7683779762,-0.0130952380952
2012-07-17 18:31:34,35417,1,42.8077380952,0.0393601190476
2012-07-17 18:31:35,35418,1,42.8394345238,0.0316964285714
2012-07-17 18:31:36,35419,1,42.8536458333,0.0142113095238
2012-07-17 18:31:37,35420,1,42.8708333333,0.0171875
2012-07-17 18:31:38,35421,1,42.9029017857,0.032068452381
2012-07-17 18:31:39,35422,1,42.9360119048,0.0331101190476
2012-07-17 18:31:40,35423,1,42.9433035714,0.0072916666667
2012-07-17 18:31:41,35424,1,42.9053571429,-0.0379464285715
2012-07-17 18:31:42,35425,1,42.821875,-0.0834821428571
2012-07-17 18:31:43,35426,1,42.7132440476,-0.108630952381
2012-07-17 18:31:44,35427,1,42.611235119,-0.102008928572
2012-07-17 18:31:45,35428,1,42.5389136905,-0.0723214285714
2012-07-17 18:31:46,35429,1,42.4957589286,-0.0431547619048
2012-07-17 18:31:47,35430,1,42.4671130952,-0.0286458333333
2012-07-17 18:31:48,35431,1,42.4525297619,-0.0145833333333
2012-07-17 18:31:49,35432,1,42.4850446429,0.0325148809523
2012-07-17 18:31:50,35433,1,42.6158482143,0.130803571429
2012-07-17 18:31:51,35434,1,42.8727678571,0.256919642857
2012-07-17 18:31:52,35435,1,43.2358630952,0.363095238095
2012-07-17 18:31:53,35436,1,43.654985119,0.419122023809
2012-07-17 18:31:54,35437,1,44.084672619,0.4296875
2012-07-17 18:31:55,35438,1,44.5000744048,0.415401785714
2012-07-17 18:31:56,35439,1,44.8874255952,0.387351190476
2012-07-17 18:31:57,35440,1,45.2310267857,0.343601190476
2012-07-17 18:31:58,35441,1,45.5175595238,0.286532738095
2012-07-17 18:31:59,35442,1,45.7515625,0.23400297619
2012-07-17 18:32:00,35443,1,45.9570684524,0.205505952381
2012-07-17 18:32:01,35444,1,46.1570684524,0.2
2012-07-17 18:32:02,35445,1,46.3514136905,0.194345238095
2012-07-17 18:32:03,35446,1,46.5167410714,0.165327380952
2012-07-17 18:32:04,35447,1,46.6299107143,0.113169642857
2012-07-17 18:32:05,35448,1,46.6906994048,0.0607886904762
2012-07-17 18:32:06,35449,1,46.7174107143,0.0267113095238
2012-07-17 18:32:07,35450,1,46.7235863095,0.0061755952381
2012-07-17 18:32:08,35451,1,46.7086309524,-0.0149553571428
2012-07-17 18:32:09,35452,1,46.6709077381,-0.0377232142858
2012-07-17 18:32:10,35453,1,46.6228422619,-0.0480654761904
2012-07-17 18:32:11,35454,1,46.592485119,-0.0303571428572
2012-07-17 18:32:12,35455,1,46.6104910714,0.018005952381
2012-07-17 18:32:13,35456,1,46.6912202381,0.0807291666666
2012-07-17 18:32:14,35457,1,46.8243303571,0.133110119048
2012-07-17 18:32:15,35458,1,46.9840029762,0.159672619048
2012-07-17 18:32:16,35459,1,47.1449404762,0.1609375
2012-07-17 18:32:17,35460,1,47.2947916667,0.149851190476
2012-07-17 18:32:18,35461,1,47.4400297619,0.145238095238
2012-07-17 18:32:19,35462,1,47.5982142857,0.158184523809
2012-07-17 18:32:20,35463,1,47.7773065476,0.179092261905
2012-07-17 18:32:21,35464,1,47.9626488095,0.185342261905
2012-07-17 18:32:22,35465,1,48.1235119048,0.160863095238
2012-07-17 18:32:23,35466,1,48.2279017857,0.104389880952
2012-07-17 18:32:24,35467,1,48.2561011905,0.0281994047619
2012-07-17 18:32:25,35468,1,48.2095982143,-0.0465029761905
2012-07-17 18:32:26,35469,1,48.110639881,-0.0989583333333
2012-07-17 18:32:27,35470,1,47.9939732143,-0.116666666667
2012-07-17 18:32:28,35471,1,47.8938988095,-0.100074404762
2012-07-17 18:32:29,35472,1,47.8290178571,-0.0648809523809
2012-07-17 18:32:30,35473,1,47.7973214286,-0.0316964285715
2012-07-17 18:32:31,35474,1,47.7883184524,-0.0090029761905
2012-07-17 18:32:32,35475,1,47.7927827381,0.0044642857143
2012-07-17 18:32:33,35476,1,47.7993303571,0.0065476190477
2012-07-17 18:32:34,35477,1,47.7985119048,-0.000818452380997
2012-07-17 18:32:35,35478,1,47.7949404762,-0.00357142857141
2012-07-17 18:32:36,35479,1,47.8039434524,0.0090029761904
2012-07-17 18:32:37,35480,1,47.8413690476,0.0374255952381
2012-07-17 18:32:38,35481,1,47.9213541667,0.0799851190477
2012-07-17 18:32:39,35482,1,48.0511904762,0.129836309524
2012-07-17 18:32:40,35483,1,48.2264136905,0.175223214286
2012-07-17 18:32:41,35484,1,48.4333333333,0.206919642857
2012-07-17 18:32:42,35485,1,48.644047619,0.210714285714
2012-07-17 18:32:43,35486,1,48.8095238095,0.165476190476
2012-07-17 18:32:44,35487,1,48.8759672619,0.066443452381
2012-07-17 18:32:45,35488,1,48.8142857143,-0.0616815476191
2012-07-17 18:32:46,35489,1,48.6371279762,-0.177157738095
2012-07-17 18:32:47,35490,1,48.3995535714,-0.237574404762
2012-07-17 18:32:48,35491,1,48.1773065476,-0.22224702381
2012-07-17 18:32:49,35492,1,48.0245535714,-0.15275297619
2012-07-17 18:32:50,35493,1,47.9441964286,-0.0803571428572
2012-07-17 18:32:51,35494,1,47.896875,-0.0473214285714
2012-07-17 18:32:52,35495,1,47.8400297619,-0.0568452380952
2012-07-17 18:32:53,35496,1,47.7628720238,-0.0771577380953
2012-07-17 18:32:54,35497,1,47.6871279762,-0.075744047619
2012-07-17 18:32:55,35498,1,47.6438988095,-0.0432291666667
2012-07-17 18:32:56,35499,1,47.6550595238,0.0111607142857
2012-07-17 18:32:57,35500,1,47.7264136905,0.0713541666667
2012-07-17 18:32:58,35501,1,47.8502232143,0.123809523809
2012-07-17 18:32:59,35502,1,48.0130208333,0.162797619048
2012-07-17 18:33:00,35503,1,48.1995535714,0.186532738095
2012-07-17 18:33:01,35504,1,48.3938988095,0.194345238095
2012-07-17 18:33:02,35505,1,48.5860119048,0.192113095238
2012-07-17 18:33:03,35506,1,48.778422619,0.192410714286
2012-07-17 18:33:04,35507,1,48.9805803571,0.202157738095
2012-07-17 18:33:05,35508,1,49.1927083333,0.21212797619
2012-07-17 18:33:06,35509,1,49.3954613095,0.202752976191
2012-07-17 18:33:07,35510,1,49.5572172619,0.161755952381
2012-07-17 18:33:08,35511,1,49.653422619,0.0962053571428
2012-07-17 18:33:09,35512,1,49.6824404762,0.0290178571429
2012-07-17 18:33:10,35513,1,49.6667410714,-0.0156994047619
2012-07-17 18:33:11,35514,1,49.6397321429,-0.0270089285715
2012-07-17 18:33:12,35515,1,49.6301339286,-0.0095982142857
2012-07-17 18:33:13,35516,1,49.6540922619,0.0239583333334
2012-07-17 18:33:14,35517,1,49.7139136905,0.0598214285714
2012-07-17 18:33:15,35518,1,49.8008928571,0.0869791666667
2012-07-17 18:33:16,35519,1,49.9001488095,0.0992559523809
2012-07-17 18:33:17,35520,1,49.9947172619,0.094568452381
2012-07-17 18:33:18,35521,1,50.071875,0.0771577380952
2012-07-17 18:33:19,35522,1,50.1291666667,0.0572916666667
2012-07-17 18:33:20,35523,1,50.1719494048,0.0427827380952
2012-07-17 18:33:21,35524,1,50.2058779762,0.0339285714286
2012-07-17 18:33:22,35525,1,50.2299107143,0.0240327380952
2012-07-17 18:33:23,35526,1,50.2332589286,0.0033482142857
2012-07-17 18:33:24,35527,1,50.1992559524,-0.0340029761905
2012-07-17 18:33:25,35528,1,50.1046130952,-0.0946428571428
2012-07-17 18:33:26,35529,1,49.9118303571,-0.192782738095
2012-07-17 18:33:27,35530,1,49.5670386905,-0.344791666667
2012-07-17 18:33:28,35531,1,48.9955357143,-0.571502976191
2012-07-17 18:33:29,35532,1,48.1020833333,-0.893452380952
2012-07-17 18:33:30,35533,1,46.7985863095,-1.30349702381
2012-07-17 18:33:31,35534,1,45.0351190476,-1.7634672619
2012-07-17 18:33:32,35535,1,42.8079613095,-2.2271577381
2012-07-17 18:33:33,35536,1,40.1446428571,-2.66331845238
2012-07-17 18:33:34,35537,1,37.054985119,-3.0896577381
2012-07-17 18:33:35,35538,1,33.4833333333,-3.57165178571
2012-07-17 18:33:36,35539,1,29.3396577381,-4.14367559524
2012-07-17 18:33:37,35540,1,24.613578869,-4.72607886905
2012-07-17 18:33:38,35541,1,19.4883928571,-5.1251860119
2012-07-17 18:33:39,35542,1,14.3466517857,-5.14174107143
2012-07-17 18:33:40,35543,1,9.63288690476,-4.71376488095
2012-07-17 18:33:41,35544,1,5.70669642857,-3.92619047619
2012-07-17 18:33:42,35545,1,2.86361607143,-2.84308035714
2012-07-17 18:33:43,35546,1,0.0,-2.86361607143
2012-07-17 18:34:03,35566,20,0.0,0.0
2012-07-17 18:34:04,35567,1,4.31789434524,4.31789434524
2012-07-17 18:34:05,35568,1,8.00885416667,3.69095982143
2012-07-17 18:34:06,35569,1,12.0456845238,4.03683035714
2012-07-17 18:34:07,35570,1,15.5498511905,3.50416666667
2012-07-17 18:34:08,35571,1,18.0996279762,2.54977678571
2012-07-17 18:34:09,35572,1,19.8017113095,1.70208333333
2012-07-17 18:34:10,35573,1,21.1023809524,1.30066964286
2012-07-17 18:34:11,35574,1,22.503125,1.40074404762
2012-07-17 18:34:12,35575,1,24.3366815476,1.83355654762
2012-07-17 18:34:13,35576,1,26.6626488095,2.3259672619
2012-07-17 18:34:14,35577,1,29.3045386905,2.64188988095
2012-07-17 18:34:15,35578,1,31.9958333333,2.69129464286
2012-07-17 18:34:16,35579,1,34.5289434524,2.53311011905
2012-07-17 18:34:17,35580,1,36.8114583333,2.28251488095
2012-07-17 18:34:18,35581,1,38.8348214286,2.02336309524
2012-07-17 18:34:19,35582,1,40.6225446429,1.78772321429
2012-07-17 18:34:20,35583,1,42.1944940476,1.57194940476
2012-07-17 18:34:21,35584,1,43.5569196429,1.36242559524
2012-07-17 18:34:22,35585,1,44.7147321429,1.1578125
2012-07-17 18:34:23,35586,1,45.6851190476,0.970386904762
2012-07-17 18:34:24,35587,1,46.5060267857,0.820907738095
2012-07-17 18:34:25,35588,1,47.2331845238,0.727157738095
2012-07-17 18:34:26,35589,1,47.9101934524,0.677008928572
2012-07-17 18:34:27,35590,1,48.5335565476,0.623363095238
2012-07-17 18:34:28,35591,1,49.0502232143,0.516666666667
2012-07-17 18:34:29,35592,1,49.3916666667,0.341443452381
2012-07-17 18:34:30,35593,1,49.5228422619,0.131175595238
2012-07-17 18:34:31,35594,1,49.4713541667,-0.0514880952381
2012-07-17 18:34:32,35595,1,49.312202381,-0.159151785714
2012-07-17 18:34:33,35596,1,49.1232142857,-0.188988095238
2012-07-17 18:34:34,35597,1,48.9511160714,-0.172098214286
2012-07-17 18:34:35,35598,1,48.8119047619,-0.139211309524
2012-07-17 18:34:36,35599,1,48.7119791667,-0.0999255952381
2012-07-17 18:34:37,35600,1,48.6632440476,-0.0487351190477
2012-07-17 18:34:38,35601,1,48.6828869048,0.0196428571429
2012-07-17 18:34:39,35602,1,48.781547619,0.0986607142857
2012-07-17 18:34:40,35603,1,48.950297619,0.16875
2012-07-17 18:34:41,35604,1,49.1605654762,0.210267857143
2012-07-17 18:34:42,35605,1,49.3792410714,0.218675595238
2012-07-17 18:34:43,35606,1,49.5863095238,0.207068452381
2012-07-17 18:34:44,35607,1,49.7790922619,0.192782738095
2012-07-17 18:34:45,35608,1,49.9607142857,0.18162202381
2012-07-17 18:34:46,35609,1,50.1284970238,0.167782738095
2012-07-17 18:34:47,35610,1,50.2725446429,0.144047619048
2012-07-17 18:34:48,35611,1,50.3814732143,0.108928571429
2012-07-17 18:34:49,35612,1,50.4510416667,0.069568452381
2012-07-17 18:34:50,35613,1,50.4878720238,0.0368303571428
2012-07-17 18:34:51,35614,1,50.503125,0.0152529761905
2012-07-17 18:34:52,35615,1,50.5026041667,-0.000520833333297
2012-07-17 18:34:53,35616,1,50.482514881,-0.0200892857143
2012-07-17 18:34:54,35617,1,50.4355654762,-0.0469494047619
2012-07-17 18:34:55,35618,1,50.361235119,-0.0743303571429
2012-07-17 18:34:56,35619,1,50.2703869048,-0.0908482142857
2012-07-17 18:34:57,35620,1,50.1834821429,-0.0869047619048
2012-07-17 18:34:58,35621,1,50.1202380952,-0.063244047619
2012-07-17 18:34:59,35622,1,50.084077381,-0.0361607142857
2012-07-17 18:35:00,35623,1,50.060639881,-0.0234375
2012-07-17 18:35:01,35624,1,50.0336309524,-0.0270089285715
2012-07-17 18:35:02,35625,1,49.9982142857,-0.0354166666666
2012-07-17 18:35:03,35626,1,49.9621279762,-0.0360863095238
2012-07-17 18:35:04,35627,1,49.9394345238,-0.022693452381
2012-07-17 18:35:05,35628,1,49.9435267857,0.00409226190479
2012-07-17 18:35:06,35629,1,49.9828869048,0.0393601190476
2012-07-17 18:35:07,35630,1,50.0529017857,0.0700148809524
2012-07-17 18:35:08,35631,1,50.1170386905,0.0641369047619
2012-07-17 18:35:09,35632,1,50.0970982143,-0.0199404761905
2012-07-17 18:35:10,35633,1,49.9020089286,-0.195089285714
2012-07-17 18:35:11,35634,1,49.4832589286,-0.41875
2012-07-17 18:35:12,35635,1,48.8673363095,-0.615922619048
2012-07-17 18:35:13,35636,1,48.1295386905,-0.737797619048
2012-07-17 18:35:14,35637,1,47.3207589286,-0.808779761905
2012-07-17 18:35:15,35638,1,46.4114583333,-0.909300595238
2012-07-17 18:35:16,35639,1,45.3144345238,-1.09702380952
2012-07-17 18:35:17,35640,1,43.9648809524,-1.34955357143
2012-07-17 18:35:18,35641,1,42.381547619,-1.58333333333
2012-07-17 18:35:19,35642,1,40.6619047619,-1.71964285714
2012-07-17 18:35:20,35643,1,38.9055059524,-1.75639880952
2012-07-17 18:35:21,35644,1,37.1054315476,-1.80007440476
2012-07-17 18:35:22,35645,1,35.097172619,-2.00825892857
2012-07-17 18:35:23,35646,1,32.6185267857,-2.47864583333
2012-07-17 18:35:24,35647,1,29.4324404762,-3.18608630952
2012-07-17 18:35:25,35648,1,25.440625,-3.99181547619
2012-07-17 18:35:26,35649,1,20.7613839286,-4.67924107143
2012-07-17 18:35:27,35650,1,15.7349702381,-5.02641369048
2012-07-17 18:35:28,35651,1,10.8267857143,-4.90818452381
2012-07-17 18:35:29,35652,1,6.51436011905,-4.31242559524
2012-07-17 18:35:30,35653,1,3.26049107143,-3.25386904762
2012-07-17 18:35:31,35654,1,0.0,-3.26049107143
2012-07-17 18:35:58,35681,27,0.0,0.0
2012-07-17 18:35:59,35682,1,3.06160714286,3.06160714286
2012-07-17 18:36:00,35683,1,5.74806547619,2.68645833333
2012-07-17 18:36:01,35684,1,8.94962797619,3.2015625
2012-07-17 18:36:02,35685,1,12.2465029762,3.296875
2012-07-17 18:36:03,35686,1,15.4293154762,3.1828125
2012-07-17 18:36:04,35687,1,18.4469494048,3.01763392857
2012-07-17 18:36:05,35688,1,21.354389881,2.90744047619
2012-07-17 18:36:06,35689,1,24.2290178571,2.87462797619
2012-07-17 18:36:07,35690,1,27.0748511905,2.84583333333
2012-07-17 18:36:08,35691,1,29.8084821429,2.73363095238
2012-07-17 18:36:09,35692,1,32.33125,2.52276785714
2012-07-17 18:36:10,35693,1,34.6001488095,2.26889880952
2012-07-17 18:36:11,35694,1,36.6396577381,2.03950892857
2012-07-17 18:36:12,35695,1,38.4949404762,1.8552827381
2012-07-17 18:36:13,35696,1,40.1720238095,1.67708333333
2012-07-17 18:36:14,35697,1,41.6260416667,1.45401785714
2012-07-17 18:36:15,35698,1,42.8040922619,1.17805059524
2012-07-17 18:36:16,35699,1,43.6957589286,0.891666666667
2012-07-17 18:36:17,35700,1,44.3542410714,0.658482142857
2012-07-17 18:36:18,35701,1,44.8761160714,0.521875
2012-07-17 18:36:19,35702,1,45.3525297619,0.476413690476
2012-07-17 18:36:20,35703,1,45.830952381,0.478422619048
2012-07-17 18:36:21,35704,1,46.313764881,0.4828125
2012-07-17 18:36:22,35705,1,46.7822916667,0.468526785714
2012-07-17 18:36:23,35706,1,47.2215029762,0.439211309524
2012-07-17 18:36:24,35707,1,47.6286458333,0.407142857143
2012-07-17 18:36:25,35708,1,48.0064732143,0.377827380952
2012-07-17 18:36:26,35709,1,48.3590029762,0.352529761905
2012-07-17 18:36:27,35710,1,48.6982886905,0.339285714286
2012-07-17 18:36:28,35711,1,49.0505952381,0.352306547619
2012-07-17 18:36:29,35712,1,49.451264881,0.400669642857
2012-07-17 18:36:30,35713,1,49.9251488095,0.473883928571
2012-07-17 18:36:31,35714,1,50.4630952381,0.537946428571
2012-07-17 18:36:32,35715,1,51.0200892857,0.556994047619
2012-07-17 18:36:33,35716,1,51.5409970238,0.520907738095
2012-07-17 18:36:34,35717,1,51.9905505952,0.449553571429
2012-07-17 18:36:35,35718,1,52.3667410714,0.376190476191
2012-07-17 18:36:36,35719,1,52.6889136905,0.322172619048
2012-07-17 18:36:37,35720,1,52.9634672619,0.274553571429
2012-07-17 18:36:38,35721,1,53.1541666667,0.190699404762
2012-07-17 18:36:39,35722,1,53.1918154762,0.0376488095238
2012-07-17 18:36:40,35723,1,53.0206845238,-0.171130952381
2012-07-17 18:36:41,35724,1,52.6427827381,-0.377901785714
2012-07-17 18:36:42,35725,1,52.1296875,-0.513095238095
2012-07-17 18:36:43,35726,1,51.5936755952,-0.536011904762
2012-07-17 18:36:44,35727,1,51.1351190476,-0.458556547619
2012-07-17 18:36:45,35728,1,50.8093005952,-0.325818452381
2012-07-17 18:36:46,35729,1,50.6311755952,-0.178125
2012-07-17 18:36:47,35730,1,50.5913690476,-0.0398065476191
2012-07-17 18:36:48,35731,1,50.6641369048,0.0727678571429
2012-07-17 18:36:49,35732,1,50.8116071429,0.147470238095
2012-07-17 18:36:50,35733,1,50.9901785714,0.178571428572
2012-07-17 18:36:51,35734,1,51.1642113095,0.174032738095
2012-07-17 18:36:52,35735,1,51.3225446429,0.158333333333
2012-07-17 18:36:53,35736,1,51.484375,0.161830357143
2012-07-17 18:36:54,35737,1,51.6899553571,0.205580357143
2012-07-17 18:36:55,35738,1,51.9730654762,0.283110119048
2012-07-17 18:36:56,35739,1,52.3239583333,0.350892857143
2012-07-17 18:36:57,35740,1,52.6811755952,0.357217261905
2012-07-17 18:36:58,35741,1,52.9659970238,0.284821428571
2012-07-17 18:36:59,35742,1,53.1229166667,0.156919642857
2012-07-17 18:37:00,35743,1,53.1380208333,0.0151041666666
2012-07-17 18:37:01,35744,1,53.0280505952,-0.109970238095
2012-07-17 18:37:02,35745,1,52.8048363095,-0.223214285714
2012-07-17 18:37:03,35746,1,52.4503720238,-0.354464285714
2012-07-17 18:37:04,35747,1,51.9214285714,-0.528943452381
2012-07-17 18:37:05,35748,1,51.157514881,-0.763913690476
2012-07-17 18:37:06,35749,1,50.0902529762,-1.06726190476
2012-07-17 18:37:07,35750,1,48.6877232143,-1.4025297619
2012-07-17 18:37:08,35751,1,47.0310267857,-1.65669642857
2012-07-17 18:37:09,35752,1,45.3520089286,-1.67901785714
2012-07-17 18:37:10,35753,1,43.9569940476,-1.39501488095
2012-07-17 18:37:11,35754,1,43.0704613095,-0.886532738095
2012-07-17 18:37:12,35755,1,42.723735119,-0.346726190476
2012-07-17 18:37:13,35756,1,42.7651785714,0.041443452381
2012-07-17 18:37:14,35757,1,42.9685267857,0.203348214286
2012-07-17 18:37:15,35758,1,43.151860119,0.183333333333
2012-07-17 18:37:16,35759,1,43.2285714286,0.0767113095238
2012-07-17 18:37:17,35760,1,43.195610119,-0.0329613095238
2012-07-17 18:37:18,35761,1,43.1031994048,-0.0924107142857
2012-07-17 18:37:19,35762,1,43.0193452381,-0.0838541666667
2012-07-17 18:37:20,35763,1,42.9979166667,-0.0214285714285
2012-07-17 18:37:21,35764,1,43.0680803571,0.0701636904762
2012-07-17 18:37:22,35765,1,43.242485119,0.174404761905
2012-07-17 18:37:23,35766,1,43.5113839286,0.268898809524
2012-07-17 18:37:24,35767,1,43.8004464286,0.2890625
2012-07-17 18:37:25,35768,1,43.9428571429,0.142410714286
2012-07-17 18:37:26,35769,1,43.733110119,-0.209747023809
2012-07-17 18:37:27,35770,1,43.0333333333,-0.699776785714
2012-07-17 18:37:28,35771,1,41.8539434524,-1.17938988095
2012-07-17 18:37:29,35772,1,40.3702380952,-1.48370535714
2012-07-17 18:37:30,35773,1,38.8642113095,-1.50602678571
2012-07-17 18:37:31,35774,1,37.6222470238,-1.24196428571
2012-07-17 18:37:32,35775,1,36.8524553571,-0.769791666667
2012-07-17 18:37:33,35776,1,36.6383184524,-0.214136904762
2012-07-17 18:37:34,35777,1,36.9209821429,0.282663690476
2012-07-17 18:37:35,35778,1,37.5341517857,0.613169642857
2012-07-17 18:37:36,35779,1,38.281547619,0.747395833333
2012-07-17 18:37:37,35780,1,39.0005208333,0.718973214286
2012-07-17 18:37:38,35781,1,39.6110119048,0.610491071429
2012-07-17 18:37:39,35782,1,40.1581845238,0.547172619048
2012-07-17 18:37:40,35783,1,40.7703125,0.612127976191
2012-07-17 18:37:41,35784,1,41.5366815476,0.766369047619
2012-07-17 18:37:42,35785,1,42.4447172619,0.908035714286
2012-07-17 18:37:43,35786,1,43.3969494048,0.952232142857
2012-07-17 18:37:44,35787,1,44.2538690476,0.856919642857
2012-07-17 18:37:45,35788,1,44.9191220238,0.665252976191
2012-07-17 18:37:46,35789,1,45.3959077381,0.476785714286
2012-07-17 18:37:47,35790,1,45.7380208333,0.342113095238
2012-07-17 18:37:48,35791,1,45.9941220238,0.256101190476
2012-07-17 18:37:49,35792,1,46.2033482143,0.209226190476
2012-07-17 18:37:50,35793,1,46.385639881,0.182291666667
2012-07-17 18:37:51,35794,1,46.5389136905,0.153273809524
2012-07-17 18:37:52,35795,1,46.6648065476,0.125892857143
2012-07-17 18:37:53,35796,1,46.7705357143,0.105729166667
2012-07-17 18:37:54,35797,1,46.8427827381,0.0722470238095
2012-07-17 18:37:55,35798,1,46.8474702381,0.0046875
2012-07-17 18:37:56,35799,1,46.7537946429,-0.0936755952381
2012-07-17 18:37:57,35800,1,46.5505208333,-0.203273809524
2012-07-17 18:37:58,35801,1,46.2546875,-0.295833333333
2012-07-17 18:37:59,35802,1,45.9087053571,-0.345982142857
2012-07-17 18:38:00,35803,1,45.5524553571,-0.35625
2012-07-17 18:38:01,35804,1,45.1878720238,-0.364583333333
2012-07-17 18:38:02,35805,1,44.7761904762,-0.411681547619
2012-07-17 18:38:03,35806,1,44.2842261905,-0.491964285714
2012-07-17 18:38:04,35807,1,43.7372767857,-0.546949404762
2012-07-17 18:38:05,35808,1,43.2168154762,-0.520461309524
2012-07-17 18:38:06,35809,1,42.8030505952,-0.413764880952
2012-07-17 18:38:07,35810,1,42.525,-0.278050595238
2012-07-17 18:38:08,35811,1,42.3676339286,-0.157366071429
2012-07-17 18:38:09,35812,1,42.3176339286,-0.05
2012-07-17 18:38:10,35813,1,42.384672619,0.0670386904762
2012-07-17 18:38:11,35814,1,42.5671130952,0.182440476191
2012-07-17 18:38:12,35815,1,42.7944196429,0.227306547619
2012-07-17 18:38:13,35816,1,42.905952381,0.111532738095
2012-07-17 18:38:14,35817,1,42.6985863095,-0.207366071429
2012-07-17 18:38:15,35818,1,42.0057291667,-0.692857142857
2012-07-17 18:38:16,35819,1,40.7390625,-1.26666666667
2012-07-17 18:38:17,35820,1,38.8833333333,-1.85572916667
2012-07-17 18:38:18,35821,1,36.482514881,-2.40081845238
2012-07-17 18:38:19,35822,1,33.6267857143,-2.85572916667
2012-07-17 18:38:20,35823,1,30.4206845238,-3.20610119048
2012-07-17 18:38:21,35824,1,26.9232514881,-3.49743303571
2012-07-17 18:38:22,35825,1,23.1016927083,-3.82155877976
2012-07-17 18:38:23,35826,1,18.9153645833,-4.186328125
2012-07-17 18:38:24,35827,1,14.5417596726,-4.37360491071
2012-07-17 18:38:25,35828,1,10.4764136905,-4.06534598214
2012-07-17 18:38:26,35829,1,7.29866071429,-3.17775297619
2012-07-17 18:38:27,35830,1,5.30610119048,-1.99255952381
2012-07-17 18:38:28,35831,1,4.34756324405,-0.958537946429
2012-07-17 18:38:29,35832,1,3.9646577381,-0.382905505952
2012-07-17 18:38:30,35833,1,3.71235119048,-0.252306547619
2012-07-17 18:38:31,35834,1,3.41897321429,-0.29337797619
2012-07-17 18:38:32,35835,1,3.26359747024,-0.155375744048
2012-07-17 18:38:33,35836,1,3.67306547619,0.409468005952
2012-07-17 18:38:34,35837,1,5.05580357143,1.38273809524
2012-07-17 18:38:35,35838,1,7.51227678571,2.45647321429
2012-07-17 18:38:36,35839,1,10.734281994,3.22200520833
2012-07-17 18:38:37,35840,1,14.1757068452,3.44142485119
2012-07-17 18:38:38,35841,1,17.3806733631,3.20496651786
2012-07-17 18:38:39,35842,1,20.1829985119,2.80232514881
2012-07-17 18:38:40,35843,1,22.6215029762,2.43850446429
2012-07-17 18:38:41,35844,1,24.7699404762,2.1484375
2012-07-17 18:38:42,35845,1,26.6869791667,1.91703869048
2012-07-17 18:38:43,35846,1,28.439360119,1.75238095238
2012-07-17 18:38:44,35847,1,30.1039434524,1.66458333333
2012-07-17 18:38:45,35848,1,31.7419642857,1.63802083333
2012-07-17 18:38:46,35849,1,33.3715029762,1.62953869048
2012-07-17 18:38:47,35850,1,34.9615327381,1.5900297619
2012-07-17 18:38:48,35851,1,36.4522321429,1.49069940476
2012-07-17 18:38:49,35852,1,37.7869047619,1.33467261905
2012-07-17 18:38:50,35853,1,38.9401785714,1.15327380952
2012-07-17 18:38:51,35854,1,39.9276041667,0.987425595238
2012-07-17 18:38:52,35855,1,40.7892113095,0.861607142857
2012-07-17 18:38:53,35856,1,41.5651785714,0.775967261905
2012-07-17 18:38:54,35857,1,42.2844494048,0.719270833333
2012-07-17 18:38:55,35858,1,42.9621279762,0.677678571429
2012-07-17 18:38:56,35859,1,43.5990327381,0.636904761905
2012-07-17 18:38:57,35860,1,44.1868303571,0.587797619048
2012-07-17 18:38:58,35861,1,44.718452381,0.531622023809
2012-07-17 18:38:59,35862,1,45.2014136905,0.482961309524
2012-07-17 18:39:00,35863,1,45.6586309524,0.457217261905
2012-07-17 18:39:01,35864,1,46.0982142857,0.439583333333
2012-07-17 18:39:02,35865,1,46.4806547619,0.382440476191
2012-07-17 18:39:03,35866,1,46.7283482143,0.247693452381
2012-07-17 18:39:04,35867,1,46.7710565476,0.0427083333334
2012-07-17 18:39:05,35868,1,46.5909970238,-0.18005952381
2012-07-17 18:39:06,35869,1,46.2342261905,-0.356770833333
2012-07-17 18:39:07,35870,1,45.7766369048,-0.457589285714
2012-07-17 18:39:08,35871,1,45.2819196429,-0.494717261905
2012-07-17 18:39:09,35872,1,44.7907738095,-0.491145833333
2012-07-17 18:39:10,35873,1,44.3295386905,-0.461235119048
2012-07-17 18:39:11,35874,1,43.9156994048,-0.413839285714
2012-07-17 18:39:12,35875,1,43.5578869048,-0.3578125
2012-07-17 18:39:13,35876,1,43.2508928571,-0.306994047619
2012-07-17 18:39:14,35877,1,42.9712053571,-0.2796875
2012-07-17 18:39:15,35878,1,42.6720982143,-0.299107142857
2012-07-17 18:39:16,35879,1,42.2529761905,-0.419122023809
2012-07-17 18:39:17,35880,1,41.5201636905,-0.7328125
2012-07-17 18:39:18,35881,1,40.2183035714,-1.30186011905
2012-07-17 18:39:19,35882,1,38.1344494048,-2.08385416667
2012-07-17 18:39:20,35883,1,35.1870535714,-2.94739583333
2012-07-17 18:39:21,35884,1,31.4799107143,-3.70714285714
2012-07-17 18:39:22,35885,1,27.3504464286,-4.12946428571
2012-07-17 18:39:23,35886,1,23.3756696429,-3.97477678571
2012-07-17 18:39:24,35887,1,20.2729166667,-3.10275297619
2012-07-17 18:39:25,35888,1,18.6800595238,-1.59285714286
2012-07-17 18:39:26,35889,1,18.8888392857,0.208779761905
2012-07-17 18:39:27,35890,1,20.709375,1.82053571429
2012-07-17 18:39:28,35891,1,23.5930059524,2.88363095238
2012-07-17 18:39:29,35892,1,26.9111607143,3.3181547619
2012-07-17 18:39:30,35893,1,30.1763392857,3.26517857143
2012-07-17 18:39:31,35894,1,33.1109375,2.93459821429
2012-07-17 18:39:32,35895,1,35.6015625,2.490625
2012-07-17 18:39:33,35896,1,37.6170386905,2.01547619048
2012-07-17 18:39:34,35897,1,39.1625,1.54546130952
2012-07-17 18:39:35,35898,1,40.2843005952,1.12180059524
2012-07-17 18:39:36,35899,1,41.0755208333,0.791220238095
2012-07-17 18:39:37,35900,1,41.6330357143,0.557514880952
2012-07-17 18:39:38,35901,1,41.9742559524,0.341220238095
2012-07-17 18:39:39,35902,1,41.9851934524,0.0109375
2012-07-17 18:39:40,35903,1,41.4713541667,-0.513839285714
2012-07-17 18:39:41,35904,1,40.2922619048,-1.1790922619
2012-07-17 18:39:42,35905,1,38.4664434524,-1.82581845238
2012-07-17 18:39:43,35906,1,36.1442708333,-2.32217261905
2012-07-17 18:39:44,35907,1,33.4680059524,-2.67626488095
2012-07-17 18:39:45,35908,1,30.4449404762,-3.02306547619
2012-07-17 18:39:46,35909,1,26.9311383929,-3.51380208333
2012-07-17 18:39:47,35910,1,22.7448474702,-4.18629092262
2012-07-17 18:39:48,35911,1,17.9059895833,-4.8388578869
2012-07-17 18:39:49,35912,1,12.8773995536,-5.02859002976
2012-07-17 18:39:50,35913,1,8.50517113095,-4.37222842262
2012-07-17 18:39:51,35914,1,5.580078125,-2.92509300595
2012-07-17 18:39:52,35915,1,4.42287946429,-1.15719866071
2012-07-17 18:39:53,35916,1,4.86294642857,0.440066964286
2012-07-17 18:39:54,35917,1,6.51037946429,1.64743303571
2012-07-17 18:39:55,35918,1,9.0115141369,2.50113467262
2012-07-17 18:39:56,35919,1,12.0959449405,3.08443080357
2012-07-17 18:39:57,35920,1,15.462406994,3.36646205357
2012-07-17 18:39:58,35921,1,18.7595610119,3.29715401786
2012-07-17 18:39:59,35922,1,21.7577566964,2.99819568452
2012-07-17 18:40:00,35923,1,24.4539806548,2.69622395833
2012-07-17 18:40:01,35924,1,26.9348214286,2.48084077381
2012-07-17 18:40:02,35925,1,29.1708333333,2.23601190476
2012-07-17 18:40:03,35926,1,30.9424107143,1.77157738095
2012-07-17 18:40:04,35927,1,31.9182291667,0.975818452381
2012-07-17 18:40:05,35928,1,31.8212797619,-0.0969494047619
2012-07-17 18:40:06,35929,1,30.5752232143,-1.24605654762
2012-07-17 18:40:07,35930,1,28.3414434524,-2.2337797619
2012-07-17 18:40:08,35931,1,25.4734375,-2.86800595238
2012-07-17 18:40:09,35932,1,22.4550595238,-3.01837797619
2012-07-17 18:40:10,35933,1,19.8001488095,-2.65491071429
2012-07-17 18:40:11,35934,1,17.8816964286,-1.91845238095
2012-07-17 18:40:12,35935,1,16.7725446429,-1.10915178571
2012-07-17 18:40:13,35936,1,16.2277529762,-0.544791666667
2012-07-17 18:40:14,35937,1,15.8601190476,-0.367633928572
2012-07-17 18:40:15,35938,1,15.4072172619,-0.452901785714
2012-07-17 18:40:16,35939,1,14.8726934524,-0.534523809524
2012-07-17 18:40:17,35940,1,14.440327381,-0.432366071429
2012-07-17 18:40:18,35941,1,14.2945684524,-0.145758928571
2012-07-17 18:40:19,35942,1,14.5052083333,0.210639880952
2012-07-17 18:40:20,35943,1,15.0074404762,0.502232142857
2012-07-17 18:40:21,35944,1,15.6574404762,0.65
2012-07-17 18:40:22,35945,1,16.3214285714,0.663988095238
2012-07-17 18:40:23,35946,1,16.9239583333,0.602529761905
2012-07-17 18:40:24,35947,1,17.4267113095,0.502752976191
2012-07-17 18:40:25,35948,1,17.7833333333,0.356622023809
2012-07-17 18:40:26,35949,1,17.9087797619,0.125446428572
2012-07-17 18:40:27,35950,1,17.6866815476,-0.222098214286
2012-07-17 18:40:28,35951,1,17.0540922619,-0.632589285714
2012-07-17 18:40:29,35952,1,16.1223214286,-0.931770833333
2012-07-17 18:40:30,35953,1,15.2005952381,-0.921726190476
2012-07-17 18:40:31,35954,1,14.6634672619,-0.53712797619
2012-07-17 18:40:32,35955,1,14.7389880952,0.0755208333333
2012-07-17 18:40:33,35956,1,15.3689732143,0.629985119048
2012-07-17 18:40:34,35957,1,16.2683779762,0.899404761905
2012-07-17 18:40:35,35958,1,17.1396577381,0.871279761905
2012-07-17 18:40:36,35959,1,17.8409970238,0.701339285714
2012-07-17 18:40:37,35960,1,18.3813988095,0.540401785714
2012-07-17 18:40:38,35961,1,18.8110863095,0.4296875
2012-07-17 18:40:39,35962,1,19.145610119,0.334523809524
2012-07-17 18:40:40,35963,1,19.3756696429,0.23005952381
2012-07-17 18:40:41,35964,1,19.5026041667,0.12693452381
2012-07-17 18:40:42,35965,1,19.5164434524,0.0138392857143
2012-07-17 18:40:43,35966,1,19.3295386905,-0.186904761905
2012-07-17 18:40:44,35967,1,18.7683035714,-0.561235119048
2012-07-17 18:40:45,35968,1,17.671577381,-1.09672619048
2012-07-17 18:40:46,35969,1,16.0253720238,-1.64620535714
2012-07-17 18:40:47,35970,1,14.0093377976,-2.01603422619
2012-07-17 18:40:48,35971,1,11.8852120536,-2.12412574405
2012-07-17 18:40:49,35972,1,9.8329985119,-2.05221354167
2012-07-17 18:40:50,35973,1,7.92260044643,-1.91039806548
2012-07-17 18:40:51,35974,1,6.20435267857,-1.71824776786
2012-07-17 18:40:52,35975,1,4.75474330357,-1.449609375
2012-07-17 18:40:53,35976,1,3.66186755952,-1.09287574405
2012-07-17 18:40:54,35977,1,3.009375,-0.652492559524
2012-07-17 18:40:55,35978,1,2.83322172619,-0.17615327381
2012-07-17 18:40:56,35979,1,3.05306919643,0.219847470238
2012-07-17 18:40:57,35980,1,3.41918402778,0.366114831349
2012-07-17 18:40:58,35981,1,3.52524181548,0.106057787698
2012-07-17 18:40:59,35982,1,3.0216889881,-0.503552827381
2012-07-17 18:41:00,35983,1,2.0224516369,-0.99923735119
2012-07-17 18:41:01,35984,1,0.0,-2.0224516369
