timestamp,cycle_sec,timestep,speed_mph,accel_meters_ps
2012-07-19 08:37:57,0,34859,0.0,0.0
2012-07-19 08:37:58,1,1,4.52300347222,4.52300347222
2012-07-19 08:37:59,2,1,8.26039806548,3.73739459325
2012-07-19 08:38:00,3,1,12.5080171131,4.24761904762
2012-07-19 08:38:01,4,1,16.8479166667,4.33989955357
2012-07-19 08:38:02,5,1,21.1537574405,4.30584077381
2012-07-19 08:38:03,6,1,25.269187128,4.1154296875
2012-07-19 08:38:04,7,1,28.8285714286,3.5593843006
2012-07-19 08:38:05,8,1,31.4227678571,2.59419642857
2012-07-19 08:38:06,9,1,32.8904017857,1.46763392857
2012-07-19 08:38:07,10,1,33.4455264137,0.555124627976
2012-07-19 08:38:08,11,1,33.5474516369,0.101925223214
2012-07-19 08:38:09,12,1,33.6035435268,0.0560918898809
2012-07-19 08:38:10,13,1,33.7638578869,0.160314360119
2012-07-19 08:38:11,14,1,33.9735863095,0.209728422619
2012-07-19 08:38:12,15,1,34.1363095238,0.162723214286
2012-07-19 08:38:13,16,1,34.2016369048,0.0653273809524
2012-07-19 08:38:14,17,1,34.1735863095,-0.0280505952381
2012-07-19 08:38:15,18,1,34.0878720238,-0.0857142857143
2012-07-19 08:38:16,19,1,33.9757440476,-0.112127976191
2012-07-19 08:38:17,20,1,33.8430059524,-0.132738095238
2012-07-19 08:38:18,21,1,33.6854166667,-0.157589285714
2012-07-19 08:38:19,22,1,33.514360119,-0.171056547619
2012-07-19 08:38:20,23,1,33.3566964286,-0.157663690476
2012-07-19 08:38:21,24,1,33.2317708333,-0.124925595238
2012-07-19 08:38:22,25,1,33.1340029762,-0.0977678571428
2012-07-19 08:38:23,26,1,33.0410714286,-0.0929315476191
2012-07-19 08:38:24,27,1,32.9412202381,-0.0998511904762
2012-07-19 08:38:25,28,1,32.851860119,-0.0893601190476
2012-07-19 08:38:26,29,1,32.8095982143,-0.0422619047619
2012-07-19 08:38:27,30,1,32.8464285714,0.0368303571429
2012-07-19 08:38:28,31,1,32.9816220238,0.135193452381
2012-07-19 08:38:29,32,1,33.2244791667,0.242857142857
2012-07-19 08:38:30,33,1,33.5691220238,0.344642857143
2012-07-19 08:38:31,34,1,33.9930803571,0.423958333333
2012-07-19 08:38:32,35,1,34.4649553571,0.471875
2012-07-19 08:38:33,36,1,34.9500744048,0.485119047619
2012-07-19 08:38:34,37,1,35.4194196429,0.469345238095
2012-07-19 08:38:35,38,1,35.8536458333,0.434226190476
2012-07-19 08:38:36,39,1,36.229389881,0.375744047619
2012-07-19 08:38:37,40,1,36.5151041667,0.285714285714
2012-07-19 08:38:38,41,1,36.6928571429,0.17775297619
2012-07-19 08:38:39,42,1,36.7772321429,0.084375
2012-07-19 08:38:40,43,1,36.8085565476,0.0313244047619
2012-07-19 08:38:41,44,1,36.8213541667,0.0127976190477
2012-07-19 08:38:42,45,1,36.807514881,-0.0138392857143
2012-07-19 08:38:43,46,1,36.7177083333,-0.0898065476191
2012-07-19 08:38:44,47,1,36.5111607143,-0.206547619048
2012-07-19 08:38:45,48,1,36.1921130952,-0.319047619048
2012-07-19 08:38:46,49,1,35.7863095238,-0.405803571429
2012-07-19 08:38:47,50,1,35.292485119,-0.493824404762
2012-07-19 08:38:48,51,1,34.6761160714,-0.616369047619
2012-07-19 08:38:49,52,1,33.9319196429,-0.744196428571
2012-07-19 08:38:50,53,1,33.1578869048,-0.774032738095
2012-07-19 08:38:51,54,1,32.54375,-0.614136904762
2012-07-19 08:38:52,55,1,32.2600446429,-0.283705357143
2012-07-19 08:38:53,56,1,32.3456845238,0.0856398809524
2012-07-19 08:38:54,57,1,32.6941964286,0.348511904762
2012-07-19 08:38:55,58,1,33.1441964286,0.45
2012-07-19 08:38:56,59,1,33.5880208333,0.443824404762
2012-07-19 08:38:57,60,1,34.0071428571,0.419122023809
2012-07-19 08:38:58,61,1,34.4264136905,0.419270833333
2012-07-19 08:38:59,62,1,34.8508184524,0.424404761905
2012-07-19 08:39:00,63,1,35.2390625,0.388244047619
2012-07-19 08:39:01,64,1,35.517485119,0.278422619048
2012-07-19 08:39:02,65,1,35.5976934524,0.0802083333333
2012-07-19 08:39:03,66,1,35.3703125,-0.227380952381
2012-07-19 08:39:04,67,1,34.7071428571,-0.663169642857
2012-07-19 08:39:05,68,1,33.5234375,-1.18370535714
2012-07-19 08:39:06,69,1,31.8680803571,-1.65535714286
2012-07-19 08:39:07,70,1,29.9297619048,-1.93831845238
2012-07-19 08:39:08,71,1,27.9261160714,-2.00364583333
2012-07-19 08:39:09,72,1,25.9777529762,-1.94836309524
2012-07-19 08:39:10,73,1,24.0572172619,-1.92053571429
2012-07-19 08:39:11,74,1,22.0341517857,-2.02306547619
2012-07-19 08:39:12,75,1,19.7749813988,-2.2591703869
2012-07-19 08:39:13,76,1,17.1924758185,-2.58250558036
2012-07-19 08:39:14,77,1,14.2727120536,-2.91976376488
2012-07-19 08:39:15,78,1,11.1845703125,-3.08814174107
2012-07-19 08:39:16,79,1,8.32194940476,-2.86262090774
2012-07-19 08:39:17,80,1,6.11636904762,-2.20558035714
2012-07-19 08:39:18,81,1,4.78541666667,-1.33095238095
2012-07-19 08:39:19,82,1,4.22601376488,-0.559402901786
2012-07-19 08:39:20,83,1,4.10145089286,-0.124562872024
2012-07-19 08:39:21,84,1,4.06808035714,-0.0333705357143
2012-07-19 08:39:22,85,1,4.00063244048,-0.0674479166667
2012-07-19 08:39:23,86,1,4.10211123512,0.101478794643
2012-07-19 08:39:24,87,1,4.82321428571,0.721103050595
2012-07-19 08:39:25,88,1,6.571875,1.74866071429
2012-07-19 08:39:26,89,1,9.40729166667,2.83541666667
2012-07-19 08:39:27,90,1,12.9636439732,3.55635230655
2012-07-19 08:39:28,91,1,16.6546688988,3.6910249256
2012-07-19 08:39:29,92,1,20.0131045387,3.35843563988
2012-07-19 08:39:30,93,1,22.8732328869,2.86012834821
2012-07-19 08:39:31,94,1,25.2607886905,2.38755580357
2012-07-19 08:39:32,95,1,27.2194940476,1.95870535714
2012-07-19 08:39:33,96,1,28.7857142857,1.5662202381
2012-07-19 08:39:34,97,1,30.0355654762,1.24985119048
2012-07-19 08:39:35,98,1,31.0791666667,1.04360119048
2012-07-19 08:39:36,99,1,32.0098958333,0.930729166667
2012-07-19 08:39:37,100,1,32.8729910714,0.863095238095
2012-07-19 08:39:38,101,1,33.6688988095,0.795907738095
2012-07-19 08:39:39,102,1,34.3705357143,0.701636904762
2012-07-19 08:39:40,103,1,34.9517857143,0.58125
2012-07-19 08:39:41,104,1,35.4159970238,0.464211309524
2012-07-19 08:39:42,105,1,35.796875,0.38087797619
2012-07-19 08:39:43,106,1,36.1408482143,0.343973214286
2012-07-19 08:39:44,107,1,36.4922619048,0.351413690476
2012-07-19 08:39:45,108,1,36.8738839286,0.38162202381
2012-07-19 08:39:46,109,1,37.2711309524,0.39724702381
2012-07-19 08:39:47,110,1,37.6416666667,0.370535714286
2012-07-19 08:39:48,111,1,37.9322916667,0.290625
2012-07-19 08:39:49,112,1,38.0872767857,0.154985119048
2012-07-19 08:39:50,113,1,38.0739583333,-0.013318452381
2012-07-19 08:39:51,114,1,37.9279017857,-0.146056547619
2012-07-19 08:39:52,115,1,37.7644345238,-0.163467261905
2012-07-19 08:39:53,116,1,37.7191220238,-0.0453125
2012-07-19 08:39:54,117,1,37.8617559524,0.142633928572
2012-07-19 08:39:55,118,1,38.1662202381,0.304464285714
2012-07-19 08:39:56,119,1,38.552827381,0.386607142857
2012-07-19 08:39:57,120,1,38.9497767857,0.396949404762
2012-07-19 08:39:58,121,1,39.3348958333,0.385119047619
2012-07-19 08:39:59,122,1,39.7327380952,0.397842261905
2012-07-19 08:40:00,123,1,40.0807291667,0.347991071429
2012-07-19 08:40:01,124,1,39.9679315476,-0.112797619048
2012-07-19 08:40:02,125,1,38.5805059524,-1.38742559524
2012-07-19 08:40:03,126,1,35.1452380952,-3.43526785714
2012-07-19 08:40:04,127,1,29.5927083333,-5.5525297619
2012-07-19 08:40:05,128,1,22.9113095238,-6.68139880952
2012-07-19 08:40:06,129,1,16.8755952381,-6.03571428571
2012-07-19 08:40:07,130,1,13.1764136905,-3.69918154762
2012-07-19 08:40:08,131,1,12.5502232143,-0.626190476191
2012-07-19 08:40:09,132,1,14.596875,2.04665178571
2012-07-19 08:40:10,133,1,18.1988095238,3.60193452381
2012-07-19 08:40:11,134,1,22.0644345238,3.865625
2012-07-19 08:40:12,135,1,25.2199404762,3.15550595238
2012-07-19 08:40:13,136,1,27.3208333333,2.10089285714
2012-07-19 08:40:14,137,1,28.6107886905,1.28995535714
2012-07-19 08:40:15,138,1,29.6241071429,1.01331845238
2012-07-19 08:40:16,139,1,30.855952381,1.2318452381
2012-07-19 08:40:17,140,1,32.5306547619,1.67470238095
2012-07-19 08:40:18,141,1,34.5692708333,2.03861607143
2012-07-19 08:40:19,142,1,36.7527529762,2.18348214286
2012-07-19 08:40:20,143,1,38.8947916667,2.14203869048
2012-07-19 08:40:21,144,1,40.8925595238,1.99776785714
2012-07-19 08:40:22,145,1,42.7119047619,1.8193452381
2012-07-19 08:40:23,146,1,44.3717261905,1.65982142857
2012-07-19 08:40:24,147,1,45.9152529762,1.54352678571
2012-07-19 08:40:25,148,1,47.3758184524,1.46056547619
2012-07-19 08:40:26,149,1,48.767485119,1.39166666667
2012-07-19 08:40:27,150,1,50.0944940476,1.32700892857
2012-07-19 08:40:28,151,1,51.3618303571,1.26733630952
2012-07-19 08:40:29,152,1,52.5808779762,1.21904761905
2012-07-19 08:40:30,153,1,53.7648065476,1.18392857143
2012-07-19 08:40:31,154,1,54.9196428571,1.15483630952
2012-07-19 08:40:32,155,1,56.0376488095,1.11800595238
2012-07-19 08:40:33,156,1,57.0891369048,1.05148809524
2012-07-19 08:40:34,157,1,58.0177083333,0.928571428571
2012-07-19 08:40:35,158,1,58.7435267857,0.725818452381
2012-07-19 08:40:36,159,1,59.1786458333,0.435119047619
2012-07-19 08:40:37,160,1,59.2663690476,0.0877232142857
2012-07-19 08:40:38,161,1,59.0255952381,-0.240773809524
2012-07-19 08:40:39,162,1,58.5568452381,-0.46875
2012-07-19 08:40:40,163,1,57.9970238095,-0.559821428571
2012-07-19 08:40:41,164,1,57.4467261905,-0.550297619048
2012-07-19 08:40:42,165,1,56.9191964286,-0.527529761905
2012-07-19 08:40:43,166,1,56.3515625,-0.567633928571
2012-07-19 08:40:44,167,1,55.6623511905,-0.689211309524
2012-07-19 08:40:45,168,1,54.8072172619,-0.855133928571
2012-07-19 08:40:46,169,1,53.8072172619,-1.0
2012-07-19 08:40:47,170,1,52.7510416667,-1.05617559524
2012-07-19 08:40:48,171,1,51.7746279762,-0.976413690476
2012-07-19 08:40:49,172,1,51.0129464286,-0.761681547619
2012-07-19 08:40:50,173,1,50.5294642857,-0.483482142857
2012-07-19 08:40:51,174,1,50.2608630952,-0.268601190476
2012-07-19 08:40:52,175,1,50.0334821429,-0.227380952381
2012-07-19 08:40:53,176,1,49.6692708333,-0.364211309524
2012-07-19 08:40:54,177,1,49.1148065476,-0.554464285714
2012-07-19 08:40:55,178,1,48.4898809524,-0.624925595238
2012-07-19 08:40:56,179,1,48.0148809524,-0.475
2012-07-19 08:40:57,180,1,47.8742559524,-0.140625
2012-07-19 08:40:58,181,1,48.1174107143,0.243154761905
2012-07-19 08:40:59,182,1,48.662797619,0.545386904762
2012-07-19 08:41:00,183,1,49.3782738095,0.715476190476
2012-07-19 08:41:01,184,1,50.1445684524,0.766294642857
2012-07-19 08:41:02,185,1,50.8610863095,0.716517857143
2012-07-19 08:41:03,186,1,51.4381696429,0.577083333333
2012-07-19 08:41:04,187,1,51.810639881,0.372470238095
2012-07-19 08:41:05,188,1,51.9670386905,0.156398809524
2012-07-19 08:41:06,189,1,51.9704613095,0.0034226190476
2012-07-19 08:41:07,190,1,51.9347470238,-0.0357142857143
2012-07-19 08:41:08,191,1,51.959375,0.0246279761905
2012-07-19 08:41:09,192,1,52.0779017857,0.118526785714
2012-07-19 08:41:10,193,1,52.2514136905,0.173511904762
2012-07-19 08:41:11,194,1,52.3969494048,0.145535714286
2012-07-19 08:41:12,195,1,52.4375,0.0405505952381
2012-07-19 08:41:13,196,1,52.346875,-0.090625
2012-07-19 08:41:14,197,1,52.1277529762,-0.219122023809
2012-07-19 08:41:15,198,1,51.6964285714,-0.431324404762
2012-07-19 08:41:16,199,1,50.8157738095,-0.880654761905
2012-07-19 08:41:17,200,1,49.273139881,-1.54263392857
2012-07-19 08:41:18,201,1,47.1822916667,-2.09084821429
2012-07-19 08:41:19,202,1,45.0370535714,-2.14523809524
2012-07-19 08:41:20,203,1,43.4150297619,-1.62202380952
2012-07-19 08:41:21,204,1,42.5926339286,-0.822395833333
2012-07-19 08:41:22,205,1,42.3967261905,-0.195907738095
2012-07-19 08:41:23,206,1,42.4380952381,0.041369047619
2012-07-19 08:41:24,207,1,42.4793154762,0.0412202380953
2012-07-19 08:41:25,208,1,42.5375744048,0.0582589285714
2012-07-19 08:41:26,209,1,42.7192708333,0.181696428571
2012-07-19 08:41:27,210,1,43.0642857143,0.345014880952
2012-07-19 08:41:28,211,1,43.5069196429,0.442633928571
2012-07-19 08:41:29,212,1,43.9103422619,0.403422619048
2012-07-19 08:41:30,213,1,44.1443452381,0.23400297619
2012-07-19 08:41:31,214,1,44.1676339286,0.0232886904762
2012-07-19 08:41:32,215,1,44.0572172619,-0.110416666667
2012-07-19 08:41:33,216,1,43.9598958333,-0.0973214285715
2012-07-19 08:41:34,217,1,44.0026041667,0.0427083333334
2012-07-19 08:41:35,218,1,44.231547619,0.228943452381
2012-07-19 08:41:36,219,1,44.6203869048,0.388839285714
2012-07-19 08:41:37,220,1,45.1226190476,0.502232142857
2012-07-19 08:41:38,221,1,45.70625,0.583630952381
2012-07-19 08:41:39,222,1,46.3430059524,0.636755952381
2012-07-19 08:41:40,223,1,46.9878720238,0.644866071429
2012-07-19 08:41:41,224,1,47.5900297619,0.602157738095
2012-07-19 08:41:42,225,1,48.1217261905,0.531696428571
2012-07-19 08:41:43,226,1,48.5870535714,0.465327380952
2012-07-19 08:41:44,227,1,49.0063988095,0.419345238095
2012-07-19 08:41:45,228,1,49.3951636905,0.388764880952
2012-07-19 08:41:46,229,1,49.7491071429,0.353943452381
2012-07-19 08:41:47,230,1,50.046577381,0.297470238095
2012-07-19 08:41:48,231,1,50.2645833333,0.218005952381
2012-07-19 08:41:49,232,1,50.3870535714,0.122470238095
2012-07-19 08:41:50,233,1,50.3982142857,0.0111607142857
2012-07-19 08:41:51,234,1,50.2776785714,-0.120535714286
2012-07-19 08:41:52,235,1,50.0101934524,-0.267485119048
2012-07-19 08:41:53,236,1,49.608110119,-0.402083333333
2012-07-19 08:41:54,237,1,49.1337053571,-0.474404761905
2012-07-19 08:41:55,238,1,48.6970982143,-0.436607142857
2012-07-19 08:41:56,239,1,48.4133184524,-0.283779761905
2012-07-19 08:41:57,240,1,48.3428571429,-0.0704613095238
2012-07-19 08:41:58,241,1,48.4649553571,0.122098214286
2012-07-19 08:41:59,242,1,48.7019345238,0.236979166667
2012-07-19 08:42:00,243,1,48.9710565476,0.26912202381
2012-07-19 08:42:01,244,1,49.230952381,0.259895833333
2012-07-19 08:42:02,245,1,49.4890625,0.258110119048
2012-07-19 08:42:03,246,1,49.7537202381,0.264657738095
2012-07-19 08:42:04,247,1,49.9772321429,0.223511904762
2012-07-19 08:42:05,248,1,50.0592261905,0.0819940476191
2012-07-19 08:42:06,249,1,49.909672619,-0.149553571429
2012-07-19 08:42:07,250,1,49.5130952381,-0.396577380952
2012-07-19 08:42:08,251,1,48.9287202381,-0.584375
2012-07-19 08:42:09,252,1,48.1910714286,-0.737648809524
2012-07-19 08:42:10,253,1,47.2102678571,-0.980803571428
2012-07-19 08:42:11,254,1,45.8542410714,-1.35602678571
2012-07-19 08:42:12,255,1,44.1727678571,-1.68147321429
2012-07-19 08:42:13,256,1,42.4915922619,-1.68117559524
2012-07-19 08:42:14,257,1,41.2529761905,-1.23861607143
2012-07-19 08:42:15,258,1,40.7496279762,-0.503348214286
2012-07-19 08:42:16,259,1,40.973139881,0.223511904762
2012-07-19 08:42:17,260,1,41.6939732143,0.720833333333
2012-07-19 08:42:18,261,1,42.6629464286,0.968973214286
2012-07-19 08:42:19,262,1,43.7151041667,1.0521577381
2012-07-19 08:42:20,263,1,44.7441964286,1.0290922619
2012-07-19 08:42:21,264,1,45.6747767857,0.930580357143
2012-07-19 08:42:22,265,1,46.4763392857,0.8015625
2012-07-19 08:42:23,266,1,47.165922619,0.689583333333
2012-07-19 08:42:24,267,1,47.7688988095,0.602976190476
2012-07-19 08:42:25,268,1,48.2799107143,0.511011904762
2012-07-19 08:42:26,269,1,48.6786458333,0.398735119048
2012-07-19 08:42:27,270,1,48.9783482143,0.299702380952
2012-07-19 08:42:28,271,1,49.24375,0.265401785714
2012-07-19 08:42:29,272,1,49.5618303571,0.318080357143
2012-07-19 08:42:30,273,1,49.9904761905,0.428645833333
2012-07-19 08:42:31,274,1,50.5252232143,0.53474702381
2012-07-19 08:42:32,275,1,51.1148809524,0.589657738095
2012-07-19 08:42:33,276,1,51.7068452381,0.591964285714
2012-07-19 08:42:34,277,1,52.2753720238,0.568526785714
2012-07-19 08:42:35,278,1,52.8156994048,0.540327380952
2012-07-19 08:42:36,279,1,53.3232886905,0.507589285714
2012-07-19 08:42:37,280,1,53.7845238095,0.461235119048
2012-07-19 08:42:38,281,1,54.1851190476,0.400595238095
2012-07-19 08:42:39,282,1,54.5215029762,0.336383928572
2012-07-19 08:42:40,283,1,54.8014880952,0.279985119048
2012-07-19 08:42:41,284,1,55.0363095238,0.234821428571
2012-07-19 08:42:42,285,1,55.2368303571,0.200520833333
2012-07-19 08:42:43,286,1,55.4171130952,0.180282738095
2012-07-19 08:42:44,287,1,55.5920386905,0.174925595238
2012-07-19 08:42:45,288,1,55.7649553571,0.172916666667
2012-07-19 08:42:46,289,1,55.9220238095,0.157068452381
2012-07-19 08:42:47,290,1,56.0436011905,0.121577380952
2012-07-19 08:42:48,291,1,56.1214285714,0.0778273809524
2012-07-19 08:42:49,292,1,56.1648065476,0.0433779761905
2012-07-19 08:42:50,293,1,56.1919642857,0.0271577380952
2012-07-19 08:42:51,294,1,56.2165178571,0.0245535714285
2012-07-19 08:42:52,295,1,56.2388392857,0.0223214285715
2012-07-19 08:42:53,296,1,56.2473214286,0.0084821428571
2012-07-19 08:42:54,297,1,56.2296875,-0.0176339285714
2012-07-19 08:42:55,298,1,56.1770089286,-0.0526785714286
2012-07-19 08:42:56,299,1,56.0608630952,-0.116145833333
2012-07-19 08:42:57,300,1,55.8048363095,-0.256026785714
2012-07-19 08:42:58,301,1,55.3405505952,-0.464285714286
2012-07-19 08:42:59,302,1,54.8061383929,-0.534412202381
2012-07-19 08:43:00,303,1,54.5787946429,-0.22734375
2012-07-19 08:43:01,304,1,54.7585565476,0.179761904762
2012-07-19 08:43:02,305,1,54.6907738095,-0.0677827380952
2012-07-19 08:43:03,306,1,53.4518229167,-1.23895089286
2012-07-19 08:43:04,307,1,50.8310267857,-2.62079613095
2012-07-19 08:43:05,308,1,47.6836681548,-3.14735863095
2012-07-19 08:43:06,309,1,45.3808779762,-2.30279017857
2012-07-19 08:43:07,310,1,44.7801339286,-0.600744047619
2012-07-19 08:43:08,311,1,45.6439732143,0.863839285714
2012-07-19 08:43:09,312,1,47.1591889881,1.51521577381
2012-07-19 08:43:10,313,1,48.7740327381,1.61484375
2012-07-19 08:43:11,314,1,50.3525297619,1.57849702381
2012-07-19 08:43:12,315,1,51.887202381,1.53467261905
2012-07-19 08:43:13,316,1,53.3453869048,1.45818452381
2012-07-19 08:43:14,317,1,54.675,1.32961309524
2012-07-19 08:43:15,318,1,55.8253720238,1.15037202381
2012-07-19 08:43:16,319,1,56.7616071429,0.936235119048
2012-07-19 08:43:17,320,1,57.478422619,0.71681547619
2012-07-19 08:43:18,321,1,57.9960565476,0.517633928571
2012-07-19 08:43:19,322,1,58.3446428571,0.348586309524
2012-07-19 08:43:20,323,1,58.5594494048,0.214806547619
2012-07-19 08:43:21,324,1,58.6771577381,0.117708333333
2012-07-19 08:43:22,325,1,58.7247767857,0.0476190476191
2012-07-19 08:43:23,326,1,58.7175595238,-0.0072172619048
2012-07-19 08:43:24,327,1,58.6660714286,-0.0514880952381
2012-07-19 08:43:25,328,1,58.5761160714,-0.0899553571428
2012-07-19 08:43:26,329,1,58.434077381,-0.142038690476
2012-07-19 08:43:27,330,1,58.1902529762,-0.243824404762
2012-07-19 08:43:28,331,1,57.7697916667,-0.420461309524
2012-07-19 08:43:29,332,1,57.1162946429,-0.65349702381
2012-07-19 08:43:30,333,1,56.2328869048,-0.883407738095
2012-07-19 08:43:31,334,1,55.1888392857,-1.04404761905
2012-07-19 08:43:32,335,1,54.0926339286,-1.09620535714
2012-07-19 08:43:33,336,1,53.0591517857,-1.03348214286
2012-07-19 08:43:34,337,1,52.1883928571,-0.870758928571
2012-07-19 08:43:35,338,1,51.5417410714,-0.646651785714
2012-07-19 08:43:36,339,1,51.1173363095,-0.424404761905
2012-07-19 08:43:37,340,1,50.8568452381,-0.260491071429
2012-07-19 08:43:38,341,1,50.6876488095,-0.169196428571
2012-07-19 08:43:39,342,1,50.5616815476,-0.125967261905
2012-07-19 08:43:40,343,1,50.4615327381,-0.100148809524
2012-07-19 08:43:41,344,1,50.3795386905,-0.081994047619
2012-07-19 08:43:42,345,1,50.295014881,-0.0845238095238
2012-07-19 08:43:43,346,1,50.1894345238,-0.105580357143
2012-07-19 08:43:44,347,1,50.0886160714,-0.100818452381
2012-07-19 08:43:45,348,1,50.0344494048,-0.0541666666667
2012-07-19 08:43:46,349,1,49.9973214286,-0.0371279761905
2012-07-19 08:43:47,350,1,49.8662202381,-0.131101190476
2012-07-19 08:43:48,351,1,49.5157738095,-0.350446428571
2012-07-19 08:43:49,352,1,48.874702381,-0.641071428571
2012-07-19 08:43:50,353,1,47.9756696429,-0.899032738095
2012-07-19 08:43:51,354,1,46.9252232143,-1.05044642857
2012-07-19 08:43:52,355,1,45.8120535714,-1.11316964286
2012-07-19 08:43:53,356,1,44.6791666667,-1.13288690476
2012-07-19 08:43:54,357,1,43.5578125,-1.12135416667
2012-07-19 08:43:55,358,1,42.494047619,-1.06376488095
2012-07-19 08:43:56,359,1,41.5672619048,-0.926785714286
2012-07-19 08:43:57,360,1,40.8871279762,-0.680133928571
2012-07-19 08:43:58,361,1,40.5463541667,-0.340773809524
2012-07-19 08:43:59,362,1,40.5627232143,0.016369047619
2012-07-19 08:44:00,363,1,40.8658482143,0.303125
2012-07-19 08:44:01,364,1,41.3376488095,0.471800595238
2012-07-19 08:44:02,365,1,41.8537946429,0.516145833333
2012-07-19 08:44:03,366,1,42.2851190476,0.431324404762
2012-07-19 08:44:04,367,1,42.4929315476,0.2078125
2012-07-19 08:44:05,368,1,42.3767113095,-0.116220238095
2012-07-19 08:44:06,369,1,41.9680803571,-0.408630952381
2012-07-19 08:44:07,370,1,41.4889136905,-0.479166666667
2012-07-19 08:44:08,371,1,41.2878720238,-0.201041666667
2012-07-19 08:44:09,372,1,41.6639880952,0.376116071429
2012-07-19 08:44:10,373,1,42.7076636905,1.04367559524
2012-07-19 08:44:11,374,1,44.2817708333,1.57410714286
2012-07-19 08:44:12,375,1,46.124702381,1.84293154762
2012-07-19 08:44:13,376,1,47.985639881,1.8609375
2012-07-19 08:44:14,377,1,49.7330357143,1.74739583333
2012-07-19 08:44:15,378,1,51.3740327381,1.64099702381
2012-07-19 08:44:16,379,1,52.9551339286,1.58110119048
2012-07-19 08:44:17,380,1,54.4520089286,1.496875
2012-07-19 08:44:18,381,1,55.7716517857,1.31964285714
2012-07-19 08:44:19,382,1,56.8365327381,1.06488095238
2012-07-19 08:44:20,383,1,57.6548363095,0.818303571429
2012-07-19 08:44:21,384,1,58.315625,0.660788690476
2012-07-19 08:44:22,385,1,58.903125,0.5875
2012-07-19 08:44:23,386,1,59.429985119,0.526860119048
2012-07-19 08:44:24,387,1,59.871875,0.441889880952
2012-07-19 08:44:25,388,1,60.2258184524,0.353943452381
2012-07-19 08:44:26,389,1,60.5066220238,0.280803571429
2012-07-19 08:44:27,390,1,60.7176339286,0.211011904762
2012-07-19 08:44:28,391,1,60.8525297619,0.134895833333
2012-07-19 08:44:29,392,1,60.9219494048,0.0694196428571
2012-07-19 08:44:30,393,1,60.9660714286,0.0441220238095
2012-07-19 08:44:31,394,1,61.0384672619,0.0723958333334
2012-07-19 08:44:32,395,1,61.1772321429,0.138764880952
2012-07-19 08:44:33,396,1,61.3800595238,0.202827380952
2012-07-19 08:44:34,397,1,61.6061011905,0.226041666667
2012-07-19 08:44:35,398,1,61.811235119,0.205133928571
2012-07-19 08:44:36,399,1,61.9696428571,0.158407738095
2012-07-19 08:44:37,400,1,62.0586309524,0.088988095238
2012-07-19 08:44:38,401,1,62.043452381,-0.0151785714285
2012-07-19 08:44:39,402,1,61.8763392857,-0.167113095238
2012-07-19 08:44:40,403,1,61.5159970238,-0.360342261905
2012-07-19 08:44:41,404,1,60.9748511905,-0.541145833333
2012-07-19 08:44:42,405,1,60.3391369048,-0.635714285714
2012-07-19 08:44:43,406,1,59.7279017857,-0.611235119048
2012-07-19 08:44:44,407,1,59.2412946429,-0.486607142857
2012-07-19 08:44:45,408,1,58.9347470238,-0.306547619048
2012-07-19 08:44:46,409,1,58.8162946429,-0.118452380952
2012-07-19 08:44:47,410,1,58.8618303571,0.0455357142858
2012-07-19 08:44:48,411,1,59.0380208333,0.17619047619
2012-07-19 08:44:49,412,1,59.3238095238,0.285788690476
2012-07-19 08:44:50,413,1,59.7189732143,0.395163690476
2012-07-19 08:44:51,414,1,60.2335565476,0.514583333333
2012-07-19 08:44:52,415,1,60.8739583333,0.640401785714
2012-07-19 08:44:53,416,1,61.6329613095,0.759002976191
2012-07-19 08:44:54,417,1,62.4819940476,0.849032738095
2012-07-19 08:44:55,418,1,63.3775297619,0.895535714286
2012-07-19 08:44:56,419,1,64.275297619,0.897767857143
2012-07-19 08:44:57,420,1,65.1328125,0.857514880952
2012-07-19 08:44:58,421,1,65.9085565476,0.775744047619
2012-07-19 08:44:59,422,1,66.5688988095,0.660342261905
2012-07-19 08:45:00,423,1,67.0943452381,0.525446428571
2012-07-19 08:45:01,424,1,67.4813988095,0.387053571429
2012-07-19 08:45:02,425,1,67.7446428571,0.263244047619
2012-07-19 08:45:03,426,1,67.9166666667,0.172023809524
2012-07-19 08:45:04,427,1,68.0392113095,0.122544642857
2012-07-19 08:45:05,428,1,68.1505952381,0.111383928571
2012-07-19 08:45:06,429,1,68.2808035714,0.130208333333
2012-07-19 08:45:07,430,1,68.4533482143,0.172544642857
2012-07-19 08:45:08,431,1,68.6854910714,0.232142857143
2012-07-19 08:45:09,432,1,68.9782738095,0.292782738095
2012-07-19 08:45:10,433,1,69.2973958333,0.319122023809
2012-07-19 08:45:11,434,1,69.5720982143,0.274702380952
2012-07-19 08:45:12,435,1,69.7317708333,0.159672619048
2012-07-19 08:45:13,436,1,69.7508184524,0.0190476190477
2012-07-19 08:45:14,437,1,69.6610863095,-0.0897321428572
2012-07-19 08:45:15,438,1,69.5292410714,-0.131845238095
2012-07-19 08:45:16,439,1,69.4243303571,-0.104910714286
2012-07-19 08:45:17,440,1,69.4027529762,-0.0215773809524
2012-07-19 08:45:18,441,1,69.5023065476,0.0995535714285
2012-07-19 08:45:19,442,1,69.7093005952,0.206994047619
2012-07-19 08:45:20,443,1,69.9347470238,0.225446428571
2012-07-19 08:45:21,444,1,70.0642857143,0.129538690476
2012-07-19 08:45:22,445,1,70.0364583333,-0.0278273809524
2012-07-19 08:45:23,446,1,69.8788690476,-0.157589285714
2012-07-19 08:45:24,447,1,69.6867559524,-0.192113095238
2012-07-19 08:45:25,448,1,69.5455357143,-0.141220238095
2012-07-19 08:45:26,449,1,69.4720238095,-0.0735119047619
2012-07-19 08:45:27,450,1,69.4424107143,-0.0296130952381
2012-07-19 08:45:28,451,1,69.4394345238,-0.0029761904762
2012-07-19 08:45:29,452,1,69.4616815476,0.0222470238095
2012-07-19 08:45:30,453,1,69.5207589286,0.0590773809524
2012-07-19 08:45:31,454,1,69.6310267857,0.110267857143
2012-07-19 08:45:32,455,1,69.7920386905,0.161011904762
2012-07-19 08:45:33,456,1,69.9808779762,0.188839285714
2012-07-19 08:45:34,457,1,70.1537202381,0.172842261905
2012-07-19 08:45:35,458,1,70.2605654762,0.106845238095
2012-07-19 08:45:36,459,1,70.2733630952,0.0127976190476
2012-07-19 08:45:37,460,1,70.1973958333,-0.0759672619048
2012-07-19 08:45:38,461,1,70.056547619,-0.140848214286
2012-07-19 08:45:39,462,1,69.8802083333,-0.176339285714
2012-07-19 08:45:40,463,1,69.7008184524,-0.179389880952
2012-07-19 08:45:41,464,1,69.5513392857,-0.149479166667
2012-07-19 08:45:42,465,1,69.4597470238,-0.0915922619048
2012-07-19 08:45:43,466,1,69.4395833333,-0.0201636904762
2012-07-19 08:45:44,467,1,69.4845238095,0.0449404761905
2012-07-19 08:45:45,468,1,69.5810267857,0.0965029761905
2012-07-19 08:45:46,469,1,69.7284970238,0.147470238095
2012-07-19 08:45:47,470,1,69.9383928571,0.209895833333
2012-07-19 08:45:48,471,1,70.2107142857,0.272321428572
2012-07-19 08:45:49,472,1,70.5206845238,0.309970238095
2012-07-19 08:45:50,473,1,70.8328125,0.31212797619
2012-07-19 08:45:51,474,1,71.1249255952,0.292113095238
2012-07-19 08:45:52,475,1,71.4032738095,0.278348214286
2012-07-19 08:45:53,476,1,71.698735119,0.295461309524
2012-07-19 08:45:54,477,1,72.0398809524,0.341145833333
2012-07-19 08:45:55,478,1,72.4136904762,0.373809523809
2012-07-19 08:45:56,479,1,72.755952381,0.342261904762
2012-07-19 08:45:57,480,1,73.0064732143,0.250520833333
2012-07-19 08:45:58,481,1,73.1692708333,0.162797619048
2012-07-19 08:45:59,482,1,73.3002232143,0.130952380952
2012-07-19 08:46:00,483,1,73.4442708333,0.144047619048
2012-07-19 08:46:01,484,1,73.5733630952,0.129092261905
2012-07-19 08:46:02,485,1,73.5851934524,0.0118303571428
2012-07-19 08:46:03,486,1,73.3977678571,-0.187425595238
2012-07-19 08:46:04,487,1,73.0339285714,-0.363839285714
2012-07-19 08:46:05,488,1,72.5991071429,-0.434821428572
2012-07-19 08:46:06,489,1,72.2057291667,-0.39337797619
2012-07-19 08:46:07,490,1,71.9000744048,-0.305654761905
2012-07-19 08:46:08,491,1,71.6030505952,-0.297023809524
2012-07-19 08:46:09,492,1,71.1098214286,-0.493229166667
2012-07-19 08:46:10,493,1,70.1928571429,-0.916964285714
2012-07-19 08:46:11,494,1,68.7587053571,-1.43415178571
2012-07-19 08:46:12,495,1,66.9166666667,-1.84203869048
2012-07-19 08:46:13,496,1,64.8905505952,-2.02611607143
2012-07-19 08:46:14,497,1,62.871577381,-2.01897321429
2012-07-19 08:46:15,498,1,60.9508184524,-1.92075892857
2012-07-19 08:46:16,499,1,59.1753720238,-1.77544642857
2012-07-19 08:46:17,500,1,57.6433035714,-1.53206845238
2012-07-19 08:46:18,501,1,56.4948660714,-1.1484375
2012-07-19 08:46:19,502,1,55.7840029762,-0.710863095238
2012-07-19 08:46:20,503,1,55.3876488095,-0.396354166667
2012-07-19 08:46:21,504,1,55.0645833333,-0.323065476191
2012-07-19 08:46:22,505,1,54.5932291667,-0.471354166667
2012-07-19 08:46:23,506,1,53.8728422619,-0.720386904762
2012-07-19 08:46:24,507,1,52.9467261905,-0.926116071429
2012-07-19 08:46:25,508,1,51.9523809524,-0.994345238095
2012-07-19 08:46:26,509,1,51.0419642857,-0.910416666667
2012-07-19 08:46:27,510,1,50.3384672619,-0.703497023809
2012-07-19 08:46:28,511,1,49.9341517857,-0.404315476191
2012-07-19 08:46:29,512,1,49.8864583333,-0.047693452381
2012-07-19 08:46:30,513,1,50.1935267857,0.307068452381
2012-07-19 08:46:31,514,1,50.7700892857,0.5765625
2012-07-19 08:46:32,515,1,51.4610863095,0.69099702381
2012-07-19 08:46:33,516,1,52.1081845238,0.647098214286
2012-07-19 08:46:34,517,1,52.6316220238,0.5234375
2012-07-19 08:46:35,518,1,53.0651041667,0.433482142857
2012-07-19 08:46:36,519,1,53.4985119048,0.433407738095
2012-07-19 08:46:37,520,1,53.9832589286,0.48474702381
2012-07-19 08:46:38,521,1,54.522172619,0.538913690476
2012-07-19 08:46:39,522,1,55.1085565476,0.586383928571
2012-07-19 08:46:40,523,1,55.705952381,0.597395833333
2012-07-19 08:46:41,524,1,56.223139881,0.5171875
2012-07-19 08:46:42,525,1,56.5433035714,0.320163690476
2012-07-19 08:46:43,526,1,56.5870535714,0.04375
2012-07-19 08:46:44,527,1,56.3948660714,-0.1921875
2012-07-19 08:46:45,528,1,56.1247767857,-0.270089285714
2012-07-19 08:46:46,529,1,55.9169642857,-0.2078125
2012-07-19 08:46:47,530,1,55.7951636905,-0.121800595238
2012-07-19 08:46:48,531,1,55.700297619,-0.0948660714286
2012-07-19 08:46:49,532,1,55.5665178571,-0.133779761905
2012-07-19 08:46:50,533,1,55.3718005952,-0.194717261905
2012-07-19 08:46:51,534,1,55.1445684524,-0.227232142857
2012-07-19 08:46:52,535,1,54.9290922619,-0.215476190476
2012-07-19 08:46:53,536,1,54.7539434524,-0.175148809524
2012-07-19 08:46:54,537,1,54.6293154762,-0.124627976191
2012-07-19 08:46:55,538,1,54.553125,-0.0761904761905
2012-07-19 08:46:56,539,1,54.5116071429,-0.0415178571429
2012-07-19 08:46:57,540,1,54.4829613095,-0.0286458333333
2012-07-19 08:46:58,541,1,54.4478422619,-0.035119047619
2012-07-19 08:46:59,542,1,54.3970238095,-0.050818452381
2012-07-19 08:47:00,543,1,54.3320684524,-0.0649553571428
2012-07-19 08:47:01,544,1,54.2640625,-0.068005952381
2012-07-19 08:47:02,545,1,54.2107886905,-0.0532738095238
2012-07-19 08:47:03,546,1,54.1946428571,-0.0161458333333
2012-07-19 08:47:04,547,1,54.2451636905,0.0505208333333
2012-07-19 08:47:05,548,1,54.3951636905,0.15
2012-07-19 08:47:06,549,1,54.6661458333,0.270982142857
2012-07-19 08:47:07,550,1,55.0587797619,0.392633928571
2012-07-19 08:47:08,551,1,55.552827381,0.494047619048
2012-07-19 08:47:09,552,1,56.1104910714,0.557663690476
2012-07-19 08:47:10,553,1,56.6852678571,0.574776785714
2012-07-19 08:47:11,554,1,57.2328125,0.547544642857
2012-07-19 08:47:12,555,1,57.7175595238,0.484747023809
2012-07-19 08:47:13,556,1,58.1191964286,0.401636904762
2012-07-19 08:47:14,557,1,58.4372767857,0.318080357143
2012-07-19 08:47:15,558,1,58.6861607143,0.248883928571
2012-07-19 08:47:16,559,1,58.8875,0.201339285714
2012-07-19 08:47:17,560,1,59.065327381,0.177827380952
2012-07-19 08:47:18,561,1,59.2306547619,0.165327380952
2012-07-19 08:47:19,562,1,59.3644345238,0.133779761905
2012-07-19 08:47:20,563,1,59.4304315476,0.0659970238095
2012-07-19 08:47:21,564,1,59.4087053571,-0.0217261904761
2012-07-19 08:47:22,565,1,59.3094494048,-0.099255952381
2012-07-19 08:47:23,566,1,59.1607886905,-0.148660714286
2012-07-19 08:47:24,567,1,58.9912946429,-0.169494047619
2012-07-19 08:47:25,568,1,58.8248511905,-0.166443452381
2012-07-19 08:47:26,569,1,58.696577381,-0.128273809524
2012-07-19 08:47:27,570,1,58.6664434524,-0.0301339285715
2012-07-19 08:47:28,571,1,58.7974702381,0.131026785714
2012-07-19 08:47:29,572,1,59.1202380952,0.322767857143
2012-07-19 08:47:30,573,1,59.6270089286,0.506770833333
2012-07-19 08:47:31,574,1,60.2889880952,0.661979166667
2012-07-19 08:47:32,575,1,61.0716517857,0.782663690476
2012-07-19 08:47:33,576,1,61.9436011905,0.871949404762
2012-07-19 08:47:34,577,1,62.8720982143,0.928497023809
2012-07-19 08:47:35,578,1,63.8100446429,0.937946428571
2012-07-19 08:47:36,579,1,64.7005208333,0.890476190476
2012-07-19 08:47:37,580,1,65.4943452381,0.793824404762
2012-07-19 08:47:38,581,1,66.1624255952,0.668080357143
2012-07-19 08:47:39,582,1,66.7088541667,0.546428571429
2012-07-19 08:47:40,583,1,67.1693452381,0.460491071429
2012-07-19 08:47:41,584,1,67.5833333333,0.413988095238
2012-07-19 08:47:42,585,1,67.9742559524,0.390922619048
2012-07-19 08:47:43,586,1,68.348735119,0.374479166667
2012-07-19 08:47:44,587,1,68.7017113095,0.352976190476
2012-07-19 08:47:45,588,1,69.0321428571,0.330431547619
2012-07-19 08:47:46,589,1,69.3519345238,0.319791666667
2012-07-19 08:47:47,590,1,69.6739583333,0.322023809524
2012-07-19 08:47:48,591,1,70.0002232143,0.326264880952
2012-07-19 08:47:49,592,1,70.3180803571,0.317857142857
2012-07-19 08:47:50,593,1,70.604985119,0.286904761905
2012-07-19 08:47:51,594,1,70.8438244048,0.238839285714
2012-07-19 08:47:52,595,1,71.0306547619,0.186830357143
2012-07-19 08:47:53,596,1,71.1694196429,0.138764880952
2012-07-19 08:47:54,597,1,71.2605654762,0.0911458333334
2012-07-19 08:47:55,598,1,71.285639881,0.0250744047619
2012-07-19 08:47:56,599,1,71.2126488095,-0.0729910714286
2012-07-19 08:47:57,600,1,71.0301339286,-0.182514880952
2012-07-19 08:47:58,601,1,70.7697916667,-0.260342261905
2012-07-19 08:47:59,602,1,70.4963541667,-0.2734375
2012-07-19 08:48:00,603,1,70.2788690476,-0.217485119048
2012-07-19 08:48:01,604,1,70.159077381,-0.119791666667
2012-07-19 08:48:02,605,1,70.1371279762,-0.0219494047619
2012-07-19 08:48:03,606,1,70.1845238095,0.0473958333333
2012-07-19 08:48:04,607,1,70.2683035714,0.0837797619048
2012-07-19 08:48:05,608,1,70.3711309524,0.102827380952
2012-07-19 08:48:06,609,1,70.4976934524,0.1265625
2012-07-19 08:48:07,610,1,70.6570684524,0.159375
2012-07-19 08:48:08,611,1,70.8367559524,0.1796875
2012-07-19 08:48:09,612,1,71.000297619,0.163541666667
2012-07-19 08:48:10,613,1,71.1069196429,0.106622023809
2012-07-19 08:48:11,614,1,71.1244791667,0.0175595238096
2012-07-19 08:48:12,615,1,71.0270833333,-0.0973958333334
2012-07-19 08:48:13,616,1,70.7977678571,-0.22931547619
2012-07-19 08:48:14,617,1,70.446875,-0.350892857143
2012-07-19 08:48:15,618,1,70.0241071429,-0.422767857143
2012-07-19 08:48:16,619,1,69.603422619,-0.420684523809
2012-07-19 08:48:17,620,1,69.2473214286,-0.356101190476
2012-07-19 08:48:18,621,1,68.9720238095,-0.275297619048
2012-07-19 08:48:19,622,1,68.7372767857,-0.23474702381
2012-07-19 08:48:20,623,1,68.4659970238,-0.271279761905
2012-07-19 08:48:21,624,1,68.0771577381,-0.388839285714
2012-07-19 08:48:22,625,1,67.5238839286,-0.553273809524
2012-07-19 08:48:23,626,1,66.8290178571,-0.694866071428
2012-07-19 08:48:24,627,1,66.0874255952,-0.741592261905
2012-07-19 08:48:25,628,1,65.4199404762,-0.667485119048
2012-07-19 08:48:26,629,1,64.9151041667,-0.504836309524
2012-07-19 08:48:27,630,1,64.6021577381,-0.312946428571
2012-07-19 08:48:28,631,1,64.4554315476,-0.146726190476
2012-07-19 08:48:29,632,1,64.4125744048,-0.0428571428571
2012-07-19 08:48:30,633,1,64.4038690476,-0.0087053571429
2012-07-19 08:48:31,634,1,64.382514881,-0.0213541666666
2012-07-19 08:48:32,635,1,64.3347470238,-0.0477678571429
2012-07-19 08:48:33,636,1,64.2665922619,-0.0681547619047
2012-07-19 08:48:34,637,1,64.184077381,-0.0825148809524
2012-07-19 08:48:35,638,1,64.0863839286,-0.097693452381
2012-07-19 08:48:36,639,1,63.9749255952,-0.111458333333
2012-07-19 08:48:37,640,1,63.861235119,-0.11369047619
2012-07-19 08:48:38,641,1,63.7607886905,-0.100446428571
2012-07-19 08:48:39,642,1,63.6782738095,-0.0825148809524
2012-07-19 08:48:40,643,1,63.5993303571,-0.0789434523809
2012-07-19 08:48:41,644,1,63.4965029762,-0.102827380952
2012-07-19 08:48:42,645,1,63.3408482143,-0.155654761905
2012-07-19 08:48:43,646,1,63.112797619,-0.228050595238
2012-07-19 08:48:44,647,1,62.8197916667,-0.293005952381
2012-07-19 08:48:45,648,1,62.5155505952,-0.304241071429
2012-07-19 08:48:46,649,1,62.2926339286,-0.222916666667
2012-07-19 08:48:47,650,1,62.2404761905,-0.0521577380952
2012-07-19 08:48:48,651,1,62.4046875,0.164211309524
2012-07-19 08:48:49,652,1,62.776264881,0.371577380952
2012-07-19 08:48:50,653,1,63.2961309524,0.519866071429
2012-07-19 08:48:51,654,1,63.861235119,0.565104166667
2012-07-19 08:48:52,655,1,64.3555059524,0.494270833333
2012-07-19 08:48:53,656,1,64.7047619048,0.349255952381
2012-07-19 08:48:54,657,1,64.8962797619,0.191517857143
2012-07-19 08:48:55,658,1,64.9486607143,0.0523809523809
2012-07-19 08:48:56,659,1,64.8833333333,-0.0653273809524
2012-07-19 08:48:57,660,1,64.7130952381,-0.170238095238
2012-07-19 08:48:58,661,1,64.4462053571,-0.266889880952
2012-07-19 08:48:59,662,1,64.1098958333,-0.33630952381
2012-07-19 08:49:00,663,1,63.7534970238,-0.356398809524
2012-07-19 08:49:01,664,1,63.4215029762,-0.331994047619
2012-07-19 08:49:02,665,1,63.1477678571,-0.273735119048
2012-07-19 08:49:03,666,1,62.9710565476,-0.176711309524
2012-07-19 08:49:04,667,1,62.9314732143,-0.0395833333333
2012-07-19 08:49:05,668,1,63.054389881,0.122916666667
2012-07-19 08:49:06,669,1,63.3458333333,0.291443452381
2012-07-19 08:49:07,670,1,63.7936011905,0.447767857143
2012-07-19 08:49:08,671,1,64.3651785714,0.571577380952
2012-07-19 08:49:09,672,1,65.0097470238,0.644568452381
2012-07-19 08:49:10,673,1,65.6688244048,0.659077380952
2012-07-19 08:49:11,674,1,66.2913690476,0.622544642857
2012-07-19 08:49:12,675,1,66.8476190476,0.55625
2012-07-19 08:49:13,676,1,67.3306547619,0.483035714286
2012-07-19 08:49:14,677,1,67.7407738095,0.410119047619
2012-07-19 08:49:15,678,1,68.0719494048,0.331175595238
2012-07-19 08:49:16,679,1,68.3063988095,0.234449404762
2012-07-19 08:49:17,680,1,68.3764136905,0.0700148809524
2012-07-19 08:49:18,681,1,68.1145089286,-0.261904761905
2012-07-19 08:49:19,682,1,67.3233630952,-0.791145833333
2012-07-19 08:49:20,683,1,65.9688244048,-1.35453869048
2012-07-19 08:49:21,684,1,64.2985119048,-1.6703125
2012-07-19 08:49:22,685,1,62.7651041667,-1.5334077381
2012-07-19 08:49:23,686,1,61.7956845238,-0.969419642857
2012-07-19 08:49:24,687,1,61.5514880952,-0.244196428571
2012-07-19 08:49:25,688,1,61.8865327381,0.335044642857
2012-07-19 08:49:26,689,1,62.5214285714,0.634895833333
2012-07-19 08:49:27,690,1,63.2162946429,0.694866071428
2012-07-19 08:49:28,691,1,63.8287946429,0.6125
2012-07-19 08:49:29,692,1,64.3023065476,0.473511904762
2012-07-19 08:49:30,693,1,64.6286458333,0.326339285714
2012-07-19 08:49:31,694,1,64.8154761905,0.186830357143
2012-07-19 08:49:32,695,1,64.8680803571,0.0526041666666
2012-07-19 08:49:33,696,1,64.7442708333,-0.123809523809
2012-07-19 08:49:34,697,1,64.2664434524,-0.477827380952
2012-07-19 08:49:35,698,1,63.1261904762,-1.14025297619
2012-07-19 08:49:36,699,1,61.1093005952,-2.01688988095
2012-07-19 08:49:37,700,1,58.3411458333,-2.7681547619
2012-07-19 08:49:38,701,1,55.2462797619,-3.09486607143
2012-07-19 08:49:39,702,1,52.2720238095,-2.97425595238
2012-07-19 08:49:40,703,1,49.6744047619,-2.59761904762
2012-07-19 08:49:41,704,1,47.5458333333,-2.12857142857
2012-07-19 08:49:42,705,1,45.9923363095,-1.55349702381
2012-07-19 08:49:43,706,1,45.1922619048,-0.800074404762
2012-07-19 08:49:44,707,1,45.2357142857,0.0434523809524
2012-07-19 08:49:45,708,1,45.9683035714,0.732589285714
2012-07-19 08:49:46,709,1,47.0610863095,1.0927827381
2012-07-19 08:49:47,710,1,48.2230654762,1.16197916667
2012-07-19 08:49:48,711,1,49.3204613095,1.09739583333
2012-07-19 08:49:49,712,1,50.3428571429,1.02239583333
2012-07-19 08:49:50,713,1,51.3305059524,0.987648809524
2012-07-19 08:49:51,714,1,52.3207589286,0.99025297619
2012-07-19 08:49:52,715,1,53.3029017857,0.982142857143
2012-07-19 08:49:53,716,1,54.206547619,0.903645833333
2012-07-19 08:49:54,717,1,54.9441964286,0.737648809524
2012-07-19 08:49:55,718,1,55.48125,0.537053571429
2012-07-19 08:49:56,719,1,55.8884672619,0.407217261905
2012-07-19 08:49:57,720,1,56.3228422619,0.434375
2012-07-19 08:49:58,721,1,56.9290922619,0.60625
2012-07-19 08:49:59,722,1,57.7458333333,0.816741071429
2012-07-19 08:50:00,723,1,58.6777529762,0.931919642857
2012-07-19 08:50:01,724,1,59.5311011905,0.853348214286
2012-07-19 08:50:02,725,1,60.134672619,0.603571428571
2012-07-19 08:50:03,726,1,60.4688988095,0.334226190476
2012-07-19 08:50:04,727,1,60.6203125,0.151413690476
2012-07-19 08:50:05,728,1,60.6259672619,0.0056547619048
2012-07-19 08:50:06,729,1,60.4285714286,-0.197395833333
2012-07-19 08:50:07,730,1,59.9396577381,-0.488913690476
2012-07-19 08:50:08,731,1,59.1368303571,-0.802827380952
2012-07-19 08:50:09,732,1,58.1482886905,-0.988541666667
2012-07-19 08:50:10,733,1,57.198735119,-0.949553571429
2012-07-19 08:50:11,734,1,56.4695684524,-0.729166666667
2012-07-19 08:50:12,735,1,56.055952381,-0.413616071428
2012-07-19 08:50:13,736,1,55.9603422619,-0.0956101190476
2012-07-19 08:50:14,737,1,56.048139881,0.0877976190476
2012-07-19 08:50:15,738,1,56.1053571429,0.0572172619047
2012-07-19 08:50:16,739,1,56.0002232143,-0.105133928571
2012-07-19 08:50:17,740,1,55.7475446429,-0.252678571429
2012-07-19 08:50:18,741,1,55.4389136905,-0.308630952381
2012-07-19 08:50:19,742,1,55.1716517857,-0.267261904762
2012-07-19 08:50:20,743,1,55.0230654762,-0.148586309524
2012-07-19 08:50:21,744,1,55.0464285714,0.0233630952381
2012-07-19 08:50:22,745,1,55.2761160714,0.2296875
2012-07-19 08:50:23,746,1,55.7261160714,0.45
2012-07-19 08:50:24,747,1,56.4025297619,0.676413690476
2012-07-19 08:50:25,748,1,57.3397321429,0.937202380952
2012-07-19 08:50:26,749,1,58.5890625,1.24933035714
2012-07-19 08:50:27,750,1,60.1261904762,1.53712797619
2012-07-19 08:50:28,751,1,61.7705357143,1.6443452381
2012-07-19 08:50:29,752,1,63.224702381,1.45416666667
2012-07-19 08:50:30,753,1,64.2150297619,0.990327380952
2012-07-19 08:50:31,754,1,64.6130952381,0.39806547619
2012-07-19 08:50:32,755,1,64.4639136905,-0.149181547619
2012-07-19 08:50:33,756,1,63.9446428571,-0.519270833333
2012-07-19 08:50:34,757,1,63.2967261905,-0.647916666667
2012-07-19 08:50:35,758,1,62.7479910714,-0.548735119048
2012-07-19 08:50:36,759,1,62.4482886905,-0.299702380952
2012-07-19 08:50:37,760,1,62.4463541667,-0.0019345238095
2012-07-19 08:50:38,761,1,62.7014880952,0.255133928571
2012-07-19 08:50:39,762,1,63.119047619,0.41755952381
2012-07-19 08:50:40,763,1,63.6105654762,0.491517857143
2012-07-19 08:50:41,764,1,64.1430803571,0.532514880952
2012-07-19 08:50:42,765,1,64.7233630952,0.580282738095
2012-07-19 08:50:43,766,1,65.3258928571,0.602529761905
2012-07-19 08:50:44,767,1,65.8695684524,0.543675595238
2012-07-19 08:50:45,768,1,66.3100446429,0.440476190476
2012-07-19 08:50:46,769,1,66.7181547619,0.408110119048
2012-07-19 08:50:47,770,1,67.2168154762,0.498660714286
2012-07-19 08:50:48,771,1,67.8685267857,0.651711309524
2012-07-19 08:50:49,772,1,68.6239583333,0.755431547619
2012-07-19 08:50:50,773,1,69.3517113095,0.72775297619
2012-07-19 08:50:51,774,1,69.9475446429,0.595833333333
2012-07-19 08:50:52,775,1,70.4125,0.464955357143
2012-07-19 08:50:53,776,1,70.7993303571,0.386830357143
2012-07-19 08:50:54,777,1,71.1267857143,0.327455357143
2012-07-19 08:50:55,778,1,71.3680803571,0.241294642857
2012-07-19 08:50:56,779,1,71.4848214286,0.116741071429
2012-07-19 08:50:57,780,1,71.4635416667,-0.0212797619047
2012-07-19 08:50:58,781,1,71.3374255952,-0.126116071429
2012-07-19 08:50:59,782,1,71.1757440476,-0.161681547619
2012-07-19 08:51:00,783,1,71.0441220238,-0.131622023809
2012-07-19 08:51:01,784,1,70.9659970238,-0.078125
2012-07-19 08:51:02,785,1,70.9197172619,-0.0462797619047
2012-07-19 08:51:03,786,1,70.8685267857,-0.0511904761905
2012-07-19 08:51:04,787,1,70.7790922619,-0.0894345238095
2012-07-19 08:51:05,788,1,70.6131696429,-0.165922619048
2012-07-19 08:51:06,789,1,70.3296130952,-0.283556547619
2012-07-19 08:51:07,790,1,69.9051339286,-0.424479166667
2012-07-19 08:51:08,791,1,69.3343005952,-0.570833333333
2012-07-19 08:51:09,792,1,68.6113839286,-0.722916666667
2012-07-19 08:51:10,793,1,67.7439732143,-0.867410714286
2012-07-19 08:51:11,794,1,66.7933035714,-0.950669642857
2012-07-19 08:51:12,795,1,65.8819940476,-0.911309523809
2012-07-19 08:51:13,796,1,65.1476190476,-0.734375
2012-07-19 08:51:14,797,1,64.6692708333,-0.478348214286
2012-07-19 08:51:15,798,1,64.4232142857,-0.246056547619
2012-07-19 08:51:16,799,1,64.3220238095,-0.10119047619
2012-07-19 08:51:17,800,1,64.2984375,-0.0235863095238
2012-07-19 08:51:18,801,1,64.3329613095,0.0345238095238
2012-07-19 08:51:19,802,1,64.4151785714,0.0822172619048
2012-07-19 08:51:20,803,1,64.5141369048,0.0989583333333
2012-07-19 08:51:21,804,1,64.5921875,0.0780505952381
2012-07-19 08:51:22,805,1,64.6320684524,0.0398809523809
2012-07-19 08:51:23,806,1,64.6462053571,0.014136904762
2012-07-19 08:51:24,807,1,64.6677827381,0.0215773809523
2012-07-19 08:51:25,808,1,64.7326636905,0.064880952381
2012-07-19 08:51:26,809,1,64.8614583333,0.128794642857
2012-07-19 08:51:27,810,1,65.0582589286,0.196800595238
2012-07-19 08:51:28,811,1,65.3266369048,0.26837797619
2012-07-19 08:51:29,812,1,65.6791666667,0.352529761905
2012-07-19 08:51:30,813,1,66.1294642857,0.450297619048
2012-07-19 08:51:31,814,1,66.6805059524,0.551041666667
2012-07-19 08:51:32,815,1,67.3192708333,0.638764880952
2012-07-19 08:51:33,816,1,68.0148065476,0.695535714286
2012-07-19 08:51:34,817,1,68.719047619,0.704241071429
2012-07-19 08:51:35,818,1,69.3771577381,0.658110119048
2012-07-19 08:51:36,819,1,69.9517113095,0.574553571429
2012-07-19 08:51:37,820,1,70.4407738095,0.4890625
2012-07-19 08:51:38,821,1,70.8581845238,0.417410714286
2012-07-19 08:51:39,822,1,71.1931547619,0.334970238095
2012-07-19 08:51:40,823,1,71.3999255952,0.206770833333
2012-07-19 08:51:41,824,1,71.4290178571,0.0290922619048
2012-07-19 08:51:42,825,1,71.2755952381,-0.153422619048
2012-07-19 08:51:43,826,1,71.003125,-0.272470238095
2012-07-19 08:51:44,827,1,70.7094494048,-0.293675595238
2012-07-19 08:51:45,828,1,70.4686011905,-0.240848214286
2012-07-19 08:51:46,829,1,70.3039434524,-0.164657738095
2012-07-19 08:51:47,830,1,70.1967261905,-0.107217261905
2012-07-19 08:51:48,831,1,70.1099702381,-0.086755952381
2012-07-19 08:51:49,832,1,70.0133928571,-0.0965773809524
2012-07-19 08:51:50,833,1,69.8983630952,-0.115029761905
2012-07-19 08:51:51,834,1,69.7779761905,-0.120386904762
2012-07-19 08:51:52,835,1,69.6755952381,-0.102380952381
2012-07-19 08:51:53,836,1,69.6116071429,-0.0639880952381
2012-07-19 08:51:54,837,1,69.5912946429,-0.0203125
2012-07-19 08:51:55,838,1,69.5959077381,0.00461309523811
2012-07-19 08:51:56,839,1,69.5907738095,-0.00513392857141
2012-07-19 08:51:57,840,1,69.551264881,-0.0395089285714
2012-07-19 08:51:58,841,1,69.4849702381,-0.0662946428572
2012-07-19 08:51:59,842,1,69.430952381,-0.0540178571428
2012-07-19 08:52:00,843,1,69.4354166667,0.00446428571429
2012-07-19 08:52:01,844,1,69.5255952381,0.0901785714285
2012-07-19 08:52:02,845,1,69.7052083333,0.179613095238
2012-07-19 08:52:03,846,1,69.9638392857,0.258630952381
2012-07-19 08:52:04,847,1,70.2818452381,0.318005952381
2012-07-19 08:52:05,848,1,70.6408482143,0.35900297619
2012-07-19 08:52:06,849,1,71.0412202381,0.40037202381
2012-07-19 08:52:07,850,1,71.4901041667,0.448883928571
2012-07-19 08:52:08,851,1,71.9674107143,0.477306547619
2012-07-19 08:52:09,852,1,72.424702381,0.457291666667
2012-07-19 08:52:10,853,1,72.8113839286,0.386681547619
2012-07-19 08:52:11,854,1,73.0979910714,0.286607142857
2012-07-19 08:52:12,855,1,73.2958333333,0.197842261905
2012-07-19 08:52:13,856,1,73.4447172619,0.148883928571
2012-07-19 08:52:14,857,1,73.5708333333,0.126116071428
2012-07-19 08:52:15,858,1,73.6744791667,0.103645833333
2012-07-19 08:52:16,859,1,73.7409970238,0.0665178571428
2012-07-19 08:52:17,860,1,73.7385416667,-0.00245535714279
2012-07-19 08:52:18,861,1,73.627827381,-0.110714285714
2012-07-19 08:52:19,862,1,73.3915178571,-0.236309523809
2012-07-19 08:52:20,863,1,73.0484375,-0.343080357143
2012-07-19 08:52:21,864,1,72.6432291667,-0.405208333333
2012-07-19 08:52:22,865,1,72.2236607143,-0.419568452381
2012-07-19 08:52:23,866,1,71.8167410714,-0.406919642857
2012-07-19 08:52:24,867,1,71.4201636905,-0.396577380952
2012-07-19 08:52:25,868,1,71.0179315476,-0.402232142857
2012-07-19 08:52:26,869,1,70.6066964286,-0.411235119048
2012-07-19 08:52:27,870,1,70.2082589286,-0.3984375
2012-07-19 08:52:28,871,1,69.8572916667,-0.350967261905
2012-07-19 08:52:29,872,1,69.5787202381,-0.278571428571
2012-07-19 08:52:30,873,1,69.362202381,-0.216517857143
2012-07-19 08:52:31,874,1,69.1343005952,-0.227901785714
2012-07-19 08:52:32,875,1,68.7814732143,-0.352827380952
2012-07-19 08:52:33,876,1,68.2394345238,-0.542038690476
2012-07-19 08:52:34,877,1,67.5353422619,-0.704092261905
2012-07-19 08:52:35,878,1,66.7438988095,-0.791443452381
2012-07-19 08:52:36,879,1,65.9446428571,-0.799255952381
2012-07-19 08:52:37,880,1,65.1928571429,-0.751785714286
2012-07-19 08:52:38,881,1,64.5104166667,-0.682440476191
2012-07-19 08:52:39,882,1,63.9299107143,-0.580505952381
2012-07-19 08:52:40,883,1,63.512202381,-0.417708333333
2012-07-19 08:52:41,884,1,63.3045386905,-0.207663690476
2012-07-19 08:52:42,885,1,63.3269345238,0.0223958333333
2012-07-19 08:52:43,886,1,63.581547619,0.254613095238
2012-07-19 08:52:44,887,1,64.0327380952,0.451190476191
2012-07-19 08:52:45,888,1,64.5941964286,0.561458333333
2012-07-19 08:52:46,889,1,65.1538690476,0.559672619048
2012-07-19 08:52:47,890,1,65.6087053571,0.454836309524
2012-07-19 08:52:48,891,1,65.8892113095,0.280505952381
2012-07-19 08:52:49,892,1,65.9773809524,0.0881696428572
2012-07-19 08:52:50,893,1,65.9113839286,-0.0659970238096
2012-07-19 08:52:51,894,1,65.7671875,-0.144196428571
2012-07-19 08:52:52,895,1,65.6267113095,-0.140476190476
2012-07-19 08:52:53,896,1,65.5474702381,-0.0792410714286
2012-07-19 08:52:54,897,1,65.5479910714,0.000520833333397
2012-07-19 08:52:55,898,1,65.6213541667,0.0733630952381
2012-07-19 08:52:56,899,1,65.7623511905,0.140997023809
2012-07-19 08:52:57,900,1,65.978422619,0.216071428571
2012-07-19 08:52:58,901,1,66.2805059524,0.302083333333
2012-07-19 08:52:59,902,1,66.6701636905,0.389657738095
2012-07-19 08:53:00,903,1,67.1313988095,0.461235119048
2012-07-19 08:53:01,904,1,67.6285714286,0.497172619048
2012-07-19 08:53:02,905,1,68.107514881,0.478943452381
2012-07-19 08:53:03,906,1,68.4933035714,0.385788690476
2012-07-19 08:53:04,907,1,68.6970238095,0.203720238095
2012-07-19 08:53:05,908,1,68.6514136905,-0.0456101190476
2012-07-19 08:53:06,909,1,68.3567708333,-0.294642857143
2012-07-19 08:53:07,910,1,67.8974702381,-0.459300595238
2012-07-19 08:53:08,911,1,67.4132440476,-0.484226190476
2012-07-19 08:53:09,912,1,67.0357886905,-0.377455357143
2012-07-19 08:53:10,913,1,66.8319196429,-0.203869047619
2012-07-19 08:53:11,914,1,66.8001488095,-0.0317708333333
2012-07-19 08:53:12,915,1,66.9107886905,0.110639880952
2012-07-19 08:53:13,916,1,67.1394345238,0.228645833333
2012-07-19 08:53:14,917,1,67.4703869048,0.330952380952
2012-07-19 08:53:15,918,1,67.8810267857,0.410639880952
2012-07-19 08:53:16,919,1,68.327827381,0.446800595238
2012-07-19 08:53:17,920,1,68.7473214286,0.419494047619
2012-07-19 08:53:18,921,1,69.0685267857,0.321205357143
2012-07-19 08:53:19,922,1,69.2272321429,0.158705357143
2012-07-19 08:53:20,923,1,69.178422619,-0.0488095238095
2012-07-19 08:53:21,924,1,68.9036458333,-0.274776785714
2012-07-19 08:53:22,925,1,68.4110119048,-0.492633928571
2012-07-19 08:53:23,926,1,67.7351190476,-0.675892857143
2012-07-19 08:53:24,927,1,66.9476190476,-0.7875
2012-07-19 08:53:25,928,1,66.1705357143,-0.777083333333
2012-07-19 08:53:26,929,1,65.5630208333,-0.607514880952
2012-07-19 08:53:27,930,1,65.2694940476,-0.293526785714
2012-07-19 08:53:28,931,1,65.3581845238,0.0886904761905
2012-07-19 08:53:29,932,1,65.7918154762,0.433630952381
2012-07-19 08:53:30,933,1,66.4515625,0.65974702381
2012-07-19 08:53:31,934,1,67.1979166667,0.746354166667
2012-07-19 08:53:32,935,1,67.9239583333,0.726041666667
2012-07-19 08:53:33,936,1,68.5726934524,0.648735119048
2012-07-19 08:53:34,937,1,69.125,0.552306547619
2012-07-19 08:53:35,938,1,69.5726190476,0.447619047619
2012-07-19 08:53:36,939,1,69.8917410714,0.319122023809
2012-07-19 08:53:37,940,1,70.0433779762,0.151636904762
2012-07-19 08:53:38,941,1,70.0053571429,-0.0380208333333
2012-07-19 08:53:39,942,1,69.8015625,-0.203794642857
2012-07-19 08:53:40,943,1,69.5,-0.3015625
2012-07-19 08:53:41,944,1,69.1805803571,-0.319419642857
2012-07-19 08:53:42,945,1,68.8928571429,-0.287723214286
2012-07-19 08:53:43,946,1,68.6383928571,-0.254464285714
2012-07-19 08:53:44,947,1,68.3909970238,-0.247395833333
2012-07-19 08:53:45,948,1,68.1291666667,-0.261830357143
2012-07-19 08:53:46,949,1,67.857514881,-0.271651785714
2012-07-19 08:53:47,950,1,67.6113839286,-0.246130952381
2012-07-19 08:53:48,951,1,67.437202381,-0.174181547619
2012-07-19 08:53:49,952,1,67.3458333333,-0.0913690476191
2012-07-19 08:53:50,953,1,67.2706845238,-0.0751488095238
2012-07-19 08:53:51,954,1,67.0912202381,-0.179464285714
2012-07-19 08:53:52,955,1,66.730952381,-0.360267857143
2012-07-19 08:53:53,956,1,66.2439732143,-0.486979166667
2012-07-19 08:53:54,957,1,65.7989583333,-0.445014880952
2012-07-19 08:53:55,958,1,65.5671130952,-0.231845238095
2012-07-19 08:53:56,959,1,65.6133184524,0.0462053571429
2012-07-19 08:53:57,960,1,65.883110119,0.269791666667
2012-07-19 08:53:58,961,1,66.2728422619,0.389732142857
2012-07-19 08:53:59,962,1,66.6994791667,0.426636904762
2012-07-19 08:54:00,963,1,67.1258184524,0.426339285714
2012-07-19 08:54:01,964,1,67.5482142857,0.422395833333
2012-07-19 08:54:02,965,1,67.9646577381,0.416443452381
2012-07-19 08:54:03,966,1,68.3490327381,0.384375
2012-07-19 08:54:04,967,1,68.6529761905,0.303943452381
2012-07-19 08:54:05,968,1,68.8337797619,0.180803571429
2012-07-19 08:54:06,969,1,68.8848214286,0.0510416666666
2012-07-19 08:54:07,970,1,68.8380952381,-0.0467261904762
2012-07-19 08:54:08,971,1,68.7388392857,-0.0992559523809
2012-07-19 08:54:09,972,1,68.6266369048,-0.112202380952
2012-07-19 08:54:10,973,1,68.540327381,-0.0863095238095
2012-07-19 08:54:11,974,1,68.516889881,-0.0234375
2012-07-19 08:54:12,975,1,68.5625,0.0456101190476
2012-07-19 08:54:13,976,1,68.6630952381,0.100595238095
2012-07-19 08:54:14,977,1,68.8438244048,0.180729166667
2012-07-19 08:54:15,978,1,69.1253720238,0.281547619048
2012-07-19 08:54:16,979,1,69.4161458333,0.290773809524
2012-07-19 08:54:17,980,1,69.5514136905,0.135267857143
2012-07-19 08:54:18,981,1,69.4122767857,-0.139136904762
2012-07-19 08:54:19,982,1,68.9938244048,-0.418452380952
2012-07-19 08:54:20,983,1,68.4313988095,-0.562425595238
2012-07-19 08:54:21,984,1,67.9090029762,-0.522395833333
2012-07-19 08:54:22,985,1,67.5193452381,-0.389657738095
2012-07-19 08:54:23,986,1,67.2776785714,-0.241666666667
2012-07-19 08:54:24,987,1,67.1962053571,-0.0814732142857
2012-07-19 08:54:25,988,1,67.2744791667,0.0782738095238
2012-07-19 08:54:26,989,1,67.4850446429,0.21056547619
2012-07-19 08:54:27,990,1,67.7975446429,0.3125
2012-07-19 08:54:28,991,1,68.1910714286,0.393526785714
2012-07-19 08:54:29,992,1,68.6482142857,0.457142857143
2012-07-19 08:54:30,993,1,69.1514136905,0.503199404762
2012-07-19 08:54:31,994,1,69.6833333333,0.531919642857
2012-07-19 08:54:32,995,1,70.2204613095,0.537127976191
2012-07-19 08:54:33,996,1,70.7200892857,0.49962797619
2012-07-19 08:54:34,997,1,71.1123511905,0.392261904762
2012-07-19 08:54:35,998,1,71.3020089286,0.189657738095
2012-07-19 08:54:36,999,1,71.1869791667,-0.115029761905
2012-07-19 08:54:37,1000,1,70.7086309524,-0.478348214286
2012-07-19 08:54:38,1001,1,69.9139880952,-0.794642857143
2012-07-19 08:54:39,1002,1,68.9671130952,-0.946875
2012-07-19 08:54:40,1003,1,68.0794642857,-0.887648809524
2012-07-19 08:54:41,1004,1,67.4026785714,-0.676785714286
2012-07-19 08:54:42,1005,1,66.9583333333,-0.444345238095
2012-07-19 08:54:43,1006,1,66.6551339286,-0.303199404762
2012-07-19 08:54:44,1007,1,66.3764880952,-0.278645833333
2012-07-19 08:54:45,1008,1,66.0610119048,-0.315476190476
2012-07-19 08:54:46,1009,1,65.720610119,-0.340401785714
2012-07-19 08:54:47,1010,1,65.4131696429,-0.307440476191
2012-07-19 08:54:48,1011,1,65.2111607143,-0.202008928571
2012-07-19 08:54:49,1012,1,65.1775297619,-0.0336309523809
2012-07-19 08:54:50,1013,1,65.345610119,0.168080357143
2012-07-19 08:54:51,1014,1,65.7104166667,0.364806547619
2012-07-19 08:54:52,1015,1,66.2325892857,0.522172619048
2012-07-19 08:54:53,1016,1,66.846577381,0.613988095238
2012-07-19 08:54:54,1017,1,67.4727678571,0.626190476191
2012-07-19 08:54:55,1018,1,68.0322172619,0.559449404762
2012-07-19 08:54:56,1019,1,68.4551339286,0.422916666667
2012-07-19 08:54:57,1020,1,68.6845982143,0.229464285714
2012-07-19 08:54:58,1021,1,68.6894345238,0.0048363095238
2012-07-19 08:54:59,1022,1,68.4854166667,-0.204017857143
2012-07-19 08:55:00,1023,1,68.1385416667,-0.346875
2012-07-19 08:55:01,1024,1,67.7398065476,-0.398735119048
2012-07-19 08:55:02,1025,1,67.3755952381,-0.364211309524
2012-07-19 08:55:03,1026,1,67.1104166667,-0.265178571429
2012-07-19 08:55:04,1027,1,66.9808035714,-0.129613095238
2012-07-19 08:55:05,1028,1,66.9978422619,0.0170386904762
2012-07-19 08:55:06,1029,1,67.1464285714,0.148586309524
2012-07-19 08:55:07,1030,1,67.3794642857,0.233035714286
2012-07-19 08:55:08,1031,1,67.6324404762,0.252976190476
2012-07-19 08:55:09,1032,1,67.8635416667,0.231101190476
2012-07-19 08:55:10,1033,1,68.0798363095,0.216294642857
2012-07-19 08:55:11,1034,1,68.3207589286,0.240922619048
2012-07-19 08:55:12,1035,1,68.6204613095,0.299702380952
2012-07-19 08:55:13,1036,1,68.9835565476,0.363095238095
2012-07-19 08:55:14,1037,1,69.3829613095,0.399404761905
2012-07-19 08:55:15,1038,1,69.7766369048,0.393675595238
2012-07-19 08:55:16,1039,1,70.1345238095,0.357886904762
2012-07-19 08:55:17,1040,1,70.4519345238,0.317410714286
2012-07-19 08:55:18,1041,1,70.7380208333,0.286086309524
2012-07-19 08:55:19,1042,1,70.998735119,0.260714285714
2012-07-19 08:55:20,1043,1,71.2336309524,0.234895833333
2012-07-19 08:55:21,1044,1,71.4460565476,0.212425595238
2012-07-19 08:55:22,1045,1,71.6552083333,0.209151785714
2012-07-19 08:55:23,1046,1,71.8984375,0.243229166667
2012-07-19 08:55:24,1047,1,72.195014881,0.296577380952
2012-07-19 08:55:25,1048,1,72.4514136905,0.256398809524
2012-07-19 08:55:26,1049,1,72.462797619,0.0113839285714
2012-07-19 08:55:27,1050,1,72.1547619048,-0.308035714286
2012-07-19 08:55:28,1051,1,71.7489583333,-0.405803571429
2012-07-19 08:55:29,1052,1,71.5526785714,-0.196279761905
2012-07-19 08:55:30,1053,1,71.6678571429,0.115178571429
2012-07-19 08:55:31,1054,1,71.9126488095,0.244791666667
2012-07-19 08:55:32,1055,1,71.9616815476,0.0490327380952
2012-07-19 08:55:33,1056,1,71.6579613095,-0.303720238095
2012-07-19 08:55:34,1057,1,71.1659970238,-0.491964285714
2012-07-19 08:55:35,1058,1,70.7414434524,-0.424553571429
2012-07-19 08:55:36,1059,1,70.4910714286,-0.25037202381
2012-07-19 08:55:37,1060,1,70.3955357143,-0.0955357142857
2012-07-19 08:55:38,1061,1,70.4052083333,0.00967261904761
2012-07-19 08:55:39,1062,1,70.4777529762,0.0725446428572
2012-07-19 08:55:40,1063,1,70.5920386905,0.114285714286
2012-07-19 08:55:41,1064,1,70.7415178571,0.149479166667
2012-07-19 08:55:42,1065,1,70.9145833333,0.17306547619
2012-07-19 08:55:43,1066,1,71.0976934524,0.183110119048
2012-07-19 08:55:44,1067,1,71.291889881,0.194196428572
2012-07-19 08:55:45,1068,1,71.511235119,0.219345238095
2012-07-19 08:55:46,1069,1,71.7671130952,0.255877976191
2012-07-19 08:55:47,1070,1,72.0503720238,0.283258928571
2012-07-19 08:55:48,1071,1,72.3235119048,0.273139880952
2012-07-19 08:55:49,1072,1,72.542485119,0.218973214286
2012-07-19 08:55:50,1073,1,72.6965029762,0.154017857143
2012-07-19 08:55:51,1074,1,72.815922619,0.119419642857
2012-07-19 08:55:52,1075,1,72.9080357143,0.0921130952381
2012-07-19 08:55:53,1076,1,72.8991071429,-0.0089285714286
2012-07-19 08:55:54,1077,1,72.7276041667,-0.17150297619
2012-07-19 08:55:55,1078,1,72.4917410714,-0.235863095238
2012-07-19 08:55:56,1079,1,72.409077381,-0.0826636904762
2012-07-19 08:55:57,1080,1,72.6272321429,0.218154761905
2012-07-19 08:55:58,1081,1,73.0925595238,0.465327380952
2012-07-19 08:55:59,1082,1,73.583110119,0.490550595238
2012-07-19 08:56:00,1083,1,73.9072172619,0.324107142857
2012-07-19 08:56:01,1084,1,74.0705357143,0.163318452381
2012-07-19 08:56:02,1085,1,74.2085565476,0.138020833333
2012-07-19 08:56:03,1086,1,74.4239583333,0.215401785714
2012-07-19 08:56:04,1087,1,74.7388392857,0.314880952381
2012-07-19 08:56:05,1088,1,75.1260416667,0.387202380952
2012-07-19 08:56:06,1089,1,75.5334821429,0.40744047619
2012-07-19 08:56:07,1090,1,75.8994791667,0.36599702381
2012-07-19 08:56:08,1091,1,76.1671875,0.267708333333
2012-07-19 08:56:09,1092,1,76.3029761905,0.135788690476
2012-07-19 08:56:10,1093,1,76.3129464286,0.00997023809519
2012-07-19 08:56:11,1094,1,76.2368303571,-0.0761160714285
2012-07-19 08:56:12,1095,1,76.1233630952,-0.113467261905
2012-07-19 08:56:13,1096,1,76.0075892857,-0.115773809524
2012-07-19 08:56:14,1097,1,75.8991815476,-0.108407738095
2012-07-19 08:56:15,1098,1,75.7874255952,-0.111755952381
2012-07-19 08:56:16,1099,1,75.6585565476,-0.128869047619
2012-07-19 08:56:17,1100,1,75.5058035714,-0.15275297619
2012-07-19 08:56:18,1101,1,75.3230654762,-0.182738095238
2012-07-19 08:56:19,1102,1,75.1,-0.22306547619
2012-07-19 08:56:20,1103,1,74.8319940476,-0.268005952381
2012-07-19 08:56:21,1104,1,74.5290178571,-0.302976190476
2012-07-19 08:56:22,1105,1,74.2136904762,-0.315327380952
2012-07-19 08:56:23,1106,1,73.9135416667,-0.300148809524
2012-07-19 08:56:24,1107,1,73.6459077381,-0.267633928571
2012-07-19 08:56:25,1108,1,73.4107886905,-0.235119047619
2012-07-19 08:56:26,1109,1,73.204389881,-0.206398809524
2012-07-19 08:56:27,1110,1,73.0289434524,-0.175446428571
2012-07-19 08:56:28,1111,1,72.8851934524,-0.14375
2012-07-19 08:56:29,1112,1,72.7561011905,-0.129092261905
2012-07-19 08:56:30,1113,1,72.5844494048,-0.171651785714
2012-07-19 08:56:31,1114,1,72.2710565476,-0.313392857143
2012-07-19 08:56:32,1115,1,71.7238095238,-0.54724702381
2012-07-19 08:56:33,1116,1,70.9223214286,-0.801488095238
2012-07-19 08:56:34,1117,1,69.9370535714,-0.985267857143
2012-07-19 08:56:35,1118,1,68.8869047619,-1.05014880952
2012-07-19 08:56:36,1119,1,67.8712797619,-1.015625
2012-07-19 08:56:37,1120,1,66.9501488095,-0.921130952381
2012-07-19 08:56:38,1121,1,66.1622767857,-0.787872023809
2012-07-19 08:56:39,1122,1,65.4613095238,-0.700967261905
2012-07-19 08:56:40,1123,1,64.6336309524,-0.827678571429
2012-07-19 08:56:41,1124,1,63.4102678571,-1.22336309524
2012-07-19 08:56:42,1125,1,61.6900297619,-1.72023809524
2012-07-19 08:56:43,1126,1,59.6211309524,-2.06889880952
2012-07-19 08:56:44,1127,1,57.5052083333,-2.11592261905
2012-07-19 08:56:45,1128,1,55.6148809524,-1.89032738095
2012-07-19 08:56:46,1129,1,54.0575892857,-1.55729166667
2012-07-19 08:56:47,1130,1,52.8069940476,-1.2505952381
2012-07-19 08:56:48,1131,1,51.8026785714,-1.00431547619
2012-07-19 08:56:49,1132,1,50.9651041667,-0.837574404762
2012-07-19 08:56:50,1133,1,50.190922619,-0.774181547619
2012-07-19 08:56:51,1134,1,49.4160714286,-0.774851190476
2012-07-19 08:56:52,1135,1,48.6671130952,-0.748958333333
2012-07-19 08:56:53,1136,1,48.0209821429,-0.646130952381
2012-07-19 08:56:54,1137,1,47.5247767857,-0.496205357143
2012-07-19 08:56:55,1138,1,47.1551339286,-0.369642857143
2012-07-19 08:56:56,1139,1,46.8364583333,-0.318675595238
2012-07-19 08:56:57,1140,1,46.5029761905,-0.333482142857
2012-07-19 08:56:58,1141,1,46.1645089286,-0.338467261905
2012-07-19 08:56:59,1142,1,45.9351934524,-0.22931547619
2012-07-19 08:57:00,1143,1,46.0054315476,0.0702380952381
2012-07-19 08:57:01,1144,1,46.5482886905,0.542857142857
2012-07-19 08:57:02,1145,1,47.6164434524,1.0681547619
2012-07-19 08:57:03,1146,1,49.1123511905,1.4959077381
2012-07-19 08:57:04,1147,1,50.833110119,1.72075892857
2012-07-19 08:57:05,1148,1,52.5607142857,1.72760416667
2012-07-19 08:57:06,1149,1,54.1544642857,1.59375
2012-07-19 08:57:07,1150,1,55.5698660714,1.41540178571
2012-07-19 08:57:08,1151,1,56.8049107143,1.23504464286
2012-07-19 08:57:09,1152,1,57.8470982143,1.0421875
2012-07-19 08:57:10,1153,1,58.6451636905,0.798065476191
2012-07-19 08:57:11,1154,1,59.1040178571,0.458854166667
2012-07-19 08:57:12,1155,1,59.1484002976,0.0443824404761
2012-07-19 08:57:13,1156,1,58.7567708333,-0.391629464286
2012-07-19 08:57:14,1157,1,57.7486607143,-1.00811011905
2012-07-19 08:57:15,1158,1,55.6229910714,-2.12566964286
2012-07-19 08:57:16,1159,1,51.942671131,-3.68031994048
2012-07-19 08:57:17,1160,1,46.8691220238,-5.07354910714
2012-07-19 08:57:18,1161,1,41.1952008929,-5.67392113095
2012-07-19 08:57:19,1162,1,35.9467261905,-5.24847470238
2012-07-19 08:57:20,1163,1,31.8488095238,-4.09791666667
2012-07-19 08:57:21,1164,1,29.0293154762,-2.81949404762
2012-07-19 08:57:22,1165,1,27.2681175595,-1.76119791667
2012-07-19 08:57:23,1166,1,26.3552083333,-0.912909226191
2012-07-19 08:57:24,1167,1,26.0767857143,-0.278422619048
2012-07-19 08:57:25,1168,1,26.1291666667,0.052380952381
2012-07-19 08:57:26,1169,1,26.2544642857,0.125297619048
2012-07-19 08:57:27,1170,1,26.4027529762,0.148288690476
2012-07-19 08:57:28,1171,1,26.7389880952,0.336235119048
2012-07-19 08:57:29,1172,1,27.5261904762,0.787202380952
2012-07-19 08:57:30,1173,1,28.9655505952,1.43936011905
2012-07-19 08:57:31,1174,1,31.0590029762,2.09345238095
2012-07-19 08:57:32,1175,1,33.5627232143,2.5037202381
2012-07-19 08:57:33,1176,1,36.0808779762,2.5181547619
2012-07-19 08:57:34,1177,1,38.2413690476,2.16049107143
2012-07-19 08:57:35,1178,1,39.8026041667,1.56123511905
2012-07-19 08:57:36,1179,1,40.6258184524,0.823214285714
2012-07-19 08:57:37,1180,1,40.6218005952,-0.0040178571429
2012-07-19 08:57:38,1181,1,39.8005952381,-0.821205357143
2012-07-19 08:57:39,1182,1,38.3698660714,-1.43072916667
2012-07-19 08:57:40,1183,1,36.7170386905,-1.65282738095
2012-07-19 08:57:41,1184,1,35.2510416667,-1.46599702381
2012-07-19 08:57:42,1185,1,34.2364583333,-1.01458333333
2012-07-19 08:57:43,1186,1,33.7404017857,-0.496056547619
2012-07-19 08:57:44,1187,1,33.7034970238,-0.0369047619048
2012-07-19 08:57:45,1188,1,34.0287202381,0.325223214286
2012-07-19 08:57:46,1189,1,34.5892113095,0.560491071429
2012-07-19 08:57:47,1190,1,35.2037946429,0.614583333333
2012-07-19 08:57:48,1191,1,35.6773065476,0.473511904762
2012-07-19 08:57:49,1192,1,35.8808779762,0.203571428572
2012-07-19 08:57:50,1193,1,35.7917410714,-0.0891369047619
2012-07-19 08:57:51,1194,1,35.4871279762,-0.304613095238
2012-07-19 08:57:52,1195,1,35.0915922619,-0.395535714286
2012-07-19 08:57:53,1196,1,34.6794642857,-0.41212797619
2012-07-19 08:57:54,1197,1,34.2479166667,-0.431547619048
2012-07-19 08:57:55,1198,1,33.7962797619,-0.451636904762
2012-07-19 08:57:56,1199,1,33.3542410714,-0.442038690476
2012-07-19 08:57:57,1200,1,32.9117559524,-0.442485119048
2012-07-19 08:57:58,1201,1,32.3497767857,-0.561979166667
2012-07-19 08:57:59,1202,1,31.4189732143,-0.930803571429
2012-07-19 08:58:00,1203,1,29.815922619,-1.60305059524
2012-07-19 08:58:01,1204,1,27.3921130952,-2.42380952381
2012-07-19 08:58:02,1205,1,24.377827381,-3.01428571429
2012-07-19 08:58:03,1206,1,21.4132440476,-2.96458333333
2012-07-19 08:58:04,1207,1,19.2904017857,-2.1228422619
2012-07-19 08:58:05,1208,1,18.5189732143,-0.771428571429
2012-07-19 08:58:06,1209,1,18.9484375,0.429464285714
2012-07-19 08:58:07,1210,1,19.720014881,0.771577380952
2012-07-19 08:58:08,1211,1,19.7193452381,-0.000669642857201
2012-07-19 08:58:09,1212,1,18.2805059524,-1.43883928571
2012-07-19 08:58:10,1213,1,15.5799107143,-2.7005952381
2012-07-19 08:58:11,1214,1,12.4348214286,-3.14508928571
2012-07-19 08:58:12,1215,1,9.73586309524,-2.69895833333
2012-07-19 08:58:13,1216,1,7.97507440476,-1.76078869048
2012-07-19 08:58:14,1217,1,7.16889880952,-0.806175595238
2012-07-19 08:58:15,1218,1,7.07924107143,-0.0896577380952
2012-07-19 08:58:16,1219,1,7.39880952381,0.319568452381
2012-07-19 08:58:17,1220,1,7.77299107143,0.374181547619
2012-07-19 08:58:18,1221,1,7.8447172619,0.0717261904762
2012-07-19 08:58:19,1222,1,7.42790178571,-0.41681547619
2012-07-19 08:58:20,1223,1,6.62429315476,-0.803608630952
2012-07-19 08:58:21,1224,1,5.7115327381,-0.912760416667
2012-07-19 08:58:22,1225,1,4.91313244048,-0.798400297619
2012-07-19 08:58:23,1226,1,4.28638392857,-0.626748511905
2012-07-19 08:58:24,1227,1,3.79166666667,-0.494717261905
2012-07-19 08:58:25,1228,1,3.40104166667,-0.390625
2012-07-19 08:58:26,1229,1,3.11398809524,-0.287053571429
2012-07-19 08:58:27,1230,1,2.92098214286,-0.193005952381
2012-07-19 08:58:28,1231,1,2.81688988095,-0.104092261905
2012-07-19 08:58:29,1232,1,2.81867559524,0.00178571428572
2012-07-19 08:58:30,1233,1,2.91267361111,0.093998015873
2012-07-19 08:58:31,1234,1,3.02348710317,0.110813492063
2012-07-19 08:58:32,1235,1,3.06990327381,0.0464161706349
2012-07-19 08:58:33,1236,1,3.02599206349,-0.0439112103175
2012-07-19 08:58:34,1237,1,2.93275049603,-0.0932415674603
2012-07-19 08:58:35,1238,1,2.85379464286,-0.0789558531746
2012-07-19 08:58:36,1239,1,2.80682043651,-0.0469742063492
2012-07-19 08:58:37,1240,1,2.76252480159,-0.0442956349206
2012-07-19 08:58:38,1241,1,2.70245535714,-0.0600694444444
2012-07-19 08:58:39,1242,1,2.6341765873,-0.0682787698413
2012-07-19 08:58:40,1243,1,2.56604662698,-0.0681299603175
2012-07-19 08:58:41,1244,1,2.50416666667,-0.0618799603175
2012-07-19 08:58:42,1245,1,2.45756448413,-0.0466021825397
2012-07-19 08:58:43,1246,1,2.39809027778,-0.0594742063492
2012-07-19 08:58:44,1247,1,2.20833333333,-0.189756944444
2012-07-19 08:58:45,1248,1,1.75694444444,-0.451388888889
2012-07-19 08:58:46,1249,1,1.14952876984,-0.607415674603
2012-07-19 08:58:47,1250,1,0.0,-1.14952876984
2012-07-19 18:29:39,35502,34252,0.0,0.0
2012-07-19 18:29:40,35503,1,4.22385912698,4.22385912698
2012-07-19 18:29:41,35504,1,7.74293154762,3.51907242063
2012-07-19 18:29:42,35505,1,11.7292410714,3.98630952381
2012-07-19 18:29:43,35506,1,15.6871279762,3.95788690476
2012-07-19 18:29:44,35507,1,19.3860863095,3.69895833333
2012-07-19 18:29:45,35508,1,22.7399553571,3.35386904762
2012-07-19 18:29:46,35509,1,25.724702381,2.98474702381
2012-07-19 18:29:47,35510,1,28.3500744048,2.62537202381
2012-07-19 18:29:48,35511,1,30.6350446429,2.2849702381
2012-07-19 18:29:49,35512,1,32.5938988095,1.95885416667
2012-07-19 18:29:50,35513,1,34.2448660714,1.6509672619
2012-07-19 18:29:51,35514,1,35.6219494048,1.37708333333
2012-07-19 18:29:52,35515,1,36.7764136905,1.15446428571
2012-07-19 18:29:53,35516,1,37.7680059524,0.991592261905
2012-07-19 18:29:54,35517,1,38.6533482143,0.885342261905
2012-07-19 18:29:55,35518,1,39.4782738095,0.824925595238
2012-07-19 18:29:56,35519,1,40.2630208333,0.78474702381
2012-07-19 18:29:57,35520,1,40.9907738095,0.727752976191
2012-07-19 18:29:58,35521,1,41.6354910714,0.644717261905
2012-07-19 18:29:59,35522,1,42.1924107143,0.556919642857
2012-07-19 18:30:00,35523,1,42.6389136905,0.446502976191
2012-07-19 18:30:01,35524,1,42.8571428571,0.218229166667
2012-07-19 18:30:02,35525,1,42.6212797619,-0.235863095238
2012-07-19 18:30:03,35526,1,41.7212797619,-0.9
2012-07-19 18:30:04,35527,1,40.1839285714,-1.53735119048
2012-07-19 18:30:05,35528,1,38.3990327381,-1.78489583333
2012-07-19 18:30:06,35529,1,36.9819196429,-1.41711309524
2012-07-19 18:30:07,35530,1,36.4475446429,-0.534375
2012-07-19 18:30:08,35531,1,36.9482886905,0.500744047619
2012-07-19 18:30:09,35532,1,38.2554315476,1.30714285714
2012-07-19 18:30:10,35533,1,39.951264881,1.69583333333
2012-07-19 18:30:11,35534,1,41.6619047619,1.71063988095
2012-07-19 18:30:12,35535,1,43.1857142857,1.52380952381
2012-07-19 18:30:13,35536,1,44.4837053571,1.29799107143
2012-07-19 18:30:14,35537,1,45.5976190476,1.11391369048
2012-07-19 18:30:15,35538,1,46.5742559524,0.976636904762
2012-07-19 18:30:16,35539,1,47.4256696429,0.851413690476
2012-07-19 18:30:17,35540,1,48.1282738095,0.702604166667
2012-07-19 18:30:18,35541,1,48.6525297619,0.524255952381
2012-07-19 18:30:19,35542,1,48.9925595238,0.340029761905
2012-07-19 18:30:20,35543,1,49.1725446429,0.179985119048
2012-07-19 18:30:21,35544,1,49.2480654762,0.0755208333334
2012-07-19 18:30:22,35545,1,49.3182291667,0.0701636904762
2012-07-19 18:30:23,35546,1,49.5177083333,0.199479166667
2012-07-19 18:30:24,35547,1,49.9529017857,0.435193452381
2012-07-19 18:30:25,35548,1,50.5843005952,0.631398809524
2012-07-19 18:30:26,35549,1,51.1484375,0.564136904762
2012-07-19 18:30:27,35550,1,51.2599702381,0.111532738095
2012-07-19 18:30:28,35551,1,50.6230654762,-0.636904761905
2012-07-19 18:30:29,35552,1,49.1374255952,-1.48563988095
2012-07-19 18:30:30,35553,1,46.8838541667,-2.25357142857
2012-07-19 18:30:31,35554,1,44.0538690476,-2.82998511905
2012-07-19 18:30:32,35555,1,40.8469494048,-3.20691964286
2012-07-19 18:30:33,35556,1,37.4344494048,-3.4125
2012-07-19 18:30:34,35557,1,33.9700892857,-3.46436011905
2012-07-19 18:30:35,35558,1,30.5556547619,-3.41443452381
2012-07-19 18:30:36,35559,1,27.2489583333,-3.30669642857
2012-07-19 18:30:37,35560,1,24.1209821429,-3.12797619048
2012-07-19 18:30:38,35561,1,21.2529761905,-2.86800595238
2012-07-19 18:30:39,35562,1,18.7177083333,-2.53526785714
2012-07-19 18:30:40,35563,1,16.5810267857,-2.13668154762
2012-07-19 18:30:41,35564,1,14.874702381,-1.70632440476
2012-07-19 18:30:42,35565,1,13.5758184524,-1.29888392857
2012-07-19 18:30:43,35566,1,12.6334077381,-0.942410714286
2012-07-19 18:30:44,35567,1,12.0158482143,-0.617559523809
2012-07-19 18:30:45,35568,1,11.7470238095,-0.268824404762
2012-07-19 18:30:46,35569,1,11.8842261905,0.137202380952
2012-07-19 18:30:47,35570,1,12.4077380952,0.523511904762
2012-07-19 18:30:48,35571,1,13.1029017857,0.695163690476
2012-07-19 18:30:49,35572,1,13.5847470238,0.481845238095
2012-07-19 18:30:50,35573,1,13.4962797619,-0.0884672619047
2012-07-19 18:30:51,35574,1,12.7363095238,-0.759970238095
2012-07-19 18:30:52,35575,1,11.5578125,-1.17849702381
2012-07-19 18:30:53,35576,1,10.46875,-1.0890625
2012-07-19 18:30:54,35577,1,9.99799107143,-0.470758928571
2012-07-19 18:30:55,35578,1,10.5357886905,0.537797619048
2012-07-19 18:30:56,35579,1,12.3454613095,1.80967261905
2012-07-19 18:30:57,35580,1,15.542485119,3.19702380952
2012-07-19 18:30:58,35581,1,19.941889881,4.3994047619
2012-07-19 18:30:59,35582,1,25.0151041667,5.07321428571
2012-07-19 18:31:00,35583,1,30.0895089286,5.0744047619
2012-07-19 18:31:01,35584,1,34.6365327381,4.54702380952
2012-07-19 18:31:02,35585,1,38.4593005952,3.82276785714
2012-07-19 18:31:03,35586,1,41.6490327381,3.18973214286
2012-07-19 18:31:04,35587,1,44.379389881,2.73035714286
2012-07-19 18:31:05,35588,1,46.7941220238,2.41473214286
2012-07-19 18:31:06,35589,1,49.0294642857,2.2353422619
2012-07-19 18:31:07,35590,1,51.1988095238,2.1693452381
2012-07-19 18:31:08,35591,1,53.3255208333,2.12671130952
2012-07-19 18:31:09,35592,1,55.3430059524,2.01748511905
2012-07-19 18:31:10,35593,1,57.173735119,1.83072916667
2012-07-19 18:31:11,35594,1,58.7955357143,1.62180059524
2012-07-19 18:31:12,35595,1,60.239484127,1.4439484127
2012-07-19 18:31:13,35596,1,61.5395337302,1.30004960317
2012-07-19 18:31:14,35597,1,62.6879464286,1.14841269841
2012-07-19 18:31:15,35598,1,63.6443452381,0.956398809524
2012-07-19 18:31:16,35599,1,64.3895833333,0.745238095238
2012-07-19 18:31:17,35600,1,64.9616815476,0.572098214286
2012-07-19 18:31:18,35601,1,65.4310019841,0.469320436508
2012-07-19 18:31:19,35602,1,65.8335069444,0.402504960317
2012-07-19 18:31:20,35603,1,66.1333333333,0.299826388889
2012-07-19 18:31:21,35604,1,66.2640625,0.130729166667
2012-07-19 18:31:22,35605,1,66.2021577381,-0.0619047619048
2012-07-19 18:31:23,35606,1,65.9983630952,-0.203794642857
2012-07-19 18:31:24,35607,1,65.7547371032,-0.243625992063
2012-07-19 18:31:25,35608,1,65.578968254,-0.175768849206
2012-07-19 18:31:26,35609,1,65.5421130952,-0.0368551587302
2012-07-19 18:31:27,35610,1,65.6378720238,0.0957589285714
2012-07-19 18:31:28,35611,1,65.7827380952,0.144866071429
2012-07-19 18:31:29,35612,1,65.9110119048,0.128273809524
2012-07-19 18:31:30,35613,1,66.0495535714,0.138541666667
2012-07-19 18:31:31,35614,1,66.2520833333,0.202529761905
2012-07-19 18:31:32,35615,1,66.5079613095,0.25587797619
2012-07-19 18:31:33,35616,1,66.7316964286,0.223735119048
2012-07-19 18:31:34,35617,1,66.8203869048,0.0886904761905
2012-07-19 18:31:35,35618,1,66.7598958333,-0.0604910714286
2012-07-19 18:31:36,35619,1,66.657514881,-0.102380952381
2012-07-19 18:31:37,35620,1,66.627827381,-0.0296875
2012-07-19 18:31:38,35621,1,66.6864583333,0.0586309523809
2012-07-19 18:31:39,35622,1,66.7669642857,0.080505952381
2012-07-19 18:31:40,35623,1,66.8273065476,0.0603422619047
2012-07-19 18:31:41,35624,1,66.928422619,0.101116071429
2012-07-19 18:31:42,35625,1,67.1322172619,0.203794642857
2012-07-19 18:31:43,35626,1,67.3496279762,0.217410714286
2012-07-19 18:31:44,35627,1,67.4110119048,0.0613839285714
2012-07-19 18:31:45,35628,1,67.2192708333,-0.191741071429
2012-07-19 18:31:46,35629,1,66.7787202381,-0.440550595238
2012-07-19 18:31:47,35630,1,66.1965029762,-0.582217261905
2012-07-19 18:31:48,35631,1,65.6338541667,-0.562648809524
2012-07-19 18:31:49,35632,1,65.1989583333,-0.434895833333
2012-07-19 18:31:50,35633,1,64.9703869048,-0.228571428571
2012-07-19 18:31:51,35634,1,65.0345238095,0.0641369047619
2012-07-19 18:31:52,35635,1,65.3741815476,0.339657738095
2012-07-19 18:31:53,35636,1,65.8382440476,0.4640625
2012-07-19 18:31:54,35637,1,66.2729166667,0.434672619048
2012-07-19 18:31:55,35638,1,66.5990327381,0.326116071429
2012-07-19 18:31:56,35639,1,66.7962797619,0.19724702381
2012-07-19 18:31:57,35640,1,66.8901041667,0.0938244047619
2012-07-19 18:31:58,35641,1,66.938764881,0.0486607142857
2012-07-19 18:31:59,35642,1,66.9959821429,0.0572172619047
2012-07-19 18:32:00,35643,1,67.081547619,0.0855654761905
2012-07-19 18:32:01,35644,1,67.1838541667,0.102306547619
2012-07-19 18:32:02,35645,1,67.2693452381,0.0854910714286
2012-07-19 18:32:03,35646,1,67.2795386905,0.010193452381
2012-07-19 18:32:04,35647,1,67.1384672619,-0.141071428571
2012-07-19 18:32:05,35648,1,66.7907738095,-0.347693452381
2012-07-19 18:32:06,35649,1,66.2490327381,-0.541741071429
2012-07-19 18:32:07,35650,1,65.6084821429,-0.640550595238
2012-07-19 18:32:08,35651,1,64.9854166667,-0.62306547619
2012-07-19 18:32:09,35652,1,64.4052827381,-0.580133928571
2012-07-19 18:32:10,35653,1,63.8176339286,-0.587648809524
2012-07-19 18:32:11,35654,1,63.257514881,-0.560119047619
2012-07-19 18:32:12,35655,1,62.834375,-0.423139880952
2012-07-19 18:32:13,35656,1,62.5303571429,-0.304017857143
2012-07-19 18:32:14,35657,1,62.1773065476,-0.353050595238
2012-07-19 18:32:15,35658,1,61.6202380952,-0.557068452381
2012-07-19 18:32:16,35659,1,60.8623511905,-0.757886904762
2012-07-19 18:32:17,35660,1,60.1147321429,-0.747619047619
2012-07-19 18:32:18,35661,1,59.608110119,-0.506622023809
2012-07-19 18:32:19,35662,1,59.328422619,-0.2796875
2012-07-19 18:32:20,35663,1,59.0845238095,-0.243898809524
2012-07-19 18:32:21,35664,1,58.7729166667,-0.311607142857
2012-07-19 18:32:22,35665,1,58.4504464286,-0.322470238095
2012-07-19 18:32:23,35666,1,58.2286458333,-0.221800595238
2012-07-19 18:32:24,35667,1,58.1673363095,-0.0613095238095
2012-07-19 18:32:25,35668,1,58.2386904762,0.0713541666667
2012-07-19 18:32:26,35669,1,58.3715029762,0.1328125
2012-07-19 18:32:27,35670,1,58.5198660714,0.148363095238
2012-07-19 18:32:28,35671,1,58.6849702381,0.165104166667
2012-07-19 18:32:29,35672,1,58.8925595238,0.207589285714
2012-07-19 18:32:30,35673,1,59.168452381,0.275892857143
2012-07-19 18:32:31,35674,1,59.5274553571,0.35900297619
2012-07-19 18:32:32,35675,1,59.9694940476,0.442038690476
2012-07-19 18:32:33,35676,1,60.4779017857,0.508407738095
2012-07-19 18:32:34,35677,1,61.0220982143,0.544196428571
2012-07-19 18:32:35,35678,1,61.5667410714,0.544642857143
2012-07-19 18:32:36,35679,1,62.0758928571,0.509151785714
2012-07-19 18:32:37,35680,1,62.5070684524,0.431175595238
2012-07-19 18:32:38,35681,1,62.8130952381,0.306026785714
2012-07-19 18:32:39,35682,1,62.9616815476,0.148586309524
2012-07-19 18:32:40,35683,1,62.9566220238,-0.0050595238095
2012-07-19 18:32:41,35684,1,62.8404761905,-0.116145833333
2012-07-19 18:32:42,35685,1,62.6736607143,-0.166815476191
2012-07-19 18:32:43,35686,1,62.5061755952,-0.167485119048
2012-07-19 18:32:44,35687,1,62.3633928571,-0.142782738095
2012-07-19 18:32:45,35688,1,62.240625,-0.122767857143
2012-07-19 18:32:46,35689,1,62.093452381,-0.147172619048
2012-07-19 18:32:47,35690,1,61.8442708333,-0.249181547619
2012-07-19 18:32:48,35691,1,61.4206845238,-0.423586309524
2012-07-19 18:32:49,35692,1,60.7990327381,-0.621651785714
2012-07-19 18:32:50,35693,1,60.0276785714,-0.771354166667
2012-07-19 18:32:51,35694,1,59.2188988095,-0.808779761905
2012-07-19 18:32:52,35695,1,58.502827381,-0.716071428571
2012-07-19 18:32:53,35696,1,57.9756696429,-0.527157738095
2012-07-19 18:32:54,35697,1,57.6822172619,-0.293452380952
2012-07-19 18:32:55,35698,1,57.6166666667,-0.0655505952381
2012-07-19 18:32:56,35699,1,57.7191964286,0.102529761905
2012-07-19 18:32:57,35700,1,57.8917410714,0.172544642857
2012-07-19 18:32:58,35701,1,58.0450892857,0.153348214286
2012-07-19 18:32:59,35702,1,58.1450892857,0.1
2012-07-19 18:33:00,35703,1,58.2273065476,0.0822172619048
2012-07-19 18:33:01,35704,1,58.371577381,0.144270833333
2012-07-19 18:33:02,35705,1,58.6456845238,0.274107142857
2012-07-19 18:33:03,35706,1,59.0560267857,0.410342261905
2012-07-19 18:33:04,35707,1,59.548139881,0.492113095238
2012-07-19 18:33:05,35708,1,60.053422619,0.505282738095
2012-07-19 18:33:06,35709,1,60.5343005952,0.48087797619
2012-07-19 18:33:07,35710,1,60.9913690476,0.457068452381
2012-07-19 18:33:08,35711,1,61.4366071429,0.445238095238
2012-07-19 18:33:09,35712,1,61.8609375,0.424330357143
2012-07-19 18:33:10,35713,1,62.2270089286,0.366071428571
2012-07-19 18:33:11,35714,1,62.4975446429,0.270535714286
2012-07-19 18:33:12,35715,1,62.6716517857,0.174107142857
2012-07-19 18:33:13,35716,1,62.7882440476,0.116592261905
2012-07-19 18:33:14,35717,1,62.8924107143,0.104166666667
2012-07-19 18:33:15,35718,1,63.0036458333,0.111235119048
2012-07-19 18:33:16,35719,1,63.1136160714,0.109970238095
2012-07-19 18:33:17,35720,1,63.2026785714,0.0890625
2012-07-19 18:33:18,35721,1,63.2587797619,0.0561011904762
2012-07-19 18:33:19,35722,1,63.2883184524,0.0295386904761
2012-07-19 18:33:20,35723,1,63.3113095238,0.0229910714286
2012-07-19 18:33:21,35724,1,63.3510416667,0.0397321428572
2012-07-19 18:33:22,35725,1,63.4296875,0.0786458333333
2012-07-19 18:33:23,35726,1,63.5645089286,0.134821428571
2012-07-19 18:33:24,35727,1,63.7636904762,0.199181547619
2012-07-19 18:33:25,35728,1,64.0276041667,0.263913690476
2012-07-19 18:33:26,35729,1,64.3520833333,0.324479166667
2012-07-19 18:33:27,35730,1,64.7287202381,0.376636904762
2012-07-19 18:33:28,35731,1,65.1422619048,0.413541666667
2012-07-19 18:33:29,35732,1,65.5650297619,0.422767857143
2012-07-19 18:33:30,35733,1,65.9543154762,0.389285714286
2012-07-19 18:33:31,35734,1,66.2648065476,0.310491071429
2012-07-19 18:33:32,35735,1,66.4720982143,0.207291666667
2012-07-19 18:33:33,35736,1,66.5820684524,0.109970238095
2012-07-19 18:33:34,35737,1,66.6104166667,0.0283482142858
2012-07-19 18:33:35,35738,1,66.5502232143,-0.060193452381
2012-07-19 18:33:36,35739,1,66.3625,-0.187723214286
2012-07-19 18:33:37,35740,1,66.0046130952,-0.357886904762
2012-07-19 18:33:38,35741,1,65.4744047619,-0.530208333333
2012-07-19 18:33:39,35742,1,64.8296130952,-0.644791666667
2012-07-19 18:33:40,35743,1,64.1627232143,-0.666889880952
2012-07-19 18:33:41,35744,1,63.5566220238,-0.606101190476
2012-07-19 18:33:42,35745,1,63.0608630952,-0.495758928571
2012-07-19 18:33:43,35746,1,62.6928571429,-0.368005952381
2012-07-19 18:33:44,35747,1,62.4474702381,-0.245386904762
2012-07-19 18:33:45,35748,1,62.3081845238,-0.139285714286
2012-07-19 18:33:46,35749,1,62.2514880952,-0.0566964285714
2012-07-19 18:33:47,35750,1,62.2438244048,-0.0076636904762
2012-07-19 18:33:48,35751,1,62.2465029762,0.0026785714286
2012-07-19 18:33:49,35752,1,62.2293154762,-0.0171875
2012-07-19 18:33:50,35753,1,62.1821428571,-0.0471726190476
2012-07-19 18:33:51,35754,1,62.120610119,-0.0615327380953
2012-07-19 18:33:52,35755,1,62.0710565476,-0.0495535714286
2012-07-19 18:33:53,35756,1,62.0292410714,-0.0418154761904
2012-07-19 18:33:54,35757,1,61.9380208333,-0.0912202380953
2012-07-19 18:33:55,35758,1,61.7276785714,-0.210342261905
2012-07-19 18:33:56,35759,1,61.3851190476,-0.34255952381
2012-07-19 18:33:57,35760,1,60.981547619,-0.403571428571
2012-07-19 18:33:58,35761,1,60.6308035714,-0.350744047619
2012-07-19 18:33:59,35762,1,60.4113095238,-0.219494047619
2012-07-19 18:34:00,35763,1,60.326264881,-0.0850446428571
2012-07-19 18:34:01,35764,1,60.3422619048,0.0159970238095
2012-07-19 18:34:02,35765,1,60.450297619,0.108035714286
2012-07-19 18:34:03,35766,1,60.6759672619,0.225669642857
2012-07-19 18:34:04,35767,1,61.0404017857,0.364434523809
2012-07-19 18:34:05,35768,1,61.5227678571,0.482366071429
2012-07-19 18:34:06,35769,1,62.0642113095,0.541443452381
2012-07-19 18:34:07,35770,1,62.6058779762,0.541666666667
2012-07-19 18:34:08,35771,1,63.1183035714,0.512425595238
2012-07-19 18:34:09,35772,1,63.6010416667,0.482738095238
2012-07-19 18:34:10,35773,1,64.0662946429,0.46525297619
2012-07-19 18:34:11,35774,1,64.5241815476,0.457886904762
2012-07-19 18:34:12,35775,1,64.978422619,0.454241071429
2012-07-19 18:34:13,35776,1,65.429389881,0.450967261905
2012-07-19 18:34:14,35777,1,65.8733630952,0.443973214286
2012-07-19 18:34:15,35778,1,66.2901041667,0.416741071429
2012-07-19 18:34:16,35779,1,66.6228422619,0.332738095238
2012-07-19 18:34:17,35780,1,66.7767857143,0.153943452381
2012-07-19 18:34:18,35781,1,66.6600446429,-0.116741071429
2012-07-19 18:34:19,35782,1,66.2428571429,-0.4171875
2012-07-19 18:34:20,35783,1,65.5832589286,-0.659598214286
2012-07-19 18:34:21,35784,1,64.7991815476,-0.784077380952
2012-07-19 18:34:22,35785,1,64.0120535714,-0.78712797619
2012-07-19 18:34:23,35786,1,63.3097470238,-0.702306547619
2012-07-19 18:34:24,35787,1,62.7558779762,-0.553869047619
2012-07-19 18:34:25,35788,1,62.4105654762,-0.3453125
2012-07-19 18:34:26,35789,1,62.3150297619,-0.0955357142857
2012-07-19 18:34:27,35790,1,62.4592261905,0.144196428571
2012-07-19 18:34:28,35791,1,62.7781994048,0.318973214286
2012-07-19 18:34:29,35792,1,63.1770089286,0.398809523809
2012-07-19 18:34:30,35793,1,63.5616815476,0.384672619048
2012-07-19 18:34:31,35794,1,63.863764881,0.302083333333
2012-07-19 18:34:32,35795,1,64.051860119,0.188095238095
2012-07-19 18:34:33,35796,1,64.1325892857,0.0807291666667
2012-07-19 18:34:34,35797,1,64.1433035714,0.0107142857143
2012-07-19 18:34:35,35798,1,64.1324404762,-0.0108630952381
2012-07-19 18:34:36,35799,1,64.1351190476,0.0026785714285
2012-07-19 18:34:37,35800,1,64.1572916667,0.0221726190477
2012-07-19 18:34:38,35801,1,64.1755952381,0.0183035714285
2012-07-19 18:34:39,35802,1,64.1569940476,-0.0186011904761
2012-07-19 18:34:40,35803,1,64.0840029762,-0.0729910714286
2012-07-19 18:34:41,35804,1,63.9645089286,-0.119494047619
2012-07-19 18:34:42,35805,1,63.8293154762,-0.135193452381
2012-07-19 18:34:43,35806,1,63.7218005952,-0.107514880952
2012-07-19 18:34:44,35807,1,63.6775297619,-0.0442708333333
2012-07-19 18:34:45,35808,1,63.7123511905,0.0348214285714
2012-07-19 18:34:46,35809,1,63.8298363095,0.117485119048
2012-07-19 18:34:47,35810,1,64.0287946429,0.198958333333
2012-07-19 18:34:48,35811,1,64.3013392857,0.272544642857
2012-07-19 18:34:49,35812,1,64.6298363095,0.328497023809
2012-07-19 18:34:50,35813,1,64.9848958333,0.35505952381
2012-07-19 18:34:51,35814,1,65.3288690476,0.343973214286
2012-07-19 18:34:52,35815,1,65.6311011905,0.302232142857
2012-07-19 18:34:53,35816,1,65.8828125,0.251711309524
2012-07-19 18:34:54,35817,1,66.0975446429,0.214732142857
2012-07-19 18:34:55,35818,1,66.3022321429,0.2046875
2012-07-19 18:34:56,35819,1,66.5276785714,0.225446428572
2012-07-19 18:34:57,35820,1,66.8014136905,0.273735119048
2012-07-19 18:34:58,35821,1,67.1438988095,0.342485119048
2012-07-19 18:34:59,35822,1,67.5655505952,0.421651785714
2012-07-19 18:35:00,35823,1,68.0646577381,0.499107142857
2012-07-19 18:35:01,35824,1,68.6289434524,0.564285714286
2012-07-19 18:35:02,35825,1,69.2383928571,0.609449404762
2012-07-19 18:35:03,35826,1,69.866889881,0.62849702381
2012-07-19 18:35:04,35827,1,70.4807291667,0.613839285714
2012-07-19 18:35:05,35828,1,71.0341517857,0.553422619048
2012-07-19 18:35:06,35829,1,71.472172619,0.438020833333
2012-07-19 18:35:07,35830,1,71.740625,0.268452380952
2012-07-19 18:35:08,35831,1,71.7878720238,0.0472470238095
2012-07-19 18:35:09,35832,1,71.5651785714,-0.222693452381
2012-07-19 18:35:10,35833,1,71.0491071429,-0.516071428572
2012-07-19 18:35:11,35834,1,70.2808779762,-0.768229166667
2012-07-19 18:35:12,35835,1,69.3858630952,-0.895014880952
2012-07-19 18:35:13,35836,1,68.5386160714,-0.847247023809
2012-07-19 18:35:14,35837,1,67.8874255952,-0.651190476191
2012-07-19 18:35:15,35838,1,67.5020833333,-0.385342261905
2012-07-19 18:35:16,35839,1,67.3767113095,-0.12537202381
2012-07-19 18:35:17,35840,1,67.4566964286,0.0799851190476
2012-07-19 18:35:18,35841,1,67.6654017857,0.208705357143
2012-07-19 18:35:19,35842,1,67.9287946429,0.263392857143
2012-07-19 18:35:20,35843,1,68.1919642857,0.263169642857
2012-07-19 18:35:21,35844,1,68.4282738095,0.236309523809
2012-07-19 18:35:22,35845,1,68.6342261905,0.205952380952
2012-07-19 18:35:23,35846,1,68.8043154762,0.170089285714
2012-07-19 18:35:24,35847,1,68.9199404762,0.115625
2012-07-19 18:35:25,35848,1,68.9694940476,0.0495535714286
2012-07-19 18:35:26,35849,1,68.9628720238,-0.0066220238096
2012-07-19 18:35:27,35850,1,68.923735119,-0.0391369047619
2012-07-19 18:35:28,35851,1,68.8790922619,-0.0446428571428
2012-07-19 18:35:29,35852,1,68.853422619,-0.0256696428572
2012-07-19 18:35:30,35853,1,68.8640625,0.0106398809524
2012-07-19 18:35:31,35854,1,68.9186755952,0.0546130952381
2012-07-19 18:35:32,35855,1,69.013764881,0.0950892857143
2012-07-19 18:35:33,35856,1,69.136235119,0.122470238095
2012-07-19 18:35:34,35857,1,69.2694940476,0.133258928571
2012-07-19 18:35:35,35858,1,69.3922619048,0.122767857143
2012-07-19 18:35:36,35859,1,69.4680059524,0.0757440476191
2012-07-19 18:35:37,35860,1,69.4482142857,-0.0197916666667
2012-07-19 18:35:38,35861,1,69.2990327381,-0.149181547619
2012-07-19 18:35:39,35862,1,69.0287202381,-0.2703125
2012-07-19 18:35:40,35863,1,68.6919642857,-0.336755952381
2012-07-19 18:35:41,35864,1,68.3571428571,-0.334821428571
2012-07-19 18:35:42,35865,1,68.071875,-0.285267857143
2012-07-19 18:35:43,35866,1,67.9175595238,-0.154315476191
2012-07-19 18:35:44,35867,1,68.0523065476,0.134747023809
2012-07-19 18:35:45,35868,1,68.5232886905,0.470982142857
2012-07-19 18:35:46,35869,1,69.0826636905,0.559375
2012-07-19 18:35:47,35870,1,69.3631696429,0.280505952381
2012-07-19 18:35:48,35871,1,69.1816220238,-0.181547619048
2012-07-19 18:35:49,35872,1,68.6620535714,-0.519568452381
2012-07-19 18:35:50,35873,1,68.1468005952,-0.51525297619
2012-07-19 18:35:51,35874,1,67.8912946429,-0.255505952381
2012-07-19 18:35:52,35875,1,67.8476190476,-0.0436755952381
2012-07-19 18:35:53,35876,1,67.8344494048,-0.0131696428571
2012-07-19 18:35:54,35877,1,67.7704613095,-0.0639880952381
2012-07-19 18:35:55,35878,1,67.6708333333,-0.0996279761905
2012-07-19 18:35:56,35879,1,67.5710565476,-0.0997767857142
2012-07-19 18:35:57,35880,1,67.5000744048,-0.0709821428572
2012-07-19 18:35:58,35881,1,67.4622767857,-0.0377976190476
2012-07-19 18:35:59,35882,1,67.4324404762,-0.0298363095238
2012-07-19 18:36:00,35883,1,67.3776785714,-0.0547619047619
2012-07-19 18:36:01,35884,1,67.2832589286,-0.0944196428572
2012-07-19 18:36:02,35885,1,67.1619047619,-0.121354166667
2012-07-19 18:36:03,35886,1,67.0455357143,-0.116369047619
2012-07-19 18:36:04,35887,1,66.9662202381,-0.0793154761905
2012-07-19 18:36:05,35888,1,66.9319940476,-0.0342261904761
2012-07-19 18:36:06,35889,1,66.900297619,-0.0316964285715
2012-07-19 18:36:07,35890,1,66.7639880952,-0.13630952381
2012-07-19 18:36:08,35891,1,66.3863839286,-0.377604166667
2012-07-19 18:36:09,35892,1,65.6939732143,-0.692410714286
2012-07-19 18:36:10,35893,1,64.7618303571,-0.932142857143
2012-07-19 18:36:11,35894,1,63.809077381,-0.95275297619
2012-07-19 18:36:12,35895,1,63.0900297619,-0.719047619048
2012-07-19 18:36:13,35896,1,62.7473214286,-0.342708333333
2012-07-19 18:36:14,35897,1,62.7323660714,-0.0149553571428
2012-07-19 18:36:15,35898,1,62.8646577381,0.132291666667
2012-07-19 18:36:16,35899,1,62.9802827381,0.115625
2012-07-19 18:36:17,35900,1,63.0302827381,0.05
2012-07-19 18:36:18,35901,1,63.0663690476,0.0360863095238
2012-07-19 18:36:19,35902,1,63.1626488095,0.0962797619048
2012-07-19 18:36:20,35903,1,63.3290922619,0.166443452381
2012-07-19 18:36:21,35904,1,63.4802827381,0.15119047619
2012-07-19 18:36:22,35905,1,63.5024553571,0.0221726190477
2012-07-19 18:36:23,35906,1,63.3486607143,-0.153794642857
2012-07-19 18:36:24,35907,1,63.0723958333,-0.276264880952
2012-07-19 18:36:25,35908,1,62.7964285714,-0.275967261905
2012-07-19 18:36:26,35909,1,62.6468005952,-0.149627976191
2012-07-19 18:36:27,35910,1,62.6918154762,0.0450148809524
2012-07-19 18:36:28,35911,1,62.9279017857,0.236086309524
2012-07-19 18:36:29,35912,1,63.308110119,0.380208333333
2012-07-19 18:36:30,35913,1,63.7756696429,0.46755952381
2012-07-19 18:36:31,35914,1,64.280952381,0.505282738095
2012-07-19 18:36:32,35915,1,64.786235119,0.505282738095
2012-07-19 18:36:33,35916,1,65.2639880952,0.477752976191
2012-07-19 18:36:34,35917,1,65.6898065476,0.425818452381
2012-07-19 18:36:35,35918,1,66.0435267857,0.353720238095
2012-07-19 18:36:36,35919,1,66.3230654762,0.279538690476
2012-07-19 18:36:37,35920,1,66.5502232143,0.227157738095
2012-07-19 18:36:38,35921,1,66.7583333333,0.208110119048
2012-07-19 18:36:39,35922,1,66.9740327381,0.215699404762
2012-07-19 18:36:40,35923,1,67.1991815476,0.225148809524
2012-07-19 18:36:41,35924,1,67.3925595238,0.19337797619
2012-07-19 18:36:42,35925,1,67.4847470238,0.0921875
2012-07-19 18:36:43,35926,1,67.4546130952,-0.0301339285714
2012-07-19 18:36:44,35927,1,67.386235119,-0.0683779761905
2012-07-19 18:36:45,35928,1,67.4127232143,0.0264880952381
2012-07-19 18:36:46,35929,1,67.6042410714,0.191517857143
2012-07-19 18:36:47,35930,1,67.9089285714,0.3046875
2012-07-19 18:36:48,35931,1,68.1935267857,0.284598214286
2012-07-19 18:36:49,35932,1,68.3633928571,0.169866071429
2012-07-19 18:36:50,35933,1,68.438764881,0.0753720238095
2012-07-19 18:36:51,35934,1,68.4992559524,0.0604910714285
2012-07-19 18:36:52,35935,1,68.594047619,0.0947916666667
2012-07-19 18:36:53,35936,1,68.7246279762,0.130580357143
2012-07-19 18:36:54,35937,1,68.8723958333,0.147767857143
2012-07-19 18:36:55,35938,1,69.0201636905,0.147767857143
2012-07-19 18:36:56,35939,1,69.1618303571,0.141666666667
2012-07-19 18:36:57,35940,1,69.303422619,0.141592261905
2012-07-19 18:36:58,35941,1,69.4549107143,0.151488095238
2012-07-19 18:36:59,35942,1,69.6169642857,0.162053571429
2012-07-19 18:37:00,35943,1,69.7725446429,0.155580357143
2012-07-19 18:37:01,35944,1,69.8930059524,0.120461309524
2012-07-19 18:37:02,35945,1,69.956547619,0.0635416666667
2012-07-19 18:37:03,35946,1,69.9617559524,0.0052083333334
2012-07-19 18:37:04,35947,1,69.9241071429,-0.0376488095239
2012-07-19 18:37:05,35948,1,69.8628720238,-0.0612351190476
2012-07-19 18:37:06,35949,1,69.795014881,-0.0678571428571
2012-07-19 18:37:07,35950,1,69.7472470238,-0.0477678571429
2012-07-19 18:37:08,35951,1,69.7613839286,0.0141369047619
2012-07-19 18:37:09,35952,1,69.8555059524,0.0941220238096
2012-07-19 18:37:10,35953,1,69.9867559524,0.13125
2012-07-19 18:37:11,35954,1,70.0826636905,0.0959077380953
2012-07-19 18:37:12,35955,1,70.0991815476,0.0165178571429
2012-07-19 18:37:13,35956,1,70.0453869048,-0.0537946428572
2012-07-19 18:37:14,35957,1,69.9692708333,-0.0761160714286
2012-07-19 18:37:15,35958,1,69.9083333333,-0.0609375
2012-07-19 18:37:16,35959,1,69.8560267857,-0.052306547619
2012-07-19 18:37:17,35960,1,69.7890625,-0.0669642857143
2012-07-19 18:37:18,35961,1,69.6988095238,-0.0902529761905
2012-07-19 18:37:19,35962,1,69.5837797619,-0.115029761905
2012-07-19 18:37:20,35963,1,69.4423363095,-0.141443452381
2012-07-19 18:37:21,35964,1,69.2854910714,-0.156845238095
2012-07-19 18:37:22,35965,1,69.1444196429,-0.141071428571
2012-07-19 18:37:23,35966,1,69.0566220238,-0.0877976190476
2012-07-19 18:37:24,35967,1,69.0432291667,-0.0133928571428
2012-07-19 18:37:25,35968,1,69.0996279762,0.0563988095238
2012-07-19 18:37:26,35969,1,69.2067708333,0.107142857143
2012-07-19 18:37:27,35970,1,69.3505208333,0.14375
2012-07-19 18:37:28,35971,1,69.5289434524,0.178422619048
2012-07-19 18:37:29,35972,1,69.7418154762,0.21287202381
2012-07-19 18:37:30,35973,1,69.9770833333,0.235267857143
2012-07-19 18:37:31,35974,1,70.2079613095,0.23087797619
2012-07-19 18:37:32,35975,1,70.403422619,0.195461309524
2012-07-19 18:37:33,35976,1,70.546577381,0.143154761905
2012-07-19 18:37:34,35977,1,70.6425595238,0.0959821428571
2012-07-19 18:37:35,35978,1,70.7069940476,0.0644345238095
2012-07-19 18:37:36,35979,1,70.7536458333,0.0466517857143
2012-07-19 18:37:37,35980,1,70.7920386905,0.0383928571429
2012-07-19 18:37:38,35981,1,70.8287946429,0.0367559523809
2012-07-19 18:37:39,35982,1,70.8715029762,0.0427083333334
2012-07-19 18:37:40,35983,1,70.9272321429,0.0557291666666
2012-07-19 18:37:41,35984,1,70.9958333333,0.0686011904762
2012-07-19 18:37:42,35985,1,71.0712053571,0.0753720238096
2012-07-19 18:37:43,35986,1,71.1368303571,0.065625
2012-07-19 18:37:44,35987,1,71.1686755952,0.0318452380952
2012-07-19 18:37:45,35988,1,71.1767857143,0.0081101190476
2012-07-19 18:37:46,35989,1,71.2075892857,0.0308035714286
2012-07-19 18:37:47,35990,1,71.2899553571,0.0823660714285
2012-07-19 18:37:48,35991,1,71.4824404762,0.192485119048
2012-07-19 18:37:49,35992,1,71.9216517857,0.439211309524
2012-07-19 18:37:50,35993,1,72.6230654762,0.701413690476
2012-07-19 18:37:51,35994,1,73.3226190476,0.699553571428
2012-07-19 18:37:52,35995,1,73.6854910714,0.36287202381
2012-07-19 18:37:53,35996,1,73.5810267857,-0.104464285714
2012-07-19 18:37:54,35997,1,73.1860119048,-0.395014880952
2012-07-19 18:37:55,35998,1,72.9014136905,-0.284598214286
2012-07-19 18:37:56,35999,1,72.980952381,0.0795386904762
2012-07-19 18:37:57,36000,1,73.2605654762,0.279613095238
2012-07-19 18:37:58,36001,1,73.4212797619,0.160714285714
2012-07-19 18:37:59,36002,1,73.3367559524,-0.0845238095238
2012-07-19 18:38:00,36003,1,73.0790178571,-0.257738095238
2012-07-19 18:38:01,36004,1,72.7927083333,-0.28630952381
2012-07-19 18:38:02,36005,1,72.5869047619,-0.205803571428
2012-07-19 18:38:03,36006,1,72.4678571429,-0.119047619048
2012-07-19 18:38:04,36007,1,72.3861607143,-0.0816964285714
2012-07-19 18:38:05,36008,1,72.3116815476,-0.0744791666667
2012-07-19 18:38:06,36009,1,72.2358630952,-0.0758184523809
2012-07-19 18:38:07,36010,1,72.1513392857,-0.0845238095238
2012-07-19 18:38:08,36011,1,72.0490327381,-0.102306547619
2012-07-19 18:38:09,36012,1,71.920014881,-0.129017857143
2012-07-19 18:38:10,36013,1,71.7597470238,-0.160267857143
2012-07-19 18:38:11,36014,1,71.5733630952,-0.186383928571
2012-07-19 18:38:12,36015,1,71.3758184524,-0.197544642857
2012-07-19 18:38:13,36016,1,71.1877232143,-0.188095238095
2012-07-19 18:38:14,36017,1,71.0297619048,-0.157961309524
2012-07-19 18:38:15,36018,1,70.9161458333,-0.113616071429
2012-07-19 18:38:16,36019,1,70.8507440476,-0.0654017857143
2012-07-19 18:38:17,36020,1,70.8287202381,-0.0220238095238
2012-07-19 18:38:18,36021,1,70.8379464286,0.0092261904762
2012-07-19 18:38:19,36022,1,70.8587053571,0.0207589285715
2012-07-19 18:38:20,36023,1,70.8703869048,0.011681547619
2012-07-19 18:38:21,36024,1,70.8628720238,-0.0075148809524
2012-07-19 18:38:22,36025,1,70.8380952381,-0.0247767857143
2012-07-19 18:38:23,36026,1,70.8007440476,-0.0373511904762
2012-07-19 18:38:24,36027,1,70.7506696429,-0.0500744047619
2012-07-19 18:38:25,36028,1,70.6835565476,-0.0671130952381
2012-07-19 18:38:26,36029,1,70.5974702381,-0.0860863095238
2012-07-19 18:38:27,36030,1,70.4992559524,-0.0982142857143
2012-07-19 18:38:28,36031,1,70.4034970238,-0.0957589285714
2012-07-19 18:38:29,36032,1,70.3244791667,-0.0790178571428
2012-07-19 18:38:30,36033,1,70.2726934524,-0.0517857142858
2012-07-19 18:38:31,36034,1,70.2585565476,-0.0141369047619
2012-07-19 18:38:32,36035,1,70.2905505952,0.0319940476191
2012-07-19 18:38:33,36036,1,70.3656994048,0.0751488095238
2012-07-19 18:38:34,36037,1,70.464360119,0.0986607142857
2012-07-19 18:38:35,36038,1,70.5549107143,0.0905505952381
2012-07-19 18:38:36,36039,1,70.6077380952,0.0528273809524
2012-07-19 18:38:37,36040,1,70.6108630952,0.003125
2012-07-19 18:38:38,36041,1,70.5694940476,-0.0413690476191
2012-07-19 18:38:39,36042,1,70.487202381,-0.0822916666666
2012-07-19 18:38:40,36043,1,70.3533482143,-0.133854166667
2012-07-19 18:38:41,36044,1,70.1555059524,-0.197842261905
2012-07-19 18:38:42,36045,1,69.9058035714,-0.249702380952
2012-07-19 18:38:43,36046,1,69.6473958333,-0.258407738095
2012-07-19 18:38:44,36047,1,69.4200892857,-0.227306547619
2012-07-19 18:38:45,36048,1,69.2236607143,-0.196428571429
2012-07-19 18:38:46,36049,1,69.0293154762,-0.194345238095
2012-07-19 18:38:47,36050,1,68.8189732143,-0.210342261905
2012-07-19 18:38:48,36051,1,68.6097470238,-0.209226190476
2012-07-19 18:38:49,36052,1,68.4490327381,-0.160714285714
2012-07-19 18:38:50,36053,1,68.3780505952,-0.0709821428571
2012-07-19 18:38:51,36054,1,68.400297619,0.0222470238095
2012-07-19 18:38:52,36055,1,68.4909970238,0.0906994047619
2012-07-19 18:38:53,36056,1,68.6186755952,0.127678571429
2012-07-19 18:38:54,36057,1,68.7540922619,0.135416666667
2012-07-19 18:38:55,36058,1,68.8813988095,0.127306547619
2012-07-19 18:38:56,36059,1,69.0099702381,0.128571428571
2012-07-19 18:38:57,36060,1,69.1711309524,0.161160714286
2012-07-19 18:38:58,36061,1,69.3976190476,0.226488095238
2012-07-19 18:38:59,36062,1,69.7002232143,0.302604166667
2012-07-19 18:39:00,36063,1,70.0634672619,0.363244047619
2012-07-19 18:39:01,36064,1,70.4609375,0.397470238095
2012-07-19 18:39:02,36065,1,70.8703869048,0.409449404762
2012-07-19 18:39:03,36066,1,71.2779761905,0.407589285714
2012-07-19 18:39:04,36067,1,71.6735863095,0.395610119048
2012-07-19 18:39:05,36068,1,72.0467261905,0.373139880952
2012-07-19 18:39:06,36069,1,72.3901785714,0.343452380952
2012-07-19 18:39:07,36070,1,72.7014136905,0.311235119048
2012-07-19 18:39:08,36071,1,72.975297619,0.273883928571
2012-07-19 18:39:09,36072,1,73.2002232143,0.224925595238
2012-07-19 18:39:10,36073,1,73.3620535714,0.161830357143
2012-07-19 18:39:11,36074,1,73.4467261905,0.0846726190476
2012-07-19 18:39:12,36075,1,73.4420386905,-0.0046875
2012-07-19 18:39:13,36076,1,73.3459821429,-0.0960565476191
2012-07-19 18:39:14,36077,1,73.1759672619,-0.170014880952
2012-07-19 18:39:15,36078,1,72.9668154762,-0.209151785714
2012-07-19 18:39:16,36079,1,72.7534970238,-0.213318452381
2012-07-19 18:39:17,36080,1,72.543452381,-0.210044642857
2012-07-19 18:39:18,36081,1,72.3043154762,-0.239136904762
2012-07-19 18:39:19,36082,1,71.9970238095,-0.307291666667
2012-07-19 18:39:20,36083,1,71.628125,-0.368898809524
2012-07-19 18:39:21,36084,1,71.2566964286,-0.371428571429
2012-07-19 18:39:22,36085,1,70.9400297619,-0.316666666667
2012-07-19 18:39:23,36086,1,70.6675595238,-0.272470238095
2012-07-19 18:39:24,36087,1,70.3495535714,-0.318005952381
2012-07-19 18:39:25,36088,1,69.8831845238,-0.466369047619
2012-07-19 18:39:26,36089,1,69.2360119048,-0.647172619048
2012-07-19 18:39:27,36090,1,68.4654017857,-0.770610119048
2012-07-19 18:39:28,36091,1,67.670610119,-0.794791666667
2012-07-19 18:39:29,36092,1,66.9421130952,-0.728497023809
2012-07-19 18:39:30,36093,1,66.3470238095,-0.595089285714
2012-07-19 18:39:31,36094,1,65.9316220238,-0.415401785714
2012-07-19 18:39:32,36095,1,65.7227678571,-0.208854166667
2012-07-19 18:39:33,36096,1,65.7311011905,0.0083333333333
2012-07-19 18:39:34,36097,1,65.9500744048,0.218973214286
2012-07-19 18:39:35,36098,1,66.3563988095,0.406324404762
2012-07-19 18:39:36,36099,1,66.917485119,0.561086309524
2012-07-19 18:39:37,36100,1,67.5832589286,0.665773809524
2012-07-19 18:39:38,36101,1,68.2739583333,0.690699404762
2012-07-19 18:39:39,36102,1,68.8894345238,0.615476190476
2012-07-19 18:39:40,36103,1,69.3148065476,0.42537202381
2012-07-19 18:39:41,36104,1,69.4282738095,0.113467261905
2012-07-19 18:39:42,36105,1,69.151264881,-0.277008928571
2012-07-19 18:39:43,36106,1,68.507514881,-0.64375
2012-07-19 18:39:44,36107,1,67.6280505952,-0.879464285714
2012-07-19 18:39:45,36108,1,66.7026785714,-0.925372023809
2012-07-19 18:39:46,36109,1,65.9146577381,-0.788020833333
2012-07-19 18:39:47,36110,1,65.3819940476,-0.532663690476
2012-07-19 18:39:48,36111,1,65.1209821429,-0.261011904762
2012-07-19 18:39:49,36112,1,65.054985119,-0.0659970238095
2012-07-19 18:39:50,36113,1,65.0776785714,0.022693452381
2012-07-19 18:39:51,36114,1,65.1148809524,0.0372023809524
2012-07-19 18:39:52,36115,1,65.1147321429,-0.000148809523907
2012-07-19 18:39:53,36116,1,65.0216517857,-0.0930803571428
2012-07-19 18:39:54,36117,1,64.8145089286,-0.207142857143
2012-07-19 18:39:55,36118,1,64.5503720238,-0.264136904762
2012-07-19 18:39:56,36119,1,64.3577380952,-0.192633928571
2012-07-19 18:39:57,36120,1,64.3791666667,0.0214285714286
2012-07-19 18:39:58,36121,1,64.6639880952,0.284821428571
2012-07-19 18:39:59,36122,1,65.1255208333,0.461532738095
2012-07-19 18:40:00,36123,1,65.6469494048,0.521428571429
2012-07-19 18:40:01,36124,1,66.1915178571,0.544568452381
2012-07-19 18:40:02,36125,1,66.7860863095,0.594568452381
2012-07-19 18:40:03,36126,1,67.4272321429,0.641145833333
2012-07-19 18:40:04,36127,1,68.0180059524,0.590773809524
2012-07-19 18:40:05,36128,1,68.4136904762,0.39568452381
2012-07-19 18:40:06,36129,1,68.5508184524,0.13712797619
2012-07-19 18:40:07,36130,1,68.5289434524,-0.0218749999999
2012-07-19 18:40:08,36131,1,68.5524553571,0.0235119047619
2012-07-19 18:40:09,36132,1,68.7751488095,0.222693452381
2012-07-19 18:40:10,36133,1,69.1866071429,0.411458333333
2012-07-19 18:40:11,36134,1,69.6426339286,0.456026785714
2012-07-19 18:40:12,36135,1,69.9923363095,0.349702380952
2012-07-19 18:40:13,36136,1,70.1696428571,0.177306547619
2012-07-19 18:40:14,36137,1,70.1929315476,0.0232886904761
2012-07-19 18:40:15,36138,1,70.1159970238,-0.0769345238095
2012-07-19 18:40:16,36139,1,69.9863839286,-0.129613095238
2012-07-19 18:40:17,36140,1,69.8364583333,-0.149925595238
2012-07-19 18:40:18,36141,1,69.6989583333,-0.1375
2012-07-19 18:40:19,36142,1,69.6155505952,-0.0834077380952
2012-07-19 18:40:20,36143,1,69.6203869048,0.0048363095238
2012-07-19 18:40:21,36144,1,69.7173363095,0.0969494047619
2012-07-19 18:40:22,36145,1,69.8770089286,0.159672619048
2012-07-19 18:40:23,36146,1,70.0530505952,0.176041666667
2012-07-19 18:40:24,36147,1,70.2037202381,0.150669642857
2012-07-19 18:40:25,36148,1,70.308110119,0.104389880952
2012-07-19 18:40:26,36149,1,70.3697172619,0.0616071428572
2012-07-19 18:40:27,36150,1,70.4122767857,0.0425595238095
2012-07-19 18:40:28,36151,1,70.472172619,0.0598958333333
2012-07-19 18:40:29,36152,1,70.580952381,0.108779761905
2012-07-19 18:40:30,36153,1,70.7493303571,0.16837797619
2012-07-19 18:40:31,36154,1,70.9703869048,0.221056547619
2012-07-19 18:40:32,36155,1,71.2287202381,0.258333333333
2012-07-19 18:40:33,36156,1,71.4991815476,0.270461309524
2012-07-19 18:40:34,36157,1,71.7412946429,0.242113095238
2012-07-19 18:40:35,36158,1,71.9030505952,0.161755952381
2012-07-19 18:40:36,36159,1,71.9479910714,0.0449404761905
2012-07-19 18:40:37,36160,1,71.8861607143,-0.0618303571429
2012-07-19 18:40:38,36161,1,71.7633184524,-0.122842261905
2012-07-19 18:40:39,36162,1,71.6196428571,-0.143675595238
2012-07-19 18:40:40,36163,1,71.4676339286,-0.152008928572
2012-07-19 18:40:41,36164,1,71.3001488095,-0.167485119048
2012-07-19 18:40:42,36165,1,71.1133928571,-0.186755952381
2012-07-19 18:40:43,36166,1,70.920014881,-0.193377976191
2012-07-19 18:40:44,36167,1,70.7359375,-0.184077380952
2012-07-19 18:40:45,36168,1,70.5663690476,-0.169568452381
2012-07-19 18:40:46,36169,1,70.4078869048,-0.158482142857
2012-07-19 18:40:47,36170,1,70.2469494048,-0.1609375
2012-07-19 18:40:48,36171,1,70.056547619,-0.190401785714
2012-07-19 18:40:49,36172,1,69.8073660714,-0.249181547619
2012-07-19 18:40:50,36173,1,69.4861607143,-0.321205357143
2012-07-19 18:40:51,36174,1,69.1098958333,-0.376264880952
2012-07-19 18:40:52,36175,1,68.7235863095,-0.38630952381
2012-07-19 18:40:53,36176,1,68.3744791667,-0.349107142857
2012-07-19 18:40:54,36177,1,68.0936755952,-0.280803571429
2012-07-19 18:40:55,36178,1,67.911235119,-0.18244047619
2012-07-19 18:40:56,36179,1,67.8642857143,-0.0469494047619
2012-07-19 18:40:57,36180,1,67.9618303571,0.0975446428572
2012-07-19 18:40:58,36181,1,68.1486607143,0.186830357143
2012-07-19 18:40:59,36182,1,68.316889881,0.168229166667
2012-07-19 18:41:00,36183,1,68.3542410714,0.0373511904762
2012-07-19 18:41:01,36184,1,68.199702381,-0.154538690476
2012-07-19 18:41:02,36185,1,67.8766369048,-0.323065476191
2012-07-19 18:41:03,36186,1,67.473735119,-0.402901785714
2012-07-19 18:41:04,36187,1,67.0894345238,-0.384300595238
2012-07-19 18:41:05,36188,1,66.7876488095,-0.301785714286
2012-07-19 18:41:06,36189,1,66.5828125,-0.204836309524
2012-07-19 18:41:07,36190,1,66.4467261905,-0.136086309524
2012-07-19 18:41:08,36191,1,66.3345238095,-0.112202380952
2012-07-19 18:41:09,36192,1,66.2197916667,-0.114732142857
2012-07-19 18:41:10,36193,1,66.1093005952,-0.110491071429
2012-07-19 18:41:11,36194,1,66.0244791667,-0.0848214285714
2012-07-19 18:41:12,36195,1,65.9788690476,-0.0456101190476
2012-07-19 18:41:13,36196,1,65.9729166667,-0.00595238095239
2012-07-19 18:41:14,36197,1,65.9901041667,0.0171875
2012-07-19 18:41:15,36198,1,65.9901041667,0.0
2012-07-19 18:41:16,36199,1,65.9235119048,-0.0665922619048
2012-07-19 18:41:17,36200,1,65.7738839286,-0.149627976191
2012-07-19 18:41:18,36201,1,65.5910714286,-0.1828125
2012-07-19 18:41:19,36202,1,65.477827381,-0.113244047619
2012-07-19 18:41:20,36203,1,65.5319196429,0.0540922619048
2012-07-19 18:41:21,36204,1,65.7848958333,0.252976190476
2012-07-19 18:41:22,36205,1,66.1904017857,0.405505952381
2012-07-19 18:41:23,36206,1,66.6716517857,0.48125
2012-07-19 18:41:24,36207,1,67.1703869048,0.498735119048
2012-07-19 18:41:25,36208,1,67.6513392857,0.480952380952
2012-07-19 18:41:26,36209,1,68.0836309524,0.432291666667
2012-07-19 18:41:27,36210,1,68.4370535714,0.353422619048
2012-07-19 18:41:28,36211,1,68.698139881,0.261086309524
2012-07-19 18:41:29,36212,1,68.8802083333,0.182068452381
2012-07-19 18:41:30,36213,1,69.0064732143,0.126264880952
2012-07-19 18:41:31,36214,1,69.0842261905,0.0777529761905
2012-07-19 18:41:32,36215,1,69.103422619,0.0191964285714
2012-07-19 18:41:33,36216,1,69.0601934524,-0.0432291666667
2012-07-19 18:41:34,36217,1,68.9755208333,-0.0846726190476
2012-07-19 18:41:35,36218,1,68.8867559524,-0.0887648809523
2012-07-19 18:41:36,36219,1,68.8185267857,-0.0682291666667
2012-07-19 18:41:37,36220,1,68.765625,-0.0529017857143
2012-07-19 18:41:38,36221,1,68.7110863095,-0.0545386904762
2012-07-19 18:41:39,36222,1,68.6540922619,-0.056994047619
2012-07-19 18:41:40,36223,1,68.6087797619,-0.0453125
2012-07-19 18:41:41,36224,1,68.5773065476,-0.0314732142858
2012-07-19 18:41:42,36225,1,68.525297619,-0.0520089285714
2012-07-19 18:41:43,36226,1,68.3825892857,-0.142708333333
2012-07-19 18:41:44,36227,1,68.0775297619,-0.30505952381
2012-07-19 18:41:45,36228,1,67.5819196429,-0.495610119048
2012-07-19 18:41:46,36229,1,66.9350446429,-0.646875
2012-07-19 18:41:47,36230,1,66.2413690476,-0.693675595238
2012-07-19 18:41:48,36231,1,65.6407738095,-0.600595238095
2012-07-19 18:41:49,36232,1,65.2534970238,-0.387276785714
2012-07-19 18:41:50,36233,1,65.1375,-0.115997023809
2012-07-19 18:41:51,36234,1,65.2880208333,0.150520833333
2012-07-19 18:41:52,36235,1,65.6590029762,0.370982142857
2012-07-19 18:41:53,36236,1,66.1848214286,0.525818452381
2012-07-19 18:41:54,36237,1,66.7991071429,0.614285714286
2012-07-19 18:41:55,36238,1,67.4441220238,0.645014880952
2012-07-19 18:41:56,36239,1,68.0730654762,0.628943452381
2012-07-19 18:41:57,36240,1,68.6502232143,0.577157738095
2012-07-19 18:41:58,36241,1,69.1447916667,0.494568452381
2012-07-19 18:41:59,36242,1,69.5281994048,0.383407738095
2012-07-19 18:42:00,36243,1,69.7854166667,0.257217261905
2012-07-19 18:42:01,36244,1,69.9244047619,0.138988095238
2012-07-19 18:42:02,36245,1,69.9672619048,0.0428571428571
2012-07-19 18:42:03,36246,1,69.9296875,-0.0375744047619
2012-07-19 18:42:04,36247,1,69.8113839286,-0.118303571429
2012-07-19 18:42:05,36248,1,69.6118303571,-0.199553571428
2012-07-19 18:42:06,36249,1,69.3505208333,-0.26130952381
2012-07-19 18:42:07,36250,1,69.0640625,-0.286458333333
2012-07-19 18:42:08,36251,1,68.7869791667,-0.277083333333
2012-07-19 18:42:09,36252,1,68.5360863095,-0.250892857143
2012-07-19 18:42:10,36253,1,68.3102678571,-0.225818452381
2012-07-19 18:42:11,36254,1,68.1040178571,-0.20625
2012-07-19 18:42:12,36255,1,67.9138392857,-0.190178571429
2012-07-19 18:42:13,36256,1,67.7323660714,-0.181473214286
2012-07-19 18:42:14,36257,1,67.5496279762,-0.182738095238
2012-07-19 18:42:15,36258,1,67.3616815476,-0.187946428571
2012-07-19 18:42:16,36259,1,67.1729910714,-0.188690476191
2012-07-19 18:42:17,36260,1,66.9928571429,-0.180133928571
2012-07-19 18:42:18,36261,1,66.8286458333,-0.164211309524
2012-07-19 18:42:19,36262,1,66.6776785714,-0.150967261905
2012-07-19 18:42:20,36263,1,66.5244047619,-0.153273809524
2012-07-19 18:42:21,36264,1,66.3447172619,-0.1796875
2012-07-19 18:42:22,36265,1,66.1161458333,-0.228571428571
2012-07-19 18:42:23,36266,1,65.8322916667,-0.283854166667
2012-07-19 18:42:24,36267,1,65.5118303571,-0.320461309524
2012-07-19 18:42:25,36268,1,65.192485119,-0.319345238095
2012-07-19 18:42:26,36269,1,64.911235119,-0.28125
2012-07-19 18:42:27,36270,1,64.6845982143,-0.226636904762
2012-07-19 18:42:28,36271,1,64.509375,-0.175223214286
2012-07-19 18:42:29,36272,1,64.3804315476,-0.128943452381
2012-07-19 18:42:30,36273,1,64.2976190476,-0.0828125000001
2012-07-19 18:42:31,36274,1,64.259375,-0.038244047619
2012-07-19 18:42:32,36275,1,64.2636904762,0.0043154761905
2012-07-19 18:42:33,36276,1,64.3146577381,0.0509672619047
2012-07-19 18:42:34,36277,1,64.4188988095,0.104241071429
2012-07-19 18:42:35,36278,1,64.5736607143,0.154761904762
2012-07-19 18:42:36,36279,1,64.7616071429,0.187946428571
2012-07-19 18:42:37,36280,1,64.9590029762,0.197395833333
2012-07-19 18:42:38,36281,1,65.1511904762,0.1921875
2012-07-19 18:42:39,36282,1,65.3435267857,0.192336309524
2012-07-19 18:42:40,36283,1,65.5546130952,0.211086309524
2012-07-19 18:42:41,36284,1,65.7979166667,0.243303571429
2012-07-19 18:42:42,36285,1,66.0764880952,0.278571428571
2012-07-19 18:42:43,36286,1,66.3904761905,0.313988095238
2012-07-19 18:42:44,36287,1,66.737797619,0.347321428571
2012-07-19 18:42:45,36288,1,67.1111607143,0.373363095238
2012-07-19 18:42:46,36289,1,67.5014880952,0.390327380952
2012-07-19 18:42:47,36290,1,67.9006696429,0.399181547619
2012-07-19 18:42:48,36291,1,68.299702381,0.399032738095
2012-07-19 18:42:49,36292,1,68.6886904762,0.388988095238
2012-07-19 18:42:50,36293,1,69.0566220238,0.367931547619
2012-07-19 18:42:51,36294,1,69.3851934524,0.328571428571
2012-07-19 18:42:52,36295,1,69.6453869048,0.260193452381
2012-07-19 18:42:53,36296,1,69.8063988095,0.161011904762
2012-07-19 18:42:54,36297,1,69.8519345238,0.0455357142857
2012-07-19 18:42:55,36298,1,69.7912946429,-0.0606398809524
2012-07-19 18:42:56,36299,1,69.652827381,-0.138467261905
2012-07-19 18:42:57,36300,1,69.4632440476,-0.189583333333
2012-07-19 18:42:58,36301,1,69.235639881,-0.227604166667
2012-07-19 18:42:59,36302,1,68.9790922619,-0.256547619048
2012-07-19 18:43:00,36303,1,68.7162202381,-0.26287202381
2012-07-19 18:43:01,36304,1,68.4845238095,-0.231696428571
2012-07-19 18:43:02,36305,1,68.3173363095,-0.1671875
2012-07-19 18:43:03,36306,1,68.2241071429,-0.0932291666667
2012-07-19 18:43:04,36307,1,68.1834821429,-0.040625
2012-07-19 18:43:05,36308,1,68.1569940476,-0.026488095238
2012-07-19 18:43:06,36309,1,68.1202380952,-0.036755952381
2012-07-19 18:43:07,36310,1,68.0758928571,-0.0443452380953
2012-07-19 18:43:08,36311,1,68.0353422619,-0.040550595238
2012-07-19 18:43:09,36312,1,67.9999255952,-0.0354166666667
2012-07-19 18:43:10,36313,1,67.9543154762,-0.0456101190476
2012-07-19 18:43:11,36314,1,67.8738095238,-0.080505952381
2012-07-19 18:43:12,36315,1,67.7495535714,-0.124255952381
2012-07-19 18:43:13,36316,1,67.6023809524,-0.147172619048
2012-07-19 18:43:14,36317,1,67.4662202381,-0.136160714286
2012-07-19 18:43:15,36318,1,67.367485119,-0.0987351190476
2012-07-19 18:43:16,36319,1,67.3172619048,-0.0502232142857
2012-07-19 18:43:17,36320,1,67.3104166667,-0.00684523809521
2012-07-19 18:43:18,36321,1,67.3328125,0.0223958333333
2012-07-19 18:43:19,36322,1,67.3746279762,0.0418154761905
2012-07-19 18:43:20,36323,1,67.4370535714,0.0624255952381
2012-07-19 18:43:21,36324,1,67.5287202381,0.0916666666666
2012-07-19 18:43:22,36325,1,67.656547619,0.127827380952
2012-07-19 18:43:23,36326,1,67.8131696429,0.15662202381
2012-07-19 18:43:24,36327,1,67.9741815476,0.161011904762
2012-07-19 18:43:25,36328,1,68.1191964286,0.145014880952
2012-07-19 18:43:26,36329,1,68.2551339286,0.1359375
2012-07-19 18:43:27,36330,1,68.412797619,0.157663690476
2012-07-19 18:43:28,36331,1,68.6215029762,0.208705357143
2012-07-19 18:43:29,36332,1,68.8790178571,0.257514880952
2012-07-19 18:43:30,36333,1,69.1430059524,0.263988095238
2012-07-19 18:43:31,36334,1,69.3624255952,0.219419642857
2012-07-19 18:43:32,36335,1,69.5135416667,0.151116071429
2012-07-19 18:43:33,36336,1,69.6055803571,0.0920386904761
2012-07-19 18:43:34,36337,1,69.6707589286,0.0651785714286
2012-07-19 18:43:35,36338,1,69.7508184524,0.0800595238096
2012-07-19 18:43:36,36339,1,69.8824404762,0.131622023809
2012-07-19 18:43:37,36340,1,70.0875744048,0.205133928571
2012-07-19 18:43:38,36341,1,70.3628720238,0.275297619048
2012-07-19 18:43:39,36342,1,70.6786458333,0.315773809524
2012-07-19 18:43:40,36343,1,71.0021577381,0.323511904762
2012-07-19 18:43:41,36344,1,71.3176339286,0.315476190476
2012-07-19 18:43:42,36345,1,71.6176339286,0.3
2012-07-19 18:43:43,36346,1,71.8784970238,0.260863095238
2012-07-19 18:43:44,36347,1,72.0395089286,0.161011904762
2012-07-19 18:43:45,36348,1,72.0151041667,-0.0244047619047
2012-07-19 18:43:46,36349,1,71.7511160714,-0.263988095238
2012-07-19 18:43:47,36350,1,71.2678571429,-0.483258928572
2012-07-19 18:43:48,36351,1,70.6448660714,-0.622991071429
2012-07-19 18:43:49,36352,1,69.9829613095,-0.661904761905
2012-07-19 18:43:50,36353,1,69.3826636905,-0.600297619048
2012-07-19 18:43:51,36354,1,68.9337053571,-0.448958333333
2012-07-19 18:43:52,36355,1,68.6984375,-0.235267857143
2012-07-19 18:43:53,36356,1,68.6830357143,-0.0154017857143
2012-07-19 18:43:54,36357,1,68.8151785714,0.132142857143
2012-07-19 18:43:55,36358,1,68.9615327381,0.146354166667
2012-07-19 18:43:56,36359,1,68.9930059524,0.0314732142858
2012-07-19 18:43:57,36360,1,68.8548363095,-0.138169642857
2012-07-19 18:43:58,36361,1,68.5769345238,-0.277901785714
2012-07-19 18:43:59,36362,1,68.2177827381,-0.359151785714
2012-07-19 18:44:00,36363,1,67.8064732143,-0.411309523809
2012-07-19 18:44:01,36364,1,67.3308035714,-0.475669642857
2012-07-19 18:44:02,36365,1,66.7665178571,-0.564285714286
2012-07-19 18:44:03,36366,1,66.1209821429,-0.645535714286
2012-07-19 18:44:04,36367,1,65.4492559524,-0.671726190476
2012-07-19 18:44:05,36368,1,64.8217261905,-0.627529761905
2012-07-19 18:44:06,36369,1,64.2829613095,-0.538764880952
2012-07-19 18:44:07,36370,1,63.8416666667,-0.441294642857
2012-07-19 18:44:08,36371,1,63.4837053571,-0.357961309524
2012-07-19 18:44:09,36372,1,63.1898065476,-0.293898809524
2012-07-19 18:44:10,36373,1,62.945610119,-0.244196428571
2012-07-19 18:44:11,36374,1,62.7322172619,-0.213392857143
2012-07-19 18:44:12,36375,1,62.5068452381,-0.22537202381
2012-07-19 18:44:13,36376,1,62.2048363095,-0.302008928571
2012-07-19 18:44:14,36377,1,61.7796130952,-0.425223214286
2012-07-19 18:44:15,36378,1,61.2472470238,-0.532366071429
2012-07-19 18:44:16,36379,1,60.6749255952,-0.572321428571
2012-07-19 18:44:17,36380,1,60.1138392857,-0.561086309524
2012-07-19 18:44:18,36381,1,59.5447172619,-0.569122023809
2012-07-19 18:44:19,36382,1,58.873139881,-0.671577380952
2012-07-19 18:44:20,36383,1,57.973735119,-0.899404761905
2012-07-19 18:44:21,36384,1,56.7761904762,-1.19754464286
2012-07-19 18:44:22,36385,1,55.3264136905,-1.44977678571
2012-07-19 18:44:23,36386,1,53.7485119048,-1.57790178571
2012-07-19 18:44:24,36387,1,52.1541666667,-1.5943452381
2012-07-19 18:44:25,36388,1,50.599702381,-1.55446428571
2012-07-19 18:44:26,36389,1,49.1104166667,-1.48928571429
2012-07-19 18:44:27,36390,1,47.7332589286,-1.3771577381
2012-07-19 18:44:28,36391,1,46.573735119,-1.15952380952
2012-07-19 18:44:29,36392,1,45.7672619048,-0.806473214286
2012-07-19 18:44:30,36393,1,45.3953125,-0.371949404762
2012-07-19 18:44:31,36394,1,45.4444940476,0.049181547619
2012-07-19 18:44:32,36395,1,45.8339285714,0.38943452381
2012-07-19 18:44:33,36396,1,46.4386904762,0.604761904762
2012-07-19 18:44:34,36397,1,47.1135416667,0.674851190476
2012-07-19 18:44:35,36398,1,47.7275297619,0.613988095238
2012-07-19 18:44:36,36399,1,48.1337053571,0.406175595238
2012-07-19 18:44:37,36400,1,48.1073660714,-0.0263392857142
2012-07-19 18:44:38,36401,1,47.3966517857,-0.710714285714
2012-07-19 18:44:39,36402,1,45.9074404762,-1.48921130952
2012-07-19 18:44:40,36403,1,43.8835565476,-2.02388392857
2012-07-19 18:44:41,36404,1,41.8929315476,-1.990625
2012-07-19 18:44:42,36405,1,40.5622767857,-1.3306547619
2012-07-19 18:44:43,36406,1,40.2529761905,-0.309300595238
2012-07-19 18:44:44,36407,1,40.9293154762,0.676339285714
2012-07-19 18:44:45,36408,1,42.2767857143,1.3474702381
2012-07-19 18:44:46,36409,1,43.924702381,1.64791666667
2012-07-19 18:44:47,36410,1,45.5904017857,1.66569940476
2012-07-19 18:44:48,36411,1,47.1061755952,1.51577380952
2012-07-19 18:44:49,36412,1,48.4034970238,1.29732142857
2012-07-19 18:44:50,36413,1,49.4795386905,1.07604166667
2012-07-19 18:44:51,36414,1,50.345014881,0.865476190476
2012-07-19 18:44:52,36415,1,50.9924107143,0.647395833333
2012-07-19 18:44:53,36416,1,51.3989583333,0.406547619048
2012-07-19 18:44:54,36417,1,51.551264881,0.152306547619
2012-07-19 18:44:55,36418,1,51.4781994048,-0.0730654761905
2012-07-19 18:44:56,36419,1,51.2542410714,-0.223958333333
2012-07-19 18:44:57,36420,1,50.9655505952,-0.288690476191
2012-07-19 18:44:58,36421,1,50.6866071429,-0.278943452381
2012-07-19 18:44:59,36422,1,50.4756696429,-0.2109375
2012-07-19 18:45:00,36423,1,50.3546875,-0.120982142857
2012-07-19 18:45:01,36424,1,50.2798363095,-0.0748511904762
2012-07-19 18:45:02,36425,1,50.140327381,-0.139508928571
2012-07-19 18:45:03,36426,1,49.815327381,-0.325
2012-07-19 18:45:04,36427,1,49.2729910714,-0.542336309524
2012-07-19 18:45:05,36428,1,48.6154017857,-0.657589285714
2012-07-19 18:45:06,36429,1,48.015625,-0.599776785714
2012-07-19 18:45:07,36430,1,47.6273065476,-0.388318452381
2012-07-19 18:45:08,36431,1,47.5311755952,-0.0961309523809
2012-07-19 18:45:09,36432,1,47.7227678571,0.191592261905
2012-07-19 18:45:10,36433,1,48.152827381,0.43005952381
2012-07-19 18:45:11,36434,1,48.7613839286,0.608556547619
2012-07-19 18:45:12,36435,1,49.4558035714,0.694419642857
2012-07-19 18:45:13,36436,1,50.1109375,0.655133928571
2012-07-19 18:45:14,36437,1,50.6169642857,0.506026785714
2012-07-19 18:45:15,36438,1,50.9146577381,0.297693452381
2012-07-19 18:45:16,36439,1,51.0162202381,0.1015625
2012-07-19 18:45:17,36440,1,51.0013392857,-0.0148809523809
2012-07-19 18:45:18,36441,1,50.9613839286,-0.0399553571429
2012-07-19 18:45:19,36442,1,50.9444940476,-0.0168898809524
2012-07-19 18:45:20,36443,1,50.9545386905,0.0100446428572
2012-07-19 18:45:21,36444,1,50.9850446429,0.0305059523809
2012-07-19 18:45:22,36445,1,51.0452380952,0.060193452381
2012-07-19 18:45:23,36446,1,51.1529761905,0.107738095238
2012-07-19 18:45:24,36447,1,51.3117559524,0.158779761905
2012-07-19 18:45:25,36448,1,51.5085565476,0.196800595238
2012-07-19 18:45:26,36449,1,51.734375,0.225818452381
2012-07-19 18:45:27,36450,1,51.9969494048,0.262574404762
2012-07-19 18:45:28,36451,1,52.3063988095,0.309449404762
2012-07-19 18:45:29,36452,1,52.6508184524,0.344419642857
2012-07-19 18:45:30,36453,1,52.992485119,0.341666666667
2012-07-19 18:45:31,36454,1,53.2919642857,0.299479166667
2012-07-19 18:45:32,36455,1,53.5422619048,0.250297619048
2012-07-19 18:45:33,36456,1,53.7836309524,0.241369047619
2012-07-19 18:45:34,36457,1,54.0845238095,0.300892857143
2012-07-19 18:45:35,36458,1,54.5039434524,0.419419642857
2012-07-19 18:45:36,36459,1,55.048139881,0.544196428571
2012-07-19 18:45:37,36460,1,55.642485119,0.594345238095
2012-07-19 18:45:38,36461,1,56.1642857143,0.521800595238
2012-07-19 18:45:39,36462,1,56.5234375,0.359151785714
2012-07-19 18:45:40,36463,1,56.7072916667,0.183854166667
2012-07-19 18:45:41,36464,1,56.7561011905,0.0488095238095
2012-07-19 18:45:42,36465,1,56.7140625,-0.0420386904762
2012-07-19 18:45:43,36466,1,56.6069196429,-0.107142857143
2012-07-19 18:45:44,36467,1,56.4586309524,-0.148288690476
2012-07-19 18:45:45,36468,1,56.3117559524,-0.146875
2012-07-19 18:45:46,36469,1,56.2118303571,-0.099925595238
2012-07-19 18:45:47,36470,1,56.1752232143,-0.0366071428572
2012-07-19 18:45:48,36471,1,56.1875744048,0.0123511904762
2012-07-19 18:45:49,36472,1,56.2296130952,0.0420386904762
2012-07-19 18:45:50,36473,1,56.2892857143,0.0596726190476
2012-07-19 18:45:51,36474,1,56.3406994048,0.0514136904762
2012-07-19 18:45:52,36475,1,56.3085565476,-0.0321428571429
2012-07-19 18:45:53,36476,1,56.0527529762,-0.255803571429
2012-07-19 18:45:54,36477,1,55.3870535714,-0.665699404762
2012-07-19 18:45:55,36478,1,54.1240327381,-1.26302083333
2012-07-19 18:45:56,36479,1,52.1279017857,-1.99613095238
2012-07-19 18:45:57,36480,1,49.3370535714,-2.79084821429
2012-07-19 18:45:58,36481,1,45.7516369048,-3.58541666667
2012-07-19 18:45:59,36482,1,41.4401041667,-4.3115327381
2012-07-19 18:46:00,36483,1,36.5639136905,-4.87619047619
2012-07-19 18:46:01,36484,1,31.344047619,-5.21986607143
2012-07-19 18:46:02,36485,1,25.9651041667,-5.37894345238
2012-07-19 18:46:03,36486,1,20.5154017857,-5.44970238095
2012-07-19 18:46:04,36487,1,15.0473958333,-5.46800595238
2012-07-19 18:46:05,36488,1,9.76994047619,-5.27745535714
2012-07-19 18:46:06,36489,1,5.24280133929,-4.5271391369
2012-07-19 18:46:07,36490,1,0.0,-5.24280133929
2012-07-19 18:46:22,36505,15,0.0,0.0
2012-07-19 18:46:23,36506,1,1.39553571429,1.39553571429
2012-07-19 18:46:24,36507,1,2.34060639881,0.945070684524
2012-07-19 18:46:25,36508,1,3.37276785714,1.03216145833
2012-07-19 18:46:26,36509,1,4.4959077381,1.12313988095
2012-07-19 18:46:27,36510,1,6.0498139881,1.55390625
2012-07-19 18:46:28,36511,1,8.32100074405,2.27118675595
2012-07-19 18:46:29,36512,1,11.3065104167,2.98550967262
2012-07-19 18:46:30,36513,1,14.7146763393,3.40816592262
2012-07-19 18:46:31,36514,1,18.1218377976,3.40716145833
2012-07-19 18:46:32,36515,1,21.1970052083,3.07516741071
2012-07-19 18:46:33,36516,1,23.8280133929,2.63100818452
2012-07-19 18:46:34,36517,1,26.0509672619,2.22295386905
2012-07-19 18:46:35,36518,1,27.9186011905,1.86763392857
2012-07-19 18:46:36,36519,1,29.4587797619,1.54017857143
2012-07-19 18:46:37,36520,1,30.7061755952,1.24739583333
2012-07-19 18:46:38,36521,1,31.7208333333,1.0146577381
2012-07-19 18:46:39,36522,1,32.5698660714,0.849032738095
2012-07-19 18:46:40,36523,1,33.3004464286,0.730580357143
2012-07-19 18:46:41,36524,1,33.9129464286,0.6125
2012-07-19 18:46:42,36525,1,34.3470238095,0.434077380952
2012-07-19 18:46:43,36526,1,34.510639881,0.163616071429
2012-07-19 18:46:44,36527,1,34.3321428571,-0.178497023809
2012-07-19 18:46:45,36528,1,33.7973958333,-0.53474702381
2012-07-19 18:46:46,36529,1,32.9805059524,-0.816889880952
2012-07-19 18:46:47,36530,1,32.0726190476,-0.907886904762
2012-07-19 18:46:48,36531,1,31.3712797619,-0.701339285714
2012-07-19 18:46:49,36532,1,31.1794642857,-0.19181547619
2012-07-19 18:46:50,36533,1,31.6313988095,0.45193452381
2012-07-19 18:46:51,36534,1,32.6027529762,0.971354166667
2012-07-19 18:46:52,36535,1,33.821875,1.21912202381
2012-07-19 18:46:53,36536,1,35.0638392857,1.24196428571
2012-07-19 18:46:54,36537,1,36.2572172619,1.19337797619
2012-07-19 18:46:55,36538,1,37.4550595238,1.1978422619
2012-07-19 18:46:56,36539,1,38.7058779762,1.25081845238
2012-07-19 18:46:57,36540,1,39.949702381,1.24382440476
2012-07-19 18:46:58,36541,1,41.0448660714,1.09516369048
2012-07-19 18:46:59,36542,1,41.8462053571,0.801339285714
2012-07-19 18:47:00,36543,1,42.2210565476,0.374851190476
2012-07-19 18:47:01,36544,1,42.0669642857,-0.154092261905
2012-07-19 18:47:02,36545,1,41.412797619,-0.654166666667
2012-07-19 18:47:03,36546,1,40.4881696429,-0.924627976191
2012-07-19 18:47:04,36547,1,39.6352678571,-0.852901785714
2012-07-19 18:47:05,36548,1,39.1286458333,-0.50662202381
2012-07-19 18:47:06,36549,1,39.0304315476,-0.0982142857143
2012-07-19 18:47:07,36550,1,39.176860119,0.146428571429
2012-07-19 18:47:08,36551,1,39.3305803571,0.153720238095
2012-07-19 18:47:09,36552,1,39.3551339286,0.0245535714285
2012-07-19 18:47:10,36553,1,39.1902529762,-0.164880952381
2012-07-19 18:47:11,36554,1,38.6520833333,-0.538169642857
2012-07-19 18:47:12,36555,1,37.3766369048,-1.27544642857
2012-07-19 18:47:13,36556,1,35.0836309524,-2.29300595238
2012-07-19 18:47:14,36557,1,31.908110119,-3.17552083333
2012-07-19 18:47:15,36558,1,28.4602678571,-3.4478422619
2012-07-19 18:47:16,36559,1,25.5389880952,-2.9212797619
2012-07-19 18:47:17,36560,1,23.6585565476,-1.88043154762
2012-07-19 18:47:18,36561,1,22.7007440476,-0.9578125
2012-07-19 18:47:19,36562,1,21.9891369048,-0.711607142857
2012-07-19 18:47:20,36563,1,20.7538690476,-1.23526785714
2012-07-19 18:47:21,36564,1,18.6022321429,-2.15163690476
2012-07-19 18:47:22,36565,1,15.6604414683,-2.9417906746
2012-07-19 18:47:23,36566,1,12.3842757937,-3.2761656746
2012-07-19 18:47:24,36567,1,9.25163690476,-3.13263888889
2012-07-19 18:47:25,36568,1,6.58058035714,-2.67105654762
2012-07-19 18:47:26,36569,1,4.56205357143,-2.01852678571
2012-07-19 18:47:27,36570,1,3.33571428571,-1.22633928571
2012-07-19 18:47:28,36571,1,2.92085813492,-0.414856150794
2012-07-19 18:47:29,36572,1,3.05987103175,0.139012896825
2012-07-19 18:47:30,36573,1,3.21220238095,0.152331349206
2012-07-19 18:47:31,36574,1,2.86063988095,-0.3515625
2012-07-19 18:47:32,36575,1,1.99494047619,-0.865699404762
2012-07-19 18:47:33,36576,1,0.0,-1.99494047619
2012-07-19 18:48:06,36609,33,0.0,0.0
2012-07-19 18:48:07,36610,1,4.56016865079,4.56016865079
2012-07-19 18:48:08,36611,1,8.73080357143,4.17063492063
2012-07-19 18:48:09,36612,1,13.6995535714,4.96875
2012-07-19 18:48:10,36613,1,18.6791666667,4.97961309524
2012-07-19 18:48:11,36614,1,23.208110119,4.52894345238
2012-07-19 18:48:12,36615,1,27.1354166667,3.92730654762
2012-07-19 18:48:13,36616,1,30.4548363095,3.31941964286
2012-07-19 18:48:14,36617,1,33.1860863095,2.73125
2012-07-19 18:48:15,36618,1,35.3781994048,2.19211309524
2012-07-19 18:48:16,36619,1,37.1369047619,1.75870535714
2012-07-19 18:48:17,36620,1,38.584375,1.4474702381
2012-07-19 18:48:18,36621,1,39.7882440476,1.20386904762
2012-07-19 18:48:19,36622,1,40.7488095238,0.96056547619
2012-07-19 18:48:20,36623,1,41.452827381,0.704017857143
2012-07-19 18:48:21,36624,1,41.9277529762,0.474925595238
2012-07-19 18:48:22,36625,1,42.250297619,0.322544642857
2012-07-19 18:48:23,36626,1,42.5083333333,0.258035714286
2012-07-19 18:48:24,36627,1,42.7514136905,0.243080357143
2012-07-19 18:48:25,36628,1,42.9816964286,0.230282738095
2012-07-19 18:48:26,36629,1,43.1874255952,0.205729166667
2012-07-19 18:48:27,36630,1,43.3711309524,0.183705357143
2012-07-19 18:48:28,36631,1,43.5493303571,0.178199404762
2012-07-19 18:48:29,36632,1,43.7328869048,0.183556547619
2012-07-19 18:48:30,36633,1,43.9094494048,0.1765625
2012-07-19 18:48:31,36634,1,44.0523065476,0.142857142857
2012-07-19 18:48:32,36635,1,44.1473958333,0.0950892857143
2012-07-19 18:48:33,36636,1,44.2107142857,0.063318452381
2012-07-19 18:48:34,36637,1,44.2854910714,0.0747767857143
2012-07-19 18:48:35,36638,1,44.4192708333,0.133779761905
2012-07-19 18:48:36,36639,1,44.637202381,0.217931547619
2012-07-19 18:48:37,36640,1,44.9363095238,0.299107142857
2012-07-19 18:48:38,36641,1,45.2930059524,0.356696428571
2012-07-19 18:48:39,36642,1,45.6601934524,0.3671875
2012-07-19 18:48:40,36643,1,45.9636904762,0.30349702381
2012-07-19 18:48:41,36644,1,46.1217261905,0.158035714286
2012-07-19 18:48:42,36645,1,46.0832589286,-0.0384672619048
2012-07-19 18:48:43,36646,1,45.8598958333,-0.223363095238
2012-07-19 18:48:44,36647,1,45.5270089286,-0.332886904762
2012-07-19 18:48:45,36648,1,45.1898065476,-0.337202380952
2012-07-19 18:48:46,36649,1,44.9363095238,-0.25349702381
2012-07-19 18:48:47,36650,1,44.8040178571,-0.132291666667
2012-07-19 18:48:48,36651,1,44.7776041667,-0.0264136904762
2012-07-19 18:48:49,36652,1,44.8126488095,0.0350446428571
2012-07-19 18:48:50,36653,1,44.863764881,0.0511160714286
2012-07-19 18:48:51,36654,1,44.8993303571,0.0355654761905
2012-07-19 18:48:52,36655,1,44.8866815476,-0.0126488095239
2012-07-19 18:48:53,36656,1,44.7837797619,-0.102901785714
2012-07-19 18:48:54,36657,1,44.5865327381,-0.19724702381
2012-07-19 18:48:55,36658,1,44.3522321429,-0.234300595238
2012-07-19 18:48:56,36659,1,44.1420386905,-0.210193452381
2012-07-19 18:48:57,36660,1,43.9770833333,-0.164955357143
2012-07-19 18:48:58,36661,1,43.8332589286,-0.143824404762
2012-07-19 18:48:59,36662,1,43.648139881,-0.185119047619
2012-07-19 18:49:00,36663,1,43.3775297619,-0.270610119048
2012-07-19 18:49:01,36664,1,43.0396577381,-0.33787202381
2012-07-19 18:49:02,36665,1,42.6792410714,-0.360416666667
2012-07-19 18:49:03,36666,1,42.3358630952,-0.34337797619
2012-07-19 18:49:04,36667,1,42.0447916667,-0.291071428571
2012-07-19 18:49:05,36668,1,41.8155505952,-0.229241071429
2012-07-19 18:49:06,36669,1,41.6136160714,-0.201934523809
2012-07-19 18:49:07,36670,1,41.3767857143,-0.236830357143
2012-07-19 18:49:08,36671,1,41.0465029762,-0.330282738095
2012-07-19 18:49:09,36672,1,40.6044642857,-0.442038690476
2012-07-19 18:49:10,36673,1,40.0983630952,-0.506101190476
2012-07-19 18:49:11,36674,1,39.6242559524,-0.474107142857
2012-07-19 18:49:12,36675,1,39.2645833333,-0.359672619048
2012-07-19 18:49:13,36676,1,39.0320684524,-0.232514880952
2012-07-19 18:49:14,36677,1,38.8764880952,-0.155580357143
2012-07-19 18:49:15,36678,1,38.7400297619,-0.136458333333
2012-07-19 18:49:16,36679,1,38.5863095238,-0.153720238095
2012-07-19 18:49:17,36680,1,38.3613095238,-0.225
2012-07-19 18:49:18,36681,1,37.9252232143,-0.436086309524
2012-07-19 18:49:19,36682,1,37.0540922619,-0.871130952381
2012-07-19 18:49:20,36683,1,35.5550595238,-1.4990327381
2012-07-19 18:49:21,36684,1,33.3854166667,-2.16964285714
2012-07-19 18:49:22,36685,1,30.6486607143,-2.73675595238
2012-07-19 18:49:23,36686,1,27.5005952381,-3.14806547619
2012-07-19 18:49:24,36687,1,24.0849702381,-3.415625
2012-07-19 18:49:25,36688,1,20.5414434524,-3.54352678571
2012-07-19 18:49:26,36689,1,17.0254092262,-3.51603422619
2012-07-19 18:49:27,36690,1,13.6720238095,-3.35338541667
2012-07-19 18:49:28,36691,1,10.5308035714,-3.1412202381
2012-07-19 18:49:29,36692,1,7.57418154762,-2.95662202381
2012-07-19 18:49:30,36693,1,4.83400297619,-2.74017857143
2012-07-19 18:49:31,36694,1,2.56212797619,-2.271875
2012-07-19 18:49:32,36695,1,0.0,-2.56212797619
2012-07-19 18:50:17,36740,45,0.0,0.0
2012-07-19 18:50:18,36741,1,1.77726934524,1.77726934524
2012-07-19 18:50:19,36742,1,3.29858630952,1.52131696429
2012-07-19 18:50:20,36743,1,5.39077380952,2.0921875
2012-07-19 18:50:21,36744,1,8.04248511905,2.65171130952
2012-07-19 18:50:22,36745,1,10.98125,2.93876488095
2012-07-19 18:50:23,36746,1,13.56875,2.5875
2012-07-19 18:50:24,36747,1,15.1984375,1.6296875
2012-07-19 18:50:25,36748,1,15.7269345238,0.528497023809
2012-07-19 18:50:26,36749,1,15.4828869048,-0.244047619048
2012-07-19 18:50:27,36750,1,14.9509672619,-0.531919642857
2012-07-19 18:50:28,36751,1,14.4813988095,-0.469568452381
2012-07-19 18:50:29,36752,1,14.2110119048,-0.270386904762
2012-07-19 18:50:30,36753,1,14.1502232143,-0.0607886904762
2012-07-19 18:50:31,36754,1,14.2830357143,0.1328125
2012-07-19 18:50:32,36755,1,14.603125,0.320089285714
2012-07-19 18:50:33,36756,1,15.123139881,0.520014880952
2012-07-19 18:50:34,36757,1,15.8895833333,0.766443452381
2012-07-19 18:50:35,36758,1,16.9757440476,1.08616071429
2012-07-19 18:50:36,36759,1,18.4334821429,1.45773809524
2012-07-19 18:50:37,36760,1,20.2399553571,1.80647321429
2012-07-19 18:50:38,36761,1,22.2858630952,2.0459077381
2012-07-19 18:50:39,36762,1,24.4144345238,2.12857142857
2012-07-19 18:50:40,36763,1,26.4631696429,2.04873511905
2012-07-19 18:50:41,36764,1,28.2494791667,1.78630952381
2012-07-19 18:50:42,36765,1,29.5357886905,1.28630952381
2012-07-19 18:50:43,36766,1,30.0672619048,0.531473214286
2012-07-19 18:50:44,36767,1,29.6758928571,-0.391369047619
2012-07-19 18:50:45,36768,1,28.3461309524,-1.32976190476
2012-07-19 18:50:46,36769,1,26.2046130952,-2.14151785714
2012-07-19 18:50:47,36770,1,23.4949404762,-2.70967261905
2012-07-19 18:50:48,36771,1,20.5588541667,-2.93608630952
2012-07-19 18:50:49,36772,1,17.8118303571,-2.74702380952
2012-07-19 18:50:50,36773,1,15.7113095238,-2.10052083333
2012-07-19 18:50:51,36774,1,14.6527529762,-1.05855654762
2012-07-19 18:50:52,36775,1,14.7912202381,0.138467261905
2012-07-19 18:50:53,36776,1,15.9439732143,1.15275297619
2012-07-19 18:50:54,36777,1,17.66875,1.72477678571
2012-07-19 18:50:55,36778,1,19.4626488095,1.79389880952
2012-07-19 18:50:56,36779,1,20.9511904762,1.48854166667
2012-07-19 18:50:57,36780,1,21.9439732143,0.992782738095
2012-07-19 18:50:58,36781,1,22.4006696429,0.456696428571
2012-07-19 18:50:59,36782,1,22.4331845238,0.0325148809524
2012-07-19 18:51:00,36783,1,22.313764881,-0.119419642857
2012-07-19 18:51:01,36784,1,22.3876488095,0.0738839285714
2012-07-19 18:51:02,36785,1,22.8995535714,0.511904761905
2012-07-19 18:51:03,36786,1,23.8507440476,0.95119047619
2012-07-19 18:51:04,36787,1,25.0108630952,1.16011904762
2012-07-19 18:51:05,36788,1,26.0755952381,1.06473214286
2012-07-19 18:51:06,36789,1,26.8300595238,0.754464285714
2012-07-19 18:51:07,36790,1,27.2296130952,0.399553571429
2012-07-19 18:51:08,36791,1,27.4035714286,0.173958333333
2012-07-19 18:51:09,36792,1,27.5765625,0.172991071429
2012-07-19 18:51:10,36793,1,27.9218005952,0.345238095238
2012-07-19 18:51:11,36794,1,28.4521577381,0.530357142857
2012-07-19 18:51:12,36795,1,29.0484375,0.596279761905
2012-07-19 18:51:13,36796,1,29.5836309524,0.535193452381
2012-07-19 18:51:14,36797,1,30.0045386905,0.420907738095
2012-07-19 18:51:15,36798,1,30.3108630952,0.306324404762
2012-07-19 18:51:16,36799,1,30.5043154762,0.193452380952
2012-07-19 18:51:17,36800,1,30.571875,0.0675595238095
2012-07-19 18:51:18,36801,1,30.487797619,-0.0840773809524
2012-07-19 18:51:19,36802,1,30.2175595238,-0.270238095238
2012-07-19 18:51:20,36803,1,29.7324404762,-0.485119047619
2012-07-19 18:51:21,36804,1,29.038764881,-0.693675595238
2012-07-19 18:51:22,36805,1,28.2079613095,-0.830803571429
2012-07-19 18:51:23,36806,1,27.3650297619,-0.842931547619
2012-07-19 18:51:24,36807,1,26.6151785714,-0.749851190476
2012-07-19 18:51:25,36808,1,25.9767113095,-0.638467261905
2012-07-19 18:51:26,36809,1,25.4022321429,-0.574479166667
2012-07-19 18:51:27,36810,1,24.8599702381,-0.542261904762
2012-07-19 18:51:28,36811,1,24.3822916667,-0.477678571429
2012-07-19 18:51:29,36812,1,24.0479910714,-0.334300595238
2012-07-19 18:51:30,36813,1,23.9130952381,-0.134895833333
2012-07-19 18:51:31,36814,1,23.9298363095,0.0167410714286
2012-07-19 18:51:32,36815,1,23.9389136905,0.0090773809524
2012-07-19 18:51:33,36816,1,23.7570684524,-0.181845238095
2012-07-19 18:51:34,36817,1,23.2729166667,-0.484151785714
2012-07-19 18:51:35,36818,1,22.4931547619,-0.779761904762
2012-07-19 18:51:36,36819,1,21.5503720238,-0.942782738095
2012-07-19 18:51:37,36820,1,20.694047619,-0.856324404762
2012-07-19 18:51:38,36821,1,20.2545386905,-0.439508928571
2012-07-19 18:51:39,36822,1,20.516889881,0.262351190476
2012-07-19 18:51:40,36823,1,21.5144345238,0.997544642857
2012-07-19 18:51:41,36824,1,22.9258184524,1.41138392857
2012-07-19 18:51:42,36825,1,24.2311011905,1.3052827381
2012-07-19 18:51:43,36826,1,25.0252232143,0.794122023809
2012-07-19 18:51:44,36827,1,25.2216517857,0.196428571429
2012-07-19 18:51:45,36828,1,24.9982886905,-0.223363095238
2012-07-19 18:51:46,36829,1,24.5985119048,-0.399776785714
2012-07-19 18:51:47,36830,1,24.2124255952,-0.386086309524
2012-07-19 18:51:48,36831,1,24.0040922619,-0.208333333333
2012-07-19 18:51:49,36832,1,24.140327381,0.136235119048
2012-07-19 18:51:50,36833,1,24.7201636905,0.579836309524
2012-07-19 18:51:51,36834,1,25.6980654762,0.977901785714
2012-07-19 18:51:52,36835,1,26.9120535714,1.21398809524
2012-07-19 18:51:53,36836,1,28.1902529762,1.27819940476
2012-07-19 18:51:54,36837,1,29.4287202381,1.2384672619
2012-07-19 18:51:55,36838,1,30.5806547619,1.15193452381
2012-07-19 18:51:56,36839,1,31.6127232143,1.03206845238
2012-07-19 18:51:57,36840,1,32.4972470238,0.884523809524
2012-07-19 18:51:58,36841,1,33.2195684524,0.722321428571
2012-07-19 18:51:59,36842,1,33.7828125,0.563244047619
2012-07-19 18:52:00,36843,1,34.2178571429,0.435044642857
2012-07-19 18:52:01,36844,1,34.5702380952,0.352380952381
2012-07-19 18:52:02,36845,1,34.8711309524,0.300892857143
2012-07-19 18:52:03,36846,1,35.120610119,0.249479166667
2012-07-19 18:52:04,36847,1,35.2676339286,0.147023809524
2012-07-19 18:52:05,36848,1,35.217485119,-0.0501488095238
2012-07-19 18:52:06,36849,1,34.9022321429,-0.315252976191
2012-07-19 18:52:07,36850,1,34.34375,-0.558482142857
2012-07-19 18:52:08,36851,1,33.6511160714,-0.692633928571
2012-07-19 18:52:09,36852,1,32.9802083333,-0.670907738095
2012-07-19 18:52:10,36853,1,32.4867559524,-0.493452380952
2012-07-19 18:52:11,36854,1,32.2825892857,-0.204166666667
2012-07-19 18:52:12,36855,1,32.3904761905,0.107886904762
2012-07-19 18:52:13,36856,1,32.7072916667,0.31681547619
2012-07-19 18:52:14,36857,1,33.0257440476,0.318452380952
2012-07-19 18:52:15,36858,1,33.1263392857,0.100595238095
2012-07-19 18:52:16,36859,1,32.8758928571,-0.250446428571
2012-07-19 18:52:17,36860,1,32.2689732143,-0.606919642857
2012-07-19 18:52:18,36861,1,31.3816964286,-0.887276785714
2012-07-19 18:52:19,36862,1,30.2659970238,-1.11569940476
2012-07-19 18:52:20,36863,1,28.8991815476,-1.36681547619
2012-07-19 18:52:21,36864,1,27.2523809524,-1.64680059524
2012-07-19 18:52:22,36865,1,25.365327381,-1.88705357143
2012-07-19 18:52:23,36866,1,23.3249255952,-2.04040178571
2012-07-19 18:52:24,36867,1,21.2223958333,-2.1025297619
2012-07-19 18:52:25,36868,1,19.1584821429,-2.06391369048
2012-07-19 18:52:26,36869,1,17.2492559524,-1.90922619048
2012-07-19 18:52:27,36870,1,15.6021577381,-1.64709821429
2012-07-19 18:52:28,36871,1,14.2710565476,-1.33110119048
2012-07-19 18:52:29,36872,1,13.23125,-1.03980654762
2012-07-19 18:52:30,36873,1,12.4505208333,-0.780729166667
2012-07-19 18:52:31,36874,1,11.9833333333,-0.4671875
2012-07-19 18:52:32,36875,1,11.9141369048,-0.0691964285714
2012-07-19 18:52:33,36876,1,12.204985119,0.290848214286
2012-07-19 18:52:34,36877,1,12.6541666667,0.449181547619
2012-07-19 18:52:35,36878,1,13.0081845238,0.354017857143
2012-07-19 18:52:36,36879,1,13.115327381,0.107142857143
2012-07-19 18:52:37,36880,1,12.9920386905,-0.123288690476
2012-07-19 18:52:38,36881,1,12.748735119,-0.243303571429
2012-07-19 18:52:39,36882,1,12.4688988095,-0.279836309524
2012-07-19 18:52:40,36883,1,12.1645089286,-0.304389880952
2012-07-19 18:52:41,36884,1,11.8053571429,-0.359151785714
2012-07-19 18:52:42,36885,1,11.361235119,-0.444122023809
2012-07-19 18:52:43,36886,1,10.8328869048,-0.528348214286
2012-07-19 18:52:44,36887,1,10.2579613095,-0.574925595238
2012-07-19 18:52:45,36888,1,9.68474702381,-0.573214285714
2012-07-19 18:52:46,36889,1,9.1427827381,-0.541964285714
2012-07-19 18:52:47,36890,1,8.63645833333,-0.506324404762
2012-07-19 18:52:48,36891,1,8.14598214286,-0.490476190476
2012-07-19 18:52:49,36892,1,7.62016369048,-0.525818452381
2012-07-19 18:52:50,36893,1,6.97879464286,-0.641369047619
2012-07-19 18:52:51,36894,1,6.15208333333,-0.826711309524
2012-07-19 18:52:52,36895,1,5.15308779762,-0.998995535714
2012-07-19 18:52:53,36896,1,4.11530877976,-1.03777901786
2012-07-19 18:52:54,36897,1,3.23411458333,-0.881194196429
2012-07-19 18:52:55,36898,1,2.66170014881,-0.572414434524
2012-07-19 18:52:56,36899,1,2.44014136905,-0.221558779762
2012-07-19 18:52:57,36900,1,2.49897693452,0.0588355654762
2012-07-19 18:52:58,36901,1,2.73493303571,0.23595610119
2012-07-19 18:52:59,36902,1,3.14263392857,0.407700892857
2012-07-19 18:53:00,36903,1,3.86506696429,0.722433035714
2012-07-19 18:53:01,36904,1,5.09425223214,1.22918526786
2012-07-19 18:53:02,36905,1,6.90970982143,1.81545758929
2012-07-19 18:53:03,36906,1,9.18011532738,2.27040550595
2012-07-19 18:53:04,36907,1,11.6052455357,2.42513020833
2012-07-19 18:53:05,36908,1,13.8833519345,2.27810639881
2012-07-19 18:53:06,36909,1,15.8640997024,1.98074776786
2012-07-19 18:53:07,36910,1,17.561235119,1.69713541667
2012-07-19 18:53:08,36911,1,19.0665922619,1.50535714286
2012-07-19 18:53:09,36912,1,20.4765625,1.4099702381
2012-07-19 18:53:10,36913,1,21.861235119,1.38467261905
2012-07-19 18:53:11,36914,1,23.2546875,1.39345238095
2012-07-19 18:53:12,36915,1,24.6575892857,1.40290178571
2012-07-19 18:53:13,36916,1,26.0470982143,1.38950892857
2012-07-19 18:53:14,36917,1,27.3913690476,1.34427083333
2012-07-19 18:53:15,36918,1,28.6671130952,1.27574404762
2012-07-19 18:53:16,36919,1,29.8639136905,1.19680059524
2012-07-19 18:53:17,36920,1,30.9720982143,1.10818452381
2012-07-19 18:53:18,36921,1,31.9765625,1.00446428571
2012-07-19 18:53:19,36922,1,32.8633928571,0.886830357143
2012-07-19 18:53:20,36923,1,33.6229910714,0.759598214286
2012-07-19 18:53:21,36924,1,34.2355654762,0.612574404762
2012-07-19 18:53:22,36925,1,34.6491071429,0.413541666667
2012-07-19 18:53:23,36926,1,34.7875,0.138392857143
2012-07-19 18:53:24,36927,1,34.599702381,-0.187797619048
2012-07-19 18:53:25,36928,1,34.109375,-0.490327380952
2012-07-19 18:53:26,36929,1,33.432514881,-0.676860119048
2012-07-19 18:53:27,36930,1,32.7555059524,-0.677008928571
2012-07-19 18:53:28,36931,1,32.272172619,-0.483333333333
2012-07-19 18:53:29,36932,1,32.1090029762,-0.163169642857
2012-07-19 18:53:30,36933,1,32.2802827381,0.171279761905
2012-07-19 18:53:31,36934,1,32.685639881,0.405357142857
2012-07-19 18:53:32,36935,1,33.1525297619,0.466889880952
2012-07-19 18:53:33,36936,1,33.512202381,0.359672619048
2012-07-19 18:53:34,36937,1,33.658110119,0.145907738095
2012-07-19 18:53:35,36938,1,33.5540922619,-0.104017857143
2012-07-19 18:53:36,36939,1,33.2269345238,-0.327157738095
2012-07-19 18:53:37,36940,1,32.7691964286,-0.457738095238
2012-07-19 18:53:38,36941,1,32.3185267857,-0.450669642857
2012-07-19 18:53:39,36942,1,31.9941220238,-0.324404761905
2012-07-19 18:53:40,36943,1,31.8049107143,-0.189211309524
2012-07-19 18:53:41,36944,1,31.555952381,-0.248958333333
2012-07-19 18:53:42,36945,1,30.8590029762,-0.696949404762
2012-07-19 18:53:43,36946,1,29.3420386905,-1.51696428571
2012-07-19 18:53:44,36947,1,26.9067708333,-2.43526785714
2012-07-19 18:53:45,36948,1,23.7744791667,-3.13229166667
2012-07-19 18:53:46,36949,1,20.3144345238,-3.46004464286
2012-07-19 18:53:47,36950,1,16.8536458333,-3.46078869048
2012-07-19 18:53:48,36951,1,13.5941592262,-3.25948660714
2012-07-19 18:53:49,36952,1,10.654985119,-2.93917410714
2012-07-19 18:53:50,36953,1,8.16142113095,-2.4935639881
2012-07-19 18:53:51,36954,1,6.2369047619,-1.92451636905
2012-07-19 18:53:52,36955,1,4.90744047619,-1.32946428571
2012-07-19 18:53:53,36956,1,4.07827380952,-0.829166666667
2012-07-19 18:53:54,36957,1,3.59479166667,-0.483482142857
2012-07-19 18:53:55,36958,1,3.30074404762,-0.294047619048
2012-07-19 18:53:56,36959,1,3.09955357143,-0.20119047619
2012-07-19 18:53:57,36960,1,2.98891369048,-0.110639880952
2012-07-19 18:53:58,36961,1,2.99047619048,0.0015625
2012-07-19 18:53:59,36962,1,3.0259672619,0.0354910714286
2012-07-19 18:54:00,36963,1,2.87979910714,-0.146168154762
2012-07-19 18:54:01,36964,1,2.34791666667,-0.531882440476
2012-07-19 18:54:02,36965,1,1.52109375,-0.826822916667
2012-07-19 18:54:03,36966,1,0.0,-1.52109375
2012-07-19 18:54:37,37000,34,0.0,0.0
2012-07-19 18:54:38,37001,1,2.28407738095,2.28407738095
2012-07-19 18:54:39,37002,1,4.13206845238,1.84799107143
2012-07-19 18:54:40,37003,1,6.04880952381,1.91674107143
2012-07-19 18:54:41,37004,1,7.54650297619,1.49769345238
2012-07-19 18:54:42,37005,1,8.37916666667,0.832663690476
2012-07-19 18:54:43,37006,1,8.60788690476,0.228720238095
2012-07-19 18:54:44,37007,1,8.59933035714,-0.00855654761904
2012-07-19 18:54:45,37008,1,8.81800595238,0.218675595238
2012-07-19 18:54:46,37009,1,9.53355654762,0.715550595238
2012-07-19 18:54:47,37010,1,10.7113095238,1.17775297619
2012-07-19 18:54:48,37011,1,12.0998511905,1.38854166667
2012-07-19 18:54:49,37012,1,13.3933779762,1.29352678571
2012-07-19 18:54:50,37013,1,14.3921130952,0.998735119048
2012-07-19 18:54:51,37014,1,15.0669642857,0.674851190476
2012-07-19 18:54:52,37015,1,15.4976190476,0.430654761905
2012-07-19 18:54:53,37016,1,15.7697172619,0.272098214286
2012-07-19 18:54:54,37017,1,15.9152529762,0.145535714286
2012-07-19 18:54:55,37018,1,15.9395089286,0.0242559523809
2012-07-19 18:54:56,37019,1,15.9,-0.0395089285714
2012-07-19 18:54:57,37020,1,15.9088541667,0.0088541666667
2012-07-19 18:54:58,37021,1,16.0214285714,0.112574404762
2012-07-19 18:54:59,37022,1,16.1526785714,0.13125
2012-07-19 18:55:00,37023,1,16.1436011905,-0.0090773809524
2012-07-19 18:55:01,37024,1,15.917485119,-0.226116071429
2012-07-19 18:55:02,37025,1,15.55,-0.367485119048
2012-07-19 18:55:03,37026,1,15.175,-0.375
2012-07-19 18:55:04,37027,1,14.865327381,-0.309672619048
2012-07-19 18:55:05,37028,1,14.6549107143,-0.210416666667
2012-07-19 18:55:06,37029,1,14.6405505952,-0.0143601190476
2012-07-19 18:55:07,37030,1,14.9747767857,0.334226190476
2012-07-19 18:55:08,37031,1,15.719047619,0.744270833333
2012-07-19 18:55:09,37032,1,16.7111607143,0.992113095238
2012-07-19 18:55:10,37033,1,17.6008928571,0.889732142857
2012-07-19 18:55:11,37034,1,18.041889881,0.44099702381
2012-07-19 18:55:12,37035,1,17.8418154762,-0.200074404762
2012-07-19 18:55:13,37036,1,16.9312003968,-0.910615079365
2012-07-19 18:55:14,37037,1,15.2729662698,-1.65823412698
2012-07-19 18:55:15,37038,1,12.902827381,-2.37013888889
2012-07-19 18:55:16,37039,1,10.0744295635,-2.82839781746
2012-07-19 18:55:17,37040,1,7.28673115079,-2.7876984127
2012-07-19 18:55:18,37041,1,5.07008928571,-2.21664186508
2012-07-19 18:55:19,37042,1,3.69499007937,-1.37509920635
2012-07-19 18:55:20,37043,1,3.05828373016,-0.636706349206
2012-07-19 18:55:21,37044,1,2.82767857143,-0.23060515873
2012-07-19 18:55:22,37045,1,2.69548611111,-0.132192460317
2012-07-19 18:55:23,37046,1,2.51068948413,-0.184796626984
2012-07-19 18:55:24,37047,1,2.29382440476,-0.216865079365
2012-07-19 18:55:25,37048,1,2.29685019841,0.0030257936508
2012-07-19 18:55:26,37049,1,2.96520337302,0.668353174603
2012-07-19 18:55:27,37050,1,4.59955357143,1.63435019841
2012-07-19 18:55:28,37051,1,6.99578373016,2.39623015873
2012-07-19 18:55:29,37052,1,9.46924603175,2.47346230159
2012-07-19 18:55:30,37053,1,11.2758184524,1.80657242063
2012-07-19 18:55:31,37054,1,12.0772569444,0.801438492063
2012-07-19 18:55:32,37055,1,12.0070436508,-0.0702132936507
2012-07-19 18:55:33,37056,1,11.3272321429,-0.679811507937
2012-07-19 18:55:34,37057,1,10.1948660714,-1.13236607143
2012-07-19 18:55:35,37058,1,8.78601190476,-1.40885416667
2012-07-19 18:55:36,37059,1,7.43943452381,-1.34657738095
2012-07-19 18:55:37,37060,1,6.5322172619,-0.907217261905
2012-07-19 18:55:38,37061,1,6.21108630952,-0.321130952381
2012-07-19 18:55:39,37062,1,6.27418154762,0.0630952380952
2012-07-19 18:55:40,37063,1,6.33511904762,0.0609375
2012-07-19 18:55:41,37064,1,6.1125,-0.222619047619
2012-07-19 18:55:42,37065,1,5.59962797619,-0.51287202381
2012-07-19 18:55:43,37066,1,5.01904761905,-0.580580357143
2012-07-19 18:55:44,37067,1,4.63876488095,-0.380282738095
2012-07-19 18:55:45,37068,1,4.60848214286,-0.0302827380952
2012-07-19 18:55:46,37069,1,4.9165922619,0.308110119048
2012-07-19 18:55:47,37070,1,5.45751488095,0.540922619048
2012-07-19 18:55:48,37071,1,6.13578869048,0.678273809524
2012-07-19 18:55:49,37072,1,6.8959077381,0.760119047619
2012-07-19 18:55:50,37073,1,7.64791666667,0.752008928571
2012-07-19 18:55:51,37074,1,8.22254464286,0.57462797619
2012-07-19 18:55:52,37075,1,8.4709077381,0.248363095238
2012-07-19 18:55:53,37076,1,8.41294642857,-0.0579613095238
2012-07-19 18:55:54,37077,1,8.23556547619,-0.177380952381
2012-07-19 18:55:55,37078,1,8.1334077381,-0.102157738095
2012-07-19 18:55:56,37079,1,8.17991071429,0.0465029761905
2012-07-19 18:55:57,37080,1,8.32023809524,0.140327380952
2012-07-19 18:55:58,37081,1,8.42204506803,0.101806972789
2012-07-19 18:55:59,37082,1,8.30147746599,-0.120567602041
2012-07-19 18:56:00,37083,1,7.74667304422,-0.554804421769
2012-07-19 18:56:01,37084,1,6.65289115646,-1.09378188776
2012-07-19 18:56:02,37085,1,5.19348426871,-1.45940688776
2012-07-19 18:56:03,37086,1,3.78159013605,-1.41189413265
2012-07-19 18:56:04,37087,1,2.81104379252,-0.970546343537
2012-07-19 18:56:05,37088,1,2.4059204932,-0.40512329932
2012-07-19 18:56:06,37089,1,2.39013605442,-0.0157844387755
2012-07-19 18:56:07,37090,1,2.50606930272,0.115933248299
2012-07-19 18:56:08,37091,1,2.6387670068,0.132697704082
2012-07-19 18:56:09,37092,1,2.80208120748,0.16331420068
2012-07-19 18:56:10,37093,1,2.98604379252,0.183962585034
2012-07-19 18:56:11,37094,1,3.10958120748,0.123537414966
2012-07-19 18:56:12,37095,1,3.10149872449,-0.00808248299319
2012-07-19 18:56:13,37096,1,2.96956207483,-0.13193664966
2012-07-19 18:56:14,37097,1,2.7962755102,-0.173286564626
2012-07-19 18:56:15,37098,1,2.67823767007,-0.118037840136
2012-07-19 18:56:16,37099,1,2.64921130952,-0.0290263605442
2012-07-19 18:56:17,37100,1,2.67072916667,0.0215178571429
2012-07-19 18:56:18,37101,1,2.69300595238,0.0222767857143
2012-07-19 18:56:19,37102,1,2.68827380952,-0.00473214285714
2012-07-19 18:56:20,37103,1,2.67802083333,-0.0102529761905
2012-07-19 18:56:21,37104,1,2.80938988095,0.131369047619
2012-07-19 18:56:22,37105,1,3.33029761905,0.520907738095
2012-07-19 18:56:23,37106,1,4.38867559524,1.05837797619
2012-07-19 18:56:24,37107,1,5.8787202381,1.49004464286
2012-07-19 18:56:25,37108,1,7.47386904762,1.59514880952
2012-07-19 18:56:26,37109,1,8.79055059524,1.31668154762
2012-07-19 18:56:27,37110,1,9.60614583333,0.815595238095
2012-07-19 18:56:28,37111,1,9.93886904762,0.332723214286
2012-07-19 18:56:29,37112,1,9.90915178571,-0.0297172619048
2012-07-19 18:56:30,37113,1,9.63154761905,-0.277604166667
2012-07-19 18:56:31,37114,1,9.24769345238,-0.383854166667
2012-07-19 18:56:32,37115,1,8.92857142857,-0.31912202381
2012-07-19 18:56:33,37116,1,8.76949404762,-0.159077380952
2012-07-19 18:56:34,37117,1,8.67180059524,-0.097693452381
2012-07-19 18:56:35,37118,1,8.3806547619,-0.291145833333
2012-07-19 18:56:36,37119,1,7.73668154762,-0.643973214286
2012-07-19 18:56:37,37120,1,6.90543154762,-0.83125
2012-07-19 18:56:38,37121,1,6.32581845238,-0.579613095238
2012-07-19 18:56:39,37122,1,6.40870535714,0.0828869047619
2012-07-19 18:56:40,37123,1,7.23683035714,0.828125
2012-07-19 18:56:41,37124,1,8.52410714286,1.28727678571
2012-07-19 18:56:42,37125,1,9.84322916667,1.31912202381
2012-07-19 18:56:43,37126,1,10.8593005952,1.01607142857
2012-07-19 18:56:44,37127,1,11.39375,0.534449404762
2012-07-19 18:56:45,37128,1,11.3900297619,-0.0037202380952
2012-07-19 18:56:46,37129,1,10.8877232143,-0.502306547619
2012-07-19 18:56:47,37130,1,10.0126488095,-0.875074404762
2012-07-19 18:56:48,37131,1,8.95543154762,-1.0572172619
2012-07-19 18:56:49,37132,1,7.93727678571,-1.0181547619
2012-07-19 18:56:50,37133,1,7.16510416667,-0.772172619048
2012-07-19 18:56:51,37134,1,6.78251488095,-0.382589285714
2012-07-19 18:56:52,37135,1,6.84389880952,0.0613839285714
2012-07-19 18:56:53,37136,1,7.30491071429,0.461011904762
2012-07-19 18:56:54,37137,1,8.01264880952,0.707738095238
2012-07-19 18:56:55,37138,1,8.73675595238,0.724107142857
2012-07-19 18:56:56,37139,1,9.25900297619,0.52224702381
2012-07-19 18:56:57,37140,1,9.46398809524,0.204985119048
2012-07-19 18:56:58,37141,1,9.35833333333,-0.105654761905
2012-07-19 18:56:59,37142,1,8.98080357143,-0.377529761905
2012-07-19 18:57:00,37143,1,8.29181547619,-0.688988095238
2012-07-19 18:57:01,37144,1,7.2134672619,-1.07834821429
2012-07-19 18:57:02,37145,1,5.80453869048,-1.40892857143
2012-07-19 18:57:03,37146,1,4.34828869048,-1.45625
2012-07-19 18:57:04,37147,1,3.2349702381,-1.11331845238
2012-07-19 18:57:05,37148,1,2.72425595238,-0.510714285714
2012-07-19 18:57:06,37149,1,2.73392857143,0.00967261904762
2012-07-19 18:57:07,37150,1,2.82671130952,0.0927827380952
2012-07-19 18:57:08,37151,1,2.51696428571,-0.30974702381
2012-07-19 18:57:09,37152,1,1.76101190476,-0.755952380952
2012-07-19 18:57:10,37153,1,0.0,-1.76101190476
2012-07-19 19:15:29,38252,1099,0.0,0.0
2012-07-19 19:15:30,38253,1,3.20870535714,3.20870535714
2012-07-19 19:15:31,38254,1,5.3681547619,2.15944940476
2012-07-19 19:15:32,38255,1,7.27083333333,1.90267857143
2012-07-19 19:15:33,38256,1,8.52745535714,1.25662202381
2012-07-19 19:15:34,38257,1,9.1625,0.635044642857
2012-07-19 19:15:35,38258,1,9.2994047619,0.136904761905
2012-07-19 19:15:36,38259,1,8.96964285714,-0.329761904762
2012-07-19 19:15:37,38260,1,8.20171130952,-0.767931547619
2012-07-19 19:15:38,38261,1,7.19181547619,-1.00989583333
2012-07-19 19:15:39,38262,1,6.2556547619,-0.936160714286
2012-07-19 19:15:40,38263,1,5.59382440476,-0.661830357143
2012-07-19 19:15:41,38264,1,5.18117559524,-0.412648809524
2012-07-19 19:15:42,38265,1,4.90282738095,-0.278348214286
2012-07-19 19:15:43,38266,1,4.74918154762,-0.153645833333
2012-07-19 19:15:44,38267,1,4.8484375,0.099255952381
2012-07-19 19:15:45,38268,1,5.30163690476,0.453199404762
2012-07-19 19:15:46,38269,1,6.01964285714,0.718005952381
2012-07-19 19:15:47,38270,1,6.78303571429,0.763392857143
2012-07-19 19:15:48,38271,1,7.4443452381,0.66130952381
2012-07-19 19:15:49,38272,1,8.00773809524,0.563392857143
2012-07-19 19:15:50,38273,1,8.53459821429,0.526860119048
2012-07-19 19:15:51,38274,1,9.04672619048,0.51212797619
2012-07-19 19:15:52,38275,1,9.5265625,0.479836309524
2012-07-19 19:15:53,38276,1,9.9537202381,0.427157738095
2012-07-19 19:15:54,38277,1,10.3124255952,0.358705357143
2012-07-19 19:15:55,38278,1,10.5806547619,0.268229166667
2012-07-19 19:15:56,38279,1,10.723139881,0.142485119048
2012-07-19 19:15:57,38280,1,10.6960565476,-0.0270833333334
2012-07-19 19:15:58,38281,1,10.4744047619,-0.221651785714
2012-07-19 19:15:59,38282,1,10.0728422619,-0.4015625
2012-07-19 19:16:00,38283,1,9.48883928571,-0.584002976191
2012-07-19 19:16:01,38284,1,8.6015625,-0.887276785714
2012-07-19 19:16:02,38285,1,7.20364583333,-1.39791666667
2012-07-19 19:16:03,38286,1,5.24241071429,-1.96123511905
2012-07-19 19:16:04,38287,1,3.10647321429,-2.1359375
2012-07-19 19:16:05,38288,1,0.0,-3.10647321429
2012-07-19 19:16:22,38305,17,0.0,0.0
2012-07-19 19:16:23,38306,1,2.72566964286,2.72566964286
2012-07-19 19:16:24,38307,1,4.43541666667,1.70974702381
2012-07-19 19:16:25,38308,1,5.77566964286,1.34025297619
2012-07-19 19:16:26,38309,1,6.3403125,0.564642857143
2012-07-19 19:16:27,38310,1,6.18267857143,-0.157633928571
2012-07-19 19:16:28,38311,1,5.56421130952,-0.618467261905
2012-07-19 19:16:29,38312,1,4.75867559524,-0.805535714286
2012-07-19 19:16:30,38313,1,3.99508928571,-0.763586309524
2012-07-19 19:16:31,38314,1,3.44691964286,-0.548169642857
2012-07-19 19:16:32,38315,1,3.200625,-0.246294642857
2012-07-19 19:16:33,38316,1,3.23619047619,0.0355654761905
2012-07-19 19:16:34,38317,1,3.45023809524,0.214047619048
2012-07-19 19:16:35,38318,1,3.72513392857,0.274895833333
2012-07-19 19:16:36,38319,1,3.99345238095,0.268318452381
2012-07-19 19:16:37,38320,1,4.23394345238,0.240491071429
2012-07-19 19:16:38,38321,1,4.46293154762,0.228988095238
2012-07-19 19:16:39,38322,1,4.79751488095,0.334583333333
2012-07-19 19:16:40,38323,1,5.47318452381,0.675669642857
2012-07-19 19:16:41,38324,1,6.69638392857,1.22319940476
2012-07-19 19:16:42,38325,1,8.44947916667,1.7530952381
2012-07-19 19:16:43,38326,1,10.4348511905,1.98537202381
2012-07-19 19:16:44,38327,1,12.2251488095,1.79029761905
2012-07-19 19:16:45,38328,1,13.5523660714,1.3272172619
2012-07-19 19:16:46,38329,1,14.5058184524,0.953452380952
2012-07-19 19:16:47,38330,1,15.4363839286,0.93056547619
2012-07-19 19:16:48,38331,1,16.6735119048,1.23712797619
2012-07-19 19:16:49,38332,1,18.3142857143,1.64077380952
2012-07-19 19:16:50,38333,1,20.1985863095,1.88430059524
2012-07-19 19:16:51,38334,1,22.0458333333,1.84724702381
2012-07-19 19:16:52,38335,1,23.6509672619,1.60513392857
2012-07-19 19:16:53,38336,1,24.9886904762,1.33772321429
2012-07-19 19:16:54,38337,1,26.1688244048,1.18013392857
2012-07-19 19:16:55,38338,1,27.3263392857,1.15751488095
2012-07-19 19:16:56,38339,1,28.5398065476,1.2134672619
2012-07-19 19:16:57,38340,1,29.8089285714,1.26912202381
2012-07-19 19:16:58,38341,1,31.0819940476,1.27306547619
2012-07-19 19:16:59,38342,1,32.2988095238,1.21681547619
2012-07-19 19:17:00,38343,1,33.3947916667,1.09598214286
2012-07-19 19:17:01,38344,1,34.2593005952,0.864508928571
2012-07-19 19:17:02,38345,1,34.7595238095,0.500223214286
2012-07-19 19:17:03,38346,1,34.8933035714,0.133779761905
2012-07-19 19:17:04,38347,1,34.8732142857,-0.0200892857143
2012-07-19 19:17:05,38348,1,34.9472470238,0.0740327380952
2012-07-19 19:17:06,38349,1,35.1345238095,0.187276785714
2012-07-19 19:17:07,38350,1,35.1920386905,0.0575148809524
2012-07-19 19:17:08,38351,1,34.8533482143,-0.338690476191
2012-07-19 19:17:09,38352,1,34.1005208333,-0.752827380952
2012-07-19 19:17:10,38353,1,33.1787202381,-0.921800595238
2012-07-19 19:17:11,38354,1,32.3276041667,-0.851116071428
2012-07-19 19:17:12,38355,1,31.5582589286,-0.769345238095
2012-07-19 19:17:13,38356,1,30.7071428571,-0.851116071429
2012-07-19 19:17:14,38357,1,29.608110119,-1.0990327381
2012-07-19 19:17:15,38358,1,28.1663690476,-1.44174107143
2012-07-19 19:17:16,38359,1,26.3256696429,-1.84069940476
2012-07-19 19:17:17,38360,1,24.0098660714,-2.31580357143
2012-07-19 19:17:18,38361,1,21.111264881,-2.89860119048
2012-07-19 19:17:19,38362,1,17.5927827381,-3.51848214286
2012-07-19 19:17:20,38363,1,13.6711458333,-3.92163690476
2012-07-19 19:17:21,38364,1,9.87061011905,-3.80053571429
2012-07-19 19:17:22,38365,1,6.79081845238,-3.07979166667
2012-07-19 19:17:23,38366,1,4.75375,-2.03706845238
2012-07-19 19:17:24,38367,1,3.67,-1.08375
2012-07-19 19:17:25,38368,1,3.27360119048,-0.396398809524
2012-07-19 19:17:26,38369,1,3.47132440476,0.197723214286
2012-07-19 19:17:27,38370,1,4.39712797619,0.925803571429
2012-07-19 19:17:28,38371,1,6.14880952381,1.75168154762
2012-07-19 19:17:29,38372,1,8.56412202381,2.4153125
2012-07-19 19:17:30,38373,1,11.2644345238,2.7003125
2012-07-19 19:17:31,38374,1,13.8753422619,2.6109077381
2012-07-19 19:17:32,38375,1,16.1968303571,2.32148809524
2012-07-19 19:17:33,38376,1,18.2038690476,2.00703869048
2012-07-19 19:17:34,38377,1,19.9513392857,1.7474702381
2012-07-19 19:17:35,38378,1,21.4863095238,1.5349702381
2012-07-19 19:17:36,38379,1,22.8033482143,1.31703869048
2012-07-19 19:17:37,38380,1,23.8586309524,1.0552827381
2012-07-19 19:17:38,38381,1,24.6277529762,0.76912202381
2012-07-19 19:17:39,38382,1,25.1553571429,0.527604166667
2012-07-19 19:17:40,38383,1,25.5482142857,0.392857142857
2012-07-19 19:17:41,38384,1,25.9076636905,0.359449404762
2012-07-19 19:17:42,38385,1,26.2671875,0.359523809524
2012-07-19 19:17:43,38386,1,26.5905505952,0.323363095238
2012-07-19 19:17:44,38387,1,26.8006696429,0.210119047619
2012-07-19 19:17:45,38388,1,26.8111607143,0.0104910714286
2012-07-19 19:17:46,38389,1,26.5645089286,-0.246651785714
2012-07-19 19:17:47,38390,1,26.0322916667,-0.532217261905
2012-07-19 19:17:48,38391,1,25.1494791667,-0.8828125
2012-07-19 19:17:49,38392,1,23.7544890873,-1.39499007937
2012-07-19 19:17:50,38393,1,21.6193204365,-2.13516865079
2012-07-19 19:17:51,38394,1,18.6161458333,-3.00317460317
2012-07-19 19:17:52,38395,1,14.9573660714,-3.6587797619
2012-07-19 19:17:53,38396,1,11.2463541667,-3.71101190476
2012-07-19 19:17:54,38397,1,8.23117559524,-3.01517857143
2012-07-19 19:17:55,38398,1,6.53134920635,-1.69982638889
2012-07-19 19:17:56,38399,1,6.47839781746,-0.0529513888889
2012-07-19 19:17:57,38400,1,7.99575892857,1.51736111111
2012-07-19 19:17:58,38401,1,10.5921875,2.59642857143
2012-07-19 19:17:59,38402,1,13.4962053571,2.90401785714
2012-07-19 19:18:00,38403,1,15.881547619,2.3853422619
2012-07-19 19:18:01,38404,1,17.2020337302,1.32048611111
2012-07-19 19:18:02,38405,1,17.3995287698,0.197495039683
2012-07-19 19:18:03,38406,1,16.713764881,-0.685763888889
2012-07-19 19:18:04,38407,1,15.3537946429,-1.3599702381
2012-07-19 19:18:05,38408,1,13.4648065476,-1.88898809524
2012-07-19 19:18:06,38409,1,11.3840029762,-2.08080357143
2012-07-19 19:18:07,38410,1,9.78385416667,-1.60014880952
2012-07-19 19:18:08,38411,1,9.40416666667,-0.3796875
2012-07-19 19:18:09,38412,1,10.5627232143,1.15855654762
2012-07-19 19:18:10,38413,1,12.8970238095,2.33430059524
2012-07-19 19:18:11,38414,1,15.5560267857,2.65900297619
2012-07-19 19:18:12,38415,1,17.6689732143,2.11294642857
2012-07-19 19:18:13,38416,1,18.6979910714,1.02901785714
2012-07-19 19:18:14,38417,1,18.4447172619,-0.253273809524
2012-07-19 19:18:15,38418,1,16.8972470238,-1.5474702381
2012-07-19 19:18:16,38419,1,14.237797619,-2.65944940476
2012-07-19 19:18:17,38420,1,11.0294642857,-3.20833333333
2012-07-19 19:18:18,38421,1,8.25915178571,-2.7703125
2012-07-19 19:18:19,38422,1,6.96473214286,-1.29441964286
2012-07-19 19:18:20,38423,1,7.63712797619,0.672395833333
2012-07-19 19:18:21,38424,1,9.90885416667,2.27172619048
2012-07-19 19:18:22,38425,1,12.8156994048,2.9068452381
2012-07-19 19:18:23,38426,1,15.407514881,2.59181547619
2012-07-19 19:18:24,38427,1,17.1858630952,1.77834821429
2012-07-19 19:18:25,38428,1,18.0752232143,0.889360119048
2012-07-19 19:18:26,38429,1,18.1329613095,0.0577380952381
2012-07-19 19:18:27,38430,1,17.3741071429,-0.758854166667
2012-07-19 19:18:28,38431,1,15.833110119,-1.54099702381
2012-07-19 19:18:29,38432,1,13.6982886905,-2.13482142857
2012-07-19 19:18:30,38433,1,11.3432291667,-2.35505952381
2012-07-19 19:18:31,38434,1,9.23928571429,-2.10394345238
2012-07-19 19:18:32,38435,1,7.79895833333,-1.44032738095
2012-07-19 19:18:33,38436,1,7.21629464286,-0.582663690476
2012-07-19 19:18:34,38437,1,7.39293154762,0.176636904762
2012-07-19 19:18:35,38438,1,7.97447916667,0.581547619048
2012-07-19 19:18:36,38439,1,8.4787202381,0.504241071429
2012-07-19 19:18:37,38440,1,8.50520833333,0.0264880952381
2012-07-19 19:18:38,38441,1,7.93720238095,-0.568005952381
2012-07-19 19:18:39,38442,1,6.97738095238,-0.959821428571
2012-07-19 19:18:40,38443,1,5.96026785714,-1.01711309524
2012-07-19 19:18:41,38444,1,5.09285714286,-0.867410714286
2012-07-19 19:18:42,38445,1,4.37098214286,-0.721875
2012-07-19 19:18:43,38446,1,3.71897321429,-0.652008928571
2012-07-19 19:18:44,38447,1,3.11205357143,-0.606919642857
2012-07-19 19:18:45,38448,1,2.5212797619,-0.590773809524
2012-07-19 19:18:46,38449,1,1.86436011905,-0.656919642857
2012-07-19 19:18:47,38450,1,1.18415178571,-0.680208333333
2012-07-19 19:18:48,38451,1,0.0,-1.18415178571
